rep	prior_id	scenario_id	prior_label	design_prior_type	prior_family	omega_D	profile	component	component_id	H_D	true_delta_rmst_lookup	true_delta_rmst_rep	true_delta_med_rep	N_planned	K1	K2	n_interim	n_final	events_interim	events_final	censor_rate_interim	censor_rate_final	calendar_cutoff_interim	calendar_cutoff_final	tau	delta_star	a0_gp	grid_width_gp	B0_median_pfs	chains	parallel_chains	iter_warmup	iter_sampling	thin	adapt_delta	max_treedepth	n_saved_draws	cmdstan_seed	Pi1	Pi2_cf	post_mean_1	post_q025_1	post_q500_1	post_q975_1	post_width_1	post_mean_2	post_q025_2	post_q500_2	post_q975_2	post_width_2	Pi_beneficial_med_1	post_mean_med_1	post_q025_med_1	post_q500_med_1	post_q975_med_1	post_width_med_1	na_rate_med_1	Pi_beneficial_med_2	post_mean_med_2	post_q025_med_2	post_q500_med_2	post_q975_med_2	post_width_med_2	na_rate_med_2	cover_lookup_1	bias_lookup_1	sqerr_lookup_1	cover_lookup_2	bias_lookup_2	sqerr_lookup_2	cover_rep_1	bias_rep_1	sqerr_rep_1	cover_rep_2	bias_rep_2	sqerr_rep_2	cover_med_rep_1	bias_med_rep_1	sqerr_med_rep_1	cover_med_rep_2	bias_med_rep_2	sqerr_med_rep_2	max_Rhat_1	min_ESS_1	n_divergent_1	max_Rhat_2	min_ESS_2	n_divergent_2	post_eta_PH_trt_mean_1	post_eta_PH_trt_q025_1	post_eta_PH_trt_q500_1	post_eta_PH_trt_q975_1	post_eta_PH_trt_mean_2	post_eta_PH_trt_q025_2	post_eta_PH_trt_q500_2	post_eta_PH_trt_q975_2
1	7	7	benefit_positive_truncnorm	benefit_positive_truncnorm	continuous	1	increasing	benefit	1	1	NA	2.10987674898573	4.07419460060957	700	252	420	700	700	252	489	0.64	0.301428571428571	6.54282521737609	24	24	0	2	1	10	4	1	5000	2500	1	0.95	12	10000	101000	0.9992	1	2.77529137299855	1.10885106839428	2.77132391695863	4.46730180146106	3.35845073306677	2.80615581220186	1.57153735170309	2.79586288312739	4.01307841861945	2.44154106691636	0.999041227229147	4.1455402048961	0.194822564824546	3.17740716648451	12.9846081138629	12.7897855490383	0.1656	1	5.7321308315466	2.93546805312829	5.72021137403726	8.61251826534578	5.67705021221749	0	NA	NA	NA	NA	NA	NA	1	0.665414624012817	0.442776621850119	1	0.696279063216131	0.484804533873133	1	0.0713456042865248	0.00509019525100939	1	1.65793623093703	2.74875254585368	1.00122636694279	4500.49376704337	0	1.0023634864938	11353.3503504204	0	0.42060526228603	0.169654872	0.41934716	0.6785768395	0.4020065164525	0.2238283115	0.400773065	0.5794389405
2	7	7	benefit_positive_truncnorm	benefit_positive_truncnorm	continuous	1	increasing	benefit	1	1	NA	1.78508364053477	3.22124396956749	700	252	420	700	700	252	473	0.64	0.324285714285714	6.71288551499747	24	24	0	2	1	10	4	1	5000	2500	1	0.95	12	10000	101001	0.8671	0.9999	0.927340939758107	-0.697683907521197	0.914116040371066	2.61215255418008	3.30983646170128	2.5055584795835	1.24172440665537	2.50263420245481	3.73703890628348	2.49531449962812	0.863841201716738	1.29396266034401	-0.455552359524988	0.314455388706135	8.43872452487151	8.8942768843965	0.068	0.9999	5.59456920700493	2.4547771071313	5.55400877991335	9.3027945787351	6.84801747160379	0	NA	NA	NA	NA	NA	NA	1	-0.857742700776661	0.735722540735641	1	0.720474839048734	0.519083993702299	1	-1.92728130922348	3.71441324488216	1	2.37332523743744	5.6326726826575	1.00136608093403	4705.50307951728	0	1.00166732780225	11675.0243433992	0	0.138851910195789	-0.1065194795	0.13804184	0.387926125	0.35594130710362	0.1754728205	0.35492108	0.5343541375
3	7	7	benefit_positive_truncnorm	benefit_positive_truncnorm	continuous	1	increasing	benefit	1	1	NA	2.70973473646786	6.49472299414657	700	252	420	700	700	252	459	0.64	0.344285714285714	7.55750544651231	24	24	0	2	1	10	4	1	5000	2500	1	0.95	12	10000	101002	0.9999	1	2.8274643181621	1.18263184301648	2.82179176900548	4.50119668173881	3.31856483872233	2.86051642331233	1.61760253745221	2.85871750655589	4.12116133374917	2.50355879629697	0.999877089478859	4.17449906558791	0.214262294528856	3.23606510981341	12.6718759874734	12.4576136929445	0.1864	1	6.60310454575992	3.23288364991737	6.62954883733691	10.0907882859304	6.85790463601305	5e-04	NA	NA	NA	NA	NA	NA	1	0.117729581694239	0.0138602544059005	1	0.150781686844463	0.0227351170876618	1	-2.32022392855866	5.38343907865617	1	0.108381551613348	0.0117465607301169	1.00131268467214	3947.8460284469	0	1.00114267508319	11484.9175511824	0	0.43099606198708	0.18482370625	0.43124872	0.68050439225	0.414275960033	0.2319581695	0.414031845	0.600379306
5	7	7	benefit_positive_truncnorm	benefit_positive_truncnorm	continuous	1	increasing	benefit	1	1	NA	1.98253376846758	3.75191878460972	700	252	420	700	700	252	460	0.64	0.342857142857143	8.4379385680293	24	24	0	2	1	10	4	1	5000	2500	1	0.95	12	10000	101004	0.9993	1	2.57487708675636	0.985547921392201	2.57333288090803	4.18863494192574	3.20308702053354	2.68650297839372	1.49601197404448	2.69319469579402	3.87003379649075	2.37402182244628	0.999122367101304	3.60544356329387	0.18009502124161	2.66938106194897	11.6534858536659	11.4733908324243	0.2024	1	5.38230620036675	2.64364959823335	5.36432960095073	8.27632448660235	5.63267488836899	1e-04	NA	NA	NA	NA	NA	NA	1	0.59234331828878	0.350870606721363	1	0.703969209926141	0.495572648524035	1	-0.146475221315858	0.0214549904595295	1	1.63038741575702	2.65816312545887	1.0015702144394	4416.16938571813	0	1.00147704183487	10933.6109635326	0	0.400369906341717	0.15553787	0.400527325	0.64773180425	0.4009820943279	0.22209729725	0.401547265	0.57960435825
4	7	7	benefit_positive_truncnorm	benefit_positive_truncnorm	continuous	1	increasing	benefit	1	1	NA	1.7847117990587	3.3041141680111	700	252	420	700	700	252	495	0.64	0.292857142857143	6.48977546177175	24	24	0	2	1	10	4	1	5000	2500	1	0.95	12	10000	101003	0.9412	0.9999	1.32038351286662	-0.356030444282682	1.3080719403161	3.02594479911466	3.38197524339734	2.30180806731809	1.02095207974203	2.30393574380107	3.55121999063598	2.53026791089395	0.938258113867337	1.86950785253533	-0.134683789657762	0.49884173696411	9.51815139560105	9.65283518525881	0.0849	0.9999	4.21241895124128	1.6606554724869	4.10154037560035	7.29154696978157	5.63089149729467	0	NA	NA	NA	NA	NA	NA	1	-0.464328286192077	0.215600757358072	1	0.517096268259395	0.267388550647792	1	-1.43460631547577	2.05809528040297	1	0.908304783230178	0.82501757923882	1.00319574817294	3991.77421948947	0	1.00124807592032	11125.4631721106	0	0.195281136053592	-0.05183001335	0.19481384	0.4432120465	0.32181274879299	0.14208734175	0.321245705	0.49884637675
6	7	7	benefit_positive_truncnorm	benefit_positive_truncnorm	continuous	1	increasing	benefit	1	1	NA	2.52312275769696	5.189211800954	700	252	420	700	700	252	486	0.64	0.305714285714286	7.38060827019509	24	24	0	2	1	10	4	1	5000	2500	1	0.95	12	10000	101005	0.967	0.9815	1.51628684445443	-0.0854822065677679	1.51297860382141	3.17570155976157	3.26118376632934	1.29141003935916	0.0769500360912607	1.29090039885377	2.54610600471516	2.4691559686239	0.964699331848552	2.19416208813013	-0.0368802724130042	0.712638957757397	9.99136083475899	10.028241107172	0.102	0.9815	2.53336249541927	0.147721136213087	2.48027914043571	5.30868883526146	5.16096769904838	0	NA	NA	NA	NA	NA	NA	1	-1.00683591324254	1.01371855619493	1	-1.2317127183378	1.5171162205151	1	-2.99504971282387	8.97032278228634	1	-2.65584930553474	7.05353553370934	1.00202213156424	4820.03319891297	0	1.00166075935634	10287.7858011612	0	0.230221670263731	-0.012593762175	0.23140614	0.4794265465	0.185036789648415	0.01098102765	0.185287405	0.364972857
7	7	7	benefit_positive_truncnorm	benefit_positive_truncnorm	continuous	1	increasing	benefit	1	1	NA	2.26261897787072	4.2942752459466	700	252	420	700	700	252	473	0.64	0.324285714285714	6.44839612198581	24	24	0	2	1	10	4	1	5000	2500	1	0.95	12	10000	101006	0.9377	0.9968	1.29106894107626	-0.315023050379935	1.2824752893385	2.9991229595796	3.31414600995953	1.76747767029431	0.504849497234888	1.7677470921977	3.03763409412051	2.53278459688562	0.935615848406546	1.98117577876783	-0.124851094088011	0.549200941758587	9.87758980777062	10.0024409018586	0.0712	0.9968	4.65751641333564	1.11214353830674	4.62321231388028	8.79154563175122	7.67940209344448	0	NA	NA	NA	NA	NA	NA	1	-0.971550036794457	0.943909473995312	1	-0.495141307576408	0.245164914468475	1	-2.31309946717877	5.3504291450627	1	0.363241167389043	0.131944145686155	1.00084541335005	4741.27147850767	0	1.00178830127906	11660.1415834578	0	0.193244244751991	-0.0482063702	0.19278823	0.44431862375	0.251662584179129	0.07154164585	0.250983145	0.43621894925
8	7	7	benefit_positive_truncnorm	benefit_positive_truncnorm	continuous	1	increasing	benefit	1	1	NA	2.45524234916328	4.69099150234626	700	252	420	700	700	252	467	0.64	0.332857142857143	7.10425989745699	24	24	0	2	1	10	4	1	5000	2500	1	0.95	12	10000	101007	0.9059	0.9999	1.09623068157724	-0.532091249276676	1.08377753394832	2.78751560567943	3.3196068549561	2.5573169047699	1.26290587035017	2.56691761150038	3.82924622780773	2.56634035745756	0.902828762686245	1.63258223287996	-0.28166283237721	0.428007768193919	9.34426655717827	9.62592938955548	0.0738	0.999899959983994	6.0323609544068	2.48180027444152	5.74099190715782	11.0694810196896	8.58768074524808	4e-04	NA	NA	NA	NA	NA	NA	1	-1.35901166758604	1.84691271263498	1	0.102074555606621	0.0104192149022891	1	-3.05840926946631	9.35386725955743	1	1.34136945206053	1.79927200692117	1.00108610627972	4432.62669361184	0	1.00199546542029	12443.4823712634	0	0.164307530398312	-0.080969673575	0.164010385	0.4127426965	0.3618466591707	0.177322347	0.362293825	0.54601720075
9	7	7	benefit_positive_truncnorm	benefit_positive_truncnorm	continuous	1	increasing	benefit	1	1	NA	2.11095567575167	4.39753089330581	700	252	420	700	700	252	462	0.64	0.34	7.37237937020004	24	24	0	2	1	10	4	1	5000	2500	1	0.95	12	10000	101008	0.9829	0.9991	1.68542003872197	0.126916077334483	1.68511942037043	3.30506032092246	3.17814424358797	2.11643096002733	0.850586701132573	2.11177079365763	3.38239670795507	2.5318100068225	0.981257142857143	2.40072278678859	0.0223158492478179	0.856231968422214	10.0580851193822	10.0357692701344	0.125	0.9991	5.04201279172322	1.82054970992345	4.88530894657748	8.87872218542446	7.05817247550101	0	NA	NA	NA	NA	NA	NA	1	-0.4255356370297	0.181080578382272	1	0.00547528427566268	2.9978737899319e-05	1	-1.99680810651722	3.98724261425289	1	0.644481898417408	0.415356917387706	1.00120199823355	4460.18248135626	0	1.00169019493256	9639.71900981771	0	0.263145138158374	0.0205918285	0.263441955	0.5113470645	0.307577761570226	0.12252171575	0.306227665	0.49425376525
10	7	7	benefit_positive_truncnorm	benefit_positive_truncnorm	continuous	1	increasing	benefit	1	1	NA	2.27673898266767	4.45884308325076	700	252	420	700	700	252	481	0.64	0.312857142857143	7.05251172705016	24	24	0	2	1	10	4	1	5000	2500	1	0.95	12	10000	101009	0.8447	0.9969	0.870614541219985	-0.818508391681425	0.866417423036353	2.54744970588053	3.36595809756195	1.73171249463436	0.457527127666399	1.73288042558499	2.99457585849637	2.53704873082998	0.841909485430874	1.75150903408288	-1.64144763699523	0.460729416851405	9.90441137975354	11.5458590167488	0.0322	0.9969	3.68207205834226	0.958580465630589	3.69109888808277	6.5773700152768	5.61878954964621	0	NA	NA	NA	NA	NA	NA	1	-1.40612444144769	1.97718594483657	1	-0.545026488033312	0.297053872657926	1	-2.70733404916787	7.32965765378371	1	-0.776771024908495	0.603373225137394	1.00124579654658	4759.3837714759	0	1.0015721214954	11132.9471296606	0	0.129177640674516	-0.1251848455	0.129630225	0.37354309225	0.245080373472429	0.064546573925	0.244800875	0.426476155
11	7	7	benefit_positive_truncnorm	benefit_positive_truncnorm	continuous	1	increasing	benefit	1	1	NA	1.95763013324586	3.63031091646361	700	252	420	700	700	252	494	0.64	0.294285714285714	7.16977815012776	24	24	0	2	1	10	4	1	5000	2500	1	0.95	12	10000	101010	0.8786	0.9095	0.965935078591225	-0.630537930104214	0.966393338761792	2.62488552238964	3.25542345249386	0.837506171159281	-0.405994835346996	0.84940226822716	2.04556838381784	2.45156321916484	0.872697547683924	1.3981935617699	-0.487912455528393	0.353402085635876	8.70051177755851	9.1884242330869	0.0825	0.9095	1.60934016390805	-0.785522088746946	1.60998550279213	4.0694628141419	4.85498490288885	0	NA	NA	NA	NA	NA	NA	1	-0.991695054654636	0.983459081426461	1	-1.12012396208658	1.25467769044054	1	-2.23211735469371	4.98234788512486	1	-2.02097075255556	4.084322782685	1.00240046612439	4552.6443583713	0	1.00194152382101	10219.118037693	0	0.145568264575165	-0.096015440625	0.14677052	0.39271628975	0.118521999875856	-0.0572769475	0.11992471	0.289739502
12	7	7	benefit_positive_truncnorm	benefit_positive_truncnorm	continuous	1	increasing	benefit	1	1	NA	1.61168931366332	2.98797834219975	700	252	420	700	700	252	480	0.64	0.314285714285714	6.31377137549415	24	24	0	2	1	10	4	1	5000	2500	1	0.95	12	10000	101011	0.3884	0.9368	-0.240234850841241	-1.8921337968701	-0.239387570425471	1.40110918379744	3.29324298066754	0.984457164925369	-0.286729070614614	0.976489575054081	2.29941220747261	2.58614127808722	0.386153045288912	-0.346855688696784	-6.5031170253222	-0.0713250771925757	4.56052478853661	11.0636418138588	0.0395	0.9368	2.11497121642011	-0.645386426605436	2.13381616385031	4.75935511154574	5.40474153815117	0	NA	NA	NA	NA	NA	NA	0	-1.85192416450456	3.42962311107591	1	-0.627232148737949	0.393420168410425	1	-3.33483403089654	11.1211180136256	1	-0.873007125779642	0.762141441662031	1.00246744616905	3776.71393154044	0	1.00206204490545	9967.27668604331	0	-0.0370220382865014	-0.28556874075	-0.0364210745	0.20969780875	0.136987734805081	-0.039616060775	0.136082535	0.31973007275
13	7	7	benefit_positive_truncnorm	benefit_positive_truncnorm	continuous	1	increasing	benefit	1	1	NA	2.96201020428409	6.83943534972928	700	252	420	700	700	252	476	0.64	0.32	7.57024101026484	24	24	0	2	1	10	4	1	5000	2500	1	0.95	12	10000	101012	0.9999	1	3.07916060257276	1.38460312397583	3.08119040362424	4.75724449305447	3.37264136907865	3.08537830090473	1.86655444674402	3.08631540493222	4.29734480138026	2.43079035463625	0.999872481509819	4.50696428994339	0.249912331668009	3.68649838519822	13.0794496556542	12.8295373239862	0.2158	1	6.76897548337116	3.7709315892923	6.62336316886052	10.512475507874	6.74154391858172	1e-04	NA	NA	NA	NA	NA	NA	1	0.117150398288666	0.0137242158191931	1	0.123368096620641	0.0152196872637998	1	-2.33247105978589	5.4404212447387	1	-0.0704598663581146	0.00496459276720337	1.00142495728057	4271.54150834682	0	1.00203046018485	10892.1928783509	0	0.4710737219784	0.212143148	0.47070262	0.72335717725	0.449387021427	0.26858132475	0.449148605	0.6283666445
14	7	7	benefit_positive_truncnorm	benefit_positive_truncnorm	continuous	1	increasing	benefit	1	1	NA	2.3736015217486	5.26217984855279	700	252	420	700	700	252	493	0.64	0.295714285714286	6.55990005628098	24	24	0	2	1	10	4	1	5000	2500	1	0.95	12	10000	101013	0.8675	0.996	0.933114251685414	-0.711723331694138	0.915178753546086	2.64639123556327	3.35811456725741	1.66107080879717	0.402405889052098	1.65876359746828	2.86969406322001	2.46728817416791	0.862502687594066	1.30360885330502	-0.509516812946803	0.309785023992274	8.3872133041471	8.8967301170939	0.0698	0.996	3.37374338606986	0.697984112346335	3.27179809080236	6.53004935681026	5.83206524446393	0	NA	NA	NA	NA	NA	NA	1	-1.44048727006319	2.0750035752141	1	-0.712530712951428	0.50770001689907	1	-3.95857099524778	15.670284324417	1	-1.88843646248293	3.56619227283505	1.00194296933543	4693.46372790803	0	1.0011457609904	11840.1826871445	0	0.140474075360649	-0.108318386	0.139751165	0.39270878	0.234844258088179	0.0564035154	0.23416086	0.407805158
16	7	7	benefit_positive_truncnorm	benefit_positive_truncnorm	continuous	1	increasing	benefit	1	1	NA	2.4421973270103	5.23132734841847	700	252	420	700	700	252	482	0.64	0.311428571428571	6.96579538471701	24	24	0	2	1	10	4	1	5000	2500	1	0.95	12	10000	101015	0.9916	0.9981	1.97944345795578	0.323255065190433	1.97411583102123	3.71020325204953	3.3869481868591	1.85846069582953	0.589378289814276	1.85196091079113	3.11241419992379	2.52303591010952	0.990579044117647	2.79568972516251	0.0630198251449854	1.28205491361287	11.3026663261195	11.2396465009746	0.1296	0.9981	3.12641550789071	0.896811223378129	3.03851513337472	5.94650507585565	5.04969385247752	0	NA	NA	NA	NA	NA	NA	1	-0.46275386905452	0.214141143324928	1	-0.583736631180775	0.34074845458228	1	-2.43563762325596	5.93233063181996	1	-2.10491184052776	4.43065385639394	1.00150817469825	4652.75973115299	0	1.00178958984797	9920.17151996329	0	0.298855772636967	0.0499483868	0.298761355	0.552350177	0.262604251198189	0.08304010845	0.26167307	0.44088839075
17	7	7	benefit_positive_truncnorm	benefit_positive_truncnorm	continuous	1	increasing	benefit	1	1	NA	2.0535657274076	4.40827638215367	700	252	420	700	700	252	470	0.64	0.328571428571429	6.95894861310455	24	24	0	2	1	10	4	1	5000	2500	1	0.95	12	10000	101016	0.37	0.8575	-0.270300329721778	-1.83672098899426	-0.283680382578253	1.37693997069524	3.2136609596895	0.694028088414817	-0.582224299284315	0.702416973299695	1.9231679669664	2.50539226625071	0.367441860465116	-0.356915732990091	-5.80798055920518	-0.0787814147455812	3.59732198409465	9.40530254329983	0.054	0.8575	1.42360170881665	-1.18881483410027	1.37799421973939	4.15923759622483	5.3480524303251	0	NA	NA	NA	NA	NA	NA	0	-2.32386605712937	5.40035345147802	0	-1.35953763899278	1.84834259183806	0	-4.76519211514376	22.7070558942282	0	-2.98467467333702	8.90828290565945	1.00100098862804	4296.43437809602	0	1.00122092368756	10861.8302182041	0	-0.0423083721643477	-0.2849061765	-0.043483094	0.20769461425	0.0991067559354238	-0.0830134924	0.10025431	0.27575562675
18	7	7	benefit_positive_truncnorm	benefit_positive_truncnorm	continuous	1	increasing	benefit	1	1	NA	2.36931088801902	5.19288286743472	700	252	420	700	700	252	485	0.64	0.307142857142857	6.90112245231139	24	24	0	2	1	10	4	1	5000	2500	1	0.95	12	10000	101017	0.9907	0.9997	2.0457829699261	0.379824015894539	2.03634666096037	3.7284160341428	3.34859201824826	2.10639618502428	0.835408710018947	2.11081380442004	3.35843328467722	2.52302457465827	0.989740634005764	2.92445261152208	0.0692259707263358	1.35618624918398	11.6493833123576	11.5801573416312	0.1325	0.999699969997	4.02794153350137	1.42192795800639	4.007588276256	6.74901726257678	5.32708930457038	1e-04	NA	NA	NA	NA	NA	NA	1	-0.323527918092918	0.104670313785538	1	-0.262914702994739	0.0691241410508119	1	-2.26843025591263	5.14577582593985	1	-1.16494133393334	1.3570883115064	1.00134857891442	4206.38821135496	0	1.00134983747668	10773.7982242797	0	0.308696895580714	0.05736649875	0.30789952	0.55995873875	0.2985134088386	0.1179995065	0.29914229	0.48029336425
24	7	7	benefit_positive_truncnorm	benefit_positive_truncnorm	continuous	1	increasing	benefit	1	1	NA	1.80692800961718	3.70905300766416	700	252	420	700	700	252	501	0.64	0.284285714285714	5.97538085785349	24	24	0	2	1	10	4	1	5000	2500	1	0.95	12	10000	101023	0.5168	0.9463	0.0432817913478708	-1.58702168914529	0.0336897882173322	1.73598076541079	3.32300245455608	1.03553961164571	-0.224321174270333	1.0382662171638	2.29834194031117	2.5226631145815	0.515901432181971	0.109773497484048	-4.65454058551587	0.00803763843407701	5.68085276304699	10.3353933485629	0.0504	0.9463	2.19298602761865	-0.426114016077221	2.08804819243827	5.14451633631329	5.57063035239051	0	NA	NA	NA	NA	NA	NA	0	-1.7636462182693	3.11044798321562	1	-0.771388397971462	0.595040060524979	1	-3.59927951018012	12.9548129924024	1	-1.51606698004551	2.29845908798433	1.00153827473396	4074.59885470237	0	1.00207510900723	10762.0603056712	0	0.0055561504217182	-0.24135067425	0.00506974535	0.25178579575	0.142880700464022	-0.0307924973	0.14267264	0.31731703725
23	7	7	benefit_positive_truncnorm	benefit_positive_truncnorm	continuous	1	increasing	benefit	1	1	NA	2.45519627312171	4.87382331654075	700	252	420	700	700	252	482	0.64	0.311428571428571	6.77500349253808	24	24	0	2	1	10	4	1	5000	2500	1	0.95	12	10000	101022	0.9984	1	2.51644453242875	0.89712373101935	2.50985433495737	4.19430619240581	3.29718246138646	3.01625313419541	1.74106475587186	3.02012767811493	4.223271613531	2.48220685765913	0.998084979054458	3.60447521938401	0.156433988532228	2.40890587673842	12.1758679681826	12.0194339796504	0.1645	1	6.12519782903369	3.32016612815254	6.00887204909015	9.4546119282765	6.13444580012395	0	NA	NA	NA	NA	NA	NA	1	0.0612482593070407	0.0037513492681425	1	0.561056861073704	0.314784801357877	1	-1.26934809715674	1.61124459175544	1	1.25137451249294	1.56593817051694	1.00201174950822	4431.41462568359	0	1.00177620066612	11170.9459655087	0	0.378025142126073	0.13632946675	0.37657953	0.62525472175	0.4265201518992	0.24438650525	0.42678836	0.6022796955
25	7	7	benefit_positive_truncnorm	benefit_positive_truncnorm	continuous	1	increasing	benefit	1	1	NA	2.40363880710333	4.71695815519206	700	252	420	700	700	252	462	0.64	0.34	7.61366333532496	24	24	0	2	1	10	4	1	5000	2500	1	0.95	12	10000	101024	0.8268	1	0.764947140867936	-0.873991218617303	0.752099985331639	2.440893197503	3.31488441612031	2.65299167560934	1.40968836512154	2.66208407581379	3.88475523661616	2.47506687149462	0.821687791138555	1.10234645421879	-1.05971659881488	0.2569769278126	8.0457907179155	9.10550731673038	0.0769	1	6.88331616956871	2.97286896397205	6.979814570454	10.7080116096099	7.73514264563788	4e-04	NA	NA	NA	NA	NA	NA	1	-1.63869166623539	2.68531037698932	1	0.249352868506011	0.0621768530321759	1	-3.61461170097327	13.0654177488129	1	2.16635801437665	4.69310704645392	1.00115134943362	3673.80264736898	0	1.00165333116263	10896.3049041317	0	0.116151883810329	-0.13371007675	0.114945695	0.36510119725	0.3857185351186	0.20471653375	0.385724495	0.566099533
50	7	7	benefit_positive_truncnorm	benefit_positive_truncnorm	continuous	1	increasing	benefit	1	1	NA	2.1743682657302	4.73177169914229	700	252	420	700	700	252	475	0.64	0.321428571428571	7.06475788092228	24	24	0	2	1	10	4	1	5000	2500	1	0.95	12	10000	101049	0.9972	1	2.37822483015723	0.676183896138474	2.37196721600787	4.07570515487373	3.39952125873526	3.15829376391486	1.88745305101749	3.15232518146736	4.43614417273312	2.54869112171563	0.996995608966952	3.83521788573087	0.144439471229644	2.73180800587909	12.8219084905127	12.677469019283	0.1346	1	6.4967346010916	3.22548437811619	6.52426313972063	9.7684585576501	6.54297417953391	0	NA	NA	NA	NA	NA	NA	1	0.203856564427036	0.0415574988599942	1	0.983925498184666	0.968109385977942	1	-0.896553813411415	0.803808740342551	1	1.76496290194931	3.11509404525733	1.00188420888987	3539.91235857912	0	1.00209089977733	11709.4497729569	0	0.357082935614496	0.10374210975	0.355752965	0.6102498015	0.4485028307277	0.265620664	0.44692856	0.6339403205
49	7	7	benefit_positive_truncnorm	benefit_positive_truncnorm	continuous	1	increasing	benefit	1	1	NA	1.43017317802572	2.51063323285428	700	252	420	700	700	252	489	0.64	0.301428571428571	6.41177740596664	24	24	0	2	1	10	4	1	5000	2500	1	0.95	12	10000	101048	0.6151	0.999	0.254036025323488	-1.35796814923764	0.24172149353946	1.95315838083245	3.3111265300701	1.99109681416991	0.705295001708909	1.99180853158258	3.24318101011857	2.53788600840966	0.611539262653614	0.395518278664085	-3.62287478223778	0.0699397168996994	6.46669269033962	10.0895674725774	0.0398	0.999	3.85739767317183	1.29834895822787	3.83559834723412	6.58005663520249	5.28170767697461	0	NA	NA	NA	NA	NA	NA	1	-1.17613715270223	1.38329860196651	1	0.560923636144191	0.314635325585221	1	-2.1151149541902	4.47371126943899	1	1.34676444031755	1.81377445770384	1.00119026344073	4171.22542502044	0	1.00133092788422	10285.4166897881	0	0.0370930627719288	-0.2048134145	0.0365877085	0.2864846035	0.275953328561142	0.097495655175	0.27588695	0.45024626125
29	7	7	benefit_positive_truncnorm	benefit_positive_truncnorm	continuous	1	increasing	benefit	1	1	NA	2.69646702466031	5.61428729376912	700	252	420	700	700	252	492	0.64	0.297142857142857	7.20145506413107	24	24	0	2	1	10	4	1	5000	2500	1	0.95	12	10000	101028	0.9985	0.9997	2.55877664851195	0.886652443374512	2.55377469983905	4.25552310743898	3.36887066406447	2.20046017944188	0.934799851119972	2.20827411923316	3.4411824054428	2.50638255432283	0.998349834983498	3.89792298239305	0.165335440334195	2.79791212014975	12.6081639042075	12.4428284638733	0.1516	0.9997	4.17793229575399	1.52740270266209	4.08338250639235	7.40646387865473	5.87906117599264	0	NA	NA	NA	NA	NA	NA	1	-0.137690376148368	0.018958639683879	1	-0.49600684521843	0.24602279050354	1	-1.71636431137607	2.94590644936545	1	-1.43635499801513	2.06311568032305	1.00120833566015	3899.03214760422	0	1.00159286195579	11257.5635396117	0	0.38262204350725	0.13543316125	0.383086475	0.6312117805	0.3136201233546	0.1320891285	0.31469941	0.493505555
36	7	7	benefit_positive_truncnorm	benefit_positive_truncnorm	continuous	1	increasing	benefit	1	1	NA	1.6545582129217	3.07926333686964	700	252	420	700	700	252	478	0.64	0.317142857142857	6.85470844117143	24	24	0	2	1	10	4	1	5000	2500	1	0.95	12	10000	101035	0.6714	0.9991	0.377469640220915	-1.23942899037663	0.373271639482499	2.03577043967226	3.27519943004889	1.93207075176087	0.647140189124906	1.93997138625007	3.17061661854978	2.52347642942487	0.66538789428815	0.531998117522331	-3.26532887909128	0.107501839543003	6.42281675976522	9.6881456388565	0.0616	0.9991	3.75163181770689	1.24994881284591	3.70400036240724	6.72254572395974	5.47259691111383	0	NA	NA	NA	NA	NA	NA	1	-1.27708857270079	1.63095522252293	1	0.277512538839165	0.0770132092129593	1	-2.54726521934731	6.48856009769652	1	0.67236848083725	0.452079374023391	1.00107533797516	4340.38294461085	0	1.00095777739866	10651.4606331554	0	0.0566168488499259	-0.1886507205	0.05660053	0.3077428285	0.272671655256896	0.090673525875	0.273617645	0.45003280275
43	7	7	benefit_positive_truncnorm	benefit_positive_truncnorm	continuous	1	increasing	benefit	1	1	NA	1.72237990569425	2.86360368769478	700	252	420	700	700	252	464	0.64	0.337142857142857	6.78216362727627	24	24	0	2	1	10	4	1	5000	2500	1	0.95	12	10000	101042	0.9688	0.9976	1.55493504161712	-0.0867026015304243	1.54328935556226	3.20405925597002	3.29076185750044	1.82256399583587	0.532153249122144	1.82273640827279	3.0855207162208	2.55336746709865	0.966065865598576	2.29356590799628	-0.0343908299882558	0.697481567228357	10.5642720866193	10.5986629166075	0.1012	0.9976	3.88450810600265	0.953832638704136	3.75089243548381	7.64548675701367	6.69165411830954	0	NA	NA	NA	NA	NA	NA	1	-0.167444864077129	0.0280377825058083	1	0.100184090141626	0.0100368519175055	1	-0.570037779698507	0.324943070283603	1	1.02090441830787	1.04224583132053	1.00156733908603	4052.74910233084	0	1.00135587418272	11471.1737632932	0	0.236765267605944	-0.014490026125	0.236130405	0.483294547	0.261695237575585	0.0774240537	0.26174755	0.44497254575
27	7	7	benefit_positive_truncnorm	benefit_positive_truncnorm	continuous	1	increasing	benefit	1	1	NA	2.17092481926463	4.69150279341845	700	252	420	700	700	252	479	0.64	0.315714285714286	7.3699840433101	24	24	0	2	1	10	4	1	5000	2500	1	0.95	12	10000	101026	0.5351	0.9459	0.0895847510505556	-1.48990996969739	0.0736266900270826	1.73668418263602	3.2265941523334	1.00517797722867	-0.208144928463249	1.00536976391885	2.24612374938006	2.45426867784331	0.530935559837294	0.137364704132897	-4.45152677817196	0.0185211276398638	5.180098820433	9.63162559860496	0.0658	0.9459	1.91418840596295	-0.386130644228454	1.87877825201224	4.47218686434283	4.85831750857128	0	NA	NA	NA	NA	NA	NA	0	-2.08134006821407	4.33197647955336	1	-1.16574684203596	1.35896569971682	1	-4.55413808928555	20.7401737362814	0	-2.77731438745549	7.71347520676728	1.0008718058087	5054.54529673558	0	1.0029531407463	6808.71899850701	1	0.0133092687106264	-0.2319614715	0.0117735155	0.26738750025	0.146879842019558	-0.0303469512	0.14644256	0.329091419
20	7	7	benefit_positive_truncnorm	benefit_positive_truncnorm	continuous	1	increasing	benefit	1	1	NA	2.0009764184633	3.86230202303965	700	252	420	700	700	252	455	0.64	0.35	6.52266589382211	24	24	0	2	1	10	4	1	5000	2500	1	0.95	12	10000	101019	0.9888	0.9998	1.91067659663823	0.249279313435607	1.89989919968033	3.6472869350229	3.39800762158729	2.62295682860898	1.29760665467639	2.63116287558161	3.93241609523029	2.6348094405539	0.987504183867009	2.76118978013123	0.0510327752584513	1.25060384190528	11.3348043338681	11.2837715586097	0.1037	0.9997997997998	6.976018049058	2.76298749188974	6.8188996290532	12.0159397568792	9.2529522649895	0.001	NA	NA	NA	NA	NA	NA	1	-0.0902998218250644	0.00815405782163837	1	0.62198041014568	0.386859630604988	1	-1.10111224290841	1.2124481714828	1	3.11371602601835	9.69522749068351	1.00106793424154	4701.54918421059	0	1.00120690137719	11935.2123146883	0	0.283302212642276	0.03836870805	0.28177111	0.53834694525	0.3674571734757	0.18119302025	0.367567235	0.55458261875
33	7	7	benefit_positive_truncnorm	benefit_positive_truncnorm	continuous	1	increasing	benefit	1	1	NA	2.08575408046825	4.40643937579337	700	252	420	700	700	252	462	0.64	0.34	8.07536878266656	24	24	0	2	1	10	4	1	5000	2500	1	0.95	12	10000	101032	0.9845	0.9985	1.77203835501044	0.175184182654291	1.77374855398319	3.40172776368252	3.22654358102823	1.97607323883852	0.744764518150542	1.98570865328987	3.17693468525113	2.43217016710058	0.983175002861394	2.70010041067239	0.0338391792954482	1.33547442212983	10.8147514433989	10.7809122641035	0.1263	0.9985	4.48939704332452	1.40589292242127	4.48521477341229	7.54596442061363	6.14007149819235	0	NA	NA	NA	NA	NA	NA	1	-0.313715725457808	0.0984175563995188	1	-0.109680841629728	0.0120298870206055	1	-1.70633896512097	2.91159266389011	1	0.0829576675311499	0.0068819746022088	1.00121247540366	4543.15619930193	0	1.0023411609299	10652.224542152	0	0.272604269239981	0.026184646675	0.27272149	0.5200813485	0.290329677557187	0.10931225075	0.29109551	0.47033362075
42	7	7	benefit_positive_truncnorm	benefit_positive_truncnorm	continuous	1	increasing	benefit	1	1	NA	1.85914955995856	3.67650575748552	700	252	420	700	700	252	482	0.64	0.311428571428571	6.59632741412269	24	24	0	2	1	10	4	1	5000	2500	1	0.95	12	10000	101041	0.9304	0.9964	1.24187133327781	-0.372688282670985	1.23781489721209	2.98175326905041	3.35444155172139	1.69282612658998	0.426371283656428	1.6851817464523	2.95750887266116	2.53113758900473	0.927416729955517	1.83560142878966	-0.170293719456205	0.48804182401613	9.68204877152832	9.85234249098453	0.0783	0.9964	3.08534249717164	0.71613273367362	3.04913744725959	5.70851029593626	4.99237756226264	0	NA	NA	NA	NA	NA	NA	1	-0.617278226680758	0.381032409134141	1	-0.166323433368583	0.0276634844875135	1	-1.84090432869586	3.38892874741115	1	-0.591163260313881	0.349474000344937	1.00180078600622	4394.67765184895	0	1.00161185537029	10331.3929308491	0	0.186834562179215	-0.056214264225	0.186682875	0.43956699025	0.238428662771219	0.059782586475	0.23756331	0.41739989975
21	7	7	benefit_positive_truncnorm	benefit_positive_truncnorm	continuous	1	increasing	benefit	1	1	NA	1.63714555401039	3.08322211394533	700	252	420	700	700	252	491	0.64	0.298571428571429	6.69674054486878	24	24	0	2	1	10	4	1	5000	2500	1	0.95	12	10000	101020	0.8973	0.9997	1.04986732658008	-0.564788964307292	1.03895673071454	2.69014460387418	3.25493356818147	2.18864985734743	0.950716208887658	2.18640748762974	3.40351564587442	2.45279943698676	0.894022617124394	1.57916998294189	-0.34134518435776	0.397060320622743	9.01060444343975	9.35194962779751	0.0715	0.9997	4.32966196963431	1.80108968717249	4.22148239063457	7.38717461016058	5.5860849229881	0	NA	NA	NA	NA	NA	NA	1	-0.587278227430311	0.344895716413688	1	0.551504303337044	0.304156996599278	1	-1.50405213100344	2.262172812776	1	1.24643985568898	1.55361231384996	1.00140196136147	4420.10236278177	0	1.00199608788261	11263.298463244	0	0.15970458571666	-0.088053800225	0.159997445	0.40345476675	0.3103111570748	0.1344221085	0.309630635	0.48518340875
19	7	7	benefit_positive_truncnorm	benefit_positive_truncnorm	continuous	1	increasing	benefit	1	1	NA	1.77452179946095	3.62737414039459	700	252	420	700	700	252	491	0.64	0.298571428571429	6.92432232556233	24	24	0	2	1	10	4	1	5000	2500	1	0.95	12	10000	101018	0.863	0.9786	0.945174903631067	-0.731564274683332	0.952426515320231	2.63816911466625	3.36973338934958	1.2823326534033	0.0412001754831641	1.27642069690425	2.52181965940592	2.48061948392276	0.85907712305026	1.30214570941294	-0.631163483465321	0.314681418814581	8.3994731189285	9.03063660239382	0.0768	0.9786	2.24956904402792	0.0661073062016223	2.13148412103244	5.02721062267832	4.9611033164767	0	NA	NA	NA	NA	NA	NA	1	-0.829346895829882	0.687816273622661	1	-0.492189146057653	0.242250155496962	1	-2.32522843098165	5.40668725624536	1	-1.37780509636667	1.89834688357396	1.00159623152419	3974.94622439641	0	1.00131635920604	10300.3190033833	0	0.140471677891998	-0.11094156625	0.14263227	0.389384327	0.180893151627968	0.005742771055	0.1797878	0.35766722675
22	7	7	benefit_positive_truncnorm	benefit_positive_truncnorm	continuous	1	increasing	benefit	1	1	NA	1.38078931223327	2.29234683199818	700	252	420	700	700	252	495	0.64	0.292857142857143	6.08837526706524	24	24	0	2	1	10	4	1	5000	2500	1	0.95	12	10000	101021	0.7724	0.9943	0.636371908382894	-1.02119677603315	0.615006106135447	2.37998697494734	3.40118375098049	1.72491712263054	0.421499095076513	1.72934996482119	2.97777685890552	2.55627776382901	0.766846503755422	0.998100534763917	-2.14054434042911	0.206003812775352	8.23115466803161	10.3716990084607	0.0547	0.9943	2.74999043937496	0.528538038138051	2.56589047904459	5.50228239838435	4.9737443602463	0	NA	NA	NA	NA	NA	NA	1	-0.744417403850373	0.554157271155329	1	0.344127810397276	0.118423949888824	1	-1.29424629723426	1.67507347790459	1	0.457643607376783	0.209437671372835	1.00186641685436	3996.08105425694	0	1.00149618155975	11113.516273328	0	0.0934769053983685	-0.151921406	0.0917061855	0.34756324275	0.23704067469771	0.05749683385	0.237788195	0.4116662175
34	7	7	benefit_positive_truncnorm	benefit_positive_truncnorm	continuous	1	increasing	benefit	1	1	NA	1.37096100842503	2.57423082942709	700	252	420	700	700	252	465	0.64	0.335714285714286	7.60788054650942	24	24	0	2	1	10	4	1	5000	2500	1	0.95	12	10000	101033	0.9073	0.9988	1.0802831493863	-0.496839534682164	1.083084786248	2.69283900396147	3.18967853864363	2.00785591473966	0.749415554695478	2.01347988244828	3.23939223442627	2.48997667973079	0.903222222222222	1.5565732324558	-0.296570090129228	0.392072804010392	8.71399922294875	9.01056931307798	0.1	0.9988	5.19842460492319	1.85481816211076	5.16595679351951	8.59174421826682	6.73692605615606	0	NA	NA	NA	NA	NA	NA	1	-0.290677859038728	0.0844936177353389	1	0.636894906314627	0.405635121689518	1	-1.01765759697129	1.03562698467338	1	2.62419377549611	6.8863929713525	1.0009417733106	4304.25566177119	0	1.0014171632836	11829.5766233064	0	0.169588953882764	-0.078543046175	0.171012765	0.42063139075	0.296171407605681	0.1093263315	0.29700212	0.482080508
35	7	7	benefit_positive_truncnorm	benefit_positive_truncnorm	continuous	1	increasing	benefit	1	1	NA	1.47916745986023	2.36578827057479	700	252	420	700	700	252	485	0.64	0.307142857142857	6.22718427704618	24	24	0	2	1	10	4	1	5000	2500	1	0.95	12	10000	101034	0.7671	0.9867	0.624738480031576	-0.983183624835731	0.617103340024576	2.28601417374404	3.26919779857977	1.50791380588967	0.177721055643753	1.51973455956663	2.77389297235676	2.59617191671301	0.763875823142051	1.04041799062073	-2.3040603215254	0.220814647226439	8.71582536793717	11.0198856894626	0.0433	0.9867	3.65592356462846	0.408214831216652	3.58298590471691	7.17937992188521	6.77116509066856	0	NA	NA	NA	NA	NA	NA	1	-0.854428979828654	0.730048881571034	1	0.0287463460294368	0.000826352410044118	1	-1.32537027995405	1.75660637898549	1	1.29013529405367	1.66444907696296	1.00103007535023	4486.90376555477	0	1.00188678122874	10271.9231796273	0	0.0924510114858562	-0.1460494965	0.0921518835	0.3377749345	0.211259365989718	0.025094958575	0.21277661	0.38936231475
15	7	7	benefit_positive_truncnorm	benefit_positive_truncnorm	continuous	1	increasing	benefit	1	1	NA	1.81961212846635	2.85092608473549	700	252	420	700	700	252	499	0.64	0.287142857142857	6.66851893990976	24	24	0	2	1	10	4	1	5000	2500	1	0.95	12	10000	101014	0.61	0.9172	0.233232587375537	-1.38117409250908	0.238780362612121	1.84101486504539	3.22218895755448	0.885727693944748	-0.370014743488018	0.887342445286775	2.15382265854282	2.52383740203084	0.606947368421053	0.370963135594173	-4.06066977938612	0.0656833989609034	6.35865218283598	10.4193219622221	0.05	0.9172	1.69464916883458	-0.71584357756748	1.72407263136804	4.00079769034231	4.71664126790979	0	NA	NA	NA	NA	NA	NA	1	-1.58637954109081	2.5166000483915	1	-0.933884434521604	0.872140137041736	1	-2.47996294914132	6.15021622911371	1	-1.15627691590092	1.33697630624534	1.00135949036124	4234.45797535514	0	1.00200325124745	11352.2345962238	0	0.0353623569740868	-0.212682966	0.036627879	0.27841834975	0.125892873122476	-0.0524818975	0.125918955	0.30589477575
28	7	7	benefit_positive_truncnorm	benefit_positive_truncnorm	continuous	1	increasing	benefit	1	1	NA	2.11084119951425	4.40414840788391	700	252	420	700	700	252	479	0.64	0.315714285714286	7.21566528954485	24	24	0	2	1	10	4	1	5000	2500	1	0.95	12	10000	101027	0.932	0.9988	1.20707589873759	-0.402179061494743	1.19392761710568	2.87968339297116	3.28186245446591	1.99991555419484	0.755382577908599	1.9967578179673	3.23877974692539	2.48339716901679	0.929043440580652	1.83602745495881	-0.185878105912655	0.518852862023579	9.63554893592094	9.8214270418336	0.0769	0.9988	4.09266286745821	1.50416858790219	4.08522696891883	7.07228512355772	5.56811653565553	0	NA	NA	NA	NA	NA	NA	1	-0.90376530077666	0.816791718887927	1	-0.110925645319406	0.0123044987895267	1	-2.5681209529251	6.5952452288529	1	-0.311485540425703	0.097023241894292	1.00186254988042	4052.46576877998	0	1.0021278451405	11005.3279989076	0	0.181319176309457	-0.0632060308	0.18065984	0.42907210225	0.283721260496153	0.10699979425	0.282549185	0.4615367195
44	7	7	benefit_positive_truncnorm	benefit_positive_truncnorm	continuous	1	increasing	benefit	1	1	NA	1.8738763713936	3.3668810369109	700	252	420	700	700	252	495	0.64	0.292857142857143	6.56943405875176	24	24	0	2	1	10	4	1	5000	2500	1	0.95	12	10000	101043	0.972	0.9988	1.6279076811474	-0.0433558119238672	1.61879775690725	3.3371983667357	3.38055417865957	1.9905458110196	0.748039451370626	1.98753825910602	3.21704933271468	2.46900988134405	0.970394736842105	2.44855267872824	-0.0166427321148816	0.828021355226823	10.8446355116114	10.8612782437263	0.088	0.9988	3.86133209731099	1.27583548151651	3.75441515411648	7.24002787604485	5.96419239452834	0	NA	NA	NA	NA	NA	NA	1	-0.245968690246203	0.0605005965814325	1	0.116669439626005	0.0136117581426459	1	-0.918328358182666	0.843326973442471	1	0.494451060400087	0.24448185113077	1.00193209773284	4429.60989230626	0	1.00119177341187	11390.4087962804	0	0.246527526929778	-0.006945165135	0.246856425	0.5024623315	0.282976749312306	0.10555750575	0.282436785	0.45853557025
55	7	7	benefit_positive_truncnorm	benefit_positive_truncnorm	continuous	1	increasing	benefit	1	1	NA	2.29042796956794	4.23733594599289	700	252	420	700	700	252	473	0.64	0.324285714285714	7.01704383724917	24	24	0	2	1	10	4	1	5000	2500	1	0.95	12	10000	101054	1	1	3.1839164861031	1.50015501100614	3.17420836728676	4.88973027470417	3.38957526369803	3.01693988546972	1.7595640996098	3.02033990820499	4.24501912506129	2.48545502545149	1	4.68276666180411	0.323077479309182	3.64771559125457	14.5678813907727	14.2448039114635	0.0629	1	7.50871163558863	3.99136377642394	7.54209738280232	10.9230525501678	6.93168877374386	1e-04	NA	NA	NA	NA	NA	NA	1	0.893488516535168	0.798321729180215	1	0.726511915901779	0.527819563947273	1	0.445430715811227	0.198408522588102	1	3.27137568959574	10.701898902478	1.00158950262687	4434.12386003823	0	1.00096530206008	11359.5735928531	0	0.4726969119984	0.232694853	0.4722239	0.7179666165	0.4361176121916	0.25152603325	0.43616102	0.618194261
30	7	7	benefit_positive_truncnorm	benefit_positive_truncnorm	continuous	1	increasing	benefit	1	1	NA	1.57697934777049	2.97092495981724	700	252	420	700	700	252	487	0.64	0.304285714285714	7.0575841292117	24	24	0	2	1	10	4	1	5000	2500	1	0.95	12	10000	101029	0.9765	1	1.66555615560117	0.0225818253469717	1.65306356206729	3.40503086744181	3.38244904209484	2.78904258975949	1.54500427907608	2.7906178803614	4.009124936787	2.46412065771092	0.975177304964539	3.02168518381095	0.00190347809820013	1.62464337088812	11.9239130459351	11.9220095678369	0.0694	1	5.92227285826866	3.0752717973548	5.74732713166816	9.14951278954559	6.07424099219078	0	NA	NA	NA	NA	NA	NA	1	0.0885768078306752	0.00784585088547237	1	1.212063241989	1.46909730258088	1	0.0507602239937102	0.00257660033989163	0	2.95134789845142	8.71045441769364	1.00180518168938	4191.35313892741	0	1.00160456622676	10211.8719137447	0	0.249389489413896	0.0031662566925	0.24786518	0.50553682175	0.3965282218955	0.21880881125	0.39622828	0.5721875895
37	7	7	benefit_positive_truncnorm	benefit_positive_truncnorm	continuous	1	increasing	benefit	1	1	NA	1.56146110512394	2.83279613028506	700	252	420	700	700	252	495	0.64	0.292857142857143	6.69278491979836	24	24	0	2	1	10	4	1	5000	2500	1	0.95	12	10000	101036	0.6396	0.9995	0.298150799616251	-1.33008249367339	0.292460868679751	1.96369155774033	3.29377405141372	2.22650599255949	0.979791693092927	2.22384002082766	3.47520234115174	2.49541064805881	0.636027078485297	0.47016966205619	-3.26758020266462	0.0821213281598618	6.36699108449319	9.63457128715781	0.0546	0.9995	4.28801187053231	1.68080177292618	4.33045688268089	6.88101039861268	5.2002086256865	0	NA	NA	NA	NA	NA	NA	1	-1.26331030550769	1.59595292800193	1	0.66504488743555	0.442284702304163	1	-2.36262646822887	5.58200382837564	1	1.45521574024725	2.11765285066335	1.00177148219919	4201.95490544551	0	1.00181581149122	12336.1435736574	0	0.0439390426721229	-0.20079356075	0.044065941	0.2892406885	0.31153486656188	0.13680779625	0.310878245	0.4882181025
39	7	7	benefit_positive_truncnorm	benefit_positive_truncnorm	continuous	1	increasing	benefit	1	1	NA	2.17772594377149	4.27823661847378	700	252	420	700	700	252	474	0.64	0.322857142857143	7.0808720945716	24	24	0	2	1	10	4	1	5000	2500	1	0.95	12	10000	101038	0.865	1	0.921722067094579	-0.695712225316544	0.916949911716197	2.58802694006659	3.28373916538314	2.68824504595762	1.43309049836153	2.69394584722608	3.94149862850333	2.5084081301418	0.861538461538462	1.53950345076981	-0.616160899135241	0.369691745127019	9.40004524356596	10.0162061427012	0.0575	1	5.76877551290799	2.51882533038439	5.70195538871956	9.57172162017002	7.05289628978563	0	NA	NA	NA	NA	NA	NA	1	-1.25600387667691	1.57754573822742	1	0.510519102186135	0.260629753696938	1	-2.73873316770397	7.50065936388183	1	1.49053889443421	2.22170619582116	1.00154218603068	4391.18860955103	0	1.00141373525759	11636.1721488037	0	0.138944972771229	-0.10731847525	0.138700075	0.385124098	0.3906474654532	0.20665431625	0.39124888	0.57711207725
65	7	7	benefit_positive_truncnorm	benefit_positive_truncnorm	continuous	1	increasing	benefit	1	1	NA	2.1728748136806	4.50572853300307	700	252	420	700	700	252	495	0.64	0.292857142857143	6.4550637541525	24	24	0	2	1	10	4	1	5000	2500	1	0.95	12	10000	101064	0.8389	1	0.849447771277736	-0.838976881010874	0.834266945006848	2.5763521875601	3.41532906857098	3.28940584180712	2.04811930462258	3.29759491035968	4.50773026884353	2.45961096422095	0.833900829963822	1.29391121275491	-0.816328524582096	0.294555699721992	8.65675334595595	9.47308187053804	0.0602	1	6.63895827384161	3.90865736110535	6.5697022034105	9.61484855910718	5.70619119800183	0	NA	NA	NA	NA	NA	NA	1	-1.32342704240286	1.75145913656319	1	1.11653102812653	1.24664153676928	1	-3.21181732024816	10.3157704986461	1	2.13322974083854	4.55066912719806	1.00177233352631	4158.10150824002	0	1.00141595291489	10707.7134079622	0	0.124677265748434	-0.12391050575	0.124256975	0.373622516	0.466508650882	0.2875499585	0.466720845	0.644616615
38	7	7	benefit_positive_truncnorm	benefit_positive_truncnorm	continuous	1	increasing	benefit	1	1	NA	2.32027475830165	4.62316652471613	700	252	420	700	700	252	469	0.64	0.33	7.09355099853346	24	24	0	2	1	10	4	1	5000	2500	1	0.95	12	10000	101037	0.8237	0.9992	0.76682762803485	-0.839257343919648	0.754773499597646	2.40615440997857	3.24541175389821	2.12335062691809	0.870260693137653	2.12317181248477	3.3712657127906	2.50100501965295	0.81825078573751	1.09037566479262	-1.29688577909574	0.252304752780246	7.85650086750585	9.15338664660159	0.0773	0.999199919991999	5.42381766129943	2.0418680517904	5.3427799837992	9.21437485033677	7.17250679854637	1e-04	NA	NA	NA	NA	NA	NA	1	-1.5534471302668	2.41319798653417	1	-0.196924131383566	0.0387791135211719	1	-3.53279085992351	12.4806112599591	1	0.800651136583297	0.641042242512125	1.00145357613958	4084.25522937216	0	1.00188493641372	11097.9713893571	0	0.117089454658907	-0.1284717615	0.116059015	0.364723334	0.30261372412207	0.1232868405	0.302378805	0.48283961275
66	7	7	benefit_positive_truncnorm	benefit_positive_truncnorm	continuous	1	increasing	benefit	1	1	NA	1.77187201891292	3.28717882680506	700	252	420	700	700	252	497	0.64	0.29	6.72829796895454	24	24	0	2	1	10	4	1	5000	2500	1	0.95	12	10000	101065	0.9519	0.9981	1.38824821886867	-0.297858039664281	1.38190344299822	3.03246699430554	3.33032503396982	1.88176197024207	0.618111266979567	1.88449464435397	3.11377768399105	2.49566641701149	0.950098705856548	2.03203867744045	-0.116470516450706	0.566085037336442	10.0187723520548	10.1352428685055	0.0882	0.9981	3.35759691433161	0.893585672626559	3.23032505338917	6.39524082577463	5.50165515314807	0	NA	NA	NA	NA	NA	NA	1	-0.383623800044253	0.147167219960393	1	0.109889951329151	0.0120758014031232	1	-1.25514014936461	1.57537679454701	1	0.0704180875265519	0.00495870705089712	1.00179654178876	4293.75089856105	0	1.00155567484411	10153.8407656884	0	0.208963873448538	-0.04557486665	0.20937953	0.45289186375	0.26483407607269	0.086206855675	0.264909915	0.44099879625
41	7	7	benefit_positive_truncnorm	benefit_positive_truncnorm	continuous	1	increasing	benefit	1	1	NA	1.99221675841004	3.70619353913721	700	252	420	700	700	252	486	0.64	0.305714285714286	6.71397298163777	24	24	0	2	1	10	4	1	5000	2500	1	0.95	12	10000	101040	0.9655	0.9801	1.4968135141921	-0.100423067124489	1.4888045726881	3.1510605855058	3.25148365263029	1.31183853070133	0.0660687892548798	1.31061420629283	2.55424008004441	2.48817129078953	0.963539940338084	2.23453517782758	-0.0328342642737343	0.692881850899385	10.2454416367959	10.2782759010697	0.0949	0.9801	2.86506728555264	0.139223455552037	2.87576229281342	5.52923973495938	5.39001627940734	0	NA	NA	NA	NA	NA	NA	1	-0.495403244217941	0.24542437438166	1	-0.680378227708705	0.462914532740038	1	-1.47165836130963	2.16577833241255	1	-0.841126253584571	0.707493374469216	1.00135416827039	4662.54716964909	0	1.00133482239085	10801.6172159232	0	0.231722359489264	-0.01583321445	0.231459735	0.48395178275	0.189129237725686	0.0095468646625	0.188760965	0.36908502225
40	7	7	benefit_positive_truncnorm	benefit_positive_truncnorm	continuous	1	increasing	benefit	1	1	NA	1.77676157090436	3.19762188176459	700	252	420	700	700	252	487	0.64	0.304285714285714	7.38363075947948	24	24	0	2	1	10	4	1	5000	2500	1	0.95	12	10000	101039	0.9999	1	2.85273332015074	1.22239146085317	2.84683215365715	4.57925455386841	3.35686309301524	2.67444713503789	1.42043908843834	2.67909404157432	3.86801488404757	2.44757579560923	0.999878478551464	4.27083374135712	0.220478698720969	3.30330491979062	13.0389102172565	12.8184315185355	0.1771	1	5.53258025422087	2.71471099012376	5.32698830130566	8.98654418545511	6.27183319533136	0	NA	NA	NA	NA	NA	NA	1	1.07597174924638	1.15771520517632	1	0.897685564133531	0.805839372053735	1	1.07321185959252	1.15178369557004	1	2.33495837245628	5.45203060110367	1.00095810545622	4122.1924504627	0	1.00153978674375	12075.2660690653	0	0.436729024182583	0.1876367605	0.436189875	0.6963875135	0.3843680111869	0.202298608	0.384429145	0.56092328875
78	7	7	benefit_positive_truncnorm	benefit_positive_truncnorm	continuous	1	increasing	benefit	1	1	NA	3.07222122075782	7.52867800476358	700	252	420	700	700	252	466	0.64	0.334285714285714	7.48503419375873	24	24	0	2	1	10	4	1	5000	2500	1	0.95	12	10000	101077	0.9759	0.9962	1.62095665078716	0.0143886829374127	1.62005230806272	3.27362437682388	3.25923569388647	1.70684896088963	0.465631498623135	1.70845498692803	2.94497773459954	2.47934623597641	0.973654582301284	2.39320284876812	-0.00578421633685395	0.835744839382366	10.4386088196294	10.4443930359663	0.1118	0.9962	3.89584076126698	0.919280373682027	3.90143866584275	7.19447181729351	6.27519144361149	0	NA	NA	NA	NA	NA	NA	1	-1.45126456997066	2.10616885205213	0	-1.36537225986819	1.86424140801758	1	-5.13547515599546	26.3731050778466	0	-3.6328372434966	13.197506437736	1.00100098979177	4339.37711831334	0	1.00137771261767	11470.3597498424	0	0.24968167626377	0.00244491496	0.24919007	0.4999032495	0.248711502504559	0.067521190075	0.24844595	0.4322230725
46	7	7	benefit_positive_truncnorm	benefit_positive_truncnorm	continuous	1	increasing	benefit	1	1	NA	2.22416364493368	4.88389601709774	700	252	420	700	700	252	460	0.64	0.342857142857143	7.00271136620201	24	24	0	2	1	10	4	1	5000	2500	1	0.95	12	10000	101045	0.9584	1	1.44714302067956	-0.196982892785357	1.4299390705941	3.17187383996315	3.36885673274851	3.07584996315232	1.81472280814023	3.07693154755216	4.32278039733672	2.50805758919648	0.957640252092158	1.93143134741339	-0.0497248400521634	0.453304779138445	10.7226705917282	10.7723954317803	0.0321	1	7.72500620668226	4.0921915404902	7.63168409605872	12.1569423171893	8.06475077669912	0.002	NA	NA	NA	NA	NA	NA	1	-0.777020624254121	0.603761050516264	1	0.851686318218646	0.725369584640832	1	-2.95246466968435	8.71704762573433	1	2.84111018958451	8.07190710936094	1.00114175155931	4624.18799938999	0	1.00121740407008	10372.4080055753	0	0.216348736044234	-0.029252910625	0.21598465	0.4650885305	0.4436741298078	0.2592103155	0.443051215	0.62941356925
54	7	7	benefit_positive_truncnorm	benefit_positive_truncnorm	continuous	1	increasing	benefit	1	1	NA	1.62727486214287	2.76673032725608	700	252	420	700	700	252	461	0.64	0.341428571428571	6.64889995144215	24	24	0	2	1	10	4	1	5000	2500	1	0.95	12	10000	101053	0.743	0.9998	0.555018043765336	-1.13362720951341	0.553505123083112	2.22409364590137	3.35772085541478	2.15239759636711	0.87522781385089	2.15386135156587	3.44003860455022	2.56481079069933	0.737961092803232	0.824627853930557	-2.43638239378743	0.166629944012072	7.47904356575264	9.91542595954007	0.0593	0.9998	5.53173272908265	2.16342901595986	5.4777622417831	9.23210667605838	7.06867766009852	0	NA	NA	NA	NA	NA	NA	1	-1.07225681837753	1.1497346845571	1	0.52512273422424	0.275753885999142	1	-1.94210247332553	3.77176201689712	1	2.76500240182657	7.64523828210671	1.0019078374448	4020.68605754816	0	1.00124548037874	10578.3444547122	0	0.0831659591089362	-0.17112377825	0.083935667	0.32756978575	0.30492540835003	0.12308865625	0.30447963	0.49039545975
47	7	7	benefit_positive_truncnorm	benefit_positive_truncnorm	continuous	1	increasing	benefit	1	1	NA	1.75725921842761	2.8204280441821	700	252	420	700	700	252	504	0.64	0.28	6.90052926700182	24	24	0	2	1	10	4	1	5000	2500	1	0.95	12	10000	101046	0.9909	0.9892	1.89347887222318	0.270866305001632	1.88822147096476	3.5771032512179	3.30623694621627	1.42340103544302	0.202547432494234	1.43002138807771	2.65172177747413	2.4491743449799	0.990383514596451	2.68236138633497	0.0584373772697083	1.10035269371905	11.1481966737412	11.0897592964715	0.1265	0.9892	2.57810549193563	0.322910350703431	2.60513281740858	4.84425255273972	4.52134220203629	0	NA	NA	NA	NA	NA	NA	1	0.136219653795576	0.0185557940801865	1	-0.333858182984586	0.111461286345769	1	-0.138066657847126	0.0190624020090753	1	-0.242322552246462	0.0587202193272393	1.00121239258526	4241.22043633877	0	1.00139262319778	11758.2979584404	0	0.286451146480827	0.041695817075	0.28642602	0.537175371	0.20257777902915	0.0286071969	0.20305835	0.3796203805
77	7	7	benefit_positive_truncnorm	benefit_positive_truncnorm	continuous	1	increasing	benefit	1	1	NA	2.08746932858641	4.02369526830842	700	252	420	700	700	252	490	0.64	0.3	6.73607015037432	24	24	0	2	1	10	4	1	5000	2500	1	0.95	12	10000	101076	0.9144	0.9993	1.11192000703542	-0.486744058056118	1.0999419391172	2.75640453788779	3.2431485959439	2.00130824151164	0.745952672987495	2.00410374517935	3.25258305976858	2.50663038678108	0.911519740400216	1.65887226200274	-0.225670856992141	0.417792244194672	9.3980840767426	9.62375493373474	0.0755	0.9993	4.12275915733626	1.44314426007724	3.96684772905142	7.5296323856714	6.08648812559416	0	NA	NA	NA	NA	NA	NA	1	-0.975549321550989	0.951696478778595	1	-0.0861610870747738	0.00742373292590675	1	-2.36482300630568	5.59238785115265	1	0.0990638890278372	0.00981365410931965	1.00107829613794	3997.91101274349	0	1.00193854810334	10567.954058405	0	0.168402683001523	-0.076846739675	0.16836221	0.41215639425	0.28215233021096	0.10483262975	0.28223183	0.46053078375
26	7	7	benefit_positive_truncnorm	benefit_positive_truncnorm	continuous	1	increasing	benefit	1	1	NA	2.2817930561622	4.72772300179071	700	252	420	700	700	252	496	0.64	0.291428571428571	6.40437475613099	24	24	0	2	1	10	4	1	5000	2500	1	0.95	12	10000	101025	0.9255	1	1.19463665572852	-0.399330485245521	1.18833229752129	2.85304114643736	3.25237163168288	2.27258514467775	1.04024736891073	2.27689585149894	3.47922025485596	2.43897288594523	0.92428921307635	1.82329966022034	-0.197725861333403	0.489301489762433	9.61888799334739	9.8166138546808	0.0609	1	4.56771864693258	2.08840516362066	4.48528789222338	7.52331607632423	5.43491091270357	0	NA	NA	NA	NA	NA	NA	1	-1.08715640043368	1.18190903900392	1	-0.00920791148444877	8.47856339054436e-05	1	-2.90442334157037	8.43567494705878	1	-0.160004354858133	0.0256013935735673	1.00162336308188	4713.8755978679	0	1.00280718464148	11784.7814829504	0	0.17894776144215	-0.059527975775	0.18000266	0.41925788725	0.31866746593352	0.1446115965	0.319007275	0.48934804
45	7	7	benefit_positive_truncnorm	benefit_positive_truncnorm	continuous	1	increasing	benefit	1	1	NA	1.93312671487912	3.64857918151096	700	252	420	700	700	252	497	0.64	0.29	7.04309155436878	24	24	0	2	1	10	4	1	5000	2500	1	0.95	12	10000	101044	0.7458	1	0.556912705422962	-1.03376988911388	0.530362855859994	2.19952871041383	3.23329859952771	2.36127162180558	1.13969501739538	2.36749909441246	3.59243252180483	2.45273750440945	0.740413293566255	0.855040385889931	-2.58480052566648	0.174824741461102	7.63070267343032	10.2155031990968	0.0612	1	4.50658160241549	2.16052765644895	4.48046010914019	6.98905821873767	4.82853056228871	0	NA	NA	NA	NA	NA	NA	1	-1.37621400945616	1.89396499982339	1	0.42814490692646	0.183308061327067	1	-2.79353879562103	7.80385900263981	1	0.858002420904521	0.736168154278019	1.00087414334492	4449.54483578518	0	1.00134053315289	10860.3958283502	0	0.0840477884270555	-0.159104495	0.080233095	0.33072725	0.3392641097163	0.1637993	0.339376595	0.5186751895
31	7	7	benefit_positive_truncnorm	benefit_positive_truncnorm	continuous	1	increasing	benefit	1	1	NA	2.61260601025787	4.92488986607284	700	252	420	700	700	252	473	0.64	0.324285714285714	8.04833349924156	24	24	0	2	1	10	4	1	5000	2500	1	0.95	12	10000	101030	0.9993	1	2.83267764374404	1.1771102716473	2.83292672046997	4.52086125766861	3.34375098602131	3.23127767363003	2.02705385200413	3.2314448624497	4.45179588233623	2.42474203033211	0.999192897497982	5.30000471596742	0.309334993423177	4.65126061437151	13.7742518483816	13.4649168549584	0.1327	1	7.21261256078544	4.01183776145098	7.20102038595578	10.6505689949057	6.63873123345468	1e-04	NA	NA	NA	NA	NA	NA	1	0.220071633486167	0.0484315238652696	1	0.618671663372156	0.382754627059671	1	0.375114849894575	0.14071115061143	1	2.2877226947126	5.23367512790306	1.00091328198525	4666.79790322467	0	1.00131804915348	11682.6937168979	0	0.43415842573101	0.18103598175	0.434805085	0.69088606825	0.47644394152	0.29771570675	0.47562876	0.660695023
79	7	7	benefit_positive_truncnorm	benefit_positive_truncnorm	continuous	1	increasing	benefit	1	1	NA	1.4190547951369	2.34840180689271	700	252	420	700	700	252	479	0.64	0.315714285714286	7.55409555811364	24	24	0	2	1	10	4	1	5000	2500	1	0.95	12	10000	101078	0.5334	0.9976	0.0698711738174237	-1.51865397525996	0.0680934718996813	1.69923573131787	3.21788970657783	1.81363868190815	0.578628757631242	1.81984892837247	3.04708053500409	2.46845177737285	0.530179794520548	0.109196500322199	-4.49617438765473	0.0169483536362458	5.16182865021588	9.65800303787061	0.0656	0.9976	3.79429930303476	1.0379518070686	3.688054513858	7.11762302686847	6.07967121979987	0	NA	NA	NA	NA	NA	NA	1	-1.34918362131948	1.82029644403673	1	0.394583886771249	0.155696443699506	1	-2.23920530657051	5.01404040497352	1	1.44589749614205	2.09061956934985	1.00094383589025	4499.40336487966	0	1.00194001409156	11655.5509632689	0	0.0103438017932139	-0.23711524225	0.0104742955	0.2598281665	0.262787550405178	0.083454919525	0.26313013	0.44487167675
32	7	7	benefit_positive_truncnorm	benefit_positive_truncnorm	continuous	1	increasing	benefit	1	1	NA	1.89315539176575	3.71917039348537	700	252	420	700	700	252	483	0.64	0.31	6.41374072674518	24	24	0	2	1	10	4	1	5000	2500	1	0.95	12	10000	101031	0.9477	0.9987	1.337298608423	-0.294905494864585	1.32409780004812	3.05089244235148	3.34579793721606	1.89177482012875	0.622282151584231	1.89814984239995	3.16139077570433	2.53910862412009	0.946092815998261	1.98925475285827	-0.128672600559774	0.549183453392025	10.0311147451851	10.1597873457449	0.0799	0.9987	3.86757931592743	1.27367257888812	3.86063932918211	6.7818627429842	5.50819016409608	0	NA	NA	NA	NA	NA	NA	1	-0.555856783342745	0.308976763588144	1	-0.00138057163699523	1.90597804487569e-06	1	-1.72991564062711	2.9926081236863	1	0.148408922442061	0.0220252082604136	1.00136496983965	4913.67822640216	0	1.00166796374457	10600.4824575009	0	0.199863249581797	-0.0465656395	0.198833635	0.453915205	0.266258664726088	0.0871629743	0.26682633	0.4476180805
63	7	7	benefit_positive_truncnorm	benefit_positive_truncnorm	continuous	1	increasing	benefit	1	1	NA	1.70704328465716	3.54206735059348	700	252	420	700	700	252	492	0.64	0.297142857142857	5.75123798232788	24	24	0	2	1	10	4	1	5000	2500	1	0.95	12	10000	101062	0.691	0.9994	0.424662129194594	-1.29241559592519	0.414305597825324	2.11686374082858	3.40927933675377	2.06298128681373	0.790798209687561	2.06737700449313	3.31930433196561	2.52850612227805	0.686523335081279	0.639523312040625	-3.19834546962031	0.120689612281348	7.29349681962942	10.4918422892497	0.0465	0.9994	3.05555884762049	1.14661735753028	2.99151449196852	5.30777590336701	4.16115854583673	0	NA	NA	NA	NA	NA	NA	1	-1.28238115546257	1.64450142788552	1	0.355938002156563	0.126691861379205	1	-2.90254403855286	8.42476189573873	1	-0.486508502972992	0.236690523465022	1.00145684242211	4537.90274339187	0	1.00165917950013	11114.438290965	0	0.0622047969250948	-0.19035894975	0.0612684995	0.3098077915	0.28451909098083	0.1087748665	0.284690325	0.46041643425
72	7	7	benefit_positive_truncnorm	benefit_positive_truncnorm	continuous	1	increasing	benefit	1	1	NA	2.41775379676512	5.41469299769928	700	252	420	700	700	252	462	0.64	0.34	7.81499511235236	24	24	0	2	1	10	4	1	5000	2500	1	0.95	12	10000	101071	0.9823	0.9998	1.72274984406979	0.117625274908033	1.7145030864629	3.35860394851933	3.2409786736113	2.36387951536057	1.09779123236666	2.37096683616116	3.60290323467048	2.50511200230382	0.980583639705882	2.41614597008325	0.0219842012695673	0.866816757874708	10.3015276714416	10.279543470172	0.1296	0.9998	4.70780714712482	1.88258955119254	4.65026019541023	7.99736856646303	6.11477901527048	0	NA	NA	NA	NA	NA	NA	1	-0.695003952695334	0.483030494262138	1	-0.0538742814045574	0.00290243819685744	1	-2.99854702761603	8.9912842768249	1	-0.706885850574461	0.49968760574238	1.00154436436795	3994.89564542159	0	1.00154969485507	10676.6629536261	0	0.263186630655851	0.018081712375	0.261268925	0.51233078975	0.343733351855239	0.15932143425	0.344843125	0.52655966075
67	7	7	benefit_positive_truncnorm	benefit_positive_truncnorm	continuous	1	increasing	benefit	1	1	NA	1.93118777924094	3.43378343371978	700	252	420	700	700	252	502	0.64	0.282857142857143	5.77473233675039	24	24	0	2	1	10	4	1	5000	2500	1	0.95	12	10000	101066	0.946	1	1.36469878790574	-0.272005467116663	1.36054137438685	3.02351927207537	3.29552473919204	2.66719718978026	1.431835162132	2.67353941327416	3.89452688167891	2.46269171954691	0.943292287751134	1.97758395511773	-0.112430875980755	0.534358211379461	10.1564156155682	10.268846491549	0.0742	1	5.58249722863162	2.95476065374511	5.43389907813889	8.4757256605461	5.52096500680099	0	NA	NA	NA	NA	NA	NA	1	-0.566488991335197	0.320909777303969	1	0.736009410539319	0.541709852402436	1	-1.45619947860205	2.12051692148088	1	2.14871379491185	4.61697097244446	1.00133768669907	4060.71902701016	0	1.00132196518795	11596.2769283558	0	0.202544906755669	-0.040892548275	0.20265312	0.4451246795	0.377188023628	0.20114771275	0.37714967	0.554566965
51	7	7	benefit_positive_truncnorm	benefit_positive_truncnorm	continuous	1	increasing	benefit	1	1	NA	2.51272135212412	5.0278988929127	700	252	420	700	700	252	458	0.64	0.345714285714286	7.78507380851534	24	24	0	2	1	10	4	1	5000	2500	1	0.95	12	10000	101050	0.9833	1	1.70207088763039	0.112547766567426	1.70830039651962	3.2488459959698	3.13629822940237	2.71357382597145	1.46768676244506	2.71237753881814	3.94614408494785	2.47845732250278	0.981487909290756	2.45455189663749	0.0193397084257245	0.892341509050516	10.3674567236306	10.3481170152049	0.1357	1	6.52464970581903	3.1981911810138	6.46327087072046	10.310631382885	7.11244020187122	9e-04	NA	NA	NA	NA	NA	NA	1	-0.810650464493728	0.657154175583896	1	0.200852473847327	0.040341716250591	1	-2.57334699627521	6.62211476323864	1	1.49675081290633	2.24026299593576	1.00102818067975	4120.52463308776	0	1.00225098755625	12146.2657146356	0	0.267935014239447	0.018715321925	0.268399855	0.5077742405	0.4090259435486	0.2188115485	0.40855175	0.59916500275
53	7	7	benefit_positive_truncnorm	benefit_positive_truncnorm	continuous	1	increasing	benefit	1	1	NA	2.21260088360549	4.12639080291379	700	252	420	700	700	252	498	0.64	0.288571428571429	7.08151214314039	24	24	0	2	1	10	4	1	5000	2500	1	0.95	12	10000	101052	0.9041	0.9993	1.13133432464367	-0.542991667594864	1.13158081260303	2.80903625022197	3.35202791781683	1.92808481337919	0.698549822239827	1.93008736646761	3.14112343118995	2.44257360895013	0.900395425884365	2.0037528680112	-0.459337161090398	0.559628052065285	10.4416632764047	10.901000437495	0.0643	0.9993	3.90062199748723	1.38057694117407	3.94869113649192	6.21142468177232	4.83084774059825	0	NA	NA	NA	NA	NA	NA	1	-1.08126655896182	1.16913737152914	1	-0.284516070226301	0.0809493942170177	1	-2.12263793490259	4.50559180268753	1	-0.22576880542656	0.0509715535037357	1.00116644705898	4028.97522980777	0	1.00108135572352	11068.6041765177	0	0.170120600979288	-0.08414738575	0.17190464	0.41554715975	0.27712654077831	0.099568466175	0.27709284	0.45332631925
62	7	7	benefit_positive_truncnorm	benefit_positive_truncnorm	continuous	1	increasing	benefit	1	1	NA	1.48397135308693	2.39752375364827	700	252	420	700	700	252	488	0.64	0.302857142857143	6.84030301134195	24	24	0	2	1	10	4	1	5000	2500	1	0.95	12	10000	101061	0.68	0.9642	0.380514091042766	-1.20462949641252	0.370429629732906	1.97290970239148	3.177539198804	1.12727323678034	-0.0970049191577889	1.12438687788661	2.35773109883635	2.45473601799414	0.673665139081317	0.569178717271881	-2.80747819895836	0.106004080973726	6.76075331037509	9.56823150933345	0.0617	0.9642	2.17936085084193	-0.192283295976157	2.21283043031819	4.50060463899815	4.6928879349743	0	NA	NA	NA	NA	NA	NA	1	-1.10345726204417	1.21761792915801	1	-0.356698116306591	0.12723354617667	1	-1.82834503637639	3.34284557204217	1	-0.218162902806334	0.0475950521608858	1.00157809375009	4402.19722047348	0	1.00210903910728	9953.19280781102	0	0.0580773321386628	-0.18754920575	0.0577650195	0.30095561925	0.161305662335606	-0.014034426075	0.161172405	0.33820076675
52	7	7	benefit_positive_truncnorm	benefit_positive_truncnorm	continuous	1	increasing	benefit	1	1	NA	2.58625889204637	6.00247003331943	700	252	420	700	700	252	468	0.64	0.331428571428571	6.55346226102795	24	24	0	2	1	10	4	1	5000	2500	1	0.95	12	10000	101051	0.9992	1	2.67767279055963	1.01880322518933	2.68263294496201	4.35951705000237	3.34071382481304	3.3617898748318	2.08608925828855	3.36295897180468	4.61175373743688	2.52566447914833	0.999035563592526	3.834471692753	0.18620215891678	2.68312651621733	12.6090494583932	12.4228472994764	0.1705	1	8.03634809193281	4.46431492065403	7.89460699292854	12.4353514047231	7.97103648406905	8e-04	NA	NA	NA	NA	NA	NA	1	0.0914138985132649	0.00835650084139349	1	0.77553098278543	0.601448305260135	1	-2.16799834056643	4.70021680469877	1	2.03387805861338	4.13665995730894	1.00095305413145	4565.95953378666	0	1.00189426684817	11769.0667218724	0	0.4096837359882	0.15644395125	0.41121596	0.66515410875	0.480102409816	0.29636609575	0.48027876	0.663436731
112	7	7	benefit_positive_truncnorm	benefit_positive_truncnorm	continuous	1	increasing	benefit	1	1	NA	1.83900524707807	3.43610240198228	700	252	420	700	700	252	504	0.64	0.28	6.00900631659984	24	24	0	2	1	10	4	1	5000	2500	1	0.95	12	10000	101111	0.9784	0.9999	1.75088586472473	0.0595854611760811	1.74785311169251	3.47744048470481	3.41785502352873	2.41077235325757	1.15941583436269	2.40907161356617	3.67464978166526	2.51523394730257	0.977773095965448	2.9216086651402	0.0111287656574198	1.38051212498918	12.3256374672626	12.3145087016052	0.0507	0.9999	3.92894971313823	1.64363634067624	3.75746448603128	6.91530131967753	5.27166497900129	0	NA	NA	NA	NA	NA	NA	1	-0.0881193823533373	0.00776502554633365	1	0.571767106179502	0.326917623708882	1	-0.514493736842076	0.264703805249723	1	0.492847311155956	0.242898472113656	1.0011507656899	5024.70703135916	0	1.00140639554983	11276.2182449007	0	0.25639648766784	0.008875578205	0.258216785	0.50055849775	0.3341180835397	0.15934396075	0.33339354	0.51189537175
58	7	7	benefit_positive_truncnorm	benefit_positive_truncnorm	continuous	1	increasing	benefit	1	1	NA	2.0798185087784	4.19431419071473	700	252	420	700	700	252	494	0.64	0.294285714285714	7.39469489190119	24	24	0	2	1	10	4	1	5000	2500	1	0.95	12	10000	101057	0.9906	1	1.98006176060285	0.322825038506706	1.97301691989237	3.63500362371517	3.31217858520846	2.69722635974332	1.48649684165475	2.69905565673818	3.88913295477054	2.40263611311579	0.989879240943071	2.87499172977819	0.0656482871576364	1.48267282537362	10.9684642785421	10.9028159913845	0.1305	1	5.90372879290259	3.0842765487422	5.96396290580464	8.68207932927584	5.59780278053363	0	NA	NA	NA	NA	NA	NA	1	-0.0997567481755512	0.00995140880656035	1	0.617407850964924	0.381192454433126	1	-1.31932246093654	1.74061175593165	1	1.70941460218786	2.92209828217307	1.00163401865703	4054.44541712965	0	1.00100911757631	10724.2670865739	0	0.304781407001411	0.05133820235	0.30551561	0.55550911325	0.3943724064138	0.21575992375	0.39413768	0.57368508075
48	7	7	benefit_positive_truncnorm	benefit_positive_truncnorm	continuous	1	increasing	benefit	1	1	NA	2.33791320465595	4.2434192083823	700	252	420	700	700	252	487	0.64	0.304285714285714	7.24440727243795	24	24	0	2	1	10	4	1	5000	2500	1	0.95	12	10000	101047	0.9976	1	2.28475962565936	0.618929441554535	2.28581098927383	3.99125122080105	3.37232177924651	2.54768335995666	1.31858045591001	2.54328289262553	3.76812615001938	2.44954569410938	0.997220613781123	3.41715435076405	0.119157110867622	2.17626194879832	11.8980567220424	11.7788996111748	0.1365	1	4.460205132167	2.09568432200507	4.36144819694401	7.62940586625735	5.53372154425228	0	NA	NA	NA	NA	NA	NA	1	-0.0531535789965898	0.00282530296014671	1	0.209770155300713	0.0440035180548854	1	-0.826264857618249	0.682713614934905	1	0.216785923784698	0.046996136751185	1.0014089869419	4196.24961587819	0	1.00161165210529	11606.1594881279	0	0.344218454959454	0.09333782575	0.34474055	0.595395594	0.3674646724091	0.19015538575	0.36617081	0.5466545865
80	7	7	benefit_positive_truncnorm	benefit_positive_truncnorm	continuous	1	increasing	benefit	1	1	NA	2.08380193352451	4.31619864962928	700	252	420	700	700	252	482	0.64	0.311428571428571	6.64102846628102	24	24	0	2	1	10	4	1	5000	2500	1	0.95	12	10000	101079	0.6202	1	0.262772979656106	-1.36606240369075	0.249293759289736	1.90921315057084	3.2752755542616	3.20186385127602	1.9374801822076	3.20232290913295	4.45414125973448	2.51666107752688	0.614349300551081	0.380372871425172	-4.08195960420691	0.0703312023645957	6.2383527157043	10.3203123199112	0.0564	1	7.41503635443992	4.19426491248511	7.48114469745175	10.5886083823494	6.39434346986429	1e-04	NA	NA	NA	NA	NA	NA	0	-1.8210289538684	3.31614645082705	1	1.11806191775151	1.25006245192619	1	-3.9358257782041	15.4907245563759	1	3.09883770481064	9.60279512075607	1.00169748953292	4038.76837674938	0	1.00105140672612	10829.1448980471	0	0.039079240176116	-0.20402523025	0.03829752	0.2845039015	0.451121474369	0.2707017895	0.450480725	0.634261077
56	7	7	benefit_positive_truncnorm	benefit_positive_truncnorm	continuous	1	increasing	benefit	1	1	NA	1.90755777448021	4.15932547495383	700	252	420	700	700	252	492	0.64	0.297142857142857	7.04831530991592	24	24	0	2	1	10	4	1	5000	2500	1	0.95	12	10000	101055	0.9994	1	2.65460600884429	1.00309569778886	2.6490234214142	4.33254410442116	3.3294484066323	2.3894539749448	1.17332341407585	2.39541626306609	3.60023753640564	2.42691412232979	0.999417995576766	4.3970231039099	0.19762853872786	3.51178803688892	13.3000772937976	13.1024487550697	0.1409	1	4.95694925651061	2.44228972398658	4.96023864255496	7.5020915017519	5.05980177776531	0	NA	NA	NA	NA	NA	NA	1	0.747048234364078	0.558081064466487	1	0.481896200464581	0.2322239480222	1	0.237697628956068	0.0565001628113368	1	0.797623781556772	0.636203696904925	1.00169790933613	4638.12896527583	0	1.00140325991773	10546.9470112193	0	0.396345656885695	0.152389117	0.395306195	0.64603654775	0.34008695802386	0.16586084475	0.340228725	0.51597152425
64	7	7	benefit_positive_truncnorm	benefit_positive_truncnorm	continuous	1	increasing	benefit	1	1	NA	2.55933937354187	5.61158568017704	700	252	420	700	700	252	476	0.64	0.32	7.25717660004056	24	24	0	2	1	10	4	1	5000	2500	1	0.95	12	10000	101063	0.8823	0.9999	0.948254973003445	-0.627611382728302	0.937238728559667	2.55821168564527	3.18582306837357	2.3534059354418	1.14613755590583	2.34663452600736	3.56212992509959	2.41599236919375	0.878607718084531	1.41650645210051	-0.450072121108874	0.360425344653933	8.71499220301019	9.16506432411907	0.0749	0.9999	5.25351146041943	2.26566911690752	5.17467024680908	8.70274356741235	6.43707445050483	0	NA	NA	NA	NA	NA	NA	0	-1.61108440053843	2.59559294565826	1	-0.205933438100077	0.0424085809277184	1	-4.19507922807653	17.5986897298392	1	-0.358074219757608	0.12821714685502	1.00111279387174	4645.16999688663	0	1.00160253639607	11392.5360207026	0	0.146859625779907	-0.099316161275	0.145908905	0.39582944075	0.3490414852108	0.168985546	0.347922655	0.5303728185
70	7	7	benefit_positive_truncnorm	benefit_positive_truncnorm	continuous	1	increasing	benefit	1	1	NA	1.74890726480121	3.05517112525744	700	252	420	700	700	252	489	0.64	0.301428571428571	6.39260776721391	24	24	0	2	1	10	4	1	5000	2500	1	0.95	12	10000	101069	0.8032	0.9859	0.701179992005443	-0.888163760573512	0.686893926979037	2.34863936365487	3.23680312422838	1.39160707473288	0.149220951102335	1.39232412054617	2.65401364241111	2.50479269130877	0.800570703868104	1.13002871971337	-1.68622451907784	0.242637861105888	8.45502658070494	10.1412510997828	0.0538	0.9859	2.91812568390279	0.267640248458587	2.92063487357569	5.74859904496269	5.48095879650411	0	NA	NA	NA	NA	NA	NA	1	-1.04772727279577	1.09773243816005	1	-0.357300190068331	0.127663425822865	1	-1.92514240554407	3.706173281624	1	-0.137045441354649	0.0187814529960906	1.00112861092431	4154.05751581181	0	1.00105262703576	9835.05988483409	0	0.107045217821122	-0.13611815225	0.106429405	0.3578300165	0.196692059452522	0.020967325	0.196614195	0.37693959875
113	7	7	benefit_positive_truncnorm	benefit_positive_truncnorm	continuous	1	increasing	benefit	1	1	NA	1.84053941978619	3.77784414839731	700	252	420	700	700	252	475	0.64	0.321428571428571	5.18498899045207	24	24	0	2	1	10	4	1	5000	2500	1	0.95	12	10000	101112	0.8179	0.9971	0.795719831739498	-0.851037726601217	0.776238563053435	2.49273946893528	3.3437771955365	1.87105292567175	0.556208071483328	1.87201275818336	3.18518792798975	2.62897985650642	0.814045293995429	1.27024616088358	-1.31781447916959	0.283794431168682	8.69814142438858	10.0159559035582	0.0374	0.9971	3.6173184010436	0.937364784476997	3.52285238735338	7.42245640244108	6.48509161796408	0	NA	NA	NA	NA	NA	NA	1	-1.0448195880467	1.09164797156607	1	0.0305135058855555	0.000931074041427828	1	-2.50759798751373	6.28804766698289	1	-0.160525747353707	0.0257685155634662	1.00134476666275	4526.89597753534	0	1.00190704085534	11980.2344630176	0	0.115968031753273	-0.12831816725	0.114908505	0.3620816885	0.256479152704702	0.0761868037	0.2564043	0.43827195975
57	7	7	benefit_positive_truncnorm	benefit_positive_truncnorm	continuous	1	increasing	benefit	1	1	NA	1.71053118343089	2.95338372138859	700	252	420	700	700	252	478	0.64	0.317142857142857	6.92346792051593	24	24	0	2	1	10	4	1	5000	2500	1	0.95	12	10000	101056	0.9812	1	1.71522022242484	0.0934254980177216	1.72290132947223	3.39801720741673	3.30459170939901	2.60639248260469	1.38506710442751	2.60729435758627	3.84582993143549	2.46076282700797	0.979868023710994	2.49114456527912	0.0188973450231078	0.829005473146818	10.7769163762645	10.7580190312414	0.1059	1	5.59887638519985	2.56400430639034	5.39459781978807	9.30726108788632	6.74325678149598	1e-04	NA	NA	NA	NA	NA	NA	1	0.0046890389939469	2.19870866867546e-05	1	0.895861299173792	0.802567467357354	1	-0.462239156109468	0.213665037440793	1	2.64549266381126	6.99863143427921	1.00170007435891	4413.71846028526	0	1.00159420934392	12199.4377516745	0	0.259121352264229	0.014657992125	0.26120221	0.507250553	0.3699211613813	0.19494730325	0.369512485	0.551207769
81	7	7	benefit_positive_truncnorm	benefit_positive_truncnorm	continuous	1	increasing	benefit	1	1	NA	2.39656503603077	5.06029479524081	700	252	420	700	700	252	476	0.64	0.32	6.90130370473037	24	24	0	2	1	10	4	1	5000	2500	1	0.95	12	10000	101080	0.8863	0.9997	1.02439083097564	-0.659021169002981	1.02473807981005	2.69606596959386	3.35508713859684	2.36237095122812	1.10621037662371	2.36588833422767	3.58530183171955	2.47909145509584	0.881372549019608	1.42928336408488	-0.439508696642434	0.359372459017324	9.04201261679455	9.48152131343698	0.082	0.9997	5.09550031084483	2.26682695549774	5.05748411143717	8.0894515572639	5.82262460176617	0	NA	NA	NA	NA	NA	NA	1	-1.37217420505514	1.88286204901869	1	-0.0341940848026523	0.00116923543549098	1	-3.63101143115594	13.1842440131851	1	0.0352055156040212	0.00123942832894498	1.000887703399	4045.49076483377	0	1.00136835389397	11632.7544876604	0	0.153286712907965	-0.0981189994	0.154093135	0.40082700325	0.33598579706692	0.15703087875	0.335461775	0.511977459
68	7	7	benefit_positive_truncnorm	benefit_positive_truncnorm	continuous	1	increasing	benefit	1	1	NA	2.42463570961182	5.12444471012311	700	252	420	700	700	252	487	0.64	0.304285714285714	6.426997896707	24	24	0	2	1	10	4	1	5000	2500	1	0.95	12	10000	101067	0.7553	0.991	0.580365181167505	-1.1249589366995	0.576555393492225	2.27365403205225	3.39861296875175	1.50127486087683	0.268216304895813	1.48989743525758	2.77578053027932	2.50756422538351	0.752441970381262	0.907515289636508	-2.55608026049554	0.19350704056947	7.96273391899306	10.5188141794886	0.0479	0.991	3.27066285253008	0.539242078684223	3.16984021696404	6.42975935176192	5.8905172730777	0	NA	NA	NA	NA	NA	NA	0	-1.84427052844431	3.40133378208827	1	-0.923360848734989	0.852595256976599	1	-4.21692942048661	17.7824937373655	1	-1.85378185759303	3.43650717554108	1.00169829195651	4671.93847443107	0	1.001578617892	11208.256910152	0	0.085794101650682	-0.16525441425	0.085939606	0.33518349875	0.211103619567395	0.037491583275	0.20953759	0.39318584975
74	7	7	benefit_positive_truncnorm	benefit_positive_truncnorm	continuous	1	increasing	benefit	1	1	NA	2.62518487087718	6.13507960900824	700	252	420	700	700	252	477	0.64	0.318571428571429	7.34646831609239	24	24	0	2	1	10	4	1	5000	2500	1	0.95	12	10000	101073	0.9195	1	1.17430594968698	-0.471545586382031	1.17294221979543	2.79456623542357	3.2661118218056	2.5774238579568	1.32858528212309	2.57694520394721	3.84209759624429	2.5135123141212	0.916492922199056	1.73208615286782	-0.232442296662791	0.470254143635028	9.33876353778776	9.57120583445055	0.0887	1	5.65596987310221	2.29000177248174	5.51898789025951	9.4392425061149	7.14924073363316	0	NA	NA	NA	NA	NA	NA	1	-1.4508789211902	2.10504964395405	1	-0.0477610129203887	0.00228111435518154	1	-4.40299345614042	19.3863513748154	1	-0.479109735906033	0.229546139039949	1.00180652494993	3972.47544093188	0	1.00094347299935	11931.0535355442	0	0.179897401249429	-0.07403165515	0.18015823	0.42604891475	0.37149127545468	0.19023031275	0.371017135	0.55651610325
82	7	7	benefit_positive_truncnorm	benefit_positive_truncnorm	continuous	1	increasing	benefit	1	1	NA	2.14274134606115	4.0648094748674	700	252	420	700	700	252	481	0.64	0.312857142857143	6.08366434628322	24	24	0	2	1	10	4	1	5000	2500	1	0.95	12	10000	101081	0.9704	0.9998	1.60191289259698	-0.068596662249933	1.58057212197117	3.3137680607061	3.38236472295603	2.47603168161245	1.20119772468618	2.47715638436664	3.73544973450968	2.5342520098235	0.969537261515758	3.09876257360145	-0.0306204888466833	1.68126744237625	12.3658616932409	12.3964821820876	0.0513	0.9998	5.29963209837502	2.27358496315928	5.27072609734303	8.49086489060366	6.21727992744438	0	NA	NA	NA	NA	NA	NA	1	-0.540828453464171	0.292495416076447	1	0.333290335551306	0.111082447771902	1	-0.966046901265942	0.933246615445529	1	1.23482262350762	1.52478691152625	1.00241778751816	4273.66125523954	0	1.00195941778788	11108.8862680951	0	0.23617640320593	-0.0103912943	0.234433355	0.485831329	0.352136182445	0.17015415675	0.351396715	0.53401713725
71	7	7	benefit_positive_truncnorm	benefit_positive_truncnorm	continuous	1	increasing	benefit	1	1	NA	1.2768717681764	2.05312477985748	700	252	420	700	700	252	486	0.64	0.305714285714286	6.36494685598628	24	24	0	2	1	10	4	1	5000	2500	1	0.95	12	10000	101070	0.5946	0.9988	0.211614855941502	-1.40846861622154	0.197542746126131	1.92390117413256	3.3323697903541	1.89098769867636	0.601664137835527	1.89639452222212	3.13174324679391	2.53007910895838	0.591311594957808	0.375081428541677	-4.2538992140529	0.05774040587524	6.79875627795053	11.0526554920034	0.0401	0.9988	3.61118417017399	0.94745996214875	3.61165336956783	6.5304882707855	5.58302830863675	0	NA	NA	NA	NA	NA	NA	1	-1.0652569122349	1.13477228906423	1	0.614115930499954	0.377138376093824	1	-1.6780433513158	2.81582948889518	1	1.55805939031651	2.42754906375344	1.00184818631109	4335.05626456291	0	1.00161033795025	11083.9108028566	0	0.0309772176799254	-0.21410838525	0.030158525	0.28503855825	0.263641407534276	0.08413150375	0.26424753	0.439161547
61	7	7	benefit_positive_truncnorm	benefit_positive_truncnorm	continuous	1	increasing	benefit	1	1	NA	2.50741612266851	4.66484692456609	700	252	420	700	700	252	487	0.64	0.304285714285714	7.07067059554885	24	24	0	2	1	10	4	1	5000	2500	1	0.95	12	10000	101060	1	1	3.64079323617357	1.91877436837667	3.64976368974786	5.30993416201585	3.39115979363918	3.52464407520793	2.27285530474813	3.52575509410404	4.7648335176096	2.49197821286146	1	6.221792222799	0.3708416465626	5.75268518846055	14.8061242654441	14.4352826188815	0.2242	1	7.18421013215024	4.26203765573555	6.99808477048145	10.7910092360348	6.52897158029926	0	NA	NA	NA	NA	NA	NA	1	1.13337711350506	1.28454368141707	1	1.01722795253942	1.03475270742755	1	1.5569452982329	2.42407866168954	1	2.51936320758414	6.34719097172866	1.00111247289874	4050.21451865378	0	1.00158076740576	12247.2602238216	0	0.5472611404023	0.292667627	0.547723395	0.80396252725	0.504514338626	0.3224877065	0.5040977	0.68647290225
69	7	7	benefit_positive_truncnorm	benefit_positive_truncnorm	continuous	1	increasing	benefit	1	1	NA	2.20962979522149	4.78910373762687	700	252	420	700	700	252	485	0.64	0.307142857142857	7.17254424204342	24	24	0	2	1	10	4	1	5000	2500	1	0.95	12	10000	101068	1	1	3.7797966872641	2.0718930286668	3.77470835822597	5.48598121627121	3.41408818760441	4.17933268546568	2.94341492968765	4.17967375162454	5.40386155503876	2.4604466253511	1	5.81006401718563	0.349803213619914	5.30867007150762	14.4987617132183	14.1489584995984	0.2551	1	8.45149365821688	5.34062258610142	8.33129953446813	12.4154003030738	7.07477771697241	1e-04	NA	NA	NA	NA	NA	NA	1	1.57016689204262	2.46542406886677	0	1.96970289024419	3.87972947583632	1	1.02096027955876	1.0423598924367	0	3.66238992059	13.4130999304393	1.00131047147921	4629.07871299332	0	1.00131226653057	10930.7639658557	0	0.5658074261733	0.318321404	0.56460407	0.821913022	0.595252558401	0.416476449	0.594906745	0.77479330375
76	7	7	benefit_positive_truncnorm	benefit_positive_truncnorm	continuous	1	increasing	benefit	1	1	NA	1.85940169810891	3.18818634948126	700	252	420	700	700	252	486	0.64	0.305714285714286	7.19389981682157	24	24	0	2	1	10	4	1	5000	2500	1	0.95	12	10000	101075	0.9919	1	2.01814069231188	0.3633428487297	2.01840448541803	3.67196696610148	3.30862411737178	3.15338676652609	1.93856567213847	3.15892784547864	4.36009097470542	2.42152530256695	0.991295264623955	2.87700018461292	0.0764667183638732	1.45150274067667	11.3405740061505	11.2641072877866	0.1384	1	6.23579483946429	3.59384450341558	6.0989636675763	9.65900547303795	6.06516096962237	0	NA	NA	NA	NA	NA	NA	1	0.15873899420297	0.0251980682805705	0	1.29398506841718	1.67439735728662	1	-0.311186164868338	0.0968368292054646	0	3.04760848998303	9.28791750821665	1.00158269995096	4146.47995600078	0	1.00206608088085	11213.2591550636	0	0.3084758165102	0.0584307575	0.308653825	0.55705949375	0.449973892205	0.274129779	0.45008525	0.62829750075
138	7	7	benefit_positive_truncnorm	benefit_positive_truncnorm	continuous	1	increasing	benefit	1	1	NA	2.49496356116248	5.13685337399352	700	252	420	700	700	252	481	0.64	0.312857142857143	7.32814647364455	24	24	0	2	1	10	4	1	5000	2500	1	0.95	12	10000	101137	0.9957	1	2.26434772980588	0.547985145861694	2.26286262234645	3.99742409769778	3.44943895183609	2.8754473513216	1.64296883775239	2.87175262476568	4.10447546030148	2.4615066225491	0.994954236094813	3.31097927157239	0.106453071672627	1.96154867060616	11.8233376052566	11.7168845335839	0.1478	1	6.16364847772099	2.676430342826	6.06321021636068	10.4474624942846	7.77103215145863	0	NA	NA	NA	NA	NA	NA	1	-0.230615831356603	0.0531836616722973	1	0.380483790159117	0.144767914573847	1	-1.82587410242113	3.33381623789215	1	1.02679510372748	1.05430818503872	1.00150256845029	4719.70103754118	0	1.00173340693812	11053.3483679487	0	0.344566196709382	0.084330917	0.344355175	0.604325688	0.4166089521254	0.23646299525	0.41555895	0.59928797125
111	7	7	benefit_positive_truncnorm	benefit_positive_truncnorm	continuous	1	increasing	benefit	1	1	NA	2.61141746926766	5.49759079469804	700	252	420	700	700	252	480	0.64	0.314285714285714	6.9263027174002	24	24	0	2	1	10	4	1	5000	2500	1	0.95	12	10000	101110	0.9955	0.9999	2.27320086145937	0.583317383937364	2.27686817386431	3.91993900146597	3.33662161752861	2.36890952583518	1.12080969900466	2.36980695934237	3.5976585912026	2.47684889219794	0.995200187309764	3.29678413379991	0.113415476621039	2.02017974986129	11.9556664996256	11.8422510230045	0.1458	0.9999	6.23131145059778	2.88707724843211	6.23700143284913	9.61568579449541	6.7286085460633	0	NA	NA	NA	NA	NA	NA	1	-0.338216607808297	0.114390473797351	1	-0.242507943432478	0.05881010262785	1	-2.20080666089813	4.84354995865358	1	0.733720655899737	0.53834600089394	1.00094841288573	3602.87951663543	0	1.00139015288893	10903.0550471358	0	0.346626055581496	0.09216109765	0.34709808	0.594447496	0.33922131202115	0.160141412	0.3388353	0.517226423
59	7	7	benefit_positive_truncnorm	benefit_positive_truncnorm	continuous	1	increasing	benefit	1	1	NA	2.12353145318365	4.04693792902895	700	252	420	700	700	252	497	0.64	0.29	6.91560753804882	24	24	0	2	1	10	4	1	5000	2500	1	0.95	12	10000	101058	0.9983	1	2.36840985746302	0.764454858710397	2.35622156462573	4.07385130588681	3.30939644717641	2.68218644032111	1.46550279123883	2.68767465076576	3.89828901831063	2.4327862270718	0.997980038022814	3.36353276712108	0.145420538095461	2.09974129567749	11.8528666245932	11.7074460864977	0.1584	1	5.81452820275273	3.07867104587819	5.81182795597992	8.5655725448978	5.48690149901961	0	NA	NA	NA	NA	NA	NA	1	0.244878404279369	0.0599654328824099	1	0.55865498713746	0.312095394653556	1	-0.683405161907875	0.467042615322329	1	1.76759027372377	3.12437537576289	1.00103156998368	4696.8120877498	0	1.00160735375185	12464.2741404255	0	0.36513220334261	0.120409725	0.36278832	0.621557968	0.3880849387625	0.21036331825	0.387887865	0.568989587
134	7	7	benefit_positive_truncnorm	benefit_positive_truncnorm	continuous	1	increasing	benefit	1	1	NA	2.16788962624568	4.18798172573163	700	252	420	700	700	252	476	0.64	0.32	7.30232761674614	24	24	0	2	1	10	4	1	5000	2500	1	0.95	12	10000	101133	1	1	3.20698295154303	1.50058918898033	3.19621463753862	4.90382838862277	3.40323919964244	3.10333012140222	1.87796124785925	3.10753740648981	4.30979565624696	2.43183440838771	1	5.03808574039621	0.277322334363002	4.25693480754208	13.8297918417364	13.5524695073734	0.2025	1	5.90678720378591	3.19895473048927	5.77357773975307	9.36466041266169	6.16570568217243	0	NA	NA	NA	NA	NA	NA	1	1.03909332529735	1.07971493867751	1	0.935440495156544	0.87504891997872	1	0.85010401466458	0.722676835748836	1	1.71880547805428	2.9542922713894	1.00129575603908	4089.60041645693	0	1.00192468756203	11221.9090834202	0	0.4856681745835	0.234032385	0.483929905	0.73736402625	0.448033915456	0.269938774	0.44799211	0.62751049725
73	7	7	benefit_positive_truncnorm	benefit_positive_truncnorm	continuous	1	increasing	benefit	1	1	NA	2.12706471054983	3.89586629596086	700	252	420	700	700	252	481	0.64	0.312857142857143	6.96579313598194	24	24	0	2	1	10	4	1	5000	2500	1	0.95	12	10000	101072	0.9985	1	2.41668740600599	0.798583238775563	2.41312289847114	4.06557099401491	3.26698775523935	2.81615695314912	1.59636400985806	2.81312188616708	4.02242869066609	2.42606468080803	0.998215348007139	3.37030348860798	0.14321255453563	2.11764301979136	11.8902387578416	11.747026203306	0.1595	1	5.90477587182351	2.70010516820544	5.8957941318076	9.44538446011418	6.74527929190875	0	NA	NA	NA	NA	NA	NA	1	0.28962269545616	0.0838813057232915	1	0.68909224259929	0.474848118810519	1	-0.525562807352875	0.276216264472635	1	2.00890957586266	4.03571768399268	1.0016495954935	3895.11098135435	0	1.00134744815194	12359.596489828	0	0.369955502870893	0.122983909	0.36852363	0.61569588275	0.4083912971219	0.22937670325	0.407843475	0.58787068975
92	7	7	benefit_positive_truncnorm	benefit_positive_truncnorm	continuous	1	increasing	benefit	1	1	NA	2.3493770960461	4.69416262373871	700	252	420	700	700	252	455	0.64	0.35	7.24139082613455	24	24	0	2	1	10	4	1	5000	2500	1	0.95	12	10000	101091	0.7318	0.9856	0.515048033432151	-1.10739752044074	0.496268956957726	2.19173163834937	3.29912915879011	1.43248483564021	0.148783074275709	1.43582688610609	2.69533634978661	2.5465532755109	0.727815699658703	0.766299710770243	-2.42455764462287	0.159147926387708	7.25126400500281	9.67582164962568	0.0624	0.9856	3.35966871408767	0.284216822763973	3.20276724178429	7.25980011921437	6.9755832964504	0	NA	NA	NA	NA	NA	NA	0	-1.83432906261395	3.36476310995019	1	-0.916892260405896	0.840691417192234	1	-3.92786291296846	15.4281070630731	1	-1.33449390965103	1.7808739948957	1.00124989525186	4420.6595214358	0	1.00095071232029	11218.8914600119	0	0.0774189848707783	-0.16853083075	0.0756674705	0.32886210775	0.205052370019476	0.02126435585	0.20516464	0.3877449075
94	7	7	benefit_positive_truncnorm	benefit_positive_truncnorm	continuous	1	increasing	benefit	1	1	NA	1.62125950329678	2.9713523681472	700	252	420	700	700	252	462	0.64	0.34	7.29876244286318	24	24	0	2	1	10	4	1	5000	2500	1	0.95	12	10000	101093	0.8505	1	0.893379764177999	-0.736940845852515	0.874655346232848	2.60833790312445	3.34527874897696	2.74219016378494	1.46867096180264	2.75016259373541	4.0040795663985	2.53540860459586	0.845928973581637	1.25453656487699	-0.710934231730765	0.304065553047544	8.31391541249145	9.02484964422221	0.0764	1	7.00156666828046	3.53532048197189	6.80977571980217	11.2465927410567	7.71127225908482	0.0011	NA	NA	NA	NA	NA	NA	1	-0.727879739118785	0.529808914619631	1	1.12093066048816	1.25648554562242	1	-1.71681580327021	2.94745650235833	0	4.03021430013326	16.2426273049986	1.00193015142574	4617.74130379222	0	1.00109723333888	11804.7491862868	0	0.133462264665113	-0.11127098525	0.13115974	0.38844930425	0.3929717724506	0.208925474	0.39375562	0.5797741465
115	7	7	benefit_positive_truncnorm	benefit_positive_truncnorm	continuous	1	increasing	benefit	1	1	NA	1.78128125277769	3.34187159594951	700	252	420	700	700	252	492	0.64	0.297142857142857	6.54786504724725	24	24	0	2	1	10	4	1	5000	2500	1	0.95	12	10000	101114	0.9836	0.994	1.84280926574902	0.167197883647859	1.83560494235657	3.52813787809487	3.36093999444701	1.56188053834835	0.306689583207738	1.5728102758041	2.82449248973267	2.51780290652494	0.981864994962499	2.65216609723464	0.0373628841387722	1.05357780162194	11.0404905280207	11.0031276438819	0.1067	0.994	2.90960755131295	0.550120701977636	2.91846869943528	5.30387798336846	4.75375728139083	0	NA	NA	NA	NA	NA	NA	1	0.0615280129713323	0.00378569638020043	1	-0.219400714429335	0.0481366734921026	1	-0.689705498714872	0.47569367495753	1	-0.432264044636554	0.186852204285552	1.00174551738947	4466.80195832198	0	1.00157559283878	10705.6258344043	0	0.2752589693139	0.026411259925	0.275138745	0.522545009	0.217473418512068	0.042655201175	0.21867602	0.394813312
110	7	7	benefit_positive_truncnorm	benefit_positive_truncnorm	continuous	1	increasing	benefit	1	1	NA	2.19412183806586	4.08248404748439	700	252	420	700	700	252	477	0.64	0.318571428571429	7.37704731913863	24	24	0	2	1	10	4	1	5000	2500	1	0.95	12	10000	101109	0.9998	1	2.721290195361	1.05450753699555	2.71412653038468	4.45180198673845	3.3972944497429	2.87414203637391	1.61750071006207	2.87212413144652	4.12192295924401	2.50442224918194	0.999757986447241	3.98612911551415	0.193859219678875	3.00556555641173	12.5658522964254	12.3719930767465	0.1736	1	6.35491236919708	3.33814553965697	6.32664974753985	9.58726779483373	6.24912225517676	0	NA	NA	NA	NA	NA	NA	1	0.52716835729514	0.277906476933257	1	0.680020198308055	0.462427470106926	1	-0.0963549319702368	0.00928427291498896	1	2.27242832171269	5.16393047732196	1.00146235763523	4542.20313107575	0	1.00182166259957	10170.3447260642	0	0.408850537692362	0.1609016805	0.40786578	0.66396330375	0.4087873279094	0.2287150135	0.408033465	0.58909121475
75	7	7	benefit_positive_truncnorm	benefit_positive_truncnorm	continuous	1	increasing	benefit	1	1	NA	2.06292110775642	4.20035517749337	700	252	420	700	700	252	459	0.64	0.344285714285714	6.83983359935707	24	24	0	2	1	10	4	1	5000	2500	1	0.95	12	10000	101074	0.9999	1	2.94181014347377	1.30336985703066	2.93867810633953	4.61538541990718	3.31201556287652	2.89000183437563	1.6315063149441	2.88895576159699	4.14189964325377	2.51039332830967	0.999875404933965	4.15562814560952	0.225139055685074	3.16731608301532	12.968351470061	12.7432124143759	0.1974	1	6.70997419438402	3.10042481370291	6.57514804330605	11.0307114033281	7.93028658962523	0.0021	NA	NA	NA	NA	NA	NA	1	0.878889035717348	0.772445937104169	1	0.827080726619211	0.684062528344961	1	-0.044727031883852	0.00200050738113911	1	2.50961901689065	6.29818760993919	1.00191192213532	4430.05706482387	0	1.00119815916959	11862.3715251831	0	0.4473447939534	0.201521556	0.44632056	0.6997854235	0.4161278544794	0.23245174175	0.41582042	0.60185431675
117	7	7	benefit_positive_truncnorm	benefit_positive_truncnorm	continuous	1	increasing	benefit	1	1	NA	2.53812677309084	5.29205860347301	700	252	420	700	700	252	489	0.64	0.301428571428571	7.51122623140737	24	24	0	2	1	10	4	1	5000	2500	1	0.95	12	10000	101116	0.9997	1	2.82452585293135	1.16768235079565	2.8246193281729	4.46857408472061	3.30089173392496	3.22175596949154	1.99303042490413	3.22643285863843	4.44256680311981	2.44953637821568	0.999633610161212	4.21261204101997	0.211483108616563	3.26211731591973	12.7111362670815	12.499653158465	0.1812	1	5.49080096740262	3.02886120175527	5.45123089507942	8.21355383884435	5.18469263708909	0	NA	NA	NA	NA	NA	NA	1	0.286399079840515	0.0820244329334937	1	0.683629196400705	0.467348878171474	1	-1.07944656245305	1.1652048811917	1	0.198742363929605	0.0394985272203275	1.00128426443014	4771.78450330943	0	1.00169013957087	10238.7956976746	0	0.42989125512451	0.18095787925	0.428573625	0.674270243	0.4628996244158	0.28359082525	0.46281885	0.64192278675
93	7	7	benefit_positive_truncnorm	benefit_positive_truncnorm	continuous	1	increasing	benefit	1	1	NA	2.42937472633058	4.40057571290167	700	252	420	700	700	252	471	0.64	0.327142857142857	7.19310290108883	24	24	0	2	1	10	4	1	5000	2500	1	0.95	12	10000	101092	0.9453	0.9998	1.33890438117473	-0.286342150181343	1.35702832588785	2.98573052632592	3.27207267650726	2.22713577949132	0.972696583681306	2.23588073890197	3.4653044981406	2.4926079144593	0.941294196130754	1.94576269121277	-0.124037748233996	0.556998704696545	9.58273747859151	9.7067752268255	0.1006	0.9998	5.1399229515652	2.02471370038885	5.06094093457372	8.69469198692657	6.66997828653772	0	NA	NA	NA	NA	NA	NA	1	-1.09047034515585	1.18912557366431	1	-0.202238946839254	0.0409005916186504	1	-2.45481302168889	6.02610697145335	1	0.739347238663534	0.546634339319392	1.00090239857909	4767.81174039373	0	1.00202392978949	10867.9068312838	0	0.204120578260226	-0.0435521284	0.206748335	0.4510888905	0.320330126866147	0.13954860525	0.321396035	0.50335121075
107	7	7	benefit_positive_truncnorm	benefit_positive_truncnorm	continuous	1	increasing	benefit	1	1	NA	1.97650579690696	4.07175462498985	700	252	420	700	700	252	495	0.64	0.292857142857143	6.26123511251293	24	24	0	2	1	10	4	1	5000	2500	1	0.95	12	10000	101106	0.9418	1	1.32642592122722	-0.292580904726826	1.32033712491874	2.97743270388392	3.27001360861074	2.60234794047249	1.33981205283863	2.60193212888822	3.86590665182848	2.52609459898984	0.939210383991347	1.99002636409178	-0.135933106913843	0.565751785184711	9.93423011646891	10.0701632233827	0.0755	1	4.94960959991574	2.1842484541371	4.88627478641337	8.54564450083047	6.36139604669336	0	NA	NA	NA	NA	NA	NA	1	-0.650079875679731	0.422603844763775	1	0.625842143565531	0.391678388662699	1	-2.08172826089808	4.33359255222173	1	0.87785497492589	0.770629357002136	1.00187512012539	4432.82483762417	0	1.00126292454586	11966.3558007132	0	0.20023708296649	-0.044915719925	0.20045221	0.4460954045	0.3635913001275	0.18548218825	0.363350945	0.5461632115
97	7	7	benefit_positive_truncnorm	benefit_positive_truncnorm	continuous	1	increasing	benefit	1	1	NA	2.05257258427509	4.05554117123546	700	252	420	700	700	252	486	0.64	0.305714285714286	7.37273352293052	24	24	0	2	1	10	4	1	5000	2500	1	0.95	12	10000	101096	0.7543	1	0.583589791077508	-1.01960705966812	0.573196610882629	2.21452122974498	3.2341282894131	2.5473439480248	1.3284765046636	2.54508499292389	3.7765731565988	2.4480966519352	0.748081703231384	0.864645598248615	-2.00851543508989	0.174244306136554	7.34985486463319	9.35837029972307	0.0747	1	5.66558615926344	2.76430067108857	5.74433600675494	8.59567264275093	5.83137197166236	0	NA	NA	NA	NA	NA	NA	1	-1.46898279319758	2.15791044671057	1	0.494771363749707	0.244798702386745	1	-3.19089557298685	10.1818145577071	1	1.61004498802798	2.59224486347401	1.00143868465239	4029.64579294418	0	1.00320867776866	12272.2048391052	0	0.0892186606128374	-0.15710994425	0.0885133255	0.33399231525	0.3682733730158	0.19062180275	0.367517925	0.5494360345
109	7	7	benefit_positive_truncnorm	benefit_positive_truncnorm	continuous	1	increasing	benefit	1	1	NA	2.35834691227992	5.76067990809825	700	252	420	700	700	252	472	0.64	0.325714285714286	6.13373191285469	24	24	0	2	1	10	4	1	5000	2500	1	0.95	12	10000	101108	0.9912	1	1.98553855878967	0.348359560060046	1.97610200484705	3.70891347479849	3.36055391473844	2.56863429023454	1.26157725293308	2.56778110275846	3.84826137749733	2.58668412456425	0.990660440293529	3.15051961739201	0.0760896386962156	1.68091256931217	12.1791176571097	12.1030280184134	0.1006	1	5.95877173275109	2.82497171221572	5.95317722461527	9.42908588214173	6.60411416992601	0	NA	NA	NA	NA	NA	NA	1	-0.372808353490252	0.138986068432113	1	0.210287377954621	0.0442207813270298	1	-2.61016029070625	6.81293674317972	1	0.198091824652841	0.0392403709942919	1.00201165715404	4458.68902119646	0	1.00126437301207	10450.2211936416	0	0.294998835623068	0.052805220675	0.2934719	0.54552811525	0.35903794966888	0.1760826555	0.358485725	0.5412583695
139	7	7	benefit_positive_truncnorm	benefit_positive_truncnorm	continuous	1	increasing	benefit	1	1	NA	2.68718592092644	5.83439131730177	700	252	420	700	700	252	469	0.64	0.33	6.71736216070505	24	24	0	2	1	10	4	1	5000	2500	1	0.95	12	10000	101138	0.9997	1	3.11618259289201	1.42249583650572	3.11429980301907	4.84689309588347	3.42439725937775	3.19339131062959	1.93120169656646	3.19521501623591	4.46937215600036	2.5381704594339	0.999627976190476	4.59628461037963	0.250467744275413	3.66173613910175	13.5920986787207	13.3416309344453	0.1936	1	7.42764829592882	4.02555834068574	7.03469982100002	11.963492602827	7.93793426214127	5e-04	NA	NA	NA	NA	NA	NA	1	0.428996671965567	0.184038144557532	1	0.50620538970315	0.256243896564518	1	-1.23810670692214	1.53290821772558	1	1.59325697862705	2.53846779994379	1.0016394996776	4098.86368392889	0	1.0019271522856	11155.3804275854	0	0.47286724059683	0.22090225225	0.47279355	0.73235306225	0.457694454563	0.27553269675	0.457755975	0.6453177205
104	7	7	benefit_positive_truncnorm	benefit_positive_truncnorm	continuous	1	increasing	benefit	1	1	NA	2.69452633991259	5.91355279105324	700	252	420	700	700	252	483	0.64	0.31	7.19863868226747	24	24	0	2	1	10	4	1	5000	2500	1	0.95	12	10000	101103	0.9902	1	1.95090083435782	0.286611327858707	1.95444707031939	3.61161136367098	3.32500003581228	4.24618502048238	3.01748786415108	4.25384327779894	5.44419846668636	2.42671060253528	0.98945615982242	3.19542850035296	0.0665480777322686	1.83571088443726	12.2336509768154	12.1671028990831	0.099	1	8.18600705892316	5.08865722084937	7.9927780555098	12.5448229702952	7.4561657494458	0.0011	NA	NA	NA	NA	NA	NA	1	-0.743625505554767	0.552978892511583	0	1.55165868056979	2.40764466098758	1	-2.71812429070028	7.38819965969489	1	2.27245426786991	5.16404839956019	1.00132950757673	4588.44528861585	0	1.00111711400719	11590.793798656	0	0.291141859249349	0.0447111097	0.29212023	0.53826738625	0.607505353802	0.42671208075	0.60781459	0.78737562725
114	7	7	benefit_positive_truncnorm	benefit_positive_truncnorm	continuous	1	increasing	benefit	1	1	NA	2.00858727169768	3.99721577924072	700	252	420	700	700	252	497	0.64	0.29	7.04408944774402	24	24	0	2	1	10	4	1	5000	2500	1	0.95	12	10000	101113	0.7112	0.9776	0.468375150120352	-1.18761083469243	0.465675695220554	2.13928284733662	3.32689368202904	1.28896443659846	0.0261923388562761	1.28791213417234	2.52187062522462	2.49567828636834	0.709120958578659	0.903288141891616	-3.79023918808962	0.185474034178057	8.39511294451809	12.1853521326077	0.0319	0.9776	2.03163745186045	0.0380339532647933	1.92091855770889	4.71003143776915	4.67199748450436	0	NA	NA	NA	NA	NA	NA	1	-1.54021212157733	2.37225337945375	1	-0.719622835099222	0.517857024796242	1	-3.0939276373491	9.57238822515261	1	-1.96557832738027	3.86349816106702	1.00134403742008	4363.38824584997	0	1.00190764819464	11404.3790873053	0	0.0688334837704459	-0.1773494055	0.069553768	0.31293696025	0.183042563437922	0.003650200995	0.182796755	0.35961006625
96	7	7	benefit_positive_truncnorm	benefit_positive_truncnorm	continuous	1	increasing	benefit	1	1	NA	2.38421195614066	4.3701867802536	700	252	420	700	700	252	485	0.64	0.307142857142857	7.04144049810811	24	24	0	2	1	10	4	1	5000	2500	1	0.95	12	10000	101095	0.9587	0.9996	1.47914776260903	-0.153554009140256	1.46787592741873	3.19809029711388	3.35164430625413	2.21218776585788	0.985884447441996	2.21827279848414	3.42294883788205	2.43706439044005	0.957153704306324	2.53398126657517	-0.0728826559464301	0.951092636919473	11.096738977691	11.1696216336374	0.0781	0.9996	4.97393253290243	1.89516518073989	5.03103971642512	7.92269489511577	6.02752971437588	0	NA	NA	NA	NA	NA	NA	1	-0.90506419353163	0.819141194413059	1	-0.17202419028278	0.029592322042446	1	-1.83620551367843	3.37165068846306	1	0.603745752648831	0.364508933841504	1.00158362075289	4232.71243262613	0	1.00096916425227	12803.4463334353	0	0.223943599478539	-0.023721711625	0.22299217	0.482340313	0.319687089845902	0.14117231875	0.320104775	0.4948345685
91	7	7	benefit_positive_truncnorm	benefit_positive_truncnorm	continuous	1	increasing	benefit	1	1	NA	2.27139380185304	4.70386136402307	700	252	420	700	700	252	472	0.64	0.325714285714286	7.58008679448123	24	24	0	2	1	10	4	1	5000	2500	1	0.95	12	10000	101090	0.9975	1	2.37798959137641	0.748624859225749	2.37471736692855	4.04377325885104	3.29514839962529	3.38485771352819	2.15402058252445	3.38520235928363	4.61082890993197	2.45680832740752	0.997216507321796	3.35645396422923	0.140618541874813	2.13972488885187	11.6158039190824	11.4751853772076	0.1737	1	7.41414519899696	4.21697885464606	7.29558325383583	11.3878093777966	7.17083052315056	0	NA	NA	NA	NA	NA	NA	1	0.106595789523366	0.0113626623441098	1	1.11346391167514	1.23980188260291	1	-1.34740739979384	1.8155067010192	1	2.71028383497389	7.3456384661208	1.00172178398845	4543.98645070745	0	1.00152757775592	10802.3407152025	0	0.363659307772292	0.116588952	0.364151005	0.61576524525	0.4880344198078	0.30868884075	0.48752269	0.6691061575
108	7	7	benefit_positive_truncnorm	benefit_positive_truncnorm	continuous	1	increasing	benefit	1	1	NA	2.11748270047987	4.41815074161111	700	252	420	700	700	252	470	0.64	0.328571428571429	7.62750202393534	24	24	0	2	1	10	4	1	5000	2500	1	0.95	12	10000	101107	0.9969	1	2.28243900526631	0.68129330554284	2.27419123867536	3.91685668499372	3.23556337945088	3.32816608490432	2.08915878860576	3.33284044606043	4.56423757512897	2.47507878652321	0.996659508470532	3.32423797108283	0.130994582091007	2.11607787341269	11.5166498030151	11.3856552209241	0.1618	1	7.38711301377435	3.48239265848607	7.39021333009739	11.7385788296167	8.25618617113063	0	NA	NA	NA	NA	NA	NA	1	0.164956304786438	0.0272105824887962	1	1.21068338442445	1.46575425732144	1	-1.09391277052828	1.19664514952486	1	2.96896227216324	8.81473697352869	1.0007443928554	4114.8519215087	0	1.0012375002242	11030.1058174532	0	0.35585957837494	0.11135445	0.355750615	0.60961720475	0.485182336521	0.3033962235	0.485176095	0.67118940075
103	7	7	benefit_positive_truncnorm	benefit_positive_truncnorm	continuous	1	increasing	benefit	1	1	NA	2.12760424967775	4.22927399153677	700	252	420	700	700	252	500	0.64	0.285714285714286	6.74758098664761	24	24	0	2	1	10	4	1	5000	2500	1	0.95	12	10000	101102	0.9977	0.9995	2.43031028725306	0.781172055994284	2.41822839547112	4.15061039775966	3.36943834176537	2.15226752558572	0.921890286665193	2.15444092041438	3.38332363989847	2.46143335323328	0.997433204993583	3.5313382918357	0.140649126140776	2.30725913759831	12.233532318105	12.0928831919642	0.1429	0.9995	3.76099001124554	1.5579077528	3.74207494626616	6.11368427953133	4.55577652673134	0	NA	NA	NA	NA	NA	NA	1	0.302706037575307	0.0916309451845434	1	0.0246632759079719	0.000608277178512747	1	-0.697935699701074	0.487114240917228	1	-0.468283980291234	0.2192898861974	1.00122783309098	4711.24006461218	0	1.001218533205	11283.6265580911	0	0.367151172568553	0.123388974	0.366128685	0.62796329425	0.30590185464433	0.130549887	0.306105915	0.4839755055
87	7	7	benefit_positive_truncnorm	benefit_positive_truncnorm	continuous	1	increasing	benefit	1	1	NA	2.2457887107149	4.6564623285417	700	252	420	700	700	252	498	0.64	0.288571428571429	7.118628790877	24	24	0	2	1	10	4	1	5000	2500	1	0.95	12	10000	101086	0.8955	0.9998	1.05412718312943	-0.586844601456276	1.04074723584192	2.74809510413551	3.33493970559179	2.30840769161775	1.08720208110953	2.31352335148835	3.50498666334555	2.41778458223603	0.891941590048675	1.68781696136514	-0.314549107764796	0.422365308840027	9.34323924296438	9.65778835072918	0.0755	0.9998	4.42648897748509	1.97503332475996	4.37202039138064	7.24066886989687	5.26563554513691	0	NA	NA	NA	NA	NA	NA	1	-1.19166152758547	1.42005719632734	1	0.0626189809028475	0.00392113676931117	1	-2.96864536717655	8.81285531605882	1	-0.229973351056611	0.0528877421962071	1.00178280881749	4316.89468717794	0	1.00120381905031	9914.5562044375	0	0.158432188576634	-0.09006709555	0.15718618	0.4105976935	0.33326626041679	0.1556382375	0.33367846	0.5092542495
60	7	7	benefit_positive_truncnorm	benefit_positive_truncnorm	continuous	1	increasing	benefit	1	1	NA	1.81636726620075	3.26197666077583	700	252	420	700	700	252	485	0.64	0.307142857142857	7.54521680174815	24	24	0	2	1	10	4	1	5000	2500	1	0.95	12	10000	101059	0.8497	0.999	0.85615846606223	-0.780346165189206	0.857546457168238	2.50722830678432	3.28757447197353	2.00346991230396	0.757797111758883	2.01884446357748	3.21138481001038	2.4535876982515	0.845619368146781	1.2168840831774	-1.16461405068594	0.288410226072124	8.24353918357641	9.40815323426235	0.0789	0.999	4.21150708579153	1.63722737516584	4.13683229749744	7.04536323419782	5.40813585903198	0	NA	NA	NA	NA	NA	NA	1	-0.960208800138522	0.922000939863459	1	0.187102646103211	0.0350074001788235	1	-2.04509257759842	4.18240365094816	1	0.949530425015709	0.901608028030513	1.00106684318937	4441.53225144884	0	1.00176726493943	10200.8969685416	0	0.129754302162602	-0.11904483975	0.13093888	0.37782229525	0.28739233735394	0.108486537	0.289411655	0.4619359005
102	7	7	benefit_positive_truncnorm	benefit_positive_truncnorm	continuous	1	increasing	benefit	1	1	NA	2.12064760393051	4.42263086720539	700	252	420	700	700	252	480	0.64	0.314285714285714	7.73203799500223	24	24	0	2	1	10	4	1	5000	2500	1	0.95	12	10000	101101	0.7943	0.9992	0.698110181201356	-0.976339163559809	0.704813551414107	2.38227758026747	3.35861674382728	2.1013778287104	0.83392775793099	2.1106590760744	3.35883522670286	2.52490746877187	0.78854769970495	0.996240648038438	-1.60400715999173	0.228010478035621	7.45957082454554	9.06357798453727	0.0849	0.9992	4.50406650124139	1.57379356910461	4.60862984116247	7.22172002202864	5.64792645292403	0	NA	NA	NA	NA	NA	NA	1	-1.42253742272915	2.0236127190649	1	-0.019269775220109	0.000371324237033526	1	-3.42639021916695	11.7401499340029	1	0.0814356340360032	0.00663176249084584	1.00120508501594	4743.81938075766	0	1.0018889286006	11583.0726739495	0	0.106916364569865	-0.1503286235	0.108118155	0.364063998	0.30355218220493	0.1199205285	0.304512875	0.4873646325
90	7	7	benefit_positive_truncnorm	benefit_positive_truncnorm	continuous	1	increasing	benefit	1	1	NA	2.10751941153655	4.43706624759319	700	252	420	700	700	252	483	0.64	0.31	7.0926404826446	24	24	0	2	1	10	4	1	5000	2500	1	0.95	12	10000	101089	0.9142	0.9963	1.17654281423486	-0.497322495399163	1.16907329047647	2.85166007239735	3.34898256779651	1.75097029276514	0.486810917082116	1.74962584063564	2.98717236905269	2.50036145197057	0.910974184638266	2.17887078449313	-0.336955370248318	0.668695960784317	10.7675268220121	11.1044821922604	0.0587	0.9963	3.47960191161471	0.867507396428737	3.40848008127837	6.32949672330237	5.46198932687364	0	NA	NA	NA	NA	NA	NA	1	-0.930976597301689	0.866717424723432	1	-0.356549118771404	0.127127274096665	1	-2.25819546310006	5.09944674956572	1	-0.95746433597848	0.916737954670712	1.00103439781955	4018.47819801826	0	1.00171386313613	10937.7710328463	0	0.176404198460676	-0.07572355115	0.176167095	0.4236341965	0.248861499941471	0.0690307799	0.24804589	0.42503010475
153	7	7	benefit_positive_truncnorm	benefit_positive_truncnorm	continuous	1	increasing	benefit	1	1	NA	1.72899785398316	3.37246103599864	700	252	420	700	700	252	493	0.64	0.295714285714286	6.74325428511607	24	24	0	2	1	10	4	1	5000	2500	1	0.95	12	10000	101152	0.9899	0.998	1.93481656540794	0.289411477619207	1.94279769420387	3.60681450901951	3.3174030314003	1.88078400978062	0.606350832016048	1.87642961064278	3.1352438284502	2.52889299643416	0.989129216631178	2.88485576017254	0.0636831110629038	1.40088872605845	11.4948359825892	11.4311528715263	0.1077	0.998	3.56199070837342	1.07177616595968	3.44027648274267	6.73069140586796	5.65891523990829	0	NA	NA	NA	NA	NA	NA	1	0.205818711424779	0.0423613419725564	1	0.151786155797458	0.0230390370917703	1	-0.487605275826093	0.237758905013441	1	0.189529672374785	0.0359214967104933	1.0012777904295	4439.59026761713	0	1.00132530591981	10103.4765532148	0	0.2913485192032	0.0441252474	0.293640875	0.53695706875	0.26659670250109	0.0858587859	0.265749685	0.44797835
105	7	7	benefit_positive_truncnorm	benefit_positive_truncnorm	continuous	1	increasing	benefit	1	1	NA	1.7026840292131	3.50353038113125	700	252	420	700	700	252	459	0.64	0.344285714285714	7.46756802337593	24	24	0	2	1	10	4	1	5000	2500	1	0.95	12	10000	101104	0.3982	0.9991	-0.212845417830431	-1.81301079647179	-0.226946192052763	1.44194769993756	3.25495849640934	2.00068496954942	0.723261928589172	2.00899439942719	3.23635084436549	2.51308891577631	0.396948182685175	-0.278535574200075	-5.46185096757966	-0.0630636027734415	4.06770869545342	9.52955966303308	0.0563	0.9991	4.57779415054251	1.43346331426388	4.48762557657838	8.54103125629975	7.10756794203587	0	NA	NA	NA	NA	NA	NA	0	-1.91552944704353	3.6692530624909	1	0.298000940336315	0.0888045604413278	1	-3.78206595533133	14.3040228904763	1	1.07426376941126	1.15404264626968	1.00128661931845	4463.12894212801	0	1.00112614324649	10371.2095299262	0	-0.0337619832773314	-0.280755573	-0.035327887	0.2220296555	0.295248354557926	0.10535188725	0.29613039	0.4824679895
95	7	7	benefit_positive_truncnorm	benefit_positive_truncnorm	continuous	1	increasing	benefit	1	1	NA	2.29494233891758	4.15934438861156	700	252	420	700	700	252	483	0.64	0.31	7.25605181584109	24	24	0	2	1	10	4	1	5000	2500	1	0.95	12	10000	101094	0.9957	1	2.15605564691808	0.520771422756203	2.15617454824224	3.82648391669315	3.30571249393695	2.28578508108356	1.04009767158733	2.27781414431742	3.49673536057885	2.45663768899151	0.994943555973659	3.14397029005735	0.104082896842074	1.78613129669617	11.686622591556	11.5825396947139	0.1496	1	5.1853435816851	1.9374891703814	5.09799119795044	8.7468149736483	6.8093258032669	0	NA	NA	NA	NA	NA	NA	1	-0.138886691999501	0.0192895132145642	1	-0.00915725783401555	8.38553710386392e-05	1	-1.01537409855421	1.03098456001478	1	1.02599919307354	1.05267434418755	1.00097868981082	4503.59850975041	0	1.00179115855409	11204.8157117747	0	0.332255305728073	0.08115197755	0.331884025	0.58385760025	0.331257030523	0.14917132025	0.33007334	0.5099218795
119	7	7	benefit_positive_truncnorm	benefit_positive_truncnorm	continuous	1	increasing	benefit	1	1	NA	2.54528616397209	5.5596192700548	700	252	420	700	700	252	480	0.64	0.314285714285714	7.04698447949643	24	24	0	2	1	10	4	1	5000	2500	1	0.95	12	10000	101118	1	1	3.66941856025077	1.93041592620367	3.66832005834176	5.42997626884766	3.49956034264399	3.84662564118343	2.59118481695517	3.85354807974216	5.07097299470135	2.47978817774618	1	6.58712426085508	0.536903117316659	6.04637807214804	15.1848960965553	14.6479929792387	0.1481	1	8.01791065183274	4.53097970698265	8.06928144220223	11.5344142921475	7.00343458516485	4e-04	NA	NA	NA	NA	NA	NA	1	1.12413239627868	1.26367364436324	0	1.30133947721134	1.69348443494869	1	1.02750499080029	1.0557665061195	1	2.45829138177794	6.04319651772371	1.00183543875018	4384.98774701691	0	1.00121280621176	11557.0523836105	0	0.5454671961674	0.292718786	0.543559165	0.803502687	0.548041854382	0.36606471025	0.54867415	0.728876542
118	7	7	benefit_positive_truncnorm	benefit_positive_truncnorm	continuous	1	increasing	benefit	1	1	NA	0.988443521383646	1.24879981605865	700	252	420	700	700	252	503	0.64	0.281428571428571	6.06786558507642	24	24	0	2	1	10	4	1	5000	2500	1	0.95	12	10000	101117	0.4944	0.9983	0.00131064806931637	-1.61593787777541	-0.0102088088880752	1.6704596187273	3.28639749650271	1.9241902089011	0.673431501577523	1.92363139029032	3.17142085670744	2.49798935512991	0.494139612073436	0.0224111110988587	-5.35277681011748	-0.00327425211683696	5.47420742335224	10.8269842334697	0.0359	0.9983	3.50518848885577	1.06077270451433	3.4244880040128	6.41752212508063	5.35674942056629	0	NA	NA	NA	NA	NA	NA	1	-0.987132873314329	0.974431309577804	1	0.935746687517451	0.875621863199882	1	-1.22638870495979	1.50402925565295	1	2.25638867279712	5.09128984272716	1.00123667047905	4316.29939958347	0	1.00185223956257	11945.6100773551	0	-0.00052280101850083	-0.2421049065	-0.00153907095	0.246558676	0.26940057986584	0.0942843206	0.268622575	0.447084803
120	7	7	benefit_positive_truncnorm	benefit_positive_truncnorm	continuous	1	increasing	benefit	1	1	NA	1.41506122591765	2.36535568075494	700	252	420	700	700	252	468	0.64	0.331428571428571	7.06608574143501	24	24	0	2	1	10	4	1	5000	2500	1	0.95	12	10000	101119	0.9981	1	2.35519509305559	0.708252193212042	2.35793728854224	4.0409187790444	3.33266658583236	2.80751326306311	1.5543719775619	2.80061139171813	4.02625757358297	2.47188559602107	0.997958489282069	4.10820494433495	0.15536855283429	3.00236597602539	13.4148957280435	13.2595271752092	0.1183	1	7.10072536882231	3.6649599844774	6.84052271181915	11.4889031641553	7.82394317967792	1e-04	NA	NA	NA	NA	NA	NA	1	0.940133867137948	0.883851688139753	0	1.39245203714547	1.93892267575056	1	1.74284926358	3.03752355556136	0	4.73536968806737	22.4237260826673	1.00111758283353	4375.72751790794	0	1.0009520244957	11121.0192784332	0	0.3538408318102	0.1091851835	0.35327667	0.60378623	0.4028648714717	0.22117117725	0.401708315	0.5812592035
106	7	7	benefit_positive_truncnorm	benefit_positive_truncnorm	continuous	1	increasing	benefit	1	1	NA	1.96849910726614	4.05641648555263	700	252	420	700	700	252	498	0.64	0.288571428571429	7.64581472251358	24	24	0	2	1	10	4	1	5000	2500	1	0.95	12	10000	101105	0.9888	0.996	1.96517814444702	0.306133856683163	1.97231462967569	3.64499591560159	3.33886205891843	1.55606128955242	0.34276380029403	1.5490849068674	2.76139215537016	2.41862835507613	0.988113273511246	2.75284441554795	0.0603031530366795	1.35861487154897	10.8466161373179	10.7863129842812	0.1419	0.996	3.0700247126082	0.612002377695869	3.02775486328975	5.66201918918263	5.05001681148676	0	NA	NA	NA	NA	NA	NA	1	-0.00332096281911953	1.10287940459744e-05	1	-0.412437817713722	0.170104953480457	1	-1.30357207000467	1.69930014169627	1	-0.986391772944422	0.97296872973244	1.00130908633306	4226.8432762582	0	1.0015876209127	11124.5393704155	0	0.299468047084068	0.0470983347	0.301487265	0.548657767	0.224898207792213	0.04960818195	0.22373454	0.40140258
101	7	7	benefit_positive_truncnorm	benefit_positive_truncnorm	continuous	1	increasing	benefit	1	1	NA	1.19695402629067	1.77489434387263	700	252	420	700	700	252	483	0.64	0.31	6.51899621573364	24	24	0	2	1	10	4	1	5000	2500	1	0.95	12	10000	101100	0.6761	0.9836	0.405899740803879	-1.25282094235253	0.404419878368074	2.08011041937224	3.33293136172477	1.39345638110654	0.106924960082972	1.39271447425867	2.65495736157692	2.54803240149394	0.671392297926365	0.627683467636318	-3.11246133444269	0.118994811715157	7.10674776008984	10.2192090945325	0.0548	0.9836	2.6102154226451	0.175968691525693	2.54336726208224	5.46151866015092	5.28554996862523	0	NA	NA	NA	NA	NA	NA	1	-0.791054285486792	0.625766882587019	1	0.19650235481587	0.0386131754481821	1	-1.14721087623631	1.31609279455488	1	0.835321078772472	0.697761304641606	1.00233822206332	4242.32825674816	0	1.00120497647451	11312.2403611844	0	0.0609282762225491	-0.190539894	0.061497374	0.31114029025	0.195802080416747	0.015259419175	0.195030675	0.374783692
100	7	7	benefit_positive_truncnorm	benefit_positive_truncnorm	continuous	1	increasing	benefit	1	1	NA	1.30057449825848	2.01115385107382	700	252	420	700	700	252	489	0.64	0.301428571428571	6.99387305947955	24	24	0	2	1	10	4	1	5000	2500	1	0.95	12	10000	101099	0.7195	0.9968	0.493989731215185	-1.09571760574397	0.488894518095122	2.14296084689995	3.23867845264391	1.70769364241217	0.501595378071926	1.70656733046405	2.9239121633719	2.42231678529997	0.716837826273	0.753244970478969	-2.45551632283783	0.139774464583025	7.58091398579771	10.0364303086355	0.0652	0.9968	4.45794400408679	1.28297375869313	4.50944515154503	7.33159387271856	6.04862011402543	0	NA	NA	NA	NA	NA	NA	1	-0.80658476704329	0.650578986426279	1	0.40711914415369	0.165745997536433	1	-1.25790888059485	1.58233475187939	1	2.44679015301297	5.98678205288125	1.00157110766999	4393.86991404615	0	1.00159789798364	9815.34602535361	0	0.0741997358719348	-0.169572049	0.074795391	0.320845251	0.242857046606358	0.07064267485	0.242273235	0.417439583
88	7	7	benefit_positive_truncnorm	benefit_positive_truncnorm	continuous	1	increasing	benefit	1	1	NA	2.11337945088633	4.45448389477862	700	252	420	700	700	252	486	0.64	0.305714285714286	6.87768644118654	24	24	0	2	1	10	4	1	5000	2500	1	0.95	12	10000	101087	0.8028	1	0.697861308503977	-0.885814886648001	0.687018029821317	2.29704890932057	3.18286379596857	2.47632666668508	1.23836035860089	2.47311639147269	3.70104919714513	2.46268883854423	0.797292907417434	1.00823955862528	-1.20465150919621	0.216964143184869	7.77271053846142	8.97736204765764	0.0765	1	4.33586888417325	1.93449667392964	4.22132854013152	7.40385501203897	5.46935833810933	0	NA	NA	NA	NA	NA	NA	1	-1.41551814238236	2.0036916114136	1	0.362947215798752	0.131730681456066	1	-3.44624433615334	11.876600024469	1	-0.118615010605371	0.0140695207409123	1.00165793764488	4016.50509489206	0	1.00111687008152	10111.3000726666	0	0.106131681032314	-0.13404959575	0.105235135	0.347362868	0.3518077391551	0.17548778275	0.350722795	0.52897731
86	7	7	benefit_positive_truncnorm	benefit_positive_truncnorm	continuous	1	increasing	benefit	1	1	NA	2.50382600169405	5.26971809936112	700	252	420	700	700	252	487	0.64	0.304285714285714	6.28985317462774	24	24	0	2	1	10	4	1	5000	2500	1	0.95	12	10000	101085	0.9991	1	2.54843093398976	0.877104204598533	2.54117997789201	4.27635978790458	3.39925558330605	2.51989821825288	1.26705613171841	2.52498224278767	3.74047364409625	2.47341751237784	0.998962894676193	3.84702017828584	0.161443975476851	2.7464717455719	12.7147697683525	12.5533257928757	0.1322	1	4.55290817002892	2.15226773430905	4.50573970172952	7.24217292113527	5.08990518682621	0	NA	NA	NA	NA	NA	NA	1	0.0446049322957145	0.00198959998510527	1	0.0160722165588343	0.000258316145114067	1	-1.42269792107529	2.02406937463195	1	-0.716809929332205	0.51381647478924	1.00159222280595	4320.86132748889	0	1.001341516511	11119.1541338085	0	0.38253037663353	0.1330143415	0.381473785	0.637621354	0.3584581862419	0.17865492575	0.35902539	0.535316779
89	7	7	benefit_positive_truncnorm	benefit_positive_truncnorm	continuous	1	increasing	benefit	1	1	NA	2.60106856701555	6.17520560526917	700	252	420	700	700	252	471	0.64	0.327142857142857	6.81486301584408	24	24	0	2	1	10	4	1	5000	2500	1	0.95	12	10000	101088	0.9988	1	2.53566711765237	0.929738200444235	2.52318711134411	4.20285139403773	3.27311319359349	2.55209637984954	1.28437718877932	2.55685913045432	3.79088249805762	2.50650530927831	0.998576174655909	3.64735233730574	0.158096807418032	2.48148009747491	12.4740031414828	12.3159063340648	0.1572	1	5.73130523880159	2.88817951402702	5.61455309464814	9.11021208888937	6.22203257486235	0	NA	NA	NA	NA	NA	NA	1	-0.0654014493631849	0.00427734957880524	1	-0.0489721871660151	0.00239827511582322	1	-2.52785326796343	6.39004214435338	1	-0.443900366467577	0.197047535350049	1.00191118330743	4199.77876378991	0	1.00157305826308	10433.7830933648	0	0.384804331554116	0.1457887035	0.383476135	0.63320813925	0.3640996306844	0.18153871175	0.36443994	0.54497350275
116	7	7	benefit_positive_truncnorm	benefit_positive_truncnorm	continuous	1	increasing	benefit	1	1	NA	1.85679861769356	3.43144009658247	700	252	420	700	700	252	477	0.64	0.318571428571429	6.64554700620207	24	24	0	2	1	10	4	1	5000	2500	1	0.95	12	10000	101115	0.9234	0.9993	1.1859848409317	-0.464004131873704	1.16643086962663	2.84625686842393	3.31026100029763	2.10917906290972	0.858362071595443	2.11962492946803	3.36965565575244	2.511293584157	0.921375122004121	1.73642823146014	-0.199011364321173	0.461406939327896	9.30417432529075	9.50318568961192	0.0779	0.9993	4.63385815834087	1.61439452296771	4.4675606498592	8.57990434867891	6.9655098257112	0	NA	NA	NA	NA	NA	NA	1	-0.670813776761856	0.449991123093505	1	0.252380445216165	0.0636958891275096	1	-1.69501186512233	2.87306522290548	1	1.2024180617584	1.44580919524282	1.00105646866166	4386.80428019375	0	1.00138649467524	10391.4878912464	0	0.179702180859922	-0.07011417315	0.17868615	0.42924973675	0.298821638674507	0.12065701225	0.30018322	0.47904944175
84	7	7	benefit_positive_truncnorm	benefit_positive_truncnorm	continuous	1	increasing	benefit	1	1	NA	1.75389930565655	3.15458884726623	700	252	420	700	700	252	476	0.64	0.32	7.41998525518826	24	24	0	2	1	10	4	1	5000	2500	1	0.95	12	10000	101083	0.9995	0.9999	2.50142949562338	0.865182311617998	2.51498290321384	4.1239478170365	3.2587655054185	2.44126116137561	1.20313078591933	2.4402281362486	3.66342088829562	2.46029010237628	0.999400910615864	3.6170325397638	0.168756795772392	2.50267615455634	12.0842281110164	11.915471315244	0.1654	0.9999	5.14201750383791	2.4928345539286	5.05444038032606	8.16465809989108	5.67182354596248	0	NA	NA	NA	NA	NA	NA	1	0.747530189966826	0.558801384911838	1	0.687361855719053	0.47246632069754	1	0.462443692497565	0.213854168730782	1	1.98742865657168	3.94987266496231	1.001006049024	4648.16872358717	0	1.00148322774738	11151.7433442302	0	0.38685858216758	0.13443482325	0.388298625	0.637539036	0.353741596856	0.1746689255	0.352899845	0.532428356
152	7	7	benefit_positive_truncnorm	benefit_positive_truncnorm	continuous	1	increasing	benefit	1	1	NA	2.32876723293378	3.96932133046475	700	252	420	700	700	252	482	0.64	0.311428571428571	7.28476127252326	24	24	0	2	1	10	4	1	5000	2500	1	0.95	12	10000	101151	0.9852	0.9999	1.78979242708843	0.162553337664061	1.78542233277672	3.45089534067854	3.28834200301448	2.48138494176762	1.21935325943175	2.48214443917537	3.71856650710999	2.49921324767824	0.983928571428571	2.69497617307096	0.0352274638393924	1.16912395633253	11.0882208566572	11.0529933928178	0.104	0.9999	4.68087751688704	2.05333177841919	4.49472471032984	8.14594501417031	6.09261323575111	0	NA	NA	NA	NA	NA	NA	1	-0.538974805845346	0.290493841336029	1	0.152617708833838	0.02329216504969	1	-1.27434515739379	1.623955580173	1	0.711556186422293	0.506312206435836	1.00096346205333	4403.9190591998	0	1.00144384531684	11746.892388559	0	0.271998995634023	0.025008516375	0.27120028	0.5219306545	0.3550996303399	0.173793039	0.35506527	0.53662472525
136	7	7	benefit_positive_truncnorm	benefit_positive_truncnorm	continuous	1	increasing	benefit	1	1	NA	1.61478514430062	2.96138112732706	700	252	420	700	700	252	506	0.64	0.277142857142857	7.10562389017944	24	24	0	2	1	10	4	1	5000	2500	1	0.95	12	10000	101135	0.8972	0.9991	1.04887619924256	-0.578411740460364	1.03160789030668	2.72554808729149	3.30395982775185	1.88236138705043	0.670022692272609	1.88635244118351	3.10396973576663	2.43394704349402	0.8945161646254	1.45754544520943	-0.29786464939478	0.371567562449263	8.489869214568	8.78773386396278	0.0937	0.9991	3.02003794555766	0.993836444171726	3.01908837911164	5.13043361041244	4.13659716624071	0	NA	NA	NA	NA	NA	NA	1	-0.565908945058057	0.320252934096723	1	0.267576242749814	0.0715970456841074	1	-1.50383568211763	2.26152175881019	1	0.0586568182305931	0.00344062232493684	1.00143959568309	4420.87479218294	0	1.00116338850546	11878.7218101068	0	0.157232787574808	-0.087594804775	0.156337535	0.40250925775	0.266294053239982	0.094791090125	0.26624671	0.440840061
149	7	7	benefit_positive_truncnorm	benefit_positive_truncnorm	continuous	1	increasing	benefit	1	1	NA	1.93793262153276	3.97379598116993	700	252	420	700	700	252	479	0.64	0.315714285714286	6.19645844599694	24	24	0	2	1	10	4	1	5000	2500	1	0.95	12	10000	101148	0.2244	0.9494	-0.643405519737857	-2.3160399252232	-0.645449591540788	1.00961269447598	3.32565261969919	1.09313325852029	-0.194394957796595	1.09214076857125	2.3807100247245	2.57510498252109	0.223304996889903	-0.888325927356661	-7.51908367825055	-0.209013884625795	2.34825208527971	9.86733576353026	0.0354	0.9494	2.07585841923501	-0.28963135240264	1.8770266387546	5.38001057643612	5.66964192883876	0	NA	NA	NA	NA	NA	NA	0	-2.58133814127062	6.66330659957846	1	-0.84479936301247	0.713685963746275	0	-4.86212190852659	23.6402294533743	1	-1.89793756193492	3.60216698900348	1.00123322586291	4182.45218433584	0	1.00173258089471	11020.4389485647	0	-0.096666976410546	-0.34783306925	-0.097024289	0.14754425225	0.152286049459973	-0.026969189925	0.151809225	0.33177391425
150	7	7	benefit_positive_truncnorm	benefit_positive_truncnorm	continuous	1	increasing	benefit	1	1	NA	1.54727034671838	2.86631100113809	700	252	420	700	700	252	455	0.64	0.35	7.18257172497256	24	24	0	2	1	10	4	1	5000	2500	1	0.95	12	10000	101149	0.9475	0.9906	1.33992949796622	-0.279059992763972	1.33698608145008	2.9937132215938	3.27277321435777	1.52195960600077	0.233971274660619	1.52044891574949	2.80351059472675	2.56953932006613	0.944280240831965	2.05814421448765	-0.121865812105846	0.608137311122116	10.16988834371	10.2917541558159	0.0865	0.9906	3.96230399654374	0.516497452437037	3.88346407120195	8.11509007261445	7.59859262017741	0	NA	NA	NA	NA	NA	NA	1	-0.207340848752159	0.0429902275612658	1	-0.0253107407176083	0.000640633595673995	1	-0.808166786650443	0.653133555044903	1	1.09599299540564	1.20120064597824	1.00148934839812	4210.40947202105	0	1.00124382908306	10871.3199116152	0	0.202143475539818	-0.0422817688	0.202447615	0.4502657035	0.217162242326754	0.033323138125	0.21644228	0.401000786
159	7	7	benefit_positive_truncnorm	benefit_positive_truncnorm	continuous	1	increasing	benefit	1	1	NA	1.58938001490464	2.91674054958001	700	252	420	700	700	252	481	0.64	0.312857142857143	5.98441449854699	24	24	0	2	1	10	4	1	5000	2500	1	0.95	12	10000	101158	0.9917	0.9978	2.11966059288169	0.35873404445537	2.1141751098241	3.9024968835064	3.54376283905103	1.81895882121849	0.520055481897736	1.82908350009562	3.07715590897718	2.55710042707945	0.990992005404797	3.03813043667285	0.0687850448863712	1.60801616303645	11.8379908778391	11.7692058329527	0.1119	0.9978	4.58860896864256	1.23128152233506	4.50318441826738	8.37169947748439	7.14041795514933	0	NA	NA	NA	NA	NA	NA	1	0.530280577977052	0.281197491379676	1	0.229578806313849	0.0527064283084919	1	0.121389887092847	0.0147355046884141	1	1.67186841906255	2.7951440106587	1.00132365161114	4271.86163756706	0	1.00230412184442	11197.1923723451	0	0.310449640769518	0.055979852075	0.309624145	0.56618739075	0.24914896529438	0.070112642425	0.25011105	0.42449486925
126	7	7	benefit_positive_truncnorm	benefit_positive_truncnorm	continuous	1	increasing	benefit	1	1	NA	2.23160134182895	4.63583212639858	700	252	420	700	700	252	484	0.64	0.308571428571429	6.91167449005014	24	24	0	2	1	10	4	1	5000	2500	1	0.95	12	10000	101125	0.993	1	2.11431827692055	0.452649769874115	2.11257579851653	3.79863681831474	3.34598704844062	2.55286803810151	1.28976977549932	2.55623543607686	3.8293431739773	2.53957339847799	0.992251647970394	2.96336068317669	0.0835813920581564	1.59418893565187	11.6173296676093	11.5337482755512	0.1353	1	4.98175550288581	2.27692660049722	4.81909990028145	8.65032919150608	6.37340259100886	0	NA	NA	NA	NA	NA	NA	1	-0.117283064908406	0.0137553173143094	1	0.321266696272558	0.103212290133884	1	-1.67247144322189	2.7971607283927	1	0.345923376487231	0.119662982400326	1.00206495481415	4222.52867514559	0	1.00108727123163	11467.8960639527	0	0.318675676086009	0.069180074775	0.317705685	0.570798748	0.36433310295199	0.1840561645	0.36476275	0.5490825725
144	7	7	benefit_positive_truncnorm	benefit_positive_truncnorm	continuous	1	increasing	benefit	1	1	NA	1.66141563271937	3.12904530297458	700	252	420	700	700	252	483	0.64	0.31	6.95007189467683	24	24	0	2	1	10	4	1	5000	2500	1	0.95	12	10000	101143	0.4164	0.7446	-0.167902622433144	-1.75910890404429	-0.163427855506232	1.42842930145571	3.18753820549999	0.422216273446946	-0.822330713553968	0.424009406562974	1.66787584623729	2.49020655979125	0.41340841478963	-0.20092133891296	-5.3572960619171	-0.0469216295046877	4.21851396283017	9.57581002474728	0.0588	0.7446	0.913728413521236	-1.7716358832023	0.864971247361129	3.87543841687401	5.64707430007631	0	NA	NA	NA	NA	NA	NA	0	-1.82931825515252	3.34640527863425	1	-1.23919935927243	1.5356150520212	1	-3.32996664188754	11.0886778360838	1	-2.21531688945335	4.90762892069725	1.00121289783867	4350.52462402653	0	1.00109542868286	9667.00150288259	0	-0.026442290274954	-0.2727331965	-0.025676764	0.221169864	0.0607472134789763	-0.1176035165	0.0609774655	0.2410641825
99	7	7	benefit_positive_truncnorm	benefit_positive_truncnorm	continuous	1	increasing	benefit	1	1	NA	2.12982238521467	4.18187673032018	700	252	420	700	700	252	475	0.64	0.321428571428571	7.0877875263186	24	24	0	2	1	10	4	1	5000	2500	1	0.95	12	10000	101098	0.9975	0.9998	2.45349194987161	0.725366379977158	2.43959577746693	4.22448207304332	3.49911569306616	2.46312333822833	1.21953769916509	2.46888968608166	3.74438236721203	2.52484466804694	0.997185318621932	4.55102006873261	0.175068023452873	3.59721387806672	13.5884704468657	13.4134024234128	0.1118	0.9998	5.87044439583105	2.5301859358005	5.62013939400186	9.77283794919775	7.24265201339724	0	NA	NA	NA	NA	NA	NA	1	0.323669564656946	0.104761987085217	1	0.333300953013659	0.111089525279813	1	0.369143338412433	0.136266804294276	1	1.68856766551087	2.85126076100884	1.00098920726744	4082.13397321222	0	1.0011525047878	10157.8715106291	0	0.362753111189141	0.10868202425	0.361979455	0.62012612625	0.3520223045992	0.17179433275	0.352031885	0.5377326305
148	7	7	benefit_positive_truncnorm	benefit_positive_truncnorm	continuous	1	increasing	benefit	1	1	NA	1.58217637996589	3.11465128211267	700	252	420	700	700	252	472	0.64	0.325714285714286	6.94857210264777	24	24	0	2	1	10	4	1	5000	2500	1	0.95	12	10000	101147	0.3742	0.9917	-0.262725075596229	-1.89791026807404	-0.262107648630472	1.37046225863312	3.26837252670716	1.5944229707662	0.313566474681052	1.59806053489622	2.87790326332144	2.56433678864039	0.370793650793651	-0.321764927866943	-5.9673232354825	-0.0701153124967786	3.80764156076112	9.77496479624362	0.055	0.9917	3.2814625162498	0.583360332639916	3.22165614187783	6.37491382914877	5.79155349650886	0	NA	NA	NA	NA	NA	NA	0	-1.84490145556212	3.40366138073523	1	0.0122465908003047	0.000149978986230107	1	-3.43641620997961	11.8089563682106	1	0.166811234137133	0.0278259878343535	1.00234689407535	4184.49510779108	0	1.00105664725955	11058.8954376773	0	-0.0407416879672353	-0.28443628325	-0.0401243905	0.20507404025	0.22397081336008	0.043866410825	0.224331765	0.405417694
146	7	7	benefit_positive_truncnorm	benefit_positive_truncnorm	continuous	1	increasing	benefit	1	1	NA	2.1402845202456	4.28347362643638	700	252	420	700	700	252	479	0.64	0.315714285714286	6.75451656561926	24	24	0	2	1	10	4	1	5000	2500	1	0.95	12	10000	101145	0.9913	1	1.99864612543194	0.330071822201909	1.99592339019036	3.71106578647477	3.38099396427286	3.03940130885484	1.76335260325753	3.04363056496627	4.27615186451965	2.51279926126212	0.990660592255125	2.90678425064483	0.0665243153250764	1.40676651568837	11.4664879007484	11.3999635854233	0.122	1	5.84911347083434	3.41614273526957	5.85317619080535	8.45830975193041	5.04216701666084	0	NA	NA	NA	NA	NA	NA	1	-0.141638394813653	0.0200614348853881	1	0.899116788609243	0.808410999558997	1	-1.37668937579155	1.89527363741734	1	1.56563984439796	2.45122812236647	1.00145822726724	4530.72778893564	0	1.00152217617656	11490.2777303271	0	0.301950743878913	0.049957241325	0.302267565	0.5551137	0.4309257002191	0.24804995525	0.431486955	0.610666948
129	7	7	benefit_positive_truncnorm	benefit_positive_truncnorm	continuous	1	increasing	benefit	1	1	NA	1.60721919647771	2.97010956118939	700	252	420	700	700	252	482	0.64	0.311428571428571	7.00834466148603	24	24	0	2	1	10	4	1	5000	2500	1	0.95	12	10000	101128	0.7357	0.9968	0.534487341108774	-1.08492873819194	0.529730911970472	2.22209771188508	3.30702645007703	1.73702996779244	0.50791367534464	1.7387738096907	2.97082118168723	2.46290750634259	0.733298969072165	0.911726362509699	-2.67660398467908	0.179119777698662	8.2568293950877	10.9334333797668	0.03	0.9968	3.69511041599944	0.935704594415231	3.49523933369991	7.42317127199685	6.48746667758162	0	NA	NA	NA	NA	NA	NA	1	-1.07273185536893	1.15075363352327	1	0.129810771314735	0.0168508363493265	1	-2.05838319867969	4.23694139260685	1	0.725000854810048	0.525626239475301	1.00131547363489	4337.91104161137	0	1.00189837215198	11841.0800099334	0	0.079311674257722	-0.164533698	0.0792290995	0.3252325385	0.24825079571975	0.072226556075	0.248055415	0.4273367545
137	7	7	benefit_positive_truncnorm	benefit_positive_truncnorm	continuous	1	increasing	benefit	1	1	NA	2.93103915552468	6.10289777632962	700	252	420	700	700	252	461	0.64	0.341428571428571	7.88388758293477	24	24	0	2	1	10	4	1	5000	2500	1	0.95	12	10000	101136	1	1	3.68699457585192	2.0470020325766	3.69529580187446	5.33650665313801	3.28950462056142	3.58033671100533	2.34040767682319	3.58848112604871	4.76749629547655	2.42708861865336	1	5.02002083796482	0.33273298168054	4.41701363664304	13.1392423944528	12.8065094127722	0.2952	1	8.04992596284428	4.31747296166962	7.79991487344503	12.9531501285317	8.63567716686205	0.0077	NA	NA	NA	NA	NA	NA	1	0.75595542032724	0.571468597522135	1	0.649297555480647	0.421587315553144	1	-1.0828769383648	1.17262246364232	1	1.94702818651466	3.79091875908256	1.00107330530415	4596.49517442612	0	1.00117534082646	11796.2104871049	0	0.5771656397047	0.32353201825	0.576929675	0.838378186	0.528142000906	0.34406908925	0.52886237	0.709718384
151	7	7	benefit_positive_truncnorm	benefit_positive_truncnorm	continuous	1	increasing	benefit	1	1	NA	1.8852825472959	3.5018358244286	700	252	420	700	700	252	496	0.64	0.291428571428571	6.45490511085998	24	24	0	2	1	10	4	1	5000	2500	1	0.95	12	10000	101150	0.9989	1	2.46407555797909	0.797228345510936	2.45991753772379	4.16174310137526	3.36451475586433	2.98149911674807	1.73548152848386	2.98955217809835	4.20178722821601	2.46630569973215	0.998856227839414	3.75457916339045	0.161035744625751	2.61242806083953	12.7818792625523	12.6208435179266	0.1257	1	5.39272322011319	2.79695762912519	5.31185947149748	8.4770358832231	5.68007825409791	0	NA	NA	NA	NA	NA	NA	1	0.578793010683192	0.335001349215713	1	1.09621656945217	1.20169076714148	1	0.252743338961853	0.0638791953895863	1	1.89088739568459	3.57545514315885	1.00126011313871	4050.47025631047	0	1.00128587178227	11275.4107988327	0	0.369103631162004	0.12106139875	0.368416795	0.61700271175	0.4195270252904	0.24284425325	0.420263175	0.59500649075
83	7	7	benefit_positive_truncnorm	benefit_positive_truncnorm	continuous	1	increasing	benefit	1	1	NA	1.85105514351836	3.23747985480806	700	252	420	700	700	252	485	0.64	0.307142857142857	7.0584047233109	24	24	0	2	1	10	4	1	5000	2500	1	0.95	12	10000	101082	0.9984	1	2.50891702891188	0.854350823411167	2.50726848620977	4.14972640938876	3.29537558597759	2.67620484664557	1.47868760302442	2.68482634062168	3.85020421054437	2.37151660751995	0.998065764023211	3.76911530926917	0.157028569960046	2.71977098646879	12.4664420850211	12.3094135150611	0.1728	1	5.52791194337976	2.71041009684326	5.5660808183064	8.2750012786884	5.56459118184513	0	NA	NA	NA	NA	NA	NA	1	0.657861885393527	0.432782260253526	1	0.825149703127212	0.680872032570926	1	0.53163545446111	0.282636256440071	1	2.2904320885717	5.24607915235894	1.00153418799503	4230.98128210302	0	1.00133088667923	11987.0800522481	0	0.385134917481503	0.134117147	0.383100925	0.6377852085	0.3888187738926	0.2130574385	0.389776965	0.56183889575
85	7	7	benefit_positive_truncnorm	benefit_positive_truncnorm	continuous	1	increasing	benefit	1	1	NA	2.44718474256094	4.57019581225162	700	252	420	700	700	252	475	0.64	0.321428571428571	7.3541760011079	24	24	0	2	1	10	4	1	5000	2500	1	0.95	12	10000	101084	0.9663	1	1.57044191140076	-0.130001851514609	1.56222402590416	3.24432906184535	3.37433091335996	2.74187582064216	1.5224086854053	2.73904064416134	4.02392991209372	2.50152122668842	0.964935641367066	2.31392858912161	-0.0535469229965375	0.736404819173798	10.4063060292842	10.4598529522807	0.0988	1	5.79627103631988	2.73228994892184	5.74318261014296	9.16801139482123	6.43572144589938	0	NA	NA	NA	NA	NA	NA	1	-0.876742831160189	0.768677991990783	1	0.294691078081215	0.0868428315006685	1	-2.25626722313001	5.09074178217081	1	1.22607522406826	1.50326045507403	1.00182769926532	4042.61278257057	0	1.0015842388082	11135.8442205471	0	0.236445464964205	-0.019189326775	0.23603054	0.48671398325	0.39934163179183	0.22043322275	0.399039015	0.58819796425
98	7	7	benefit_positive_truncnorm	benefit_positive_truncnorm	continuous	1	increasing	benefit	1	1	NA	2.07046333803706	3.70461499278846	700	252	420	700	700	252	497	0.64	0.29	5.95833807330524	24	24	0	2	1	10	4	1	5000	2500	1	0.95	12	10000	101097	0.956	0.9999	1.44727918922105	-0.185461148092053	1.44209596594155	3.13962278688384	3.32508393497589	2.23936637981082	0.980874130318733	2.23885829622674	3.50314537296817	2.52227124264944	0.952994692949204	2.09846568260388	-0.070628305910928	0.571001844854631	10.5220190714795	10.5926473773904	0.0767	0.9999	4.10945761778241	1.77359400142085	4.11257399270294	6.4207707955532	4.64717679413235	0	NA	NA	NA	NA	NA	NA	1	-0.623184148816003	0.388358483335526	1	0.168903041773769	0.0285282375204315	1	-1.60614931018457	2.57971560660639	1	0.404842624993953	0.163897551011994	1.00128570337086	4495.50253488449	0	1.00105555993477	11271.9853570523	0	0.215513667565314	-0.02822295695	0.215732195	0.4613563595	0.31421127749009	0.1362772635	0.313851065	0.49518430875
132	7	7	benefit_positive_truncnorm	benefit_positive_truncnorm	continuous	1	increasing	benefit	1	1	NA	2.57825597017149	5.37477095779703	700	252	420	700	700	252	476	0.64	0.32	7.23957124414589	24	24	0	2	1	10	4	1	5000	2500	1	0.95	12	10000	101131	0.9998	0.9988	3.04003633103033	1.37604917304948	3.04496987304424	4.70950819214998	3.33345901910051	1.8583726495895	0.662520253620322	1.85322154280297	3.10476158866324	2.44224133504292	0.999752413963852	4.70253460181123	0.248255930214852	3.91141087913218	13.4923497476496	13.2440938174347	0.1922	0.9988	4.33857336253844	1.47336377123775	4.21292881142813	7.65828852847025	6.1849247572325	0	NA	NA	NA	NA	NA	NA	1	0.461780360858841	0.213241101674921	1	-0.719883320581989	0.518231995252151	1	-0.672236355985803	0.451901718309072	1	-1.0361975952586	1.0737054564197	1.00139715680412	4538.83383876051	0	1.00211626187245	10916.3947182236	0	0.46052559184533	0.21292661725	0.461578165	0.7127353725	0.26720216108349	0.094986170225	0.26645141	0.447428708
131	7	7	benefit_positive_truncnorm	benefit_positive_truncnorm	continuous	1	increasing	benefit	1	1	NA	1.05842509816547	1.54819088902075	700	252	420	700	700	252	489	0.64	0.301428571428571	7.52697398818477	24	24	0	2	1	10	4	1	5000	2500	1	0.95	12	10000	101130	0.8808	0.9997	0.980692931117683	-0.670327908665505	0.978476686995483	2.62533374189438	3.29566165055989	2.13193197523131	0.93031762176263	2.13131940792201	3.35073590003189	2.42041827826926	0.875936177140996	1.39057905539633	-0.371985081068745	0.370563713148508	8.33746521499426	8.709450296063	0.0787	0.9997	3.78440668245785	1.45631636513639	3.71152030235111	6.43109791880554	4.97478155366915	0	NA	NA	NA	NA	NA	NA	1	-0.0777321670477907	0.00604228979394564	1	1.07350687706584	1.15241701510765	1	-0.157611833624421	0.0248414900984523	1	2.2362157934371	5.0006610748175	1.0011835463393	4402.93841268439	0	1.00161980514166	12196.9155499574	0	0.1499176879165	-0.10398046375	0.150574275	0.39964271775	0.3170232625642	0.13695026675	0.316759725	0.49928668675
160	7	7	benefit_positive_truncnorm	benefit_positive_truncnorm	continuous	1	increasing	benefit	1	1	NA	2.16540635375528	4.47331104540523	700	252	420	700	700	252	480	0.64	0.314285714285714	6.79503972939378	24	24	0	2	1	10	4	1	5000	2500	1	0.95	12	10000	101159	0.9946	1	2.1564799895584	0.497922886617699	2.16149232681428	3.82220026116148	3.32427737454378	3.06827245761423	1.80460276862189	3.07093196699541	4.28413260826209	2.47952983964019	0.994109494109494	3.07119732010807	0.0989799287764348	1.77375931398499	11.3647736700739	11.2657937412974	0.1342	1	6.6923099474257	3.80107775503697	6.52251043115321	10.5736948532141	6.77261709817714	1e-04	NA	NA	NA	NA	NA	NA	1	-0.00892636419687909	7.96799777753249e-05	1	0.902866103858956	0.815167201497452	1	-1.40211372529717	1.9659228986667	1	2.21899890202047	4.92395612716806	1.00113187786804	4088.15673597351	0	1.00154325761545	11096.3786471023	0	0.321991191343486	0.074452137875	0.32250833	0.56377185625	0.4343307206853	0.2537524945	0.434102665	0.612024757
147	7	7	benefit_positive_truncnorm	benefit_positive_truncnorm	continuous	1	increasing	benefit	1	1	NA	2.0757991070192	3.69940909947866	700	252	420	700	700	252	490	0.64	0.3	6.5581410659177	24	24	0	2	1	10	4	1	5000	2500	1	0.95	12	10000	101146	1	1	3.41532023694396	1.73796399703463	3.40933934470927	5.1092182138779	3.37125421684327	3.30401882654123	2.06892698514607	3.30673316959281	4.51026487478254	2.44133788963647	1	5.00309795064377	0.289505890712057	4.18387858042635	13.8627029444803	13.5731970537683	0.2163	1	7.5795086702426	4.30625051453366	7.52833727710894	10.9284426297616	6.62219211522798	0	NA	NA	NA	NA	NA	NA	1	1.33952112992476	1.79431685751492	1	1.22821971952203	1.50852367942278	1	1.30368885116511	1.6996046206522	0	3.88009957076394	15.0551726790425	1.00200895619906	4062.29205608603	0	1.00198950525143	12528.3925291559	0	0.5161538484726	0.2681715255	0.515217005	0.7639462415	0.471428513967	0.291936982	0.471307685	0.649973869
133	7	7	benefit_positive_truncnorm	benefit_positive_truncnorm	continuous	1	increasing	benefit	1	1	NA	2.43206076225096	4.91225065351053	700	252	420	700	700	252	484	0.64	0.308571428571429	6.98050476548755	24	24	0	2	1	10	4	1	5000	2500	1	0.95	12	10000	101132	0.7003	0.991	0.448082879858714	-1.16884097460458	0.437409329460763	2.13100000651122	3.29984098111579	1.56614495842126	0.303355101588388	1.56987888965301	2.82266612957851	2.51931102799012	0.694913443043385	0.629965202471461	-2.73456316816513	0.126866971078174	7.04001679096073	9.77457995912586	0.0642	0.991	3.03354262979566	0.497026976816725	2.9999858469352	5.79249229974941	5.29546532293269	0	NA	NA	NA	NA	NA	NA	0	-1.98397788239224	3.9361682378216	1	-0.865915803829693	0.749810179322023	1	-4.28228545103907	18.3379686841809	1	-1.87870802371487	3.52954383837062	1.00116882339262	4292.49327421668	0	1.00159437466699	9951.84714407412	0	0.0673534447267533	-0.181280096	0.0669623335	0.31698846675	0.22098436435136	0.0425347377	0.221010885	0.399729357
154	7	7	benefit_positive_truncnorm	benefit_positive_truncnorm	continuous	1	increasing	benefit	1	1	NA	1.49726180691793	2.51707803383092	700	252	420	700	700	252	526	0.64	0.248571428571429	6.00702554789986	24	24	0	2	1	10	4	1	5000	2500	1	0.95	12	10000	101153	0.657	0.9877	0.365508056195365	-1.2758301700502	0.343976842069462	2.08917608617231	3.36500625622251	1.39837216213045	0.179614376590965	1.39186349282595	2.63334905528433	2.45373467869336	0.654887983706721	0.592570223341694	-3.57552760616487	0.101932423494379	7.38781731297587	10.9633449191407	0.018	0.9877	2.49446915156974	0.283775991964869	2.51092736536202	4.74720216644978	4.46342617448491	0	NA	NA	NA	NA	NA	NA	1	-1.13175375072256	1.28086655227458	1	-0.0988896447874719	0.00977916184619236	1	-1.92450781048923	3.70373031263403	1	-0.0226088822611845	0.000511161557100104	1.00172937340005	4303.00331846163	0	1.00183673464404	9771.75521606462	0	0.0525289329583191	-0.1906080875	0.0510313405	0.295820103	0.192044774938536	0.0248406043	0.190857165	0.362327903
162	7	7	benefit_positive_truncnorm	benefit_positive_truncnorm	continuous	1	increasing	benefit	1	1	NA	2.7583453646623	6.35351119872392	700	252	420	700	700	252	478	0.64	0.317142857142857	7.93881444310778	24	24	0	2	1	10	4	1	5000	2500	1	0.95	12	10000	101161	0.984	1	1.69434578622795	0.1404222105359	1.69942445803957	3.25831568202319	3.11789347148729	2.56851431914813	1.35198066803711	2.57609848878694	3.75086605071364	2.39888538267653	0.982542781669921	2.38987582548245	0.0284583190153323	0.818999214125689	10.1899877221948	10.1615294031794	0.1293	1	5.98521984760163	3.10692548317094	5.90951459394857	8.96096436781435	5.85403888464341	0	NA	NA	NA	NA	NA	NA	1	-1.06399957843435	1.13209510290847	1	-0.189831045514167	0.0360358258410019	1	-3.96363537324147	15.7104053720111	1	-0.368291351122292	0.135638519311484	1.0009376704972	4401.33740737023	0	1.00128689099849	10541.8917060063	0	0.267464038581564	0.022950781525	0.268639945	0.50972767275	0.3779052635128	0.1975417215	0.3792017	0.55535079525
145	7	7	benefit_positive_truncnorm	benefit_positive_truncnorm	continuous	1	increasing	benefit	1	1	NA	2.43791889338995	5.20790226801015	700	252	420	700	700	252	455	0.64	0.35	7.32797224011205	24	24	0	2	1	10	4	1	5000	2500	1	0.95	12	10000	101144	0.9907	0.9999	1.95914856615626	0.328126079451999	1.95900449026137	3.6398051659289	3.3116790864769	2.50988069369103	1.22472138551221	2.51947133521966	3.76636814231362	2.54164675680141	0.989694224235561	2.97128033898973	0.0703683503500356	1.61064004535967	11.3820469796037	11.3116786292537	0.117	0.999899959983994	6.9159338433486	2.87651743215143	6.82390735276504	11.437234270899	8.56071683874754	4e-04	NA	NA	NA	NA	NA	NA	1	-0.478770327233697	0.229221026239461	1	0.0719618003010773	0.00517850070257214	1	-2.23662192902041	5.002477653375	1	1.70803157533846	2.91737186235317	1.00143394966097	4381.11174732904	0	1.00189614812443	11800.7295436288	0	0.294588097790396	0.0492374677	0.29558471	0.541803168	0.3644973912622	0.1763922155	0.36533469	0.55124908625
127	7	7	benefit_positive_truncnorm	benefit_positive_truncnorm	continuous	1	increasing	benefit	1	1	NA	1.52431796469817	2.73753276064955	700	252	420	700	700	252	497	0.64	0.29	6.60448582553829	24	24	0	2	1	10	4	1	5000	2500	1	0.95	12	10000	101126	0.9408	1	1.30848575736652	-0.336516404413415	1.29505109235959	2.99186038984192	3.32837679425534	2.70982501518583	1.44938336633623	2.71726269873676	3.92774334759435	2.47835998125812	0.938673613372409	1.92677585415859	-0.149074795911842	0.537960090111474	9.6868270135111	9.83590180942294	0.0787	1	4.82869399118946	2.33618030707357	4.74910779897543	7.58641585694331	5.25023554986974	0	NA	NA	NA	NA	NA	NA	1	-0.215832207331649	0.0465835417216518	1	1.18550705048766	1.40542696675595	1	-0.810756906490961	0.657326761422793	1	2.09116123053991	4.37295529211319	1.00233905316729	4198.39632303544	0	1.00180075733572	11696.0543530242	0	0.194613210884441	-0.050173935625	0.19380629	0.4427701615	0.3833540906515	0.203122985	0.383768925	0.55860939475
185	7	7	benefit_positive_truncnorm	benefit_positive_truncnorm	continuous	1	increasing	benefit	1	1	NA	1.32468049725554	2.25892708484772	700	252	420	700	700	252	489	0.64	0.301428571428571	6.04800941617126	24	24	0	2	1	10	4	1	5000	2500	1	0.95	12	10000	101184	0.7673	0.9928	0.634366890371711	-1.01149344384431	0.623121745126793	2.31934913671335	3.33084258055766	1.58463934038089	0.316037758793274	1.58308752273131	2.82496975409338	2.5089319953001	0.765515132986854	1.27267845969576	-3.11044701823276	0.288255868572221	9.20114365907652	12.3115906773093	0.0187	0.9928	3.37628593706869	0.63719391195949	3.34893528046677	6.28894242694242	5.65174851498293	0	NA	NA	NA	NA	NA	NA	1	-0.690313606883826	0.476532875848958	1	0.259958843125352	0.0675786001190715	1	-0.986248625151962	0.972686350614134	1	1.11735885222097	1.24849080463656	1.00224520845091	4170.27200606289	0	1.00132063616918	10534.1203375045	0	0.0920319505180169	-0.148945574	0.091916029	0.33167155425	0.223253720329205	0.044291619825	0.222877815	0.400843044
130	7	7	benefit_positive_truncnorm	benefit_positive_truncnorm	continuous	1	increasing	benefit	1	1	NA	2.14332871874866	4.69337966864975	700	252	420	700	700	252	469	0.64	0.33	7.38358077074898	24	24	0	2	1	10	4	1	5000	2500	1	0.95	12	10000	101129	0.99	1	1.94322075003262	0.29335684821239	1.93346349640183	3.63690133200119	3.3435444837888	3.15582429786004	1.90078616744984	3.14872303638966	4.40795273430534	2.50716656685551	0.989090491502067	2.78416222730231	0.0582288818415402	1.32681309708477	10.9810865244496	10.9228576426081	0.1292	1	6.65615985200994	3.55899012613532	6.48352071142564	10.6419937015843	7.08300357544903	1e-04	NA	NA	NA	NA	NA	NA	1	-0.200107968716038	0.0400431991436587	1	1.01249557911137	1.02514729772008	1	-1.90921744134744	3.64511123834526	1	1.96278018336019	3.85250604819146	1.00179244167073	4440.0201171972	0	1.00157164870553	11061.2850848905	0	0.289835000355989	0.043506005675	0.28851041	0.54060258975	0.4525745846125	0.27119951075	0.451191005	0.6379152725
135	7	7	benefit_positive_truncnorm	benefit_positive_truncnorm	continuous	1	increasing	benefit	1	1	NA	2.0872309478712	3.98365658029391	700	252	420	700	700	252	489	0.64	0.301428571428571	6.08197542328569	24	24	0	2	1	10	4	1	5000	2500	1	0.95	12	10000	101134	0.975	1	1.65435295993401	0.00138724714141718	1.6414404703611	3.33798246949827	3.33659522235685	2.56666133295556	1.30034865199959	2.5707265087986	3.86329408369455	2.56294543169497	0.973524962178517	2.70579530718316	-0.00477803040836457	1.1467110197603	11.5155540519666	11.520332082375	0.0746	1	4.74744900152595	2.16884962196904	4.72469640287449	7.77427317880997	5.60542355684093	0	NA	NA	NA	NA	NA	NA	1	-0.432877987937191	0.187383352440551	1	0.479430385084364	0.229853494142141	1	-1.27786127311075	1.63292943331623	1	0.763792421232036	0.583378862731497	1.00231530012233	3970.06058002923	0	1.00158184621909	10714.5524375105	0	0.244983170522102	0.000191747555500012	0.24446183	0.4913807875	0.3595017202269	0.18062452925	0.35995191	0.54326158325
128	7	7	benefit_positive_truncnorm	benefit_positive_truncnorm	continuous	1	increasing	benefit	1	1	NA	1.46878810931541	2.50311414137508	700	252	420	700	700	252	491	0.64	0.298571428571429	6.42333611443378	24	24	0	2	1	10	4	1	5000	2500	1	0.95	12	10000	101127	0.7049	1	0.454468468270997	-1.1780131019792	0.459274162427628	2.095368480004	3.2733815819832	2.25862886180749	0.991466209295374	2.26011172208497	3.51714485201616	2.52567864272078	0.702100707273303	0.690171230124041	-3.07284759924156	0.13923995982155	7.07874709127705	10.1515946905186	0.0527	1	4.34507904500839	1.50277247445581	4.17429844494168	8.0631133131952	6.5603408387394	0	NA	NA	NA	NA	NA	NA	1	-1.01431964104441	1.02884433420847	1	0.789840752492073	0.623848414297245	1	-1.81294291125104	3.28676199945539	1	1.84196490363331	3.39283470621686	1.00104681807687	4415.32224990268	0	1.00150410092445	11404.0566970137	0	0.0680364102526604	-0.181739768	0.0699870755	0.31030786425	0.32161938494541	0.14053158375	0.32160327	0.50376435775
161	7	7	benefit_positive_truncnorm	benefit_positive_truncnorm	continuous	1	increasing	benefit	1	1	NA	1.66898799348669	2.90541585369	700	252	420	700	700	252	465	0.64	0.335714285714286	7.25701685443338	24	24	0	2	1	10	4	1	5000	2500	1	0.95	12	10000	101160	0.9725	0.9996	1.6373167112478	-0.0336974698159466	1.63259773069464	3.33810075289128	3.37179822270723	2.31322107465176	1.03335115772298	2.31867583147925	3.55150231452754	2.51815115680457	0.970179372197309	2.35825718197242	-0.0196848709882901	0.762386805468581	10.510652718847	10.5303375898353	0.108	0.9996	6.12032905944027	2.62246722240679	6.08283271985313	9.79907162052706	7.17660439812027	0	NA	NA	NA	NA	NA	NA	1	-0.0316712822388898	0.00100307011865542	1	0.644233081165071	0.415036262867441	1	-0.547158671717587	0.299382612035755	1	3.21491320575027	10.3356669205075	1.00159504602846	4422.12716382265	0	1.0015022347382	10941.1110576697	0	0.246849212237963	-0.00520903458249999	0.24709552	0.4984509255	0.33135821869691	0.14753446025	0.331449945	0.5124122315
141	7	7	benefit_positive_truncnorm	benefit_positive_truncnorm	continuous	1	increasing	benefit	1	1	NA	1.23287800162588	2.18371483650516	700	252	420	700	700	252	468	0.64	0.331428571428571	7.1418597183693	24	24	0	2	1	10	4	1	5000	2500	1	0.95	12	10000	101140	0.1168	0.8443	-0.982332931384572	-2.58360146964463	-0.976468843164908	0.608413833070368	3.192015302715	0.656007049583777	-0.648045963407988	0.669978910616475	1.91768022620047	2.56572618960846	0.11716223265519	-1.54380691832798	-8.81942930950021	-0.40627474022215	0.567721001470086	9.3871503109703	0.0415	0.8443	1.23744845770632	-1.29424329905025	1.22836087445674	3.70298005547892	4.99722335452917	0	NA	NA	NA	NA	NA	NA	0	-2.21521093301045	4.90715947772904	1	-0.576870952042104	0.332780095309964	0	-3.72752175483314	13.8944184327543	1	-0.946266378798838	0.895420059645065	1.00168107273023	4281.12750109459	0	1.00133057243151	9558.13896421883	0	-0.150974575446145	-0.39674606775	-0.15122004	0.0921064787999999	0.0930750598282805	-0.09206720785	0.0947587965	0.271604617
155	7	7	benefit_positive_truncnorm	benefit_positive_truncnorm	continuous	1	increasing	benefit	1	1	NA	1.62743631009607	2.70539954385712	700	252	420	700	700	252	476	0.64	0.32	7.310036791669	24	24	0	2	1	10	4	1	5000	2500	1	0.95	12	10000	101154	0.6378	0.9341	0.296068795504076	-1.2774360850063	0.283065248968414	1.90461389444133	3.18204997944763	0.945104306720759	-0.306839032287679	0.944238156008186	2.16915622451901	2.47599525680669	0.634128324187421	0.469728146544038	-3.32947922092519	0.0826093373740351	6.40600321180369	9.73548243272888	0.0524	0.9341	2.2238333462952	-0.719377541233157	2.18679978770908	5.45285862815804	6.1722361693912	0	NA	NA	NA	NA	NA	NA	1	-1.33136751459199	1.77253945891087	1	-0.682332003375312	0.465576962830167	1	-2.23567139731308	4.99822659676382	1	-0.481566197561922	0.231906002634248	1.001825937313	4087.50097542414	0	1.00109021507565	11218.8815985044	0	0.045826972710167	-0.20202778825	0.044734156	0.291559817	0.137548706665264	-0.044782390425	0.13727131	0.31780360025
142	7	7	benefit_positive_truncnorm	benefit_positive_truncnorm	continuous	1	increasing	benefit	1	1	NA	2.29407672221259	5.48349019854308	700	252	420	700	700	252	479	0.64	0.315714285714286	7.12565624421666	24	24	0	2	1	10	4	1	5000	2500	1	0.95	12	10000	101141	0.8446	1	0.841201011203948	-0.766356251045563	0.83616957387196	2.48291229147463	3.2492685425202	2.9033292777674	1.68876978210616	2.89861883186254	4.1371140986778	2.44834431657164	0.840101791962676	1.40470567833848	-0.916139624548618	0.331264178691464	8.9480745413494	9.86421416589802	0.0569	1	6.27268286897466	2.76204348563733	6.22701462141138	9.78395887134643	7.0219153857091	0	NA	NA	NA	NA	NA	NA	1	-1.45287571100864	2.11084783163887	1	0.609252555554811	0.371188676450068	1	-4.0787845202046	16.6364831622606	1	0.789192670431587	0.622825071062939	1.00161593796826	4042.9255910548	0	1.00101002735171	12429.1943360103	0	0.126676550172917	-0.11869047325	0.12710746	0.371141024	0.4213844456829	0.2443156095	0.420208245	0.6075776815
157	7	7	benefit_positive_truncnorm	benefit_positive_truncnorm	continuous	1	increasing	benefit	1	1	NA	1.83465567708045	3.10219728956679	700	252	420	700	700	252	477	0.64	0.318571428571429	7.01454822985054	24	24	0	2	1	10	4	1	5000	2500	1	0.95	12	10000	101156	0.9711	0.9963	1.6242897271105	-0.0695720288701194	1.61192383857974	3.34366050262609	3.41323253149621	1.77185212578156	0.519648845695767	1.77267266040891	3.0202523741982	2.50060352850243	0.970290837068696	2.67080049753235	-0.0233855983247126	1.03184843224621	11.632232904042	11.6556185023667	0.0407	0.9963	3.94676802824909	0.983755377077983	3.88478898413402	7.32371695001251	6.33996157293453	0	NA	NA	NA	NA	NA	NA	1	-0.210365949969951	0.0442538329067598	1	-0.0628035512988852	0.0039442860557517	1	-0.431396792034438	0.186103192177604	1	0.844570738682298	0.713299732638362	1.00100524119254	4624.49037415829	0	1.00138381933611	11432.3617135296	0	0.240517828211536	-0.00999676898249999	0.240200445	0.492095696	0.253518249241743	0.073877216475	0.253237	0.4350917995
140	7	7	benefit_positive_truncnorm	benefit_positive_truncnorm	continuous	1	increasing	benefit	1	1	NA	1.89641790732693	3.86878191881524	700	252	420	700	700	252	475	0.64	0.321428571428571	7.04494508698306	24	24	0	2	1	10	4	1	5000	2500	1	0.95	12	10000	101139	0.9985	0.9999	2.49917296178832	0.811703337452915	2.50292237190339	4.15951732049868	3.34781398304577	2.20760442591634	0.928326951137417	2.20977269134682	3.44647458715428	2.51814763601687	0.998348667138476	3.88391357010866	0.153757114415514	2.8649746719336	12.4281190342587	12.2743619198432	0.1522	0.9999	4.76611327862773	1.68902337254928	4.65360069782654	8.39082959660609	6.70180622405681	0	NA	NA	NA	NA	NA	NA	1	0.602755054461398	0.363313655678763	1	0.311186518589418	0.0968370493518024	1	0.0151316512934203	0.000228966870865669	1	0.897331359812492	0.805203569302936	1.00123357885825	4554.2747487164	0	1.00176309730156	9600.30862327335	0	0.37243362148247	0.123324811	0.373269015	0.61669223425	0.31153045695393	0.13112032625	0.311416335	0.48872096
125	7	7	benefit_positive_truncnorm	benefit_positive_truncnorm	continuous	1	increasing	benefit	1	1	NA	2.56496134779224	5.54131534683223	700	252	420	700	700	252	451	0.64	0.355714285714286	7.91931311586582	24	24	0	2	1	10	4	1	5000	2500	1	0.95	12	10000	101124	0.9999	1	2.86364778133156	1.26818458903243	2.86902735263086	4.47463183066256	3.20644724163013	3.09341679713164	1.89841709982198	3.10374438960518	4.29490488641494	2.39648778659296	1	4.02332160594871	0.215305246063565	3.10527233637991	12.2506086762192	12.0353034301556	0.2329	1	7.51177555395175	3.76728156732689	7.38582460087905	11.9039453305602	8.13666376323329	0.0052	NA	NA	NA	NA	NA	NA	1	0.298686433539321	0.0892135855804392	1	0.5284554493394	0.279265161936507	1	-1.51799374088352	2.30430499736155	1	1.97046020711951	3.88271342784146	1.00116880202776	4054.24924139331	0	1.00185667727869	11668.3263661172	0	0.4553768105232	0.20065355125	0.456675015	0.70510877525	0.464663687783	0.2833179385	0.465616145	0.64624417525
195	7	7	benefit_positive_truncnorm	benefit_positive_truncnorm	continuous	1	increasing	benefit	1	1	NA	2.07120494483332	4.28586567927439	700	252	420	700	700	252	479	0.64	0.315714285714286	6.6199607054483	24	24	0	2	1	10	4	1	5000	2500	1	0.95	12	10000	101194	0.6002	0.9989	0.21351329131294	-1.32616551544035	0.201461911977109	1.85346069528745	3.1796262107278	1.94679505153143	0.707193431876861	1.95154423318066	3.15924165740743	2.45204822553057	0.598233995584989	0.320355001504742	-3.9266053405893	0.056192846445331	5.83056091756245	9.75716625815175	0.0487	0.9989	4.43041197325165	1.43382845874562	4.35220225454291	7.99942306194013	6.56559460319451	0	NA	NA	NA	NA	NA	NA	0	-1.85769165352038	3.45101827955927	1	-0.124409893301885	0.0154778215513864	1	-3.96551067776965	15.7252749355051	1	0.144546293977262	0.0208936311025611	1.0015211863197	4089.69501989654	0	1.00206162470782	11171.7497786859	0	0.0327448036261422	-0.207987163	0.0314010465	0.284694121	0.279111808278604	0.1006643475	0.279514045	0.45563836075
123	7	7	benefit_positive_truncnorm	benefit_positive_truncnorm	continuous	1	increasing	benefit	1	1	NA	2.82909010344874	6.00948278747374	700	252	420	700	700	252	460	0.64	0.342857142857143	7.88039519071099	24	24	0	2	1	10	4	1	5000	2500	1	0.95	12	10000	101122	0.9994	1	2.57940229304805	0.990018452909974	2.57427673976206	4.21978066219802	3.22976220928805	2.96478597497293	1.75587780933405	2.97077519888524	4.21751895440863	2.46164114507458	0.999380344528442	3.50187657240879	0.175897514147664	2.38576106863905	11.7122725064913	11.5363749923436	0.1931	1	6.74187500903109	3.34557264848334	6.61236245993966	11.3331102874577	7.98753763897441	0.0021	NA	NA	NA	NA	NA	NA	1	-0.249687810400693	0.0623440026626922	1	0.135695871524188	0.0184133695487089	1	-2.50760621506496	6.2880889298324	1	0.732392221557342	0.536398366197699	1.00160919194672	4348.65060015473	0	1.0012732318145	10609.6603852632	0	0.4031058697126	0.1556131325	0.40180812	0.65481682875	0.4398050963941	0.2596664125	0.440459405	0.629830654
183	7	7	benefit_positive_truncnorm	benefit_positive_truncnorm	continuous	1	increasing	benefit	1	1	NA	2.35286588386172	4.45984684603784	700	252	420	700	700	252	468	0.64	0.331428571428571	7.49262160093854	24	24	0	2	1	10	4	1	5000	2500	1	0.95	12	10000	101182	0.9504	1	1.36092138039262	-0.249499599124197	1.34590185504303	2.99882950150112	3.24832910062532	2.80436683748957	1.56403265338099	2.80784135954323	4.02504096919011	2.46100831580913	0.947185467593631	1.89087126280893	-0.104369720836675	0.53703988085261	9.55455669861236	9.65892641944903	0.1082	1	6.46599011464373	3.06034424478082	6.41675693963274	10.2163272684682	7.1559830236874	1e-04	NA	NA	NA	NA	NA	NA	1	-0.991944503469093	0.983953897962545	1	0.451500953627855	0.203853111126862	1	-2.56897558322891	6.5996355472263	1	2.00614326860589	4.02461081417272	1.00095709262727	4499.77841264105	0	1.00198720106352	11448.5882817913	0	0.208306973006586	-0.0392342822	0.206784995	0.45776635375	0.4096228847577	0.226943738	0.40893934	0.5923460305
184	7	7	benefit_positive_truncnorm	benefit_positive_truncnorm	continuous	1	increasing	benefit	1	1	NA	1.83872316552788	3.26469509697471	700	252	420	700	700	252	497	0.64	0.29	7.37697241974678	24	24	0	2	1	10	4	1	5000	2500	1	0.95	12	10000	101183	0.9554	0.9985	1.388024191898	-0.221369387505091	1.39555339993789	3.01926366355103	3.24063305105612	1.91005381501287	0.721846150266745	1.91202764421644	3.09849869995979	2.37665254969305	0.952526465131507	2.18781558840992	-0.106095095354971	0.685203771021504	10.0928578828673	10.1989529782222	0.0837	0.9985	3.40622416721295	1.06801145385781	3.27277639633601	6.51061582939073	5.44260437553292	0	NA	NA	NA	NA	NA	NA	1	-0.450698973629882	0.203129564831029	1	0.0713306494849872	0.00508806155595011	1	-1.07687950856479	1.15966947596675	1	0.141529070238245	0.0200304777225022	1.0009054942437	4565.68615298487	0	1.00125071845903	10525.4415530411	0	0.215588120277132	-0.034320918	0.21663794	0.4637053925	0.27562805951321	0.1035792495	0.27588864	0.44921830425
182	7	7	benefit_positive_truncnorm	benefit_positive_truncnorm	continuous	1	increasing	benefit	1	1	NA	2.22602616303722	4.83775908915674	700	252	420	700	700	252	506	0.64	0.277142857142857	6.36712866669346	24	24	0	2	1	10	4	1	5000	2500	1	0.95	12	10000	101181	0.7689	0.9982	0.623676251691947	-1.05134302098908	0.621652161843656	2.35021573248525	3.40155875347433	1.81763188419419	0.555186538614275	1.81177728963808	3.03255205539891	2.47736551678463	0.765961922793731	0.970984476061064	-2.04154853741367	0.204391055315551	8.07881702540851	10.1203655628222	0.0493	0.9982	4.19648180251987	1.34140292644337	4.2740439367673	6.73267221394212	5.39126928749876	0	NA	NA	NA	NA	NA	NA	1	-1.60234991134527	2.56752523838821	1	-0.408394278843029	0.166785886991718	1	-3.86677461309568	14.9519459084812	1	-0.641277286636872	0.411236558356349	1.00248223329631	4505.70797000981	0	1.00152911078958	10144.8272335861	0	0.092731122080598	-0.156771507	0.0929749205	0.34444761175	0.256037060179621	0.0777855419	0.255038455	0.4297236885
143	7	7	benefit_positive_truncnorm	benefit_positive_truncnorm	continuous	1	increasing	benefit	1	1	NA	1.35572126008497	1.98694197708562	700	252	420	700	700	252	485	0.64	0.307142857142857	6.78313718632548	24	24	0	2	1	10	4	1	5000	2500	1	0.95	12	10000	101142	0.4051	0.9456	-0.190368993837417	-1.78301589141082	-0.19495150871675	1.39461983606238	3.17763572747321	1.01607891817231	-0.230160751040162	1.01254671029487	2.26217248902551	2.49233324006567	0.401557402925392	-0.270083508685784	-5.75975108267433	-0.057121935055477	3.94017560400306	9.69992668667739	0.0497	0.9456	1.85639507309742	-0.397176929368132	1.75051686117896	4.79743666220191	5.19461359157004	0	NA	NA	NA	NA	NA	NA	1	-1.54609025392239	2.39039507327379	1	-0.339642341912654	0.115356920419912	1	-2.25702548577141	5.09416404342165	1	-0.130546903988201	0.0170424941409046	1.00155506535784	4097.56813472635	0	1.00132018677673	11731.6380064878	0	-0.0306485741093036	-0.28090843625	-0.030769851	0.213464842	0.145864266769127	-0.032977415025	0.144901715	0.3251882175
121	7	7	benefit_positive_truncnorm	benefit_positive_truncnorm	continuous	1	increasing	benefit	1	1	NA	1.20584020836486	1.84467381563614	700	252	420	700	700	252	505	0.64	0.278571428571429	5.87401378415943	24	24	0	2	1	10	4	1	5000	2500	1	0.95	12	10000	101120	0.9719	0.9914	1.61799695953921	-0.0364257375160099	1.62381345698055	3.28288518494265	3.31931092245866	1.5638908460446	0.273015315772982	1.56374111360001	2.83899474106922	2.56597942529624	0.970485732955783	2.39728150279162	-0.0133124011160836	0.787854050235731	10.94624869549	10.9595610966061	0.0818	0.9914	2.49462107859526	0.343226422752188	2.40545451917592	5.02965657310745	4.68643015035526	0	NA	NA	NA	NA	NA	NA	1	0.412156751174354	0.169873187538599	1	0.358050637679739	0.128200259142867	1	0.552607687155484	0.305375255903333	1	0.64994726295912	0.422431444628052	1.00077689797677	4365.39004801286	0	1.00199816282259	9126.69945323822	0	0.241257245530183	-0.0052397123975	0.24288229	0.48468029575	0.213891079219118	0.037305315225	0.21377256	0.3891669075
156	7	7	benefit_positive_truncnorm	benefit_positive_truncnorm	continuous	1	increasing	benefit	1	1	NA	1.6990952127486	3.10209955961056	700	252	420	700	700	252	473	0.64	0.324285714285714	7.03200144173422	24	24	0	2	1	10	4	1	5000	2500	1	0.95	12	10000	101155	0.5991	0.9323	0.229354646738853	-1.41406763872338	0.210185967121849	1.9295959601055	3.34366359882888	0.975031816242021	-0.320105978123594	0.977913755232624	2.24861109982774	2.56871707795134	0.595861355406105	0.469909865731251	-4.8554937937246	0.070778861914409	7.42136840691662	12.2768622006412	0.0335	0.9323	2.23337763202983	-0.692906130145694	2.21697309421256	5.29504999716744	5.98795612731314	0	NA	NA	NA	NA	NA	NA	1	-1.46974056600975	2.16013733137466	1	-0.724063396506583	0.524267802160649	1	-2.63218969387931	6.92842258456447	1	-0.868721927580735	0.754677787459588	1.00114448719665	4296.72075709634	0	1.00162720543441	11164.4613044384	0	0.0338930494768734	-0.21593574025	0.031945616	0.28694155475	0.138907577116686	-0.0454290818	0.139474205	0.32100239125
158	7	7	benefit_positive_truncnorm	benefit_positive_truncnorm	continuous	1	increasing	benefit	1	1	NA	2.28354196506528	4.17267913055382	700	252	420	700	700	252	482	0.64	0.311428571428571	6.81101082794321	24	24	0	2	1	10	4	1	5000	2500	1	0.95	12	10000	101157	1	1	3.75233357397611	2.05444810960565	3.75262813399588	5.47284240348274	3.41839429387709	2.81053676039345	1.55592058895744	2.80919589638374	4.07102073593095	2.51510014697351	1	5.44252965176495	0.337575268894664	4.84523902577371	14.090589266932	13.7530139980374	0.2404	1	4.62560742587877	2.32907809254572	4.42774351846165	7.91698503528311	5.58790694273739	0	NA	NA	NA	NA	NA	NA	1	1.46879160891083	2.15734879040686	1	0.526994795328175	0.277723514302985	1	1.26985052121113	1.61252034622019	1	0.45292829532495	0.205144040705965	1.0015128727775	4501.50912694328	0	1.0018743119023	11201.7250505991	0	0.5646043500986	0.315518775	0.56332617	0.818036719	0.394636233596	0.216611587	0.3944691	0.57531133925
124	7	7	benefit_positive_truncnorm	benefit_positive_truncnorm	continuous	1	increasing	benefit	1	1	NA	1.97696177093577	4.00099344128208	700	252	420	700	700	252	488	0.64	0.302857142857143	7.07837187352353	24	24	0	2	1	10	4	1	5000	2500	1	0.95	12	10000	101123	0.8702	1	0.961518391804756	-0.704183660315181	0.955006889824495	2.71368029295193	3.41786395326712	3.24039581426066	2.01343899456871	3.24199944856636	4.49748687652283	2.48404788195412	0.865864144453998	1.50677074037113	-0.540462290684132	0.373127035843449	9.16125269823859	9.70171498892272	0.0696	1	6.97864039321031	3.37665774883138	7.17029974715683	10.1656992997018	6.78904155087043	0	NA	NA	NA	NA	NA	NA	1	-1.01544337913102	1.03112525622102	0	1.26343404332489	1.59626558183228	1	-2.49422270091096	6.22114688173954	1	2.97764695192823	8.86638137032749	1.00170409161081	4936.84716966999	0	1.00138177541208	10594.0663642725	0	0.14338158722539	-0.105669879	0.14386383	0.4004694635	0.4612977622103	0.28528321175	0.46119276	0.64365678575
189	7	7	benefit_positive_truncnorm	benefit_positive_truncnorm	continuous	1	increasing	benefit	1	1	NA	1.3910440825199	2.20138065680481	700	252	420	700	700	252	475	0.64	0.321428571428571	6.50636977593443	24	24	0	2	1	10	4	1	5000	2500	1	0.95	12	10000	101188	0.9937	0.9998	2.1591567819592	0.448255379333337	2.1610941794974	3.86943855724299	3.42118317790965	2.58748418467318	1.28496213079818	2.58255601629444	3.84695629566631	2.56199416486813	0.992988011762045	3.2781356844596	0.0917685051943324	1.91907279238903	11.9305736690329	11.8388051638385	0.1158	0.9998	6.02985258124217	2.87009700767262	5.94421270935477	9.62087031950484	6.75077331183222	0	NA	NA	NA	NA	NA	NA	1	0.768112699439298	0.589997119039925	1	1.19644010215328	1.43146891804054	1	1.07675502765479	1.15940138957988	0	3.82847192443736	14.6571972762051	1.00151495932949	4379.14592707364	0	1.00133219715137	11700.6076989061	0	0.324341700973807	0.069186937975	0.324501815	0.576611586	0.3640416204841	0.17886072125	0.363225625	0.54515835475
165	7	7	benefit_positive_truncnorm	benefit_positive_truncnorm	continuous	1	increasing	benefit	1	1	NA	2.10181748283379	3.98182360084455	700	252	420	700	700	252	473	0.64	0.324285714285714	6.60867067916227	24	24	0	2	1	10	4	1	5000	2500	1	0.95	12	10000	101164	0.8195	0.9982	0.774582408984029	-0.854744677521985	0.775140180701497	2.44245727807296	3.29720195559495	1.95142575834754	0.674493957052312	1.9472984136708	3.2260452658408	2.55155130878849	0.814296399187947	1.10237386628581	-1.6264622505573	0.261507870437392	7.98412693904785	9.61058918960515	0.0641	0.9982	3.58609558247332	1.05674975631991	3.49977767117237	6.52587582592321	5.46912606960331	0	NA	NA	NA	NA	NA	NA	1	-1.32723507384976	1.76155294125699	1	-0.150391724486248	0.0226176707939475	1	-2.87944973455875	8.29123077385043	1	-0.395728018371235	0.156600664524025	1.0013004506512	4306.97480930584	0	1.00156566682554	11247.4228916003	0	0.115721592667525	-0.13105109025	0.11740668	0.36308989825	0.27300840955879	0.093604743425	0.272319735	0.45230560525
163	7	7	benefit_positive_truncnorm	benefit_positive_truncnorm	continuous	1	increasing	benefit	1	1	NA	1.47411388122568	2.3874659495977	700	252	420	700	700	252	510	0.64	0.271428571428571	6.31556152001184	24	24	0	2	1	10	4	1	5000	2500	1	0.95	12	10000	101162	0.976	0.9993	1.67385275011928	0.0143629239455743	1.67094733516777	3.33536919177222	3.32100626782664	1.96594734285076	0.759357671203065	1.96373213444493	3.1644139975884	2.40505632638534	0.974353377714722	2.58546204899867	-0.00342941436526915	0.946204016573191	11.1188595789027	11.122288993268	0.0837	0.9993	3.23609910964216	1.10463718533798	3.17619120939951	5.65353020644062	4.54889302110264	0	NA	NA	NA	NA	NA	NA	1	0.199738868893604	0.0398956157468964	1	0.491833461625082	0.241900153974111	1	0.197996099400967	0.0392024553779977	1	0.848633160044459	0.720178240327044	1.00140594745637	4402.47938611512	0	1.00117662469525	10607.7089175502	0	0.254818097271544	0.0021327639475	0.2557268	0.50497820175	0.2798661826815	0.1072683915	0.279333345	0.45195745175
164	7	7	benefit_positive_truncnorm	benefit_positive_truncnorm	continuous	1	increasing	benefit	1	1	NA	1.80615958971643	3.27028741391811	700	252	420	700	700	252	490	0.64	0.3	7.3998700833331	24	24	0	2	1	10	4	1	5000	2500	1	0.95	12	10000	101163	0.9074	0.9991	1.08290896192944	-0.531458223727945	1.07124260495718	2.71997972819041	3.25143795191835	1.97562690953257	0.716910652428027	1.97805672207642	3.23697505634918	2.52006440392115	0.903156307228267	1.65658784595805	-0.317328503339486	0.438147426406525	9.35359398904233	9.67092249238181	0.0717	0.9991	2.83833900432861	0.901773154159143	2.74644281360538	5.26210795696127	4.36033480280212	0	NA	NA	NA	NA	NA	NA	1	-0.723250627786988	0.523091470594272	1	0.169467319816136	0.0287191724856647	1	-1.61369956796006	2.60402629563449	1	-0.431948409589501	0.186579428546899	1.00158715195881	4387.4258994132	0	1.0010439016083	10537.5049223157	0	0.164757275281219	-0.084289151125	0.163473845	0.41187839075	0.28104189623074	0.10159755775	0.28119933	0.4628394985
122	7	7	benefit_positive_truncnorm	benefit_positive_truncnorm	continuous	1	increasing	benefit	1	1	NA	1.19943105477479	2.0297824710809	700	252	420	700	700	252	489	0.64	0.301428571428571	6.95104129840545	24	24	0	2	1	10	4	1	5000	2500	1	0.95	12	10000	101121	0.6497	0.9993	0.343520986703916	-1.26490673740403	0.324203005664073	2.03952966647702	3.30443640388105	2.04905447087697	0.799763903183601	2.05133320489933	3.27861427406885	2.47885037088525	0.644707387272146	0.512131786329227	-3.25706009013221	0.0932798193064563	6.53503158800875	9.79209167814095	0.0619	0.9993	4.05257060089578	1.59871740501776	4.07868880957189	6.47836224372688	4.87964483870913	0	NA	NA	NA	NA	NA	NA	1	-0.855910068070872	0.732582044625084	1	0.849623416102184	0.721859949189144	1	-1.51765068475168	2.30326360092723	1	2.02278812981488	4.09167181811997	1.00159699124134	4781.42057525684	0	1.00114484031202	11200.3752302305	0	0.0514461090724798	-0.19253765975	0.049340847	0.30215231375	0.289279492774314	0.112881929	0.289183135	0.46504604775
166	7	7	benefit_positive_truncnorm	benefit_positive_truncnorm	continuous	1	increasing	benefit	1	1	NA	1.96324287761417	3.52398792453447	700	252	420	700	700	252	498	0.64	0.288571428571429	6.56844724908387	24	24	0	2	1	10	4	1	5000	2500	1	0.95	12	10000	101165	0.9619	1	1.49252108668787	-0.148054668060889	1.47758479239547	3.18961873850347	3.33767340656436	2.59754527832575	1.36748608772823	2.59712518926904	3.8356550826405	2.46816899491227	0.960363516916676	2.21145013926407	-0.0496075130583863	0.660115210555936	10.3148454979425	10.3644530110009	0.0867	1	4.6079024458849	2.07432829917117	4.48330765954788	8.05427837007073	5.97995007089956	0	NA	NA	NA	NA	NA	NA	1	-0.470721790926297	0.221579004452861	1	0.634302400711579	0.402339535548472	1	-1.3125377852704	1.72275543776253	1	1.08391452135043	1.17487068959433	1.0017973488464	3757.40293787841	0	1.00169403240491	11378.1794458096	0	0.224241642087594	-0.02281569525	0.22272238	0.47321053775	0.366831914441474	0.19292839225	0.36641953	0.542949256
175	7	7	benefit_positive_truncnorm	benefit_positive_truncnorm	continuous	1	increasing	benefit	1	1	NA	1.54903133943886	2.48870867196607	700	252	420	700	700	252	506	0.64	0.277142857142857	5.59999184534166	24	24	0	2	1	10	4	1	5000	2500	1	0.95	12	10000	101174	0.2864	0.9957	-0.471788668025071	-2.13317974642741	-0.483360752115257	1.21318217950301	3.34636192593042	1.70518554676179	0.475906786151588	1.71236675030927	2.91791207151532	2.44200528536373	0.285063658006418	-0.624829495433136	-6.738883453345	-0.145681981524454	3.43985584340824	10.1787392967532	0.0339	0.9957	2.74840914544748	0.690619952778117	2.71664035241474	5.01863101978035	4.32801106700224	0	NA	NA	NA	NA	NA	NA	0	-2.02082000746394	4.08371350256654	1	0.156154207322926	0.0243841364646512	1	-3.1135381673992	9.69411991985159	1	0.259700473481407	0.0674443359264672	1.00137514954796	3947.25978638455	0	1.00234775049415	10507.1060742354	0	-0.0713705123793326	-0.32076669825	-0.073077598	0.1782139445	0.237414458348511	0.065881233475	0.238184645	0.40669588175
174	7	7	benefit_positive_truncnorm	benefit_positive_truncnorm	continuous	1	increasing	benefit	1	1	NA	2.07124519201217	3.84808964829527	700	252	420	700	700	252	478	0.64	0.317142857142857	7.09699943749351	24	24	0	2	1	10	4	1	5000	2500	1	0.95	12	10000	101173	0.9959	0.9999	2.13412753986622	0.46359601839101	2.13399743721135	3.81016549022362	3.34656947183261	2.59716106339533	1.36202459979188	2.60009329825445	3.80612085883119	2.44409625903931	0.99571975670196	3.61867736630276	0.105999619458072	2.40298607800273	12.4682734013302	12.3622737818721	0.1122	0.9999	5.89526364425865	2.70553104365442	5.95787928017484	9.10891769648343	6.40338665282901	0	NA	NA	NA	NA	NA	NA	1	0.0628823478540452	0.00395418967163715	1	0.525915871383154	0.276587503772702	1	-0.229412281992511	0.0526299951290112	1	2.04717399596338	4.19092136974868	1.00146036731338	4411.52736846695	0	1.00132300508254	10907.7265331955	0	0.321577590220872	0.07269333815	0.32145451	0.571530061	0.3725788706374	0.19424220525	0.37243782	0.549899671
170	7	7	benefit_positive_truncnorm	benefit_positive_truncnorm	continuous	1	increasing	benefit	1	1	NA	2.21583902145771	4.57082250223905	700	252	420	700	700	252	453	0.64	0.352857142857143	7.93337316608468	24	24	0	2	1	10	4	1	5000	2500	1	0.95	12	10000	101169	0.9115	0.9972	1.06900559451043	-0.456773780753571	1.06217368239712	2.67872990204487	3.13550368279844	1.81274101535652	0.556813268134285	1.80937473513805	3.03989960985143	2.48308634171715	0.906748466257669	1.54119737705531	-0.256947630965837	0.39565404678496	8.92669672522389	9.18364435618972	0.1035	0.9972	5.21513311329967	1.44382230340135	5.27399769877041	8.44354441838802	6.99972211498667	0	NA	NA	NA	NA	NA	NA	1	-1.14683342694728	1.31522690916365	1	-0.403098006101192	0.162488002522756	1	-3.02962512518374	9.17862839914461	1	0.644310611060614	0.415136163525302	1.00198305578814	4338.579486003	0	1.00138743865332	10109.9027716483	0	0.169330715669728	-0.076078068825	0.169431755	0.417717038	0.268212312233462	0.082632823975	0.267377275	0.451347111
169	7	7	benefit_positive_truncnorm	benefit_positive_truncnorm	continuous	1	increasing	benefit	1	1	NA	1.93760097193847	3.91492314336609	700	252	420	700	700	252	475	0.64	0.321428571428571	7.18156172230815	24	24	0	2	1	10	4	1	5000	2500	1	0.95	12	10000	101168	0.9837	0.9992	1.78415109894365	0.136180292637489	1.77471006477835	3.47343158733644	3.33725129469895	2.0263071705206	0.795414387103436	2.02958143302305	3.23810367357618	2.44268928647274	0.982183130356337	2.69165561258321	0.0313354525992307	1.13750814416874	11.0578754053974	11.0265399527982	0.1132	0.9992	4.48862003683422	1.785649150793	4.44616826035087	7.31495488509639	5.52930573430339	0	NA	NA	NA	NA	NA	NA	1	-0.153449872994817	0.0235468635221256	1	0.0887061985821265	0.00786878966689166	1	-1.22326753078287	1.49638345186763	1	0.573696893468137	0.329128125574991	1.00123301826049	4396.15031942926	0	1.00124183946864	10727.5550732212	0	0.269501242265783	0.021399699625	0.26896571	0.523080335	0.28865620898594	0.111862864	0.288070285	0.46504469525
192	7	7	benefit_positive_truncnorm	benefit_positive_truncnorm	continuous	1	increasing	benefit	1	1	NA	2.67253324419719	5.23153249122473	700	252	420	700	700	252	486	0.64	0.305714285714286	6.86702402561664	24	24	0	2	1	10	4	1	5000	2500	1	0.95	12	10000	101191	1	1	3.67955502454131	2.02482528551311	3.6713054934064	5.37378704126239	3.34896175574927	3.25595372245618	2.00292550749277	3.25658392712671	4.48391017377981	2.48098466628704	1	5.28241085704081	0.325740772039544	4.5906498433691	14.2498313987426	13.924090626703	0.2512	1	6.81571004685229	3.82109154977805	6.62701067899151	10.3008342294367	6.47974267965865	0	NA	NA	NA	NA	NA	NA	1	1.00702178034412	1.01409286608743	1	0.583420478258989	0.340379454451948	1	0.0508783658160841	0.00258860810811527	1	1.58417755562756	2.50961852775412	1.00112736246026	4400.11529451279	0	1.00102675075169	11777.7797945836	0	0.5567764196855	0.310130446	0.55472144	0.80935879325	0.462737287915	0.28277737075	0.46244988	0.63973479575
171	7	7	benefit_positive_truncnorm	benefit_positive_truncnorm	continuous	1	increasing	benefit	1	1	NA	2.92855183183696	6.69865334476306	700	252	420	700	700	252	485	0.64	0.307142857142857	6.64338433510572	24	24	0	2	1	10	4	1	5000	2500	1	0.95	12	10000	101170	0.8962	0.9998	1.0564191694141	-0.586859002349084	1.05683481682956	2.71593321978624	3.30279222213532	2.21931854881381	0.96491049580013	2.21634370201569	3.50250345589062	2.53759296009049	0.892737671306787	1.58436828588728	-0.332633245036308	0.391378353411342	9.12880437611184	9.46143762114814	0.0733	0.9998	4.00031491832105	1.35731736498491	3.84672482651659	7.44163963137059	6.08432226638568	0	NA	NA	NA	NA	NA	NA	0	-1.87213266242286	3.50488070571051	1	-0.70923328302315	0.503011849747795	1	-5.11428505887578	26.15591166344	1	-2.69833842644201	7.28103026361354	1.00100856803201	4754.45138561035	0	1.00180491533854	11867.2291892019	0	0.158218885899048	-0.088009712975	0.15897453	0.401128744	0.31317585786469	0.1349620215	0.312704275	0.496554341
196	7	7	benefit_positive_truncnorm	benefit_positive_truncnorm	continuous	1	increasing	benefit	1	1	NA	2.19251695668932	4.01993802988534	700	252	420	700	700	252	481	0.64	0.312857142857143	7.49894461050488	24	24	0	2	1	10	4	1	5000	2500	1	0.95	12	10000	101195	1	0.9998	3.02036729783263	1.35755103339367	3.02826163590911	4.65960573477848	3.30205470138481	2.10118737374713	0.864228230069989	2.10680594547567	3.30271191376023	2.43848368369024	1	4.57551357521782	0.250210915089021	3.70871043524062	13.2002719710698	12.9500610559807	0.195	0.9998	4.77000599157624	1.97210228349212	4.73080410745742	7.73023600804262	5.75813372455049	0	NA	NA	NA	NA	NA	NA	1	0.827850341143308	0.685336187331092	1	-0.091329582942191	0.00834109272039454	1	0.555575545332482	0.308664186571485	1	0.750067961690901	0.562601947155143	1.00092860375402	4487.64528118748	0	1.00178314582908	11556.6743324238	0	0.4632281092396	0.2161533875	0.46511999	0.71181497375	0.30443103534503	0.125110819	0.30521436	0.48048723375
193	7	7	benefit_positive_truncnorm	benefit_positive_truncnorm	continuous	1	increasing	benefit	1	1	NA	2.46827562914771	4.94898695299607	700	252	420	700	700	252	461	0.64	0.341428571428571	8.2297168921244	24	24	0	2	1	10	4	1	5000	2500	1	0.95	12	10000	101192	0.995	1	2.0548907755301	0.497480008338292	2.05012370190693	3.68196701009909	3.1844870017608	3.01842997081097	1.7983093526766	3.02214431519306	4.21654073494024	2.41823138226364	0.994692144373673	3.20648490758743	0.10174807127892	1.97042358823272	11.2890806249442	11.1873325536653	0.1522	1	6.92420103287797	3.81883923282295	6.92723083931299	10.1391669082214	6.32032767539848	2e-04	NA	NA	NA	NA	NA	NA	1	-0.41338485361761	0.170887037200453	1	0.55015434166326	0.302669799650935	1	-1.74250204540864	3.03631337825329	1	1.9752140798819	3.90147066136369	1.00117485548137	4769.09154974559	0	1.00166217119384	11058.2511000544	0	0.324689743249833	0.079857783625	0.32332709	0.5809020335	0.451725556704	0.26848849625	0.451617275	0.63619111175
197	7	7	benefit_positive_truncnorm	benefit_positive_truncnorm	continuous	1	increasing	benefit	1	1	NA	2.29187491153013	4.74994830889083	700	252	420	700	700	252	498	0.64	0.288571428571429	6.67326800974731	24	24	0	2	1	10	4	1	5000	2500	1	0.95	12	10000	101196	0.9924	1	2.0695415006597	0.406634295143443	2.07630898239879	3.75852328435098	3.35188898920753	2.5200107802773	1.29826368547884	2.51263157210282	3.74998383856347	2.45172015308463	0.991692272675543	2.95912884623011	0.0801225329159436	1.54452126825018	11.5004204949122	11.4202979619962	0.1213	1	4.67444738667789	2.18636403398332	4.51513436688856	7.80269409288478	5.61633005890146	0	NA	NA	NA	NA	NA	NA	1	-0.222333410870429	0.0494321455892789	1	0.228135868747178	0.0520459746090297	1	-1.79081946266072	3.20703434784442	1	-0.0755009222129361	0.00570038925500383	1.0020918433133	3953.32069566998	0	1.00200673143812	12479.2491974385	0	0.309821619345927	0.06248190085	0.310466235	0.56088668675	0.3555833906036	0.1820170155	0.35463312	0.53366258475
173	7	7	benefit_positive_truncnorm	benefit_positive_truncnorm	continuous	1	increasing	benefit	1	1	NA	1.97842903429584	4.00335999608282	700	252	420	700	700	252	491	0.64	0.298571428571429	7.28748797510389	24	24	0	2	1	10	4	1	5000	2500	1	0.95	12	10000	101172	0.7882	0.9995	0.661474386383152	-0.920136680057775	0.663497295249458	2.24712605007684	3.16726273013461	2.08737609772826	0.861926540363384	2.08860457528826	3.29048004567814	2.42855350531476	0.782716315109772	0.984897355006507	-1.89974715666937	0.216119298104879	7.71395296849763	9.613700125167	0.0708	0.9995	4.16384542223029	1.53707555124742	3.95553289793331	7.45891310251875	5.92183755127134	0	NA	NA	NA	NA	NA	NA	1	-1.31695464791269	1.73436954465883	1	0.108947063432426	0.011869462630549	1	-3.01846264107631	9.11111671557338	1	0.160485426147472	0.0257555720057358	1.00112962612876	4445.77680748725	0	1.00184704233208	11644.238873423	0	0.101674993734947	-0.14170217325	0.102951965	0.34583579125	0.30076275607561	0.124287936	0.30048793	0.476607137
181	7	7	benefit_positive_truncnorm	benefit_positive_truncnorm	continuous	1	increasing	benefit	1	1	NA	1.16138446068124	2.05502741771563	700	252	420	700	700	252	480	0.64	0.314285714285714	6.33721988537677	24	24	0	2	1	10	4	1	5000	2500	1	0.95	12	10000	101180	0.9443	0.9576	1.37974799954025	-0.280578927500968	1.38169602949812	3.08197345390559	3.36255238140656	1.13289824393106	-0.157349597176484	1.13668881749886	2.39483514630418	2.55218474348066	0.941067940091166	2.01345597086008	-0.111493124694573	0.554240770010324	10.1917863914171	10.3032795161117	0.0786	0.9576	2.39148725632365	-0.316914663663439	2.35541953627757	5.37750517943071	5.69441984309415	0	NA	NA	NA	NA	NA	NA	1	0.218363538859006	0.0476826351030288	1	-0.0284862167501871	0.000811464544738643	1	-0.0415714468555466	0.00172818519366353	1	0.336459838608024	0.113205222996137	1.00111013764815	4246.56484492469	0	1.00119464376072	11148.4965732962	0	0.20304098345131	-0.042542535275	0.2043496	0.44818504025	0.157157879918899	-0.022118389025	0.157621625	0.3330802705
194	7	7	benefit_positive_truncnorm	benefit_positive_truncnorm	continuous	1	increasing	benefit	1	1	NA	1.84132818425534	3.87488687925697	700	252	420	700	700	252	487	0.64	0.304285714285714	6.48916838295647	24	24	0	2	1	10	4	1	5000	2500	1	0.95	12	10000	101193	0.906	0.9998	1.09932780827225	-0.495227308057135	1.09494252864863	2.76406577681411	3.25929308487125	2.4358585188211	1.18942414312692	2.43034382916351	3.63933427548746	2.44991013236055	0.902857142857143	1.60273703106567	-0.251187466380745	0.401107766722719	9.30849460755103	9.55968207393177	0.0725	0.9998	4.51055780641154	1.84728286589095	4.43095232353755	7.32883650945164	5.48155364356069	0	NA	NA	NA	NA	NA	NA	1	-0.742000375983087	0.550564557959043	1	0.594530334565761	0.353466318718875	1	-2.2721498481913	5.16266493263576	1	0.635670927154572	0.404077527629553	1.00161728725818	3930.81383854094	0	1.00141440174905	11503.2524055185	0	0.168209272189116	-0.077222939825	0.168610935	0.41764338425	0.3470927157568	0.16932552025	0.346333345	0.52327138575
172	7	7	benefit_positive_truncnorm	benefit_positive_truncnorm	continuous	1	increasing	benefit	1	1	NA	1.33897831144519	2.08051065758371	700	252	420	700	700	252	497	0.64	0.29	5.97027748896985	24	24	0	2	1	10	4	1	5000	2500	1	0.95	12	10000	101171	0.9498	0.9976	1.43699302315639	-0.274021203555308	1.42888193516992	3.18076164665655	3.45478285021186	1.81438605062357	0.558518633011038	1.82313118567014	3.0603016659067	2.50178303289567	0.947362697117999	2.05882392927529	-0.103771973647979	0.554707229419353	10.4255787182066	10.5293506918545	0.0805	0.9976	4.04191949722892	1.16520590325241	4.14794382059678	6.53524164655029	5.37003574329787	0	NA	NA	NA	NA	NA	NA	1	0.0980147117111962	0.00960688371182891	1	0.475407739178374	0.226012518470693	1	-0.0216867283084152	0.000470314184723018	1	1.96140883964521	3.84712463623839	1.00239802277205	4345.79489499965	0	1.00116294949453	10237.3421011517	0	0.211485302085369	-0.041221383525	0.21089577	0.4620692585	0.24983543791016	0.07703616415	0.250455325	0.4225929345
201	7	7	benefit_positive_truncnorm	benefit_positive_truncnorm	continuous	1	increasing	benefit	1	1	NA	1.33865805139705	2.01386334482979	700	252	420	700	700	252	496	0.64	0.291428571428571	6.28097020442025	24	24	0	2	1	10	4	1	5000	2500	1	0.95	12	10000	101200	0.8329	0.9999	0.808311463573625	-0.85676283541618	0.806269706588997	2.47396455274185	3.33072738815803	2.17981695480282	0.938834224458679	2.179026401253	3.40303323748365	2.46419901302497	0.829062532953707	1.27344354543053	-1.3860881322747	0.296858915102185	8.60223040240297	9.98831853467767	0.0517	0.9999	3.80687535999005	1.46600769486034	3.74242974952329	6.34184414144666	4.87583644658632	0	NA	NA	NA	NA	NA	NA	1	-0.530346587823429	0.281267503215954	1	0.841158903405764	0.707548300778787	1	-0.740419799399252	0.548221479342429	1	1.79301201516027	3.21489208650909	1.00114321037739	4718.00834578634	0	1.00202194979963	11232.6175950815	0	0.120971973677166	-0.127997077	0.121788075	0.3678213075	0.30920549832333	0.13260254975	0.308728585	0.4846479105
180	7	7	benefit_positive_truncnorm	benefit_positive_truncnorm	continuous	1	increasing	benefit	1	1	NA	1.47281402682978	2.5213085180683	700	252	420	700	700	252	491	0.64	0.298571428571429	6.63672374130291	24	24	0	2	1	10	4	1	5000	2500	1	0.95	12	10000	101179	0.996	1	2.24603402548561	0.541295810218419	2.25044498392286	3.91996307480671	3.37866726458829	2.48499453407748	1.22974981218818	2.48827352414738	3.74068515577662	2.51093534358844	0.99552495697074	3.29097692069672	0.113070692017569	2.01289248169416	12.1041777360503	11.9911070440327	0.1285	1	5.03540567781193	2.48643478321826	4.98390801009124	7.9458407000753	5.45940591685704	0	NA	NA	NA	NA	NA	NA	1	0.773219998655831	0.597869166321324	1	1.01218050724771	1.02450937925222	1	0.769668402628427	0.592389450004594	1	2.51409715974363	6.32068452863099	1.00167769080233	3875.42320898181	0	1.00162037817048	11504.5760798671	0	0.333913072626808	0.081302861425	0.335539115	0.578178321	0.3485966339426	0.1719388475	0.348868335	0.52597756225
202	7	7	benefit_positive_truncnorm	benefit_positive_truncnorm	continuous	1	increasing	benefit	1	1	NA	1.67259605371226	3.18562045983733	700	252	420	700	700	252	478	0.64	0.317142857142857	7.0794144668473	24	24	0	2	1	10	4	1	5000	2500	1	0.95	12	10000	101201	0.9709	0.9974	1.53848400183084	-0.0368482879964557	1.51894748512875	3.1817370156502	3.21858530364666	1.72964052921417	0.489223071274063	1.73594980714785	2.93484956388634	2.44562649261227	0.968348826914564	2.36743807788719	-0.0183650763644247	0.778890530266082	10.5392665801215	10.5576316564859	0.0964	0.9974	4.05668549995775	1.12920868501373	3.99934040229505	7.24447889682965	6.11527021181591	0	NA	NA	NA	NA	NA	NA	1	-0.134112051881424	0.0179860424598458	1	0.0570444755019071	0.00325407218528767	1	-0.818182381950145	0.669422410133612	1	0.871065040120416	0.758754304119982	1.00107843767655	4164.5928171408	0	1.00162338695288	10463.104640984	0	0.234619075802039	-0.00545519562	0.233007185	0.484106466	0.248552214726484	0.06936223125	0.248686735	0.422822986
167	7	7	benefit_positive_truncnorm	benefit_positive_truncnorm	continuous	1	increasing	benefit	1	1	NA	2.23994337970023	4.60362268253734	700	252	420	700	700	252	497	0.64	0.29	6.68999919920328	24	24	0	2	1	10	4	1	5000	2500	1	0.95	12	10000	101166	0.9553	1	1.42142037859593	-0.211417441110477	1.41306679365593	3.07243041089019	3.28384785200067	2.37629154992932	1.13549689371196	2.38514084914705	3.5775175303174	2.44202063660544	0.953063457330416	2.04404725214804	-0.0851427455276643	0.577592273116314	10.1080505776352	10.1931933231629	0.086	1	4.41949329086464	1.70140461866598	4.3673467128622	7.61119080899191	5.90978619032592	0	NA	NA	NA	NA	NA	NA	1	-0.818523001104306	0.6699799033368	1	0.136348170229092	0.0185908235248215	1	-2.5595754303893	6.55142638385256	1	-0.184129391672701	0.0339036328777589	1.00143857210121	3886.06193547339	0	1.00132251295042	11281.0541488649	0	0.213953846812953	-0.03214649075	0.213349585	0.4580913545	0.3369160682689	0.16022058475	0.337424405	0.50976253425
168	7	7	benefit_positive_truncnorm	benefit_positive_truncnorm	continuous	1	increasing	benefit	1	1	NA	2.45628831911575	5.53582883942578	700	252	420	700	700	252	499	0.64	0.287142857142857	7.06299091960537	24	24	0	2	1	10	4	1	5000	2500	1	0.95	12	10000	101167	0.9399	0.9923	1.29915766885997	-0.352815082078608	1.29289592271335	3.00183705076143	3.35465213284004	1.52874101144598	0.31360896430483	1.52802155961668	2.73489983924276	2.42129087493793	0.937526697992311	2.31835703403729	-0.174825687876463	0.749519611915871	10.8842568537434	11.0590825416199	0.0636	0.9923	3.63028458100821	0.729031628551079	3.66204029105488	6.33809708833492	5.60906545978384	0	NA	NA	NA	NA	NA	NA	1	-1.15713065025578	1.33895134176136	1	-0.927547307669772	0.860344007965443	1	-3.21747180538849	10.3521248184698	1	-1.90554425841757	3.63109892078816	1.00212069123986	4484.7288968602	0	1.00156133946063	11052.6593509929	0	0.195559819081045	-0.05443818495	0.195545145	0.446187261	0.219567559243834	0.045096083775	0.21921674	0.393808265
200	7	7	benefit_positive_truncnorm	benefit_positive_truncnorm	continuous	1	increasing	benefit	1	1	NA	1.84443393020638	3.34934129020589	700	252	420	700	700	252	473	0.64	0.324285714285714	6.99612313542212	24	24	0	2	1	10	4	1	5000	2500	1	0.95	12	10000	101199	0.5999	0.9992	0.212497355160995	-1.38849800990683	0.201239366899704	1.84021444250724	3.22871245241407	2.05853327003475	0.831137531430162	2.06695029472742	3.30481041668608	2.47367288525592	0.596262680192205	0.322574014637553	-3.76332328037026	0.0535267879177521	6.11449003856096	9.87781331893122	0.0635	0.9992	4.41387049586947	1.6592083875231	4.36925017455022	7.40437995794655	5.74517157042344	0	NA	NA	NA	NA	NA	NA	0	-1.63193657504539	2.66321698497087	1	0.21409933982837	0.045838527314944	1	-3.02676727556833	9.16132014045135	1	1.06452920566359	1.13322242971075	1.00152375140912	4115.03983364578	0	1.00222157673246	11990.9582095011	0	0.0316480742961727	-0.20894962825	0.0306320585	0.27224563075	0.29307491309702	0.11769957875	0.2933852	0.47280888825
188	7	7	benefit_positive_truncnorm	benefit_positive_truncnorm	continuous	1	increasing	benefit	1	1	NA	2.65407599056319	5.31334274220591	700	252	420	700	700	252	481	0.64	0.312857142857143	6.9629615164814	24	24	0	2	1	10	4	1	5000	2500	1	0.95	12	10000	101187	0.9924	0.9998	2.02938105282778	0.3720086283157	2.0241297118173	3.68769902230554	3.31569039398984	2.11589966868833	0.897208509154206	2.1152073785877	3.33472247248072	2.43751396332652	0.991523482245132	2.87970235006746	0.0767162922090287	1.46763815154301	11.1754098683807	11.0986935761717	0.127	0.9998	4.29691754177661	1.59816282257999	4.23936769600398	7.38722129220421	5.78905846962423	0	NA	NA	NA	NA	NA	NA	1	-0.624694937735411	0.390243765232248	1	-0.538176321874856	0.289633753426749	1	-2.43364039213845	5.92260555824777	1	-1.0164252004293	1.03312018806773	1.00118995659417	4210.7610767799	0	1.00186465626887	10691.0926451297	0	0.306513263295199	0.0569335585	0.306960765	0.551751383	0.3038374436254	0.1282431015	0.30343215	0.482047029
205	7	7	benefit_positive_truncnorm	benefit_positive_truncnorm	continuous	1	increasing	benefit	1	1	NA	2.04785249857814	4.06477849246128	700	252	420	700	700	252	483	0.64	0.31	7.24920782163707	24	24	0	2	1	10	4	1	5000	2500	1	0.95	12	10000	101204	0.8994	0.9993	1.08358642723287	-0.573908619965399	1.07140364227503	2.75942752950185	3.33333614946725	2.08104628723591	0.811154438286312	2.09128781797221	3.32474957212229	2.51359513383598	0.894287590282338	1.53418137302769	-0.370338739228645	0.403246098297226	8.69597216866643	9.06631090789507	0.0862	0.9993	4.47215643314202	1.69199965732475	4.44452585162755	7.47582085726267	5.78382119993792	0	NA	NA	NA	NA	NA	NA	1	-0.96426607134527	0.92980905634764	1	0.0331937886577749	0.00110182760545703	1	-2.53059711943358	6.40392178088554	1	0.407377940680748	0.165956786553287	1.00140449616753	4482.96318736067	0	1.00285551584563	11914.2233638032	0	0.163455485330064	-0.085887602175	0.16240993	0.414349846	0.299054320890079	0.11561154475	0.299820885	0.480481887
206	7	7	benefit_positive_truncnorm	benefit_positive_truncnorm	continuous	1	increasing	benefit	1	1	NA	2.8987883739717	6.80310286456755	700	252	420	700	700	252	462	0.64	0.34	7.63033904745106	24	24	0	2	1	10	4	1	5000	2500	1	0.95	12	10000	101205	0.4656	0.9981	-0.0742694942538533	-1.68145703222296	-0.0709493576601243	1.57474749786115	3.25620453008411	1.92685332056057	0.62479952289513	1.92610882696647	3.17062642866136	2.54582690576623	0.463256407529512	-0.0699285747017897	-4.87942770403219	-0.0202018050791928	4.62858411386292	9.5080118178951	0.0597	0.9981	4.51519004883536	1.4170097442802	4.45148312999462	7.79821346594105	6.38120372166085	0	NA	NA	NA	NA	NA	NA	0	-2.97305786822555	8.83907308781785	1	-0.971935053411123	0.944657748049283	0	-6.87303143926934	47.2385611651848	1	-2.28791281573219	5.23454505239159	1.00120743531801	4282.15532651659	0	1.00129973347512	11641.0045542019	0	-0.0120577856143561	-0.2578533205	-0.010894381	0.23591161125	0.27823992068761	0.0894037769	0.27795775	0.460400946
213	7	7	benefit_positive_truncnorm	benefit_positive_truncnorm	continuous	1	increasing	benefit	1	1	NA	2.15693052144366	3.73140839044532	700	252	420	700	700	252	471	0.64	0.327142857142857	7.33324012649122	24	24	0	2	1	10	4	1	5000	2500	1	0.95	12	10000	101212	0.8859	0.9986	0.998595674079677	-0.65233904006932	0.992177217267259	2.6503834032223	3.30272244329162	1.87090573239534	0.628832115941069	1.86272462203934	3.10406267836268	2.47523056242161	0.882173248963561	1.40040422903991	-0.395984501637838	0.353690387869928	8.57195043782773	8.96793493946556	0.0834	0.9986	3.60689460684848	1.19284149213008	3.50240380676109	6.6554076697746	5.46256617764452	0	NA	NA	NA	NA	NA	NA	1	-1.15833484736398	1.34173961861773	1	-0.286024789048313	0.0818101799501318	1	-2.33100416140541	5.43358040048932	1	-0.124513783596837	0.0155036823056	1.00134328086771	4732.83288557437	0	1.00123033516444	11088.8041483928	0	0.150649486310817	-0.10144711125	0.150287725	0.40050032375	0.266495958199949	0.088897567975	0.265472675	0.44464853475
207	7	7	benefit_positive_truncnorm	benefit_positive_truncnorm	continuous	1	increasing	benefit	1	1	NA	1.93948089057896	3.79988921922454	700	252	420	700	700	252	477	0.64	0.318571428571429	7.10205167154993	24	24	0	2	1	10	4	1	5000	2500	1	0.95	12	10000	101206	0.8435	0.9983	0.850997904236693	-0.761450723170153	0.841771223741343	2.51846169204401	3.27991241521416	1.85171873036186	0.574869951672933	1.85241522706519	3.09279506664375	2.51792511497081	0.838056243939231	1.23927776882148	-0.796876115908608	0.296202164809561	8.27050781633714	9.06738393224575	0.0719	0.9983	3.60379406042086	1.02071883980959	3.50855089654707	6.9428459006055	5.92212706079591	0	NA	NA	NA	NA	NA	NA	1	-1.08848298634226	1.18479521155657	1	-0.0877621602170933	0.00770219676597075	1	-2.56061145040306	6.55673099993528	1	-0.196095158803688	0.0384533113062435	1.00223446211956	3748.17484494619	0	1.00180410244592	11202.5826035215	0	0.127209108420746	-0.11370662775	0.1263391	0.3701480595	0.26309012075982	0.081840731975	0.26286986	0.44055952725
208	7	7	benefit_positive_truncnorm	benefit_positive_truncnorm	continuous	1	increasing	benefit	1	1	NA	2.03636331064453	4.41099351571023	700	252	420	700	700	252	481	0.64	0.312857142857143	6.80343870505065	24	24	0	2	1	10	4	1	5000	2500	1	0.95	12	10000	101207	0.9743	1	1.57950632314298	-0.00562370971004771	1.56614606447246	3.22878441342113	3.23440812313118	2.62095519800925	1.37290627235845	2.62031083602116	3.87467665488928	2.50177038253084	0.972840605520926	2.28452735559072	-0.00775932496623101	0.717634268575427	10.4539043310839	10.4616636560501	0.1016	1	5.55957285040793	2.82877441936289	5.50615278714279	8.50134217240956	5.67256775304667	0	NA	NA	NA	NA	NA	NA	1	-0.45685698750155	0.208718307028991	1	0.584591887364715	0.341747674772639	1	-2.1264661601195	4.52185833013339	1	1.1485793346977	1.31923448809461	1.00144916554678	4550.43559787684	0	1.00235030343073	10750.4137818821	0	0.239470078855363	-0.000850777464749986	0.238831095	0.48801709825	0.3738224073273	0.19468282	0.37335282	0.55401787775
187	7	7	benefit_positive_truncnorm	benefit_positive_truncnorm	continuous	1	increasing	benefit	1	1	NA	1.93309781282141	3.95393430360204	700	252	420	700	700	252	504	0.64	0.28	6.63859448305543	24	24	0	2	1	10	4	1	5000	2500	1	0.95	12	10000	101186	0.9061	0.9997	1.11727500763681	-0.50265982974384	1.10587459475763	2.83646872227436	3.3391285520182	1.94281525325162	0.759378900175467	1.94997124535154	3.12671204889295	2.36733314871748	0.902376088592624	1.68934413653201	-0.28446216900703	0.416147236704148	9.49173404731452	9.77619621632155	0.0699	0.9997	3.43621285415436	1.21926456752027	3.39014024254209	5.87495154063752	4.65568697311726	0	NA	NA	NA	NA	NA	NA	1	-0.815822805184605	0.665566849459278	1	0.00971744043020539	9.44286485145904e-05	1	-2.26459016707003	5.12836862479029	1	-0.517721449447679	0.268035499218205	1.00138369112171	3931.54342022747	0	1.00265042133012	11064.7586911438	0	0.168907627502311	-0.07800095495	0.167972995	0.4257521855	0.276737342161215	0.10805942025	0.27774572	0.44807065725
204	7	7	benefit_positive_truncnorm	benefit_positive_truncnorm	continuous	1	increasing	benefit	1	1	NA	1.89971374261625	3.47940999297709	700	252	420	700	700	252	490	0.64	0.3	6.29490817149462	24	24	0	2	1	10	4	1	5000	2500	1	0.95	12	10000	101203	0.9844	1	1.82905472493792	0.146283342746589	1.81989290172805	3.54585709596914	3.39957375322255	2.80063965161716	1.54228244873002	2.80735472199555	4.04246061624734	2.50017816751732	0.983462706716166	2.63672427141664	0.030346265784183	1.08006519471252	10.8408571022578	10.8105108364736	0.1111	1	5.68991668755025	2.69380782249427	5.73843715177742	8.67145896306729	5.97765114057302	0	NA	NA	NA	NA	NA	NA	1	-0.0706590176783273	0.00499269677926617	1	0.900925909000911	0.811667493509118	1	-0.842685721560449	0.710119225321855	1	2.21050669457316	4.88633984675276	1.0017369132012	4303.93858437361	0	1.00169136087003	10110.1408023128	0	0.268381018128538	0.0220516239	0.26845056	0.511998385	0.3908638232826	0.213531987	0.39117481	0.56666660675
191	7	7	benefit_positive_truncnorm	benefit_positive_truncnorm	continuous	1	increasing	benefit	1	1	NA	2.59883719952072	5.74363590256655	700	252	420	700	700	252	462	0.64	0.34	6.7077864334864	24	24	0	2	1	10	4	1	5000	2500	1	0.95	12	10000	101190	0.9884	1	1.87818686027202	0.245179308606725	1.87760094043626	3.56025599057411	3.31507668196739	2.49462932726501	1.2401241051678	2.49241364415536	3.74142931734336	2.50130521217556	0.987175160310496	2.72306823566891	0.0540175690521007	1.24520607325727	11.3566491761259	11.3026316070738	0.1111	1	5.81702296108737	2.55069041600174	5.54445600716333	10.3270103132133	7.77631989721156	0	NA	NA	NA	NA	NA	NA	1	-0.720650339248698	0.519336911459264	1	-0.10420787225571	0.0108592806400625	1	-3.02056766689764	9.12382903030748	1	0.0733870585208152	0.00538566035833755	1.00139692201869	4235.14317170551	0	1.00153204210883	11095.4011055882	0	0.288190964655588	0.038118566075	0.28839242	0.54042997425	0.3597396960435	0.17860916025	0.35895317	0.542839464
199	7	7	benefit_positive_truncnorm	benefit_positive_truncnorm	continuous	1	increasing	benefit	1	1	NA	1.91906940995446	3.5732384887508	700	252	420	700	700	252	497	0.64	0.29	6.90519871628177	24	24	0	2	1	10	4	1	5000	2500	1	0.95	12	10000	101198	0.961	0.9961	1.46315402479207	-0.163315275590639	1.45837899189281	3.13779691914271	3.30111219473335	1.63669230371181	0.427560290142113	1.63196769778554	2.86516512136466	2.43760483122255	0.958254690796048	2.12422786050364	-0.0650556728385657	0.6220816233274	10.1159327852908	10.1809884581294	0.0993	0.9961	3.11984202704578	0.755422822494526	3.05755402885971	5.93579165646346	5.18036883396893	0	NA	NA	NA	NA	NA	NA	1	-0.455915385162396	0.207858838427776	1	-0.282377106242655	0.0797368301299755	1	-1.44901062824716	2.09963180077324	1	-0.453396461705021	0.205568351486633	1.00115761316285	4439.65968785757	0	1.00098711267726	11131.7228824562	0	0.224098076641774	-0.025532913575	0.222904265	0.47798141975	0.234076700057569	0.0601012438	0.23312577	0.41068879175
212	7	7	benefit_positive_truncnorm	benefit_positive_truncnorm	continuous	1	increasing	benefit	1	1	NA	2.27476239551116	4.33736564226676	700	252	420	700	700	252	458	0.64	0.345714285714286	7.12629074403413	24	24	0	2	1	10	4	1	5000	2500	1	0.95	12	10000	101211	0.9254	0.9838	1.19821657351946	-0.425692084885199	1.18623805281249	2.867359110715	3.29305119560019	1.39389942329335	0.141918381785334	1.39745250242489	2.63264307761975	2.49072469583442	0.9232158028887	2.14422709073923	-0.229181652638525	0.601876132345451	10.8031000530894	11.0322817057279	0.0584	0.9838	3.4291812219735	0.276692837094702	3.21963548083678	7.43614351049363	7.15945067339893	0	NA	NA	NA	NA	NA	NA	1	-1.0765458219917	1.15895090684779	1	-0.880862972217812	0.775919575824398	1	-2.19313855152753	4.80985670619629	1	-0.908184420293259	0.824798941263402	1.0010702434573	4279.06515204514	0	1.00256901087364	9916.1080593603	0	0.180010968337198	-0.0656260704	0.179869345	0.424494809	0.202195615876216	0.0203350403	0.202181245	0.38358541125
190	7	7	benefit_positive_truncnorm	benefit_positive_truncnorm	continuous	1	increasing	benefit	1	1	NA	2.30957011055965	4.39450334013605	700	252	420	700	700	252	471	0.64	0.327142857142857	8.21653199451375	24	24	0	2	1	10	4	1	5000	2500	1	0.95	12	10000	101189	0.9941	1	2.15053961231184	0.507765041132637	2.14823619234578	3.7894680304672	3.28170298933456	2.53042296248991	1.27636506409756	2.53450783863333	3.76316442905283	2.48679936495527	0.993528650429462	3.26731896111695	0.110264867273934	2.0215161778622	11.531677789118	11.4214129218441	0.1501	1	5.80398442125057	2.73690376472182	5.78028903770552	9.21429814597391	6.4773943812521	0	NA	NA	NA	NA	NA	NA	1	-0.159030498247801	0.0252906993729438	1	0.220852851930266	0.0487759822057321	1	-1.1271843790191	1.27054462430468	1	1.40948108111451	1.98663691801973	1.00142957145853	4424.73894646269	0	1.00147910366505	11012.1790139918	0	0.328566581319956	0.07901095595	0.32831735	0.5777335255	0.368842131	0.18448545975	0.369353515	0.551120203
210	7	7	benefit_positive_truncnorm	benefit_positive_truncnorm	continuous	1	increasing	benefit	1	1	NA	1.56266115956926	2.99614585274048	700	252	420	700	700	252	490	0.64	0.3	5.95416454937218	24	24	0	2	1	10	4	1	5000	2500	1	0.95	12	10000	101209	0.5174	0.9992	0.0472470470404688	-1.54917725687556	0.0367733556462735	1.68517225969044	3.234349516566	1.9957358683071	0.760139284039708	1.99584605762613	3.23857301594449	2.47843373190478	0.514285714285714	0.0897137550478317	-4.67897239656389	0.0076720110894577	5.51392312149335	10.1928955180572	0.0445	0.9992	4.19775394205185	1.61306740686516	4.1501055386316	6.93819977712764	5.32513237026248	0	NA	NA	NA	NA	NA	NA	1	-1.51541411252879	2.29647993245143	1	0.433074708737837	0.187553703348363	1	-2.90643209769265	8.44734753849812	1	1.20160808931137	1.44386200029851	1.00099832330525	4253.35750628364	0	1.00120893083366	11558.8545677144	0	0.0064022979966595	-0.2370542035	0.00568504	0.255218231	0.28469404327507	0.10785889075	0.28448855	0.4620078555
211	7	7	benefit_positive_truncnorm	benefit_positive_truncnorm	continuous	1	increasing	benefit	1	1	NA	1.08751994869568	1.49370493232186	700	252	420	700	700	252	499	0.64	0.287142857142857	7.16171523729689	24	24	0	2	1	10	4	1	5000	2500	1	0.95	12	10000	101210	0.8236	0.8733	0.792599028149872	-0.85625488576665	0.795648491077787	2.46412199239546	3.32037687816211	0.721122746747464	-0.557613403352197	0.721493896941003	1.98402625701433	2.54163966036652	0.8193837296087	1.28457125234975	-1.02073898834763	0.301920313251687	8.40451041956906	9.42524940791669	0.0621	0.8733	1.24470443456214	-1.01647174883994	1.21434114969588	3.5729081727905	4.58937992163044	0	NA	NA	NA	NA	NA	NA	1	-0.294920920545805	0.086978349375585	1	-0.366397201948213	0.13424690959548	1	-0.209133679972113	0.043736896098678	1	-0.24900049775972	0.0620012478845883	1.00182355110153	4194.07938609974	0	1.00084981326182	10022.7542818026	0	0.117655034846455	-0.1287947145	0.120119895	0.362309171	0.101471339897621	-0.079080593175	0.101595995	0.2799469535
217	7	7	benefit_positive_truncnorm	benefit_positive_truncnorm	continuous	1	increasing	benefit	1	1	NA	2.62513458553053	5.98458368447864	700	252	420	700	700	252	477	0.64	0.318571428571429	7.26766684476825	24	24	0	2	1	10	4	1	5000	2500	1	0.95	12	10000	101216	1	1	3.88980276746442	2.15363029407592	3.88296545689829	5.61350444281763	3.4598741487417	3.88522065264613	2.63132900993813	3.89509245841056	5.12473403578086	2.49340502584273	1	5.75321416454101	0.379744876434021	5.22376620312701	14.3351603586554	13.9554154822214	0.2784	1	8.19384557802845	4.6186981633123	8.18349462644344	12.6237332433714	8.00503508005909	0.0014	NA	NA	NA	NA	NA	NA	1	1.26466818193389	1.59938561039598	0	1.2600860671156	1.58781689653885	1	-0.231369519937638	0.053531854756173	1	2.2092618935498	4.88083811429127	1.00095019939504	4483.70333047624	0	1.00086424760625	11759.5908997985	0	0.586297127413	0.32977856525	0.58300879	0.849094203	0.557847228266	0.37322713675	0.55801546	0.74228736075
209	7	7	benefit_positive_truncnorm	benefit_positive_truncnorm	continuous	1	increasing	benefit	1	1	NA	2.98705426714307	6.93148339852574	700	252	420	700	700	252	451	0.64	0.355714285714286	7.5977486274309	24	24	0	2	1	10	4	1	5000	2500	1	0.95	12	10000	101208	0.9914	0.9998	1.90461069985433	0.326989747385893	1.90210239838796	3.52527913142449	3.1982893840386	2.28734674071623	1.05438184799962	2.2878572260173	3.5545235003014	2.50014165230178	0.990702479338843	2.76310798730764	0.0709190425681061	1.30235249581641	10.7708983178411	10.699979275273	0.1288	0.999799919967987	5.94836464671236	2.46916669410193	5.85523326354842	10.189415491901	7.72024879779909	4e-04	NA	NA	NA	NA	NA	NA	1	-1.08244356728874	1.17168407636478	1	-0.69970752642684	0.489590622538366	1	-4.1683754112181	17.3753535688476	1	-0.98311875181338	0.966522480167098	1.00164211636431	4067.09386218424	0	1.0012084715926	10481.3754040142	0	0.295806537978646	0.051547207025	0.295321015	0.5449125735	0.336084274509148	0.15373011225	0.335798255	0.52529124275
179	7	7	benefit_positive_truncnorm	benefit_positive_truncnorm	continuous	1	increasing	benefit	1	1	NA	2.6666688309026	6.15544529083874	700	252	420	700	700	252	449	0.64	0.358571428571429	8.7506173905887	24	24	0	2	1	10	4	1	5000	2500	1	0.95	12	10000	101178	0.9973	0.9999	2.17541548402547	0.567529721212462	2.16824338320493	3.81229924253339	3.24476952132092	2.93957858239205	1.67274625777674	2.93968260050819	4.17498953129034	2.5022432735136	0.996899032498139	2.86665190555469	0.115058360395343	1.58788652541393	10.5874477253047	10.4723893649093	0.1938	0.999899345747358	7.54007386788892	3.76743286450553	7.48745364465185	11.5216739654863	7.75424110098077	0.0065	NA	NA	NA	NA	NA	NA	1	-0.491253346877128	0.24132985081798	1	0.272909751489449	0.0744797324580329	1	-3.28879338528405	10.8161619310881	1	1.38462857705018	1.91719629638401	1.00129454930227	4751.45835807855	0	1.00150131495745	10772.8458429599	0	0.34104054459906	0.0910145863	0.339737335	0.59622800325	0.4383609590052	0.24748593625	0.438235465	0.62756647825
245	7	7	benefit_positive_truncnorm	benefit_positive_truncnorm	continuous	1	increasing	benefit	1	1	NA	1.36319257991451	2.21055733807951	700	252	420	700	700	252	489	0.64	0.301428571428571	6.63821595107132	24	24	0	2	1	10	4	1	5000	2500	1	0.95	12	10000	101244	0.9724	0.9997	1.58002243772052	-0.0282071548927586	1.57135845913667	3.23927148931918	3.26747864421194	2.20214687013742	0.949900027085783	2.21019827923425	3.45553995279182	2.50563992570604	0.970659340659341	2.36556765167394	-0.0150097108032142	0.771635301217822	10.6002412716107	10.6152509824139	0.09	0.9997	4.16040127960056	1.77998759584529	4.02397182081544	7.0208479365073	5.24086034066201	0	NA	NA	NA	NA	NA	NA	1	0.216829857806018	0.047015187236178	1	0.838954290222917	0.703844301083438	1	0.155010313594433	0.0240281973206446	1	1.94984394152105	3.80189139628636	1.00103579614927	4236.64432160112	0	1.00136555596529	11590.8421530764	0	0.239551484395868	-0.00412010115249999	0.23824795	0.48804823025	0.31258926526973	0.13376185825	0.313842125	0.49232022425
218	7	7	benefit_positive_truncnorm	benefit_positive_truncnorm	continuous	1	increasing	benefit	1	1	NA	1.91547265160061	3.52354534603008	700	252	420	700	700	252	471	0.64	0.327142857142857	6.71992994881364	24	24	0	2	1	10	4	1	5000	2500	1	0.95	12	10000	101217	0.9984	0.9963	2.42517819687058	0.786573608129755	2.41752249571815	4.12212209775543	3.33554848962568	1.72469043414707	0.426439423470662	1.72457415743136	2.98143836168747	2.55499893821681	0.998244998244998	3.60511264568921	0.149259265559295	2.32375741933333	12.413964845147	12.2647055795877	0.1453	0.9963	3.92168543913124	0.825893440133315	3.91333506861186	6.99861080437574	6.17271736424243	0	NA	NA	NA	NA	NA	NA	1	0.509705545269968	0.259799742878956	1	-0.190782217453542	0.0363978544964905	1	0.081567299659127	0.00665322437368182	1	0.398140093101152	0.158515533734594	1.00174840743626	4069.74211366301	0	1.00128313558314	10420.5554274826	0	0.367887622690456	0.12256804975	0.366686275	0.622110451	0.245430779086059	0.06016309955	0.24488561	0.42571847125
214	7	7	benefit_positive_truncnorm	benefit_positive_truncnorm	continuous	1	increasing	benefit	1	1	NA	1.73325888417789	3.48955539120985	700	252	420	700	700	252	472	0.64	0.325714285714286	7.03893900171309	24	24	0	2	1	10	4	1	5000	2500	1	0.95	12	10000	101213	0.1679	0.9963	-0.803173256840766	-2.44362041048051	-0.808457155630051	0.855699026004587	3.2993194364851	1.71328480827513	0.452485607661387	1.71997648894111	2.9769726120778	2.52448700441641	0.166923155842823	-1.46171220039365	-9.21952846322535	-0.381738063562139	2.11316174916441	11.3326902123898	0.0253	0.9963	4.17863405494879	0.921204917434339	4.04292580155362	7.98907763007876	7.06787271264442	0	NA	NA	NA	NA	NA	NA	0	-2.53643214101866	6.4334880059925	1	-0.0199740759027625	0.000398963708169316	0	-4.95126759160349	24.515050763663	1	0.689078663738942	0.474829404820246	1.00164383725889	3977.53230769444	0	1.00139420346637	11606.8161899587	0	-0.121938075810689	-0.3679382345	-0.122297415	0.1284626385	0.243502323473293	0.0635209034	0.24405593	0.424115307
178	7	7	benefit_positive_truncnorm	benefit_positive_truncnorm	continuous	1	increasing	benefit	1	1	NA	1.67174585043492	2.95437334309967	700	252	420	700	700	252	489	0.64	0.301428571428571	6.77996933404209	24	24	0	2	1	10	4	1	5000	2500	1	0.95	12	10000	101177	0.8811	0.9995	1.01385269660598	-0.666024549152061	1.01942626531676	2.66342272324636	3.32944727239842	2.07247775577876	0.809065233506813	2.07817446005024	3.31967205613664	2.51060682262983	0.878991232817404	1.46373253770467	-0.411738369102579	0.365923610687716	9.04392712736857	9.45566549647115	0.0761	0.9995	4.02155438333258	1.37485775522899	3.93372799044609	7.12105310734022	5.74619535211123	0	NA	NA	NA	NA	NA	NA	1	-0.657893153828944	0.432823401854995	1	0.400731905343839	0.160586059960503	1	-1.490640805395	2.22201001070866	1	1.06718104023291	1.1388753726326	1.00133882475084	4826.54352761912	0	1.00170560052422	11790.8888835763	0	0.15080481638091	-0.0989678683	0.152184695	0.39394397225	0.292031691303384	0.11306385925	0.292648205	0.47089732275
198	7	7	benefit_positive_truncnorm	benefit_positive_truncnorm	continuous	1	increasing	benefit	1	1	NA	1.18821416992859	1.87268863477213	700	252	420	700	700	252	479	0.64	0.315714285714286	5.89042967599886	24	24	0	2	1	10	4	1	5000	2500	1	0.95	12	10000	101197	0.9464	0.9898	1.36933687747938	-0.300379472306747	1.35598601001766	3.07615052426004	3.37652999656679	1.51620108160583	0.233591874198105	1.52422757649409	2.82962968138965	2.59603780719155	0.943981831945496	2.00521852863134	-0.122642753958486	0.547223587734351	9.85312553749135	9.97576829144984	0.0753	0.9898	2.98936921713684	0.417985815040337	3.010449228347	5.53914560435287	5.12115978931253	0	NA	NA	NA	NA	NA	NA	1	0.181122707550785	0.0328054351905272	1	0.327986911677236	0.107575414231571	1	0.132529893859207	0.0175641727663328	1	1.1166805823647	1.24697552303037	1.00117140998242	4239.78767252205	0	1.00213405726704	10337.4868423029	0	0.205160434287569	-0.045084336425	0.204394775	0.457640404	0.209615551194734	0.032314794225	0.210071605	0.39212643125
186	7	7	benefit_positive_truncnorm	benefit_positive_truncnorm	continuous	1	increasing	benefit	1	1	NA	2.20699589595956	4.43470545363156	700	252	420	700	700	252	484	0.64	0.308571428571429	7.56388310063694	24	24	0	2	1	10	4	1	5000	2500	1	0.95	12	10000	101185	0.9987	1	2.44304289478364	0.821121437533693	2.42361781969609	4.10510043971147	3.28397900217778	2.93825831895597	1.70309160159253	2.94307006280042	4.15884709399592	2.45575549240339	0.998444603972242	3.49457965520666	0.147067963621075	2.32469698271604	11.8209617181826	11.6738937545615	0.1642	1	5.01863713424488	2.80993517180424	4.9144326295449	7.8164513419046	5.00651617010037	0	NA	NA	NA	NA	NA	NA	1	0.236046998824079	0.055718185653855	1	0.731262422996411	0.534744731286582	1	-0.940125798424894	0.883836516864045	1	0.583931680613321	0.340976207623898	1.00188039650105	3987.16307757421	0	1.00118250162709	11718.8583920933	0	0.37643423381571	0.12914731925	0.374869915	0.627480892	0.4269140887969	0.245880307	0.42709699	0.6074064845
229	7	7	benefit_positive_truncnorm	benefit_positive_truncnorm	continuous	1	increasing	benefit	1	1	NA	2.45919382097302	5.18527212521995	700	252	420	700	700	252	482	0.64	0.311428571428571	6.76259905304283	24	24	0	2	1	10	4	1	5000	2500	1	0.95	12	10000	101228	0.9849	1	1.82056089266195	0.168526319953064	1.83119198619734	3.44527483153577	3.27674851158271	2.83172650021107	1.57797480167739	2.84522948470129	4.05292958287463	2.47495478119724	0.983634311512415	2.70051096309262	0.0335146141727802	1.10277783033647	11.3311121400023	11.2975975258295	0.114	1	5.53881480470331	2.64231523489357	5.36957462912525	9.03914075988127	6.3968255249877	0	NA	NA	NA	NA	NA	NA	1	-0.638632928311073	0.407852017123176	1	0.372532679238056	0.138780597100284	1	-2.48476116212733	6.17403803281635	1	0.353542679483365	0.124992426216277	1.0011510800005	4321.92252294855	0	1.00169893308095	10368.3297607896	0	0.27855670433159	0.026213587175	0.280462595	0.522360809	0.4029318274052	0.222678459	0.404118975	0.581498134
215	7	7	benefit_positive_truncnorm	benefit_positive_truncnorm	continuous	1	increasing	benefit	1	1	NA	1.24494317016562	2.28609877100758	700	252	420	700	700	252	499	0.64	0.287142857142857	5.66445018752208	24	24	0	2	1	10	4	1	5000	2500	1	0.95	12	10000	101214	0.9087	0.981	1.16307701783072	-0.541793854600465	1.14437027590966	2.93359507900662	3.47538893360708	1.37432554824214	0.0913581562994281	1.36745665152351	2.6518754337567	2.56051727745727	0.906001062134891	1.71495753574436	-0.253532306481735	0.43893557177576	9.58466954891761	9.83820185539935	0.0585	0.981	2.1410324788134	0.126969528692359	2.04564554898768	4.73154237289559	4.60457284420323	0	NA	NA	NA	NA	NA	NA	1	-0.0818661523349022	0.00670206689812142	1	0.129382378076519	0.0167397997567354	1	-0.571141235263216	0.326202310617993	1	-0.145066292194183	0.0210442291309681	1.00166345078534	4118.76388857447	0	1.00138119566858	10146.7727108768	0	0.169579016503649	-0.080518362925	0.169055605	0.422023565	0.187706943085264	0.012478870075	0.186225085	0.36329914225
177	7	7	benefit_positive_truncnorm	benefit_positive_truncnorm	continuous	1	increasing	benefit	1	1	NA	2.43982246066398	4.9382327091099	700	252	420	700	700	252	487	0.64	0.304285714285714	7.52255200371031	24	24	0	2	1	10	4	1	5000	2500	1	0.95	12	10000	101176	0.9675	0.9899	1.55537372787508	-0.0915859081243243	1.5590476022993	3.21690913071952	3.30849503884385	1.44919753326537	0.221461222328592	1.44828426621944	2.67838058590049	2.4569193635719	0.964321664243373	2.241124790421	-0.0406829748216468	0.72647782247131	10.260714349882	10.3013973247037	0.1059	0.9899	3.28164022592353	0.439714532438539	3.18283997027778	6.45421336599288	6.01449883355434	0	NA	NA	NA	NA	NA	NA	1	-0.884448732788903	0.782249560931897	1	-0.990624927398611	0.981337746783502	1	-2.6971079186889	7.27439112505436	1	-1.65659248318637	2.74429865534959	1.00128612923737	4217.30813969163	0	1.00241224602093	10238.6475249342	0	0.238632518872808	-0.014699559525	0.23925052	0.4941263305	0.21122445069505	0.03203944615	0.210869	0.39206107675
203	7	7	benefit_positive_truncnorm	benefit_positive_truncnorm	continuous	1	increasing	benefit	1	1	NA	1.72533912423784	3.42896240948939	700	252	420	700	700	252	500	0.64	0.285714285714286	6.82712972954601	24	24	0	2	1	10	4	1	5000	2500	1	0.95	12	10000	101202	0.7999	0.9908	0.695672524588012	-0.904599902822572	0.692544106272037	2.3171505260279	3.22175042885047	1.48989331983468	0.257331901253032	1.49359403043275	2.72959221221943	2.4722603109664	0.795124037639008	1.05103377571095	-1.40231528323054	0.227007330503842	8.02497437929729	9.42728966252783	0.0648	0.9908	2.65526995053352	0.406240691188693	2.57164877096247	5.49639059317963	5.09014990199093	0	NA	NA	NA	NA	NA	NA	1	-1.02966659964983	1.06021330643444	1	-0.235445804403158	0.0554347268110501	1	-2.37792863377845	5.65454458734343	1	-0.773692458955872	0.598600021045183	1.00185511412146	4377.15985201114	0	1.0018124152988	11285.541638006	0	0.105608895471402	-0.13886982975	0.106514295	0.349289046	0.211014875836518	0.03658408835	0.211234045	0.38705717375
235	7	7	benefit_positive_truncnorm	benefit_positive_truncnorm	continuous	1	increasing	benefit	1	1	NA	2.58589083370467	5.55120611087438	700	252	420	700	700	252	487	0.64	0.304285714285714	7.10328000606699	24	24	0	2	1	10	4	1	5000	2500	1	0.95	12	10000	101234	0.9999	1	3.46499751102141	1.75604515949399	3.45359011289622	5.20087020644528	3.4448250469513	2.92199087216914	1.6675127817696	2.92396683177634	4.13357583139693	2.46606304962732	0.999876283558085	5.89250669109397	0.356858240463437	5.30010525158291	14.7100418896948	14.3531836492313	0.1917	1	6.25145250509218	3.11041914977123	6.40229660650608	9.25663553712218	6.14621638735095	0	NA	NA	NA	NA	NA	NA	1	0.879106677316742	0.772828550102882	1	0.336100038464479	0.112963235855824	1	0.341300580219593	0.116486086058231	1	0.700246394217804	0.490345012615036	1.00104072343818	5027.98009316476	0	1.00094461178746	11102.7817079781	0	0.5187680675727	0.270862241	0.51798495	0.77555638875	0.4174075429123	0.23632423625	0.416593905	0.5939180235
234	7	7	benefit_positive_truncnorm	benefit_positive_truncnorm	continuous	1	increasing	benefit	1	1	NA	2.06188584631585	4.07460255589488	700	252	420	700	700	252	463	0.64	0.338571428571429	6.98785077901082	24	24	0	2	1	10	4	1	5000	2500	1	0.95	12	10000	101233	0.9847	1	1.83276167113608	0.163116260375281	1.82609251957395	3.56025210594496	3.39713584556968	3.02310669625002	1.75793890645631	3.02917140833931	4.28224768604484	2.52430877958853	0.983479548820782	2.57786095804144	0.0340866711259075	0.976766471616973	10.93895087456	10.9048642034341	0.1223	1	7.46427702252477	3.71905883241599	7.36675604427511	11.8016005256001	8.08254169318412	5e-04	NA	NA	NA	NA	NA	NA	1	-0.229124175179769	0.0524978876518094	1	0.961220849934169	0.923945522348166	1	-1.49674159785344	2.24023541074487	1	3.38967446662989	11.4898929897226	1.00154749011273	4521.6225682478	0	1.00097809588552	10497.731683771	0	0.277832043977118	0.025077744025	0.2781382	0.53548439675	0.4294990764357	0.24875484	0.429694635	0.611442946
216	7	7	benefit_positive_truncnorm	benefit_positive_truncnorm	continuous	1	increasing	benefit	1	1	NA	2.25031521507487	5.01611437288805	700	252	420	700	700	252	485	0.64	0.307142857142857	6.89322145314682	24	24	0	2	1	10	4	1	5000	2500	1	0.95	12	10000	101215	0.9875	0.9999	1.90589727349305	0.249143122533899	1.90513873449666	3.5600453366689	3.310902214135	2.63523129112657	1.36484203263746	2.63939083121016	3.88060313783877	2.51576110520131	0.986195971939353	2.75892719575281	0.0486791649722204	1.22163145278593	11.033599946486	10.9849207815138	0.1162	0.9999	5.56431050722717	3.07503358849606	5.53328219425784	8.17070563938717	5.09567205089111	0	NA	NA	NA	NA	NA	NA	1	-0.34441794158182	0.118623718483458	1	0.384916076051694	0.148160385603033	1	-2.25718717713524	5.09489395262374	1	0.548196134339123	0.300519001704358	1.00189387839699	4212.60865900894	0	1.00173498308599	11195.4480793802	0	0.286635377384936	0.038720941475	0.28730654	0.53176981075	0.3759274367287	0.193678536	0.376230185	0.55745925975
176	7	7	benefit_positive_truncnorm	benefit_positive_truncnorm	continuous	1	increasing	benefit	1	1	NA	2.2350016066705	4.87271158704861	700	252	420	700	700	252	460	0.64	0.342857142857143	6.33149228035772	24	24	0	2	1	10	4	1	5000	2500	1	0.95	12	10000	101175	0.9966	0.9998	2.31304892942254	0.616406665201675	2.31163417732203	4.03078472414304	3.41437805894137	2.39067948810082	1.07750414592689	2.39854362690873	3.68823824399875	2.61073409807187	0.996320249776985	3.72939245056368	0.126317018951209	2.43535676375652	12.8037580322129	12.6774410132617	0.1032	0.9998	6.09390377166199	2.74991661853209	6.04493580007482	9.82818650589737	7.07826988736528	0	NA	NA	NA	NA	NA	NA	1	0.0780473227520422	0.00609138458876144	1	0.155677881430328	0.0242356027666353	1	-1.14331913648494	1.30717864785266	1	1.22119218461338	1.4913103517608	1.00140663314646	4714.94876289333	0	1.00119351644261	11078.8450406486	0	0.340941838864419	0.093023771325	0.34114903	0.59039921175	0.33455954984235	0.15028533025	0.33428586	0.51852983725
236	7	7	benefit_positive_truncnorm	benefit_positive_truncnorm	continuous	1	increasing	benefit	1	1	NA	2.05710931332693	3.8912104932646	700	252	420	700	700	252	486	0.64	0.305714285714286	6.80053947702836	24	24	0	2	1	10	4	1	5000	2500	1	0.95	12	10000	101235	0.9985	1	2.49755680266103	0.876804084950395	2.49688613174966	4.13102042773204	3.25421634278165	2.50524898435357	1.24529101449484	2.5095253291045	3.70329048202403	2.45799946752918	0.998243354022719	3.6803535084474	0.157794235303936	2.49066450029633	12.3876307035098	12.2298364682059	0.1461	1	5.11172103453272	2.30023550224189	5.08191811356265	8.16667158077908	5.86643607853719	0	NA	NA	NA	NA	NA	NA	1	0.440447489334101	0.193993990860713	1	0.448139671026642	0.200829164747867	1	-0.210856984817195	0.0444606680461988	1	1.22051054126812	1.4896459813466	1.00143209991403	4788.66634425327	0	1.00152195328237	10591.9816239844	0	0.37891411430956	0.134584333	0.38004425	0.62222338375	0.35927975958878	0.17812189475	0.35974461	0.53442095925
233	7	7	benefit_positive_truncnorm	benefit_positive_truncnorm	continuous	1	increasing	benefit	1	1	NA	1.86106905986183	3.41739252232024	700	252	420	700	700	252	479	0.64	0.315714285714286	6.81764097625278	24	24	0	2	1	10	4	1	5000	2500	1	0.95	12	10000	101232	0.9727	0.9993	1.6313333258912	-0.0264127179546649	1.62805765862782	3.34516208622351	3.37157480417818	2.11567009166781	0.870242146606242	2.11792016034286	3.35441934623327	2.48417719962703	0.970263949214835	2.32345430605744	-0.0180009728120975	0.744265543012673	10.5121718147105	10.5301727875226	0.1021	0.9993	5.1032436493132	2.02830863174046	5.12100936530869	8.08738798876216	6.0590793570217	0	NA	NA	NA	NA	NA	NA	1	-0.229735733970625	0.0527785074630216	1	0.254601031805978	0.0648216853966686	1	-1.0939382162628	1.19670082100024	1	1.68585112699296	2.84209402238343	1.00119297734854	4223.68739429734	0	1.00169320721174	10950.4931801135	0	0.246122165289075	-0.00405578784	0.24603855	0.500254297	0.297505379324646	0.12172670275	0.297433185	0.4730811915
226	7	7	benefit_positive_truncnorm	benefit_positive_truncnorm	continuous	1	increasing	benefit	1	1	NA	2.30940937775829	4.06714939073481	700	252	420	700	700	252	458	0.64	0.345714285714286	8.46443139749052	24	24	0	2	1	10	4	1	5000	2500	1	0.95	12	10000	101225	1	1	3.37438760955424	1.77351852401845	3.37439009544181	4.96521927473307	3.19170075071461	3.10481549397306	1.8922409877934	3.09479893799728	4.31536086548842	2.42311987769501	1	4.64076244664303	0.302413789225084	4.09278308974198	12.3148759301132	12.0124621408881	0.2896	1	6.20914742074478	2.897853528881	6.09563348840327	10.6495540009395	7.75170047205848	8e-04	NA	NA	NA	NA	NA	NA	1	1.06497823179595	1.13417863419923	1	0.795406116214772	0.632670889711868	1	0.573613055908219	0.329031937908366	1	2.14199803000997	4.5881555605666	1.00148840536289	4440.81602030322	0	1.00166153354425	10691.9369787691	0	0.5259525115238	0.27730186125	0.52613432	0.77778462025	0.4604147773289	0.28049403725	0.45938575	0.643247279
222	7	7	benefit_positive_truncnorm	benefit_positive_truncnorm	continuous	1	increasing	benefit	1	1	NA	1.52945986034538	2.64236142917475	700	252	420	700	700	252	495	0.64	0.292857142857143	6.334593820356	24	24	0	2	1	10	4	1	5000	2500	1	0.95	12	10000	101221	0.5899	0.9984	0.19918879055811	-1.43723547373348	0.198194220308152	1.86745029537743	3.30468576911091	1.86516539641593	0.600279674103043	1.85962425127352	3.14285929418434	2.5425796200813	0.587527466778278	0.326500336270249	-4.13370724896283	0.0524641831414101	6.07118722706091	10.2048944760237	0.0443	0.9984	3.12677871968412	0.935832855967051	3.07688446154076	5.65697352164744	4.72114066568039	0	NA	NA	NA	NA	NA	NA	1	-1.33027106978727	1.76962111911296	1	0.335705536070551	0.112698206948416	1	-2.3158610929045	5.36321260162883	1	0.484417290509367	0.234660111344437	1.00123265446846	4050.97105584733	0	1.00158978611232	11268.0961941537	0	0.0288640831574208	-0.21433692525	0.029469385	0.27314976225	0.25689531198523	0.0822707229	0.256024005	0.43548439225
231	7	7	benefit_positive_truncnorm	benefit_positive_truncnorm	continuous	1	increasing	benefit	1	1	NA	2.10019820604494	4.65207684908854	700	252	420	700	700	252	492	0.64	0.297142857142857	7.01456393756795	24	24	0	2	1	10	4	1	5000	2500	1	0.95	12	10000	101230	0.8275	0.9971	0.771370173182038	-0.842394778995535	0.767385279692351	2.41278191489646	3.25517669389199	1.70231988328567	0.509105216630945	1.70035525745976	2.93355393349308	2.42444871686214	0.827301139227745	1.02830475444601	-1.01201207423179	0.223826690460298	8.15079744354568	9.16280951777746	0.0081	0.9971	3.52167496028637	0.926256436885154	3.46927188977525	6.44296493644898	5.51670849956383	0	NA	NA	NA	NA	NA	NA	1	-1.3288280328629	1.76578394092229	1	-0.397878322759274	0.158307159721733	1	-3.62377209464253	13.1317241939099	1	-1.13040188880217	1.27780843020752	1.00119423421355	4210.28984759298	0	1.00228532203985	10901.9188182944	0	0.118335725953525	-0.13011466875	0.119882305	0.36452424925	0.246530970975913	0.073438148325	0.245568675	0.42612263775
232	7	7	benefit_positive_truncnorm	benefit_positive_truncnorm	continuous	1	increasing	benefit	1	1	NA	2.1481700328313	4.3285463509311	700	252	420	700	700	252	477	0.64	0.318571428571429	6.75117180874603	24	24	0	2	1	10	4	1	5000	2500	1	0.95	12	10000	101231	0.9993	1	2.52746769291047	0.843721299069656	2.51894240383023	4.22127506134045	3.3775537622708	2.94076757974416	1.63495794000841	2.92664009286524	4.23193829370213	2.59698035369372	0.999295361127422	3.6408340356034	0.153208787550715	2.46937325861751	12.3650984100382	12.2118896224875	0.1485	1	6.48746322177805	3.19045042825624	6.17852437960742	10.4279126821076	7.23746225385132	0	NA	NA	NA	NA	NA	NA	1	0.379297660079163	0.143866714941528	1	0.792597546912857	0.628210871372278	1	-0.687712315327702	0.472948228653389	1	2.15891687084695	4.6609220552276	1.00076925191059	4746.2201353293	0	1.00133456420563	11554.5611445581	0	0.38114179937528	0.12852637375	0.38027163	0.63173202925	0.4146191595706	0.228800331	0.4123777	0.59931670075
228	7	7	benefit_positive_truncnorm	benefit_positive_truncnorm	continuous	1	increasing	benefit	1	1	NA	1.77969467413327	3.51154158758157	700	252	420	700	700	252	477	0.64	0.318571428571429	8.17527828637378	24	24	0	2	1	10	4	1	5000	2500	1	0.95	12	10000	101227	0.3082	0.9901	-0.40234643869343	-1.99158562998673	-0.393517125910313	1.18248567459419	3.17407130458093	1.48333555016033	0.265632515129215	1.48053199022311	2.69993013209307	2.43429761696386	0.305625068001306	-0.509337827808313	-5.90101609403527	-0.113288477259124	2.77506942755575	8.67608552159102	0.0809	0.9901	3.24336057007948	0.508847292655834	3.13035914987546	6.31690257601897	5.80805528336314	0	NA	NA	NA	NA	NA	NA	0	-2.1820411128267	4.76130341806597	1	-0.296359123972939	0.087828730362008	0	-4.02087941538988	16.1674712731061	1	-0.268181017502092	0.0719210581484571	1.0021525215249	4369.73984424397	0	1.00164092306321	11147.140008329	0	-0.0630896901865314	-0.30828384825	-0.0613402335	0.18178838325	0.217096184370994	0.03906061515	0.2163685	0.39784248725
225	7	7	benefit_positive_truncnorm	benefit_positive_truncnorm	continuous	1	increasing	benefit	1	1	NA	1.89063127620967	3.45055532614814	700	252	420	700	700	252	494	0.64	0.294285714285714	6.80323696471127	24	24	0	2	1	10	4	1	5000	2500	1	0.95	12	10000	101224	0.9744	0.999	1.62298500735221	-0.00436471699526461	1.61412704185779	3.28598922921528	3.29035394621055	1.91497006035238	0.660557916127671	1.91249218334764	3.14749192224238	2.4869340061147	0.973243033196403	2.43078854464363	-0.00563164580865969	0.806612995653456	10.6457559672349	10.6513876130435	0.0993	0.999	3.5890829074822	1.19445786163993	3.57393659961266	6.04682893458473	4.8523710729448	0	NA	NA	NA	NA	NA	NA	1	-0.267646268857463	0.0716345252333216	1	0.024338784142709	0.000592376413545381	1	-1.01976678150451	1.03992428866007	1	0.138527581334064	0.0191898907902657	1.00147108133799	4196.48250445902	0	1.00160183425979	10792.7863322378	0	0.246089914523104	-0.000621236372249998	0.24627968	0.4886159415	0.269629903093029	0.092742137125	0.26943949	0.44466026675
223	7	7	benefit_positive_truncnorm	benefit_positive_truncnorm	continuous	1	increasing	benefit	1	1	NA	1.6812282204593	2.85553364505757	700	252	420	700	700	252	498	0.64	0.288571428571429	5.95766118115128	24	24	0	2	1	10	4	1	5000	2500	1	0.95	12	10000	101222	0.9504	0.9985	1.37609585040129	-0.263176014903695	1.36449393282219	3.10191055798115	3.36508657288484	1.93981695134782	0.660279770647296	1.94261345235033	3.18417061457416	2.52389084392686	0.948412268342907	2.0174925510861	-0.087452812470998	0.546109449640301	10.129768919949	10.21722173242	0.0773	0.9985	3.31398092165297	1.07083126206878	3.22814774647918	5.88002609507408	4.8091948330053	0	NA	NA	NA	NA	NA	NA	1	-0.305132370058018	0.0931057632572235	1	0.258588730888511	0.0668681317425306	1	-0.838041093971468	0.702312875184894	1	0.4584472765954	0.210173905417739	1.00219909414222	4388.77244509361	0	1.0011599200952	10101.3596237935	0	0.20292771358413	-0.04138806805	0.20190683	0.4516513435	0.267751700347148	0.09083851125	0.26832169	0.4418271045
239	7	7	benefit_positive_truncnorm	benefit_positive_truncnorm	continuous	1	increasing	benefit	1	1	NA	1.89143132283067	3.54303365537234	700	252	420	700	700	252	487	0.64	0.304285714285714	7.03282511908061	24	24	0	2	1	10	4	1	5000	2500	1	0.95	12	10000	101238	0.9896	1	1.98148666663223	0.294894405984975	1.97161108926338	3.7073827507202	3.41248834473522	2.52162370299141	1.32929909418703	2.52341053405872	3.72743107445935	2.39813198027231	0.989001415659371	3.65345409903184	0.075771958303206	2.49182314853881	12.8334381757704	12.7576662174672	0.0817	1	5.04368365392574	2.56901817137324	5.01398306441808	7.80925252626097	5.24023435488773	0	NA	NA	NA	NA	NA	NA	1	0.0900553438015617	0.00810996494721747	1	0.630192380160748	0.397142436012669	1	0.110420443659507	0.0121926743779623	1	1.5006499985534	2.25195041815833	1.00094193383507	4781.12784231345	0	1.00130752950182	10617.1914395507	0	0.294828887596833	0.0465948996	0.29312565	0.548558149	0.3641571012664	0.18980114675	0.36412769	0.5406476545
224	7	7	benefit_positive_truncnorm	benefit_positive_truncnorm	continuous	1	increasing	benefit	1	1	NA	2.21046726351605	4.76559181920692	700	252	420	700	700	252	471	0.64	0.327142857142857	6.92090357490467	24	24	0	2	1	10	4	1	5000	2500	1	0.95	12	10000	101223	0.9998	1	2.7734425292957	1.08606427393032	2.77668329334902	4.46352070589007	3.37745643195976	3.54164349211848	2.26513979114852	3.55009635126079	4.79767244280993	2.53253265166141	0.999755918965096	3.83177150715939	0.179779915002833	2.78952430658822	12.5356577222335	12.3558778072306	0.1806	1	9.18340233166092	5.20153827530492	9.32275127848303	12.686776156305	7.48523788100013	0.0022	NA	NA	NA	NA	NA	NA	1	0.562975265779651	0.316941149879669	0	1.33117622860243	1.77203015159619	1	-0.933820312047532	0.87202037519255	0	4.417810512454	19.5170497239491	1.00090371070345	4568.07742718244	0	1.00157211572882	11693.3354562714	0	0.41675202830039	0.166166015	0.417407485	0.6640442295	0.509540817475	0.32241098375	0.51014985	0.69615777675
220	7	7	benefit_positive_truncnorm	benefit_positive_truncnorm	continuous	1	increasing	benefit	1	1	NA	2.04199589725619	3.83146640406789	700	252	420	700	700	252	457	0.64	0.347142857142857	6.86662533086932	24	24	0	2	1	10	4	1	5000	2500	1	0.95	12	10000	101219	0.5971	0.9984	0.20697693536277	-1.4087019389328	0.195492491481125	1.86413935928237	3.27284129821517	1.92705671411278	0.634365043387358	1.93205237098025	3.21204822001742	2.57768317663006	0.592961628153487	0.300340262241046	-4.05395646221014	0.0510042357151201	6.12627396962794	10.1802304318381	0.0566	0.9984	4.40285625042467	1.09557630568536	4.06784880506422	9.07665159482444	7.98107528913908	0	NA	NA	NA	NA	NA	NA	0	-1.83501896189342	3.36729459050841	1	-0.114939183143415	0.0132110158216755	1	-3.53112614182684	12.4688518294929	1	0.571389846356782	0.326486356519627	1.00168929889231	4326.75235688254	0	1.00152430788051	11321.0677485906	0	0.0307419297904368	-0.215712732	0.0296834665	0.278236219	0.27543705763878	0.09019446305	0.27582867	0.4621012025
227	7	7	benefit_positive_truncnorm	benefit_positive_truncnorm	continuous	1	increasing	benefit	1	1	NA	1.79134471197482	3.43395338553174	700	252	420	700	700	252	491	0.64	0.298571428571429	7.21924130115104	24	24	0	2	1	10	4	1	5000	2500	1	0.95	12	10000	101226	0.9914	1	2.03111790817062	0.354447574463523	2.02536753538638	3.77349685647605	3.41904928201253	2.66956333915642	1.4719082297505	2.66975339425398	3.92341889764352	2.45151066789302	0.991017964071856	2.931890285921	0.078836431081935	1.51788458189505	11.1951368200654	11.1163003889835	0.1316	1	4.41733866124116	2.09365330569679	4.37022434347041	7.02658966566538	4.93293635996859	0	NA	NA	NA	NA	NA	NA	1	0.2397731961958	0.0574911856139494	1	0.878218627181602	0.771267957128737	1	-0.502063099610741	0.252067355990745	1	0.983385275709411	0.967046600482074	1.00169290263568	4551.10849180016	0	1.00213765734735	11533.6641978728	0	0.307536066858985	0.0540911547	0.307453385	0.564779551	0.3815166051423	0.20924122075	0.381191885	0.56323504175
221	7	7	benefit_positive_truncnorm	benefit_positive_truncnorm	continuous	1	increasing	benefit	1	1	NA	2.18266122071899	3.98436259944374	700	252	420	700	700	252	471	0.64	0.327142857142857	7.34143939764055	24	24	0	2	1	10	4	1	5000	2500	1	0.95	12	10000	101220	0.8323	0.9968	0.77612085772841	-0.822363369185342	0.771306039610453	2.37222330109086	3.1945866702762	1.74265017045911	0.486056497683751	1.73796624044458	3.03038913009499	2.54433263241124	0.826697892271663	1.19851851322658	-1.33176266739398	0.280474105686726	8.49227180446512	9.8240344718591	0.0606	0.9968	4.13972487313816	1.02607432927275	4.06182568739835	7.90757330445137	6.88149897517861	0	NA	NA	NA	NA	NA	NA	1	-1.40654036299058	1.97835579272168	1	-0.440011050259881	0.193609724350803	1	-2.78584408621716	7.76092727271113	1	0.15536227369442	0.0241374360874999	1.00166642963807	4406.07082146208	0	1.00181985649608	12597.5878337902	0	0.120254322692548	-0.126638163	0.120619255	0.36483144075	0.250357730650191	0.069721595475	0.24970033	0.43728484075
240	7	7	benefit_positive_truncnorm	benefit_positive_truncnorm	continuous	1	increasing	benefit	1	1	NA	2.27596819472906	4.36941828263415	700	252	420	700	700	252	499	0.64	0.287142857142857	6.70849252329601	24	24	0	2	1	10	4	1	5000	2500	1	0.95	12	10000	101239	0.2529	0.9845	-0.54117613417422	-2.18131452760015	-0.54477401780291	1.08699369633537	3.26830822393552	1.36619769966896	0.0999783215408172	1.37130037767578	2.6310024513396	2.53102412979878	0.251339707891142	-0.708172936514279	-6.74784290037876	-0.160974727830162	2.47043978363788	9.21828268401664	0.0483	0.9845	2.31266601123768	0.152441827623921	2.29139818023002	4.66114408066225	4.50870225303833	0	NA	NA	NA	NA	NA	NA	0	-2.81714432890328	7.93630216987193	1	-0.909770495060106	0.827682353681911	0	-5.07759121914843	25.7819325887732	1	-2.05675227139647	4.23022990589456	1.00156286891973	4098.17257281532	0	1.00172451475543	11199.6271614345	0	-0.0824687512280005	-0.32604180575	-0.082938886	0.1624126045	0.191871073221042	0.014012036575	0.1922094	0.3697797045
230	7	7	benefit_positive_truncnorm	benefit_positive_truncnorm	continuous	1	increasing	benefit	1	1	NA	1.9573690535421	3.35170798205939	700	252	420	700	700	252	484	0.64	0.308571428571429	6.43303331032334	24	24	0	2	1	10	4	1	5000	2500	1	0.95	12	10000	101229	0.9968	0.9998	2.23643338440729	0.576199062096145	2.23971705007605	3.90123561908591	3.32503655698977	2.388775576279	1.10618794346286	2.40210964852416	3.62285910697095	2.51667116350809	0.996410790783837	3.31286816181971	0.116333496306634	2.08860314272547	11.8765396423688	11.7602061460622	0.1363	0.9998	4.9314135047296	2.13565003066554	4.89217540305551	8.06745567465791	5.93180564399236	0	NA	NA	NA	NA	NA	NA	1	0.279064330865188	0.0778769007612352	1	0.431406522736899	0.186111587859943	1	-0.03883982023968	0.00150853163625066	1	1.5797055226702	2.49546953835474	1.00189636170742	4016.16875838269	0	1.00104215498118	11047.2062715056	0	0.342301883672928	0.090010046675	0.343122895	0.59205245575	0.339208074909	0.156508649	0.340991765	0.51732816375
238	7	7	benefit_positive_truncnorm	benefit_positive_truncnorm	continuous	1	increasing	benefit	1	1	NA	2.34499410526434	4.80270513971862	700	252	420	700	700	252	489	0.64	0.301428571428571	6.50784581079203	24	24	0	2	1	10	4	1	5000	2500	1	0.95	12	10000	101237	0.4673	0.9945	-0.0589088400270995	-1.65489777265793	-0.0656261803691764	1.55149093421701	3.20638870687495	1.591902307052	0.332567359183579	1.58901262325664	2.88114317221821	2.54857581303463	0.464119881806669	-0.0670850996293243	-5.13816621530066	-0.0191024977644521	4.95429668397878	10.0924628992794	0.0524	0.9945	3.30115046993879	0.579424789600853	3.19672179323208	6.60700780634872	6.02758301674787	0	NA	NA	NA	NA	NA	NA	0	-2.40390294529144	5.77874937038086	1	-0.753091798212343	0.5671472565347	1	-4.86979023934794	23.7148569752485	1	-1.50155466977983	2.25466642633761	1.00117447453254	4418.47886698675	0	1.00285533482001	11195.2670837217	0	-0.0096666098748867	-0.254764991	-0.00995961315	0.2368039935	0.225499539660411	0.046576101525	0.22465866	0.41097208075
254	7	7	benefit_positive_truncnorm	benefit_positive_truncnorm	continuous	1	increasing	benefit	1	1	NA	1.57355562883779	2.95522935380325	700	252	420	700	700	252	476	0.64	0.32	7.12580461367645	24	24	0	2	1	10	4	1	5000	2500	1	0.95	12	10000	101253	0.8408	0.9975	0.835397124907987	-0.766562911626886	0.831626509552059	2.46704553672398	3.23360844835087	1.78394855178973	0.579852291365798	1.78010280823722	3.02757135592127	2.44771906455547	0.835715832791856	1.24173787272672	-0.820266445738657	0.291072205215603	8.36157375870538	9.18184020444403	0.0766	0.9975	3.92437014095956	1.12285400080465	3.8545833853711	7.21282371731469	6.08996971651004	0	NA	NA	NA	NA	NA	NA	1	-0.738158503929803	0.544877976923885	1	0.210392922951943	0.0442651820282624	1	-1.71349148107653	2.93605305572185	1	0.969140787156317	0.939233865329966	1.00157958173445	4310.24248373469	0	1.0013563080887	10649.9055832868	0	0.126564924450063	-0.11797365525	0.126850145	0.3700747335	0.260220156633026	0.0845746323	0.258924445	0.4433711725
244	7	7	benefit_positive_truncnorm	benefit_positive_truncnorm	continuous	1	increasing	benefit	1	1	NA	2.01271358332554	3.78854786901421	700	252	420	700	700	252	490	0.64	0.3	7.39968620340406	24	24	0	2	1	10	4	1	5000	2500	1	0.95	12	10000	101243	0.893	0.9987	1.03390180910173	-0.563691729221001	1.0375677118049	2.69673421952258	3.26042594874358	1.98215320348905	0.736407232887037	1.97917852265597	3.21426042978041	2.47785319689337	0.888925330709522	1.5412338779512	-0.292870959955206	0.391424427568534	9.14340813391014	9.43627909386534	0.0853	0.9987	3.7825029422801	1.36238724053162	3.72222532895411	6.43803786804722	5.0756506275156	0	NA	NA	NA	NA	NA	NA	1	-0.97881177422381	0.958072489359162	1	-0.0305603798364862	0.000933936815750311	1	-2.247313991063	5.05042017442752	1	-0.00604492673410961	3.65411392207531e-05	1.00226041393122	4306.57737216648	0	1.00160297190809	11086.8281118114	0	0.158446213541976	-0.08793302825	0.160069265	0.4083659715	0.284011444556391	0.10462821225	0.283579025	0.4629112025
255	7	7	benefit_positive_truncnorm	benefit_positive_truncnorm	continuous	1	increasing	benefit	1	1	NA	2.14223984536633	3.99532274886957	700	252	420	700	700	252	477	0.64	0.318571428571429	6.88891049731227	24	24	0	2	1	10	4	1	5000	2500	1	0.95	12	10000	101254	0.9983	1	2.35169284111853	0.700721070684974	2.34291620561336	4.06718463738537	3.3664635667004	3.22987433866566	1.98751064806495	3.2311717659756	4.43187594571973	2.44436529765478	0.998128436074395	3.32110108189192	0.134090493447568	2.06266745759056	11.7590447936735	11.6249543002259	0.1451	1	7.95886314976623	4.85729640802954	7.90092022396772	11.3342694774028	6.47697306937325	1e-04	NA	NA	NA	NA	NA	NA	1	0.209452995752196	0.0438705574295693	1	1.08763449329933	1.18294879101448	1	-0.67422166697765	0.454574856222121	0	3.96354040089666	15.70965250954	1.00151914544993	4424.83942128471	0	1.0017260977596	11179.6114923549	0	0.35616678603319	0.10902497625	0.35522484	0.61151200875	0.4653357678567	0.284786007	0.46565866	0.64224919
219	7	7	benefit_positive_truncnorm	benefit_positive_truncnorm	continuous	1	increasing	benefit	1	1	NA	2.3695748536621	4.69330050893132	700	252	420	700	700	252	462	0.64	0.34	7.54520899924779	24	24	0	2	1	10	4	1	5000	2500	1	0.95	12	10000	101218	0.9801	0.9999	1.71515600999035	0.0759978164019512	1.70888029354249	3.35633316905411	3.28033535265216	2.47577558045176	1.23622497229843	2.48176950847743	3.70328308836208	2.46705811606365	0.978061107282334	2.43504396443083	0.0133073287119969	0.865668355155219	10.5159419341566	10.5026346054446	0.1294	0.999899979995999	5.95836221363358	2.53472017913901	5.68968505307054	10.3057359286864	7.77101574954735	2e-04	NA	NA	NA	NA	NA	NA	1	-0.654418843671751	0.428264022952671	1	0.106200726789658	0.0112785943706515	1	-2.25825654450049	5.09972262077928	1	1.26506170470226	1.6003811167042	1.00127423297213	4183.84809808549	0	1.00136958265009	11555.016873878	0	0.266088594372612	0.012191302675	0.264373265	0.52222160475	0.3602623552483	0.1780410125	0.360409395	0.540253554
241	7	7	benefit_positive_truncnorm	benefit_positive_truncnorm	continuous	1	increasing	benefit	1	1	NA	2.03498732511862	3.98199182010916	700	252	420	700	700	252	496	0.64	0.291428571428571	6.79943481029498	24	24	0	2	1	10	4	1	5000	2500	1	0.95	12	10000	101240	0.9958	1	2.30429128374467	0.607067726822755	2.30197196763076	4.00702631164394	3.39995858482119	3.25482306821808	2.02213401678521	3.24612810915129	4.51045282872419	2.48831881193898	0.995500173070267	3.32491014211863	0.114063562818201	2.00119128424313	11.9662107403924	11.8521471775742	0.1333	1	5.16437765786355	2.76743331821823	4.85089433080311	8.75168565750833	5.9842523392901	0	NA	NA	NA	NA	NA	NA	1	0.269303958626057	0.0725246221316653	1	1.21983574309947	1.48799924014303	1	-0.657081677990529	0.43175633155085	1	1.1823858377544	1.39803626932217	1.00113567828969	4675.80876198063	0	1.00133247597347	10978.0542954119	0	0.341369429258763	0.09020746035	0.34224398	0.5907042465	0.455133265919	0.281184603	0.454061945	0.6347629295
253	7	7	benefit_positive_truncnorm	benefit_positive_truncnorm	continuous	1	increasing	benefit	1	1	NA	1.7486521619191	3.17177275020441	700	252	420	700	700	252	483	0.64	0.31	6.77407251218487	24	24	0	2	1	10	4	1	5000	2500	1	0.95	12	10000	101252	0.8523	1	0.903683015205131	-0.724934593267219	0.885928999312034	2.5933986174067	3.31833321067392	2.51299107205671	1.23858262109952	2.52222105851171	3.75273272512073	2.51415010402121	0.84745944784617	1.32995611814533	-0.555613188564198	0.310361255281324	8.63875584400898	9.19436903257317	0.0691	1	4.99823339595459	2.25628069207739	4.8203810033139	8.84514521718441	6.58886452510702	0	NA	NA	NA	NA	NA	NA	1	-0.844969146713969	0.713972858898534	1	0.764338910137614	0.584213969550355	1	-1.84181663205908	3.39228850612947	1	1.82646064575017	3.33595849047414	1.00138365103335	4224.21965838152	0	1.00270800209149	11461.5980624278	0	0.135127295946291	-0.11268487275	0.134076895	0.384936838	0.353940463123	0.172994856	0.354914775	0.53032797925
243	7	7	benefit_positive_truncnorm	benefit_positive_truncnorm	continuous	1	increasing	benefit	1	1	NA	2.77306132889035	6.08031694102576	700	252	420	700	700	252	479	0.64	0.315714285714286	8.12076417235201	24	24	0	2	1	10	4	1	5000	2500	1	0.95	12	10000	101242	0.9718	0.9971	1.53602362965622	-0.0377301837249439	1.53766794006096	3.10047706537398	3.13820724909892	1.70896082379535	0.503022172976928	1.70574395944501	2.9624852669135	2.45946309393658	0.969875500222321	2.48427929655958	-0.0142716030997623	0.899755447498529	10.6945741273587	10.7088457304585	0.1004	0.9971	3.28320658588865	0.784430267695215	3.15539822570801	6.30551271612218	5.52108244842696	0	NA	NA	NA	NA	NA	NA	1	-1.23703769923414	1.53026226932648	1	-1.064100505095	1.13230988494344	1	-3.59603764446618	12.9314867404179	1	-2.79711035513711	7.82382633881525	1.00124165561134	4742.09927102114	0	1.00122127325167	10399.3101547936	0	0.237033304374231	-0.00552640871499999	0.2388876	0.47707400125	0.249208657455458	0.0727232789	0.24818541	0.43319387225
242	7	7	benefit_positive_truncnorm	benefit_positive_truncnorm	continuous	1	increasing	benefit	1	1	NA	1.73081590898304	2.854225984694	700	252	420	700	700	252	481	0.64	0.312857142857143	6.97671531975716	24	24	0	2	1	10	4	1	5000	2500	1	0.95	12	10000	101241	0.615	0.9777	0.227233471239496	-1.34739013746585	0.230437113499698	1.82168009928999	3.16907023675584	1.27511699737037	0.027664324942081	1.28840978387813	2.54275062743708	2.51508630249499	0.611004886339494	0.324845562799514	-3.73762588487159	0.0630052614295291	6.06436319023149	9.80198907510308	0.0586	0.9777	2.97115372900486	0.0567106316465576	2.91798942819494	6.43490879425669	6.37819816261013	0	NA	NA	NA	NA	NA	NA	1	-1.50358243774354	2.26076014709081	1	-0.455698911612669	0.207661498044971	1	-2.52938042189449	6.39776531866314	1	0.116927744310859	0.0136720973896256	1.00096751185132	4257.83294472989	0	1.00126279259052	11014.9606040539	0	0.0343209589823996	-0.21211687	0.035990319	0.276029234	0.181361176523442	0.00390299155250001	0.183263845	0.3628013335
247	7	7	benefit_positive_truncnorm	benefit_positive_truncnorm	continuous	1	increasing	benefit	1	1	NA	2.79257998557391	6.17866213355086	700	252	420	700	700	252	487	0.64	0.304285714285714	7.08737502201116	24	24	0	2	1	10	4	1	5000	2500	1	0.95	12	10000	101246	0.9586	0.9999	1.4190052162728	-0.192317328301783	1.39632569547113	3.04742617856256	3.23974350686434	2.280518519801	1.04521560100306	2.2801648044059	3.52065009852689	2.47543449752383	0.955427201394943	2.28653231484789	-0.0774699336506024	0.743876718082924	10.3967406688673	10.4742106025179	0.0824	0.9999	4.32893258182402	1.67022391868116	4.17457871981679	7.89159936031397	6.22137544163281	0	NA	NA	NA	NA	NA	NA	1	-1.37357476930112	1.88670764686062	1	-0.512061465772916	0.262206944729507	1	-3.89212981870297	15.1486745256368	1	-1.84972955172684	3.42149941453159	1.00114162338443	4253.32760658323	0	1.00168332114076	11468.6589016671	0	0.218640630563764	-0.029738310475	0.216740995	0.46511465775	0.328516873817801	0.15076806475	0.32825949	0.50976548575
252	7	7	benefit_positive_truncnorm	benefit_positive_truncnorm	continuous	1	increasing	benefit	1	1	NA	2.52724209196374	5.3525334547836	700	252	420	700	700	252	482	0.64	0.311428571428571	8.14314377954926	24	24	0	2	1	10	4	1	5000	2500	1	0.95	12	10000	101251	0.9982	0.9999	2.42274575348566	0.789165215797544	2.42450907503576	4.06461387281597	3.27544865701843	2.37074426461849	1.15774369786419	2.36643725362982	3.57084503055023	2.41310133268604	0.997704667176741	3.17101902103341	0.141442264994586	2.05431764348803	11.114804719924	10.9733624549294	0.2158	0.9999	4.80262103795866	2.22084763593744	4.73111497109273	7.92240683746281	5.70155920152537	0	NA	NA	NA	NA	NA	NA	1	-0.104496338478078	0.010919484755325	1	-0.156497827345251	0.0244915699637839	1	-2.18151443375018	4.75900522466038	1	-0.549912416824934	0.30240366617824	1.00156571714513	4360.2138951011	0	1.00175016029908	11559.9181433315	0	0.375759110404068	0.1236077455	0.37602176	0.63000477575	0.34879146804447	0.16925645	0.34824113	0.52722165975
237	7	7	benefit_positive_truncnorm	benefit_positive_truncnorm	continuous	1	increasing	benefit	1	1	NA	1.37274819293414	2.50377418164868	700	252	420	700	700	252	479	0.64	0.315714285714286	6.19712553307809	24	24	0	2	1	10	4	1	5000	2500	1	0.95	12	10000	101236	0.9509	0.9997	1.43017134021501	-0.264476620625801	1.43525278001199	3.12921020924413	3.39368682986993	2.4297929223834	1.12808882055306	2.43203292083481	3.72175222119629	2.59366340064323	0.948641129895142	2.27234157178106	-0.100799479975554	0.682751973220162	10.7444260808072	10.8452255607828	0.0654	0.9997	6.11273777959918	2.77080011210062	6.07803442004364	9.74396323321752	6.97316312111691	0	NA	NA	NA	NA	NA	NA	1	0.0574231472808695	0.00329741784364043	1	1.05704472944926	1.11734356005645	1	-0.231432609867625	0.0535610529101402	0	3.6089635979505	13.0246182513318	1.0018095332148	4128.91593439192	0	1.00126841424913	11162.7133776126	0	0.211578489880059	-0.038634132325	0.212721045	0.457256009	0.33862676492017	0.15644474025	0.33830072	0.523226865
246	7	7	benefit_positive_truncnorm	benefit_positive_truncnorm	continuous	1	increasing	benefit	1	1	NA	2.34626664546558	4.37148483305725	700	252	420	700	700	252	482	0.64	0.311428571428571	8.07684175728527	24	24	0	2	1	10	4	1	5000	2500	1	0.95	12	10000	101245	0.9986	1	2.65580181662119	1.00848336725259	2.6499870432295	4.35670894292672	3.34822557567413	2.82972493570158	1.6223855377427	2.83831771421792	4.01631335529457	2.39392781755187	0.998472923763656	4.72660820455785	0.210390905625382	3.93762714496529	13.327269768991	13.1168788633656	0.1487	1	6.30198285666588	3.6585169257737	6.26069257894499	9.22526012010326	5.56674319432956	0	NA	NA	NA	NA	NA	NA	1	0.309535171155613	0.0958120221823344	1	0.483458290236001	0.233731918397917	1	0.355123371500602	0.126112608985954	1	1.93049802360863	3.72682261915683	1.00105530221762	4579.88595262703	0	1.00147517028024	10799.5051233687	0	0.40645950426133	0.16018621725	0.405534745	0.66140060925	0.4135024724169	0.23535567725	0.414113825	0.5891460645
251	7	7	benefit_positive_truncnorm	benefit_positive_truncnorm	continuous	1	increasing	benefit	1	1	NA	2.27765829718274	4.99016447533939	700	252	420	700	700	252	478	0.64	0.317142857142857	6.92640825694771	24	24	0	2	1	10	4	1	5000	2500	1	0.95	12	10000	101250	1	1	3.02791097866861	1.37155877170775	3.01782654442371	4.73830286347229	3.36674409176454	3.21020658265983	1.96743328765399	3.2054315953486	4.47271848593576	2.50528519828178	1	4.28942724271684	0.232787438612321	3.29651107368804	12.9134142154152	12.6806267768029	0.1957	1	7.36094211079215	3.98980441867984	7.40598931591903	10.7523349017708	6.76253048309094	0	NA	NA	NA	NA	NA	NA	1	0.750252681485869	0.562879086076737	1	0.932548285477089	0.869646304746259	1	-0.700737232622545	0.491032669183502	1	2.37077763545277	5.62058659676301	1.0014704655603	4376.65382420846	0	1.00127494104992	11309.740026797	0	0.45900617987992	0.20952210475	0.45691218	0.71574162175	0.462429733822	0.2817066635	0.461599465	0.646353682
249	7	7	benefit_positive_truncnorm	benefit_positive_truncnorm	continuous	1	increasing	benefit	1	1	NA	1.82383304977532	3.20321959289308	700	252	420	700	700	252	461	0.64	0.341428571428571	6.81084474763652	24	24	0	2	1	10	4	1	5000	2500	1	0.95	12	10000	101248	0.901	0.9993	1.08648836459239	-0.554177140623204	1.07749733935092	2.80443429967759	3.3586114403008	2.20820273911846	0.915517301142446	2.21509839712933	3.48606760324298	2.57055030210053	0.896964421716897	1.5678228001031	-0.278338900435313	0.385098270017187	9.26543461838537	9.54377351882069	0.0809	0.9993	5.71150862033002	1.99608933996294	5.62691272909106	9.88440119054431	7.88831185058137	0	NA	NA	NA	NA	NA	NA	1	-0.737344685182927	0.54367718476751	1	0.384369689343145	0.147740058085746	1	-1.63539679278998	2.67452266986775	1	2.50828902743694	6.29151384516056	1.00205967564355	3991.23769777403	0	1.00134440053187	11704.0196389639	0	0.162772423205295	-0.08506802115	0.163161875	0.4160142015	0.31277070784799	0.12875142375	0.313584165	0.497774348
260	7	7	benefit_positive_truncnorm	benefit_positive_truncnorm	continuous	1	increasing	benefit	1	1	NA	1.65825030551116	3.13245029493801	700	252	420	700	700	252	469	0.64	0.33	7.24658276380611	24	24	0	2	1	10	4	1	5000	2500	1	0.95	12	10000	101259	0.9991	1	2.73029387002194	1.06881643443676	2.72811532355289	4.41272919225875	3.34391275782199	3.52657485137401	2.29725317019987	3.52923956962275	4.76396140440186	2.466708234202	0.999025222371147	3.94716113215586	0.186109901811307	2.9397272736084	12.3940793585137	12.2079694567024	0.1793	1	7.77870734517004	4.21566333137432	7.82977321470385	11.1458833004087	6.9302199690344	5e-04	NA	NA	NA	NA	NA	NA	1	1.07204356451078	1.14927740420897	0	1.86832454586285	3.49063660867362	1	0.814710837217854	0.663753748280217	0	4.64625705023204	21.5877045768309	1.00083790650547	4583.4173571246	0	1.00262686338974	10243.1045964783	0	0.40857922052786	0.1609653925	0.40840759	0.65603708075	0.503805111574	0.32623844575	0.503780375	0.683754751
271	7	7	benefit_positive_truncnorm	benefit_positive_truncnorm	continuous	1	increasing	benefit	1	1	NA	1.30332162633606	1.92876472989928	700	252	420	700	700	252	505	0.64	0.278571428571429	6.21472397217104	24	24	0	2	1	10	4	1	5000	2500	1	0.95	12	10000	101270	0.8537	0.9994	0.932532722341514	-0.738663891103456	0.926870752105825	2.63818948397594	3.37685337507939	2.20594791599824	0.931503709504577	2.21371923683334	3.45554029366488	2.5240365841603	0.851283656856606	1.61795917095688	-0.712589231186993	0.391612804867689	9.60818301299248	10.3207722441795	0.0418	0.9994	4.32702560668566	1.68756632118172	4.34192415133861	6.91465143396202	5.2270851127803	0	NA	NA	NA	NA	NA	NA	1	-0.370788903994542	0.137484411325473	1	0.902626289662182	0.814734218789316	1	-0.310805558942401	0.0966000954694986	1	2.39826087678638	5.75165523312418	1.00150345945659	4533.37303688724	0	1.00159592645555	11179.0213405932	0	0.13661726879235	-0.1129339	0.136601515	0.38312129225	0.30783627947857	0.1299372225	0.308544245	0.485579769
256	7	7	benefit_positive_truncnorm	benefit_positive_truncnorm	continuous	1	increasing	benefit	1	1	NA	1.62453761531792	2.89018888741393	700	252	420	700	700	252	495	0.64	0.292857142857143	6.90121085322734	24	24	0	2	1	10	4	1	5000	2500	1	0.95	12	10000	101255	0.9996	1	2.64898863516597	0.971275305580983	2.6520854463472	4.3176481152557	3.34637280967472	2.94490606595767	1.72275266144658	2.93325436990571	4.20067512138006	2.47792245993348	0.999520383693046	3.71372852808236	0.17586347337261	2.58409999950365	12.3369686777067	12.1611052043341	0.166	1	4.95851353215116	2.46131527734546	4.80220967042068	8.50643145531144	6.04511617796597	0	NA	NA	NA	NA	NA	NA	1	1.02445101984804	1.0494998920677	0	1.32036845063975	1.74337284544481	1	0.823539640668427	0.678217539752281	1	2.06832464473723	4.2779668360274	1.00080526386834	4590.98718030022	0	1.00150324103394	11829.1713315037	0	0.3968265940904	0.1478898805	0.397717335	0.64501142875	0.4146795532587	0.2405642955	0.412818645	0.59474513525
262	7	7	benefit_positive_truncnorm	benefit_positive_truncnorm	continuous	1	increasing	benefit	1	1	NA	1.39775039092361	2.08068935316578	700	252	420	700	700	252	478	0.64	0.317142857142857	6.83959295964978	24	24	0	2	1	10	4	1	5000	2500	1	0.95	12	10000	101261	0.5768	0.9997	0.150981689788635	-1.36795189465887	0.145990398503529	1.72536361855892	3.09331551321779	2.06610938071808	0.861146073327275	2.07249281501557	3.28703875262414	2.42589267929686	0.572203317737133	0.258819924943685	-4.21677196166099	0.0396088947649913	5.99645621942085	10.2132281810818	0.0596	0.9997	4.85423175134268	1.93200430256122	4.82926373696203	8.11770211809961	6.1856978155384	0	NA	NA	NA	NA	NA	NA	1	-1.24676870113497	1.55443219412979	1	0.66835898979447	0.446703739239084	1	-1.8218694282221	3.31920821349031	1	2.7735423981769	7.69253743448486	1.00163236236277	4354.46535368809	0	1.00180307182051	12287.5415575528	0	0.0232826734421744	-0.2189605055	0.023443561	0.27075922975	0.301609256558562	0.12518119875	0.302222095	0.48199943525
261	7	7	benefit_positive_truncnorm	benefit_positive_truncnorm	continuous	1	increasing	benefit	1	1	NA	1.899835967046	3.29984833349273	700	252	420	700	700	252	461	0.64	0.341428571428571	7.24151914173292	24	24	0	2	1	10	4	1	5000	2500	1	0.95	12	10000	101260	0.9975	1	2.34603276575952	0.701160534779982	2.34585124174942	4.03417112196409	3.33301058718411	2.47927327039202	1.19892805410419	2.47972883616101	3.75008981079778	2.55116175669359	0.997118487782388	3.74311291678887	0.138735245856242	2.50838609388464	12.5701119626403	12.4313767167841	0.1324	1	5.04123879484238	2.07244946054857	4.82984665310394	8.72183542340436	6.64938596285578	0	NA	NA	NA	NA	NA	NA	1	0.446196798713522	0.199091583182195	1	0.579437303346023	0.335747588508912	1	0.443264583296143	0.196483490804703	1	1.74139046134965	3.03244073887956	1.00128762372323	4297.28444163729	0	1.0013505414209	11004.5561545512	0	0.35018907392774	0.1055718995	0.350712475	0.59706549925	0.35376664477146	0.1695437135	0.352785805	0.53713787975
248	7	7	benefit_positive_truncnorm	benefit_positive_truncnorm	continuous	1	increasing	benefit	1	1	NA	1.89270828524721	3.12471317496803	700	252	420	700	700	252	487	0.64	0.304285714285714	7.0372645051952	24	24	0	2	1	10	4	1	5000	2500	1	0.95	12	10000	101247	0.9973	1	2.33459279529312	0.645614600964622	2.33197931362566	4.04300601264437	3.39739141167975	3.02315989413643	1.77443915101273	3.01730480082173	4.27301938326179	2.49858023224906	0.996969356830172	4.15426697786336	0.142891824254051	3.14553143715126	13.3113603444469	13.1684685201929	0.1091	1	5.96081752693219	3.49896324193066	5.89004302514571	8.89058024584975	5.39161700391908	0	NA	NA	NA	NA	NA	NA	1	0.441884510045913	0.195261920218517	1	1.13045160888922	1.27792084004022	1	1.02955380289533	1.05998103305624	0	2.83610435196416	8.04348789523003	1.0014236239504	4492.36873691018	0	1.00141911074587	11350.70389318	0	0.346608154186852	0.097538157325	0.346681885	0.595710781	0.4277518832192	0.24825511225	0.42663547	0.60915980775
263	7	7	benefit_positive_truncnorm	benefit_positive_truncnorm	continuous	1	increasing	benefit	1	1	NA	2.08941466668013	4.13652444601077	700	252	420	700	700	252	500	0.64	0.285714285714286	7.34248571007034	24	24	0	2	1	10	4	1	5000	2500	1	0.95	12	10000	101262	0.9464	0.9989	1.32233646596657	-0.294626339105878	1.29154781031182	3.02024102631645	3.31486736542232	1.93630555066314	0.710447478119306	1.94287409228315	3.1275036422321	2.4170561641128	0.945064662319001	1.93420813485918	-0.107833781747775	0.546692460620745	9.63935387251039	9.74718765425817	0.0953	0.9989	3.44505677952878	1.03229275805257	3.42486895790967	6.03554594861665	5.00325319056409	0	NA	NA	NA	NA	NA	NA	1	-0.767078200713561	0.588408966009954	1	-0.153109116016988	0.0234424014075035	1	-2.20231631115158	4.85019713436432	1	-0.691467666481987	0.478127533790045	1.0017907099259	4870.35644178445	0	1.00109401491707	11119.2096674221	0	0.199583764205369	-0.044908488025	0.19575287	0.45097431925	0.27683000789296	0.100627874	0.27725774	0.45034706625
258	7	7	benefit_positive_truncnorm	benefit_positive_truncnorm	continuous	1	increasing	benefit	1	1	NA	1.88603916590327	3.66996783581448	700	252	420	700	700	252	478	0.64	0.317142857142857	6.66414296939578	24	24	0	2	1	10	4	1	5000	2500	1	0.95	12	10000	101257	0.9999	0.9999	3.24789836913736	1.54510855679424	3.24827199771453	4.92898485174347	3.38387629494923	2.76006474171376	1.52335029404201	2.76044535452163	3.98992428385581	2.4665739898138	0.99987471811576	4.69922594125544	0.252428407328565	3.89140109121778	13.4823520879181	13.2299236805896	0.2018	0.9999	6.28087079068013	3.17911001610281	6.35176669449738	9.27741404211516	6.09830402601235	0	NA	NA	NA	NA	NA	NA	1	1.36185920323409	1.8546604894334	1	0.874025575810487	0.763920707170854	1	1.02925810544096	1.05937224761591	1	2.61090295486565	6.81681423972617	1.00180147771205	4231.05309927654	0	1.00131760201044	11686.6345375575	0	0.488666125048	0.2382441445	0.48800148	0.739097329	0.3913796612062	0.21432928075	0.390812065	0.56900296275
259	7	7	benefit_positive_truncnorm	benefit_positive_truncnorm	continuous	1	increasing	benefit	1	1	NA	2.18539629645186	4.82147879541198	700	252	420	700	700	252	493	0.64	0.295714285714286	6.98512386549144	24	24	0	2	1	10	4	1	5000	2500	1	0.95	12	10000	101258	0.9281	0.9997	1.21195744561944	-0.389455226520732	1.20370784747354	2.89015451665458	3.27960974317532	2.09713233073215	0.8966808278107	2.09209280925835	3.30289196909074	2.40621114128004	0.925046708429498	1.78115354600069	-0.176350558071241	0.468533979890276	9.45875926106498	9.63510981913623	0.0901	0.9997	4.0576365323243	1.60624777743614	3.98219794436107	6.97410221652188	5.36785443908574	0	NA	NA	NA	NA	NA	NA	1	-0.973438850832411	0.947583196309925	1	-0.0882639657197086	0.0077905276445699	1	-3.04032524941129	9.24357762220781	1	-0.763842263087678	0.583455002878906	1.00113518113648	3889.59122830427	0	1.00213786530911	11081.4714211838	0	0.186208320465342	-0.060940074525	0.18500046	0.43909289675	0.300947243038912	0.1286155945	0.299899895	0.47722918975
275	7	7	benefit_positive_truncnorm	benefit_positive_truncnorm	continuous	1	increasing	benefit	1	1	NA	1.85183832884001	3.67469116239015	700	252	420	700	700	252	462	0.64	0.34	6.974231121921	24	24	0	2	1	10	4	1	5000	2500	1	0.95	12	10000	101274	0.7491	0.9994	0.552520866304393	-1.05764463659231	0.54794074266075	2.1746394950456	3.2322841316379	2.09000654023897	0.831205999515287	2.10002501161668	3.33939073333754	2.50818473382225	0.745902517407606	0.836020688249473	-2.20937312615178	0.167217868714083	7.27579070025128	9.48516382640306	0.0665	0.9994	5.89848702829284	2.21070275260878	5.95847640687074	9.52839637159212	7.31769361898334	0	NA	NA	NA	NA	NA	NA	1	-1.29931746253561	1.68822586844998	1	0.238168211398959	0.0567240969209793	1	-2.83867047414068	8.05805006075806	1	2.22379586590269	4.94526805320589	1.001818416483	4572.16351907139	0	1.00229985882128	11294.1490854626	0	0.085666776946479	-0.163837162	0.085283697	0.3341861075	0.30376763791608	0.120012213	0.304315205	0.489645923
274	7	7	benefit_positive_truncnorm	benefit_positive_truncnorm	continuous	1	increasing	benefit	1	1	NA	1.7721239328644	3.22101570766518	700	252	420	700	700	252	472	0.64	0.325714285714286	6.69451391321066	24	24	0	2	1	10	4	1	5000	2500	1	0.95	12	10000	101273	0.6747	0.9869	0.391976386417251	-1.20381121218797	0.381706784071106	2.00523472777396	3.20904593996193	1.45325296514954	0.17649074297967	1.45450472095372	2.7596480089587	2.58315726597903	0.6699606843056	0.575417734990348	-3.15948650011382	0.104991734687273	6.75121221778742	9.91069871790124	0.0589	0.9869	3.39935016343161	0.376672474212066	3.39524366599733	6.5949729202139	6.21830044600183	0	NA	NA	NA	NA	NA	NA	1	-1.38014754644715	1.9048072499641	1	-0.318870967714862	0.101678694051413	1	-2.64559797267483	6.99918863302116	1	0.178334455766435	0.0318031781135107	1.00110771746296	4801.53219999238	0	1.00160855718283	9846.45261452676	0	0.0583572114183303	-0.18353050075	0.058371848	0.29825367725	0.204075591911541	0.02492470405	0.204094955	0.38910357775
270	7	7	benefit_positive_truncnorm	benefit_positive_truncnorm	continuous	1	increasing	benefit	1	1	NA	1.79035662154675	3.28035753933686	700	252	420	700	700	252	492	0.64	0.297142857142857	6.54157681859143	24	24	0	2	1	10	4	1	5000	2500	1	0.95	12	10000	101269	0.986	1	1.83390931049014	0.197082597261887	1.82082703908745	3.52960342211584	3.33252082485396	2.21944296709825	0.979956777484593	2.22788450863869	3.41178604315543	2.43182926567084	0.985012862095962	2.67213542269995	0.0439976825010859	1.15965208857723	11.1169216037905	11.0729239212894	0.1059	1	5.59698547768304	2.46438306943532	5.57538486627444	8.56756592536874	6.10318285593341	0	NA	NA	NA	NA	NA	NA	1	0.0435526889433899	0.00189683671419968	1	0.429086345551505	0.184115091938745	1	-0.608222116636909	0.369934143166282	1	2.31662793834618	5.36676500472608	1.00078593388841	4422.74808524557	0	1.00149533822695	10889.0124617417	0	0.276211799353275	0.031376980275	0.275455055	0.52918386225	0.3144013425582	0.1382665805	0.31470444	0.486718948
273	7	7	benefit_positive_truncnorm	benefit_positive_truncnorm	continuous	1	increasing	benefit	1	1	NA	2.31750011365471	5.2539480390009	700	252	420	700	700	252	471	0.64	0.327142857142857	7.00392864004234	24	24	0	2	1	10	4	1	5000	2500	1	0.95	12	10000	101272	0.9808	1	1.76699775725131	0.114663544306996	1.7545164272194	3.50784228121956	3.39317873691257	3.27815075651017	2.02941542098652	3.27935527225822	4.50868993735426	2.47927451636774	0.979802230170419	2.53145818950826	0.0216268892996327	0.682357250200511	11.7759556013191	11.7543287120194	0.0494	1	8.15283989889792	4.6628040122056	8.2335082402078	11.8341659080272	7.1713618958216	7e-04	NA	NA	NA	NA	NA	NA	1	-0.5505023564034	0.303052844405696	1	0.960650642855464	0.922849657618616	1	-2.72248984949264	7.41195098059043	1	2.89889185989702	8.40357401537723	1.00160004583903	3827.66180595197	0	1.00172325609579	12429.4094019717	0	0.265865865567009	0.017844967975	0.265400095	0.52015187775	0.472877692191	0.29006223125	0.472756835	0.65679699425
272	7	7	benefit_positive_truncnorm	benefit_positive_truncnorm	continuous	1	increasing	benefit	1	1	NA	1.69809521625647	3.18308741230972	700	252	420	700	700	252	476	0.64	0.32	7.31099110738102	24	24	0	2	1	10	4	1	5000	2500	1	0.95	12	10000	101271	0.8886	0.9685	1.00561149855122	-0.60429259777824	0.995531761149937	2.6837195830273	3.28801218080554	1.16679280837797	-0.0673990334306218	1.16627873403211	2.40698431654258	2.47438334997321	0.884327142391659	1.44325719777049	-0.427905572902451	0.35560953022159	9.04584969984752	9.47375527274997	0.0793	0.9685	2.55229534486465	-0.128082464490053	2.51045618595958	5.78597853914962	5.91406100363968	0	NA	NA	NA	NA	NA	NA	1	-0.692483717705251	0.479533699286886	1	-0.531302407878494	0.282282248617486	1	-1.73983021453924	3.02700917542364	1	-0.630792067445078	0.397898632351635	1.00113284740851	4633.47498720617	0	1.00208839759717	10719.9542312026	0	0.153410781061834	-0.09350341015	0.15329405	0.404680264	0.165686759355231	-0.00946827813499999	0.16559153	0.34382375275
266	7	7	benefit_positive_truncnorm	benefit_positive_truncnorm	continuous	1	increasing	benefit	1	1	NA	1.7681540501206	3.46215653476914	700	252	420	700	700	252	488	0.64	0.302857142857143	6.50807337493608	24	24	0	2	1	10	4	1	5000	2500	1	0.95	12	10000	101265	0.9999	1	3.01927113910167	1.34815756602555	3.01465299435551	4.71309928792576	3.36494172190021	3.21226362378627	1.96941459168784	3.21448378372282	4.44374715178392	2.47433256009608	0.999878787878788	4.51781912790978	0.239834428026968	3.5936753216926	13.5302927675015	13.2904583394746	0.175	1	6.35176265821442	3.62828283823952	6.20779853914536	9.88231369657372	6.2540308583342	0	NA	NA	NA	NA	NA	NA	1	1.25111708898107	1.56529397034048	0	1.44410957366567	2.08545246075285	1	1.05566259314064	1.11442351055642	0	2.88960612344528	8.34982354865246	1.00186273911336	3645.51764724743	0	1.00174008630293	11992.0881417304	0	0.457720929093279	0.2095921845	0.457914025	0.7094181115	0.456432847715	0.2769823695	0.456460015	0.6369526795
268	7	7	benefit_positive_truncnorm	benefit_positive_truncnorm	continuous	1	increasing	benefit	1	1	NA	1.80725557617405	3.52214585843172	700	252	420	700	700	252	489	0.64	0.301428571428571	6.98002170893148	24	24	0	2	1	10	4	1	5000	2500	1	0.95	12	10000	101267	0.1782	0.9213	-0.737785619590805	-2.33031727429566	-0.740895583640255	0.82839599965412	3.15871327394978	0.898231105463584	-0.323834692254345	0.89538923895853	2.14637918439256	2.4702138766469	0.178714436248683	-0.975669825251096	-7.56797101911201	-0.227460101167976	1.0711482261485	8.63911924526052	0.051	0.9213	1.94459266537562	-0.727506554943051	1.9292705865147	4.68810645402761	5.41561300897066	0	NA	NA	NA	NA	NA	NA	0	-2.54504119576486	6.47723468814022	1	-0.90902447071047	0.826325488350451	0	-4.49781568368281	20.2303459243831	1	-1.5775531930561	2.48867407692148	1.00130538469015	4425.40240375377	0	1.00167523292793	11018.2827279602	0	-0.114644973178852	-0.35588698125	-0.115293995	0.127471108	0.127573904841347	-0.04634361075	0.12666365	0.30519449725
257	7	7	benefit_positive_truncnorm	benefit_positive_truncnorm	continuous	1	increasing	benefit	1	1	NA	1.97795118537269	3.49567536149045	700	252	420	700	700	252	469	0.64	0.33	7.06244477384179	24	24	0	2	1	10	4	1	5000	2500	1	0.95	12	10000	101256	0.9107	1	1.15494514872033	-0.514058968218518	1.14910822305511	2.87861364315548	3.39267261137399	2.7722861989116	1.49921747304668	2.77773045844463	4.04891520794724	2.54969773490056	0.907050941188982	2.00218493393607	-0.284267170002297	0.574312165901572	10.3279384951344	10.6122056651367	0.0597	1	6.04603637483817	3.21756679723129	5.93600874545793	9.44613194276817	6.22856514553687	2e-04	NA	NA	NA	NA	NA	NA	1	-0.823006036652356	0.677338936366219	1	0.794335013538908	0.630968113733856	1	-1.49349042755438	2.23051365719657	1	2.55036101334772	6.50434129840403	1.00107115123398	4490.17539694314	0	1.00184624286089	10876.6531165646	0	0.171494168594191	-0.077275754975	0.17110524	0.42201954125	0.3912299862081	0.21009375225	0.39225153	0.5736343075
250	7	7	benefit_positive_truncnorm	benefit_positive_truncnorm	continuous	1	increasing	benefit	1	1	NA	2.52499910015019	5.21628676436126	700	252	420	700	700	252	488	0.64	0.302857142857143	6.75177586971357	24	24	0	2	1	10	4	1	5000	2500	1	0.95	12	10000	101249	0.9993	1	2.69398646285046	1.01806143639636	2.68448230483723	4.35652069498064	3.33845925858428	2.86460131837844	1.61513449895674	2.87067667965566	4.07626873394136	2.46113423498463	0.999165772851865	3.87404714694918	0.185966752839279	2.80872685321418	12.5627783939218	12.3768116410825	0.1609	1	5.41411066948431	2.51223841295745	5.33942300825097	8.6811374018205	6.16889898886305	0	NA	NA	NA	NA	NA	NA	1	0.168987362700269	0.0285567287523924	1	0.339602218228245	0.115329666625545	1	-1.34223961741208	1.80160719055052	1	0.197823905123051	0.0391342974381338	1.00176673721011	4067.83380326787	0	1.00162309638693	11020.1243541549	0	0.41054419026524	0.15851999775	0.41030424	0.658946502	0.4114824447903	0.22995978425	0.412065315	0.58825083475
265	7	7	benefit_positive_truncnorm	benefit_positive_truncnorm	continuous	1	increasing	benefit	1	1	NA	2.10405675971869	3.96966979366614	700	252	420	700	700	252	494	0.64	0.294285714285714	6.73827725241599	24	24	0	2	1	10	4	1	5000	2500	1	0.95	12	10000	101264	0.983	1	1.72741617321833	0.113780308939833	1.71366174650867	3.4246395562798	3.31085924733997	2.86884865469843	1.61147322438672	2.87549391185487	4.11450170588934	2.50302848150262	0.981889323644494	2.45666742799934	0.0257300639672721	0.81629424418972	10.9261786949789	10.9004486310116	0.1055	1	6.11172228085048	3.27073796017964	6.08875868746652	9.2081630284927	5.93742506831306	0	NA	NA	NA	NA	NA	NA	1	-0.376640586500367	0.141858131399341	1	0.764791894979738	0.584906642626699	1	-1.51300236566679	2.28917615851331	1	2.14205248718434	4.58838885785263	1.00097945683904	4184.54449647051	0	1.00186704287228	10645.9286522284	0	0.265921094046008	0.01840996375	0.26437992	0.523813486	0.4080298727357	0.22761312225	0.408002785	0.5901973475
269	7	7	benefit_positive_truncnorm	benefit_positive_truncnorm	continuous	1	increasing	benefit	1	1	NA	2.12791761243081	3.95455217522459	700	252	420	700	700	252	500	0.64	0.285714285714286	6.61661843679977	24	24	0	2	1	10	4	1	5000	2500	1	0.95	12	10000	101268	0.9962	1	2.34742087734453	0.63069590479142	2.34432065761035	4.0864527469021	3.45575684211068	2.9888231239183	1.749156247525	2.98617515464379	4.23081099127592	2.48165474375092	0.995679084433026	3.37696626376105	0.120311540342518	2.124429567152	11.9555171612006	11.835205620858	0.1437	1	5.60426504670424	3.00389931867173	5.49015654574913	8.93248233544002	5.92858301676829	0	NA	NA	NA	NA	NA	NA	1	0.219503264913728	0.0481816833077862	1	0.86090551148749	0.741158299709538	1	-0.577585911463541	0.33360548512117	1	1.64971287147965	2.72155255832564	1.00167401051867	4091.38831497927	0	1.00177081947145	11298.6204403018	0	0.354255973215959	0.0962318342	0.35509056	0.611275649	0.4240920710555	0.246996457	0.423734715	0.6038174175
264	7	7	benefit_positive_truncnorm	benefit_positive_truncnorm	continuous	1	increasing	benefit	1	1	NA	1.57292648506949	2.63648255516993	700	252	420	700	700	252	480	0.64	0.314285714285714	6.27960561226012	24	24	0	2	1	10	4	1	5000	2500	1	0.95	12	10000	101263	0.8676	0.9978	0.976340990796032	-0.660077923392257	0.96633870316594	2.70582621801333	3.36590414140558	1.88621251644955	0.635497481537304	1.88897835618486	3.20202885722274	2.56653137568544	0.862669659078765	1.46798386533657	-0.614037236741772	0.350726385374454	9.2941005290713	9.90813776581307	0.0643	0.9978	3.73299738347261	1.07755146737415	3.6414992299337	6.90238819300096	5.82483672562681	0	NA	NA	NA	NA	NA	NA	1	-0.596585494273461	0.35591425197751	1	0.313286031380061	0.0981481374578688	1	-1.16849868983335	1.36538918814226	1	1.09651482830268	1.20234476868766	1.00146637134527	4327.76487690684	0	1.00128830082508	11519.1535393476	0	0.144239513529309	-0.10027890825	0.14364358	0.3925671265	0.260644240958799	0.088128208975	0.26063353	0.44517502325
279	7	7	benefit_positive_truncnorm	benefit_positive_truncnorm	continuous	1	increasing	benefit	1	1	NA	2.6479922240321	5.37033392406686	700	252	420	700	700	252	493	0.64	0.295714285714286	7.33385450482361	24	24	0	2	1	10	4	1	5000	2500	1	0.95	12	10000	101278	0.9988	1	2.49318065054876	0.832118954206973	2.49421790676362	4.16374658658994	3.33162763238296	3.07113569227416	1.86311442038038	3.06727793289138	4.28601202203364	2.42289760165326	0.998565965583174	3.66142262938784	0.1583868055539	2.51903827275454	12.2184290152622	12.0600422097083	0.1632	1	6.19873569763079	3.42454977769653	6.05755431708009	9.52783576346981	6.10328598577328	0	NA	NA	NA	NA	NA	NA	1	-0.154811573483344	0.0239666232843888	1	0.423143468242058	0.179050394715917	1	-1.70891129467902	2.92037781308151	1	0.828401773563932	0.686249498443867	1.00106621731583	4636.73049332682	0	1.00241407277591	13165.9317155941	0	0.381138029194884	0.12871479475	0.380956725	0.6366874155	0.444799213192	0.26903664	0.44401264	0.6251432345
278	7	7	benefit_positive_truncnorm	benefit_positive_truncnorm	continuous	1	increasing	benefit	1	1	NA	2.78574993771254	6.53509020328812	700	252	420	700	700	252	470	0.64	0.328571428571429	7.35851735198604	24	24	0	2	1	10	4	1	5000	2500	1	0.95	12	10000	101277	0.9821	1	1.77096053970774	0.109318200803172	1.77390574302321	3.48147667919271	3.37215847838954	3.23013017419975	1.99848682788674	3.23458432134084	4.45134455942247	2.45285773153572	0.980360812970998	2.5225042982677	0.0196617563226008	0.922369192177542	10.5243455034928	10.5046837471702	0.1242	1	6.33944127071003	3.32946098426235	6.27209445339945	9.74919268358762	6.41973169932527	8e-04	NA	NA	NA	NA	NA	NA	1	-1.0147893980048	1.02979752230294	1	0.444380236487212	0.19747379458043	1	-4.01258590502042	16.1008456451686	1	-0.19564893257809	0.0382785048189459	1.00116605362684	4522.90867864563	0	1.00126461447836	11811.5067485153	0	0.267214051511951	0.016938931975	0.26833155	0.52345464275	0.465034403979	0.28309401075	0.464578515	0.64598245825
283	7	7	benefit_positive_truncnorm	benefit_positive_truncnorm	continuous	1	increasing	benefit	1	1	NA	1.48481667343042	2.57968275997531	700	252	420	700	700	252	492	0.64	0.297142857142857	6.73994492474518	24	24	0	2	1	10	4	1	5000	2500	1	0.95	12	10000	101282	0.9548	0.9984	1.41655218297293	-0.210765895512226	1.41587765090539	3.1022699783951	3.31303587390733	1.97741591630149	0.725237575183091	1.98005550851977	3.21540639444927	2.49016881926617	0.95279016643098	2.10755380476821	-0.0791216315582057	0.611252574851454	10.0344275196961	10.1135491512543	0.0807	0.9984	3.77639553592028	1.33729149147156	3.73021263896495	6.54709659472956	5.209805103258	0	NA	NA	NA	NA	NA	NA	1	-0.0682644904574832	0.00466004065741981	1	0.492599242871075	0.242654014077157	1	-0.472128955207094	0.222905750344942	1	1.19671277594497	1.43212146810992	1.00086128065844	4417.55258085647	0	1.00144777113838	11462.9559570339	0	0.212237535984375	-0.0314014265	0.212662215	0.4594687375	0.27906013299591	0.1020475295	0.27907673	0.45493817325
267	7	7	benefit_positive_truncnorm	benefit_positive_truncnorm	continuous	1	increasing	benefit	1	1	NA	2.29251082342493	4.44205787105532	700	252	420	700	700	252	486	0.64	0.305714285714286	6.13548868139828	24	24	0	2	1	10	4	1	5000	2500	1	0.95	12	10000	101266	0.9578	0.9996	1.46875507561307	-0.199124462980312	1.46518305202271	3.15128937570912	3.35041383868944	2.13769649965995	0.873721442876205	2.13886140096877	3.41304103138695	2.53931958851074	0.956297648448405	2.30057901739566	-0.0805313505635482	0.70325143508715	10.6939769489184	10.7745082994819	0.0687	0.9996	4.02338405941343	1.46154083249982	3.86286571504202	7.80896032314502	6.3474194906452	0	NA	NA	NA	NA	NA	NA	1	-0.823755747811856	0.67857353205307	1	-0.154814323764981	0.0239674748428082	1	-2.14147885365966	4.58593168067148	1	-0.418673811641887	0.175287760554746	1.00155392956013	4644.71772933424	0	1.00114203081735	11038.0514592534	0	0.218683906702235	-0.02968614615	0.218859685	0.461680986	0.29959958788053	0.1218809955	0.29931277	0.4793409225
287	7	7	benefit_positive_truncnorm	benefit_positive_truncnorm	continuous	1	increasing	benefit	1	1	NA	1.98611190796324	3.60333103593116	700	252	420	700	700	252	485	0.64	0.307142857142857	7.04453094426359	24	24	0	2	1	10	4	1	5000	2500	1	0.95	12	10000	101286	0.9213	1	1.19577728902608	-0.492131036477285	1.19050970263448	2.90388335736833	3.39601439384562	2.89899009557239	1.6037596502089	2.90837238005447	4.16653501177821	2.5627753615693	0.919607634076128	2.10369344353521	-0.323668078663251	0.609967586128302	10.4269773239649	10.7506454026282	0.0621	1	5.7598790969308	2.97852113301528	5.71752868377521	9.34904251166839	6.37052137865311	0	NA	NA	NA	NA	NA	NA	1	-0.790334618937161	0.624628809890547	1	0.912878187609155	0.833346585412575	1	-1.49963759239595	2.24891290852712	1	2.15654806099963	4.65069953940128	1.00164244387794	4099.9835434816	0	1.00129218504533	10952.0814011174	0	0.177836004516691	-0.0734548668	0.178499435	0.4240584815	0.4124070563685	0.226566256	0.413477285	0.59696046325
294	7	7	benefit_positive_truncnorm	benefit_positive_truncnorm	continuous	1	increasing	benefit	1	1	NA	1.57314238231307	2.78621888809169	700	252	420	700	700	252	517	0.64	0.261428571428571	6.78754939498291	24	24	0	2	1	10	4	1	5000	2500	1	0.95	12	10000	101293	0.9433	0.9826	1.30510074677846	-0.296777219728668	1.29496093958523	2.99709295923811	3.29387017896678	1.31191793340762	0.0873259279917001	1.31178367917491	2.53537498528963	2.44804905729793	0.940641769795203	1.86152292949971	-0.127627274038085	0.517899826962061	9.44832176965158	9.57594904368966	0.0869	0.9826	2.18807463586449	0.134402518904081	2.13068547756083	4.51336797782638	4.3789654589223	0	NA	NA	NA	NA	NA	NA	1	-0.268041635534604	0.0718463183800657	1	-0.261224448905445	0.0682382127059536	1	-0.924695958591979	0.855062615836338	1	-0.598144252227192	0.357776546472426	1.00110487225946	4365.52170634853	0	1.00104484979846	10418.8632305772	0	0.196355218637659	-0.044776544225	0.19625067	0.4453808865	0.185106149960496	0.012280278075	0.1851511	0.35865266475
276	7	7	benefit_positive_truncnorm	benefit_positive_truncnorm	continuous	1	increasing	benefit	1	1	NA	2.18754257349943	4.30883497843531	700	252	420	700	700	252	503	0.64	0.281428571428571	6.55264526079711	24	24	0	2	1	10	4	1	5000	2500	1	0.95	12	10000	101275	0.9505	0.9995	1.40742149913209	-0.278633521781108	1.41603308981824	3.1202348656192	3.39886838740031	2.16532038832886	0.961593424405987	2.16593710988221	3.36354687248802	2.40195344808203	0.948311434466283	2.17639429102069	-0.116307212923241	0.615665465913459	10.3153036333853	10.4316108463086	0.0791	0.9995	4.25418118353807	1.79349437051503	4.22815289520482	6.79504420684251	5.00154983632748	0	NA	NA	NA	NA	NA	NA	1	-0.780121074367342	0.608588890672055	1	-0.022222185170564	0.000493825513754833	1	-2.13244068741461	4.54730328534131	1	-0.0546537948972334	0.00298703729666886	1.0019709715572	4143.70419267559	0	1.0014304750963	11159.1303560237	0	0.210105341742981	-0.043242670825	0.212044175	0.45999531675	0.3087270671174	0.136501269	0.30828452	0.48303089025
282	7	7	benefit_positive_truncnorm	benefit_positive_truncnorm	continuous	1	increasing	benefit	1	1	NA	1.23455135050733	1.88009116938037	700	252	420	700	700	252	479	0.64	0.315714285714286	6.78140477382721	24	24	0	2	1	10	4	1	5000	2500	1	0.95	12	10000	101281	0.9812	1	1.67869301826275	0.0830351629919663	1.66797931073608	3.32493974905231	3.24190458606035	2.72768264063816	1.48035116990422	2.72571197535151	3.95438090468261	2.4740297347784	0.979632945389436	2.38963891071724	0.0146780374361689	0.769073643928265	10.6160681293685	10.6013900919324	0.1064	1	6.30994379189471	3.12513849528923	6.16834222729642	9.90934313730018	6.78420464201095	0	NA	NA	NA	NA	NA	NA	1	0.444141667755423	0.197261821036569	0	1.49313129013084	2.22944104956777	1	0.509547741336863	0.259638900701498	0	4.42985262251434	19.6235942571972	1.00230474908307	4450.51889894626	0	1.00170229613732	9978.85506228844	0	0.257188482410539	0.0122738053	0.257676325	0.5030111945	0.3937493458549	0.21294457225	0.392638765	0.57426217675
292	7	7	benefit_positive_truncnorm	benefit_positive_truncnorm	continuous	1	increasing	benefit	1	1	NA	1.9595776794196	3.40483331513768	700	252	420	700	700	252	474	0.64	0.322857142857143	7.14448918693298	24	24	0	2	1	10	4	1	5000	2500	1	0.95	12	10000	101291	0.9945	0.9999	2.13539768521773	0.486310602410475	2.13347933308402	3.78382848499875	3.29751788258827	2.39079389266991	1.12547770488145	2.38903802405275	3.64921388124603	2.52373617636459	0.993649694030712	3.19987243992428	0.0967614089034523	1.90228927761322	11.5658737990249	11.4691123901214	0.1339	0.9999	5.58160250696154	2.0730162928681	5.54812920314663	9.35936137615147	7.28634508328336	0	NA	NA	NA	NA	NA	NA	1	0.175820005798122	0.0309126744388518	1	0.43121621325031	0.185947422569937	1	-0.204960875213399	0.0420089603682427	1	2.17676919182386	4.73832411447352	1.00169003566175	4354.42917486403	0	1.00201153359508	11491.7532598951	0	0.322381270062083	0.07384120195	0.322976545	0.5673661925	0.3408749742103	0.16056553475	0.340397155	0.52250521475
291	7	7	benefit_positive_truncnorm	benefit_positive_truncnorm	continuous	1	increasing	benefit	1	1	NA	2.60627816051156	5.49831167869276	700	252	420	700	700	252	490	0.64	0.3	6.11350158046714	24	24	0	2	1	10	4	1	5000	2500	1	0.95	12	10000	101290	0.9771	1	1.74514300278122	0.035692369018917	1.73311413923066	3.4617300855732	3.42603771655428	2.8562313286748	1.58476390107249	2.86255073702555	4.11469022540892	2.52992632433644	0.975669619037456	3.12768867772696	0.00517427792688441	1.7027843609062	12.4060886331655	12.4009143552386	0.0629	1	6.54423419504048	3.5591873470226	6.54133882386359	9.73534161167499	6.17615426465238	0	NA	NA	NA	NA	NA	NA	1	-0.861135157730341	0.741553759879259	1	0.249953168163241	0.0624765862748415	1	-2.3706230009658	5.61985341270812	1	1.04592251634772	1.09395391020314	1.00194064878913	4221.67788119904	0	1.00178744319554	13059.2032834661	0	0.255820628433783	0.005689734655	0.254634895	0.5031162915	0.4021459317031	0.22184172425	0.402486645	0.584516612
280	7	7	benefit_positive_truncnorm	benefit_positive_truncnorm	continuous	1	increasing	benefit	1	1	NA	2.11688237431568	4.2476631598453	700	252	420	700	700	252	487	0.64	0.304285714285714	7.14402960160864	24	24	0	2	1	10	4	1	5000	2500	1	0.95	12	10000	101279	0.9844	0.9987	1.83467245326198	0.181702313106292	1.82285195274568	3.49585174242387	3.31414942931758	1.9147986532338	0.678378603218659	1.92102344474215	3.13912482954018	2.46074622632152	0.983267716535433	3.21791135678807	0.0372275392732678	1.86453333609254	12.038258105926	12.0010305666527	0.0856	0.9987	3.8501615183514	1.28935408827125	3.7132483053449	6.95687827818404	5.66752418991279	0	NA	NA	NA	NA	NA	NA	1	-0.282209921053702	0.0796424395411368	1	-0.202083721081881	0.0408378303262993	1	-1.02975180305723	1.06038877589962	1	-0.397501641493902	0.158007554990346	1.00125196608817	4581.87306144012	0	1.00149331982923	10783.8061975062	0	0.279256079555285	0.027152980525	0.27752025	0.5277266835	0.27382020311665	0.096991270275	0.274147185	0.45130368675
288	7	7	benefit_positive_truncnorm	benefit_positive_truncnorm	continuous	1	increasing	benefit	1	1	NA	2.02492843727049	4.27959554540795	700	252	420	700	700	252	468	0.64	0.331428571428571	6.91933119860161	24	24	0	2	1	10	4	1	5000	2500	1	0.95	12	10000	101287	0.5996	0.9998	0.20328883010179	-1.43928302732206	0.20770571910395	1.83537440431707	3.27465743163913	2.24977958510258	0.972773724252452	2.25331804797761	3.51458650935515	2.5418127851027	0.595982142857143	0.303372840928635	-3.89523800333213	0.0551541364242216	5.6405846147243	9.53582261805642	0.0592	0.9998	4.96889430044033	1.81715867735762	4.82608176034639	8.95368224489121	7.13652356753359	0	NA	NA	NA	NA	NA	NA	0	-1.8216396071687	3.31837085840573	1	0.224851147832096	0.0505580386814109	1	-3.97622270447931	15.8103469956168	1	0.689298755032383	0.475132773689193	1.00207042596465	4667.22062639973	0	1.00125542021385	11565.5049456519	0	0.0297328359976683	-0.2185865345	0.0311282855	0.27240931875	0.31649909569977	0.136260796	0.316731265	0.497849149
289	7	7	benefit_positive_truncnorm	benefit_positive_truncnorm	continuous	1	increasing	benefit	1	1	NA	2.16162289074396	4.34286844927786	700	252	420	700	700	252	488	0.64	0.302857142857143	6.60193892406876	24	24	0	2	1	10	4	1	5000	2500	1	0.95	12	10000	101288	0.9865	0.9889	1.90706215390486	0.231156037468561	1.91427618701162	3.58378169807139	3.35262566060283	1.47851610621473	0.210092840313256	1.47718032931476	2.75398913031533	2.54389629000208	0.985297393628871	2.82945041784453	0.0454841275556837	1.25028017774013	11.3775576466924	11.3320735191367	0.1022	0.9889	2.55883160806907	0.333644182183788	2.53193818281911	4.77549904680358	4.4418548646198	0	NA	NA	NA	NA	NA	NA	1	-0.254560736839105	0.0648011687400681	1	-0.683106784529238	0.466634879069874	1	-1.51341803143334	2.29043413786756	1	-1.78403684120879	3.18278745079025	1.0013750544871	4248.98251641953	0	1.00152342036105	10578.0093503466	0	0.284664244043177	0.03565005645	0.28534291	0.52806056675	0.207070702348494	0.0293478969	0.206745125	0.386213051
290	7	7	benefit_positive_truncnorm	benefit_positive_truncnorm	continuous	1	increasing	benefit	1	1	NA	1.95174629014326	3.86018937121965	700	252	420	700	700	252	488	0.64	0.302857142857143	6.88374979838725	24	24	0	2	1	10	4	1	5000	2500	1	0.95	12	10000	101289	0.973	0.9994	1.65191068090989	-0.0285394968914555	1.6508747831477	3.32545338845169	3.35399288534314	2.09324763306443	0.852699166264963	2.08899844035336	3.32536768171456	2.47266851544959	0.971665360062717	2.38319658803885	-0.01070515320122	0.765149279086106	10.737661483696	10.7483666368972	0.1071	0.9994	4.31530181711136	1.64650657485728	4.3209801303939	6.95573434838405	5.30922777352677	0	NA	NA	NA	NA	NA	NA	1	-0.299835609233362	0.0899013925643411	1	0.141501342921174	0.0200226300484957	1	-1.4769927831808	2.18150768156817	1	0.455112445891706	0.207127338405531	1.00129903496791	4304.30452359572	0	1.00143851003066	10481.8815602925	0	0.248387525910543	-0.0045511913225	0.24894056	0.4945808215	0.296129859477992	0.12088427175	0.29502533	0.47457964475
277	7	7	benefit_positive_truncnorm	benefit_positive_truncnorm	continuous	1	increasing	benefit	1	1	NA	1.39919059456206	2.79769218659559	700	252	420	700	700	252	476	0.64	0.32	6.50761664710013	24	24	0	2	1	10	4	1	5000	2500	1	0.95	12	10000	101276	0.9624	1	1.51014363739493	-0.159800840154892	1.50508536597984	3.20579490534678	3.36559574550167	2.81941321120117	1.55388408125608	2.81936090085267	4.08149539432827	2.52761131307219	0.960519140582397	2.33350444671724	-0.0697216188244393	0.686979346320138	10.71373145298	10.7834530718044	0.0831	1	6.10234113332317	3.25970304612551	6.01113519002957	9.53016992858267	6.27046688245717	0	NA	NA	NA	NA	NA	NA	1	0.11095304283287	0.0123105777138727	0	1.42022261663912	2.01703228081326	1	-0.464187739878352	0.215470257853373	0	3.30464894672758	10.9207046611077	1.00237125027138	4275.12966168484	0	1.00144122894015	11318.1686567607	0	0.227803959925094	-0.02450638745	0.227302595	0.47848223625	0.4024565793444	0.221542596	0.401831325	0.58606654
286	7	7	benefit_positive_truncnorm	benefit_positive_truncnorm	continuous	1	increasing	benefit	1	1	NA	1.72127162186406	3.45010086730349	700	252	420	700	700	252	493	0.64	0.295714285714286	5.83754040125646	24	24	0	2	1	10	4	1	5000	2500	1	0.95	12	10000	101285	0.9625	0.9987	1.49631823035114	-0.140290211418445	1.49408262643013	3.18504664590161	3.32533685732005	2.02104928588742	0.750494856347135	2.02537011259052	3.30937130501725	2.55887644867011	0.960644393988539	2.24947101934974	-0.0582259345739107	0.638969744351637	10.6304920659405	10.6887180005144	0.0751	0.9987	4.41483793630841	1.5936823631927	4.38875417288105	7.3765521805819	5.7828698173892	0	NA	NA	NA	NA	NA	NA	1	-0.224953391512922	0.0506040283531662	1	0.29977766402336	0.0898666478473028	1	-1.20062984795375	1.44151203179744	1	0.964737069004925	0.930717612312213	1.00175094991681	3942.74835165499	0	1.00120386121372	11114.7334203432	0	0.223004173582043	-0.021088488325	0.223607655	0.46642736675	0.28241536123081	0.10446543725	0.282865185	0.46475988025
300	7	7	benefit_positive_truncnorm	benefit_positive_truncnorm	continuous	1	increasing	benefit	1	1	NA	1.22210426027801	1.91042005149588	700	252	420	700	700	252	477	0.64	0.318571428571429	6.37101168761708	24	24	0	2	1	10	4	1	5000	2500	1	0.95	12	10000	101299	0.7125	0.9886	0.472667218099215	-1.14116294322472	0.465403311863505	2.13870667112523	3.27986961434995	1.50175514871591	0.202225738254559	1.50482946632404	2.80517768450663	2.60295194625207	0.708228905597327	0.781036469472673	-2.86666564150453	0.149476489062787	7.54350165650118	10.4101672980057	0.0424	0.9886	3.28880219950091	0.397921683491115	3.16840629300469	6.80215518205817	6.40423349856705	0	NA	NA	NA	NA	NA	NA	1	-0.749437042178794	0.561655880189699	1	0.279650888437898	0.0782046194041056	1	-1.12938358202321	1.27550727534357	1	1.37838214800502	1.89993734593894	1.00105156682394	3847.1424579247	0	1.00141379659097	10807.9797309681	0	0.0697814777007816	-0.17267611775	0.0704169265	0.31279637975	0.209933386899651	0.028106019575	0.21013114	0.39206319275
281	7	7	benefit_positive_truncnorm	benefit_positive_truncnorm	continuous	1	increasing	benefit	1	1	NA	1.9594199306819	3.57729297220925	700	252	420	700	700	252	484	0.64	0.308571428571429	6.79608951844049	24	24	0	2	1	10	4	1	5000	2500	1	0.95	12	10000	101280	0.999	0.9998	2.54903896352116	0.857005987169128	2.5595896001298	4.20724299893562	3.35023701176649	2.26542173901968	0.999368498972408	2.27163176567255	3.52981891635214	2.53045041737973	0.998947368421053	3.62629698749156	0.153435627565271	2.5059255746287	12.4773005655106	12.3238649379453	0.145	0.9998	4.84116100834367	2.02448934299796	4.91046738851048	7.64734559154897	5.62285624855101	0	NA	NA	NA	NA	NA	NA	1	0.589619032839261	0.347650603886306	1	0.306001808337782	0.0936371067059925	1	0.0490040152823101	0.00240139351378889	1	1.26386803613442	1.59736241276228	1.00110249418142	4227.19599120489	0	1.00102996520839	10935.6203688177	0	0.38163432724905	0.130446317	0.382391315	0.623478625	0.31579795892238	0.138914982	0.316462225	0.494942631
293	7	7	benefit_positive_truncnorm	benefit_positive_truncnorm	continuous	1	increasing	benefit	1	1	NA	1.37036044941297	2.51739154275636	700	252	420	700	700	252	483	0.64	0.31	6.0090241499501	24	24	0	2	1	10	4	1	5000	2500	1	0.95	12	10000	101292	0.7046	0.9999	0.454146879811213	-1.24906936338274	0.448809047232045	2.14170254725503	3.39077191063777	2.44738431698447	1.1717694571578	2.43880037727417	3.74816454156811	2.57639508441031	0.701497128794094	0.756759644667722	-3.3664177606443	0.146402936717194	7.72283548080287	11.0892532414472	0.0248	0.9999	5.07730675075259	2.12250707848386	4.97962618062087	8.72194654614618	6.59943946766232	0	NA	NA	NA	NA	NA	NA	1	-0.916213569601761	0.839447305122401	1	1.0770238675715	1.15998041131867	1	-1.76063189808864	3.09982468056721	1	2.55991520799623	6.55316587213036	1.00193817341948	4633.84539853917	0	1.00122428987295	12121.1315057664	0	0.066794380106784	-0.18964929175	0.0674128195	0.313716776	0.34580436660852	0.164597182	0.34396902	0.53241994025
302	7	7	benefit_positive_truncnorm	benefit_positive_truncnorm	continuous	1	increasing	benefit	1	1	NA	1.95057253341384	4.09487072791672	700	252	420	700	700	252	481	0.64	0.312857142857143	6.14136826660947	24	24	0	2	1	10	4	1	5000	2500	1	0.95	12	10000	101301	0.8302	0.999	0.811616410483908	-0.825638059687274	0.805875094284445	2.49476895567069	3.32040701535796	2.09273503765958	0.813808749050524	2.08292396290758	3.36468014891789	2.55087139986737	0.82578543658716	1.28623009616291	-0.930293834648352	0.298261907958583	8.7732039825555	9.70349781720385	0.0483	0.999	4.3909937226002	1.29033783712005	4.27004457089628	8.64612213259611	7.35578429547606	0	NA	NA	NA	NA	NA	NA	1	-1.13895612292993	1.29722104995957	1	0.142162504245741	0.0202101776134202	1	-2.80864063175381	7.88846219833845	1	0.296122994683474	0.0876888279803087	1.00245759970948	3980.5348218348	0	1.00143451861947	11379.3086998964	0	0.12254348332678	-0.126562349	0.12299019	0.372317749	0.29620461303133	0.11445797825	0.294514465	0.47793268475
301	7	7	benefit_positive_truncnorm	benefit_positive_truncnorm	continuous	1	increasing	benefit	1	1	NA	1.62694700055442	2.4331006807945	700	252	420	700	700	252	479	0.64	0.315714285714286	7.37359275798014	24	24	0	2	1	10	4	1	5000	2500	1	0.95	12	10000	101300	0.9977	0.9993	2.38247971617134	0.764949261636765	2.37589668808335	3.9666681220566	3.20171886041983	2.03400089056216	0.820601933524429	2.03335854865567	3.24794154746832	2.4273396139439	0.997344919140719	3.49666069689836	0.149971403700187	2.37299028268331	11.9548051747447	11.8048337710446	0.1714	0.9993	4.50661641312219	1.45171313354097	4.2673322145222	8.1863265233321	6.73461338979113	0	NA	NA	NA	NA	NA	NA	1	0.755532715616926	0.570829684367487	1	0.407053890007743	0.165692869370436	1	1.06356001610386	1.13115990785484	1	2.07351573232768	4.29946749221041	1.00127567277303	4184.58525544332	0	1.0016710606852	10884.607490201	0	0.37132366732559	0.1204921925	0.37167504	0.6160613995	0.29631798680668	0.118600531	0.296282135	0.47496851425
299	7	7	benefit_positive_truncnorm	benefit_positive_truncnorm	continuous	1	increasing	benefit	1	1	NA	1.15306623218983	1.91230765241106	700	252	420	700	700	252	517	0.64	0.261428571428571	5.7400438253685	24	24	0	2	1	10	4	1	5000	2500	1	0.95	12	10000	101298	0.5582	0.9805	0.125701236211437	-1.52553943176901	0.121466663669892	1.77884982038479	3.30438925215379	1.34012545582784	0.0663386101622403	1.33687950352491	2.59570465274225	2.52936604258001	0.55481520041645	0.211361808241877	-4.36934022512045	0.0294488238506085	6.20320735384693	10.5725475789674	0.0395	0.9805	2.41234987496814	0.100823766366738	2.34272476666412	5.02357233284512	4.92274856647839	0	NA	NA	NA	NA	NA	NA	1	-1.02736499597839	1.05547883496167	1	0.187059223638017	0.0349911531480576	1	-1.70094584416918	2.89321676479641	1	0.500042222557083	0.250042224339827	1.00165510864694	4435.54528158013	0	1.00142099230106	11238.3835878094	0	0.0180155671301438	-0.2277110045	0.0183118955	0.26294536175	0.18483137537727	0.00914090758750001	0.18457297	0.359335665
285	7	7	benefit_positive_truncnorm	benefit_positive_truncnorm	continuous	1	increasing	benefit	1	1	NA	1.98223135372615	3.89088586865213	700	252	420	700	700	252	470	0.64	0.328571428571429	6.84248996762291	24	24	0	2	1	10	4	1	5000	2500	1	0.95	12	10000	101284	0.9633	0.9999	1.47534483928841	-0.133219558671969	1.46646736593887	3.14144364480593	3.2746632034779	2.52160854322628	1.23808125810118	2.52922202096321	3.77592725810531	2.53784600000413	0.960716284275322	2.1091338034546	-0.0571720129351654	0.616128797079864	10.0663240602266	10.1234960731618	0.1065	0.999899989999	6.09096089251243	2.76909383962409	5.9707326666687	9.70283698079398	6.93374314116988	1e-04	NA	NA	NA	NA	NA	NA	1	-0.506886514437743	0.256933938518844	1	0.539377189500135	0.290927752553064	1	-1.78175206519753	3.17464042183566	1	2.2000750238603	4.84033011061388	1.00096918871797	4012.15396842182	0	1.00129805951261	12352.4212518423	0	0.224456199712311	-0.02007587155	0.224562315	0.47731848475	0.3598415696339	0.17495658275	0.360302005	0.54042002025
295	7	7	benefit_positive_truncnorm	benefit_positive_truncnorm	continuous	1	increasing	benefit	1	1	NA	1.89261793671291	3.42041255434516	700	252	420	700	700	252	481	0.64	0.312857142857143	6.68986072063288	24	24	0	2	1	10	4	1	5000	2500	1	0.95	12	10000	101294	0.908	0.9999	1.1352960631744	-0.525073285105757	1.12378352183373	2.88295786641147	3.40803115151723	2.31065098609041	1.03992401383115	2.308816477233	3.58937611988789	2.54945210605674	0.905101599654129	1.63278924008918	-0.280660083238244	0.415076610589851	9.4569865086356	9.73764659187384	0.0748	0.9999	4.99572209376073	2.31396813684435	4.90875129501415	8.18563546540271	5.87166732855835	0	NA	NA	NA	NA	NA	NA	1	-0.757321873538512	0.573536420139882	1	0.4180330493775	0.174751630371851	1	-1.78762331425598	3.19559711367155	1	1.57530953941557	2.48160014497369	1.00231855667612	4044.58762951782	0	1.00212513117577	10514.1881777799	0	0.169217565040504	-0.079286760275	0.1688336	0.4237757915	0.32420161450321	0.1448905625	0.32352748	0.507146412
296	7	7	benefit_positive_truncnorm	benefit_positive_truncnorm	continuous	1	increasing	benefit	1	1	NA	1.64045942266055	2.67047125280242	700	252	420	700	700	252	466	0.64	0.334285714285714	7.12354140659117	24	24	0	2	1	10	4	1	5000	2500	1	0.95	12	10000	101295	0.9421	0.9991	1.30882662682224	-0.313562495027423	1.29458980656409	2.94553946428275	3.25910195931017	2.01808791993994	0.738327277545171	2.01537506687824	3.266336004794	2.52800872724883	0.939514824797844	2.15634288126051	-0.135417450607082	0.637870471698573	10.4091288798983	10.5445463305054	0.0725	0.9991	4.6576095249634	1.57445486800087	4.62555124468533	7.9319981377041	6.35754326970324	0	NA	NA	NA	NA	NA	NA	1	-0.331632795838306	0.109980311275532	1	0.377628497279393	0.142603281957492	1	-0.514128371541913	0.264327982424339	1	1.98713827216098	3.94871851268694	1.00171236079432	4366.24876930917	0	1.00193890421436	10671.4628776473	0	0.198221719229172	-0.047522819775	0.197655095	0.4426253115	0.2890154333942	0.10617940975	0.28820185	0.467945849
284	7	7	benefit_positive_truncnorm	benefit_positive_truncnorm	continuous	1	increasing	benefit	1	1	NA	2.05442415415648	4.00796573504172	700	252	420	700	700	252	481	0.64	0.312857142857143	7.20323909818357	24	24	0	2	1	10	4	1	5000	2500	1	0.95	12	10000	101283	0.9904	1	1.86863713604523	0.259714381456225	1.86228525336479	3.48583449626104	3.22612011480482	3.04372881875733	1.83740579718765	3.04615517252093	4.25907308079312	2.42166728360547	0.989653568937456	2.58320003799233	0.0621946714000402	1.10052339691454	10.3709823638491	10.3087876924491	0.1398	1	6.93105003405865	3.75008066172985	6.8754643551604	10.2056842951462	6.45560363341639	0	NA	NA	NA	NA	NA	NA	1	-0.185787018111256	0.0345168160986722	1	0.989304664600843	0.978723719400986	1	-1.42476569704938	2.02995729148862	1	2.92308429901693	8.54442181915928	1.00160186988564	4688.35877720736	0	1.0011558820404	12158.2809675108	0	0.28838804876852	0.04163318465	0.288135495	0.53596193975	0.439591071733	0.26338149225	0.439713565	0.61966268
298	7	7	benefit_positive_truncnorm	benefit_positive_truncnorm	continuous	1	increasing	benefit	1	1	NA	1.91727312893808	3.73776043884076	700	252	420	700	700	252	480	0.64	0.314285714285714	7.0384559323419	24	24	0	2	1	10	4	1	5000	2500	1	0.95	12	10000	101297	0.9995	1	2.70422656291124	1.04632911940173	2.70546038057861	4.39156219073698	3.34523307133525	2.97016845787789	1.76126932162643	2.96763416788928	4.19731512761004	2.43604580598362	0.999458053327553	5.08639384118063	0.290990974867503	4.17457901728042	14.3931673215078	14.1021763466403	0.0774	1	6.90081914775625	3.82067349374218	6.77121707223183	10.3142875342874	6.49361404054523	0	NA	NA	NA	NA	NA	NA	1	0.786953433973157	0.619295707242145	1	1.05289532893981	1.10858857370327	1	1.34863340233987	1.8188120539068	0	3.16305870891549	10.0049403960461	1.00145604453439	4076.28506118069	0	1.00141870600363	11312.5735436414	0	0.406211710156	0.160147951	0.406033775	0.6539031935	0.432532461101	0.2543007295	0.431885945	0.6148303865
297	7	7	benefit_positive_truncnorm	benefit_positive_truncnorm	continuous	1	increasing	benefit	1	1	NA	2.58884640543798	5.36804894310595	700	252	420	700	700	252	488	0.64	0.302857142857143	7.03670940045437	24	24	0	2	1	10	4	1	5000	2500	1	0.95	12	10000	101296	0.9985	1	2.53629432382798	0.811593811925441	2.53071341609372	4.27057201199109	3.45897820006565	2.58351988867519	1.35747766185366	2.58467424875932	3.81074615171924	2.45326848986558	0.99834728955487	4.78011496972433	0.208364301860644	3.8163786268517	14.0547366407171	13.8463723388565	0.0924	1	4.13222941836451	1.99791968852518	4.00969661447739	7.05642090969284	5.05850122116766	0	NA	NA	NA	NA	NA	NA	1	-0.0525520816100022	0.00276172128154434	1	-0.0053265167627865	2.83717808242456e-05	1	-0.587933973381622	0.345666357056302	1	-1.23581952474144	1.52724989773216	1.00156907630965	4333.89541913418	0	1.001566853151	11425.4874669181	0	0.373894157858622	0.12258902475	0.37442327	0.62407901975	0.3654509683997	0.19068705325	0.365458885	0.5440542325
303	7	7	benefit_positive_truncnorm	benefit_positive_truncnorm	continuous	1	increasing	benefit	1	1	NA	1.56148890665023	3.15145768459907	700	252	420	700	700	252	494	0.64	0.294285714285714	5.92030018047983	24	24	0	2	1	10	4	1	5000	2500	1	0.95	12	10000	101302	0.9066	1	1.12267398949509	-0.498089625646951	1.10585358083414	2.84157440921872	3.33966403486567	2.74771310048728	1.47861501436107	2.7504891311005	3.99624726367584	2.51763224931477	0.90252281266774	1.63442738551677	-0.290171312547915	0.40139536734908	9.43684570664987	9.72701701919778	0.0685	1	5.43333504394421	2.72644051374387	5.29354890823812	8.58899660823765	5.86255609449378	0	NA	NA	NA	NA	NA	NA	1	-0.438814917155139	0.192558531517872	1	1.18622419383705	1.40712783804436	1	-1.5170302990823	2.30138092833374	1	2.28187735934513	5.20696428309191	1.00106824833591	4122.70756819114	0	1.00133562683801	12817.8369625671	0	0.168764855859001	-0.075799735125	0.16761921	0.4249136375	0.3836606127625	0.204552164	0.383702625	0.56209146375
304	7	7	benefit_positive_truncnorm	benefit_positive_truncnorm	continuous	1	increasing	benefit	1	1	NA	1.69278535076132	2.99337046235893	700	252	420	700	700	252	480	0.64	0.314285714285714	7.67999280700163	24	24	0	2	1	10	4	1	5000	2500	1	0.95	12	10000	101303	0.998	0.9996	2.33193781823619	0.689230785234765	2.33313854203703	3.96740115278062	3.27817036754585	1.98991212787181	0.754290294419724	1.99137099939818	3.20743433271824	2.45314403829852	0.997597886139803	3.33257425687491	0.133684411484413	2.07001172745814	11.7646823722799	11.6309979607954	0.1674	0.9996	3.95631693022465	1.41765708421056	3.85430414097584	6.9515475141163	5.53389042990575	0	NA	NA	NA	NA	NA	NA	1	0.639152467474877	0.408515876679223	1	0.297126777110497	0.088284321676071	1	0.339203794515988	0.115059214214045	1	0.962946467865727	0.927265899975079	1.00230691759148	4620.24319391726	0	1.00209617030186	11027.2109742769	0	0.357096372906458	0.107468911	0.35690856	0.6095497905	0.286140700203191	0.107373601	0.28608671	0.46321409525
306	7	7	benefit_positive_truncnorm	benefit_positive_truncnorm	continuous	1	increasing	benefit	1	1	NA	1.7628404484972	3.18858884687142	700	252	420	700	700	252	502	0.64	0.282857142857143	6.58089699010183	24	24	0	2	1	10	4	1	5000	2500	1	0.95	12	10000	101305	0.8428	0.9614	0.865925526658001	-0.820822061720471	0.869048696575851	2.60025417679331	3.42107623851378	1.16475399089245	-0.142905798521471	1.16572562673375	2.43564596200192	2.57855176052339	0.838768700893338	1.28144601408186	-0.776640836867545	0.286731007796918	9.02146107743114	9.79810191429869	0.0709	0.9614	2.03531059864181	-0.220371990918798	1.98330065428542	4.55378352940512	4.77415552032392	0	NA	NA	NA	NA	NA	NA	1	-0.896914921839202	0.804456377017821	1	-0.598086457604758	0.357707410770207	1	-1.90714283278956	3.6371937846606	1	-1.15327824822961	1.33005071783956	1.00145511922997	4250.8618645754	0	1.00104242347751	10821.40649221	0	0.127387323189791	-0.12319002075	0.128472935	0.3800035295	0.161116954551607	-0.019743423525	0.160889055	0.337189888
307	7	7	benefit_positive_truncnorm	benefit_positive_truncnorm	continuous	1	increasing	benefit	1	1	NA	1.76949982656163	3.5322184712533	700	252	420	700	700	252	478	0.64	0.317142857142857	6.64931755238721	24	24	0	2	1	10	4	1	5000	2500	1	0.95	12	10000	101306	0.9245	0.9999	1.2334594037111	-0.424478702919628	1.22570368984458	2.97641934185889	3.40089804477852	2.34527734226181	1.12090952890716	2.34380974060149	3.62559586062205	2.50468633171488	0.920406157877498	1.75492350290719	-0.196343085099556	0.465421582959781	9.26387024697781	9.46021333207737	0.0841	0.9999	4.82962354342173	2.1517144592663	4.74102820610001	8.19362471806571	6.04191025879941	0	NA	NA	NA	NA	NA	NA	1	-0.536040422850524	0.287339334929769	1	0.575777515700179	0.33151974758587	1	-1.77729496834611	3.1587774045084	1	1.29740507216843	1.68325992128838	1.00144670844799	4473.16329874069	0	1.00205753311802	11954.4575764498	0	0.185553876126626	-0.065744858575	0.18539499	0.4397920125	0.333226272521	0.15787610925	0.333034805	0.517940138
312	7	7	benefit_positive_truncnorm	benefit_positive_truncnorm	continuous	1	increasing	benefit	1	1	NA	2.54835713295211	5.32512568778867	700	252	420	700	700	252	506	0.64	0.277142857142857	6.99755885716135	24	24	0	2	1	10	4	1	5000	2500	1	0.95	12	10000	101311	1	1	4.2329709683093	2.52490445699786	4.23235114488868	5.95684549821642	3.43194104121856	4.2918194445225	3.07451257499998	4.29266870384906	5.46789966317736	2.39338708817738	1	5.90340039532614	0.403676888104519	5.41544847449913	14.3908428407281	13.9871659526236	0.3083	1	8.05129582525119	5.59337815690855	7.97944761373155	10.8689119456711	5.27553378876256	0	NA	NA	NA	NA	NA	NA	1	1.68461383535719	2.83792377427686	0	1.74346231157039	3.03966083186637	1	0.578274707537464	0.334401637377539	0	2.72617013746251	7.43200361839238	1.00171742344041	4362.56251418438	0	1.00152013843099	11197.6610404334	0	0.642657357647	0.390816945	0.63992332	0.900456737	0.618264555777	0.43859537475	0.618247175	0.79715945125
330	7	7	benefit_positive_truncnorm	benefit_positive_truncnorm	continuous	1	increasing	benefit	1	1	NA	1.25042934600899	1.84618848864319	700	252	420	700	700	252	510	0.64	0.271428571428571	7.08847079161386	24	24	0	2	1	10	4	1	5000	2500	1	0.95	12	10000	101329	0.8251	0.9963	0.755865873760139	-0.888626407907484	0.754160104346605	2.40026487568164	3.28889128358912	1.63235894227323	0.430327402965177	1.63412515017729	2.8529622935688	2.42263489060362	0.82230563002681	1.12804393093241	-1.44979326161114	0.267270723686796	7.9240106024344	9.37380386404555	0.0675	0.9963	2.77136246571669	0.675520694420377	2.745066621027	5.00316912829794	4.32764843387756	0	NA	NA	NA	NA	NA	NA	1	-0.494563472248849	0.244593028082838	1	0.381929596264239	0.145870216502565	1	-0.71814455771078	0.515731605769612	1	0.925173977073496	0.85594688785399	1.00132547628271	4269.75573818181	0	1.00129552695552	11113.7312869915	0	0.114057244189047	-0.1339269725	0.11509832	0.3602211475	0.232424009055733	0.06102918325	0.23222514	0.4090529295
305	7	7	benefit_positive_truncnorm	benefit_positive_truncnorm	continuous	1	increasing	benefit	1	1	NA	1.73321622649972	3.41635525468991	700	252	420	700	700	252	480	0.64	0.314285714285714	7.20663112691066	24	24	0	2	1	10	4	1	5000	2500	1	0.95	12	10000	101304	0.9498	1	1.37295659107014	-0.246844844620267	1.37070077766838	3.03917501114352	3.28601985576378	2.32516115088407	1.10281506747284	2.31409772819982	3.5365796675951	2.43376460012226	0.94650295987722	2.06822286907811	-0.115077036316018	0.613575991640248	9.93370031199016	10.0487773483062	0.0878	1	4.54269793518982	2.1273892575206	4.4153445665232	7.21554631783666	5.08815706031606	0	NA	NA	NA	NA	NA	NA	1	-0.360259635429583	0.129787004919856	1	0.591944924384345	0.350398793504388	1	-1.34813238561181	1.81746092913538	1	1.12634268049991	1.26864783391573	1.0018534791849	4066.46742493854	0	1.00137570100305	11113.8703655668	0	0.210936094210696	-0.038880212075	0.210889115	0.463969548	0.3372287135281	0.1595639045	0.335391065	0.51592875525
311	7	7	benefit_positive_truncnorm	benefit_positive_truncnorm	continuous	1	increasing	benefit	1	1	NA	1.92388981435769	3.91258642135317	700	252	420	700	700	252	483	0.64	0.31	7.05353389981709	24	24	0	2	1	10	4	1	5000	2500	1	0.95	12	10000	101310	0.998	0.9995	2.4432840226731	0.743424433496425	2.43896592539352	4.11465855451608	3.37123412101966	2.15786116466029	0.932567908305583	2.16144255847522	3.3784840022302	2.44591609392462	0.997866367209433	4.44358809910917	0.170689442504147	3.47555287859697	13.7170994851499	13.5464100426458	0.1095	0.9995	4.9671585870962	1.91991264394762	4.90023083161138	8.55176873744279	6.63185609349516	0	NA	NA	NA	NA	NA	NA	1	0.519394208315417	0.269770343631599	1	0.233971350302603	0.0547425927624233	1	0.531001677756	0.281962781779686	1	1.05457216574302	1.11212245275993	1.00134988396153	4430.70075425432	0	1.00195724464801	11303.8810113791	0	0.36791053906944	0.11502497775	0.367326515	0.61964295375	0.31068939075085	0.133756189	0.31093225	0.4898966115
309	7	7	benefit_positive_truncnorm	benefit_positive_truncnorm	continuous	1	increasing	benefit	1	1	NA	2.51882612985441	5.65033630403035	700	252	420	700	700	252	455	0.64	0.35	7.34114420364712	24	24	0	2	1	10	4	1	5000	2500	1	0.95	12	10000	101308	0.998	1	2.55569918608117	0.927068552793396	2.56104598535332	4.19217836796274	3.26510981516934	3.11079894896582	1.82253108206669	3.12078641694459	4.36590938944089	2.5433783073742	0.997567797640764	3.59888849328635	0.1686238851055	2.50548040037889	12.0133586294664	11.8447347443609	0.1777	1	8.1623677669543	4.39272449220754	8.1121174871719	12.9163726789879	8.52364818678038	0.004	NA	NA	NA	NA	NA	NA	1	0.0368730562267583	0.00135962227550168	1	0.59197281911141	0.350431818566711	1	-2.05144781074399	4.20843812020632	1	2.51203146292395	6.31030207071984	1.00097195876244	4314.5960480717	0	1.00204183965998	11477.345551427	0	0.388499159204514	0.143316313	0.388486125	0.63373427475	0.447369550335	0.26010338025	0.448239815	0.63339200425
308	7	7	benefit_positive_truncnorm	benefit_positive_truncnorm	continuous	1	increasing	benefit	1	1	NA	1.83609292851866	3.72421712734571	700	252	420	700	700	252	506	0.64	0.277142857142857	6.83056617957406	24	24	0	2	1	10	4	1	5000	2500	1	0.95	12	10000	101307	0.9615	1	1.5291627104118	-0.14170072706661	1.5178463886723	3.2341522473867	3.37585297445331	2.90089060464688	1.65786012357645	2.90394678573576	4.10748572516045	2.449625601584	0.959095443964084	2.13074874744672	-0.0543038716584601	0.617707241141858	10.2401209590336	10.2944248306921	0.0979	1	5.25762372234312	2.79652181768889	5.16778273026692	8.15279092862963	5.35626911094073	0	NA	NA	NA	NA	NA	NA	1	-0.306930218106863	0.0942061587871265	1	1.06479767612822	1.13379409108805	1	-1.593468379899	2.53914147773793	1	1.53340659499741	2.35133578558155	1.00080030858368	4540.574379848	0	1.00128765643633	11626.7274074213	0	0.226712565207952	-0.02197767175	0.22463183	0.474630963	0.4059385205224	0.229894398	0.405478455	0.578022867
321	7	7	benefit_positive_truncnorm	benefit_positive_truncnorm	continuous	1	increasing	benefit	1	1	NA	1.97849900988916	3.80138570634769	700	252	420	700	700	252	498	0.64	0.288571428571429	6.6050227479443	24	24	0	2	1	10	4	1	5000	2500	1	0.95	12	10000	101320	0.2979	0.9446	-0.425902309645916	-2.00829964315109	-0.443792154494822	1.20291817842037	3.21121782157147	0.989180597609142	-0.234058000387467	0.992375241036376	2.20829518991722	2.44235319030469	0.297984040319194	-0.537069777036562	-6.47283123021379	-0.123844129772645	2.98717939226734	9.46001062248113	0.0476	0.9446	2.03323655936968	-0.460273885415648	2.00974181214881	4.72912197928098	5.18939586469663	0	NA	NA	NA	NA	NA	NA	0	-2.40440131953507	5.781145705382	1	-0.989318412280015	0.97875092087625	0	-4.33845548338425	18.8221959813069	1	-1.768149146978	3.12635140595904	1.00099206009396	4358.32700231955	0	1.00111552486427	10616.1602712396	0	-0.0652398743465999	-0.30450583075	-0.0679962565	0.180995486	0.139231387621539	-0.03267976895	0.1395103	0.310281005
310	7	7	benefit_positive_truncnorm	benefit_positive_truncnorm	continuous	1	increasing	benefit	1	1	NA	0.931623550148212	1.13130141693542	700	252	420	700	700	252	488	0.64	0.302857142857143	6.32928230812466	24	24	0	2	1	10	4	1	5000	2500	1	0.95	12	10000	101309	0.8694	0.9739	0.980833267129563	-0.688214743163123	0.980633944391924	2.67437532199821	3.36259006516133	1.25149156397729	-0.0150288776163235	1.24780342209814	2.52340927238326	2.53843814999958	0.864258230012826	1.44248603213713	-0.486059972110714	0.357814229065288	9.23462183907292	9.72068181118364	0.0644	0.9739	2.74551683676079	-0.0303238082090305	2.68312681544571	5.87186674406369	5.90219055227272	0	NA	NA	NA	NA	NA	NA	1	0.0492097169813513	0.0024215962453847	1	0.319868013829075	0.102315546270958	1	0.311184615201711	0.0968358647382372	1	1.61421541982538	2.60569142160202	1.00238548667226	4362.01794573965	0	1.00198252174261	10278.1340377935	0	0.145854805842678	-0.10541675775	0.146744155	0.3943037575	0.17415654300407	-0.0021150000725	0.173159345	0.353009628
315	7	7	benefit_positive_truncnorm	benefit_positive_truncnorm	continuous	1	increasing	benefit	1	1	NA	2.15443539277468	4.04206947356459	700	252	420	700	700	252	482	0.64	0.311428571428571	7.25414200750268	24	24	0	2	1	10	4	1	5000	2500	1	0.95	12	10000	101314	0.9986	1	2.52015332154486	0.866987081838011	2.51921148275458	4.18517231317114	3.31818523133313	2.66376046293405	1.40473810797312	2.661702486612	3.9055423446587	2.50080423668558	0.998329355608592	3.80900896343539	0.165386875947804	2.76851220047828	12.4348232675416	12.2694363915938	0.162	1	5.67954654121319	2.66843229685458	5.60627185910308	9.11320076459901	6.44476846774443	0	NA	NA	NA	NA	NA	NA	1	0.365717928770178	0.133749603423949	1	0.509325070159365	0.259412027092842	1	-0.233060510129192	0.0543172013816791	1	1.63747706764861	2.68133114707508	1.0011509819803	4253.68178636714	0	1.00143138180459	11486.0700673316	0	0.38205026690629	0.131334973	0.38208967	0.6334849765	0.3805045214942	0.200294752	0.380205695	0.5628602395
313	7	7	benefit_positive_truncnorm	benefit_positive_truncnorm	continuous	1	increasing	benefit	1	1	NA	1.49040063867775	2.25616766220608	700	252	420	700	700	252	464	0.64	0.337142857142857	7.45404758089196	24	24	0	2	1	10	4	1	5000	2500	1	0.95	12	10000	101312	0.841	0.9939	0.83940711520808	-0.755151625766369	0.829643288227783	2.49558751732173	3.2507391430881	1.65728419049194	0.381094849649074	1.65900534886443	2.8839779044498	2.50288305480072	0.836243357553411	1.22355067319251	-0.815540830086673	0.302152313709248	8.13401983291463	8.9495606630013	0.0779	0.9939	3.79521263404118	0.740229252486741	3.72153332239923	7.26415855838775	6.52392930590101	0	NA	NA	NA	NA	NA	NA	1	-0.650993523469666	0.423792567599451	1	0.166883551814195	0.0278501198661211	1	-1.03261698901357	1.06629784599946	1	1.5390449718351	2.3686594253309	1.00168896324908	4120.35623559859	0	1.00114328329267	11176.2003840146	0	0.127752631703964	-0.11664447875	0.12705268	0.38093934025	0.237941382082276	0.05443375375	0.23813273	0.41590523825
342	7	7	benefit_positive_truncnorm	benefit_positive_truncnorm	continuous	1	increasing	benefit	1	1	NA	1.87229555067888	4.06624307299426	700	252	420	700	700	252	481	0.64	0.312857142857143	6.78518261456077	24	24	0	2	1	10	4	1	5000	2500	1	0.95	12	10000	101341	0.8684	0.9951	0.94267884376468	-0.65174065374559	0.941991807298109	2.60231584841966	3.25405650216525	1.65623330993818	0.367049196608348	1.65150871561992	2.91282982743579	2.54578063082744	0.864847373530363	1.3397153862608	-0.45416618239366	0.327418289249187	8.46739114559011	8.92155732798377	0.0729	0.9951	3.08320245755387	0.616383585506762	3.03183901297167	5.96805569547629	5.35167210996953	0	NA	NA	NA	NA	NA	NA	1	-0.929616706914199	0.864187221774	1	-0.2160622407407	0.0466828918738921	1	-2.72652768673346	7.4339532265241	1	-0.983040615440389	0.966368851605418	1.00136758625537	4152.9754998179	0	1.0019615587461	10502.3088381153	0	0.142063100575584	-0.1004870945	0.142985365	0.389276704	0.234748055049626	0.05204517805	0.23359813	0.414321611
314	7	7	benefit_positive_truncnorm	benefit_positive_truncnorm	continuous	1	increasing	benefit	1	1	NA	1.71192274197151	2.7764203114118	700	252	420	700	700	252	482	0.64	0.311428571428571	6.54776414746114	24	24	0	2	1	10	4	1	5000	2500	1	0.95	12	10000	101313	0.4747	0.9538	-0.0322287222350201	-1.6459408406587	-0.0460644199802696	1.65818726645074	3.30412810710945	1.07936083631422	-0.183701795038342	1.08192154322506	2.34018789674247	2.52388969178082	0.471834679534249	-0.0374011743496167	-5.23837136938471	-0.0147973003544202	5.01091045093565	10.2492818203204	0.0467	0.9538	2.63840074144607	-0.417377499311616	2.53160519924805	6.02153542670691	6.43891292601853	0	NA	NA	NA	NA	NA	NA	0	-1.74415146420653	3.04206433009378	1	-0.632561905657287	0.400134564488779	1	-2.81382148576142	7.91759135373261	1	-0.138019569965735	0.0190494016935264	1.00144685433308	4287.69069230072	0	1.00240381094461	10549.1902170875	0	-0.005687345374059	-0.252089663	-0.0071011097	0.246145248	0.150722916162461	-0.025868400875	0.150631955	0.328788878
341	7	7	benefit_positive_truncnorm	benefit_positive_truncnorm	continuous	1	increasing	benefit	1	1	NA	1.82089529126131	3.0879752807346	700	252	420	700	700	252	461	0.64	0.341428571428571	7.98044437622034	24	24	0	2	1	10	4	1	5000	2500	1	0.95	12	10000	101340	0.9459	0.9972	1.32736931755404	-0.274915886276423	1.33139412886805	2.94370657772112	3.21862246399754	1.71272078968815	0.497318085292139	1.71085023477958	2.94464055880153	2.44732247350939	0.940989919583192	1.8245335615171	-0.138786555954542	0.52650057289808	9.22991135415148	9.36869791010602	0.1171	0.9972	4.16676723547021	1.03323343702554	4.19027642571563	7.34112467910299	6.30789124207745	0	NA	NA	NA	NA	NA	NA	1	-0.493525973707264	0.243567886723703	1	-0.108174501573155	0.0117017227906005	1	-1.26344171921751	1.59628497785929	1	1.07879195473561	1.16379208160227	1.00153245078361	4167.36052109068	0	1.00147343054134	10973.1317655716	0	0.207101593126999	-0.0438841731	0.208001565	0.4567893645	0.253828758570624	0.07293870365	0.2532896	0.43716299075
322	7	7	benefit_positive_truncnorm	benefit_positive_truncnorm	continuous	1	increasing	benefit	1	1	NA	2.45479609971813	5.74773038922679	700	252	420	700	700	252	491	0.64	0.298571428571429	7.14362637496806	24	24	0	2	1	10	4	1	5000	2500	1	0.95	12	10000	101321	0.9987	1	2.30315466936089	0.673340479912042	2.30626090066217	3.93685669455468	3.26351621464264	2.71261510627771	1.47224026798261	2.70684825665005	3.93461473659981	2.46237446861721	0.998587071706111	3.4685541611982	0.134370925181793	2.26765098462777	12.0961496065195	11.9617786813377	0.1507	1	5.23232964220641	2.71445201514327	5.25693387035884	7.88712040579747	5.1726683906542	0	NA	NA	NA	NA	NA	NA	1	-0.151641430357237	0.0229951234007887	1	0.257819006559584	0.0664706401433708	1	-2.27917622802859	5.19464427841065	1	-0.515400747020376	0.265637930029161	1.00121748731481	4647.56977177239	0	1.00141930427642	11098.0403311367	0	0.349861743304068	0.1039915785	0.34988965	0.5965609475	0.3897343014161	0.2099859555	0.388699435	0.568183438
317	7	7	benefit_positive_truncnorm	benefit_positive_truncnorm	continuous	1	increasing	benefit	1	1	NA	2.0044157501329	3.42885310838477	700	252	420	700	700	252	484	0.64	0.308571428571429	7.53518055950546	24	24	0	2	1	10	4	1	5000	2500	1	0.95	12	10000	101316	0.9962	0.9958	2.15994776003651	0.501911811157133	2.15329038317078	3.79204113541833	3.2901293242612	1.59481688750324	0.396409422945999	1.60060684303634	2.79015653862311	2.39374711567711	0.995674032503215	3.22339556239347	0.0983111183411346	1.99338413147873	11.7063803329061	11.6080692145649	0.1447	0.9958	2.80270128058531	0.659793165958215	2.72741775847491	5.50017137232852	4.84037820637031	0	NA	NA	NA	NA	NA	NA	1	0.155532009903603	0.0241902061046545	1	-0.409598862629662	0.167771228267513	1	-0.205457545991295	0.0422128032047652	1	-0.626151827799454	0.392066111456597	1.00169365019605	4250.77705386308	0	1.00161359792992	10814.7891144412	0	0.32950073444434	0.079759034	0.327816495	0.57263956625	0.230803038676023	0.057447906975	0.231255425	0.4059698315
337	7	7	benefit_positive_truncnorm	benefit_positive_truncnorm	continuous	1	increasing	benefit	1	1	NA	1.69551360140283	3.19816588112425	700	252	420	700	700	252	482	0.64	0.311428571428571	6.76356619823352	24	24	0	2	1	10	4	1	5000	2500	1	0.95	12	10000	101336	0.9917	1	2.05186527903078	0.369330603351865	2.0475405939429	3.75055866867438	3.38122806532252	2.26961382578255	1.00922270331827	2.2684973208466	3.51173548874241	2.50251278542414	0.990736505032022	2.94918128646414	0.0726024287694646	1.46523211522147	11.4127635301175	11.340161101348	0.1256	1	4.04919552173698	1.50114652803186	3.92734768932191	7.20846146625391	5.70731493822205	0	NA	NA	NA	NA	NA	NA	1	0.356351677627954	0.126986518148257	1	0.574100224379729	0.329591067632855	1	-0.248984594660104	0.0619933283780562	1	0.851029640612734	0.724251449201439	1.00205007906829	4131.92990975935	0	1.0028244459839	10982.6073314216	0	0.305559363697603	0.0559193076	0.304991915	0.55581459975	0.31930801685416	0.14209406625	0.319355065	0.49701456025
327	7	7	benefit_positive_truncnorm	benefit_positive_truncnorm	continuous	1	increasing	benefit	1	1	NA	2.07021707277883	4.59197315715624	700	252	420	700	700	252	475	0.64	0.321428571428571	6.40422887233673	24	24	0	2	1	10	4	1	5000	2500	1	0.95	12	10000	101326	0.9956	1	2.20568116907875	0.572842015979901	2.19602576639238	3.88812145536129	3.31527943938139	3.06399742665503	1.79616386309786	3.06596676320012	4.32953708320766	2.53337322010979	0.995232148938586	3.27835850780648	0.108849320763524	1.86262420295082	12.2412939435594	12.1324446227958	0.1191	1	6.78127453803538	3.99745196132908	6.70713524460652	10.1353277746092	6.13787581328016	0	NA	NA	NA	NA	NA	NA	1	0.135464096299911	0.0183505213863514	1	0.993780353876194	0.987599391750293	1	-1.31361464934976	1.7255834469863	1	2.18930138087914	4.7930405363193	1.00109063490699	3724.26877606771	0	1.00173801311155	10706.9495999657	0	0.327915841349424	0.088250844975	0.32808643	0.57340252225	0.4335293097389	0.25337502325	0.433827755	0.6174511545
316	7	7	benefit_positive_truncnorm	benefit_positive_truncnorm	continuous	1	increasing	benefit	1	1	NA	1.89093346628585	3.52458449091848	700	252	420	700	700	252	492	0.64	0.297142857142857	6.73244134717097	24	24	0	2	1	10	4	1	5000	2500	1	0.95	12	10000	101315	0.3669	0.9015	-0.274784171824402	-1.91283561017999	-0.2735202059595	1.37501268647077	3.28784829665076	0.831398488116347	-0.434936286116048	0.82997479013477	2.10760485778556	2.54254114390161	0.367188320554564	-0.368305035773651	-6.20803505027848	-0.0773446780375249	3.9908325451841	10.1988675954626	0.0479	0.9015	1.80604874808569	-0.942321556967614	1.76310545939481	4.67335974890246	5.61568130587008	0	NA	NA	NA	NA	NA	NA	0	-2.16571763811025	4.69033288802185	1	-1.0595349781695	1.12261436996465	1	-3.89288952669213	15.1545888670293	1	-1.71853574283279	2.95336509939385	1.00105739373435	4520.29629080717	0	1.00299717894165	10971.4699736035	0	-0.0423963385645367	-0.28996834175	-0.041774399	0.20380752175	0.116891255256603	-0.061237791575	0.11678997	0.29648288575
320	7	7	benefit_positive_truncnorm	benefit_positive_truncnorm	continuous	1	increasing	benefit	1	1	NA	2.38236168578622	4.86305889883375	700	252	420	700	700	252	472	0.64	0.325714285714286	8.15108615497497	24	24	0	2	1	10	4	1	5000	2500	1	0.95	12	10000	101319	0.9815	0.9992	1.75381219378156	0.0992134402477264	1.75436546281853	3.38103013294297	3.28181669269524	1.99105349310573	0.773620124767066	1.98092262615536	3.21744825881271	2.44382813404564	0.979491386382281	2.48650448493635	0.0189707107069987	1.00295076859845	10.3554133141176	10.3364426034106	0.1467	0.9992	4.31827925225042	1.4032132592993	4.14213711679033	8.16897919344286	6.76576593414355	0	NA	NA	NA	NA	NA	NA	1	-0.628549492004666	0.395074463899323	1	-0.39130819268049	0.153122101658872	1	-2.3765544138974	5.64801088221519	1	-0.54477964658333	0.296784863331458	1.00201195175366	4322.89933589122	0	1.00195185943962	11702.3434469892	0	0.271241066882746	0.01539023805	0.27196363	0.524082293	0.290565303123795	0.11161502075	0.288564035	0.471208982
319	7	7	benefit_positive_truncnorm	benefit_positive_truncnorm	continuous	1	increasing	benefit	1	1	NA	2.17650797135148	4.50646148379546	700	252	420	700	700	252	501	0.64	0.284285714285714	6.76958068937712	24	24	0	2	1	10	4	1	5000	2500	1	0.95	12	10000	101318	0.9724	0.9992	1.661606777503	-0.0327510597721935	1.66227589811205	3.32753262068357	3.36028368045576	2.06773983181062	0.834829568092508	2.06944126574692	3.31835255774097	2.48352298964846	0.970359680284192	2.4295301164571	-0.0178150709448181	0.82069965883644	10.6036021923982	10.621417263343	0.0992	0.9992	4.14940536030778	1.70923155157273	4.16214741231373	6.69392524636188	4.98469369478915	0	NA	NA	NA	NA	NA	NA	1	-0.514901193848482	0.265123239426592	1	-0.10876813954086	0.0118305081791799	1	-2.07693136733836	4.31364390463398	1	-0.357056123487684	0.127489075320052	1.0015119806771	4166.86100301576	0	1.00137729611466	12141.0763009352	0	0.251853662412749	-0.00537939747749998	0.25280025	0.50229908575	0.29285294107804	0.11752972475	0.292644395	0.4717891435
323	7	7	benefit_positive_truncnorm	benefit_positive_truncnorm	continuous	1	increasing	benefit	1	1	NA	2.19399158026413	4.60957144023997	700	252	420	700	700	252	473	0.64	0.324285714285714	6.27630330637562	24	24	0	2	1	10	4	1	5000	2500	1	0.95	12	10000	101322	0.94	0.9999	1.31144473050083	-0.339873533008541	1.31064997168691	3.02999416670292	3.36986769971146	2.36875912560223	1.07240782728574	2.36797695060381	3.67131191062814	2.59890408334239	0.936776009526903	1.98853899677867	-0.145104046294223	0.536383699327072	10.1217678873315	10.2668719336257	0.0763	0.9999	4.69684445731985	2.0339489855951	4.46819946232929	8.33198706503998	6.29803807944488	0	NA	NA	NA	NA	NA	NA	1	-0.882546849763291	0.778888942027109	1	0.174767545338109	0.0305436949035078	1	-2.6210324434613	6.86981106967673	1	0.0872730170798741	0.007616579510224	1.00123265039687	4092.70414646678	0	1.00219375081644	11710.4274724276	0	0.194420150111902	-0.05143220415	0.195191735	0.445467013	0.32904187907964	0.14731131075	0.328433865	0.51329461925
334	7	7	benefit_positive_truncnorm	benefit_positive_truncnorm	continuous	1	increasing	benefit	1	1	NA	1.64114400773789	3.13695762538175	700	252	420	700	700	252	484	0.64	0.308571428571429	6.57369449553498	24	24	0	2	1	10	4	1	5000	2500	1	0.95	12	10000	101333	0.9605	1	1.49942302840755	-0.172901800701148	1.49567922539097	3.20288790403256	3.37578970473371	2.95239402009289	1.74175505399007	2.94673359372634	4.20826210718604	2.46650705319597	0.957851059183228	2.23367011030791	-0.0678633117408837	0.660091725966121	10.5565238871943	10.6243871989352	0.0842	1	5.65401844778219	2.95493056030791	5.47876881307888	9.2014634929259	6.24653293261799	0	NA	NA	NA	NA	NA	NA	1	-0.141720979330348	0.0200848359823529	0	1.31125001235499	1.71937659490097	1	-0.903287515073836	0.815928334888266	1	2.51706082240044	6.33559518366317	1.00086133166955	4187.7486506607	0	1.00145117809773	11557.6156233176	0	0.223695672615383	-0.025748431575	0.224087045	0.473326873	0.4186519576481	0.24587573875	0.41719947	0.60171920425
333	7	7	benefit_positive_truncnorm	benefit_positive_truncnorm	continuous	1	increasing	benefit	1	1	NA	2.38639402203186	5.11779085017611	700	252	420	700	700	252	481	0.64	0.312857142857143	7.04155821700507	24	24	0	2	1	10	4	1	5000	2500	1	0.95	12	10000	101332	0.9974	0.9998	2.33094941831813	0.647457190424203	2.32481512798487	4.11525282072798	3.46779563030378	2.23505864422316	0.999800541037866	2.24086958468122	3.47238532025106	2.47258477921319	0.997249724972497	4.2995485377025	0.150233531864555	3.3031981346635	13.2896689054921	13.1394353736275	0.091	0.9998	4.96937337061863	2.11187735438986	4.93816567500751	7.97857902990697	5.86670167551711	0	NA	NA	NA	NA	NA	NA	1	-0.0554446037137351	0.00307410408097312	1	-0.151335377808705	0.0229023965765035	1	-0.81824231247361	0.669520481922161	1	-0.148417479557478	0.0220277482381945	1.00140525338129	4652.95492864272	0	1.00164652900243	10583.3256075402	0	0.343213520030617	0.0965004716	0.342707435	0.59787543075	0.31480905244547	0.139811433	0.31500289	0.490630209
326	7	7	benefit_positive_truncnorm	benefit_positive_truncnorm	continuous	1	increasing	benefit	1	1	NA	1.65346192202903	3.14428493529656	700	252	420	700	700	252	449	0.64	0.358571428571429	6.56989507197405	24	24	0	2	1	10	4	1	5000	2500	1	0.95	12	10000	101325	0.7967	1	0.698707659188768	-0.918855662450543	0.68270063383381	2.37187295125227	3.29072861370281	2.60756001251449	1.30130758255321	2.60847501660432	3.91305734711902	2.61174976456581	0.79176370950667	1.06263836232885	-1.63245976358596	0.2287796270997	8.07565670696843	9.70811647055439	0.0554	1	6.62854087889786	3.05933491284689	6.38519359607475	10.8376198912194	7.77828497837254	0.0018	NA	NA	NA	NA	NA	NA	1	-0.954754262840263	0.911555702411654	1	0.954098090485455	0.910303166267991	1	-2.08164657296771	4.33325245474821	1	3.4842559436013	12.140039480521	1.0017551938968	4539.76591462831	0	1.00160346981054	11554.7435561626	0	0.105408420347313	-0.14158359	0.104740955	0.353831099	0.3766738870743	0.18828629575	0.37660269	0.56862683525
332	7	7	benefit_positive_truncnorm	benefit_positive_truncnorm	continuous	1	increasing	benefit	1	1	NA	1.8334686905233	3.35225423903896	700	252	420	700	700	252	493	0.64	0.295714285714286	6.42001112478613	24	24	0	2	1	10	4	1	5000	2500	1	0.95	12	10000	101331	0.9683	0.9999	1.56602817164271	-0.092933240230077	1.54937136377428	3.29964104434286	3.39257428457294	2.57316923991881	1.3097702355898	2.57686994244311	3.82426351939133	2.51449328380153	0.966543156059285	2.34098667988899	-0.0301862241920814	0.710867120522694	10.7836991065412	10.8138853307333	0.0824	0.9999	4.8152946819705	2.22387918697944	4.78465414390711	8.03929205854018	5.81541287156074	0	NA	NA	NA	NA	NA	NA	1	-0.267440518880591	0.0715244311391199	1	0.73970054939551	0.547156902776019	1	-1.01126755914996	1.02266207618913	1	1.46304044293154	2.14048733765332	1.00125186511473	4322.75841702499	0	1.00120793456004	11569.0776230271	0	0.232227548343947	-0.014422984525	0.23101399	0.48474518025	0.3650189030702	0.18520307775	0.365322555	0.544395007
345	7	7	benefit_positive_truncnorm	benefit_positive_truncnorm	continuous	1	increasing	benefit	1	1	NA	2.0441529638542	3.72124822831171	700	252	420	700	700	252	489	0.64	0.301428571428571	7.34306849786026	24	24	0	2	1	10	4	1	5000	2500	1	0.95	12	10000	101344	0.9988	0.9999	2.44022138597422	0.773090395583033	2.43182306943719	4.08500771891069	3.31191732332766	2.3089600667723	1.07302968140541	2.30161874231749	3.55359373134092	2.48056404993551	0.998552472858866	3.4908477440827	0.145520438299648	2.23730383789494	11.8706271049995	11.7251066666999	0.171	0.9999	4.16070003511884	1.63816158337473	3.97792172556189	7.63018616657923	5.99202458320451	0	NA	NA	NA	NA	NA	NA	1	0.396068422120012	0.156870195000636	1	0.264807102918098	0.0701228017558763	1	-0.23040048422901	0.0530843831329624	1	0.439451806807131	0.193117890506052	1.00119453813008	3969.34133279392	0	1.00133620123316	11140.3036156748	0	0.36946447709062	0.1190860435	0.367361455	0.614481064	0.32996071025562	0.15285917375	0.32879446	0.51013334225
335	7	7	benefit_positive_truncnorm	benefit_positive_truncnorm	continuous	1	increasing	benefit	1	1	NA	1.56469263074174	2.67055206255116	700	252	420	700	700	252	496	0.64	0.291428571428571	6.80692414002684	24	24	0	2	1	10	4	1	5000	2500	1	0.95	12	10000	101334	0.548	0.9964	0.110540946024326	-1.51887162777296	0.106429720241727	1.74339688919446	3.26226851696742	1.68865836656198	0.409826555024487	1.68914623258407	2.96063986213723	2.55081330711275	0.544268900434737	0.204402966623992	-4.23947678009874	0.0255876527233614	5.6688590249933	9.90833580509204	0.0569	0.9964	2.9543298190345	0.653566365258213	2.91934408277805	5.49750077062476	4.84393440536654	0	NA	NA	NA	NA	NA	NA	1	-1.45415168471741	2.11455712216649	1	0.123965735820244	0.0153675036574544	1	-2.46614909592717	6.0818913633424	1	0.283777756483341	0.0805298150747184	1.00144497798465	4584.31851635352	0	1.00117637589209	11208.4480972427	0	0.0159150646517794	-0.23283161375	0.0159757345	0.26131831475	0.237366026961632	0.0572799527	0.237046055	0.41687726825
338	7	7	benefit_positive_truncnorm	benefit_positive_truncnorm	continuous	1	increasing	benefit	1	1	NA	2.05340386355837	4.14966696486783	700	252	420	700	700	252	472	0.64	0.325714285714286	7.42424641965707	24	24	0	2	1	10	4	1	5000	2500	1	0.95	12	10000	101337	0.7365	0.9794	0.540938235807194	-1.08444352673321	0.540908199883583	2.18203519303225	3.26647871976546	1.32151341572433	0.0521345099358207	1.32142149090276	2.60305325018443	2.55091874024861	0.730136544457585	0.765428242111252	-2.51385535013588	0.169855154163685	7.20237630835276	9.71623165848864	0.0699	0.9794	2.49822582652307	0.0924144109850827	2.40730364724278	5.38850735730011	5.29609294631502	0	NA	NA	NA	NA	NA	NA	1	-1.51246562775117	2.28755227512875	1	-0.73189044783404	0.535663627630712	1	-3.38423872275658	11.4530717326051	1	-1.65144113834476	2.72725783341745	1.00089210038234	3859.85078568238	0	1.00196072691392	9938.12776740858	0	0.0813003956386381	-0.164644916	0.0825186645	0.32453606	0.187125042636902	0.00732347583	0.187039155	0.36791570125
343	7	7	benefit_positive_truncnorm	benefit_positive_truncnorm	continuous	1	increasing	benefit	1	1	NA	1.86408678857888	3.73042255219544	700	252	420	700	700	252	470	0.64	0.328571428571429	6.88715985085409	24	24	0	2	1	10	4	1	5000	2500	1	0.95	12	10000	101342	0.9974	1	2.34734615647804	0.715147519936397	2.34772159563386	3.99206004480925	3.27691252487285	2.8513898344427	1.57791493398788	2.86222590826333	4.08513412270387	2.507219188716	0.99716880972042	3.35186667608748	0.128698675241902	2.04849361849014	12.1370965191808	12.0083978439389	0.1523	1	5.97143271035438	3.03244245502347	5.99173589784437	9.38112959180344	6.34868713677997	0	NA	NA	NA	NA	NA	NA	1	0.483259367899162	0.233539616662297	1	0.987303045863826	0.974767304371988	1	-0.378555876107953	0.14330455133586	1	2.24101015815895	5.02212652897159	1.00136051835945	4428.45474911641	0	1.00142118451726	11434.6258589104	0	0.359166634533514	0.1116887555	0.35985686	0.608393125	0.4080098637587	0.2239319015	0.408608885	0.58863538675
344	7	7	benefit_positive_truncnorm	benefit_positive_truncnorm	continuous	1	increasing	benefit	1	1	NA	2.68562752658488	5.14885409500049	700	252	420	700	700	252	483	0.64	0.31	8.11993967982387	24	24	0	2	1	10	4	1	5000	2500	1	0.95	12	10000	101343	0.998	1	2.40269544563134	0.760921103901043	2.40119991939137	4.06861517460541	3.30769407070437	2.53105694527914	1.33432739525772	2.53570746773308	3.74741424313498	2.41308684787726	0.997620180866254	3.950704573552	0.156364542220762	2.93961872756519	12.5208795545803	12.3645150123595	0.1596	1	5.17326738690415	2.27244413737839	5.17910555999612	8.04580161724704	5.77335747986865	0	NA	NA	NA	NA	NA	NA	1	-0.282932080953547	0.0800505624327046	1	-0.15457058130574	0.0238920646051943	1	-1.19814952144849	1.43556227574725	1	0.0244132919036586	0.000596008821573242	1.00124291531327	5061.7738495978	0	1.0022633559605	10430.2500251607	0	0.36469754081365	0.116328755	0.36600375	0.61206649675	0.3669054748704	0.192138907	0.367056555	0.54480956075
318	7	7	benefit_positive_truncnorm	benefit_positive_truncnorm	continuous	1	increasing	benefit	1	1	NA	2.32832289184909	5.33926800495977	700	252	420	700	700	252	512	0.64	0.268571428571429	5.69348966141788	24	24	0	2	1	10	4	1	5000	2500	1	0.95	12	10000	101317	0.7085	0.9648	0.470498303729742	-1.20689136105216	0.460712056928833	2.18137906317309	3.38827042422525	1.15869966520473	-0.0933722763303933	1.15539015468006	2.41600032856765	2.50937260489804	0.704507337526205	0.726969329808971	-2.80444431555797	0.136708203931752	7.38718076372515	10.1916250792831	0.046	0.9648	1.75277855311216	-0.124705914871333	1.66137734277467	4.10704473846357	4.2317506533349	0	NA	NA	NA	NA	NA	NA	0	-1.85782458811934	3.45151220022081	1	-1.16962322664436	1.36801849230595	1	-4.6122986751508	21.2732990687978	0	-3.5864894518476	12.8629065882141	1.00186519977683	4120.20417046492	0	1.00122778696093	10533.8736020179	0	0.0687542506935071	-0.1812798935	0.0682812615	0.3155426435	0.157754428701786	-0.01271544575	0.157173645	0.32959843
339	7	7	benefit_positive_truncnorm	benefit_positive_truncnorm	continuous	1	increasing	benefit	1	1	NA	1.90402022438476	3.59626170452104	700	252	420	700	700	252	454	0.64	0.351428571428571	7.18818050166882	24	24	0	2	1	10	4	1	5000	2500	1	0.95	12	10000	101338	0.8795	0.9999	0.975786399397213	-0.650671190086055	0.977377768429252	2.60166468574018	3.25233587582624	2.43414892339688	1.15567073918805	2.43248000668132	3.69818348170349	2.54251274251545	0.874699322108025	1.46074747577166	-0.523599341210766	0.371029315081823	8.80622181123423	9.329821152445	0.0854	0.999899989999	6.04715466230267	2.57422452911239	6.12543407137461	9.3368351766511	6.7626106475387	1e-04	NA	NA	NA	NA	NA	NA	1	-0.928233824987551	0.86161803385102	1	0.53012869901212	0.281036437516283	1	-2.13551422874938	4.56042102119106	1	2.45089295778163	6.00687629050358	1.00237811463085	4312.6873869275	0	1.00156738825411	11342.5944039145	0	0.148684612858646	-0.100028446	0.14873346	0.3938021985	0.3505402738035	0.16569067775	0.34970759	0.53482442
331	7	7	benefit_positive_truncnorm	benefit_positive_truncnorm	continuous	1	increasing	benefit	1	1	NA	2.20990706865421	4.49533659450806	700	252	420	700	700	252	498	0.64	0.288571428571429	7.3301810942491	24	24	0	2	1	10	4	1	5000	2500	1	0.95	12	10000	101330	0.8057	0.995	0.703646180421266	-0.842366273608297	0.701090387866572	2.32028722795929	3.16265350156759	1.62117731592476	0.401107222906903	1.62640539173738	2.80667296665557	2.40556574374866	0.801263518578006	1.01157212456008	-1.40976980314563	0.242048914550743	7.67723662959812	9.08700643274375	0.0661	0.995	2.50092282510909	0.416828639898227	2.28717523991876	5.49532166077468	5.07849302087646	0	NA	NA	NA	NA	NA	NA	1	-1.50626088823294	2.2688218634203	1	-0.588729752729452	0.346602721748882	1	-3.48376446994798	12.136614882072	1	-1.99441376939897	3.97768628356822	1.00111723869713	4265.81994670175	0	1.00122151018052	11793.5856791031	0	0.107346000931712	-0.13122671875	0.107046925	0.348350535	0.231958077694256	0.0571696925	0.232525335	0.4049255385
324	7	7	benefit_positive_truncnorm	benefit_positive_truncnorm	continuous	1	increasing	benefit	1	1	NA	2.37536586877886	4.96705497471143	700	252	420	700	700	252	478	0.64	0.317142857142857	6.98624718100873	24	24	0	2	1	10	4	1	5000	2500	1	0.95	12	10000	101323	0.9969	1	2.36296800665449	0.696536403075008	2.35920628489157	4.07373562605068	3.37719922297567	2.99468839609888	1.73128979117984	2.99439331948948	4.23801447639632	2.50672468521648	0.996473077827416	3.34251367227189	0.13620115322206	2.04783103929934	11.894870487356	11.758669334134	0.1494	1	5.88931515654928	3.11455232964489	5.76859584284314	9.25941972773124	6.14486739808635	0	NA	NA	NA	NA	NA	NA	1	-0.012397862124363	0.000153706985254715	1	0.619322527320026	0.383560392846064	1	-1.62454130243954	2.63913444333195	1	0.922260181837854	0.850563843003591	1.00157910904546	3972.71252117096	0	1.00154402688434	11160.2308967248	0	0.35670771524084	0.1062076255	0.35620723	0.60663729675	0.4274921844679	0.246843549	0.4273763	0.60903947925
374	7	7	benefit_positive_truncnorm	benefit_positive_truncnorm	continuous	1	increasing	benefit	1	1	NA	1.8405776184118	3.29349114838537	700	252	420	700	700	252	495	0.64	0.292857142857143	6.8939952342673	24	24	0	2	1	10	4	1	5000	2500	1	0.95	12	10000	101373	0.9952	1	2.0907483616247	0.483727689476456	2.08591130470014	3.75765559037313	3.27392790089667	2.65281320209835	1.38049859534417	2.66658143835159	3.8768484191736	2.49634982382943	0.994959330965746	3.00311091405699	0.0967502215874763	1.65420911818168	11.5446269712632	11.4478767496757	0.1271	1	5.17318386110166	2.50311469815253	5.09992988609035	8.11853283814444	5.61541813999191	0	NA	NA	NA	NA	NA	NA	1	0.250170743212902	0.0625854007596956	1	0.812235583686547	0.659726643406626	1	-0.290380234328388	0.0843206804886096	1	1.87969271271628	3.5332446942387	1.00110487660997	4409.81555334143	0	1.00105292467375	11318.818637742	0	0.317186452955048	0.073469793925	0.31681305	0.56841231975	0.3784616827101	0.19501743225	0.37973748	0.55658737475
329	7	7	benefit_positive_truncnorm	benefit_positive_truncnorm	continuous	1	increasing	benefit	1	1	NA	1.62924696388047	2.66785225956423	700	252	420	700	700	252	479	0.64	0.315714285714286	6.92190717179021	24	24	0	2	1	10	4	1	5000	2500	1	0.95	12	10000	101328	0.9781	1	1.71117438517952	0.0504984707723795	1.69481928283178	3.3863341161032	3.33583564533082	2.86172393225638	1.64617164182711	2.85441273067752	4.09761547845865	2.45144383663154	0.975945401655851	2.49561880988461	0.00690802708467695	0.838012239073507	10.8532201540132	10.8463121269286	0.1062	1	6.27800033476338	3.54040536739249	6.22390839116131	9.28057901212171	5.74017364472922	0	NA	NA	NA	NA	NA	NA	1	0.0819274212990431	0.0067121023607109	0	1.2324769683759	1.51899947757706	1	-0.172233449679628	0.029664361188545	0	3.61014807519915	13.0331691248641	1.00160983829124	3900.65295052501	0	1.00193151804418	11441.648838226	0	0.262859778409456	0.007931820365	0.26105944	0.51467732075	0.4140192360127	0.2379480115	0.412296105	0.5963265965
373	7	7	benefit_positive_truncnorm	benefit_positive_truncnorm	continuous	1	increasing	benefit	1	1	NA	1.7890327296501	3.69059420812892	700	252	420	700	700	252	463	0.64	0.338571428571429	7.44769347249193	24	24	0	2	1	10	4	1	5000	2500	1	0.95	12	10000	101372	0.7242	0.9345	0.48850262267557	-1.07110739640949	0.490363750974088	2.07180304220992	3.14291043861941	0.953397729813982	-0.264301783242938	0.946997696514465	2.19917390750731	2.46347569075025	0.719198628669381	0.751699297776889	-2.50209784279162	0.154377464449428	7.09006458062065	9.59216242341227	0.0666	0.9345	2.31376043060478	-0.611679501142832	2.19152928186658	5.60002694309929	6.21170644424212	0	NA	NA	NA	NA	NA	NA	1	-1.30053010697453	1.69137855914719	1	-0.83563499983612	0.698285852951113	1	-2.93889491035203	8.63710329409306	1	-1.37683377752414	1.89567125093139	1.00145430861538	4052.24741178976	0	1.00198569334761	11270.4649284908	0	0.0753805627312673	-0.16562458625	0.0761692545	0.3191639965	0.13973187562806	-0.038870498625	0.13856453	0.3232868875
328	7	7	benefit_positive_truncnorm	benefit_positive_truncnorm	continuous	1	increasing	benefit	1	1	NA	1.90704494792561	3.78685328524607	700	252	420	700	700	252	491	0.64	0.298571428571429	5.97473431889789	24	24	0	2	1	10	4	1	5000	2500	1	0.95	12	10000	101327	0.6755	0.9999	0.408737854973238	-1.25417204696947	0.38866895632112	2.12586668456706	3.38003873153653	2.56275324926346	1.25809563230343	2.56978818490434	3.84916290886141	2.59106727655798	0.670338894134928	0.618915594687589	-3.0201567539766	0.110312394727245	7.07637217229476	10.0965289262714	0.0469	0.9999	4.50757908814331	2.19930298982089	4.37987341687573	7.77496341289744	5.57566042307655	0	NA	NA	NA	NA	NA	NA	1	-1.49830709295237	2.24492414479138	1	0.655708301337854	0.429953376443375	1	-3.16793769055848	10.035829211261	1	0.720725802897238	0.519445682961869	1.00134035371915	3783.17858122152	0	1.00170558063	11365.7571792529	0	0.0598710367063815	-0.18817080475	0.0583900525	0.31348046575	0.35176232967188	0.171464327	0.35277018	0.533691876
340	7	7	benefit_positive_truncnorm	benefit_positive_truncnorm	continuous	1	increasing	benefit	1	1	NA	2.45544638328783	5.08332335977296	700	252	420	700	700	252	485	0.64	0.307142857142857	7.05782683607202	24	24	0	2	1	10	4	1	5000	2500	1	0.95	12	10000	101339	0.9999	1	3.37242353642483	1.71171440562952	3.36794522162197	5.03962921992351	3.32791481429399	3.52416619901266	2.30265798315287	3.52751902241584	4.74967913726519	2.44702115411232	0.999869332287992	4.96405245392043	0.291275572308425	4.25016101166314	13.6061365197535	13.3148609474451	0.2347	1	7.44662466206837	4.59729320310308	7.52615307264921	10.3366070936921	5.73931389058904	0	NA	NA	NA	NA	NA	NA	1	0.916977153136992	0.840847099375223	1	1.06871981572482	1.1421620445229	1	-0.119270905852528	0.0142255489828827	1	2.36330130229541	5.58519304543119	1.00164728391739	4046.36014807662	0	1.00239754743216	10982.0710326241	0	0.5142766304589	0.26463780075	0.51444135	0.766691343	0.507274339248	0.32950620575	0.506892265	0.69021578975
372	7	7	benefit_positive_truncnorm	benefit_positive_truncnorm	continuous	1	increasing	benefit	1	1	NA	1.8054493898596	3.46387076588977	700	252	420	700	700	252	500	0.64	0.285714285714286	6.02447001386684	24	24	0	2	1	10	4	1	5000	2500	1	0.95	12	10000	101371	0.8977	0.9932	1.08252757406729	-0.627485100616616	1.06013509489743	2.82859145534358	3.45607655596019	1.59033845883489	0.337363750618916	1.58553700651732	2.856396075275	2.51903232465609	0.896994396332145	1.9291664286776	-0.449082898192207	0.471719528694853	10.7631105317178	11.21219342991	0.0185	0.9932	2.69572351043372	0.509119603032529	2.6696336640566	5.22651419875056	4.71739459571803	0	NA	NA	NA	NA	NA	NA	1	-0.72292181579231	0.522615951748451	1	-0.215110931024708	0.0462727126463167	1	-1.53470433721217	2.35531740265786	1	-0.768147255456054	0.590050206064669	1.00136488467641	4353.74801669838	0	1.00196833902273	10594.828878344	0	0.160313539365612	-0.09369245885	0.159467055	0.40813261875	0.223021123892277	0.047326391775	0.222049515	0.40122409475
349	7	7	benefit_positive_truncnorm	benefit_positive_truncnorm	continuous	1	increasing	benefit	1	1	NA	1.93608925570414	3.57407026557235	700	252	420	700	700	252	473	0.64	0.324285714285714	7.76782881468321	24	24	0	2	1	10	4	1	5000	2500	1	0.95	12	10000	101348	1	1	3.15035090853863	1.52214925099674	3.15272278960965	4.78969301628031	3.26754376528357	3.23930633126365	2.00320020786829	3.23931588931363	4.45367270490222	2.45047249703393	1	4.39518560687215	0.244310424445504	3.54622920181201	12.7048932078576	12.4605827834121	0.2346	1	7.36116416534364	4.11110023611728	7.28504839410488	11.1103939348234	6.9992936987061	2e-04	NA	NA	NA	NA	NA	NA	1	1.21426165283449	1.47443136154435	0	1.30321707555951	1.69837474602988	1	0.821115341299801	0.674230403717888	0	3.78709389977129	14.3420802056849	1.00072504953575	4664.12018744524	0	1.00129486161208	11844.7125124793	0	0.4891562592367	0.23971620525	0.48868346	0.7401094485	0.470569699755	0.28836244075	0.469678265	0.6532875975
346	7	7	benefit_positive_truncnorm	benefit_positive_truncnorm	continuous	1	increasing	benefit	1	1	NA	2.09689949283251	4.46005969257693	700	252	420	700	700	252	477	0.64	0.318571428571429	6.99330242419369	24	24	0	2	1	10	4	1	5000	2500	1	0.95	12	10000	101345	0.8688	0.9952	0.93685324710367	-0.730228003232819	0.938607887439918	2.5913543300509	3.32158233328372	1.62217563800745	0.34853036970563	1.62133380309819	2.8813368168012	2.53280644709557	0.864737991266376	1.31571666370933	-0.511281908644197	0.314472158117002	8.56166790733278	9.07294981597698	0.084	0.9952	4.07550080232548	0.766447742945973	4.06130996006698	7.6006024777249	6.83415473477893	0	NA	NA	NA	NA	NA	NA	1	-1.16004624572884	1.34570729222957	1	-0.474723854825054	0.225362738339959	1	-3.1443430288676	9.88689308318826	1	-0.384558890251448	0.147885540071425	1.00154904568215	4418.10861139327	0	1.00193726521702	11718.7462050343	0	0.140626198746761	-0.1118264705	0.14134623	0.38778989725	0.233399099912545	0.0497142616	0.23283325	0.41601964
347	7	7	benefit_positive_truncnorm	benefit_positive_truncnorm	continuous	1	increasing	benefit	1	1	NA	2.61285904644769	5.81757158634659	700	252	420	700	700	252	454	0.64	0.351428571428571	7.45884699802566	24	24	0	2	1	10	4	1	5000	2500	1	0.95	12	10000	101346	0.976	0.9996	1.60239558329064	0.0184698451198425	1.58531867807799	3.27190640495634	3.2534365598365	2.29825123375285	1.06410963146179	2.29956947740237	3.52766342577401	2.46355379431222	0.974083295608873	2.28704612892661	-0.00389611712071969	0.715295761319578	10.4384668630096	10.4423629801303	0.1164	0.999599879963989	6.30057686319511	2.68044754116856	6.0710756504749	10.5705607232757	7.8901131821071	3e-04	NA	NA	NA	NA	NA	NA	1	-1.01046346315705	1.02103641037534	1	-0.314607812694835	0.0989780758086281	1	-3.53052545741998	12.4646100054906	1	0.483005276848515	0.233294097463511	1.00101472068404	4348.66732742804	0	1.00182556789578	12334.3056948513	0	0.244720684900584	0.002877827705	0.24252076	0.49796740275	0.33465626515198	0.154129358	0.33476576	0.5174343935
364	7	7	benefit_positive_truncnorm	benefit_positive_truncnorm	continuous	1	increasing	benefit	1	1	NA	1.35348405295667	2.11161649121556	700	252	420	700	700	252	490	0.64	0.3	6.20177157241862	24	24	0	2	1	10	4	1	5000	2500	1	0.95	12	10000	101363	0.7875	0.9988	0.686601660732404	-1.02459422741213	0.683252183609126	2.40560414280725	3.43019837021937	1.86758482611273	0.60554109887886	1.8660346872591	3.13416800194849	2.52862690306963	0.784240150093809	1.06750829673458	-2.08969124457412	0.239917968871757	8.15097810245586	10.24066934703	0.0406	0.9988	3.74003327527767	1.09034846808026	3.73180842926805	6.6410599742207	5.55071150614044	0	NA	NA	NA	NA	NA	NA	1	-0.666882392224264	0.444732125058758	1	0.514100773156063	0.264299604959662	1	-1.04410819448097	1.09016192178232	1	1.62841678406211	2.6517412226152	1.00183111119688	4181.41729017841	0	1.00136226118832	10514.8847225639	0	0.0999323389037384	-0.15296868475	0.100422825	0.3447031095	0.260064066708245	0.0843121917	0.259433055	0.43620358325
336	7	7	benefit_positive_truncnorm	benefit_positive_truncnorm	continuous	1	increasing	benefit	1	1	NA	2.13804601956775	4.60010005391389	700	252	420	700	700	252	470	0.64	0.328571428571429	7.34595145154998	24	24	0	2	1	10	4	1	5000	2500	1	0.95	12	10000	101335	0.7778	1	0.656129523760881	-0.983429894803573	0.656877912547984	2.29971190514135	3.28314179994493	3.07179131212533	1.80668748848037	3.07720566432802	4.34077301058327	2.5340855221029	0.772188711762172	0.937918025906868	-1.88152158083143	0.218050253445	7.52525916811459	9.40678074894602	0.0716	1	6.15421802936837	3.22513019119144	6.06511036019517	9.62461213631723	6.39948194512579	2e-04	NA	NA	NA	NA	NA	NA	1	-1.48191649580687	2.19607650054452	1	0.93374529255758	0.87188027137344	1	-3.66218202800702	13.4115772062576	1	1.55411797545448	2.41528268163074	1.00122996195286	4287.63631282556	0	1.00152149637385	11967.9099671534	0	0.0977551836224102	-0.15058053575	0.098767769	0.340821109	0.4360022117151	0.2542380895	0.43630281	0.61964005925
356	7	7	benefit_positive_truncnorm	benefit_positive_truncnorm	continuous	1	increasing	benefit	1	1	NA	1.67412975353362	3.03404710403704	700	252	420	700	700	252	493	0.64	0.295714285714286	6.62223190993606	24	24	0	2	1	10	4	1	5000	2500	1	0.95	12	10000	101355	0.8529	1	0.880173365848658	-0.72016842246239	0.867294373647915	2.53317301503668	3.25334143749907	2.55948610952546	1.33215091806647	2.56325970331805	3.76757249936977	2.4354215813033	0.847562935190145	1.30578655592708	-0.628482020428884	0.310544319440718	8.60144994518534	9.22993196561422	0.0665	1	5.40925710477076	2.5230535446508	5.45242378506626	8.19615698097677	5.67310343632596	0	NA	NA	NA	NA	NA	NA	1	-0.793956387684964	0.630366745545757	1	0.885356355991835	0.783855877095141	1	-1.72826054810995	2.98688452215331	1	2.37521000073372	5.64162254758549	1.00124255742406	4111.7058465358	0	1.00173889164352	12399.0149922939	0	0.131979070644028	-0.1112067505	0.13129147	0.37607585025	0.3612295003157	0.1863527265	0.36199688	0.533012071
351	7	7	benefit_positive_truncnorm	benefit_positive_truncnorm	continuous	1	increasing	benefit	1	1	NA	1.69247939127816	3.23719248360144	700	252	420	700	700	252	472	0.64	0.325714285714286	6.36386951410808	24	24	0	2	1	10	4	1	5000	2500	1	0.95	12	10000	101350	0.1048	0.9847	-1.04926158995994	-2.74033299548873	-1.03954932512142	0.625096224179256	3.36542921966798	1.48803140342591	0.162038542345311	1.4913087043973	2.78777092598812	2.62573238364281	0.105367793240557	-1.42361056542607	-8.5493438287941	-0.360258996554629	0.360980860674654	8.91032468946875	0.0443	0.9847	2.60221719958238	0.265788998248719	2.55242946818682	5.20983773793405	4.94404873968533	0	NA	NA	NA	NA	NA	NA	0	-2.7417409812381	7.51714360820045	1	-0.204447987852247	0.0417989797368325	0	-4.66080304902751	21.7230850618242	1	-0.634975284019056	0.40319361131508	1.00171688217453	4038.71405229188	0	1.00180068310641	10898.9626430006	0	-0.157899860538942	-0.41311748575	-0.15699175	0.0919113548	0.206341260679012	0.022623862075	0.206477325	0.389699129
358	7	7	benefit_positive_truncnorm	benefit_positive_truncnorm	continuous	1	increasing	benefit	1	1	NA	2.25500027845283	4.29415592003078	700	252	420	700	700	252	474	0.64	0.322857142857143	8.07941016531342	24	24	0	2	1	10	4	1	5000	2500	1	0.95	12	10000	101357	1	1	3.34067664972467	1.67613055410326	3.33733880600653	5.02349189306209	3.34736133895883	2.91306977020346	1.66409308729113	2.92959490736807	4.12364981442189	2.45955672713076	1	6.20364248595757	0.443851735291072	5.72962283986883	14.267187816787	13.8233360814959	0.1828	1	5.25677248312357	2.5889404159441	5.14776948133785	8.51949037252703	5.93054995658292	3e-04	NA	NA	NA	NA	NA	NA	1	1.08567637127184	1.17869318313798	1	0.658069491750628	0.43305545597293	1	1.90948656592679	3.6461389454549	1	0.962616563092787	0.92663064754057	1.00138756310329	4550.53000477961	0	1.00099269220136	12266.7149553189	0	0.509569619773119	0.2599795425	0.50830605	0.7674222725	0.4227082459192	0.2391364025	0.424017185	0.60328733525
352	7	7	benefit_positive_truncnorm	benefit_positive_truncnorm	continuous	1	increasing	benefit	1	1	NA	1.59259587225503	3.06446261840357	700	252	420	700	700	252	483	0.64	0.31	5.45623133006408	24	24	0	2	1	10	4	1	5000	2500	1	0.95	12	10000	101351	0.9916	1	2.05159194235264	0.360599399988706	2.04742822313477	3.77040891221648	3.40980951222777	2.74891057960268	1.46115219186276	2.75783061241253	4.01094900872583	2.54979681686307	0.991044124071647	3.21634063120026	0.0833353715833732	1.82715360948162	12.117986679044	12.0346513074606	0.0844	1	5.99848006214718	3.14400879437958	5.92324096367582	9.32982157941986	6.18581278504028	0	NA	NA	NA	NA	NA	NA	1	0.45899607009761	0.21067739236505	1	1.15631470734765	1.33706370242848	1	0.151878012796689	0.0230669307710711	0	2.9340174437436	8.60845836019174	1.00193427867528	3733.56234951991	0	1.00163070351713	11752.2462260059	0	0.304481344449802	0.0541636776	0.30529768	0.55323110325	0.384703978935356	0.2027455045	0.38507321	0.566033548
357	7	7	benefit_positive_truncnorm	benefit_positive_truncnorm	continuous	1	increasing	benefit	1	1	NA	1.88939320799696	3.52900198334231	700	252	420	700	700	252	471	0.64	0.327142857142857	6.5706911630254	24	24	0	2	1	10	4	1	5000	2500	1	0.95	12	10000	101356	0.9855	1	1.81592983049289	0.183723745428928	1.79909204774692	3.50905592917023	3.32533218374131	2.17862927852731	0.912124600648263	2.17690402311697	3.47704854298078	2.56492394233252	0.984401114206128	2.62925472394113	0.0360043717149777	1.01334498632839	11.1466908438216	11.1106864721066	0.1025	1	4.96075661526166	2.02207089026749	4.88558811882281	8.39247483973062	6.37040394946313	0	NA	NA	NA	NA	NA	NA	1	-0.0734633775040734	0.005396867834306	1	0.289236070530344	0.0836575044958342	1	-0.899747259401172	0.80954513079992	1	1.43175463191935	2.04992132602252	1.00145784587856	4450.76537071093	0	1.00210459845227	10959.4247873587	0	0.272363833494977	0.02873547605	0.270585035	0.5212648635	0.306444713344	0.12806584575	0.30578873	0.492347233
353	7	7	benefit_positive_truncnorm	benefit_positive_truncnorm	continuous	1	increasing	benefit	1	1	NA	2.16992372211076	4.49710933816236	700	252	420	700	700	252	456	0.64	0.348571428571429	7.95391547749556	24	24	0	2	1	10	4	1	5000	2500	1	0.95	12	10000	101352	0.997	1	2.30292404906964	0.710436046189905	2.29322968325537	3.92544291937239	3.21500687318248	2.85378756527541	1.63632612463353	2.86144691284997	4.08170703633099	2.44538091169745	0.996475021271423	3.16081829986141	0.130735484223839	1.85983502138599	11.3208489781603	11.1901134939365	0.1773	1	6.84765874887605	3.38852659420289	6.7565764257197	11.3335902780678	7.94506368386492	0.0038	NA	NA	NA	NA	NA	NA	1	0.133000326958883	0.0176890869711698	1	0.68386384316465	0.467669755987925	1	-1.33629103830096	1.78567373904345	1	2.35054941071369	5.52508253220648	1.00114229361797	4486.18066059581	0	1.00109932244212	10037.1768013962	0	0.364108154004555	0.1134981905	0.36360308	0.61820341975	0.4257378693153	0.24142457775	0.425617605	0.6121013745
325	7	7	benefit_positive_truncnorm	benefit_positive_truncnorm	continuous	1	increasing	benefit	1	1	NA	1.68439457561559	2.95601843396281	700	252	420	700	700	252	486	0.64	0.305714285714286	6.88181995811021	24	24	0	2	1	10	4	1	5000	2500	1	0.95	12	10000	101324	0.9755	0.9974	1.66423667871717	0.00559119512289321	1.66686738647946	3.31924957567643	3.31365838055353	1.7451871758514	0.491322288286229	1.74919871733281	2.95004466675188	2.45872237846565	0.973397687731507	2.35273103903623	-0.00577803166122876	0.802796136292219	10.2613120096781	10.2670900413393	0.1091	0.9974	3.16412650689219	0.708740588898777	3.10299965924676	5.90235376909169	5.19361318019291	0	NA	NA	NA	NA	NA	NA	1	-0.0201578968984171	0.000406340807367213	1	0.0607926002358115	0.00369574024343118	1	-0.603287394926581	0.363955680877301	1	0.208108072929377	0.0433089700183791	1.00101653685888	4111.99506532261	0	1.00172635541639	12621.0828455902	0	0.255538179707779	0.000923569426000001	0.256891185	0.50665312575	0.253215905421767	0.070808124125	0.253549255	0.43009685075
348	7	7	benefit_positive_truncnorm	benefit_positive_truncnorm	continuous	1	increasing	benefit	1	1	NA	2.03180932294131	3.8729676545069	700	252	420	700	700	252	504	0.64	0.28	7.06113066556313	24	24	0	2	1	10	4	1	5000	2500	1	0.95	12	10000	101347	0.9758	0.9955	1.62186326263394	0.0159144792110392	1.61122758463386	3.29389199833316	3.27797751912212	1.63986859576463	0.409651449280014	1.64420389424556	2.85146792135874	2.44181647207873	0.974547390841321	3.04800878773746	-0.000827100702231636	1.65305179010712	12.2328994414278	12.23372654213	0.061	0.9955	2.97042531772298	0.666949073015026	2.93633179838732	5.48870772668598	4.82175865367095	0	NA	NA	NA	NA	NA	NA	1	-0.409946060307367	0.168055772361532	1	-0.391940727176677	0.153617533619783	1	-0.824958866769444	0.680557131861526	1	-0.902542336783926	0.814582669687389	1.00165067405121	4384.99536844528	0	1.00207091467525	10319.2260581307	0	0.245102054057635	0.0023704586925	0.24399421	0.4935691185	0.235369036328405	0.058346313925	0.23534951	0.41046261125
355	7	7	benefit_positive_truncnorm	benefit_positive_truncnorm	continuous	1	increasing	benefit	1	1	NA	1.45231220953541	2.80932620919	700	252	420	700	700	252	508	0.64	0.274285714285714	5.84931691156719	24	24	0	2	1	10	4	1	5000	2500	1	0.95	12	10000	101354	0.9976	1	2.33813516403162	0.67422737209365	2.31710110782755	4.09515196432723	3.42092459223358	2.64890697878112	1.40650425104516	2.65242348627431	3.87135629393604	2.46485204289088	0.99728045325779	3.44604830217521	0.129963191025524	2.03324881142018	12.6268918327583	12.4969286417328	0.1175	1	4.62736873335889	2.23080222788421	4.54299660143439	7.48264820757255	5.25184597968834	0	NA	NA	NA	NA	NA	NA	1	0.88582295449621	0.784682306712395	1	1.19659476924571	1.4318390417862	1	0.636722092985215	0.405415023695473	1	1.81804252416889	3.30527861968639	1.00149998647136	3998.05106714541	0	1.00109746855612	11366.0887082042	0	0.345299132152772	0.1043162085	0.34249993	0.60099795475	0.3700116107778	0.19452686375	0.37027626	0.54428936175
363	7	7	benefit_positive_truncnorm	benefit_positive_truncnorm	continuous	1	increasing	benefit	1	1	NA	2.06383020955399	3.94141369324154	700	252	420	700	700	252	476	0.64	0.32	7.54832648680161	24	24	0	2	1	10	4	1	5000	2500	1	0.95	12	10000	101362	0.9636	1	1.48892631197712	-0.143059083756683	1.48277444891162	3.1141387317402	3.25719781549689	3.08219628999691	1.85457519261582	3.07666771644693	4.30406523626043	2.44949004364461	0.960180995475113	2.07747994604173	-0.0605832022399775	0.631686334695537	9.96778120057329	10.0283644028133	0.116	1	7.11764872830939	3.97651733693278	7.08994969507214	10.4704493652544	6.49393202832163	0	NA	NA	NA	NA	NA	NA	1	-0.574903897576866	0.330514491449072	1	1.01836608044292	1.03706947379667	1	-1.8639337471998	3.4742490139503	0	3.17623503506786	10.0884689979925	1.00075849027932	4861.14821020812	0	1.00128522382257	11436.265922419	0	0.225778520010401	-0.021553579175	0.22539367	0.46950706375	0.443536044014	0.26492401975	0.442062915	0.62378387175
354	7	7	benefit_positive_truncnorm	benefit_positive_truncnorm	continuous	1	increasing	benefit	1	1	NA	2.50375874010719	5.69804194022774	700	252	420	700	700	252	478	0.64	0.317142857142857	6.70952225721248	24	24	0	2	1	10	4	1	5000	2500	1	0.95	12	10000	101353	0.9899	0.9997	2.00775973353708	0.31888849071774	2.01309975740748	3.69982647945482	3.38093798873708	2.38933869599401	1.15031746250272	2.3828926066276	3.63754942601698	2.48723196351426	0.989061795218764	2.93917651872795	0.0662184152359421	1.52108977314726	11.6038884907898	11.5376700755539	0.1132	0.9997	5.05923761482654	2.35629352707876	5.07498669478551	8.15262312408466	5.7963295970059	0	NA	NA	NA	NA	NA	NA	1	-0.495999006570114	0.24601501451854	1	-0.114420044113177	0.0130919464948613	1	-2.75886542149979	7.61133841394719	1	-0.638804325401193	0.408070966151273	1.00160416267355	4159.315467597	0	1.00223397361634	11799.339947995	0	0.302873765549618	0.049206794825	0.303778015	0.55134950125	0.33845732000427	0.163470405	0.3368753	0.516514818
367	7	7	benefit_positive_truncnorm	benefit_positive_truncnorm	continuous	1	increasing	benefit	1	1	NA	1.93766853707867	3.58518393687932	700	252	420	700	700	252	471	0.64	0.327142857142857	7.5685132853971	24	24	0	2	1	10	4	1	5000	2500	1	0.95	12	10000	101366	0.963	1	1.45440109263274	-0.132187129220568	1.44913329882928	3.08365633848853	3.2158434677091	2.55306939513012	1.32424399477749	2.54603207928364	3.79863255671907	2.47438856194158	0.960652051714446	2.05316670508227	-0.047933680095349	0.598506317548733	9.74332620736028	9.79125988745563	0.1105	1	5.76756994110762	2.50857178585739	5.65945719497722	9.34220890277925	6.83363711692185	0	NA	NA	NA	NA	NA	NA	1	-0.483267444445936	0.233547422861306	1	0.61540085805145	0.37871821609046	1	-1.53201723179705	2.3470767985231	1	2.1823860042283	4.76280867145158	1.00097677661622	4479.41166313328	0	1.00112956345729	11252.340405285	0	0.22351430294969	-0.02027388225	0.223262275	0.4725739315	0.3696804826124	0.191355813	0.367780205	0.555093087
375	7	7	benefit_positive_truncnorm	benefit_positive_truncnorm	continuous	1	increasing	benefit	1	1	NA	1.95814886998732	4.12025744943973	700	252	420	700	700	252	470	0.64	0.328571428571429	7.17271055072863	24	24	0	2	1	10	4	1	5000	2500	1	0.95	12	10000	101374	0.4027	0.9909	-0.194601545567309	-1.81664445049927	-0.210507991112158	1.44844005581461	3.26508450631388	1.54566360414854	0.293321844257665	1.54370564674536	2.83276251123437	2.5394406669767	0.402105263157895	-0.250208245830574	-5.63656671912489	-0.0618304830746084	4.3686052859523	10.0051720050772	0.05	0.9909	3.22619115855217	0.553888443791925	3.11876179251838	6.44395546889014	5.89006702509822	0	NA	NA	NA	NA	NA	NA	0	-2.15275041555462	4.63433435167061	1	-0.41248526583878	0.170144094534089	1	-4.3704656952703	19.1009703935345	1	-0.894066290887558	0.799354532501435	1.0006897396905	4675.90620196586	0	1.00113228202203	11946.3968216607	0	-0.03046143749277	-0.27768411225	-0.0319422	0.2181484015	0.221028249460043	0.04180548315	0.22043863	0.40658316225
398	7	7	benefit_positive_truncnorm	benefit_positive_truncnorm	continuous	1	increasing	benefit	1	1	NA	1.77850053921687	3.16367289865	700	252	420	700	700	252	482	0.64	0.311428571428571	6.70939404934329	24	24	0	2	1	10	4	1	5000	2500	1	0.95	12	10000	101397	0.9978	1	2.40497643884471	0.774470888520396	2.40014175168485	4.05561989242219	3.2811490039018	2.65084136349107	1.38432215378003	2.65242621152686	3.90357317849261	2.51925102471258	0.997544434050515	3.50805289859815	0.144582841267383	2.2167337656876	12.4211475773824	12.2765647361151	0.1448	1	5.22368121513696	2.26337409973096	5.12190960463511	8.72711689363779	6.46374279390683	0	NA	NA	NA	NA	NA	NA	1	0.626475899627843	0.392472052814516	1	0.872340824274195	0.760978513695381	1	0.344379999948154	0.118597584364291	1	2.06000831648696	4.24363426399545	1.00132904294235	4239.14131943693	0	1.00150745196588	11356.6176860469	0	0.364196426027734	0.12102879175	0.36318128	0.60974523525	0.3735974522917	0.1931576025	0.37338177	0.555467474
362	7	7	benefit_positive_truncnorm	benefit_positive_truncnorm	continuous	1	increasing	benefit	1	1	NA	1.8188667067658	3.76695218975755	700	252	420	700	700	252	485	0.64	0.307142857142857	7.57578185268251	24	24	0	2	1	10	4	1	5000	2500	1	0.95	12	10000	101361	0.9991	1	2.6772093391558	1.04484571591736	2.68032352364315	4.36095240925818	3.31610669334082	2.88936928980365	1.66298016669188	2.89305118921551	4.08738754005162	2.42440737335974	0.998911202516332	3.92228374796533	0.191910782364073	2.8967647940122	12.5560151594673	12.3641043771032	0.1734	1	5.20619264679902	2.8683499724547	5.16832789469987	7.8543839757268	4.9860340032721	0	NA	NA	NA	NA	NA	NA	1	0.858342632389997	0.736752074578189	1	1.07050258303785	1.14597578029071	1	0.155331558207786	0.0241278929752588	1	1.43924045704147	2.07141309318495	1.00133193212191	4829.3843160626	0	1.00153440221975	9308.21858935474	0	0.406380096202521	0.15862096375	0.407496045	0.65896562775	0.4172051343899	0.23851738075	0.416686175	0.5960805815
378	7	7	benefit_positive_truncnorm	benefit_positive_truncnorm	continuous	1	increasing	benefit	1	1	NA	1.90112068106565	3.68471397926937	700	252	420	700	700	252	465	0.64	0.335714285714286	7.16648331820955	24	24	0	2	1	10	4	1	5000	2500	1	0.95	12	10000	101377	0.6148	1	0.22832773243982	-1.35431748948482	0.237200021371016	1.84181000416274	3.19612749364756	2.79919602723744	1.56927088227583	2.78989131631397	4.02986756445055	2.46059668217472	0.610174847271961	0.368917074495829	-3.89813812061751	0.0708808835945067	6.26971733371622	10.1678554543337	0.0506	1	7.80473491043064	3.95814685972428	7.91287750185923	11.0953785562896	7.13723169656536	9e-04	NA	NA	NA	NA	NA	NA	0	-1.67279294862583	2.7982362489723	1	0.898075346171789	0.806539327401578	1	-3.31579690477354	10.9945091137058	0	4.12002093116127	16.974572473207	1.00132768546647	3921.21865899078	0	1.00145948965737	11339.0694371365	0	0.0346640832890457	-0.21147884225	0.036571043	0.280880943	0.4109395731561	0.22709297675	0.409119235	0.5970920255
361	7	7	benefit_positive_truncnorm	benefit_positive_truncnorm	continuous	1	increasing	benefit	1	1	NA	2.36584642510191	5.16695670765041	700	252	420	700	700	252	462	0.64	0.34	6.64483903776687	24	24	0	2	1	10	4	1	5000	2500	1	0.95	12	10000	101360	1	1	3.57062287886048	1.82254069240181	3.57010288021716	5.30285064644837	3.48030995404656	3.50410458597745	2.21913490642408	3.50655131412003	4.75188656510247	2.53275165867839	1	5.33300867395668	0.323386975389909	4.61248667963608	14.1285475175049	13.805160542115	0.2276	1	9.38771920012629	4.51912883051201	9.61820424932314	13.5490039392977	9.0298751087857	0.0065	NA	NA	NA	NA	NA	NA	1	1.20477645375857	1.45148630353106	1	1.13825816087553	1.29563164079975	1	0.166051966306269	0.0275732555141784	1	4.22076249247588	17.8148360178912	1.00100931554959	4122.69435046552	0	1.00166278845806	11434.1692606577	0	0.5398939128407	0.28000136525	0.53931771	0.79851024525	0.503642134758	0.315378433	0.50325203	0.68963679575
399	7	7	benefit_positive_truncnorm	benefit_positive_truncnorm	continuous	1	increasing	benefit	1	1	NA	1.8521963663054	3.41537440794249	700	252	420	700	700	252	468	0.64	0.331428571428571	7.36143905535874	24	24	0	2	1	10	4	1	5000	2500	1	0.95	12	10000	101398	0.7247	0.9964	0.494746321965459	-1.12325716630055	0.477431820710912	2.14374406032008	3.26700122662062	1.68465414072392	0.441550665885107	1.68765270670324	2.94306410066599	2.50151343478089	0.718373493975904	0.700570240924097	-2.42449581317389	0.148374892174059	6.80765658017241	9.23215239334629	0.0704	0.996399639963996	3.80804390110583	0.948738051294366	3.7486408095738	6.92857855041683	5.97984049912246	1e-04	NA	NA	NA	NA	NA	NA	1	-1.35745004433994	1.84267062287851	1	-0.167542225581479	0.0280703973527952	1	-2.71480416701839	7.3701616652604	1	0.392669493163344	0.154189330861157	1.00142620862695	4411.79467624561	0	1.00217834650527	11232.1979411864	0	0.0759064683429363	-0.17644144475	0.074396038	0.328020742	0.244353275415494	0.063419449125	0.244534605	0.42676798375
376	7	7	benefit_positive_truncnorm	benefit_positive_truncnorm	continuous	1	increasing	benefit	1	1	NA	2.0193260388208	3.61507140933861	700	252	420	700	700	252	478	0.64	0.317142857142857	6.62617383122789	24	24	0	2	1	10	4	1	5000	2500	1	0.95	12	10000	101375	0.9332	1	1.26462966363307	-0.38178688256594	1.25828478553269	2.95146816653917	3.33325504910511	2.70770489373899	1.4080794354119	2.70070176828697	3.95638051111567	2.54830107570377	0.930273033830088	1.88235964148641	-0.159297554306459	0.500868499933507	9.59517796044915	9.75447551475561	0.0807	1	5.82188337413735	2.39574001150598	5.68275547676232	9.95712326422709	7.56138325272111	0	NA	NA	NA	NA	NA	NA	1	-0.754696375187731	0.569566618721501	1	0.688378854918184	0.47386544789847	1	-1.73271176785221	3.00229007045352	1	2.20681196479874	4.87001904797888	1.00134526568441	4654.84696858822	0	1.00116994968288	10746.9681175467	0	0.190216729803635	-0.058607280825	0.189551525	0.44307336975	0.3836269912095	0.1989621735	0.38211222	0.56362614425
371	7	7	benefit_positive_truncnorm	benefit_positive_truncnorm	continuous	1	increasing	benefit	1	1	NA	2.05624417999696	4.06043270930435	700	252	420	700	700	252	495	0.64	0.292857142857143	6.06340043384569	24	24	0	2	1	10	4	1	5000	2500	1	0.95	12	10000	101370	0.9527	0.9995	1.42360858584645	-0.266592480671699	1.4183527171728	3.1540266749106	3.4206191555823	2.10049163095017	0.826409620348423	2.10705032603157	3.37407583407575	2.54766621372733	0.95076760190577	2.55138352418351	-0.116235155298278	0.929389323074048	11.3879386965057	11.504173851804	0.0555	0.9995	3.88920130344686	1.48720609658028	3.7920248019109	6.64233737624148	5.15513127966121	0	NA	NA	NA	NA	NA	NA	1	-0.632635594150511	0.40022779498617	1	0.044247450953212	0.0019578369158569	1	-1.50904918512084	2.27722944311387	1	-0.171231405857498	0.0293201943519352	1.00088038501515	4146.83044287523	0	1.0011447392566	11544.8952333081	0	0.2095945910588	-0.03963884775	0.209416145	0.46012911275	0.29091778062374	0.11319353675	0.291752255	0.47043288025
397	7	7	benefit_positive_truncnorm	benefit_positive_truncnorm	continuous	1	increasing	benefit	1	1	NA	1.29949941645143	2.16200972129554	700	252	420	700	700	252	504	0.64	0.28	6.5785817991035	24	24	0	2	1	10	4	1	5000	2500	1	0.95	12	10000	101396	0.9301	0.9905	1.24409668901653	-0.382192625065594	1.23893562807229	2.95682287056949	3.33901549563508	1.47574602307658	0.2451352188012	1.47374324283004	2.7134167866601	2.4682815678589	0.927266832378688	1.81035627608413	-0.185613643996168	0.482614107514598	9.58050713059377	9.76612077458993	0.0747	0.9905	2.80017678558285	0.451455576593977	2.83514839316156	4.98191583993384	4.53046026333986	0	NA	NA	NA	NA	NA	NA	1	-0.0554027274349054	0.00306946220722642	1	0.176246606625144	0.0310628663468783	1	-0.351653445211414	0.123660145529057	1	0.638167064287309	0.407257201941082	1.00122298157179	4260.20037350378	0	1.00135375108969	11363.8845929803	0	0.18737196328414	-0.059778005675	0.18628139	0.4414214955	0.206009515770528	0.033895656975	0.205872835	0.38092826
350	7	7	benefit_positive_truncnorm	benefit_positive_truncnorm	continuous	1	increasing	benefit	1	1	NA	1.92628040858474	3.44997800811079	700	252	420	700	700	252	477	0.64	0.318571428571429	6.51914252192981	24	24	0	2	1	10	4	1	5000	2500	1	0.95	12	10000	101349	0.9679	0.9999	1.52200728847794	-0.0854368183473264	1.50378586607863	3.20298477770093	3.28842159604826	2.37298044063822	1.12330560140923	2.36947202660422	3.62573662540432	2.50243102399509	0.966263455776273	2.20519684926203	-0.0336763369413098	0.651578263684348	10.3224813848359	10.3561577217772	0.0989	0.9999	5.04522040244782	2.18318288405487	4.92310617165411	8.52857946977394	6.34539658571907	0	NA	NA	NA	NA	NA	NA	1	-0.404273120106795	0.163436755640883	1	0.446700032053486	0.199540918636585	1	-1.24478115884876	1.54948013342487	1	1.59524239433702	2.54479829669012	1.00150613564564	4656.78977515389	0	1.00149852631617	12411.2198635378	0	0.233105176108898	-0.01344042405	0.232627745	0.48701785	0.3398410742834	0.1595141185	0.338777115	0.523745572
396	7	7	benefit_positive_truncnorm	benefit_positive_truncnorm	continuous	1	increasing	benefit	1	1	NA	1.92926045290766	3.9255224864557	700	252	420	700	700	252	496	0.64	0.291428571428571	6.32418268557543	24	24	0	2	1	10	4	1	5000	2500	1	0.95	12	10000	101395	0.6162	0.9795	0.257981831805196	-1.37791878488658	0.254673100162085	1.89349253060867	3.27141131549525	1.31016027934801	0.0582156950793698	1.31052406578472	2.57084038907628	2.51262469399691	0.611361492506027	0.408215230956753	-4.0449153474997	0.0740212903854101	6.64397840958111	10.6888937570808	0.0459	0.9795	2.76953720613851	0.104678583278589	2.74116646077106	5.73534552923383	5.63066694595524	0	NA	NA	NA	NA	NA	NA	0	-1.67127862110246	2.79317222935414	1	-0.619100173559642	0.383285024901578	1	-3.51730725549894	12.3714503295855	1	-1.15598528031718	1.33630196831	1.00123925183587	4307.37149969731	0	1.00161023313968	11070.9628085272	0	0.0379510318470704	-0.204029995	0.038625397	0.28101334025	0.182877121692624	0.00821950392750001	0.182731865	0.360131546
365	7	7	benefit_positive_truncnorm	benefit_positive_truncnorm	continuous	1	increasing	benefit	1	1	NA	2.53969303096646	5.49490281857718	700	252	420	700	700	252	491	0.64	0.298571428571429	6.15386661594783	24	24	0	2	1	10	4	1	5000	2500	1	0.95	12	10000	101364	0.9982	1	2.42687825842216	0.76922677881934	2.41374131538736	4.15087295275474	3.3816461739354	3.45160946419544	2.20045526543818	3.45155749665784	4.67917356494213	2.47871829950395	0.998076705509673	3.87009364577752	0.148055223462657	2.59594346979658	13.1919562478808	13.0439010244181	0.1161	1	7.07584065934794	4.30081766508502	7.02968290599341	10.0267848566668	5.72596719158174	0	NA	NA	NA	NA	NA	NA	1	-0.112814772544299	0.012727172904222	1	0.911916433228978	0.831591581193061	1	-1.62480917279966	2.64000484801391	1	1.58093784077076	2.49936445638091	1.00205950722557	3852.95169455416	0	1.00201090083345	11494.4702275943	0	0.360834822863501	0.1167203265	0.35995988	0.61114798925	0.4853670012	0.3065384705	0.48478348	0.66458172025
425	7	7	benefit_positive_truncnorm	benefit_positive_truncnorm	continuous	1	increasing	benefit	1	1	NA	2.53500502190497	5.09519775414137	700	252	420	700	700	252	461	0.64	0.341428571428571	7.50092208878041	24	24	0	2	1	10	4	1	5000	2500	1	0.95	12	10000	101424	0.9991	1	2.55469891542392	0.885917492132762	2.5522003320011	4.23686237775383	3.35094488562107	3.39936672664151	2.1298406368965	3.40895167337283	4.62816841845741	2.4983277815609	0.999157032755299	3.6740911683015	0.163976863694733	2.6161011383389	11.9388179344511	11.7748410707564	0.1696	1	8.83180651560515	4.94639587615876	8.76781713700017	13.1997772979631	8.25338142180433	0.0035	NA	NA	NA	NA	NA	NA	1	0.0196938935189501	0.000387849441935746	1	0.86436170473654	0.747121156615058	1	-1.42110658583988	2.01954392831747	1	3.73660876146378	13.9622450362479	1.00319321720075	4883.42120907739	0	1.0014268837	13063.4222995462	0	0.38519895966462	0.135326072	0.3837173	0.6366320595	0.491653102823	0.3043836815	0.491889225	0.6755314475
377	7	7	benefit_positive_truncnorm	benefit_positive_truncnorm	continuous	1	increasing	benefit	1	1	NA	2.10233065326812	4.44417311880686	700	252	420	700	700	252	481	0.64	0.312857142857143	6.679798994568	24	24	0	2	1	10	4	1	5000	2500	1	0.95	12	10000	101376	0.9877	1	1.91733067519594	0.246334135755054	1.91397942885057	3.61070579722748	3.36437166147242	2.39676265412339	1.12729169803038	2.40045653989808	3.65002241897359	2.52273072094321	0.986165785625914	2.734816723965	0.0498123627649913	1.21079644111771	11.3446269432678	11.2948145805028	0.1109	1	5.63413018024079	2.65378776706451	5.63590732108479	8.74568511448092	6.0918973474164	0	NA	NA	NA	NA	NA	NA	1	-0.184999978072176	0.0342249918867056	1	0.294432000855279	0.0866902031276433	1	-1.70935639484186	2.92189928458677	1	1.18995706143393	1.41599780805648	1.00127321003902	4420.51460387012	0	1.0023054018637	10797.0260963365	0	0.289084818517952	0.0377468494	0.28908334	0.54051529825	0.3465454977123	0.16225364725	0.346878245	0.5289944165
359	7	7	benefit_positive_truncnorm	benefit_positive_truncnorm	continuous	1	increasing	benefit	1	1	NA	1.92769827305556	3.10369727820434	700	252	420	700	700	252	468	0.64	0.331428571428571	7.97753802384556	24	24	0	2	1	10	4	1	5000	2500	1	0.95	12	10000	101358	0.9968	1	2.23648537114809	0.620691970842016	2.23644107350156	3.86904933125556	3.24835736041354	2.37779612319217	1.15738019809939	2.3804867799065	3.59166129086665	2.43428109276726	0.996332966629996	3.11546132257619	0.117851399364421	1.84668027776551	11.2362495764742	11.1183981771098	0.1819	1	5.18571545174686	2.13409891124385	5.06392881607357	9.00803126058827	6.87393234934442	2e-04	NA	NA	NA	NA	NA	NA	1	0.308787098092531	0.0953494719484064	1	0.450097850136612	0.2025880746976	1	0.0117640443718532	0.000138392739982931	1	2.08201817354253	4.33479967496136	1.0010909732528	4624.97847356607	0	1.00107114930956	12812.0512692079	0	0.349444440501426	0.097887876375	0.349515785	0.60259424875	0.35163448805134	0.169649772	0.35138991	0.534370635
360	7	7	benefit_positive_truncnorm	benefit_positive_truncnorm	continuous	1	increasing	benefit	1	1	NA	2.21132186793939	4.3405946490083	700	252	420	700	700	252	473	0.64	0.324285714285714	7.6401577715652	24	24	0	2	1	10	4	1	5000	2500	1	0.95	12	10000	101359	0.9834	0.9996	1.78968296705306	0.137402825286191	1.77638002975217	3.48949948346055	3.35209665817436	2.14795294278433	0.885926992192387	2.14652112542878	3.41475269472661	2.52882570253422	0.982361079086926	2.49777504003412	0.0279597124831255	0.943829118262197	10.4417593287841	10.413799616301	0.1326	0.9996	4.63556504573027	1.84420099244532	4.55771983215562	8.11417353022822	6.2699725377829	0	NA	NA	NA	NA	NA	NA	1	-0.421638900886333	0.177779362740635	1	-0.0633689251550602	0.00401562067530762	1	-1.84281960897418	3.39598411121974	1	0.294970396721977	0.0870075349423206	1.00243274228355	4364.66379922449	0	1.00159004727186	10571.2961565224	0	0.272444186549732	0.021071538075	0.27107108	0.527543429	0.30584537032156	0.12575374825	0.304932395	0.4888208585
370	7	7	benefit_positive_truncnorm	benefit_positive_truncnorm	continuous	1	increasing	benefit	1	1	NA	2.52928068498241	5.1841212312423	700	252	420	700	700	252	491	0.64	0.298571428571429	6.86112269176447	24	24	0	2	1	10	4	1	5000	2500	1	0.95	12	10000	101369	0.9996	1	2.9586307050076	1.31884605112992	2.95594694761938	4.62697342948183	3.30812737835191	3.27961314330087	2.05513703561865	3.27779622584181	4.52197719653864	2.46684016092	0.999509322865554	4.28447677687505	0.219534488372289	3.31676330906354	13.1021137229273	12.882579234555	0.1848	1	7.09103999537138	4.20183580052974	7.02477654001209	10.3757778016946	6.17394200116485	0	NA	NA	NA	NA	NA	NA	1	0.429350020025192	0.184341439695633	1	0.750332458318458	0.56299879800622	1	-0.899644454367253	0.809360144273752	1	1.90691876412908	3.63633917298758	1.00127728949099	4535.53674928714	0	1.00129749034347	11734.510542538	0	0.44440321670303	0.19944262075	0.44553996	0.688678976	0.4680174592197	0.29134347775	0.467172225	0.648001749
380	7	7	benefit_positive_truncnorm	benefit_positive_truncnorm	continuous	1	increasing	benefit	1	1	NA	1.88284166648312	3.90509003786048	700	252	420	700	700	252	470	0.64	0.328571428571429	6.6543085460048	24	24	0	2	1	10	4	1	5000	2500	1	0.95	12	10000	101379	0.9502	0.9977	1.38121996547364	-0.241776781826511	1.37620917688779	3.08458917398362	3.32636595581013	1.75374295704334	0.542349361192939	1.75494430982991	2.97060328360505	2.42825392241211	0.947154471544715	2.0505884214258	-0.102122642324133	0.581907593263121	10.0979089294574	10.2000315717815	0.0898	0.9977	4.22494490095897	1.08624602216602	4.17094106406352	7.45795776003201	6.37171173786599	0	NA	NA	NA	NA	NA	NA	1	-0.501621701009482	0.251624330923646	1	-0.129098709439783	0.0166664767790175	1	-1.85450161643467	3.43917624535881	1	0.319854863098488	0.102307133447753	1.00124419535544	3760.1182980444	0	1.0011799468111	10376.0567239045	0	0.210347005488048	-0.0375432223	0.21100232	0.46228337175	0.252944186682751	0.077944178	0.25269998	0.42850773525
385	7	7	benefit_positive_truncnorm	benefit_positive_truncnorm	continuous	1	increasing	benefit	1	1	NA	2.23614535195712	4.14147815153666	700	252	420	700	700	252	487	0.64	0.304285714285714	7.32152615184369	24	24	0	2	1	10	4	1	5000	2500	1	0.95	12	10000	101384	0.9998	1	3.03088769217076	1.34741369588808	3.03553288256437	4.67857830208617	3.3311646061981	3.062933314114	1.8342304242671	3.06021265007	4.30315360865444	2.46892318438733	0.999747123530155	4.51882656087459	0.241072394518943	3.69452535978256	12.9780170564322	12.7369446619133	0.2091	1	5.25301907397438	2.67110186863801	5.13305322096989	8.3815711565405	5.71046928790249	0	NA	NA	NA	NA	NA	NA	1	0.794742340213639	0.631615387328252	1	0.826787962156877	0.683578334367522	1	0.377348409337929	0.142391822029865	1	1.11154092243771	1.23552322225368	1.00172818058561	4376.13290007685	0	1.00162032934833	11279.2575455197	0	0.4629876958792	0.2063490495	0.461465675	0.714115343	0.446441791759	0.26587692975	0.445219125	0.63028750875
368	7	7	benefit_positive_truncnorm	benefit_positive_truncnorm	continuous	1	increasing	benefit	1	1	NA	2.14204084588544	4.14401348051713	700	252	420	700	700	252	474	0.64	0.322857142857143	6.78440546007055	24	24	0	2	1	10	4	1	5000	2500	1	0.95	12	10000	101367	0.9651	1	1.48402728805862	-0.1249178634059	1.48027578042141	3.08813479898669	3.21305266239259	2.4576397020186	1.21874111166583	2.45641240636171	3.69290599997114	2.47416488830531	0.963240149680828	2.1956034718572	-0.0419959292171355	0.656401023667581	10.2960525195187	10.3380484487359	0.0914	1	5.23568270089986	2.44855216608029	5.17956828156609	8.60280503519786	6.15425286911757	0	NA	NA	NA	NA	NA	NA	1	-0.65801355782682	0.432981842283909	1	0.315598856133156	0.0996026379925568	1	-1.94841000865993	3.79630156184617	1	1.09166922038273	1.19174168673104	1.00108245470845	4523.94429794223	0	1.00134667613628	10695.0453776172	0	0.227879284912598	-0.020883767175	0.22796298	0.46919980125	0.3541200980297	0.17527553075	0.35405832	0.53604492625
369	7	7	benefit_positive_truncnorm	benefit_positive_truncnorm	continuous	1	increasing	benefit	1	1	NA	2.05574157294956	3.80072716705005	700	252	420	700	700	252	492	0.64	0.297142857142857	6.37241966321819	24	24	0	2	1	10	4	1	5000	2500	1	0.95	12	10000	101368	0.3122	0.9767	-0.414259449009036	-2.09499904734789	-0.406957158780676	1.23704499698438	3.33204404433227	1.29716905323687	0.0223007390948771	1.29900061852621	2.55880197508938	2.5365012359945	0.311976549413735	-0.561924946034158	-6.56599279047715	-0.124549679881643	3.33147624823471	9.89746903871186	0.0448	0.9767	2.51518482634477	0.0431796672375979	2.47217973761705	5.30905210434965	5.26587243711205	0	NA	NA	NA	NA	NA	NA	0	-2.4700010219586	6.10090504847651	1	-0.75857251971269	0.575432267663259	0	-4.36265211308421	19.0327334597981	1	-1.28554234070528	1.65261910974601	1.00103405652906	3998.51061086697	0	1.00293745962471	11066.3183526256	0	-0.0628327109641779	-0.312314291	-0.0619138175	0.183857886	0.181549384234781	0.0032429240225	0.18152004	0.35921177125
382	7	7	benefit_positive_truncnorm	benefit_positive_truncnorm	continuous	1	increasing	benefit	1	1	NA	1.18454746016904	1.86247094578379	700	252	420	700	700	252	493	0.64	0.295714285714286	6.23975141805026	24	24	0	2	1	10	4	1	5000	2500	1	0.95	12	10000	101381	0.5875	0.9905	0.181615724294876	-1.44757872868248	0.174972938884727	1.84471988409644	3.29229861277893	1.48330931655319	0.261506303141959	1.47534220173876	2.72677889823715	2.46527259509519	0.584546589018303	0.278989992993966	-4.34859802853241	0.0510356837814241	6.18622789886956	10.534825927402	0.0384	0.9905	2.47244515353589	0.438475819163683	2.43646004808939	4.80725908545497	4.36878326629129	0	NA	NA	NA	NA	NA	NA	1	-1.00293173587417	1.00587206682357	1	0.298761856384145	0.0892586468301006	1	-1.58348095278982	2.50741192784817	1	0.609974207752097	0.372068534122798	1.00118511515762	4604.1403110882	0	1.0020190066013	11316.1202591464	0	0.0269051625494703	-0.22284207075	0.0271235045	0.27528268275	0.20686709456642	0.03641358205	0.205613885	0.3819133035
379	7	7	benefit_positive_truncnorm	benefit_positive_truncnorm	continuous	1	increasing	benefit	1	1	NA	1.89975447732401	3.6273555836388	700	252	420	700	700	252	491	0.64	0.298571428571429	7.10607612024369	24	24	0	2	1	10	4	1	5000	2500	1	0.95	12	10000	101378	0.9515	0.987	1.39891112970236	-0.274470341815122	1.3945760551103	3.0547388475104	3.32920918932552	1.37016505747121	0.142994586811989	1.36195806137296	2.61766822423569	2.4746736374237	0.948440065681445	2.19291943860928	-0.13210690786317	0.676385973960725	10.2101079212015	10.3422148290647	0.0865	0.987	2.6637868423629	0.251717452525285	2.60589861533502	5.3903483159021	5.13863086337682	0	NA	NA	NA	NA	NA	NA	1	-0.500843347621654	0.250844058856865	1	-0.529589419852801	0.280464953620027	1	-1.43443614502952	2.05760705416716	1	-0.963568741275898	0.928464719164018	1.00113092947551	4498.56618534268	0	1.00218180756546	10132.1429521572	0	0.207434162882729	-0.04199239925	0.20740822	0.451361312	0.194894275422734	0.020162385125	0.19340456	0.37395493625
427	7	7	benefit_positive_truncnorm	benefit_positive_truncnorm	continuous	1	increasing	benefit	1	1	NA	2.48002045772223	5.38855845289099	700	252	420	700	700	252	488	0.64	0.302857142857143	7.15925947769373	24	24	0	2	1	10	4	1	5000	2500	1	0.95	12	10000	101426	0.9982	1	2.37425952306962	0.75023081631354	2.36620354937879	3.97985862245954	3.229627806146	2.49730861366414	1.27644716934412	2.49899718538132	3.7080610722384	2.43161390289428	0.997941680960549	4.0241272721374	0.155070708104375	2.95284221291025	12.8240102147145	12.6689395066101	0.1255	1	4.90627428598674	2.40560993028136	4.88294519345641	7.579298802698	5.17368887241664	0	NA	NA	NA	NA	NA	NA	1	-0.105760934652614	0.0111853752985945	1	0.0172881559419134	0.000298880335871914	1	-1.36443118075359	1.86167244701264	1	-0.482284166904248	0.232598017646524	1.00112386708549	3979.09604892494	0	1.00147777114366	11168.0164047191	0	0.364457952229801	0.11522155225	0.36430424	0.606524342	0.3624342217875	0.183977958	0.362373985	0.540186839
401	7	7	benefit_positive_truncnorm	benefit_positive_truncnorm	continuous	1	increasing	benefit	1	1	NA	2.33503932767738	4.30040364711049	700	252	420	700	700	252	476	0.64	0.32	8.11352979796347	24	24	0	2	1	10	4	1	5000	2500	1	0.95	12	10000	101400	0.8641	0.999	0.873147407357973	-0.638035410760682	0.879746628605916	2.44509122176399	3.08312663252467	1.95494413686045	0.749032423712835	1.95536120529468	3.14832326920994	2.3992908454971	0.85734664764622	1.31623238125758	-0.686690743738975	0.329304601925585	8.42959211009171	9.11628285383068	0.0887	0.999	4.05465862641161	1.53117343529626	4.04770881042447	6.75781833016314	5.22664489486689	0	NA	NA	NA	NA	NA	NA	1	-1.4618919203194	2.13712798669515	1	-0.380095190816924	0.144472354082154	1	-2.98417126585291	8.90527814394219	1	-0.245745020698877	0.0603906151982913	1.00121190081962	4276.42771073972	0	1.00154297674909	10749.6223455606	0	0.14047019390316	-0.102930084	0.14230127	0.39007843	0.2917718839741	0.111200421	0.29194966	0.472316332
424	7	7	benefit_positive_truncnorm	benefit_positive_truncnorm	continuous	1	increasing	benefit	1	1	NA	2.29502168940488	4.91940434064932	700	252	420	700	700	252	485	0.64	0.307142857142857	7.23282050551231	24	24	0	2	1	10	4	1	5000	2500	1	0.95	12	10000	101423	0.9999	1	3.02737782259382	1.38218560610498	3.02058818341055	4.70641310849793	3.32422750239296	3.25343091124055	2.02256253144576	3.25464738805501	4.44980025405509	2.42723772260933	0.999872416432763	4.21345199408684	0.234219594770868	3.38024684959638	12.5400784132912	12.3058588185203	0.2162	1	6.1160048419725	3.12140927105608	5.89058900815657	10.1451507700254	7.02374149896928	0	NA	NA	NA	NA	NA	NA	1	0.732356133188941	0.536345505819457	1	0.958409221835665	0.918548236499646	1	-0.705952346562484	0.498368715617078	1	1.19660050132318	1.43185275976689	1.00140082230693	4384.1963332328	0	1.00217688593024	11827.1905607558	0	0.4603723476104	0.2141848985	0.45840435	0.7143003725	0.458437668977	0.283794053	0.457764185	0.63198211325
381	7	7	benefit_positive_truncnorm	benefit_positive_truncnorm	continuous	1	increasing	benefit	1	1	NA	2.46471938362396	4.43864124488624	700	252	420	700	700	252	501	0.64	0.284285714285714	7.03664761011716	24	24	0	2	1	10	4	1	5000	2500	1	0.95	12	10000	101380	0.992	0.9999	2.06916971431269	0.440284316168605	2.05674600054194	3.7716990932889	3.33141477712029	2.41762420300995	1.2098382297163	2.41817817594777	3.62747315699087	2.41763492727457	0.991627189600088	3.76220495790075	0.105606745874814	2.57717824704015	12.9990484286493	12.8934416827745	0.0923	0.9999	4.31770566165274	1.84402538013517	4.24111755651506	7.16113831568005	5.31711293554488	0	NA	NA	NA	NA	NA	NA	1	-0.395549669311273	0.156459540892257	1	-0.0470951806140105	0.00221795603706627	1	-0.676436286985491	0.457566050350717	1	-0.120935583233493	0.0146254152920251	1.00200373336876	4665.97707369955	0	1.00183513164679	10989.6290114765	0	0.311175498314772	0.06761730425	0.310047015	0.56162457975	0.34525939358934	0.1725429345	0.344918285	0.52068531125
400	7	7	benefit_positive_truncnorm	benefit_positive_truncnorm	continuous	1	increasing	benefit	1	1	NA	2.26147248887342	4.66803075689705	700	252	420	700	700	252	486	0.64	0.305714285714286	7.72010843349253	24	24	0	2	1	10	4	1	5000	2500	1	0.95	12	10000	101399	0.9871	0.9978	1.75140184885844	0.185848730542327	1.73840269610772	3.38457987902562	3.19873114848329	1.7994556970028	0.590553230942338	1.80221848186296	2.99766551586847	2.40711228492614	0.985797732218532	2.53812302145482	0.0411087882171106	0.991287720861546	10.6751304030478	10.6340216148307	0.1269	0.9978	3.87711989260169	1.23825381937476	3.79485081148012	6.79448991940507	5.55623610003031	0	NA	NA	NA	NA	NA	NA	1	-0.510070640014985	0.260172057805297	1	-0.462016791870625	0.213459515970425	1	-2.12990773544223	4.53650696149664	1	-0.790910864295361	0.625539995260435	1.00158466311871	4060.1832108809	0	1.00151540762009	10153.4898927009	0	0.274982023539845	0.02974720835	0.273112615	0.525853006	0.265091861749796	0.086384606125	0.26488757	0.4449454785
386	7	7	benefit_positive_truncnorm	benefit_positive_truncnorm	continuous	1	increasing	benefit	1	1	NA	2.7679149297818	6.15444101621253	700	252	420	700	700	252	466	0.64	0.334285714285714	7.48317693530444	24	24	0	2	1	10	4	1	5000	2500	1	0.95	12	10000	101385	1	1	3.5552519066924	1.85796449371744	3.55242180573155	5.22594062169856	3.36797612798112	3.31096450016503	2.06153480712628	3.30383768841457	4.55469286674952	2.49315805962324	1	5.24206887543199	0.325770438665126	4.6540171476428	13.9030161624641	13.577245723799	0.2468	1	9.01018691025271	5.13699369624669	8.93506758455776	12.9511933010052	7.81419960475855	0.0019	NA	NA	NA	NA	NA	NA	1	0.787336976910599	0.619899515210722	1	0.543049570383239	0.29490283589342	1	-0.912372140780533	0.832422923272453	1	2.85574589404019	8.15528461132739	1.00117058783239	4665.17783725589	0	1.00124441921635	10404.8991963588	0	0.5407963352993	0.28503692425	0.539305945	0.7989733945	0.4825342986346	0.2965239805	0.48124755	0.6694195105
426	7	7	benefit_positive_truncnorm	benefit_positive_truncnorm	continuous	1	increasing	benefit	1	1	NA	1.55629889010953	2.85264039200318	700	252	420	700	700	252	486	0.64	0.305714285714286	7.43381128818317	24	24	0	2	1	10	4	1	5000	2500	1	0.95	12	10000	101425	0.9328	0.9945	1.26231659543717	-0.35663564637168	1.25336344667465	2.93886645782529	3.29550210419697	1.6866176479656	0.413659917419749	1.68941170336203	2.94875982835838	2.53509991093863	0.929724277067922	1.77545442179045	-0.153615985727184	0.493008782061821	9.379520148949	9.53313613467619	0.1078	0.9945	3.35200470562776	0.70676873450532	3.35410136586509	6.16365908255665	5.45689034805133	0	NA	NA	NA	NA	NA	NA	1	-0.29398229467236	0.0864255895808265	1	0.130318757856072	0.0169829786491496	1	-1.07718597021274	1.16032961442315	1	0.499364313624577	0.249364717721745	1.00125826135785	4467.39906810171	0	1.00133534126213	11348.9917152122	0	0.190826176949024	-0.05407074155	0.189904635	0.43894818075	0.240155127847747	0.058495226875	0.2401627	0.421276536
405	7	7	benefit_positive_truncnorm	benefit_positive_truncnorm	continuous	1	increasing	benefit	1	1	NA	1.55699947836046	2.73955012938247	700	252	420	700	700	252	485	0.64	0.307142857142857	6.4672915371871	24	24	0	2	1	10	4	1	5000	2500	1	0.95	12	10000	101404	0.9889	0.9963	1.97237752077835	0.263908508394514	1.97375035646963	3.64528020780283	3.38137169940832	1.74044540518574	0.490771090255789	1.73707955160415	3.00167763019819	2.5109065399424	0.987753284346471	2.94075537182338	0.0589426099502404	1.48336772126771	11.5875881674676	11.5286455575174	0.1018	0.9963	2.90029376510597	0.715320858284359	2.89303562737928	5.31933815117623	4.60401729289187	0	NA	NA	NA	NA	NA	NA	1	0.415378042417891	0.172538918122919	1	0.183445926825273	0.0336524080687833	1	0.201205242440914	0.0404835495857071	1	0.160743635723495	0.0258385164256076	1.00266522528608	4531.35233454968	1	1.00101663044077	10648.4133403483	0	0.292844837981119	0.040493409325	0.294581775	0.5381337425	0.241416728273876	0.067752734075	0.2404626	0.4181158875
384	7	7	benefit_positive_truncnorm	benefit_positive_truncnorm	continuous	1	increasing	benefit	1	1	NA	2.33342335038128	4.96905547702503	700	252	420	700	700	252	470	0.64	0.328571428571429	7.14793343103561	24	24	0	2	1	10	4	1	5000	2500	1	0.95	12	10000	101383	0.9987	1	2.52609049203086	0.859614489073722	2.51279019993365	4.18516995916161	3.32555547008788	3.53548838479197	2.27197629083777	3.53567926399109	4.80108118141921	2.52910489058144	0.998829039812646	3.94803668976386	0.167476717116944	2.858678111735	12.7725340808977	12.6050573637807	0.146	1	8.08943400666975	4.29478143033784	7.96696827059629	13.1347638032908	8.83998237295292	0.0028	NA	NA	NA	NA	NA	NA	1	0.192667141649584	0.0371206274714209	1	1.2020650344107	1.44496034695279	1	-1.02101878726117	1.04247936394027	1	3.12037852964472	9.73676216826774	1.00151487275806	4633.95771272211	0	1.00135598474959	13125.3278111537	0	0.38371848418265	0.132739905	0.383016595	0.634129379	0.514488605844	0.3266594065	0.51366338	0.70515565275
418	7	7	benefit_positive_truncnorm	benefit_positive_truncnorm	continuous	1	increasing	benefit	1	1	NA	1.88478813117858	3.45660405541636	700	252	420	700	700	252	470	0.64	0.328571428571429	7.55827454356315	24	24	0	2	1	10	4	1	5000	2500	1	0.95	12	10000	101417	0.9984	1	2.41125936217701	0.759118084141495	2.41568542534792	4.07752716167699	3.3184090775355	2.72074084040013	1.51049993535727	2.71675552257647	3.96321962267833	2.45271968732106	0.998082224619441	3.3797029270628	0.135996189636803	2.11317964815193	11.7527546105373	11.6167584209005	0.1657	1	5.83458711842139	3.03130565810952	5.77158659445784	9.02782169257835	5.99651603446883	5e-04	NA	NA	NA	NA	NA	NA	1	0.526471230998433	0.277171957069005	1	0.835952709221546	0.698816932054843	1	-0.0769011283535628	0.00591378354205114	1	2.37798306300502	5.65480344793875	1.00155528188773	4366.10622573886	0	1.00125730715679	11762.956727113	0	0.37244154499733	0.11970419625	0.372789375	0.6289945285	0.3975109244958	0.2189719765	0.39687271	0.58237127725
392	7	7	benefit_positive_truncnorm	benefit_positive_truncnorm	continuous	1	increasing	benefit	1	1	NA	2.1997447103302	5.04112925183724	700	252	420	700	700	252	477	0.64	0.318571428571429	6.30290458732028	24	24	0	2	1	10	4	1	5000	2500	1	0.95	12	10000	101391	0.9922	1	2.03755822865744	0.364159568759904	2.03068734247376	3.75657989428754	3.39242032552764	2.65652472349479	1.38358818470359	2.65853471668285	3.93010387803121	2.54651569332762	0.991731892845331	3.3171404243483	0.080188945340578	2.01680120956977	12.1833645568439	12.1031756115033	0.0929	1	5.78585483451335	2.57717235188208	5.78794449305799	9.33277129528083	6.75559894339875	0	NA	NA	NA	NA	NA	NA	1	-0.162186481672759	0.0263044548373881	1	0.456780013164589	0.208647980426642	1	-1.72398882748894	2.97213747730668	1	0.744725582676112	0.554616193492274	1.00134767552369	4034.58039744595	0	1.00128064784265	11766.0628968971	0	0.300192301190348	0.05570073625	0.29940903	0.5444437845	0.3710941407651	0.19228774375	0.37149629	0.550918171
406	7	7	benefit_positive_truncnorm	benefit_positive_truncnorm	continuous	1	increasing	benefit	1	1	NA	1.92708566228568	3.40175971258479	700	252	420	700	700	252	479	0.64	0.315714285714286	7.47990303434177	24	24	0	2	1	10	4	1	5000	2500	1	0.95	12	10000	101405	0.9865	0.9998	1.79378776519947	0.211721624938248	1.78422087875229	3.4631476877989	3.25142606286066	2.14828305095781	0.920432863431774	2.14746891289654	3.39406129206362	2.47362842863185	0.98566063502902	2.50773643375213	0.0434810114327478	0.937328453759878	10.4746558975821	10.4311748861493	0.1213	0.9998	5.10078754435099	1.96231081694462	5.13200238802421	8.12882418647921	6.16651336953459	0	NA	NA	NA	NA	NA	NA	1	-0.133297897086206	0.0177683293676049	1	0.221197388672137	0.0489282847553725	1	-0.894023278832664	0.799277623094708	1	1.6990278317662	2.88669557311615	1.00171232654774	4434.68005509529	0	1.00149051007776	10502.9877055776	0	0.271862418447125	0.033408574	0.2707077	0.51837489825	0.3077406949882	0.13192513475	0.307004625	0.48662834275
383	7	7	benefit_positive_truncnorm	benefit_positive_truncnorm	continuous	1	increasing	benefit	1	1	NA	1.5822358007181	2.71505102541782	700	252	420	700	700	252	479	0.64	0.315714285714286	6.79160751960157	24	24	0	2	1	10	4	1	5000	2500	1	0.95	12	10000	101382	0.773	0.9959	0.625699980178074	-0.978059086947192	0.610300750035408	2.30469166299761	3.2827507499448	1.68728018741913	0.445220123388413	1.69407148138536	2.90993140348308	2.46471128009467	0.766873794728948	0.895383708931229	-1.81283316674258	0.190301546748249	7.51782882386813	9.3306619906107	0.0666	0.9959	3.32736730739787	0.807788058654638	3.30018182465093	6.36840481330668	5.56061675465204	0	NA	NA	NA	NA	NA	NA	1	-0.95653582054003	0.914960775976189	1	0.105044386701024	0.0110343231773944	1	-1.81966731648659	3.31118914268951	1	0.61231628198005	0.374931229177872	1.00160363126536	4230.99335433908	0	1.001815650619	10543.3835891428	0	0.0942375610396812	-0.1508083525	0.092595632	0.34220524575	0.24207842435786	0.063539409575	0.242390105	0.41828098725
388	7	7	benefit_positive_truncnorm	benefit_positive_truncnorm	continuous	1	increasing	benefit	1	1	NA	1.50091340710277	2.80752545138416	700	252	420	700	700	252	477	0.64	0.318571428571429	6.7188241802194	24	24	0	2	1	10	4	1	5000	2500	1	0.95	12	10000	101387	0.3005	0.9784	-0.43550746759071	-2.1066290201114	-0.434538076505731	1.21153811803488	3.31816713814628	1.29991287392992	0.042592223713947	1.30242239126396	2.57656289986116	2.53397067614722	0.29944391984052	-0.576645608686076	-6.59713831026924	-0.132578159489906	3.2759025700769	9.87304088034614	0.0469	0.9784	2.72758701256102	0.0774211563491849	2.70453475195364	5.53390191082497	5.45648075447579	0	NA	NA	NA	NA	NA	NA	0	-1.93642087469348	3.74972580394867	1	-0.201000533172855	0.0404012143357718	1	-3.38417106007023	11.4526137638169	1	-0.0799384388231394	0.00639015400148081	1.00176781013681	4082.23645073165	0	1.00142209356579	11316.4926950805	0	-0.0667896329221188	-0.31912426925	-0.0663241535	0.18055827775	0.183254681765419	0.00591802607500001	0.183435335	0.3653967905
387	7	7	benefit_positive_truncnorm	benefit_positive_truncnorm	continuous	1	increasing	benefit	1	1	NA	1.7293772850537	3.26532247302146	700	252	420	700	700	252	471	0.64	0.327142857142857	6.39396230461413	24	24	0	2	1	10	4	1	5000	2500	1	0.95	12	10000	101386	0.9735	1	1.59865691466873	-0.0207755135522138	1.59500965690766	3.27825234065189	3.2990278542041	2.72567620629512	1.42578889485881	2.721726907491	4.02969230632889	2.60390341147008	0.971648924614382	2.46036656163301	-0.0130748252249255	0.814454899033328	11.0517782340731	11.064853059298	0.0794	1	5.92246175543416	2.79511971060762	5.79005694974392	9.69985578135547	6.90473607074785	0	NA	NA	NA	NA	NA	NA	1	-0.130720370384975	0.017087815233585	1	0.996298921241415	0.992611540466806	1	-0.804955911388452	0.647954019279213	1	2.6571392824127	7.06038916614066	1.00197808061641	4345.45833870475	0	1.00178625806548	11087.0413281016	0	0.235562775033736	-0.0034657804775	0.234988575	0.480793844	0.3784812643444	0.19755613075	0.377345315	0.562780732
366	7	7	benefit_positive_truncnorm	benefit_positive_truncnorm	continuous	1	increasing	benefit	1	1	NA	2.07208811716841	4.21284972616207	700	252	420	700	700	252	498	0.64	0.288571428571429	6.20383590839569	24	24	0	2	1	10	4	1	5000	2500	1	0.95	12	10000	101365	0.9881	1	2.03162995433058	0.278684048641556	2.03004527768292	3.79529447499295	3.5166104263514	3.15237131990788	1.89156794136986	3.15656187565923	4.40533550438251	2.51376756301265	0.987134634917052	2.98263540325076	0.0612232181180081	1.56741811275161	11.5273044179338	11.4660811998158	0.1139	1	6.16957982407611	3.40379414516157	5.98943266128682	9.54992717074864	6.14613302558707	0	NA	NA	NA	NA	NA	NA	1	-0.0404581628378278	0.00163686294021219	1	1.08028320273948	1.16701179812106	1	-1.23021432291132	1.51342728029615	1	1.95673009791404	3.82879267608269	1.00124320345367	4162.98179359471	0	1.00212485640411	12622.9084188923	0	0.298237922743307	0.04116382325	0.298265735	0.55219970825	0.4398332785184	0.26094374725	0.439315765	0.61951219325
393	7	7	benefit_positive_truncnorm	benefit_positive_truncnorm	continuous	1	increasing	benefit	1	1	NA	1.85646682802932	4.16122574347577	700	252	420	700	700	252	485	0.64	0.307142857142857	6.79074064741571	24	24	0	2	1	10	4	1	5000	2500	1	0.95	12	10000	101392	0.6539	0.9968	0.334808052163298	-1.32411725384687	0.34136532874092	2.01200203801542	3.33611929186228	1.82923740101823	0.558454038759869	1.8313986509708	3.08920895987126	2.53075492111139	0.648867141793426	0.453105738788852	-3.64308048199692	0.0917321312477775	6.40188330288549	10.0449637848824	0.0599	0.9968	3.50901131075781	0.870801419174908	3.38119765718131	6.80352578578364	5.93272436660873	0	NA	NA	NA	NA	NA	NA	1	-1.52165877586602	2.31544543017008	1	-0.0272294270110949	0.000741441695352543	1	-3.70812000468692	13.7501539691593	1	-0.652214432717967	0.425383666245619	1.00168487432021	4579.34773766833	0	1.00077936525975	11012.9962786685	0	0.0499326391445398	-0.19899460125	0.05146577	0.29767529775	0.258956786047521	0.07829849815	0.258954665	0.43757522825
391	7	7	benefit_positive_truncnorm	benefit_positive_truncnorm	continuous	1	increasing	benefit	1	1	NA	2.33077257283568	4.97829999809021	700	252	420	700	700	252	462	0.64	0.34	7.26648752054338	24	24	0	2	1	10	4	1	5000	2500	1	0.95	12	10000	101390	0.9178	0.9987	1.128401047418	-0.489575722473465	1.12721600590042	2.76972503018811	3.25930075266157	1.92875627164895	0.638062162563511	1.92733505787488	3.22808881348332	2.59002665091981	0.913625966670297	1.68493793816161	-0.266175082543528	0.454039160632808	9.07683004051638	9.34300512305991	0.0819	0.99869973994799	5.10065567871033	1.63785150865324	5.11567555485788	8.85438543515245	7.21653392649921	2e-04	NA	NA	NA	NA	NA	NA	1	-1.20237152541767	1.44569728513522	1	-0.402016301186727	0.161617106419858	1	-3.2933620599286	10.8462336577771	1	0.122355680620126	0.0149709125800143	1.00087149115805	4291.84271924972	0	1.00180362017613	12128.6593651825	0	0.171807373252487	-0.073647720525	0.17248597	0.41945937225	0.27708336424561	0.091951964	0.27666038	0.46617276125
428	7	7	benefit_positive_truncnorm	benefit_positive_truncnorm	continuous	1	increasing	benefit	1	1	NA	2.32335254650187	4.42990386756224	700	252	420	700	700	252	489	0.64	0.301428571428571	7.21695700214695	24	24	0	2	1	10	4	1	5000	2500	1	0.95	12	10000	101427	0.9537	0.9999	1.36722646218488	-0.223566369588336	1.36412694014218	2.97710866757191	3.20067503716025	2.27533246661149	1.03706034726834	2.28179664586728	3.47669883029089	2.43963848302255	0.951573069902287	2.41210715805535	-0.0869505983372882	0.814841190142563	11.094491738449	11.1814423367863	0.0687	0.9999	4.78475094759264	1.96211839543235	4.71683892090055	8.1068730484934	6.14475465306104	0	NA	NA	NA	NA	NA	NA	1	-0.956126084316987	0.914177089111334	1	-0.0480200798903767	0.00230592807267816	1	-2.01779670950689	4.07150356089685	1	0.354847080030401	0.125916450206102	1.00214340095176	4470.73763787528	0	1.0017531595516	10594.8362031032	0	0.210573522966541	-0.0340199023	0.210141975	0.45485546775	0.33173747562008	0.1509686675	0.332424205	0.508232818
429	7	7	benefit_positive_truncnorm	benefit_positive_truncnorm	continuous	1	increasing	benefit	1	1	NA	2.71023871754519	6.04832477398451	700	252	420	700	700	252	473	0.64	0.324285714285714	7.32610994367021	24	24	0	2	1	10	4	1	5000	2500	1	0.95	12	10000	101428	0.6254	0.9749	0.266540907035179	-1.30929646991161	0.267356752494554	1.92332762021182	3.23262409012343	1.2681363440347	-0.00187790662349173	1.26018258690556	2.51809623807771	2.5199741447012	0.619793902962645	0.407680268680966	-3.68020752636831	0.0756721744211148	6.22336406747646	9.90357159384477	0.0684	0.9749	2.72932894698503	-0.00351805231768177	2.63344308993317	6.11531112483928	6.11882917715696	0	NA	NA	NA	NA	NA	NA	0	-2.44369781051001	5.97165898909141	0	-1.44210237351049	2.07965925568459	1	-5.64064450530354	31.816870435211	1	-3.31899582699948	11.01573329964	1.00162186760931	4618.65822881046	0	1.00153854953073	10913.1439234357	0	0.0401325295629178	-0.2030719105	0.0409117735	0.28993210975	0.180069230936217	-0.000256055249749998	0.179329785	0.359553479
389	7	7	benefit_positive_truncnorm	benefit_positive_truncnorm	continuous	1	increasing	benefit	1	1	NA	1.51601297332446	2.51139023131108	700	252	420	700	700	252	471	0.64	0.327142857142857	7.1000499267236	24	24	0	2	1	10	4	1	5000	2500	1	0.95	12	10000	101388	0.994	0.9999	2.06872388061211	0.431078043942582	2.06358217329654	3.72469649554473	3.29361845160215	2.46161581846255	1.19673713027106	2.47125516736089	3.69194568016136	2.49520854989029	0.993523171412619	3.5081993293298	0.100821860715391	2.28445821826815	12.4273636568977	12.3265417961823	0.1045	0.9999	5.71169272812748	2.30466219529438	5.67911745308363	9.63263286680865	7.32797067151427	0	NA	NA	NA	NA	NA	NA	1	0.552710907287656	0.305489347034744	1	0.945602845138091	0.894164740733253	1	0.996809098018715	0.993628377892884	1	3.20030249681639	10.2419360711293	1.00164084396788	4213.37065004985	0	1.0009621716038	10676.6143557328	0	0.31027229564109	0.064627132625	0.31079346	0.55152119375	0.3527312161566	0.17073016575	0.353560885	0.532623256
410	7	7	benefit_positive_truncnorm	benefit_positive_truncnorm	continuous	1	increasing	benefit	1	1	NA	1.47123332850244	2.35408259252959	700	252	420	700	700	252	468	0.64	0.331428571428571	6.17235664255966	24	24	0	2	1	10	4	1	5000	2500	1	0.95	12	10000	101409	0.65	0.9432	0.328187588238139	-1.34813727844383	0.320847592485397	2.01393076202056	3.36206804046439	1.0583621639577	-0.235813469025518	1.06136035570265	2.3517835800185	2.58759704904401	0.646948747271026	0.542138774026111	-3.68208803010549	0.0975404595337261	7.15653503693986	10.8386230670453	0.0381	0.9432	2.78656055243198	-0.629600200056402	2.81681321967211	6.09799880648998	6.72759900654638	0	NA	NA	NA	NA	NA	NA	1	-1.1430457402643	1.30655356433636	1	-0.412871164544739	0.170462598512529	1	-1.81194381850348	3.28314040141297	1	0.432477959902387	0.187037185801331	1.0014941510765	4265.90243895052	0	1.00179599378317	10711.3138452959	0	0.0478404577180164	-0.20131624125	0.0482899155	0.294113836	0.147606689021309	-0.032826084075	0.14782909	0.33068724825
408	7	7	benefit_positive_truncnorm	benefit_positive_truncnorm	continuous	1	increasing	benefit	1	1	NA	1.8729108204877	3.53145582975132	700	252	420	700	700	252	460	0.64	0.342857142857143	6.99048294674623	24	24	0	2	1	10	4	1	5000	2500	1	0.95	12	10000	101407	0.9953	1	2.17304008966128	0.519075957907337	2.17065752284613	3.81762587090261	3.29854991299527	3.28793991499548	2.04874778523776	3.29037291880495	4.53685952432636	2.4881117390886	0.994766224703419	3.06608008042852	0.10506101025859	1.71761424668782	11.4243846652451	11.3193236549865	0.1402	1	8.82805730656485	4.99256502662467	8.79117117134154	12.998148488946	8.00558346232137	0.0052	NA	NA	NA	NA	NA	NA	1	0.300129269173584	0.0900775782146696	0	1.41502909450778	2.0023073383035	1	-0.465375749322801	0.216574588057759	0	5.29660147681353	28.0539872041833	1.00141022017704	4507.28941252384	0	1.00222904044938	12340.0717773468	0	0.332240019763296	0.081434935875	0.33182293	0.5797728225	0.480862283539	0.2981206135	0.48050736	0.67017681425
414	7	7	benefit_positive_truncnorm	benefit_positive_truncnorm	continuous	1	increasing	benefit	1	1	NA	2.19874526656316	4.94388139332684	700	252	420	700	700	252	475	0.64	0.321428571428571	7.21591108681726	24	24	0	2	1	10	4	1	5000	2500	1	0.95	12	10000	101413	0.8801	0.9999	0.971208646229239	-0.622302089623608	0.954762506464951	2.62068316627416	3.24298525589777	2.31748841550064	1.07064638210338	2.3099493160119	3.5530510563739	2.48240467427052	0.875244299674267	1.41607144423299	-0.450313424852628	0.352114500305807	8.4092488412274	8.85956226608002	0.079	0.9999	5.03367825552302	2.18593120860938	4.91865926781207	8.50101453977152	6.31508333116215	0	NA	NA	NA	NA	NA	NA	1	-1.22753662033392	1.50684615426082	1	0.118743148937488	0.0140999354195904	1	-3.52780994909384	12.4454430369255	1	0.089796862196188	0.00806347646028118	1.00072603556171	4227.6496832597	0	1.00138914139758	11182.8182445098	0	0.146958963517508	-0.096237497675	0.145587395	0.393005632	0.3337672945467	0.152503143	0.3319071	0.514052899
407	7	7	benefit_positive_truncnorm	benefit_positive_truncnorm	continuous	1	increasing	benefit	1	1	NA	2.10933651301045	3.76654893377843	700	252	420	700	700	252	480	0.64	0.314285714285714	7.32364055684804	24	24	0	2	1	10	4	1	5000	2500	1	0.95	12	10000	101406	0.7268	0.9981	0.508839869923936	-1.06961104928505	0.494590271318454	2.13959766553592	3.20920871482097	1.80315441775591	0.57890056802967	1.81073276709683	3.04468937744436	2.46578880941469	0.722004449623901	0.780265745765025	-2.34957235757609	0.161829422467406	7.50016150555173	9.84973386312783	0.0561	0.9981	2.95926516627953	0.771727674461936	2.87111980766078	5.63094213210847	4.85921445764653	0	NA	NA	NA	NA	NA	NA	1	-1.60049664308652	2.56158950453121	1	-0.306182095254543	0.093747475454462	1	-2.98628318801341	8.91788727901153	1	-0.8072837674989	0.651707081267218	1.00102564788494	4664.69520368956	0	1.00239306064075	11653.6973925218	0	0.0767316981878347	-0.16409388575	0.075443055	0.3196945245	0.25990637946407	0.082360831875	0.260801225	0.44060166825
394	7	7	benefit_positive_truncnorm	benefit_positive_truncnorm	continuous	1	increasing	benefit	1	1	NA	2.49253282906861	5.81029415092466	700	252	420	700	700	252	485	0.64	0.307142857142857	7.20535255544277	24	24	0	2	1	10	4	1	5000	2500	1	0.95	12	10000	101393	0.9941	1	2.11223820939026	0.443348417170464	2.10079021622261	3.79712556421686	3.35377714704639	2.56974775129823	1.31079544087437	2.57100041415217	3.80830083781759	2.49750539694323	0.993329499712478	3.22672883971348	0.0942232022477998	1.93931987344979	11.8311668647322	11.7369436624844	0.1305	1	5.69634009728383	2.50466576415339	5.7288114033968	8.87833749937441	6.37367173522102	0	NA	NA	NA	NA	NA	NA	1	-0.380294619678351	0.144623997756302	1	0.0772149222296261	0.00596214421492721	1	-2.58356531121118	6.67480971729371	1	-0.11395405364083	0.0129855263411772	1.0014053773493	4708.94995674239	0	1.00112117925693	12129.0500570584	0	0.320322645629205	0.06834978185	0.31861653	0.57287810225	0.3693429720124	0.18769799	0.36880587	0.55037189675
411	7	7	benefit_positive_truncnorm	benefit_positive_truncnorm	continuous	1	increasing	benefit	1	1	NA	1.93790276136473	3.83270114274477	700	252	420	700	700	252	465	0.64	0.335714285714286	6.93570268466942	24	24	0	2	1	10	4	1	5000	2500	1	0.95	12	10000	101410	0.9618	0.9124	1.44869256204966	-0.152351742181107	1.4378635818656	3.07739317597879	3.2297449181599	0.86461374224074	-0.373469792648916	0.865906887526606	2.12496814848987	2.49843794113878	0.959561643835616	2.0991156461697	-0.0531495744054124	0.616537257853588	10.206386454197	10.2595360286025	0.0875	0.9124	1.80476381025455	-0.736656092804415	1.72951236650717	4.80709540974338	5.5437515025478	0	NA	NA	NA	NA	NA	NA	1	-0.489210199315072	0.239326619113892	1	-1.07328901912399	1.15194931857214	1	-1.73358549657508	3.00531867393545	1	-2.02793733249022	4.11252982450756	1.00148113386003	4241.98372887352	0	1.00192099060154	10321.9153709169	0	0.221444668526725	-0.02351486535	0.22145213	0.46460456125	0.12480717460567	-0.054227120875	0.12475398	0.3077757525
413	7	7	benefit_positive_truncnorm	benefit_positive_truncnorm	continuous	1	increasing	benefit	1	1	NA	1.98819523969882	3.87077520775491	700	252	420	700	700	252	462	0.64	0.34	7.25711470554522	24	24	0	2	1	10	4	1	5000	2500	1	0.95	12	10000	101412	0.5861	0.7859	0.179692368084877	-1.42032710906215	0.176277358204381	1.8165734664106	3.23690057547275	0.502432410174039	-0.755707558771602	0.500547645827568	1.7750938998712	2.5308014586428	0.581351094196004	0.298888184655535	-4.17991574573395	0.0507206813548535	6.18994871965349	10.3698644653874	0.0541	0.7859	1.02376035311297	-1.53322169053973	0.943615665349866	3.81838288341184	5.35160457395156	0	NA	NA	NA	NA	NA	NA	0	-1.80850287161394	3.27068263663588	0	-1.48576282952478	2.20749118559748	1	-3.57188702309937	12.7583769057857	0	-2.84701485464193	8.10549358255184	1.00088901090077	4601.70374795055	0	1.00148308890218	10255.9002181499	0	0.026482476482983	-0.2186190285	0.027260647	0.2716919095	0.0719443679002683	-0.10650498675	0.0716571015	0.25399872975
390	7	7	benefit_positive_truncnorm	benefit_positive_truncnorm	continuous	1	increasing	benefit	1	1	NA	1.9521361122934	3.94726564569794	700	252	420	700	700	252	482	0.64	0.311428571428571	6.95663545713885	24	24	0	2	1	10	4	1	5000	2500	1	0.95	12	10000	101389	0.9987	1	2.57886951456808	0.920385533427464	2.5811787658726	4.24980891037038	3.32942337694292	3.28060453918136	2.02170491789559	3.27888509277193	4.55337456776639	2.5316696498708	0.998572108519753	3.63462090275249	0.148009238495369	2.50745362740017	12.230529402014	12.0825201635186	0.1596	1	6.7123538140473	3.39449506088734	6.50826092834643	11.0085383480284	7.61404328714106	0	NA	NA	NA	NA	NA	NA	1	0.626733402274686	0.392794757526803	0	1.32846842688796	1.76482836123818	1	-0.312644742945444	0.097746735291423	1	2.76508816834936	7.64571257874563	1.00109299072208	4332.97646097346	0	1.00136012442485	12260.4555526078	0	0.389772636062593	0.139262867	0.38976526	0.64075213325	0.467486926801	0.286479634	0.46663826	0.65159093025
412	7	7	benefit_positive_truncnorm	benefit_positive_truncnorm	continuous	1	increasing	benefit	1	1	NA	2.54651371197628	5.77885437179982	700	252	420	700	700	252	465	0.64	0.335714285714286	7.7074681134377	24	24	0	2	1	10	4	1	5000	2500	1	0.95	12	10000	101411	0.9992	1	2.59356537440941	0.961457529947825	2.58995895136477	4.2692199256178	3.30776239566997	3.345786713214	2.10304358068544	3.3508493654405	4.58499457119255	2.48195099050711	0.999130326748664	3.66524540924648	0.175460635455727	2.60016444732781	11.8313499127053	11.6558892772496	0.1951	1	8.36446591164396	4.77981105409433	8.15261529933238	13.0103847978565	8.23057374376222	0.0038	NA	NA	NA	NA	NA	NA	1	0.0470516624331263	0.00221385893772087	1	0.799273001237719	0.63883733050755	1	-2.11360896255333	4.46734284658578	1	2.58561153984414	6.68538703497521	1.00154670457364	4522.34716803461	0	1.00205459306184	12124.6258217557	0	0.399040469586713	0.149040486	0.39879347	0.6539086175	0.492369549771	0.3059473045	0.49209347	0.6819093135
421	7	7	benefit_positive_truncnorm	benefit_positive_truncnorm	continuous	1	increasing	benefit	1	1	NA	2.29046068328482	4.65069027636518	700	252	420	700	700	252	484	0.64	0.308571428571429	6.55002320582928	24	24	0	2	1	10	4	1	5000	2500	1	0.95	12	10000	101420	0.953	0.9995	1.3779311736562	-0.247222263929005	1.37572957051298	3.04863558921405	3.29585785314306	2.13133351003652	0.891840896933352	2.13363586568622	3.40294915300268	2.51110825606933	0.950425857174055	2.08455126740896	-0.10164823798608	0.585460644410047	10.0304296793137	10.1320779172998	0.0842	0.9995	3.7487684884924	1.43073173607131	3.69114594719548	6.4146951115807	4.9839633755094	0	NA	NA	NA	NA	NA	NA	1	-0.912529509628622	0.832710105943053	1	-0.159127173248303	0.0253214572659953	1	-2.56613900895621	6.58506941328677	1	-0.901921787872778	0.813462911439628	1.00147884632076	4238.2673439158	0	1.00133418933207	11270.9750156874	0	0.209454019199499	-0.036735066625	0.208984385	0.4593023515	0.30648907614901	0.1273589715	0.306256235	0.49131155125
404	7	7	benefit_positive_truncnorm	benefit_positive_truncnorm	continuous	1	increasing	benefit	1	1	NA	2.33514484558814	4.0949556472375	700	252	420	700	700	252	479	0.64	0.315714285714286	7.43693714456274	24	24	0	2	1	10	4	1	5000	2500	1	0.95	12	10000	101403	0.998	1	2.4093159723527	0.777868610785802	2.39171475284117	4.1578657639748	3.379997153189	2.47449366866581	1.22647073965415	2.47661654074328	3.69910239040439	2.47263165075024	0.99772645686251	3.46736044870086	0.143056284915602	2.40028785870428	11.841386082853	11.6983297979374	0.1643	1	5.42775919549202	2.25066491914419	5.29932733593909	9.34821657753473	7.09755165839054	0	NA	NA	NA	NA	NA	NA	1	0.074171126764556	0.00550135604552383	1	0.139348823077664	0.0194180944931301	1	-0.627595198536647	0.393875733226253	1	1.33280354825452	1.77636529823984	1.00137861889022	4129.97430383676	0	1.00109624759775	10919.2344633954	0	0.36912730300148	0.12061692275	0.36685385	0.633459111	0.3603756019503	0.1780613145	0.360026385	0.54225912775
403	7	7	benefit_positive_truncnorm	benefit_positive_truncnorm	continuous	1	increasing	benefit	1	1	NA	2.48535261352702	5.54491689382328	700	252	420	700	700	252	478	0.64	0.317142857142857	7.35180536027588	24	24	0	2	1	10	4	1	5000	2500	1	0.95	12	10000	101402	0.9841	1	1.73706918713001	0.148745560652457	1.72788110073362	3.35777570439702	3.20903014374456	2.38523154546955	1.13768281512469	2.39133754389973	3.60647347588205	2.46879066075737	0.983288470165994	2.62266334275873	0.034886623735688	1.07419682728313	10.9142482893111	10.8793616655754	0.1084	1	4.88834858781618	2.1904211205427	4.84978307589674	7.8151706460776	5.6247495255349	0	NA	NA	NA	NA	NA	NA	1	-0.748283426397009	0.559928086220448	1	-0.100121068057472	0.0100242282689689	1	-2.92225355106455	8.53956581670935	1	-0.656568306007103	0.431081940453037	1.00144153047163	4408.41301825701	0	1.0014265766253	10234.4238480843	0	0.264380632416586	0.02301532815	0.26347949	0.507057026	0.3450308361233	0.1643984255	0.345965545	0.525050439
409	7	7	benefit_positive_truncnorm	benefit_positive_truncnorm	continuous	1	increasing	benefit	1	1	NA	1.69971968053193	3.11799750342766	700	252	420	700	700	252	490	0.64	0.3	6.7770563639916	24	24	0	2	1	10	4	1	5000	2500	1	0.95	12	10000	101408	0.9926	0.9999	2.04626524393982	0.419408421227041	2.04068693777919	3.76978303597065	3.35037461474361	2.57908327724493	1.29676422821772	2.59003435902646	3.79008888610494	2.49332465788722	0.992036405005688	2.98051460344736	0.0852277657184894	1.57659124617356	11.5755028036173	11.4902750378988	0.121	0.9999	4.34999377529376	1.9068288035979	4.28922892784204	7.18451932928313	5.27769052568522	0	NA	NA	NA	NA	NA	NA	1	0.346545563407885	0.120093827517688	1	0.879363596712991	0.773280335224008	1	-0.137482899980303	0.0189015477869939	1	1.2319962718661	1.51781481389196	1.00152613964759	4472.60704811495	0	1.00208204334971	10818.765930571	0	0.306634101696019	0.06383611675	0.30727465	0.558548397	0.3630651788375	0.1811858415	0.364116725	0.5367195795
402	7	7	benefit_positive_truncnorm	benefit_positive_truncnorm	continuous	1	increasing	benefit	1	1	NA	3.06103658801476	7.13782944651602	700	252	420	700	700	252	493	0.64	0.295714285714286	7.07747338136331	24	24	0	2	1	10	4	1	5000	2500	1	0.95	12	10000	101401	0.9977	1	2.33347681816182	0.669604834983217	2.34439527568948	4.03933635307571	3.36973151809249	3.43980628906265	2.19601852140453	3.44371302849216	4.66558574783556	2.46956722643103	0.997290292177191	3.56449651814292	0.138144563222123	2.38259774327025	12.1667243903149	12.0285798270928	0.1512	1	8.51553384211574	4.87056571110803	8.58603692687485	11.7159801149277	6.84541440381967	0	NA	NA	NA	NA	NA	NA	1	-0.727559769852938	0.52934321870846	1	0.378769701047895	0.143466486431912	1	-3.5733329283731	12.7687082169954	1	1.37770439559973	1.8980694016548	1.00127679877663	4714.65491905042	0	1.00119723016619	12519.7120730967	0	0.355855168414724	0.10253128575	0.3558577	0.61519284725	0.5004530571224	0.316789514	0.500832535	0.682193914
434	7	7	benefit_positive_truncnorm	benefit_positive_truncnorm	continuous	1	increasing	benefit	1	1	NA	2.11448470394209	4.25364041847728	700	252	420	700	700	252	467	0.64	0.332857142857143	7.24720619467081	24	24	0	2	1	10	4	1	5000	2500	1	0.95	12	10000	101433	0.9987	1	2.50386788830238	0.835197149144849	2.49937649359357	4.14547006077789	3.31027291163304	2.69527084323072	1.46146383043778	2.69565901971529	3.92714245597654	2.46567862553875	0.998437124308728	3.63442695149678	0.163385524208077	2.53976889816103	12.0865400401927	11.9231545159847	0.1682	1	6.75716566557362	3.41522741704511	6.6096814179698	10.8461552970635	7.43092788001838	1e-04	NA	NA	NA	NA	NA	NA	1	0.389383184360298	0.151619264262566	1	0.580786139288635	0.337312539589798	1	-0.619213466980503	0.383425317690015	1	2.50352524709634	6.26763866284877	1.00100535183544	4623.21454776736	0	1.0014019922739	11776.2353877933	0	0.38302977977479	0.1292769275	0.382112515	0.6330965765	0.39496529160115	0.21296997975	0.394601865	0.57911770025
420	7	7	benefit_positive_truncnorm	benefit_positive_truncnorm	continuous	1	increasing	benefit	1	1	NA	1.9626380148885	3.86752877810767	700	252	420	700	700	252	478	0.64	0.317142857142857	7.57947865087319	24	24	0	2	1	10	4	1	5000	2500	1	0.95	12	10000	101419	0.5181	0.9822	0.0397304162301145	-1.51276507443776	0.0347627379874913	1.6152841354928	3.12804920993056	1.30448071349397	0.0830666998641175	1.29876350452344	2.53975079264955	2.45668409278543	0.51544218404132	0.0807468799231411	-4.55251270754759	0.00838167497818887	5.12694936645232	9.67946207399991	0.0513	0.9822	2.85826787801529	0.169103503575797	2.80247655977763	5.89764194413411	5.72853844055831	0	NA	NA	NA	NA	NA	NA	0	-1.92290759865839	3.69757363297818	1	-0.658157301394531	0.433171033378931	1	-3.78678189818453	14.3397171444181	1	-1.00926090009238	1.01860756445528	1.00160349798631	3815.55787419937	0	1.00085299917908	9713.0786207692	0	0.0051164470044451	-0.237250436	0.00540429605	0.24544694825	0.189106574156953	0.01204593235	0.188562415	0.37056471825
430	7	7	benefit_positive_truncnorm	benefit_positive_truncnorm	continuous	1	increasing	benefit	1	1	NA	2.39734546714395	4.48544738725738	700	252	420	700	700	252	467	0.64	0.332857142857143	6.77575708128037	24	24	0	2	1	10	4	1	5000	2500	1	0.95	12	10000	101429	0.7751	1	0.619003654514106	-0.994209509725967	0.616502420216005	2.21929108175105	3.21350059147702	2.75164726489361	1.49491090927525	2.75593287665158	4.00711714020589	2.51220623093063	0.771764705882353	0.886931323518115	-1.96942748780064	0.191846552121171	7.51173776364675	9.48116525144738	0.065	1	6.07326473082438	3.20447881722165	6.00111415277821	9.40648072091748	6.20200190369583	0	NA	NA	NA	NA	NA	NA	0	-1.77834181262984	3.1624996025476	1	0.354301797749656	0.125529763888638	1	-3.59851606373926	12.9493178609895	1	1.587817343567	2.52116391653217	1.00289568873988	4388.23684897728	0	1.00141171176255	11869.6540180165	0	0.0948738806684859	-0.1512695265	0.095920816	0.337597493	0.394833056143	0.21251512025	0.395134265	0.578461852
423	7	7	benefit_positive_truncnorm	benefit_positive_truncnorm	continuous	1	increasing	benefit	1	1	NA	1.4121562099668	2.72294468523506	700	252	420	700	700	252	476	0.64	0.32	6.31874592109819	24	24	0	2	1	10	4	1	5000	2500	1	0.95	12	10000	101422	0.701	0.9992	0.450371009836008	-1.17164172276791	0.439197987279705	2.09175014799875	3.26339187076666	1.99496488590714	0.706333688182265	1.9946110750143	3.30895352372543	2.60261983554316	0.696800673542412	0.679900520315632	-3.02233622705188	0.134606476132147	7.21807942539664	10.2404156524485	0.0498	0.9992	4.4123462441244	1.40010597847796	4.36465660049963	7.9582413849712	6.55813540649324	0	NA	NA	NA	NA	NA	NA	1	-0.961785200130788	0.925030771190619	1	0.582808675940349	0.339665952751343	1	-2.04304416491943	4.17402945981133	1	1.68940155888934	2.85407762717772	1.0012110688681	4423.88750707154	0	1.00100205786633	10453.5456282753	0	0.0670862637392397	-0.1764624905	0.0659539725	0.31002203325	0.2780663693418	0.097703464325	0.27719156	0.464245248
446	7	7	benefit_positive_truncnorm	benefit_positive_truncnorm	continuous	1	increasing	benefit	1	1	NA	2.24467650517514	5.29028320569248	700	252	420	700	700	252	478	0.64	0.317142857142857	6.42109253693082	24	24	0	2	1	10	4	1	5000	2500	1	0.95	12	10000	101445	0.9427	0.9996	1.35309039947196	-0.324883469110121	1.35624721059491	3.04590727725476	3.37079074636488	2.28966516894571	1.01575288935453	2.29118737038394	3.53087871100046	2.51512582164593	0.939920181210225	2.09121326275197	-0.142269650579891	0.588723434315085	10.1789940172954	10.3212636678753	0.0729	0.9996	5.40620128165798	1.89500479498059	5.32792285790887	9.11786329391126	7.22285849893068	0	NA	NA	NA	NA	NA	NA	1	-0.891586105703186	0.794925783882973	1	0.0449886637705661	0.00202397986786105	1	-3.19906994294051	10.2340484998254	1	0.115918075965499	0.0134370003355433	1.00124653174411	4065.21517082345	0	1.00128992887186	11771.8158736057	0	0.20272520230568	-0.048985985975	0.20418655	0.449971649	0.326516224771873	0.14398963125	0.32670131	0.50676913175
435	7	7	benefit_positive_truncnorm	benefit_positive_truncnorm	continuous	1	increasing	benefit	1	1	NA	1.94351076259009	3.64136495132173	700	252	420	700	700	252	489	0.64	0.301428571428571	6.63803098906633	24	24	0	2	1	10	4	1	5000	2500	1	0.95	12	10000	101434	0.9683	1	1.55346340042971	-0.0748653034072603	1.54191043205975	3.29496744552291	3.36983274893017	2.54109491383094	1.26544976186186	2.54500034436696	3.78763584337022	2.52218608150836	0.966846569005397	2.24864989538169	-0.0248782793996037	0.687114768729218	10.4539350603266	10.4788133397262	0.0921	1	4.61594160960963	1.99558198527362	4.40196321324323	8.05751848478258	6.06193649950896	0	NA	NA	NA	NA	NA	NA	1	-0.390047362160377	0.152136944728269	1	0.597584151240854	0.357106817814251	1	-1.39271505594004	1.93965522704206	1	0.974576658287897	0.949799662879604	1.00126269719111	4130.35807695642	0	1.0015617721958	11038.4924582806	0	0.231864487148337	-0.011318555375	0.230692065	0.48350020325	0.3556982863857	0.17628613125	0.35635305	0.5347302325
416	7	7	benefit_positive_truncnorm	benefit_positive_truncnorm	continuous	1	increasing	benefit	1	1	NA	2.38035596737366	4.58669602903569	700	252	420	700	700	252	477	0.64	0.318571428571429	6.70409133277734	24	24	0	2	1	10	4	1	5000	2500	1	0.95	12	10000	101415	0.9995	1	2.73336554786376	1.08121433721395	2.71685764961844	4.45417447230891	3.37296013509495	3.91357968000712	2.67934038525706	3.92022639474514	5.15362019682583	2.47427981156877	0.999525278898647	4.01156133270005	0.190318897925318	2.92671082210711	12.8759274228474	12.6856085249221	0.1574	1	8.70070592685586	4.88258010552564	8.47925782026841	13.3081512792902	8.42557117376454	9e-04	NA	NA	NA	NA	NA	NA	1	0.353009580490103	0.124615763917798	0	1.53322371263346	2.35077495298154	1	-0.575134696335638	0.330779918929087	0	4.11400989782017	16.9250774393623	1.0017349665535	4583.21483817153	0	1.00139714524137	12421.871351622	0	0.4114399616685	0.16493500775	0.409406345	0.66681382475	0.559018321487	0.380487978	0.559101895	0.74311481625
415	7	7	benefit_positive_truncnorm	benefit_positive_truncnorm	continuous	1	increasing	benefit	1	1	NA	2.30553351417441	4.53948761570422	700	252	420	700	700	252	494	0.64	0.294285714285714	6.74448318126493	24	24	0	2	1	10	4	1	5000	2500	1	0.95	12	10000	101414	0.9832	1	1.81119621406746	0.125414980573132	1.79840303162903	3.56960209428625	3.44418711371311	2.93952522695999	1.67170834062441	2.94252857950293	4.19142635201302	2.51971801138861	0.981912144702842	2.59393448375212	0.0214089819280758	1.05539841946268	10.6778615548129	10.6564525728848	0.1099	1	6.23510889028582	3.30012642179189	6.21650676445038	9.28920162190093	5.98907520010904	0	NA	NA	NA	NA	NA	NA	1	-0.494337300106944	0.244369366277023	1	0.633991712785586	0.401945491880801	1	-1.9455531319521	3.78517698924863	1	1.69562127458159	2.87513150681371	1.00164919932148	4376.78263513734	0	1.00120045812923	9995.77647226259	0	0.270220036216387	0.018647197725	0.26937615	0.5292035115	0.413955312308	0.2338757195	0.41431913	0.596371377
419	7	7	benefit_positive_truncnorm	benefit_positive_truncnorm	continuous	1	increasing	benefit	1	1	NA	1.78737246746842	3.52726010648966	700	252	420	700	700	252	508	0.64	0.274285714285714	5.34834427101545	24	24	0	2	1	10	4	1	5000	2500	1	0.95	12	10000	101418	0.7639	0.9998	0.604174598757391	-0.975443145658371	0.583076110910088	2.24651445071592	3.22195759637429	2.59090693021832	1.34537730758739	2.59093675018707	3.82169176562647	2.47631445803908	0.76018711018711	0.966631223975681	-1.97279901728267	0.19657748139913	7.98984040412596	9.96263942140863	0.038	0.9998	5.41508207558606	2.93815266489174	5.42274835194639	7.95982118866504	5.02166852377329	0	NA	NA	NA	NA	NA	NA	1	-1.18319786871103	1.39995719652233	1	0.803534462749893	0.64566763282676	1	-2.56062888251398	6.55682027396479	1	1.8878219690964	3.56387178700302	1.00126600429623	4139.68891478449	0	1.00117689620864	11165.9253574083	0	0.0914917028040648	-0.15162583575	0.089225505	0.33642192575	0.36202164302744	0.18758311725	0.361652025	0.536038095
422	7	7	benefit_positive_truncnorm	benefit_positive_truncnorm	continuous	1	increasing	benefit	1	1	NA	1.59270319791808	2.89996286578781	700	252	420	700	700	252	495	0.64	0.292857142857143	6.25228159728237	24	24	0	2	1	10	4	1	5000	2500	1	0.95	12	10000	101421	0.9575	1	1.43993180347214	-0.171642598642991	1.42733310792702	3.10985567754783	3.28149827619082	2.38799282873229	1.11774990107347	2.3904202768662	3.62944902443054	2.51169912335707	0.955613294359641	2.23160044069751	-0.0655781292547365	0.653846356741387	10.6914298398809	10.7570079691356	0.0763	1	4.62946930846349	2.09068700970383	4.59607168801286	7.31812171084117	5.22743470113734	0	NA	NA	NA	NA	NA	NA	1	-0.152771394445939	0.0233390989609565	1	0.795289630814211	0.632485596880604	1	-0.668362425090304	0.446708331272592	1	1.72950644267567	2.99119253525666	1.00098964509098	4288.72660604031	0	1.00159469803194	11437.3860825334	0	0.218144390302428	-0.0254789353	0.21677559	0.46556167975	0.33801491497087	0.1570637165	0.33834364	0.51586354375
454	7	7	benefit_positive_truncnorm	benefit_positive_truncnorm	continuous	1	increasing	benefit	1	1	NA	1.76878415854479	3.60675757078498	700	252	420	700	700	252	503	0.64	0.281428571428571	6.59152045475963	24	24	0	2	1	10	4	1	5000	2500	1	0.95	12	10000	101453	0.7317	1	0.531009523361155	-1.12742733711337	0.51627951506524	2.2170018717039	3.34442920881727	2.27700108052962	1.0347559478739	2.28364686524488	3.47748162656379	2.44272567868989	0.725982417116831	0.790692207116932	-2.43881288272278	0.163283837920181	7.4203241593794	9.85913704210218	0.0559	1	3.8050539835475	1.62446985642626	3.79884705802956	6.10023032200771	4.47576046558145	0	NA	NA	NA	NA	NA	NA	1	-1.23777463518363	1.53208604750398	1	0.508216921984828	0.258284439791733	1	-2.81606536366805	7.93022413245085	1	0.198296412762526	0.0393214673144862	1.00109989866583	4314.13776168492	0	1.00157948269689	11286.6842901208	0	0.079529435123757	-0.17112776325	0.078501888	0.328022951	0.3231835673388	0.146112486	0.323709975	0.4950926165
432	7	7	benefit_positive_truncnorm	benefit_positive_truncnorm	continuous	1	increasing	benefit	1	1	NA	1.55988399352102	2.31818141071297	700	252	420	700	700	252	483	0.64	0.31	6.80283819024908	24	24	0	2	1	10	4	1	5000	2500	1	0.95	12	10000	101431	0.772	0.9997	0.615494232731737	-0.978513653205216	0.601470889196725	2.27834513165029	3.2568587848555	2.08358602574182	0.849331950993618	2.08251024523568	3.31597929020365	2.46664733921003	0.768530419880034	0.911295904341286	-1.87073042183974	0.193290893982364	7.45018791612138	9.32091833796112	0.0664	0.9997	3.72426296361564	1.12016183420315	3.60423041115598	6.86309587566236	5.7429340414592	0	NA	NA	NA	NA	NA	NA	1	-0.944389760789288	0.891872020283648	1	0.523702032220797	0.274263818552193	1	-1.40688550637169	1.97932682803872	1	1.40608155290267	1.97706533341317	1.00131919341444	4045.92732395692	0	1.00141549494186	10407.8404394312	0	0.0924033437444458	-0.150741954	0.091924215	0.3385389785	0.29901180422568	0.1207890685	0.29903259	0.47657732725
395	7	7	benefit_positive_truncnorm	benefit_positive_truncnorm	continuous	1	increasing	benefit	1	1	NA	1.96692026881501	4.1397312449172	700	252	420	700	700	252	490	0.64	0.3	6.44080777177408	24	24	0	2	1	10	4	1	5000	2500	1	0.95	12	10000	101394	0.9932	0.9997	2.1388488135455	0.462390710431157	2.13722114650294	3.81647783136509	3.35408712093394	2.25292851860034	0.984660148291934	2.25031505971283	3.53765931153786	2.55299916324593	0.992373363688105	3.14816077753951	0.0891226236205302	1.84646390535706	11.7517890011953	11.6626663775747	0.1215	0.9997	4.17095907861259	1.61663037110436	4.06046694500275	7.29743988353108	5.68080951242672	0	NA	NA	NA	NA	NA	NA	1	0.171928544730491	0.0295594244931445	1	0.286008249785328	0.0818007189452667	1	-0.991570467377692	0.983211991775615	1	0.0312278336953877	0.000975177597306793	1.00151530152252	4108.98054157651	0	1.00304823915601	11115.4386984782	0	0.31830025879546	0.0684803867	0.318920645	0.56662899775	0.31651242072766	0.13775843775	0.315560755	0.49983039125
433	7	7	benefit_positive_truncnorm	benefit_positive_truncnorm	continuous	1	increasing	benefit	1	1	NA	2.12590652860676	4.19045941796552	700	252	420	700	700	252	483	0.64	0.31	6.87864623273807	24	24	0	2	1	10	4	1	5000	2500	1	0.95	12	10000	101432	0.7105	0.9984	0.469423384858592	-1.1653951767609	0.459008973218357	2.15449114500439	3.31988632176529	1.83189201316	0.605349285794668	1.83888320685297	3.04497781022201	2.43962852442734	0.70709235054639	0.692527991093812	-2.67045407920672	0.136791686899215	7.21201363821683	9.88246771742355	0.0666	0.9984	3.82985769673558	1.18181295968971	3.81771072200943	6.85568544750862	5.67387248781891	0	NA	NA	NA	NA	NA	NA	1	-1.65648314374817	2.74393640552182	1	-0.294014515446759	0.0864445352933928	1	-3.49793142687171	12.2355242670967	1	-0.360601721229936	0.130033601353992	1.00097512094364	4683.11057255439	0	1.00175461017698	10952.7629526712	0	0.0705315456439899	-0.17834733225	0.070908991	0.322725297	0.261576487788783	0.08556339095	0.26248	0.43830389675
417	7	7	benefit_positive_truncnorm	benefit_positive_truncnorm	continuous	1	increasing	benefit	1	1	NA	1.57258746510618	2.57021204866437	700	252	420	700	700	252	511	0.64	0.27	6.07136996685552	24	24	0	2	1	10	4	1	5000	2500	1	0.95	12	10000	101416	0.9998	0.9998	2.9994594651668	1.2460055547118	2.99220737546401	4.74455611879127	3.49855056407947	2.43124838326795	1.20513507745076	2.42900831410935	3.67521041367303	2.47007533622227	0.999768839574665	5.12743942332141	0.255906569924022	4.27579750296127	14.5741155658981	14.3182089959741	0.1348	0.9998	4.12400320015546	1.66345664253489	3.99020133855272	7.06451875684422	5.40106211430932	0	NA	NA	NA	NA	NA	NA	1	1.42687200006061	2.03596370455698	1	0.858660918161773	0.737298572378419	1	2.55722737465704	6.53941184569533	1	1.55379115149109	2.41426694245201	1.00201066032228	4371.83280447388	0	1.0018416988851	10965.160310857	0	0.43695245177829	0.18638205625	0.435832555	0.68874955175	0.337643258610243	0.16667978025	0.33680744	0.513951748
431	7	7	benefit_positive_truncnorm	benefit_positive_truncnorm	continuous	1	increasing	benefit	1	1	NA	2.14170991823689	4.26664336022135	700	252	420	700	700	252	477	0.64	0.318571428571429	6.64584981394774	24	24	0	2	1	10	4	1	5000	2500	1	0.95	12	10000	101430	0.9886	1	1.89357816817249	0.255117871664301	1.88013655138059	3.58244934276262	3.32733147109832	2.37316601190078	1.11226290698067	2.3749849271726	3.63130325877225	2.51904035179158	0.98758389261745	2.80349859406147	0.0575897264108278	1.24766787194852	11.4502954992607	11.3927057728499	0.106	1	5.13675232887019	2.31752144616767	4.97195219278088	8.81641805527355	6.49889660910588	0	NA	NA	NA	NA	NA	NA	1	-0.248131750064405	0.0615693653900243	1	0.231456093663891	0.0535719232941477	1	-1.46314476615988	2.14079260674105	1	0.870108968648845	0.757089617323156	1.00098065141126	4479.13068252215	0	1.00199463337518	10085.4051202428	0	0.284760418016451	0.03884049195	0.283840535	0.5329830945	0.33704225230671	0.156986802	0.33690254	0.5188113605
437	7	7	benefit_positive_truncnorm	benefit_positive_truncnorm	continuous	1	increasing	benefit	1	1	NA	1.76036474336578	3.26119365340014	700	252	420	700	700	252	473	0.64	0.324285714285714	7.09997114115213	24	24	0	2	1	10	4	1	5000	2500	1	0.95	12	10000	101436	0.8909	0.9291	1.03461060577372	-0.570734106431912	1.02976280613282	2.67554349057541	3.24627759700732	0.947678487413123	-0.317084885232757	0.947129277460028	2.19853999593677	2.51562488116953	0.886763580719204	1.60653747523116	-0.368453596357897	0.40452275765578	9.25972106535574	9.62817466171364	0.0851	0.9291	1.85843498505127	-0.558777294334036	1.81549005580325	4.60278079985012	5.16155809418416	0	NA	NA	NA	NA	NA	NA	1	-0.725754137592056	0.526719068231989	1	-0.812686255952654	0.660458950614342	1	-1.65465617816898	2.73788706795278	1	-1.40275866834887	1.96773188162791	1.00101504214328	4236.75610554627	0	1.00140916999555	10615.3204318071	0	0.157042766876826	-0.089556281	0.157018685	0.40545204075	0.135642286181142	-0.044808028125	0.135297755	0.3152862665
436	7	7	benefit_positive_truncnorm	benefit_positive_truncnorm	continuous	1	increasing	benefit	1	1	NA	1.76021032737452	2.85588118428071	700	252	420	700	700	252	501	0.64	0.284285714285714	6.51365498854506	24	24	0	2	1	10	4	1	5000	2500	1	0.95	12	10000	101435	0.9996	1	3.10200369695908	1.42296762401275	3.10268714590673	4.82785146519759	3.40488384118485	3.3329334653835	2.07486220525386	3.332972472536	4.56740253408118	2.49254032882732	0.999510403916769	4.49976776936518	0.240359738415444	3.63287368798574	13.5047346040872	13.2643748656718	0.183	1	5.83223011605057	3.2884453577946	5.60754402514537	9.84059026752214	6.55214490972754	0	NA	NA	NA	NA	NA	NA	1	1.34179336958456	1.8004094466611	0	1.57272313800898	2.47345806882882	1	1.64388658508447	2.70236310462067	0	2.97634893176986	8.85865296364758	1.00106160476388	4004.22223383683	0	1.00095228959876	10432.3556685255	0	0.46414041834229	0.2162440195	0.46348023	0.721195976	0.4698965703272	0.290562629	0.469616675	0.6502941605
450	7	7	benefit_positive_truncnorm	benefit_positive_truncnorm	continuous	1	increasing	benefit	1	1	NA	1.76316301118883	3.43915442723281	700	252	420	700	700	252	453	0.64	0.352857142857143	7.0484529259325	24	24	0	2	1	10	4	1	5000	2500	1	0.95	12	10000	101449	0.8088	0.9881	0.737670599040546	-0.957652051178483	0.736225447380999	2.45159572619043	3.40924777736891	1.43717797920782	0.211480145730101	1.43812399880592	2.70018671433017	2.48870656860007	0.806224489795918	1.50283362960402	-2.6054185283921	0.360638035175378	9.75277641358057	12.3581949419727	0.02	0.9881	3.79902190463643	0.511801471967956	3.76832534406608	7.67303049880877	7.16122902684081	0	NA	NA	NA	NA	NA	NA	1	-1.02549241214828	1.05163468737371	1	-0.325985031981006	0.106266241075657	1	-1.93632079762879	3.74933823132981	1	0.359867477403617	0.129504601292843	1.00147907130027	4089.75317862174	0	1.0017141830415	10703.8445883283	0	0.109378607383304	-0.14434329575	0.110313185	0.36076102975	0.205688562430387	0.030409621025	0.20587834	0.38763690325
458	7	7	benefit_positive_truncnorm	benefit_positive_truncnorm	continuous	1	increasing	benefit	1	1	NA	1.38708641666217	2.45756920157063	700	252	420	700	700	252	480	0.64	0.314285714285714	7.5521317436211	24	24	0	2	1	10	4	1	5000	2500	1	0.95	12	10000	101457	0.8946	1	1.06251516768565	-0.567196419484706	1.06602140185575	2.74953249781936	3.31672891730407	2.418911115258	1.15288553864336	2.4295567517283	3.65262177162476	2.49973623298139	0.888742013659396	1.46004336986663	-0.316345184209439	0.379538297995605	8.6157885690498	8.93213375325924	0.0922	1	4.08017792250693	1.79830272482537	3.98838920474734	7.3240091491378	5.52570642431243	0	NA	NA	NA	NA	NA	NA	1	-0.324571248976517	0.105346495662176	1	1.03182469859583	1.06466220863238	1	-0.997525831703994	0.995057784916745	1	1.6226087209363	2.63285906125854	1.00169546641532	4606.05455975759	0	1.00361133551901	11520.7980883784	0	0.161225430260768	-0.088058517775	0.16130346	0.41405955075	0.3448104005092	0.16340082175	0.345363135	0.52549045975
438	7	7	benefit_positive_truncnorm	benefit_positive_truncnorm	continuous	1	increasing	benefit	1	1	NA	2.10077816643428	4.24320653165862	700	252	420	700	700	252	484	0.64	0.308571428571429	6.71636449186071	24	24	0	2	1	10	4	1	5000	2500	1	0.95	12	10000	101437	0.9103	0.9992	1.1400208362622	-0.503392725796624	1.13691301839589	2.84058407798427	3.3439768037809	2.00748983258643	0.739820150279774	2.01397423322222	3.24413395032577	2.504313800046	0.906287198355156	1.72097251540485	-0.271762266914235	0.439005255103428	9.51424985789997	9.7860121248142	0.0759	0.9992	4.32955905636243	1.52804734438597	4.38610612678877	7.06055481277783	5.53250746839186	0	NA	NA	NA	NA	NA	NA	1	-0.960757330172073	0.92305464747937	1	-0.093288333847847	0.00870271323210735	1	-2.52223401625377	6.36166443274761	1	0.0863525247038162	0.00745675852272318	1.0012275246448	3856.38029662141	0	1.00143729454716	10303.0150984169	0	0.169527268325294	-0.075463818075	0.16975677	0.417075064	0.28104518559802	0.103459881	0.281547995	0.45546894675
452	7	7	benefit_positive_truncnorm	benefit_positive_truncnorm	continuous	1	increasing	benefit	1	1	NA	1.45311254991046	2.35510142598633	700	252	420	700	700	252	478	0.64	0.317142857142857	6.40522632119215	24	24	0	2	1	10	4	1	5000	2500	1	0.95	12	10000	101451	0.5479	0.9955	0.0991235897141166	-1.54343618935849	0.0975730776647525	1.73281569687775	3.27625188623624	1.65883762954698	0.396598515348744	1.66405071790943	2.9025497982662	2.50595128291746	0.541437632135307	0.174186523361722	-4.48605842552167	0.0226551743662338	5.64374305603449	10.1298014815562	0.054	0.9955	3.23881778747093	0.712173553738791	3.17383470618753	6.16646466271011	5.45429110897132	0	NA	NA	NA	NA	NA	NA	1	-1.35398896019634	1.83328610433358	1	0.205725079636517	0.0423228083914514	1	-2.18091490262461	4.7563898124901	1	0.883716361484602	0.780954607555584	1.0009692041472	4520.43375607936	0	1.00086757666678	10784.3926112196	0	0.0142830308492919	-0.2376867155	0.0152142185	0.26170212825	0.237078324905971	0.056777099825	0.2374886	0.41599750775
449	7	7	benefit_positive_truncnorm	benefit_positive_truncnorm	continuous	1	increasing	benefit	1	1	NA	1.62322856132754	3.2072150667418	700	252	420	700	700	252	493	0.64	0.295714285714286	6.09468244261885	24	24	0	2	1	10	4	1	5000	2500	1	0.95	12	10000	101448	0.9614	0.9999	1.54818796810238	-0.170483601932739	1.55200652991985	3.29302078081033	3.46350438274307	2.53624836878092	1.22576333120387	2.5363995873429	3.81630245027621	2.59053911907233	0.959433354797167	2.47481569343787	-0.0642575208079198	0.799832767550584	11.0518292837653	11.1160868045732	0.0682	0.9999	5.67118853459075	2.97006896166209	5.67359972617451	8.38067966279009	5.410610701128	0	NA	NA	NA	NA	NA	NA	1	-0.0750405932251623	0.00563109063158428	1	0.913019807453375	0.833605168802197	1	-0.732399373303934	0.536408842015995	1	2.46397346784895	6.07116525026358	1.00135095176867	4220.86735412864	0	1.00148886361615	10854.6130867601	0	0.225791628064714	-0.024999524	0.227676165	0.474031712	0.35112823488203	0.16834118275	0.3506758	0.531181813
448	7	7	benefit_positive_truncnorm	benefit_positive_truncnorm	continuous	1	increasing	benefit	1	1	NA	1.86640445280854	3.44397627959533	700	252	420	700	700	252	496	0.64	0.291428571428571	6.13957971659296	24	24	0	2	1	10	4	1	5000	2500	1	0.95	12	10000	101447	0.8752	0.9971	0.973606207521993	-0.70482769912825	0.974776136065657	2.66910039316998	3.37392809229823	1.72279791726921	0.460270342971767	1.71834283433327	2.96857385105559	2.50830350808383	0.871713985278654	1.55151254395992	-0.530736512300441	0.389099162348416	9.31857467658966	9.8493111888901	0.049	0.9971	2.79228912149427	0.714485533657849	2.70908989501008	5.20940970477863	4.49492417112078	0	NA	NA	NA	NA	NA	NA	1	-0.892798245286549	0.797088706786741	1	-0.14360653553933	0.0206228370496088	1	-1.8924637356354	3.58141899069511	1	-0.651687158101057	0.424696152033833	1.00141541512439	4181.93853194139	0	1.00132071919439	10935.8390230025	0	0.144493739963486	-0.10521463925	0.14486826	0.39343161525	0.239875220011695	0.063909357175	0.23876544	0.41541053225
442	7	7	benefit_positive_truncnorm	benefit_positive_truncnorm	continuous	1	increasing	benefit	1	1	NA	1.89580316950329	3.09280113017948	700	252	420	700	700	252	476	0.64	0.32	7.15845528244823	24	24	0	2	1	10	4	1	5000	2500	1	0.95	12	10000	101441	0.9319	0.9974	1.21543682109956	-0.349117215968583	1.20461510611129	2.87475112907961	3.22386834504819	1.76180959058323	0.537339920461288	1.76072917882224	2.99020795595843	2.45286803549715	0.929514000643708	1.96505344999549	-0.174468129726955	0.549482809439255	9.96062263097489	10.1350907607018	0.0679	0.9974	3.83217692691495	1.12292648349439	3.6701979348416	7.48897716945217	6.36605068595779	0	NA	NA	NA	NA	NA	NA	1	-0.680366348403724	0.462898368040218	1	-0.13399357892006	0.0179542791918063	1	-1.127747680184	1.27181483016038	1	0.73937579673547	0.546676568798211	1.00111047069634	4561.39359347375	0	1.00140488425713	10756.1465200805	0	0.185585193633952	-0.052564181375	0.184577915	0.43463037175	0.250804595469421	0.077070665625	0.250197705	0.429090996
439	7	7	benefit_positive_truncnorm	benefit_positive_truncnorm	continuous	1	increasing	benefit	1	1	NA	2.2165847965552	4.53825245131411	700	252	420	700	700	252	483	0.64	0.31	6.53242961295862	24	24	0	2	1	10	4	1	5000	2500	1	0.95	12	10000	101438	0.9975	1	2.36146952629782	0.712362231340685	2.36420113706283	4.03495219870806	3.32258996736737	2.75947576886449	1.48661018742454	2.76598211610984	3.98680668633832	2.50019649891379	0.997231833910035	3.44345043477884	0.129449024632469	2.09368475144791	12.1799705385594	12.050521513927	0.133	1	6.39922695065456	3.13966965177853	6.43182143723571	9.55254518444191	6.41287553266339	0	NA	NA	NA	NA	NA	NA	1	0.144884729742616	0.020991584912591	1	0.542890972309292	0.294730607814928	1	-1.09480201653527	1.1985914554097	1	1.86097449934045	3.46322608719546	1.00122427392258	4364.20922091074	0	1.00153142122327	11802.0494553922	0	0.35153248998536	0.10936548425	0.35216042	0.59724846125	0.39028484154064	0.209510635	0.39067585	0.56952279825
453	7	7	benefit_positive_truncnorm	benefit_positive_truncnorm	continuous	1	increasing	benefit	1	1	NA	2.34618795973841	4.43831014575136	700	252	420	700	700	252	468	0.64	0.331428571428571	7.87658154806338	24	24	0	2	1	10	4	1	5000	2500	1	0.95	12	10000	101452	0.98	0.9995	1.68973953711803	0.0654410207895973	1.68422943022691	3.34698074991262	3.28153972912302	2.06747134266853	0.813175234842994	2.06865515990784	3.28821953424197	2.47504429939898	0.978084693528136	2.32553804703994	0.00943305277997908	0.81501592408107	10.1626092674837	10.1531762147038	0.1239	0.9995	4.25849110254003	1.60198248393717	4.11452298336415	7.56712128101684	5.96513879707967	0	NA	NA	NA	NA	NA	NA	1	-0.656448422620382	0.430924531560788	1	-0.278716617069878	0.077682952630877	1	-2.11277209871143	4.4638059410935	1	-0.179819043211337	0.0323348883014406	1.00179259410882	3899.75848804179	0	1.00156005262478	11220.4531509134	0	0.261574177776486	0.010450545625	0.26024227	0.513187893	0.30228467180206	0.11771606275	0.301582885	0.48143644775
451	7	7	benefit_positive_truncnorm	benefit_positive_truncnorm	continuous	1	increasing	benefit	1	1	NA	2.70888034557421	6.01674429451412	700	252	420	700	700	252	467	0.64	0.332857142857143	7.52331616394705	24	24	0	2	1	10	4	1	5000	2500	1	0.95	12	10000	101450	0.9771	0.9997	1.65762416832467	0.0375102532452327	1.65245691161844	3.33055012869165	3.29303987544641	2.20521962395473	0.949280209307853	2.20031527702297	3.50439129736439	2.55511108805654	0.975708959439611	2.38402875168035	0.00459179116252351	0.840146286008601	10.2525626441265	10.2479708529639	0.1149	0.9997	5.83849992156862	2.27122933254038	5.9414827012269	9.26059719147385	6.98936785893347	0	NA	NA	NA	NA	NA	NA	1	-1.05125617724954	1.10513955020531	1	-0.503660721619481	0.253674122502256	1	-3.63271554283377	13.196622215146	1	-0.178244372945501	0.0317710564867347	1.00108060283849	4237.84977917108	0	1.00181504733557	11106.1971649708	0	0.251306425400975	0.00589033390500001	0.25076397	0.5001874645	0.316502693253022	0.13531849575	0.31530114	0.50494776275
447	7	7	benefit_positive_truncnorm	benefit_positive_truncnorm	continuous	1	increasing	benefit	1	1	NA	1.69488825843594	2.93764825400737	700	252	420	700	700	252	493	0.64	0.295714285714286	7.05898746391751	24	24	0	2	1	10	4	1	5000	2500	1	0.95	12	10000	101446	0.9915	1	2.02734370526551	0.382748087581686	2.0242402353171	3.72043584609898	3.33768775851729	2.79328786707182	1.53462086230269	2.79337250973001	4.03907858556622	2.50445772326353	0.990743838519014	3.35736018814717	0.0808646267413358	2.09766920367401	12.2090398458323	12.128175219091	0.1033	1	5.10529713959254	2.549509903554	5.05106936035964	8.008721902777	5.459211999223	0	NA	NA	NA	NA	NA	NA	1	0.33245544682957	0.110526624126649	1	1.09839960863588	1.20648170025147	1	0.419711934139802	0.176158107659374	1	2.16764888558517	4.69870169117864	1.00116323406219	4223.97708405212	0	1.00121962117635	10633.6729338213	0	0.303509543199902	0.058828633425	0.30431275	0.55369327975	0.3953152155935	0.21600131425	0.395277965	0.57480196025
443	7	7	benefit_positive_truncnorm	benefit_positive_truncnorm	continuous	1	increasing	benefit	1	1	NA	1.87930422179922	3.27510137347919	700	252	420	700	700	252	465	0.64	0.335714285714286	7.57213012239286	24	24	0	2	1	10	4	1	5000	2500	1	0.95	12	10000	101442	0.9616	1	1.46276575242244	-0.163271826598583	1.45351931138932	3.09228494541541	3.25555677201399	2.7679711123297	1.5245076492275	2.76480483189672	4.02909859671457	2.50459094748707	0.958587226359738	2.09905596981705	-0.0624328321000613	0.632761207083145	9.81579741530423	9.87823024740429	0.1138	1	6.70101235951195	3.56683694658357	6.63614379096278	10.0198050097083	6.45296806312476	1e-04	NA	NA	NA	NA	NA	NA	1	-0.416538469376779	0.17350429647075	1	0.888666890530482	0.789728842325115	1	-1.17604540366214	1.38308279147485	0	3.42591098603276	11.73686608422	1.00195425395482	4413.81358901644	0	1.00151125548069	10920.8260863324	0	0.222738199322663	-0.02633859835	0.2225099	0.4690338505	0.3991895411265	0.21963059225	0.39885035	0.582684851
441	7	7	benefit_positive_truncnorm	benefit_positive_truncnorm	continuous	1	increasing	benefit	1	1	NA	2.21227802884819	4.93073307393697	700	252	420	700	700	252	461	0.64	0.341428571428571	6.87678229333814	24	24	0	2	1	10	4	1	5000	2500	1	0.95	12	10000	101440	0.9999	1	3.08459566278096	1.40838311600286	3.09147651164035	4.73876406646177	3.33038095045891	3.34112427420782	2.07872701173807	3.34721062947349	4.58815284007697	2.5094258283389	0.999875202795457	4.33835935199534	0.231318768712637	3.43525237449324	13.2289843356586	12.997665566946	0.1987	1	8.24702299403819	5.21765804575731	8.2763217486429	11.4507373568301	6.2330793110728	0.001	NA	NA	NA	NA	NA	NA	1	0.872317633932769	0.760938054470064	1	1.12884624535964	1.27429384566255	1	-0.592373721941623	0.350906626446972	0	3.31628992010123	10.997778834165	1.00156557737913	4533.06403829916	0	1.00133127298668	11150.266618141	0	0.4633698713099	0.21554020025	0.46428502	0.7113733805	0.4759961578512	0.29558251125	0.476141745	0.658591184
440	7	7	benefit_positive_truncnorm	benefit_positive_truncnorm	continuous	1	increasing	benefit	1	1	NA	1.98507439058012	4.24879073115111	700	252	420	700	700	252	489	0.64	0.301428571428571	7.09749973597965	24	24	0	2	1	10	4	1	5000	2500	1	0.95	12	10000	101439	0.5074	0.9925	0.0296552011300528	-1.62713161696769	0.0159567405086269	1.75132058577729	3.37845220274498	1.57832712922001	0.352061263491558	1.56746602693547	2.79431328448597	2.44225202099442	0.505735248527436	0.0880270358889215	-5.75161806034131	0.00387157576328967	6.46276428992949	12.2143823502708	0.0323	0.9925	3.23786080714714	0.565342307238469	3.170772660386	6.28555477133931	5.72021246410084	0	NA	NA	NA	NA	NA	NA	0	-1.95541918945007	3.82366420646957	1	-0.406747261360108	0.165443334623948	1	-4.16076369526219	17.3119545278119	1	-1.01092992400398	1.02197931124669	1.0011523625537	4089.65292326518	0	1.00293936744501	11565.0641445436	0	0.00367640596193916	-0.2458961165	0.00228951655	0.25533512775	0.224302036532053	0.049380622575	0.221972745	0.39957641675
457	7	7	benefit_positive_truncnorm	benefit_positive_truncnorm	continuous	1	increasing	benefit	1	1	NA	2.37213069235301	4.87540957809702	700	252	420	700	700	252	472	0.64	0.325714285714286	7.30170859436563	24	24	0	2	1	10	4	1	5000	2500	1	0.95	12	10000	101456	0.9988	1	2.52881548548211	0.892703134409397	2.53606976707889	4.1606129287337	3.26790979432431	3.00080337791357	1.77288323557554	2.99825524943984	4.21458912182874	2.4417058862532	0.998799519807923	3.81744740384275	0.173154747126163	2.76795977961333	12.4129398998908	12.2397851527646	0.167	1	7.07123991531095	3.88779287908016	7.05171408375387	10.4617118269645	6.5739189478843	1e-04	NA	NA	NA	NA	NA	NA	1	0.156684793129095	0.0245501243979072	1	0.628672685560558	0.395229345569925	1	-1.05796217425427	1.11928396215282	1	2.19583033721394	4.82167086982907	1.00127640961772	3714.15600944653	0	1.00117911033461	10390.386193388	0	0.39410560079318	0.1422296735	0.39529536	0.6463176315	0.43924384284	0.2581759865	0.43832823	0.621970179
456	7	7	benefit_positive_truncnorm	benefit_positive_truncnorm	continuous	1	increasing	benefit	1	1	NA	1.9119591789567	3.87355071963714	700	252	420	700	700	252	472	0.64	0.325714285714286	6.65805292977261	24	24	0	2	1	10	4	1	5000	2500	1	0.95	12	10000	101455	0.9952	1	2.22237819826166	0.539122178740043	2.2276161862045	3.90996050783281	3.37083832909276	2.90488173428577	1.61356980042763	2.90843912690667	4.1765187131709	2.56294891274327	0.994545032497679	3.15454575414587	0.103642295652546	1.81911542059364	11.6266486578696	11.523006362217	0.1384	1	6.21725493290527	3.35890485060473	6.13022059565073	9.63408973992611	6.27518488932137	2e-04	NA	NA	NA	NA	NA	NA	1	0.310419019304952	0.0963599675462481	1	0.992922555329063	0.985895200881196	1	-0.719004965491262	0.516968140401092	1	2.34370421326814	5.49294943929081	1.00125019894452	4152.81208895761	0	1.00186483723199	12376.1383590108	0	0.33174292484798	0.083126507075	0.33196762	0.580192023	0.4123367397411	0.2277840665	0.41256587	0.595692123
455	7	7	benefit_positive_truncnorm	benefit_positive_truncnorm	continuous	1	increasing	benefit	1	1	NA	2.01792828745124	4.21460338593635	700	252	420	700	700	252	456	0.64	0.348571428571429	8.01343561216078	24	24	0	2	1	10	4	1	5000	2500	1	0.95	12	10000	101454	0.9981	1	2.32997355756052	0.678162018901603	2.31686737236592	4.04640171084657	3.36823969194497	3.41027375913239	2.12069044232493	3.41812266529313	4.65526390891284	2.53457346658791	0.997968566235433	3.5934734579976	0.165968038368716	2.37590210724698	12.7194019514287	12.55343391306	0.0647	1	7.9598569434632	4.48752486443072	7.85518349729431	11.8339776571504	7.34645279271963	0.0059	NA	NA	NA	NA	NA	NA	1	0.312045270109279	0.0973722505975728	0	1.39234547168115	1.938625912511	1	-0.621129927938745	0.385802387381191	0	3.74525355752685	14.0269242101675	1.00171039967844	4490.26026902601	0	1.00130529472812	11580.7636403144	0	0.34887794607364	0.1037160405	0.347599535	0.6009523165	0.491769885504	0.30287369325	0.49192247	0.67815101775
444	7	7	benefit_positive_truncnorm	benefit_positive_truncnorm	continuous	1	increasing	benefit	1	1	NA	2.25599925620083	4.55744210758754	700	252	420	700	700	252	478	0.64	0.317142857142857	6.61113085502924	24	24	0	2	1	10	4	1	5000	2500	1	0.95	12	10000	101443	0.9797	0.9998	1.70568346504531	0.0801897396584314	1.70466441714136	3.39945383362494	3.31926409396651	2.42311624329098	1.15819541237761	2.41857307626876	3.66737075375501	2.5091753413774	0.977698879396427	2.44220227838355	0.0159808001314394	0.814719268937193	10.6744166358626	10.6584358357312	0.0987	0.9998	5.13590593494138	2.00812939188132	5.08094184245702	8.6894125094454	6.68128311756409	0	NA	NA	NA	NA	NA	NA	1	-0.550315791155522	0.302847469995128	1	0.167116987090148	0.0279280873740887	1	-2.11523982920399	4.47423953505092	1	0.578463827353844	0.334620399556858	1.00153683305573	4698.92400803398	0	1.00169155136022	11129.546724594	0	0.254324124358304	0.01176093795	0.255321795	0.5014553605	0.34214672819952	0.1628063975	0.34151701	0.52179399275
445	7	7	benefit_positive_truncnorm	benefit_positive_truncnorm	continuous	1	increasing	benefit	1	1	NA	2.13524976819058	4.74568989490254	700	252	420	700	700	252	463	0.64	0.338571428571429	7.34170014453822	24	24	0	2	1	10	4	1	5000	2500	1	0.95	12	10000	101444	0.9524	1	1.38456989060192	-0.232937214453256	1.3764962530906	3.04385840927046	3.27679562372372	3.1326066480266	1.86742888766514	3.12753784614875	4.41176692936603	2.54433804170089	0.949575195851263	2.09220050216695	-0.104890431031948	0.613835513096856	10.0428199773754	10.1477104084073	0.0937	1	8.55697245778363	5.06333587530483	8.30773379974757	12.99032555103	7.92698967572515	0.0021	NA	NA	NA	NA	NA	NA	1	-0.75067987758866	0.563520278616526	1	0.997356879836015	0.994720745756231	1	-2.65348939273558	7.04100595736026	0	3.81128256288109	14.5258747741214	1.00079927760441	4445.16124771613	0	1.00216933439138	12991.7189460787	0	0.21134525888123	-0.0364053548	0.211252285	0.46016449225	0.457367324964	0.27059000175	0.456036875	0.64964618525
460	7	7	benefit_positive_truncnorm	benefit_positive_truncnorm	continuous	1	increasing	benefit	1	1	NA	1.40001491031948	2.52466709316567	700	252	420	700	700	252	497	0.64	0.29	6.06058807114436	24	24	0	2	1	10	4	1	5000	2500	1	0.95	12	10000	101459	0.7053	0.9958	0.463704238375036	-1.17256474919836	0.455321954290072	2.15880152005882	3.33136626925718	1.71017477915808	0.457548103835965	1.71872474050227	2.96455783480388	2.50700973096791	0.70367722165475	0.960816572669444	-3.63023843265943	0.186873922192014	8.47144837336501	12.1016868060244	0.021	0.9958	2.97289283166798	0.672914799800138	2.92952051639172	5.59781599838614	4.924901198586	0	NA	NA	NA	NA	NA	NA	1	-0.936310671944442	0.876677674397052	1	0.3101598688386	0.0961991442379778	1	-1.56385052049623	2.44562845045632	1	0.448225738502309	0.20090631265594	1.0014926748535	4323.26080484403	0	1.00139765298289	11443.2699139185	0	0.0675035136311893	-0.173271397	0.06773875	0.31256008825	0.237219211545575	0.063810838	0.23800533	0.41272043775
467	7	7	benefit_positive_truncnorm	benefit_positive_truncnorm	continuous	1	increasing	benefit	1	1	NA	1.8864729487566	3.47984236765666	700	252	420	700	700	252	474	0.64	0.322857142857143	7.17044750682033	24	24	0	2	1	10	4	1	5000	2500	1	0.95	12	10000	101466	0.927	0.9987	1.1739231392321	-0.395353704030189	1.16830638812668	2.78835060171613	3.18370430574632	1.96551348508792	0.707288222039438	1.96522400921673	3.19394250984352	2.48665428780408	0.924671052631579	1.77990657019229	-0.180753249565875	0.479188644897342	9.52035435522054	9.70110760478642	0.088	0.9987	3.78076913545134	1.27570841784062	3.71561105691824	6.7334121153254	5.45770369748478	0	NA	NA	NA	NA	NA	NA	1	-0.712549809524498	0.507727231053399	1	0.0790405363313216	0.00624740638354297	1	-1.69993579746436	2.88978171550079	1	0.300926767794687	0.0905569195753572	1.00134950080093	4462.13918158594	0	1.00164796832165	11367.1263720919	0	0.183205528564331	-0.0621518657	0.183004865	0.432903104	0.28457077613262	0.1013792315	0.284390645	0.46473412075
469	7	7	benefit_positive_truncnorm	benefit_positive_truncnorm	continuous	1	increasing	benefit	1	1	NA	2.46717936000763	4.84461566856407	700	252	420	700	700	252	495	0.64	0.292857142857143	6.43845061653174	24	24	0	2	1	10	4	1	5000	2500	1	0.95	12	10000	101468	0.9998	1	2.84841199178492	1.23249749931896	2.83708605785568	4.53976052511388	3.30726302579492	3.38499851378127	2.13260794684218	3.39128284036642	4.60920332481122	2.47659537796904	0.999759644273525	4.31158648861026	0.209147486071442	3.28687865558951	13.3666323099449	13.1574848238734	0.1679	1	6.44936153347698	3.6413519786789	6.37926376368298	9.4481049787751	5.8067530000962	0	NA	NA	NA	NA	NA	NA	1	0.381232631777294	0.145338319531842	1	0.917819153773638	0.842391999033756	1	-0.533029179953812	0.284120106682233	1	1.60474586491291	2.57520929095507	1.00139623344446	4325.46014604466	0	1.00099353165247	10710.4191572721	0	0.42564770518625	0.188827405	0.422336165	0.6753519755	0.481089349488	0.3008113575	0.481267375	0.661058703
461	7	7	benefit_positive_truncnorm	benefit_positive_truncnorm	continuous	1	increasing	benefit	1	1	NA	1.50473455691719	2.69554219047378	700	252	420	700	700	252	495	0.64	0.292857142857143	5.34192905048401	24	24	0	2	1	10	4	1	5000	2500	1	0.95	12	10000	101460	0.9754	1	1.74903334298935	0.00409495074776175	1.74688346922582	3.51134579293685	3.50725084218909	3.07997591536046	1.77850150249544	3.0793979268014	4.39212119285614	2.6136196903607	0.974470800978619	2.83593407453196	-0.00105067193760888	1.22079577985965	11.7262428382731	11.7272935102107	0.0599	1	5.89360845582779	2.96858793415044	5.76128626298292	9.4820335529665	6.51344561881606	0	NA	NA	NA	NA	NA	NA	1	0.244298786072159	0.0596818968763303	0	1.57524135844327	2.48138533735021	1	0.140391884058176	0.0197098811094043	0	3.19806626535401	10.2276278375954	1.00249628695082	4040.8753718763	0	1.00121158594122	11682.6587802695	0	0.252081177258667	0.000589479783000004	0.252163825	0.50192049875	0.4179012055852	0.23974844775	0.41731816	0.59941425925
459	7	7	benefit_positive_truncnorm	benefit_positive_truncnorm	continuous	1	increasing	benefit	1	1	NA	2.4242730017832	5.2844110276016	700	252	420	700	700	252	472	0.64	0.325714285714286	6.99815126265338	24	24	0	2	1	10	4	1	5000	2500	1	0.95	12	10000	101458	0.9945	1	2.14856583995087	0.522036125969894	2.13796287762479	3.84926651251922	3.32723038654932	3.09329306321536	1.82150309930113	3.0905381816604	4.35043354334974	2.52893044404861	0.993781667434362	3.00927555580187	0.1008536459092	1.66060551553434	11.3969326574866	11.2960790115774	0.1316	1	6.99650549782352	3.45983834289458	6.96975433400496	10.9829569743571	7.52311863146251	1e-04	NA	NA	NA	NA	NA	NA	1	-0.275707161832322	0.0760144390856344	1	0.669020061432164	0.447587842598696	1	-2.27513547179972	5.17624141504135	1	1.71209447022192	2.93126747496449	1.00198983976812	4294.32294302003	0	1.0016846455338	11560.2674976164	0	0.326497127763181	0.08055173975	0.326441625	0.58080820025	0.4438131310956	0.25932303175	0.44298931	0.6287590365
462	7	7	benefit_positive_truncnorm	benefit_positive_truncnorm	continuous	1	increasing	benefit	1	1	NA	1.80925984796996	3.32627894393404	700	252	420	700	700	252	493	0.64	0.295714285714286	7.08156712720005	24	24	0	2	1	10	4	1	5000	2500	1	0.95	12	10000	101461	0.9964	0.9912	2.25377539562795	0.573322792365649	2.2518496858557	3.90601040130987	3.33268760894422	1.53508330677853	0.283023458338056	1.53201222566933	2.79600291376921	2.51297945543115	0.996009389671362	3.21698850587802	0.118459877848881	1.94905405560256	11.5447111551685	11.4262512773196	0.148	0.9912	3.05931851909893	0.505204625599599	2.98764866676181	5.96474308217889	5.45953845657929	0	NA	NA	NA	NA	NA	NA	1	0.444515547657993	0.197594072109686	1	-0.274176541191427	0.0751727757396945	1	-0.109290438056018	0.0119443998504764	1	-0.266960424835101	0.0712678684281374	1.00227230515559	4812.13756557453	0	1.00083917682222	10765.1679041173	0	0.337593084880229	0.087295955825	0.337584695	0.585938399	0.216597704901293	0.039814524325	0.215685395	0.3955748885
470	7	7	benefit_positive_truncnorm	benefit_positive_truncnorm	continuous	1	increasing	benefit	1	1	NA	1.9758153018057	3.79083887680978	700	252	420	700	700	252	488	0.64	0.302857142857143	6.5506986120047	24	24	0	2	1	10	4	1	5000	2500	1	0.95	12	10000	101469	0.9891	1	1.92196261520686	0.277746624382865	1.91829438842178	3.63514090273323	3.35739427835036	2.53120663826141	1.30063732484841	2.53739321619617	3.76997190208517	2.46933457723676	0.988174343957653	2.81132498172383	0.0665185309726496	1.309024686341	11.4495020878618	11.3829835568892	0.1121	1	4.34371776005017	1.9745581644399	4.22558267765647	7.24810699328663	5.27354882884673	0	NA	NA	NA	NA	NA	NA	1	-0.0538526865988469	0.00290011185391362	1	0.555391336455705	0.308459536610054	1	-0.979513895085955	0.95944747066646	1	0.552878883240387	0.305675059533138	1.00194139621717	4333.97526065164	0	1.00131091642221	10937.5940411338	0	0.287102147588308	0.04244528785	0.286897385	0.5399586205	0.355251964982	0.1808177395	0.355782265	0.534308765
463	7	7	benefit_positive_truncnorm	benefit_positive_truncnorm	continuous	1	increasing	benefit	1	1	NA	2.23045195510065	4.2387684763362	700	252	420	700	700	252	482	0.64	0.311428571428571	6.46294976931876	24	24	0	2	1	10	4	1	5000	2500	1	0.95	12	10000	101462	0.9866	0.9921	1.8079247706585	0.199695398459175	1.78579186162296	3.52462538132449	3.32492998286531	1.55374101956414	0.299378720964264	1.5578905085071	2.80307453994254	2.50369581897828	0.985984427141268	2.76536250260802	0.0394504310416583	1.2020149228554	11.3734542205003	11.3340037894587	0.101	0.9921	3.47620076354803	0.627291616310622	3.4362760048918	6.80839661571315	6.18110499940252	0	NA	NA	NA	NA	NA	NA	1	-0.422527184442147	0.178529221592608	1	-0.676710935536516	0.457937690274707	1	-1.47340597372818	2.1709251634179	1	-0.762567712788173	0.581509516586985	1.00130478036224	4638.33225107841	0	1.00155535531962	9979.35959513958	0	0.269580829144553	0.029847733075	0.26767056	0.52008095725	0.217588827662659	0.041925572225	0.21824173	0.395629196
464	7	7	benefit_positive_truncnorm	benefit_positive_truncnorm	continuous	1	increasing	benefit	1	1	NA	1.70172019568958	2.8018947539454	700	252	420	700	700	252	479	0.64	0.315714285714286	7.22080973025601	24	24	0	2	1	10	4	1	5000	2500	1	0.95	12	10000	101463	0.8946	0.9999	1.0238854448253	-0.605921946821877	1.01412118945552	2.65134367140057	3.25726561822245	2.27296096866694	1.02190860510028	2.26878903415109	3.5160315357928	2.49412293069252	0.890856716099435	1.65231602526781	-0.409368073069382	0.427619883280393	9.29084340523242	9.7002114783018	0.0627	0.9999	4.55516290304143	1.71626101760732	4.46239104782177	8.083394725046	6.36713370743868	0	NA	NA	NA	NA	NA	NA	1	-0.677834750864276	0.459459949479235	1	0.571240772977362	0.326316020711774	1	-1.14957872867758	1.32153125342797	1	1.75326814909604	3.07394920263464	1.00097887706007	4709.55598420377	0	1.00171415856263	12373.6504674688	0	0.157343969099308	-0.091584758225	0.157641315	0.4031367755	0.32761200946183	0.146968219	0.326474105	0.50896766575
466	7	7	benefit_positive_truncnorm	benefit_positive_truncnorm	continuous	1	increasing	benefit	1	1	NA	1.97520045114396	3.77381410896099	700	252	420	700	700	252	496	0.64	0.291428571428571	6.68035234019987	24	24	0	2	1	10	4	1	5000	2500	1	0.95	12	10000	101465	0.9599	0.9997	1.50555383401524	-0.18929446997328	1.51050136214257	3.16693233892901	3.35622680890229	2.13501918071863	0.878973550830748	2.14161657612548	3.34979486156166	2.47082131073091	0.958095028596568	2.22718674188554	-0.0637685018383002	0.681935788606189	10.3508558439503	10.4146243457886	0.0908	0.9997	4.32768089298816	1.76368019737818	4.30947947189661	6.89663191361627	5.13295171623809	0	NA	NA	NA	NA	NA	NA	1	-0.469646617128721	0.220567944980452	1	0.159818729574674	0.0255420263228628	1	-1.54662736707545	2.39205621258675	1	0.553866784027173	0.306768414448603	1.00106839893787	4440.08855909804	0	1.00127135381199	10961.7317975854	0	0.223553712746068	-0.028735950975	0.224448925	0.468700804	0.30121649096717	0.12330391925	0.30166903	0.47582583175
477	7	7	benefit_positive_truncnorm	benefit_positive_truncnorm	continuous	1	increasing	benefit	1	1	NA	2.0942568734955	3.91854045515848	700	252	420	700	700	252	500	0.64	0.285714285714286	6.21323683422872	24	24	0	2	1	10	4	1	5000	2500	1	0.95	12	10000	101476	0.9992	1	2.63759475325434	0.937641066959186	2.62898176218779	4.37864218823869	3.44100112127951	3.80888200945527	2.55981423809992	3.81115299567903	5.04148653508351	2.4816722969836	0.999186897432919	3.93174827784018	0.17285757657192	2.82888463734511	12.929678066245	12.7568204896731	0.1391	1	7.19878094384679	4.44115370891252	7.11615112575106	10.5641240975766	6.12297038866403	0	NA	NA	NA	NA	NA	NA	1	0.543337879758837	0.295216051580828	0	1.71462513595977	2.93993935686506	1	0.0132078226817023	0.000174446579991289	0	3.28024048868831	10.7599776636301	1.00128566820313	3978.35642788947	0	1.00139726546853	13295.1987772223	0	0.39191693944833	0.142061433	0.39004683	0.648426871	0.535178377728	0.35501332525	0.53442027	0.7157546535
465	7	7	benefit_positive_truncnorm	benefit_positive_truncnorm	continuous	1	increasing	benefit	1	1	NA	1.0588396235436	1.485668600538	700	252	420	700	700	252	505	0.64	0.278571428571429	5.96502762567725	24	24	0	2	1	10	4	1	5000	2500	1	0.95	12	10000	101464	0.6209	0.9986	0.269599227318541	-1.38098963587939	0.260284819776515	1.95290532035895	3.33389495623834	1.88335521184514	0.6138385075582	1.88015177865311	3.14701287179694	2.53317436423874	0.615870343085666	0.430529409933121	-3.94290123845227	0.0698415007624602	6.73006454637495	10.6729657848272	0.0498	0.9986	2.84221778036195	0.898017961853866	2.81311573982486	5.04509481899365	4.14707685713978	0	NA	NA	NA	NA	NA	NA	1	-0.789240396225055	0.622900403033482	1	0.824515588301543	0.679825955352239	1	-1.05513919060488	1.11331871155032	1	1.35654917982395	1.84022567728103	1.00143354235192	4167.09794839483	0	1.0011228163658	11017.8047553961	0	0.0398603116204205	-0.20963388775	0.0400871545	0.28996310325	0.260444002093995	0.0851037928	0.259727995	0.43634961125
478	7	7	benefit_positive_truncnorm	benefit_positive_truncnorm	continuous	1	increasing	benefit	1	1	NA	2.17407001614366	4.36161256731221	700	252	420	700	700	252	481	0.64	0.312857142857143	7.77130644849312	24	24	0	2	1	10	4	1	5000	2500	1	0.95	12	10000	101477	0.9744	0.9968	1.58506621193917	-0.00606753334851224	1.58353261980453	3.19774759544427	3.20381512879278	1.65121186393926	0.419698349066979	1.66004998739919	2.86264778841528	2.44294943934831	0.972000910539495	2.25416100040079	-0.010001098392155	0.69662350027329	10.2498583330144	10.2598594314065	0.1214	0.9968	3.63868537810848	0.896052167275919	3.58937991134121	6.58938213751868	5.69332997024276	0	NA	NA	NA	NA	NA	NA	1	-0.589003804204494	0.346925481367366	1	-0.522858152204396	0.273380647326596	1	-2.10745156691142	4.44135210687738	1	-0.72292718920373	0.522623720890006	1.00155793447599	3645.79086509772	0	1.00194028255065	10021.7373510473	0	0.247251339888507	-0.000889432898999998	0.246907955	0.49676861375	0.241454468396171	0.06171487835	0.24247511	0.420613975
471	7	7	benefit_positive_truncnorm	benefit_positive_truncnorm	continuous	1	increasing	benefit	1	1	NA	2.95385430736173	7.13731605356194	700	252	420	700	700	252	441	0.64	0.37	8.19839833293148	24	24	0	2	1	10	4	1	5000	2500	1	0.95	12	10000	101470	1	1	3.91855936509189	2.2664068841709	3.92252331634227	5.52290846411951	3.25650157994861	3.91956772959667	2.6718571776081	3.9253858390276	5.14195387680021	2.47009669919211	1	6.06493529498883	0.427328394216066	5.73054463452014	13.9362655038136	13.5089371095976	0.3041	1	11.1686547477686	6.84789125806534	11.2926263548582	14.5587048666251	7.7108136085598	0.1095	NA	NA	NA	NA	NA	NA	1	0.964705057730156	0.930655848410144	1	0.965713422234934	0.932602413884708	1	-1.07238075857311	1.15000049135784	1	4.03133869420669	16.2516916674081	1.00132037003318	4728.39683592736	0	1.00153314260214	11356.9249578061	0	0.600613201161	0.34994782775	0.600749525	0.84760345525	0.58088762782	0.39294701325	0.580951685	0.7701416755
472	7	7	benefit_positive_truncnorm	benefit_positive_truncnorm	continuous	1	increasing	benefit	1	1	NA	2.10522430992498	4.52798545095533	700	252	420	700	700	252	474	0.64	0.322857142857143	5.54233176047147	24	24	0	2	1	10	4	1	5000	2500	1	0.95	12	10000	101471	0.909	1	1.14619088658789	-0.471358533068805	1.12879241005824	2.85900001372407	3.33035854679287	3.1874798938744	1.89019139874717	3.18936789428447	4.48861930955494	2.59842791080777	0.906246685756708	1.780176825922	-0.25609015604468	0.459908267580548	10.0336780051117	10.2897681611564	0.0571	1	6.52738116305094	3.71739219550386	6.31132040299073	10.3280566480406	6.61066445253678	0	NA	NA	NA	NA	NA	NA	1	-0.959033423337092	0.919745107077662	1	1.08225558394942	1.1712771489897	1	-2.74780862503332	7.55045223980752	1	1.99939571209561	3.99758321354631	1.00183466446031	4549.19952295194	0	1.00132450400919	11294.7737821524	0	0.168763187202143	-0.07309736445	0.16779187	0.41733371625	0.441093103494	0.258990679	0.440943675	0.6258514695
468	7	7	benefit_positive_truncnorm	benefit_positive_truncnorm	continuous	1	increasing	benefit	1	1	NA	2.34093270548762	5.0561230578003	700	252	420	700	700	252	460	0.64	0.342857142857143	7.87891240070158	24	24	0	2	1	10	4	1	5000	2500	1	0.95	12	10000	101467	0.773	0.9998	0.626779030482683	-0.930757434389983	0.614435875739543	2.26769929115649	3.19845672554647	2.57516077503274	1.30331578040411	2.57845047993105	3.84427047287379	2.54095469246968	0.767097966728281	0.89145834200315	-1.41389925295466	0.195474776571654	7.36514942669582	8.77904867965048	0.0803	0.999799839871897	6.48052461827171	2.84016986666227	6.4343159022514	10.6299062739512	7.78973640728894	8e-04	NA	NA	NA	NA	NA	NA	0	-1.71415367500493	2.93832282153292	1	0.234228069545126	0.0548627885628364	1	-4.16466471579715	17.3444321950058	1	1.42440156047141	2.02891980547338	1.00169837549039	4283.09510941219	0	1.00205261616421	12385.8173391509	0	0.0960327773231475	-0.14707772275	0.095719002	0.344928042	0.3734977108379	0.1882745335	0.3736309	0.56071800425
488	7	7	benefit_positive_truncnorm	benefit_positive_truncnorm	continuous	1	increasing	benefit	1	1	NA	2.27138890923782	4.57608639807121	700	252	420	700	700	252	491	0.64	0.298571428571429	7.00937325536891	24	24	0	2	1	10	4	1	5000	2500	1	0.95	12	10000	101487	0.9816	0.9996	1.77421371073296	0.105526319034682	1.76331596929576	3.40393373563734	3.29840741660265	2.21537864006465	1.0066693778753	2.20917677612336	3.42360296179167	2.41693358391637	0.980535541456071	2.95198038888636	0.0286143379444255	1.51836533916106	11.7737433163654	11.745128978421	0.0701	0.9996	4.29471411112626	1.88563148314632	4.22725402698708	7.10867585762746	5.22304437448114	0	NA	NA	NA	NA	NA	NA	1	-0.497175198504862	0.247183178008349	1	-0.0560102691731705	0.00313715025285102	1	-1.62410600918486	2.63772032907037	1	-0.281372286944956	0.0791703638606346	1.0025509756215	3835.49024866988	0	1.00171589826908	10860.4033042307	0	0.268428054891442	0.015818431475	0.268180845	0.51055853325	0.31785842279976	0.14356915175	0.316620915	0.492857519
474	7	7	benefit_positive_truncnorm	benefit_positive_truncnorm	continuous	1	increasing	benefit	1	1	NA	1.80397380738949	3.29136224502273	700	252	420	700	700	252	483	0.64	0.31	6.86541408686868	24	24	0	2	1	10	4	1	5000	2500	1	0.95	12	10000	101473	0.9982	0.9999	2.50381443253019	0.831950824892568	2.49793365354973	4.21606121717351	3.38411039228094	2.23129608227125	1.03011757777446	2.23809358626062	3.42092945661129	2.39081187883683	0.997872843299456	3.60766093396416	0.153494999141939	2.46317909071064	12.3187970643708	12.1653020652289	0.1538	0.9999	4.40139464863085	1.72507364267819	4.35224625644305	7.56970015042729	5.84462650774911	0	NA	NA	NA	NA	NA	NA	1	0.699840625140699	0.489776900597325	1	0.427322274881759	0.182604326610121	1	0.31629868894143	0.100044860626067	1	1.11003240360811	1.23217193706001	1.0013409540387	4139.44675495824	0	1.00192774577353	11280.2392028376	0	0.38215514660749	0.1295925105	0.382909045	0.63756809625	0.322103069362811	0.148101399	0.322862235	0.49599218725
487	7	7	benefit_positive_truncnorm	benefit_positive_truncnorm	continuous	1	increasing	benefit	1	1	NA	1.90357592901545	3.3058720979559	700	252	420	700	700	252	497	0.64	0.29	5.84874489773612	24	24	0	2	1	10	4	1	5000	2500	1	0.95	12	10000	101486	0.914	0.9953	1.17236242001246	-0.500416068028677	1.16197323465991	2.94198122662273	3.44239729465141	1.69246470892623	0.423632223113456	1.68775494839086	2.96829455353308	2.54466233041962	0.91128078287988	1.70403959528369	-0.248283490851692	0.419319806539573	9.53689178790973	9.78517527876142	0.0701	0.9953	3.35205766485374	0.823758318755699	3.36180604168332	5.77135479800238	4.94759647924668	0	NA	NA	NA	NA	NA	NA	1	-0.73121350900299	0.534673195748466	1	-0.211111220089224	0.0445679472475609	1	-1.60183250267221	2.56586736661711	1	0.0461855668978459	0.0021331065896754	1.00124337250098	4367.27759490917	0	1.00114964925504	9599.1888342984	0	0.172373528215594	-0.07736629645	0.17219478	0.42443712625	0.233953783962291	0.0589608305	0.2332595	0.4116813905
486	7	7	benefit_positive_truncnorm	benefit_positive_truncnorm	continuous	1	increasing	benefit	1	1	NA	1.75442601321593	3.03884127487021	700	252	420	700	700	252	494	0.64	0.294285714285714	6.22207061633776	24	24	0	2	1	10	4	1	5000	2500	1	0.95	12	10000	101485	0.9932	1	2.01491300326718	0.389075326155708	1.9928638627357	3.70265780246216	3.31358247630645	2.7676140599745	1.53214072168475	2.76093707270134	4.02317799088447	2.49103726919971	0.992868462757528	3.01292436076548	0.0771501416641971	1.61247421188448	11.6335265119042	11.55637637024	0.1166	1	5.36933886942212	2.63531725434379	5.12842290092425	9.32074824272165	6.68543098837786	0	NA	NA	NA	NA	NA	NA	1	0.260486990051251	0.0678534719859603	1	1.01318804675857	1.02655001809444	1	-0.025916914104724	0.00067168643671164	1	2.33049759455192	5.43121903821226	1.00101000589234	4515.22500872403	0	1.0013626537903	11559.2151264947	0	0.300609285965576	0.05898126165	0.29893033	0.54704354475	0.3890263755951	0.214536402	0.38782148	0.56880611775
481	7	7	benefit_positive_truncnorm	benefit_positive_truncnorm	continuous	1	increasing	benefit	1	1	NA	1.62783988476285	2.80655416373151	700	252	420	700	700	252	502	0.64	0.282857142857143	6.40624252834653	24	24	0	2	1	10	4	1	5000	2500	1	0.95	12	10000	101480	0.7823	0.7311	0.646106476651525	-0.985965146115621	0.633803702530202	2.32621758165388	3.3121827277695	0.394415797149755	-0.860171786196638	0.396439010469612	1.64863223081327	2.50880401700991	0.778948477505005	0.979764001854961	-2.14184680095627	0.219024022867442	7.92574051146353	10.0675873124198	0.0509	0.7311	0.669758143939121	-1.52432973020518	0.645153819886265	2.88774031588297	4.41207004608815	0	NA	NA	NA	NA	NA	NA	1	-0.981733408111327	0.963800484601881	1	-1.2334240876131	1.5213349799042	1	-1.82679016187655	3.33716229552894	1	-2.13679601979239	4.56589723020058	1.00094530941958	3968.57751910208	0	1.00108226607088	10045.5904453616	0	0.0967082205992982	-0.14726464425	0.096054819	0.3449391435	0.0552497711867994	-0.12072036825	0.0555253275	0.2313053685
483	7	7	benefit_positive_truncnorm	benefit_positive_truncnorm	continuous	1	increasing	benefit	1	1	NA	2.0389374135709	4.15022588061882	700	252	420	700	700	252	483	0.64	0.31	6.46610239276052	24	24	0	2	1	10	4	1	5000	2500	1	0.95	12	10000	101482	0.9815	0.9998	1.80349935723645	0.110753900958628	1.78867694920622	3.54827755625308	3.43752365529445	2.21420128889199	0.932637011417988	2.21277591944754	3.49694567543247	2.56430866401448	0.979679734953065	2.65398259521803	0.0187372988919146	1.01818521932228	11.2379511528589	11.219213853967	0.0945	0.9998	4.89368793688523	2.05459178800686	4.86414850533044	7.91332877015603	5.85873698214918	0	NA	NA	NA	NA	NA	NA	1	-0.235438056334454	0.0554310783705454	1	0.175263875321089	0.0307174259925661	1	-1.49624328540079	2.23874396910695	1	0.743462056266412	0.552735829107882	1.00088647583188	4231.88276230425	0	1.001495581835	11754.5830272754	0	0.266254591618349	0.0165559189	0.264595585	0.51877238575	0.310531401512165	0.13070378625	0.310280105	0.49244125775
484	7	7	benefit_positive_truncnorm	benefit_positive_truncnorm	continuous	1	increasing	benefit	1	1	NA	2.37063669005476	4.92197286232381	700	252	420	700	700	252	477	0.64	0.318571428571429	7.35616957574921	24	24	0	2	1	10	4	1	5000	2500	1	0.95	12	10000	101483	0.9974	1	2.36191142880795	0.724319413773712	2.34878506244377	4.08403199026062	3.35971257648691	2.61253590577183	1.38588333164583	2.60869911086403	3.81857707366433	2.4326937420185	0.99692925475375	3.5352550505287	0.139974355577088	2.31356955069879	12.0212289492695	11.8812545936925	0.1533	1	5.36444735052679	2.4019913474564	5.27219880709002	8.75458100318137	6.35258965572497	0	NA	NA	NA	NA	NA	NA	1	-0.0087252612468105	7.61301838250931e-05	1	0.241899215717071	0.0585152305645338	1	-1.38671781179511	1.92298628954981	1	0.44247448820298	0.195783672710489	1.00107367006638	4306.91909955507	0	1.00115623496603	11466.9833964506	0	0.35779981463617	0.111972097	0.35646763	0.614277929	0.3750491188585	0.1980397735	0.37433917	0.55104392525
482	7	7	benefit_positive_truncnorm	benefit_positive_truncnorm	continuous	1	increasing	benefit	1	1	NA	2.64425315966923	5.32357440547953	700	252	420	700	700	252	484	0.64	0.308571428571429	6.78359797616109	24	24	0	2	1	10	4	1	5000	2500	1	0.95	12	10000	101481	0.9196	0.9949	1.16503853933551	-0.458687391118921	1.16414894189796	2.79680436665878	3.2554917577777	1.63850163496354	0.369680170148534	1.64476697987559	2.88451161565089	2.51483144550236	0.915346212285652	1.69853394137856	-0.242785742194398	0.435613903706148	9.50241555791357	9.74520130010797	0.0786	0.9949	3.00638377070836	0.61927041064154	2.88747146538884	6.06221610817252	5.44294569753098	0	NA	NA	NA	NA	NA	NA	1	-1.47921462033372	2.18807589300902	1	-1.00575152470569	1.01153612944782	1	-3.62504046410097	13.1409183663694	1	-2.31719063477117	5.36937243787122	1.00076976450428	4449.54551833536	0	1.00167603931801	10087.4080628827	0	0.175928823190326	-0.0708280204	0.176800755	0.41495234675	0.23024904880578	0.052035142025	0.230912225	0.40791018275
490	7	7	benefit_positive_truncnorm	benefit_positive_truncnorm	continuous	1	increasing	benefit	1	1	NA	1.91388061676459	3.64520549663042	700	252	420	700	700	252	486	0.64	0.305714285714286	7.02641676922578	24	24	0	2	1	10	4	1	5000	2500	1	0.95	12	10000	101489	0.7703	0.9745	0.611153202537725	-1.04443678517995	0.605626240207374	2.27897451032641	3.32341129550636	1.23375314079421	-0.00458878223562626	1.23870058609793	2.472709608777	2.47729839101263	0.766578808645229	1.00966443758966	-2.44103736158164	0.223609671982317	8.0262831602265	10.4673205218081	0.0515	0.9745	2.62330744725203	-0.0102109079242646	2.60414442509279	5.4283056782972	5.43851658622147	0	NA	NA	NA	NA	NA	NA	1	-1.30272741422686	1.69709871577821	1	-0.680127475970379	0.462573383569839	1	-2.63554105904077	6.94607667388972	1	-1.02189804937839	1.04427562332335	1.00127825345949	4919.32259616511	0	1.00215904558617	11261.7904872986	0	0.0922946589445909	-0.161014014	0.092690687	0.3414903845	0.177726519324347	-0.000633941077499999	0.178322985	0.356160088
504	7	7	benefit_positive_truncnorm	benefit_positive_truncnorm	continuous	1	increasing	benefit	1	1	NA	2.07573857536581	3.95854038925368	700	252	420	700	700	252	484	0.64	0.308571428571429	6.83348256210939	24	24	0	2	1	10	4	1	5000	2500	1	0.95	12	10000	101503	0.2725	0.926	-0.491243856779351	-2.09951585934447	-0.490745590680348	1.1315670327102	3.23108289205466	0.902831071611024	-0.316303385522947	0.906862198955456	2.11125130921714	2.42755469474008	0.272688808969748	-0.636591870567869	-6.70617230462892	-0.142099214478266	2.78913139006123	9.49530369469015	0.0546	0.926	1.72602966108073	-0.555427877427416	1.59885843716478	4.62438561210904	5.17981348953646	0	NA	NA	NA	NA	NA	NA	0	-2.56698243214517	6.58939880694191	1	-1.17290750375479	1.3757120123643	0	-4.59513225982155	21.1152404852527	1	-2.23251072817295	4.98410415140731	1.00150092315096	4557.22916684349	0	1.0013746886691	10973.7548244209	0	-0.0766214841201659	-0.32331630525	-0.076692451	0.172700836	0.129620301384791	-0.0453872482	0.13019841	0.30355490275
503	7	7	benefit_positive_truncnorm	benefit_positive_truncnorm	continuous	1	increasing	benefit	1	1	NA	2.62892099851543	5.74124402855188	700	252	420	700	700	252	464	0.64	0.337142857142857	6.91784614679089	24	24	0	2	1	10	4	1	5000	2500	1	0.95	12	10000	101502	0.9999	1	3.06232911213933	1.39403896980551	3.05325731980184	4.73800366040824	3.34396469060273	3.18544490792786	1.94422363501916	3.18591310839537	4.43483819446646	2.4906145594473	0.999875327265927	4.37962199166553	0.232284701408958	3.3665530053315	13.3824355393489	13.15015083794	0.1979	1	8.63397345863955	4.73433059744222	8.52078263366738	12.9978156144795	8.26348501703729	8e-04	NA	NA	NA	NA	NA	NA	1	0.433408113623896	0.187842592955024	1	0.556523909412425	0.309718861747689	1	-1.36162203688635	1.85401457133454	1	2.89272943008767	8.36788355569532	1.00136171660073	3989.9658915206	0	1.00123452971909	11623.8411840286	0	0.46323516237373	0.21393797775	0.46198337	0.71664127075	0.4617385810408	0.27931294425	0.46110181	0.6488287465
497	7	7	benefit_positive_truncnorm	benefit_positive_truncnorm	continuous	1	increasing	benefit	1	1	NA	2.0912299930395	4.04901940708373	700	252	420	700	700	252	468	0.64	0.331428571428571	7.48415141576021	24	24	0	2	1	10	4	1	5000	2500	1	0.95	12	10000	101496	0.906	1	1.10797757889121	-0.54144269497375	1.1132922352744	2.81154382399724	3.35298651897099	2.91080100319083	1.67662690840945	2.90851394085003	4.14479830341584	2.46817139500639	0.900738943421198	1.57773108276091	-0.258336215658965	0.407133319368013	8.89718126923423	9.15551748489319	0.0933	1	6.68492955766616	3.46549868346959	6.61822323322196	10.3992822202679	6.93378353679833	9e-04	NA	NA	NA	NA	NA	NA	1	-0.983252414148284	0.966785309928428	1	0.819571010151335	0.67169664068048	1	-2.47128832432282	6.10726598193432	1	2.63591015058242	6.94802232194346	1.00136159930605	4386.53861486637	0	1.00147254337476	11466.4978177147	0	0.167581145895295	-0.083535808775	0.168734345	0.42028959925	0.4239111098191	0.2423636085	0.42354462	0.6101866225
500	7	7	benefit_positive_truncnorm	benefit_positive_truncnorm	continuous	1	increasing	benefit	1	1	NA	1.519864820668	2.72625171178503	700	252	420	700	700	252	471	0.64	0.327142857142857	7.33599464390127	24	24	0	2	1	10	4	1	5000	2500	1	0.95	12	10000	101499	0.9735	0.9674	1.55933758996275	-0.0198008024094382	1.55263089308002	3.17209031340871	3.19189111581814	1.18853386694529	-0.0681764702978411	1.184150452625	2.43871286170041	2.50688933199825	0.971489029958793	2.37734573751855	-0.0134222790425404	0.791383237542394	10.310360122565	10.3237824016076	0.1021	0.9674	2.58114528353934	-0.131836268720104	2.54690707261192	5.56369150331049	5.6955277720306	0	NA	NA	NA	NA	NA	NA	1	0.039472769294757	0.00155809951579711	1	-0.331330953722708	0.109780200894799	1	-0.348905974266476	0.121735378878839	1	-0.145106428245691	0.0210558755182219	1.00160219503724	4684.36864042216	0	1.00145481717526	9804.76205450331	0	0.23964488341077	-0.00313035283749999	0.238572225	0.48303922825	0.16951308287809	-0.00942026043749999	0.16900949	0.350332669
496	7	7	benefit_positive_truncnorm	benefit_positive_truncnorm	continuous	1	increasing	benefit	1	1	NA	1.89309963551272	3.60974787644785	700	252	420	700	700	252	483	0.64	0.31	6.71366407927519	24	24	0	2	1	10	4	1	5000	2500	1	0.95	12	10000	101495	0.9223	0.9998	1.21274410653928	-0.475232628254914	1.21022486740863	2.88806952511711	3.36330215337202	2.339429033889	1.08219198964997	2.33649132592935	3.55345742302395	2.47126543337398	0.918948283355063	1.74860137049835	-0.198074676425441	0.460091815245787	9.52036945057841	9.71844412700385	0.0796	0.9998	4.60002076480986	1.82394984838877	4.49037186814972	7.90522198817035	6.08127213978157	0	NA	NA	NA	NA	NA	NA	1	-0.68035552897344	0.462883645804729	1	0.446329398376276	0.199209931854929	1	-1.8611465059495	3.46386631660804	1	0.990272888362012	0.980640393424841	1.00273814540843	4177.73040762464	0	1.00171795076859	9500.48298440339	0	0.181628816572098	-0.0714392071	0.18198971	0.432268722	0.33329534823652	0.153270056	0.332481365	0.50865932725
476	7	7	benefit_positive_truncnorm	benefit_positive_truncnorm	continuous	1	increasing	benefit	1	1	NA	2.76452613387724	6.04822340155113	700	252	420	700	700	252	464	0.64	0.337142857142857	7.04397894838765	24	24	0	2	1	10	4	1	5000	2500	1	0.95	12	10000	101475	0.9987	1	2.62110637064828	0.926107231806175	2.61463899338592	4.31792742152721	3.39182018972104	2.95114542698965	1.6974776018762	2.95956841529757	4.17877686210333	2.48129926022713	0.998518011855905	4.61352925601516	0.202278879022769	3.66877371153885	13.7309280455139	13.5286491664911	0.1228	1	7.05623221286989	3.79747484426669	6.83785000785455	11.2066672446344	7.40919240036775	0	NA	NA	NA	NA	NA	NA	1	-0.143419763228957	0.02056922848465	1	0.186619293112416	0.034826760561778	1	-1.43469414553597	2.05834729123518	1	1.00800881131876	1.01608176369626	1.00117688159966	4275.08677964975	0	1.00185210879314	11182.2983242022	0	0.390723810191672	0.1443693505	0.38943996	0.63922389675	0.4229013046165	0.242118665	0.42383999	0.6005743405
502	7	7	benefit_positive_truncnorm	benefit_positive_truncnorm	continuous	1	increasing	benefit	1	1	NA	2.09357051760917	4.09602141777603	700	252	420	700	700	252	465	0.64	0.335714285714286	7.72881292938445	24	24	0	2	1	10	4	1	5000	2500	1	0.95	12	10000	101501	0.9733	1	1.54971831128604	-0.0322489585822899	1.54440714543339	3.15700020280967	3.18924916139196	2.68324949349295	1.45492319516352	2.67970779611079	3.92449192619459	2.46956873103107	0.970880438506338	2.19056274571385	-0.0169404096436121	0.7084304181916	9.78503417754962	9.80197458719323	0.1243	1	6.1359188182979	2.85500727780649	6.12193556332943	10.0103968625517	7.15538958474518	3e-04	NA	NA	NA	NA	NA	NA	1	-0.543852206323134	0.295775222322541	1	0.589678975883773	0.347721294599335	1	-1.90545867206218	3.63077275093696	1	2.03989740052187	4.16118140465587	1.00193057962999	4931.87891040942	0	1.00125389753155	11218.3153668601	0	0.239030539729328	-0.0049059439125	0.23978127	0.4842495705	0.3943187552394	0.2129269435	0.39345622	0.57922833075
479	7	7	benefit_positive_truncnorm	benefit_positive_truncnorm	continuous	1	increasing	benefit	1	1	NA	2.22067766489478	4.41919815517554	700	252	420	700	700	252	475	0.64	0.321428571428571	6.30678137293837	24	24	0	2	1	10	4	1	5000	2500	1	0.95	12	10000	101478	0.9874	1	1.90543553918923	0.225002825374518	1.89713208330352	3.62966358064263	3.40466075526811	3.0316424713382	1.76537287382853	3.02989030201516	4.27694496847418	2.51157209464565	0.986585365853659	2.95883618448009	0.0475487284440841	1.4450851194729	11.763077746229	11.7155290177849	0.098	1	6.44930580106176	3.28558038584046	6.39476730675874	10.1774606706073	6.89188028476687	0	NA	NA	NA	NA	NA	NA	1	-0.315242125705556	0.0993775978193577	1	0.810964806443414	0.657663917289804	1	-1.46036197069545	2.1326570854535	1	2.03010764588622	4.12133705388567	1.00135204044781	4222.45993645275	0	1.00139992704346	11768.130160557	0	0.28439920871327	0.033662256325	0.28312291	0.539526481	0.4263321555853	0.2473410395	0.4259128	0.60682334775
473	7	7	benefit_positive_truncnorm	benefit_positive_truncnorm	continuous	1	increasing	benefit	1	1	NA	3.20558393395565	7.54652272650209	700	252	420	700	700	252	435	0.64	0.378571428571429	8.67793381059251	24	24	0	2	1	10	4	1	5000	2500	1	0.95	12	10000	101472	0.9976	0.9999	2.19204474210428	0.625711106044491	2.194962905634	3.80571772567236	3.18000661962787	2.85232741599031	1.60851366232464	2.85345162550415	4.08339127778528	2.47487761546064	0.997388384529287	2.99844826528379	0.130291656633009	1.78108101874024	10.6443544287837	10.5140627721507	0.1959	0.99989224137931	7.99477599314117	3.93375695741159	8.04061704704434	12.1136249219822	8.17986796457057	0.072	NA	NA	NA	NA	NA	NA	1	-1.01353919185137	1.02726169341874	1	-0.353256517965345	0.124790167485	1	-4.54807446121829	20.6849813047861	1	0.448253266639086	0.200930991052612	1.00136221844113	4516.67410190615	0	1.00146475164855	12988.2894442455	0	0.34864204639076	0.0992183926	0.34925446	0.598206602	0.4358381510736	0.2432156695	0.435785785	0.628855617
485	7	7	benefit_positive_truncnorm	benefit_positive_truncnorm	continuous	1	increasing	benefit	1	1	NA	2.05944267588761	4.08103321633131	700	252	420	700	700	252	481	0.64	0.312857142857143	6.85061649391614	24	24	0	2	1	10	4	1	5000	2500	1	0.95	12	10000	101484	0.9978	1	2.37695882007936	0.722511958399379	2.36929732459737	4.0703751689697	3.34786321057032	2.74258610632542	1.48934230293091	2.7429929055556	3.98405983491642	2.49471753198551	0.997891036906854	3.35697075220545	0.137438108074586	2.02699407863306	12.1904090860462	12.0529709779717	0.1465	1	6.54180477586616	3.23411026943714	6.50811910829065	10.053636926667	6.81952665722985	0	NA	NA	NA	NA	NA	NA	1	0.31751614419174	0.10081650182239	1	0.683143430437804	0.466684946550331	1	-0.724062464125863	0.524266451956017	1	2.46077155953485	6.0553966682156	1.00202971122069	4628.61150985014	0	1.00132006206819	11451.9037165287	0	0.35538665756679	0.108802295	0.354832195	0.60066350275	0.38692363142244	0.20786094025	0.386887645	0.56494397475
507	7	7	benefit_positive_truncnorm	benefit_positive_truncnorm	continuous	1	increasing	benefit	1	1	NA	2.24485156921166	4.42436555601567	700	252	420	700	700	252	469	0.64	0.33	7.05136576942164	24	24	0	2	1	10	4	1	5000	2500	1	0.95	12	10000	101506	0.9971	0.9986	2.24260804763549	0.599154141010652	2.23121842335336	3.93203267643419	3.33287853542354	1.92063255983514	0.672984208432817	1.91664384307147	3.17620040577876	2.50321619734594	0.996947773004748	3.83080388518234	0.134752924613889	2.68508900554821	12.9435659074889	12.808812982875	0.1154	0.9986	4.04520780850476	1.32690757687367	3.92385311792477	7.19074833164106	5.86384075476739	0	NA	NA	NA	NA	NA	NA	1	-0.00224352157616936	5.03338906273745e-06	1	-0.324219009376516	0.10511796604109	1	-0.59356167083333	0.352315457082454	1	-0.379157747510905	0.143760597497543	1.00110933320489	4005.23189813678	0	1.00156073778086	11235.5221580275	0	0.337768317771549	0.091930862075	0.335464425	0.587606084	0.274345395404957	0.09600383615	0.273970155	0.45599322325
498	7	7	benefit_positive_truncnorm	benefit_positive_truncnorm	continuous	1	increasing	benefit	1	1	NA	2.13343528790513	4.1953184037378	700	252	420	700	700	252	477	0.64	0.318571428571429	7.39751262680056	24	24	0	2	1	10	4	1	5000	2500	1	0.95	12	10000	101497	0.9612	0.9953	1.42295804146217	-0.149949088652857	1.41016433114692	3.03504765631566	3.18499674496852	1.76337139026137	0.472965514083582	1.77025345711211	3.03474416065669	2.56177864657311	0.958617653532908	2.02462834897447	-0.0591496754867176	0.616765584306176	9.85941407175146	9.91856374723818	0.0914	0.9953	3.66774035709326	0.907132191396816	3.57579349201883	6.76069866229352	5.85356647089671	0	NA	NA	NA	NA	NA	NA	1	-0.710477246442961	0.504777917713172	1	-0.370063897643762	0.136947288339293	1	-2.17069005476333	4.71189531384843	1	-0.527578046644549	0.278338595301278	1.00136283897287	4569.84641362726	0	1.00172545104746	10765.3248388277	0	0.217533181508114	-0.024663879325	0.2166128	0.46442630975	0.24936040603135	0.066764019475	0.2501546	0.43147447725
495	7	7	benefit_positive_truncnorm	benefit_positive_truncnorm	continuous	1	increasing	benefit	1	1	NA	1.28029885098289	2.20711312346443	700	252	420	700	700	252	504	0.64	0.28	6.35333153844711	24	24	0	2	1	10	4	1	5000	2500	1	0.95	12	10000	101494	0.678	0.9989	0.391980115081777	-1.26292774634168	0.381426405630025	2.10864951401568	3.37157726035736	1.84815123677493	0.616317697678609	1.85293980157183	3.08016868264705	2.46385098496844	0.672437309831078	0.654846220635372	-3.30765968639697	0.115619736583654	7.47389318711767	10.7815528735146	0.0469	0.9989	3.22202340894073	1.00915800458498	3.16531797699453	5.72353577097349	4.71437776638851	0	NA	NA	NA	NA	NA	NA	1	-0.888318735901113	0.789110176552951	1	0.56785238579204	0.322456332049712	1	-1.55226690282906	2.40953253761852	1	1.0149102854763	1.03004288756558	1.00152390337544	4309.73748650329	0	1.00218462687051	11175.7918174438	0	0.0583306104744703	-0.1901778245	0.058003328	0.31142776025	0.260430781754288	0.0868151804	0.26057732	0.4361321985
480	7	7	benefit_positive_truncnorm	benefit_positive_truncnorm	continuous	1	increasing	benefit	1	1	NA	1.96654934012841	3.72709607986244	700	252	420	700	700	252	488	0.64	0.302857142857143	7.02747767113456	24	24	0	2	1	10	4	1	5000	2500	1	0.95	12	10000	101479	0.9248	0.9996	1.23336082903684	-0.406472804719534	1.22219631853102	2.92729099760606	3.3337638023256	2.26431782875089	1.0277615350268	2.27552666840379	3.50784045465585	2.48007891962904	0.922335184991091	2.22047921673364	-0.254365364426739	0.688776452322544	10.8629108876396	11.1172762520663	0.0459	0.9996	4.29575759954808	1.62293231632446	4.09994085328105	7.72703705767845	6.10410474135399	0	NA	NA	NA	NA	NA	NA	1	-0.733188511091566	0.537565392796668	1	0.297768488622482	0.0886660728165172	1	-1.5066168631288	2.26989437226405	1	0.568661519685638	0.323375923971179	1.00141035769362	4505.47182213255	0	1.00185078145958	12155.082866827	0	0.182396145826661	-0.061390971	0.182270215	0.42693535725	0.32254613433124	0.1462030295	0.323595405	0.5023881925
501	7	7	benefit_positive_truncnorm	benefit_positive_truncnorm	continuous	1	increasing	benefit	1	1	NA	2.23649394415904	4.38283598536512	700	252	420	700	700	252	468	0.64	0.331428571428571	7.22972953112067	24	24	0	2	1	10	4	1	5000	2500	1	0.95	12	10000	101500	0.994	1	2.16174633755327	0.493589955321083	2.16146768293354	3.85660226305447	3.36301230773339	2.96349569126097	1.68484055529082	2.9748410021993	4.22966412630372	2.5448235710129	0.993381262124843	3.44208744226921	0.107020633970591	2.13726120395959	12.2099058576208	12.1028852236502	0.1237	1	6.02045331690038	2.67240215272154	5.69848619173931	9.97933247803447	7.30693032531293	0	NA	NA	NA	NA	NA	NA	1	-0.0747476066057704	0.00558720469329101	1	0.727001747101928	0.528531540289256	1	-0.940748543095908	0.885007821337074	1	1.63761733153526	2.68179052454468	1.00083126148255	4386.31947365584	0	1.00113974120902	9849.25539888855	0	0.323298564319626	0.07588541725	0.32236858	0.569707047	0.420489795806	0.23770063625	0.420954545	0.6035185065
508	7	7	benefit_positive_truncnorm	benefit_positive_truncnorm	continuous	1	increasing	benefit	1	1	NA	2.7139401190104	5.9211287896861	700	252	420	700	700	252	463	0.64	0.338571428571429	6.51214487770517	24	24	0	2	1	10	4	1	5000	2500	1	0.95	12	10000	101507	0.9794	1	1.74108495784726	0.0578363259501464	1.73574287915732	3.46285657569325	3.4050202497431	2.95273732051283	1.6696449386001	2.95677664117202	4.21885372168479	2.54920878308468	0.978193146417445	2.5847978155664	0.0107155170577019	0.981144805809993	10.9606315360843	10.9499160190266	0.1012	1	7.80823000523371	4.21920527080744	7.73461537809776	11.8312341869518	7.61202891614436	3e-04	NA	NA	NA	NA	NA	NA	1	-0.972855161163136	0.946447164601751	1	0.238797201502434	0.057024103445394	1	-3.3363309741197	11.1311043688705	1	1.8871012155476	3.56115099772124	1.00178232370715	5077.78783228374	0	1.00132570698268	12212.2718379216	0	0.261311571150131	0.009236849585	0.260309495	0.51461732125	0.4171122437306	0.23357367025	0.417462735	0.5989627975
489	7	7	benefit_positive_truncnorm	benefit_positive_truncnorm	continuous	1	increasing	benefit	1	1	NA	1.86901609739415	3.62062110855934	700	252	420	700	700	252	482	0.64	0.311428571428571	6.46749549451992	24	24	0	2	1	10	4	1	5000	2500	1	0.95	12	10000	101488	0.5843	0.9886	0.190472627424958	-1.41987943643658	0.177396443163194	1.83085639421286	3.25073583064944	1.48271919486493	0.227039741093179	1.48594409551655	2.73591320241621	2.50887346132303	0.578636890340251	0.290815611694389	-4.21466551333966	0.0492444030032306	6.04796574244346	10.2626312557831	0.0507	0.9886	2.89307339225102	0.365653977075784	2.7351792032533	6.53266241118679	6.16700843411101	0	NA	NA	NA	NA	NA	NA	0	-1.67854346996919	2.81750818057622	1	-0.386296902529224	0.149225296903673	1	-3.32980549686495	11.087604646952	1	-0.727547716308322	0.529325679505455	1.00158717070503	4371.24510272199	0	1.00157134714811	11649.8441834434	0	0.0283086620517208	-0.22126247375	0.0277029955	0.274510672	0.210041396548691	0.03237953895	0.20999108	0.38797178575
494	7	7	benefit_positive_truncnorm	benefit_positive_truncnorm	continuous	1	increasing	benefit	1	1	NA	1.65446562662668	2.83756066654062	700	252	420	700	700	252	479	0.64	0.315714285714286	6.30686714003008	24	24	0	2	1	10	4	1	5000	2500	1	0.95	12	10000	101493	0.8398	0.9339	0.849677737605618	-0.829625991977391	0.846147747700424	2.53992124483701	3.3695472368144	0.996181320332833	-0.279424234778583	1.00321844545116	2.28661464999771	2.56603888477629	0.836184000849888	1.27507858471059	-1.23090695665085	0.310082390922831	8.51916421361736	9.75007117026821	0.0587	0.9339	2.20872635049965	-0.619847726439815	2.21836132222454	5.16201447304281	5.78186219948263	0	NA	NA	NA	NA	NA	NA	1	-0.804787889021067	0.647683546314985	1	-0.658284306293852	0.433338227912777	1	-1.56248208183002	2.44135025603988	1	-0.628834316040964	0.395432597030706	1.00114199495422	4013.86872495938	0	1.0014693115462	10971.6572502991	0	0.125866340860986	-0.1234502115	0.125933695	0.37412759275	0.139281047320221	-0.0387397955	0.14036422	0.31972974875
505	7	7	benefit_positive_truncnorm	benefit_positive_truncnorm	continuous	1	increasing	benefit	1	1	NA	1.35570330198305	2.64473360308305	700	252	420	700	700	252	469	0.64	0.33	7.81559047583336	24	24	0	2	1	10	4	1	5000	2500	1	0.95	12	10000	101504	0.9911	1	2.01172980324168	0.404921050344787	2.00084840951649	3.63350042503954	3.22857937469475	2.57704860935444	1.31972119508995	2.57967018831357	3.80596648487971	2.48624528978976	0.990293560606061	2.78530330973702	0.0801666046900802	1.34311724971397	10.7499364270667	10.6697698223767	0.1552	1	6.11442958025023	2.83030557974136	6.11939166368965	9.77188813348152	6.94158255374016	1e-04	NA	NA	NA	NA	NA	NA	1	0.656026501258628	0.430370770353637	1	1.22134530737139	1.49168435983811	1	0.140569706653973	0.019759842428784	0	3.46969597716719	12.0387901739702	1.00093301901102	4262.55444307604	0	1.00151239053673	11270.0573317391	0	0.310710153095982	0.063204723625	0.30873591	0.5552158205	0.3765067706694	0.192438391	0.37670898	0.56163553025
493	7	7	benefit_positive_truncnorm	benefit_positive_truncnorm	continuous	1	increasing	benefit	1	1	NA	1.99815549265896	3.91962160911379	700	252	420	700	700	252	481	0.64	0.312857142857143	6.25135042869163	24	24	0	2	1	10	4	1	5000	2500	1	0.95	12	10000	101492	0.895	0.9862	1.06942189496507	-0.523170935842395	1.0545976356562	2.74641933082655	3.26959026666895	1.44993643147021	0.158012998264772	1.44644885616014	2.74519428048255	2.58718128221777	0.892196470338082	1.65646971422547	-0.308487545830382	0.429411119823762	9.41118069468997	9.71966824052036	0.0594	0.9862	2.6240720960192	0.256037022360567	2.53779696579946	5.44555635141231	5.18951932905175	0	NA	NA	NA	NA	NA	NA	1	-0.928733597693891	0.862546095485438	1	-0.54821906118875	0.300544139050675	1	-2.26315189488832	5.12185649933659	1	-1.2955495130946	1.67844854087965	1.00133799546263	4415.62697316633	0	1.00142466874996	10157.0441101178	0	0.159914427154891	-0.0790965027	0.159037965	0.40605165475	0.202486319728938	0.0218449576	0.20221245	0.38410939
491	7	7	benefit_positive_truncnorm	benefit_positive_truncnorm	continuous	1	increasing	benefit	1	1	NA	1.52559880418153	2.97064204889355	700	252	420	700	700	252	505	0.64	0.278571428571429	6.06574214657333	24	24	0	2	1	10	4	1	5000	2500	1	0.95	12	10000	101490	0.9277	0.9832	1.25447523350322	-0.417940300861475	1.24221177226312	2.98742106773911	3.40536136860059	1.34904543109164	0.101616868061529	1.3455350104114	2.61964430838571	2.51802744032418	0.925738929210056	2.21989688006858	-0.209417611784336	0.64553906584354	10.8792555160377	11.088673127822	0.0493	0.9832	2.31760253427941	0.149219125672772	2.23855119598525	5.08464749607583	4.93542837040306	0	NA	NA	NA	NA	NA	NA	1	-0.271123570678316	0.0735079905773598	1	-0.17655337308989	0.0311710935494178	1	-0.750745168824974	0.563618308514038	1	-0.653039514614138	0.426460607647469	1.001699556073	4458.745838408	0	1.00114014091978	11075.8640418839	0	0.183388913538434	-0.061375361225	0.182800085	0.43340751125	0.186315276175864	0.01381835145	0.18530178	0.3630351825
510	7	7	benefit_positive_truncnorm	benefit_positive_truncnorm	continuous	1	increasing	benefit	1	1	NA	1.98919824161905	3.65627097869421	700	252	420	700	700	252	475	0.64	0.321428571428571	6.42693308222044	24	24	0	2	1	10	4	1	5000	2500	1	0.95	12	10000	101509	0.9969	1	2.33525918097032	0.664799810799191	2.33344703647925	4.00695058812774	3.34215077732855	2.5126995491541	1.23394680378924	2.51414826583888	3.80307383889754	2.5691270351083	0.996527375853687	3.45127704393229	0.127848772943391	2.16785411571905	12.1864777244653	12.0586289515219	0.1361	1	4.87646354452071	2.05072221470188	4.62271604885465	8.97921325007323	6.92849103537136	0	NA	NA	NA	NA	NA	NA	1	0.346060939351268	0.119758173744682	1	0.523501307535052	0.274053618990909	1	-0.204993934761929	0.0420225132891779	1	1.22019256582649	1.48886989769824	1.00132303605686	4022.04883989414	0	1.00123506730405	12007.2157103191	0	0.352208608385986	0.10227599675	0.35277444	0.599832377	0.35136033668513	0.17164387975	0.351064105	0.5334296975
492	7	7	benefit_positive_truncnorm	benefit_positive_truncnorm	continuous	1	increasing	benefit	1	1	NA	1.85325837230629	3.34597832056838	700	252	420	700	700	252	486	0.64	0.305714285714286	6.6159555963281	24	24	0	2	1	10	4	1	5000	2500	1	0.95	12	10000	101491	0.8947	0.9987	1.04546338191108	-0.587190061620453	1.03340964699522	2.67647793475979	3.26366799638024	1.99608546803642	0.748507928311724	1.99994754482184	3.20469147188178	2.45618354357005	0.890133563119345	1.51498475297058	-0.373832405393945	0.373382881369064	9.05343021371472	9.42726261910866	0.0716	0.9987	4.12773722729538	1.44699879344303	4.03985447516683	7.15886732921534	5.71186853577231	0	NA	NA	NA	NA	NA	NA	1	-0.807794990395214	0.652532746507604	1	0.142827095730131	0.0203995792747041	1	-1.83099356759781	3.35253744458454	1	0.781758906726993	0.611146988246983	1.00124882815544	4422.82701192022	0	1.00119161881417	10788.2022280054	0	0.156388313531486	-0.089713714125	0.156579025	0.395892855	0.28408713148955	0.1057408875	0.284753875	0.459843467
516	7	7	benefit_positive_truncnorm	benefit_positive_truncnorm	continuous	1	increasing	benefit	1	1	NA	2.77086627743149	5.65406700032029	700	252	420	700	700	252	487	0.64	0.304285714285714	7.67352831608535	24	24	0	2	1	10	4	1	5000	2500	1	0.95	12	10000	101515	0.9995	1	2.63391505725207	0.977120805920475	2.62540685919809	4.28121971309042	3.30409890716994	2.72236712471494	1.50772303449458	2.72200557642657	3.93235163822603	2.42462860373145	0.999379883418083	3.75753292576916	0.180365408336865	2.73578442828664	12.0102132001289	11.829847791792	0.1937	1	5.35935424525449	2.72834044987588	5.19968176460503	8.89368861915938	6.1653481692835	0	NA	NA	NA	NA	NA	NA	1	-0.136951220179417	0.0187556367086311	1	-0.048499152716551	0.00235216781422334	1	-1.89653407455113	3.5968414959335	1	-0.294712755065803	0.0868556079984762	1.00128510245189	4504.69835135227	0	1.00120592786181	12407.4285845887	0	0.40630199720489	0.153141331	0.405722945	0.6536698775	0.3983054978902	0.21908432625	0.39776225	0.57832645
499	7	7	benefit_positive_truncnorm	benefit_positive_truncnorm	continuous	1	increasing	benefit	1	1	NA	2.20734677642238	4.28555987363012	700	252	420	700	700	252	489	0.64	0.301428571428571	6.63582094239973	24	24	0	2	1	10	4	1	5000	2500	1	0.95	12	10000	101498	0.4996	0.941	-0.00628632643229076	-1.58870793285716	-0.00115192097788919	1.59460047430137	3.18330840715854	0.973084875363129	-0.248910858010434	0.963809374748811	2.20518264856277	2.4540935065732	0.496865858754701	0.0105888161997856	-4.84807274645528	-0.0017219643940356	4.98365467089918	9.83172741735446	0.0428	0.941	2.10578355217727	-0.54668871300849	2.09507539834177	4.79450499140831	5.3411937044168	0	NA	NA	NA	NA	NA	NA	0	-2.21363310285467	4.900171514054	0	-1.23426190105925	1.5234024404064	1	-4.27497105743033	18.275377541867	1	-2.17977632145284	4.75142481156649	1.00102912798915	4310.00983431391	0	1.00104058571136	11947.2207869512	0	-0.0016057982072502	-0.246367937	-0.00018342075	0.24119085025	0.13929469185958	-0.03552123425	0.137918625	0.31701840125
514	7	7	benefit_positive_truncnorm	benefit_positive_truncnorm	continuous	1	increasing	benefit	1	1	NA	1.51373720109124	2.67250711730375	700	252	420	700	700	252	479	0.64	0.315714285714286	6.88841883225494	24	24	0	2	1	10	4	1	5000	2500	1	0.95	12	10000	101513	0.8929	0.9991	1.03628815713701	-0.573395324879361	1.03220080714177	2.71341208963796	3.28680741451732	1.95551080866489	0.709983733612437	1.95110976063997	3.19134781748644	2.48136408387401	0.888477052218467	1.48764670142991	-0.299929132300061	0.356990174896778	9.04709203620641	9.34702116850647	0.0827	0.9991	4.03971943665617	1.39270720850003	3.96654206702679	7.04293615262029	5.65022894412026	0	NA	NA	NA	NA	NA	NA	1	-0.477449043954229	0.227957589572807	1	0.44177360757365	0.195163920348638	1	-1.18486041587384	1.40389420510474	1	1.36721231935242	1.86926952618902	1.00172962315187	3661.04049691099	0	1.00182739033908	11107.5712364178	0	0.157567791881433	-0.088387412225	0.15730778	0.4090000745	0.28046573806081	0.100828282	0.27955122	0.45993345175
513	7	7	benefit_positive_truncnorm	benefit_positive_truncnorm	continuous	1	increasing	benefit	1	1	NA	2.3896384247582	4.71017096377891	700	252	420	700	700	252	495	0.64	0.292857142857143	7.04580034807334	24	24	0	2	1	10	4	1	5000	2500	1	0.95	12	10000	101512	0.9684	1	1.58855718133143	-0.0944674004288356	1.59612353170124	3.28028736963497	3.3747547700638	2.87896382814356	1.63940645387927	2.87775211990012	4.0922752091723	2.45286875529303	0.965847146512404	2.48442612866115	-0.038160515470217	0.880862047869016	10.8372146598174	10.8753751752876	0.1011	1	5.43822237464613	2.91396563930003	5.47697189755682	7.7700882174258	4.85612257812577	0	NA	NA	NA	NA	NA	NA	1	-0.801081243426771	0.641731158570181	1	0.489325403385359	0.239439350398244	1	-2.22574483511776	4.95394007105337	1	0.728051410867226	0.530058856865759	1.00174789832784	4346.73575196977	0	1.00130635425841	10146.7371550336	0	0.2382666797018	-0.015158415475	0.239698225	0.48936004375	0.4082062634503	0.23107839725	0.40766044	0.583940026
526	7	7	benefit_positive_truncnorm	benefit_positive_truncnorm	continuous	1	increasing	benefit	1	1	NA	1.74188230063578	3.02849800581337	700	252	420	700	700	252	464	0.64	0.337142857142857	7.73470975720044	24	24	0	2	1	10	4	1	5000	2500	1	0.95	12	10000	101525	0.9431	0.9998	1.32103430216912	-0.305180334619288	1.33331738338799	2.98066119729287	3.28584153191216	2.3542198130944	1.09708286339552	2.35342004516947	3.61484698384842	2.5177641204529	0.939738868429863	1.87116848651213	-0.125998858311211	0.507165037020927	9.51302359540756	9.63902245371877	0.1039	0.999799979998	4.7182888560681	1.66342829257065	4.48473297519905	8.70032175615309	7.03689346358245	1e-04	NA	NA	NA	NA	NA	NA	1	-0.420847998466663	0.177113037813397	1	0.612337512458623	0.374957229164015	1	-1.15732951930124	1.33941161624604	1	1.68979085025473	2.85539311760461	1.00139838881243	4190.63297132453	0	1.00193523227489	11152.587801212	0	0.20231959685208	-0.046741053225	0.20467174	0.45138827375	0.340169202207251	0.15829918375	0.33975918	0.52595665425
512	7	7	benefit_positive_truncnorm	benefit_positive_truncnorm	continuous	1	increasing	benefit	1	1	NA	2.18949433833013	4.75642381770594	700	252	420	700	700	252	491	0.64	0.298571428571429	7.14736996644455	24	24	0	2	1	10	4	1	5000	2500	1	0.95	12	10000	101511	0.967	0.992	1.53858282486934	-0.109515886002714	1.5303850865861	3.21825089519121	3.32776678119392	1.50905274416594	0.295424905504363	1.51293063240637	2.70851771272942	2.41309280722506	0.964447890131798	2.37789273542094	-0.0484930936827562	0.796411968097452	10.4965538258622	10.5450469195449	0.0971	0.992	2.92308576327854	0.541934745986262	2.92666084816776	5.289767074063	4.74783232807674	0	NA	NA	NA	NA	NA	NA	1	-0.650911513460791	0.423685798355817	1	-0.680441594164196	0.463000763068713	1	-2.378531082285	5.65741010939586	1	-1.8333380544274	3.36112842181165	1.00101039817107	4443.92334878447	0	1.0016162217166	10883.6776754218	0	0.234531365647835	-0.0167054349	0.23442332	0.487168091	0.218150146840611	0.042106312425	0.21825826	0.393700016
511	7	7	benefit_positive_truncnorm	benefit_positive_truncnorm	continuous	1	increasing	benefit	1	1	NA	2.36896412983825	4.86109277284409	700	252	420	700	700	252	487	0.64	0.304285714285714	7.40301244134289	24	24	0	2	1	10	4	1	5000	2500	1	0.95	12	10000	101510	0.9996	1	2.7911024747505	1.13696522151782	2.78199071382778	4.4694252788727	3.33246005735488	3.42476907289863	2.17729260689184	3.42417390034411	4.65513219915105	2.4778395922592	0.999502177971375	3.98097790089621	0.210225667611279	3.04029823945947	12.3757783981803	12.165552730569	0.1965	1	7.08843198756712	4.12755817445414	7.02724104443808	10.6967637520398	6.56920557758566	0	NA	NA	NA	NA	NA	NA	1	0.422138344912251	0.178200782245255	1	1.05580494306039	1.11472407779074	1	-0.880114871947879	0.774602187823832	1	2.22733921472302	4.96103997744298	1.00182374849738	4385.21628977614	0	1.00118708908276	11723.5658494054	0	0.42481013734284	0.175504243	0.42386855	0.680369962	0.494661941998	0.31417767075	0.494008235	0.67749301925
506	7	7	benefit_positive_truncnorm	benefit_positive_truncnorm	continuous	1	increasing	benefit	1	1	NA	1.80196653840131	3.17906166256985	700	252	420	700	700	252	480	0.64	0.314285714285714	7.9823474723878	24	24	0	2	1	10	4	1	5000	2500	1	0.95	12	10000	101505	0.7234	0.8699	0.464393968857001	-1.09894457833634	0.465919101904228	2.04075078358699	3.13969536192334	0.673016903920056	-0.522251872004699	0.66965175397674	1.8628890143374	2.3851408863421	0.7183540877098	0.644365059187526	-2.61448869184409	0.14220371708986	6.88393695916356	9.49842565100765	0.0765	0.8699	1.38512840354172	-1.10448981446633	1.34348991527583	3.97655022156692	5.08104003603325	0	NA	NA	NA	NA	NA	NA	1	-1.33757256954431	1.78910037879737	1	-1.12894963448126	1.27452727719536	1	-2.53469660338233	6.4246868711979	1	-1.79393325902813	3.2181965378473	1.00142745632108	3783.921485617	0	1.00119922721787	9847.42164073394	0	0.0724033247163742	-0.17442831875	0.0733691225	0.3143511225	0.0993744741391014	-0.07755956625	0.09898655	0.2755488575
509	7	7	benefit_positive_truncnorm	benefit_positive_truncnorm	continuous	1	increasing	benefit	1	1	NA	1.79720027441327	3.81136569813247	700	252	420	700	700	252	474	0.64	0.322857142857143	7.46269779454572	24	24	0	2	1	10	4	1	5000	2500	1	0.95	12	10000	101508	0.9969	1	2.25601153347194	0.642309367746572	2.2457109651881	3.98762937534777	3.3453200076012	2.91779669872773	1.7066463536149	2.90821179743462	4.14154725812713	2.43490090451222	0.996370873331772	3.24250293383737	0.122121150672987	2.02415383175065	11.5399813625658	11.4178602118928	0.1458	1	6.47273470940402	3.45976230654477	6.27760233107912	10.1160971829987	6.65633487645391	2e-04	NA	NA	NA	NA	NA	NA	1	0.458811259058673	0.210507771439004	1	1.12059642431447	1.25573634618637	1	-0.568862764295099	0.323604844601461	1	2.66136901127155	7.08288501415649	1.00166077731974	4541.02588898246	0	1.00228994238675	11730.8812979672	0	0.341736655668255	0.098373511825	0.339892505	0.600618431	0.4196250130862	0.244802742	0.417906375	0.5983438485
520	7	7	benefit_positive_truncnorm	benefit_positive_truncnorm	continuous	1	increasing	benefit	1	1	NA	1.82993406668162	3.23006685614117	700	252	420	700	700	252	473	0.64	0.324285714285714	7.69454212739062	24	24	0	2	1	10	4	1	5000	2500	1	0.95	12	10000	101519	0.9964	0.9998	2.21557039444915	0.603960336928958	2.22515066520521	3.815054890599	3.21109455367004	2.13737037297999	0.894891163291928	2.14759142307651	3.34180323669746	2.44691207340553	0.996117190257677	3.20970073900937	0.11993728301026	1.94574371639522	11.4871347596471	11.3671974766368	0.1501	0.9998	3.47817021475449	1.31879681157229	3.36147089462688	6.3953299095184	5.07653309794611	0	NA	NA	NA	NA	NA	NA	1	0.385636327767535	0.14871537729403	1	0.307436306298371	0.0945170824303859	1	-0.0203661171317986	0.00041477872702614	1	0.248103358613315	0.061555276555207	1.00202727211813	4555.52944323831	0	1.00140709571491	10151.3681123496	0	0.339624689983857	0.096281404325	0.34085584	0.58092457875	0.30942501873055	0.12881879225	0.310252535	0.485401318
519	7	7	benefit_positive_truncnorm	benefit_positive_truncnorm	continuous	1	increasing	benefit	1	1	NA	1.55899471517418	3.11728719540914	700	252	420	700	700	252	484	0.64	0.308571428571429	7.24146332709114	24	24	0	2	1	10	4	1	5000	2500	1	0.95	12	10000	101518	0.9642	0.9999	1.44380388162885	-0.153277217676354	1.42237892663375	3.15409760540337	3.30737482307972	2.20077776956219	0.973919172034049	2.19717706678581	3.3895285124795	2.41560934044545	0.962673223066607	2.09871047604896	-0.0526271159311385	0.651600137172742	9.60903760282226	9.6616647187534	0.1052	0.9999	4.82316912423059	2.03974697803713	4.79695931012771	7.80420220427536	5.76445522623823	0	NA	NA	NA	NA	NA	NA	1	-0.115190833545327	0.0132689281328673	1	0.641783054388009	0.411885488899602	1	-1.01857671936018	1.03749853322254	1	1.70588192882145	2.9100331550796	1.00144033394439	4722.31975122048	0	1.00108919356522	10768.3977143262	0	0.21877939422936	-0.02390562185	0.21626511	0.47009535475	0.3178950871333	0.139687807	0.317371765	0.491493694
475	7	7	benefit_positive_truncnorm	benefit_positive_truncnorm	continuous	1	increasing	benefit	1	1	NA	1.70949592137466	3.12395159917252	700	252	420	700	700	252	477	0.64	0.318571428571429	6.45448329075279	24	24	0	2	1	10	4	1	5000	2500	1	0.95	12	10000	101474	0.9957	1	2.18962341228475	0.529202601322081	2.18819176595077	3.83023948077108	3.301036879449	2.79823255002092	1.53050409616382	2.79780000657279	4.05888440166689	2.52838030550306	0.995265042152674	3.1136079687156	0.102919019338596	1.75649924646777	11.5246742905245	11.4217552711859	0.1341	1	5.25240087521038	2.92169718427523	5.09267017080855	8.53953968126763	5.6178424969924	1e-04	NA	NA	NA	NA	NA	NA	1	0.480127490910093	0.230522407527621	1	1.08873662864627	1.18534744655604	1	-0.0103436304569176	0.000106990691029272	1	2.12844927603786	4.53029632066609	1.00170580765626	4336.4834181317	0	1.00127945541243	10645.1128842527	0	0.332765190204037	0.0831830891	0.333118585	0.575578239	0.3985756810542	0.2161886085	0.39784305	0.5825144995
517	7	7	benefit_positive_truncnorm	benefit_positive_truncnorm	continuous	1	increasing	benefit	1	1	NA	1.95402733070172	3.70564433441514	700	252	420	700	700	252	471	0.64	0.327142857142857	6.55194273070018	24	24	0	2	1	10	4	1	5000	2500	1	0.95	12	10000	101516	0.9046	0.9963	1.13696081939677	-0.525898698757467	1.13427547473618	2.85583446204987	3.38173316080734	1.76875502246447	0.499297618173102	1.76301238178061	3.04741172452584	2.54811410635274	0.900528643866652	1.62093624154776	-0.273931618626293	0.413155490118617	9.15998950053925	9.43392111916554	0.0731	0.9963	3.59900041076349	0.783202350194455	3.44316792551237	7.1573329074188	6.37413055722435	0	NA	NA	NA	NA	NA	NA	1	-0.817066511304944	0.667597683896033	1	-0.185272308237243	0.034325828199556	1	-2.08470809286738	4.34600783246677	1	-0.106643923651656	0.0113729264518202	1.00151569795227	4391.42663371532	0	1.00145498663178	10512.3211005428	0	0.168302171277938	-0.0799853368	0.1692846	0.41887509975	0.246473933074923	0.06964178185	0.245339575	0.42647429525
518	7	7	benefit_positive_truncnorm	benefit_positive_truncnorm	continuous	1	increasing	benefit	1	1	NA	2.51566232987296	5.37962713998836	700	252	420	700	700	252	486	0.64	0.305714285714286	7.23009540250296	24	24	0	2	1	10	4	1	5000	2500	1	0.95	12	10000	101517	0.9989	1	2.54730621929522	0.862590106923796	2.54833909655185	4.16242327833085	3.29983317140705	2.97743713371088	1.76505811115247	2.98045574073784	4.19328017403145	2.42822206287898	0.998833955223881	3.94625156779353	0.168151577691175	2.8579350039505	12.6486304012274	12.4804788235363	0.1424	1	6.06855316472911	3.39992350078553	5.99542194306877	9.36144887707193	5.9615253762864	0	NA	NA	NA	NA	NA	NA	1	0.0316438894222624	0.00100133573776837	1	0.461774803837918	0.213235969459547	1	-1.43337557219484	2.05456553096488	1	0.688926024740746	0.474619067565087	1.00205013545309	4228.66368541788	0	1.00137152815037	10809.5580250465	0	0.384411994096962	0.1321822675	0.385696835	0.6269675995	0.4277826374897	0.2510007565	0.42782172	0.60618896025
521	7	7	benefit_positive_truncnorm	benefit_positive_truncnorm	continuous	1	increasing	benefit	1	1	NA	2.57094151622433	5.29069372595124	700	252	420	700	700	252	459	0.64	0.344285714285714	7.35135517132502	24	24	0	2	1	10	4	1	5000	2500	1	0.95	12	10000	101520	0.998	1	2.35814695900438	0.70984300386779	2.3580733685074	4.00077177448579	3.290928770618	2.25942521734708	1.02152542001968	2.2550773269761	3.491629241996	2.47010382197632	0.998011928429423	3.58015341997499	0.148211364350544	2.48573150801142	12.0943469437033	11.9461355793528	0.1449	1	5.47670690717282	2.32802110484587	5.48353301283942	8.56503859864234	6.23701749379648	0	NA	NA	NA	NA	NA	NA	1	-0.21279455721995	0.0452815235824347	1	-0.311516298877244	0.0970424044661767	1	-1.71054030597625	2.92594813836932	1	0.18601318122158	0.0346009035881723	1.0010245041703	4184.30788637545	0	1.00151834323175	10565.3893584944	0	0.358785190134554	0.1092636195	0.35943323	0.60386517575	0.3314054521141	0.15004064475	0.33053847	0.514579648
515	7	7	benefit_positive_truncnorm	benefit_positive_truncnorm	continuous	1	increasing	benefit	1	1	NA	1.53538155271692	2.82749044113383	700	252	420	700	700	252	491	0.64	0.298571428571429	6.37514160512961	24	24	0	2	1	10	4	1	5000	2500	1	0.95	12	10000	101514	0.492	0.9979	-0.00502884393445162	-1.59789160598143	-0.0159051769269398	1.65862635420893	3.25651796019037	1.9227979815776	0.677940911367606	1.93345859045168	3.15998669513278	2.48204578376517	0.491312539250576	0.0232871864810265	-5.09429517926225	-0.0053142753920854	5.23087379128699	10.3251689705492	0.0446	0.9979	3.4693090563888	1.14614876201333	3.39061128200857	6.28373731683585	5.13758855482251	0	NA	NA	NA	NA	NA	NA	1	-1.54041039665137	2.37286419011163	1	0.387416428860684	0.150091489351165	1	-2.8042032546528	7.86355589340535	1	0.641818615254975	0.411931134887814	1.00124512659946	4479.5709606287	0	1.00149134199237	10831.8955261717	0	-0.0018872318306107	-0.24728030625	-0.0024634205	0.2517075725	0.26944458964445	0.09445545525	0.27040386	0.445381441
531	7	7	benefit_positive_truncnorm	benefit_positive_truncnorm	continuous	1	increasing	benefit	1	1	NA	1.72225059865341	3.30789494912035	700	252	420	700	700	252	484	0.64	0.308571428571429	7.11944337186877	24	24	0	2	1	10	4	1	5000	2500	1	0.95	12	10000	101530	0.8528	0.9894	0.836757952592602	-0.74921168763757	0.827524676106723	2.45029596400768	3.19950765164525	1.45500666971028	0.210785661074542	1.45798197841554	2.68869229068164	2.47790662960709	0.84899292324442	1.25540563333757	-0.723571388406913	0.297253828127634	8.16876358358075	8.89233497198767	0.0815	0.9894	2.930418214791	0.392519322354401	2.92148898867306	5.73627644137864	5.34375711902424	0	NA	NA	NA	NA	NA	NA	1	-0.885492646060805	0.784097226227766	1	-0.267243928943127	0.0714193175569592	1	-2.05248931578278	4.21271239140246	1	-0.377476734329351	0.142488684959951	1.0020037081096	4568.69098206441	0	1.00159502540837	11258.1684437948	0	0.129418127240644	-0.117073078	0.12890985	0.3763086645	0.208933169706633	0.03001593265	0.208825475	0.387591575
530	7	7	benefit_positive_truncnorm	benefit_positive_truncnorm	continuous	1	increasing	benefit	1	1	NA	1.94659727158794	4.20450799208275	700	252	420	700	700	252	490	0.64	0.3	5.88732678751972	24	24	0	2	1	10	4	1	5000	2500	1	0.95	12	10000	101529	0.8226	0.9999	0.793242493076273	-0.877241317871261	0.785455093310105	2.45960055929401	3.33684187716527	2.41149537627985	1.1525950220343	2.41869527708306	3.71214226646971	2.5595472444354	0.818153067678684	1.15906743514032	-1.36583738744568	0.26723054467428	8.61869189159291	9.98452927903859	0.0514	0.9999	4.26003305429731	1.70301656793175	4.07324817082388	7.92313247632811	6.22011590839635	0	NA	NA	NA	NA	NA	NA	1	-1.15335477851166	1.33022724511569	1	0.464898104691909	0.216130247746129	1	-3.04544055694242	9.27470818586978	1	0.0555250622145671	0.00308303253393155	1.0010796157301	4546.03633340288	0	1.00174961801431	12483.869355031	0	0.117950779737166	-0.1330251535	0.118786935	0.3645517665	0.3391358978997	0.1604860225	0.339468905	0.523252026
528	7	7	benefit_positive_truncnorm	benefit_positive_truncnorm	continuous	1	increasing	benefit	1	1	NA	2.47399662874299	5.55958836690122	700	252	420	700	700	252	472	0.64	0.325714285714286	6.30785911596722	24	24	0	2	1	10	4	1	5000	2500	1	0.95	12	10000	101527	1	1	3.26432712628475	1.53085560400435	3.27577281467215	4.98757691480183	3.45672131079748	3.7855306377051	2.51826570949655	3.78519535296195	5.04157628380607	2.52331057430951	1	5.25852157532975	0.277172010819233	4.41806729796081	14.7774924013073	14.5003203904881	0.1701	1	9.12195025408062	5.30301345648451	9.05263384750032	12.9180463841304	7.61503292764586	0.0012	NA	NA	NA	NA	NA	NA	1	0.790330497541755	0.624622295344599	0	1.31153400896211	1.72012145666422	1	-0.301066791571472	0.0906412129871401	1	3.5623618871794	12.6904222152283	1.00159534022738	4449.36838212954	0	1.00177397683665	11656.0649231824	0	0.4829291569959	0.2303115075	0.48287744	0.73579404625	0.541403101837	0.3565798295	0.54053589	0.72843028625
527	7	7	benefit_positive_truncnorm	benefit_positive_truncnorm	continuous	1	increasing	benefit	1	1	NA	1.8972178003952	3.8783444440698	700	252	420	700	700	252	463	0.64	0.338571428571429	7.33078623910973	24	24	0	2	1	10	4	1	5000	2500	1	0.95	12	10000	101526	0.9473	1	1.35257306326169	-0.265912218381839	1.34794391024824	3.01064895580602	3.27656117418786	2.57088924832045	1.27550160228053	2.57625613844004	3.84411630301664	2.56861470073611	0.944830679524557	1.94980916076925	-0.112689536603979	0.536118551572262	9.66113645755629	9.77382599416027	0.1082	1	5.84280083043169	2.37055621294913	5.89667620188366	9.72627819018514	7.35572197723601	2e-04	NA	NA	NA	NA	NA	NA	1	-0.544644737133503	0.296637889687223	1	0.673671447925255	0.45383321974971	1	-1.92853528330055	3.71924833893515	1	1.96445638636189	3.85908889391801	1.0015168985416	4250.05649572828	0	1.00105862486098	10408.4055801475	0	0.202654285577366	-0.040636168775	0.203361945	0.45193492875	0.3624515095203	0.1792256695	0.362248485	0.544633743
538	7	7	benefit_positive_truncnorm	benefit_positive_truncnorm	continuous	1	increasing	benefit	1	1	NA	1.63425383320718	3.24988959370046	700	252	420	700	700	252	490	0.64	0.3	6.40668225154396	24	24	0	2	1	10	4	1	5000	2500	1	0.95	12	10000	101537	0.8749	0.9994	0.98515181506175	-0.667600606826876	0.976171262146109	2.65986644151359	3.32746704834047	1.96681580179507	0.72868213712477	1.96126610270812	3.23447428773277	2.505792150608	0.871405665419562	1.53387835352739	-0.515717370064229	0.381001890993911	9.22127201191013	9.73698938197436	0.0645	0.9994	3.78933169696281	1.23676359781336	3.69802672329431	6.74205302778429	5.50528942997093	0	NA	NA	NA	NA	NA	NA	1	-0.649102018145431	0.421333429960471	1	0.332561968587892	0.110597462951054	1	-1.71601124017306	2.94469457640029	1	0.539442103262353	0.290997782772111	1.00208736111771	3825.7568802085	0	1.00112735927168	9723.89400833439	0	0.147978339414734	-0.101562395	0.14837902	0.3963149585	0.27677884837613	0.102278102	0.27600885	0.456552221
543	7	7	benefit_positive_truncnorm	benefit_positive_truncnorm	continuous	1	increasing	benefit	1	1	NA	1.75491879650565	3.51451575505516	700	252	420	700	700	252	482	0.64	0.311428571428571	7.21135357494507	24	24	0	2	1	10	4	1	5000	2500	1	0.95	12	10000	101542	0.8586	0.992	0.886830560927334	-0.732666444327497	0.885712528585834	2.5099229856731	3.24258943000059	1.47185288529121	0.249785836230654	1.46427832472111	2.73482768132666	2.48504184509601	0.85252109932915	1.34023329756177	-0.670178780501059	0.325306903962303	8.59147216576788	9.26165094626894	0.0758	0.992	2.85908902754438	0.400196664246069	2.75143563578381	5.93886914823202	5.53867248398595	0	NA	NA	NA	NA	NA	NA	1	-0.868088235578315	0.753577184749472	1	-0.283065911214439	0.0801263100916609	1	-2.17428245749339	4.72750420496348	1	-0.655426727510772	0.42958419513548	1.0013050541623	4308.16620287211	0	1.00190629581643	11487.2533089283	0	0.135037374873788	-0.11248896725	0.135491145	0.38179018475	0.211901134711551	0.03579963325	0.21087998	0.39508630375
522	7	7	benefit_positive_truncnorm	benefit_positive_truncnorm	continuous	1	increasing	benefit	1	1	NA	1.4795018962163	2.8013711582951	700	252	420	700	700	252	502	0.64	0.282857142857143	6.03592118189871	24	24	0	2	1	10	4	1	5000	2500	1	0.95	12	10000	101521	0.969	0.9953	1.60511169071069	-0.0964773211106052	1.59910064563326	3.37070835594386	3.46718567705447	1.68637773416517	0.42314023581698	1.67756922009281	2.95641606682379	2.53327583100681	0.967902016682505	2.88199070428399	-0.0388061235758919	1.41692804497854	11.9806486106482	12.0194547342241	0.0529	0.9953	3.2878526612685	0.770575719145919	3.2536802008871	5.8674691446266	5.09689342548068	0	NA	NA	NA	NA	NA	NA	1	0.125609794494391	0.0157778204729231	1	0.206875837948869	0.0427976123270467	1	0.0806195459888852	0.00649951119545398	1	0.486481502973397	0.236664252735255	1.00153711406364	4343.51605330442	0	1.00200964967308	11243.5184965574	0	0.232324650941847	-0.01405340435	0.23251154	0.4835164875	0.23201940200394	0.057749850725	0.23059712	0.4074449945
545	7	7	benefit_positive_truncnorm	benefit_positive_truncnorm	continuous	1	increasing	benefit	1	1	NA	2.19542490262571	4.8363731377061	700	252	420	700	700	252	479	0.64	0.315714285714286	6.23929578886854	24	24	0	2	1	10	4	1	5000	2500	1	0.95	12	10000	101544	0.9949	1	2.25176878919229	0.53176063994876	2.25102696903003	3.98625923152287	3.45449859157411	3.24050022629144	2.01019823747344	3.2357111585717	4.48360537627543	2.47340713880199	0.994749190034633	3.48176871080484	0.106296003716146	2.1518860700961	12.5432757971337	12.4369797934176	0.1049	1	7.37705155268119	4.13175414425315	7.20978519481124	11.528775927259	7.39702178300588	3e-04	NA	NA	NA	NA	NA	NA	1	0.0563438865665797	0.0031746335534276	1	1.04507532366573	1.09218243213502	1	-1.35460442690126	1.83495315338048	1	2.54067841497509	6.45504680832034	1.0007776284927	4322.40072399905	0	1.00150130554522	12523.0447418228	0	0.33119990510365	0.07998590125	0.33277403	0.5810323605	0.456700202897	0.28053389525	0.45523682	0.638531647
523	7	7	benefit_positive_truncnorm	benefit_positive_truncnorm	continuous	1	increasing	benefit	1	1	NA	1.95635686531809	3.4736526763579	700	252	420	700	700	252	479	0.64	0.315714285714286	7.28117497939789	24	24	0	2	1	10	4	1	5000	2500	1	0.95	12	10000	101522	0.9987	0.9995	2.49063030522349	0.830212395846074	2.47135246666897	4.20225943888636	3.37204704304029	2.12489230736978	0.87291363864299	2.12461431214894	3.35505152069088	2.48213788204789	0.998459533120038	3.68043015095253	0.157517703636401	2.59682227633392	12.2092608043773	12.0517431007409	0.1561	0.9995	4.18685029239505	1.57767854944165	4.05919560112306	7.37112804989912	5.79344950045747	0	NA	NA	NA	NA	NA	NA	1	0.5342734399054	0.285448108588349	1	0.168535442051682	0.0284041952275558	1	0.206777474594634	0.0427569239997343	1	0.713197616037149	0.508650839521073	1.00113305550581	4621.09007614978	0	1.00214645137465	11207.6679438787	0	0.37785978795037	0.12707733525	0.37573813	0.634259306	0.304779521229429	0.12481027925	0.304251495	0.48365127925
546	7	7	benefit_positive_truncnorm	benefit_positive_truncnorm	continuous	1	increasing	benefit	1	1	NA	2.33200984730298	4.10152495720655	700	252	420	700	700	252	491	0.64	0.298571428571429	6.97292199689574	24	24	0	2	1	10	4	1	5000	2500	1	0.95	12	10000	101545	0.9623	1	1.47096782331515	-0.133405894717299	1.46277157207432	3.15478614450742	3.28819203922472	2.67766083849742	1.44466750757777	2.66904475892069	3.91051347568131	2.46584596810354	0.96009753934826	2.11416018525999	-0.0598163028264354	0.60320347082304	10.1997730326705	10.2595893354969	0.0978	1	5.48053326901998	2.5574928292887	5.21720886531203	9.6456480458821	7.08815521659339	0	NA	NA	NA	NA	NA	NA	1	-0.861042023987832	0.741393367073062	1	0.345650991194437	0.119474607713697	1	-1.98736477194656	3.94961873677421	1	1.37900831181343	1.90166392405053	1.0012505121074	3838.3969141916	0	1.00170004572963	11927.5127201669	0	0.22201583320628	-0.0204719554	0.221602585	0.47182579175	0.380753276705	0.2034066915	0.37938771	0.558972602
544	7	7	benefit_positive_truncnorm	benefit_positive_truncnorm	continuous	1	increasing	benefit	1	1	NA	3.07878142658079	6.88510196087365	700	252	420	700	700	252	483	0.64	0.31	7.41419563298449	24	24	0	2	1	10	4	1	5000	2500	1	0.95	12	10000	101543	1	1	3.51014853968716	1.8388240605247	3.50921831652464	5.14659536219321	3.3077713016685	3.66930516875852	2.47058810667766	3.67166450981406	4.87137131326204	2.40078320658438	1	4.8906280498469	0.313890769752447	4.13424131993456	13.4797175327741	13.1658267630217	0.2649	1	6.92932738693534	3.83961191897214	6.83655837395386	10.5806034357272	6.74099151675507	2e-04	NA	NA	NA	NA	NA	NA	1	0.431367113106372	0.186077586269726	1	0.590523742177736	0.348718290075598	1	-1.99447391102676	3.97792618176637	1	0.0442254260616854	0.00195588831033761	1.00090549742832	4435.23218163128	0	1.00182166141443	11686.0042477218	0	0.5455119861099	0.2937407885	0.545157435	0.799421542	0.541849479791	0.36136864225	0.54142569	0.7268304745
529	7	7	benefit_positive_truncnorm	benefit_positive_truncnorm	continuous	1	increasing	benefit	1	1	NA	1.86775933789369	3.49002949634748	700	252	420	700	700	252	482	0.64	0.311428571428571	6.93934258070463	24	24	0	2	1	10	4	1	5000	2500	1	0.95	12	10000	101528	0.9988	1	2.55600775300124	0.891172562296907	2.54439743365205	4.26003789969655	3.36886533739965	3.07651098477312	1.81982835102382	3.07959056359958	4.35654885881454	2.53672050779072	0.99869109947644	3.6351591313163	0.159077416537694	2.45698089260602	12.4159611352805	12.2568837187428	0.1596	1	5.96130103665439	3.03672034439078	5.87644002323223	9.49829640387181	6.46157605948103	0	NA	NA	NA	NA	NA	NA	1	0.688248415107557	0.473685880898063	1	1.20875164687943	1.46108054383374	1	0.145129634968822	0.0210626109461836	1	2.47127154030691	6.10718302593089	1.00149825602784	4307.39019961895	0	1.00123725585279	10953.3498486603	0	0.385977460515761	0.1374632015	0.384896945	0.6384053745	0.436071095833	0.25502996725	0.436215975	0.62321812675
548	7	7	benefit_positive_truncnorm	benefit_positive_truncnorm	continuous	1	increasing	benefit	1	1	NA	1.51036416808458	2.62066355530027	700	252	420	700	700	252	514	0.64	0.265714285714286	6.46999002253742	24	24	0	2	1	10	4	1	5000	2500	1	0.95	12	10000	101547	0.9991	0.9999	2.63740237229954	0.936205760148453	2.6314305260446	4.36031638004343	3.42411061989498	2.31157629789764	1.10230575717924	2.30131480989293	3.50801721192491	2.40571145474567	0.998945147679325	4.01647322634383	0.177393839607046	2.93288344282339	12.9711122779552	12.7937184383481	0.1468	0.9999	3.66373924712868	1.50024955637313	3.60252593318204	6.09581464325454	4.59556508688141	0	NA	NA	NA	NA	NA	NA	1	1.12703820421496	1.27021511376009	1	0.801212129813067	0.641940876959592	1	1.39580967104356	1.94828463777872	1	1.04307569182841	1.08800689888331	1.00144844109443	4255.98866254974	0	1.001501857986	10730.4931187315	0	0.397201387279484	0.14627017925	0.395912765	0.654987729	0.328318019780583	0.15564601175	0.32634923	0.50156527775
540	7	7	benefit_positive_truncnorm	benefit_positive_truncnorm	continuous	1	increasing	benefit	1	1	NA	2.25108779328196	4.64832671940562	700	252	420	700	700	252	468	0.64	0.331428571428571	7.01249523736774	24	24	0	2	1	10	4	1	5000	2500	1	0.95	12	10000	101539	0.9763	1	1.66338802861653	0.0337099091727094	1.66392304810926	3.35436039294283	3.32065048377012	2.37279735134739	1.12890631901002	2.37924191659098	3.60546141957724	2.47655510056722	0.975291475024067	2.88738980353375	0.0035531712792448	1.38183955485935	12.0897129476125	12.0861597763332	0.0651	1	6.1254038079172	2.69773578993949	6.15668164196963	9.43932287222495	6.74158708228545	0	NA	NA	NA	NA	NA	NA	1	-0.587699764665435	0.345391013387808	1	0.121709558065423	0.0148132165244805	1	-1.76093691587187	3.10089882168034	1	1.47707708851158	2.18175672540585	1.00106430750789	4231.50909579519	0	1.00202096723254	12232.3108550439	0	0.250767384857485	0.00506327604000001	0.251520825	0.49991058225	0.3437766589262	0.16286941	0.34423658	0.5234968715
555	7	7	benefit_positive_truncnorm	benefit_positive_truncnorm	continuous	1	increasing	benefit	1	1	NA	1.88655826399424	4.20738418215293	700	252	420	700	700	252	487	0.64	0.304285714285714	6.77558348876067	24	24	0	2	1	10	4	1	5000	2500	1	0.95	12	10000	101554	0.9962	1	2.25907177230328	0.605471373592626	2.24968946677044	3.96352724716759	3.35805587357497	2.46508785554015	1.19979226365192	2.47145848319362	3.71057666965144	2.51078440599952	0.995611502482966	3.17666387819329	0.112947251632021	1.82741232546962	11.7759260118821	11.6629787602501	0.1341	1	4.68062499393413	2.24738968347662	4.70747573021603	7.10716996460159	4.85978028112497	0	NA	NA	NA	NA	NA	NA	1	0.372513508309035	0.138766313872705	1	0.578529591545912	0.33469648829428	1	-1.03072030395964	1.06238434499466	1	0.473240811781204	0.223956865935333	1.00096410230737	4240.75033109	0	1.00093780686271	10293.7053105872	0	0.337272582207974	0.092933974625	0.33693978	0.58724700025	0.3494667102811	0.16852249375	0.349898825	0.52914210975
547	7	7	benefit_positive_truncnorm	benefit_positive_truncnorm	continuous	1	increasing	benefit	1	1	NA	2.28986895541089	4.99910399917603	700	252	420	700	700	252	487	0.64	0.304285714285714	6.8076548226743	24	24	0	2	1	10	4	1	5000	2500	1	0.95	12	10000	101546	0.7703	0.9978	0.611469881566616	-0.969090723933937	0.617996642613752	2.24012894554555	3.20921966947949	1.80649226283003	0.559528117752233	1.81339618853935	3.0582963802462	2.49876826249396	0.766233766233766	0.897764911363485	-2.08183403663292	0.18670605709426	7.58369427003784	9.66552830667076	0.0606	0.9978	3.53693183143427	1.05573428196817	3.45373713481087	6.58774794602272	5.53201366405455	0	NA	NA	NA	NA	NA	NA	0	-1.67839907384427	2.81702345108132	1	-0.48337669258086	0.233653026930412	1	-4.10133908781255	16.8209823132191	1	-1.46217216774176	2.13794744811865	1.00191157727937	4441.13390217838	0	1.00091665102644	10658.2932872807	0	0.0926002631844911	-0.148733572	0.094090711	0.3364441445	0.256861134342967	0.078876196975	0.257386085	0.43714015775
552	7	7	benefit_positive_truncnorm	benefit_positive_truncnorm	continuous	1	increasing	benefit	1	1	NA	1.69368850237402	3.32202954212431	700	252	420	700	700	252	495	0.64	0.292857142857143	7.19515275091881	24	24	0	2	1	10	4	1	5000	2500	1	0.95	12	10000	101551	0.993	0.9921	2.03244847970581	0.402232266778931	2.02930160772008	3.70116178895231	3.29892952217338	1.50569348019585	0.267437197574721	1.50768487827027	2.74158093620912	2.4741437386344	0.992234102419809	3.24763613095867	0.0817243272579063	1.8898067058143	12.2356333958766	12.1539090686187	0.1115	0.9921	2.57261171884588	0.402888121986018	2.5468542203912	5.0911857022362	4.68829758025018	0	NA	NA	NA	NA	NA	NA	1	0.338759977331785	0.114758322241831	1	-0.187995022178171	0.0353421283637712	1	-0.0743934111656426	0.00553437962486035	1	-0.749417823278434	0.561627073847386	1.00093181551684	4642.9470268355	0	1.00128872496838	10134.4804006218	0	0.30667222952823	0.062005242525	0.30683883	0.55215195925	0.214740512661869	0.038071483225	0.21497724	0.3914211765
549	7	7	benefit_positive_truncnorm	benefit_positive_truncnorm	continuous	1	increasing	benefit	1	1	NA	1.76625368313678	3.39210818479472	700	252	420	700	700	252	487	0.64	0.304285714285714	6.72230663532437	24	24	0	2	1	10	4	1	5000	2500	1	0.95	12	10000	101548	0.9153	0.9664	1.14495042869937	-0.472159074030983	1.14280202138478	2.78675269358076	3.25891176761174	1.1908369931937	-0.087069158928598	1.19053733530813	2.43306352023315	2.52013267916175	0.912058121882455	1.65488846816312	-0.208604361160679	0.433682056772262	9.25432971314664	9.46293407430732	0.0778	0.9664	2.86400456322765	-0.224889860670735	2.91995891232521	5.68136789029127	5.906257750962	0	NA	NA	NA	NA	NA	NA	1	-0.621303254437412	0.386017733974519	1	-0.575416689943083	0.331104367065055	1	-1.7372197166316	3.01793234385357	1	-0.528103621567072	0.278893435112257	1.0011812435051	4585.43724866935	0	1.00145781599312	10512.5065785921	0	0.171573842934831	-0.071210457975	0.17253737	0.41518967175	0.167103759524168	-0.012128903375	0.167057005	0.34153787
541	7	7	benefit_positive_truncnorm	benefit_positive_truncnorm	continuous	1	increasing	benefit	1	1	NA	2.02288832990933	3.9613015979642	700	252	420	700	700	252	460	0.64	0.342857142857143	6.77228345712877	24	24	0	2	1	10	4	1	5000	2500	1	0.95	12	10000	101540	0.9984	0.9982	2.3948401551103	0.727034343710361	2.38719938657022	4.07145403158435	3.34441968787399	1.86437388078568	0.574393557827607	1.86110542532336	3.15272313984015	2.57832958201255	0.998242118832767	3.48137650855279	0.142850375830903	2.32985116604366	12.0868854097403	11.9440350339094	0.1467	0.9982	4.28017106714535	1.13116094311837	4.17004674800399	8.20112059531232	7.06995965219395	0	NA	NA	NA	NA	NA	NA	1	0.371951825200971	0.138348160270334	1	-0.15851444912365	0.0251268305809742	1	-0.479925089411408	0.230328091446548	1	0.318869469181152	0.10167773837587	1.00148256179968	4460.50209410341	0	1.00109664047343	11099.9279522168	0	0.361703541681526	0.11178582175	0.360424865	0.613237345	0.263512698596494	0.08131958975	0.26288323	0.44654524625
539	7	7	benefit_positive_truncnorm	benefit_positive_truncnorm	continuous	1	increasing	benefit	1	1	NA	2.15194301998041	4.11491680798875	700	252	420	700	700	252	503	0.64	0.281428571428571	6.74587435489685	24	24	0	2	1	10	4	1	5000	2500	1	0.95	12	10000	101538	0.9997	1	2.96561020653577	1.27955901474117	2.9667351465815	4.67548611203843	3.39592709729726	2.51763967885514	1.30755895230282	2.52213925341964	3.70959848588953	2.40203953358671	0.999633027522936	4.36414824741045	0.216361123519225	3.39511166352665	13.2269677294327	13.0106066059135	0.1825	1	5.07128988076521	2.59702118307424	5.06303465869582	7.54284513325296	4.94582395017872	0	NA	NA	NA	NA	NA	NA	1	0.813667186555358	0.662054290476912	1	0.365696658874732	0.133734046312142	1	0.249231439421698	0.0621163103962116	1	0.956373072776462	0.914649454331892	1.00189481411899	4346.35391923468	0	1.00131342185849	10944.2695700676	0	0.4452806565205	0.197763496	0.44522764	0.698163461	0.3570565149423	0.1842339345	0.357683075	0.52989055975
542	7	7	benefit_positive_truncnorm	benefit_positive_truncnorm	continuous	1	increasing	benefit	1	1	NA	2.25921462090272	5.05511800148367	700	252	420	700	700	252	463	0.64	0.338571428571429	6.90784526527644	24	24	0	2	1	10	4	1	5000	2500	1	0.95	12	10000	101541	0.9973	1	2.27059079894928	0.642681693253694	2.26548427697552	3.93882003174856	3.29613833849486	2.8819405391903	1.60452891801756	2.88183689539922	4.12533308437478	2.52080416635722	0.996845794392523	3.28505634744998	0.119902341068002	1.94246635766679	11.7953775154436	11.6754751743756	0.144	1	6.43249113007595	3.37376566580029	6.22790392252941	10.7636228606315	7.38985719483122	4e-04	NA	NA	NA	NA	NA	NA	1	0.0113761780465578	0.000129417426946983	1	0.622725918287578	0.387787569307107	1	-1.77006165403369	3.1331182590805	1	1.37737312859228	1.8971567353681	1.00178542109674	4444.64622434711	0	1.00150952431545	10629.3585439399	0	0.345531448687296	0.0999959809	0.34480189	0.59564483975	0.4136136738051	0.229343667	0.413020415	0.5948064175
532	7	7	benefit_positive_truncnorm	benefit_positive_truncnorm	continuous	1	increasing	benefit	1	1	NA	1.47696068307168	3.02301266733983	700	252	420	700	700	252	472	0.64	0.325714285714286	6.25931185406655	24	24	0	2	1	10	4	1	5000	2500	1	0.95	12	10000	101531	0.7105	0.9976	0.478202628329025	-1.19204812171369	0.475048468282006	2.18595522524736	3.37800334696105	1.8075979755691	0.558079031858902	1.80834106750468	3.08156334534525	2.52348431348635	0.704746835443038	0.748202094741606	-3.20388507746373	0.15094574414498	7.34531306038471	10.5491981378484	0.052	0.9976	4.49090985587369	1.24967565930914	4.49703236931253	7.92487645835242	6.67520079904329	0	NA	NA	NA	NA	NA	NA	1	-0.99875805474265	0.997517651913323	1	0.330637292497425	0.109321019190028	1	-2.27481057259823	5.17476314120467	1	1.46789718853386	2.1547221561056	1.00133102514461	4089.32009970764	0	1.00164350846148	10664.0638410904	0	0.0711181926224183	-0.179664996	0.0718895225	0.32203373825	0.255700727840845	0.079178821025	0.25555164	0.4371826765
534	7	7	benefit_positive_truncnorm	benefit_positive_truncnorm	continuous	1	increasing	benefit	1	1	NA	2.06788150644621	4.58984679768879	700	252	420	700	700	252	473	0.64	0.324285714285714	6.75038446244953	24	24	0	2	1	10	4	1	5000	2500	1	0.95	12	10000	101533	0.7888	0.9999	0.681110307927611	-0.907040152613815	0.667984580869837	2.32829828326984	3.23533843588365	2.49627467622744	1.19723886291426	2.50085552801461	3.76626204988514	2.56902318697088	0.784271823912811	0.964258681018425	-1.63984766681467	0.213930220537763	7.72158734235016	9.36143500916483	0.0641	0.9999	5.23110384860686	2.20415149175732	5.03795684875973	9.40515752179374	7.20100603003642	0	NA	NA	NA	NA	NA	NA	1	-1.3867711985186	1.9231343570407	1	0.428393169781235	0.183520707915214	1	-3.62558811667036	13.1448891917414	1	0.641257050918071	0.411210605352142	1.00126732197821	4393.24735307628	0	1.00193004807208	9860.28935781665	0	0.101810553819781	-0.136541085	0.10145208	0.343848406	0.3513238980812	0.168057934	0.352058055	0.53173834175
533	7	7	benefit_positive_truncnorm	benefit_positive_truncnorm	continuous	1	increasing	benefit	1	1	NA	1.96490267044061	3.63063221368715	700	252	420	700	700	252	488	0.64	0.302857142857143	7.04907652054696	24	24	0	2	1	10	4	1	5000	2500	1	0.95	12	10000	101532	0.968	0.9958	1.55328836179093	-0.0932150685875437	1.54093153380836	3.24850005440814	3.34171512299568	1.70543941290009	0.452691613910295	1.71175060954533	2.9436835494467	2.49099193553641	0.966399643969737	2.31911795944391	-0.0348480859826355	0.769570673392197	10.4971554724147	10.5320035583973	0.1012	0.9958	3.38097613171571	0.908191352960943	3.35395356490216	6.22053382139242	5.31234246843148	0	NA	NA	NA	NA	NA	NA	1	-0.411614308649676	0.169426339085151	1	-0.25946325754052	0.0673211820135383	1	-1.31151425424324	1.7200696390832	1	-0.249656081971442	0.0623281592653316	1.00129594668497	4456.12782599936	0	1.00201150458843	10744.1086611085	0	0.235043112534217	-0.013604866	0.23436247	0.48373334225	0.24202911846182	0.063661163875	0.242717735	0.42042071
554	7	7	benefit_positive_truncnorm	benefit_positive_truncnorm	continuous	1	increasing	benefit	1	1	NA	1.41891542031886	2.44063259686441	700	252	420	700	700	252	504	0.64	0.28	6.42875525826136	24	24	0	2	1	10	4	1	5000	2500	1	0.95	12	10000	101553	0.8606	1	0.937054609756319	-0.733218705373901	0.936465172168501	2.60162440183759	3.3348431072115	2.34666228007977	1.10321584856731	2.35053985998693	3.53692724067917	2.43371139211186	0.856704737732657	1.42975472236246	-0.813703099569183	0.350424627136833	9.1295484943497	9.94325159391888	0.0544	1	4.02957231370402	1.90952362697745	4.01052799110694	6.41420016905018	4.50467654207273	0	NA	NA	NA	NA	NA	NA	1	-0.481860810562536	0.232189840755984	1	0.927746859760915	0.86071423579624	1	-1.01087787450196	1.0218740771576	1	1.58893971683961	2.52472942375033	1.00135835095097	4125.29037030448	0	1.00155723655754	9770.52582483511	0	0.139243121661339	-0.110703113	0.139580785	0.382611848	0.33092977477569	0.1545440035	0.330790845	0.503354021
565	7	7	benefit_positive_truncnorm	benefit_positive_truncnorm	continuous	1	increasing	benefit	1	1	NA	2.26067945476986	4.35420058576048	700	252	420	700	700	252	466	0.64	0.334285714285714	6.83706654299459	24	24	0	2	1	10	4	1	5000	2500	1	0.95	12	10000	101564	0.7887	0.942	0.686776452778365	-0.943386348424548	0.667760237530652	2.4219227946177	3.36530914304225	1.04538287646323	-0.28146840430949	1.04664660733806	2.36448650528717	2.64595490959666	0.783743154729947	0.968721868075213	-1.83076424125796	0.205676036240467	8.0440734665564	9.87483770781436	0.0687	0.942	2.32613303716691	-0.604250266807271	2.31588536864783	5.56419247965102	6.1684427464583	0	NA	NA	NA	NA	NA	NA	1	-1.57390300199149	2.47717065967782	1	-1.21529657830663	1.4769457732438	1	-3.38547871768527	11.4614661478999	1	-2.02806754859357	4.11305798165835	1.00158463749228	4476.87210215093	0	1.00182398222603	10605.9704175224	0	0.102597288461555	-0.14326374975	0.102033475	0.358452792	0.146210392025056	-0.039387832125	0.14652934	0.3310625295
535	7	7	benefit_positive_truncnorm	benefit_positive_truncnorm	continuous	1	increasing	benefit	1	1	NA	1.79943180819471	3.05160101323832	700	252	420	700	700	252	483	0.64	0.31	6.98707108013962	24	24	0	2	1	10	4	1	5000	2500	1	0.95	12	10000	101534	0.9779	0.9962	1.65522562986971	0.0303192828206753	1.63913462228505	3.34896525769027	3.31864597486959	1.76269358668243	0.517739411928827	1.77210187651811	3.01879705743823	2.5010576455094	0.975903614457831	2.42015149229702	0.00231106543596602	0.835266635588322	10.6477298836601	10.6454188182241	0.1202	0.9962	3.76358316951048	1.08759268382662	3.7704821948528	6.57758277656878	5.48999009274216	0	NA	NA	NA	NA	NA	NA	1	-0.144206178324996	0.0207954218671005	1	-0.0367382215122776	0.00134969691988517	1	-0.631449520941305	0.398728497497003	1	0.711982156272157	0.506918590849951	1.00106395193168	4489.43277516332	0	1.00156583440817	10578.0831292775	0	0.252660065054939	0.0047358170675	0.250357745	0.5078764435	0.251906762484268	0.0731803915	0.25306961	0.4334071745
536	7	7	benefit_positive_truncnorm	benefit_positive_truncnorm	continuous	1	increasing	benefit	1	1	NA	2.26831676380768	4.66988401622262	700	252	420	700	700	252	479	0.64	0.315714285714286	6.92250788555536	24	24	0	2	1	10	4	1	5000	2500	1	0.95	12	10000	101535	0.9348	0.9998	1.26345775077964	-0.386623909872477	1.25307881971344	2.97005337981162	3.35667728968409	2.43990494595461	1.19426390672087	2.4385308830648	3.67995510551564	2.48569119879477	0.931428571428571	1.73636901129127	-0.157371474302656	0.46574650217882	9.30465384872221	9.46202532302487	0.09	0.999799979998	5.58467572966555	2.4913231389856	5.48895122312249	8.9092829242678	6.41795978528221	1e-04	NA	NA	NA	NA	NA	NA	1	-1.00485901302803	1.00974163606367	1	0.17158818214693	0.029442504252488	1	-2.93351500493135	8.6055102841574	1	0.914791713442932	0.836843878983855	1.00210065130161	4269.34996040461	0	1.00189703043561	12141.6284206409	0	0.191190947853289	-0.0599423106	0.19120066	0.444440749	0.34835934738309	0.16845700975	0.3482431	0.525316137
551	7	7	benefit_positive_truncnorm	benefit_positive_truncnorm	continuous	1	increasing	benefit	1	1	NA	1.42957178680029	2.30052363898552	700	252	420	700	700	252	481	0.64	0.312857142857143	6.33218049961885	24	24	0	2	1	10	4	1	5000	2500	1	0.95	12	10000	101550	0.16	0.8825	-0.839182058311757	-2.5045797065995	-0.8228020666334	0.76243966715587	3.26701937375537	0.761964688733647	-0.501729551152919	0.766490067388764	2.0349599343467	2.53668948549962	0.160452798836847	-1.15369472795566	-8.21886541534921	-0.277663988572282	1.0376128499042	9.25647826525341	0.0371	0.8825	1.55741794337611	-1.005351545229	1.52237409460267	4.31081430209562	5.31616584732462	0	NA	NA	NA	NA	NA	NA	0	-2.26875384511205	5.14724400971072	1	-0.667607098066646	0.445699237388968	0	-3.45421836694118	11.9316245265138	1	-0.743105695609413	0.552206074847149	1.0018873608918	4050.88191530279	0	1.00171909241314	10828.1796077524	0	-0.128489791710683	-0.38049517725	-0.12690944	0.1154095045	0.107174647978407	-0.0700124473	0.107629415	0.28698642225
537	7	7	benefit_positive_truncnorm	benefit_positive_truncnorm	continuous	1	increasing	benefit	1	1	NA	1.45524428777337	2.29628218982995	700	252	420	700	700	252	488	0.64	0.302857142857143	6.89058085116648	24	24	0	2	1	10	4	1	5000	2500	1	0.95	12	10000	101536	0.3682	0.9071	-0.263901125572415	-1.85989702388254	-0.267048466281604	1.32756135011855	3.1874583740011	0.831697461309279	-0.391159742681103	0.825907452250852	2.06637274555538	2.45753248823648	0.367898627243928	-0.324973750999411	-5.52209695494661	-0.0738995660951707	3.72727129515655	9.24936825010316	0.053	0.9071	1.39256973345257	-0.641624844201144	1.3591427842346	3.69410693691694	4.33573178111808	0	NA	NA	NA	NA	NA	NA	0	-1.71914541334579	2.95546095222786	1	-0.623546826464095	0.388810644793444	1	-2.62125594082937	6.87098270733324	1	-0.903712456377389	0.816696203811654	1.00108979460601	4268.58794853241	0	1.00245915774179	10620.1752579845	0	-0.0411960351251361	-0.28465655025	-0.041127191	0.20079586825	0.117850706642361	-0.055278999725	0.116825455	0.293064305
558	7	7	benefit_positive_truncnorm	benefit_positive_truncnorm	continuous	1	increasing	benefit	1	1	NA	2.54598488512515	5.29120276941334	700	252	420	700	700	252	480	0.64	0.314285714285714	7.16116776988626	24	24	0	2	1	10	4	1	5000	2500	1	0.95	12	10000	101557	0.9993	1	2.65333493790991	1.08322734925961	2.64705497334851	4.28414947784255	3.20092212858294	3.09471524121912	1.86150797200503	3.09072264185491	4.30060468353075	2.43909671152572	0.999145820622331	3.83315919170472	0.197539092892708	2.85803511431219	12.3374997059429	12.1399606130502	0.1805	1	5.95530173579655	3.07269425087952	5.93249523764648	9.36364507779119	6.29095082691167	0	NA	NA	NA	NA	NA	NA	1	0.107350052784762	0.0115240338328911	1	0.548730356093973	0.301105003699018	1	-1.45804357770863	2.12589107449737	1	0.664098966383211	0.441027437151249	1.00164533478882	5047.44060006515	0	1.00215071237916	11175.6283034995	0	0.408425015989035	0.16841847825	0.40830282	0.6580252435	0.4444560667209	0.2655598905	0.44387776	0.62192007275
556	7	7	benefit_positive_truncnorm	benefit_positive_truncnorm	continuous	1	increasing	benefit	1	1	NA	2.06604972406765	3.6831325750777	700	252	420	700	700	252	481	0.64	0.312857142857143	7.37774285701743	24	24	0	2	1	10	4	1	5000	2500	1	0.95	12	10000	101555	0.983	0.9994	1.73466039207109	0.127441639955052	1.7330823926949	3.38701821327754	3.25957657332248	2.06191705060662	0.804226808040171	2.06561010341363	3.28829233833734	2.48406553029717	0.98137421919364	2.48784062856747	0.0259467395392369	0.907988080668755	10.6079919404074	10.5820452008681	0.1195	0.9994	4.551487008217	1.50567211073247	4.44703402192604	8.14284794792716	6.63717583719469	0	NA	NA	NA	NA	NA	NA	1	-0.331389331996557	0.109818889361124	1	-0.00413267346103519	1.70789899355445e-05	1	-1.19529194651023	1.4287228373922	1	0.868354433139301	0.754039421552677	1.00098336689334	4573.2987936844	0	1.00132612561176	10760.9673235425	0	0.2639181971526	0.0197849757	0.2631738	0.5151460855	0.294193548832513	0.1130015955	0.294491285	0.47180921125
553	7	7	benefit_positive_truncnorm	benefit_positive_truncnorm	continuous	1	increasing	benefit	1	1	NA	1.93679175833036	4.26445029876014	700	252	420	700	700	252	475	0.64	0.321428571428571	7.08193315638999	24	24	0	2	1	10	4	1	5000	2500	1	0.95	12	10000	101552	0.6339	0.9999	0.291103817322197	-1.3584463268656	0.280822264462657	1.93688972994987	3.29533605681547	2.41318504796238	1.17238026172576	2.41665589635268	3.65363970400401	2.48125944227825	0.629287173422213	0.44964140477659	-3.41426497259627	0.0810924904122459	6.22080415163725	9.63506912423352	0.0699	0.9999	5.38008180052627	2.43051977192083	5.31028549796552	8.8796498986184	6.44913012669757	0	NA	NA	NA	NA	NA	NA	1	-1.64568794100816	2.70828879917967	1	0.476393289632028	0.226950566406425	1	-3.81480889398355	14.552766897616	1	1.11563150176613	1.24463364773295	1.001919218954	3887.10508631405	0	1.0018831956016	11781.932718249	0	0.0435266544251899	-0.20601566875	0.042738249	0.28847789825	0.3486285439241	0.1673239055	0.34902235	0.531452814
560	7	7	benefit_positive_truncnorm	benefit_positive_truncnorm	continuous	1	increasing	benefit	1	1	NA	2.13003434680113	4.08859116602157	700	252	420	700	700	252	479	0.64	0.315714285714286	6.74864045215162	24	24	0	2	1	10	4	1	5000	2500	1	0.95	12	10000	101559	0.9943	0.9999	2.10781382087977	0.436738991101953	2.09790517657138	3.75534767634769	3.31860868524574	2.61659789464289	1.3809689118087	2.61504109960572	3.85376657986689	2.47279766805819	0.994011976047904	3.02976684607882	0.0873866335011674	1.65155472439036	11.4689943700639	11.3816077365627	0.1316	0.9999	6.09218054188148	2.82295511649473	5.99513489455538	9.67569214642571	6.85273702993098	0	NA	NA	NA	NA	NA	NA	1	-0.0222205259213526	0.000493751772221503	1	0.486563547841759	0.23674408608836	1	-1.05882431994276	1.12110894050224	1	2.00358937585991	4.01437038705869	1.00226612194489	4163.68084112906	0	1.00164570038341	11603.4854292866	0	0.319007196710699	0.067907750475	0.31778912	0.56625239125	0.370362642453555	0.19527443825	0.36935439	0.5493197655
550	7	7	benefit_positive_truncnorm	benefit_positive_truncnorm	continuous	1	increasing	benefit	1	1	NA	1.81824474963687	3.35591385603514	700	252	420	700	700	252	499	0.64	0.287142857142857	6.86504232496121	24	24	0	2	1	10	4	1	5000	2500	1	0.95	12	10000	101549	0.9953	1	2.26138835189323	0.560878973147588	2.27387648186835	3.94293517145245	3.38205619830486	2.84007090279983	1.59357137080553	2.84453444708616	4.06820332338329	2.47463195257776	0.99479588296519	3.28655152578078	0.10489415001674	1.93539030361035	12.1090936031095	12.0041994530928	0.1353	1	4.62945734261726	2.31913524123497	4.52322446877446	7.48940959161913	5.17027435038416	0	NA	NA	NA	NA	NA	NA	1	0.443143602256364	0.196376252220747	1	1.02182615316296	1.04412868728781	1	-0.0693623302543616	0.00481113285831512	1	1.27354348658211	1.62191301221573	1.00145047460579	4026.41948611947	0	1.00144092838757	11162.3781477162	0	0.34134692031637	0.086792789425	0.34339453	0.5929777085	0.4045413017254	0.22570407575	0.404877495	0.58265718325
557	7	7	benefit_positive_truncnorm	benefit_positive_truncnorm	continuous	1	increasing	benefit	1	1	NA	1.98773358105039	4.16509209960779	700	252	420	700	700	252	491	0.64	0.298571428571429	6.69615793737955	24	24	0	2	1	10	4	1	5000	2500	1	0.95	12	10000	101556	0.7082	0.9912	0.475520002947293	-1.16882472973663	0.469533900761614	2.16606605640097	3.33489078613759	1.5487472466883	0.29686208269058	1.54894627027369	2.8014035062168	2.50454142352622	0.703369114677436	0.680473367069534	-2.75998517614305	0.135291690078791	6.96496939152481	9.72495456766786	0.0591	0.9912	3.33498275323927	0.642077319207069	3.44553742061448	5.71921886859825	5.07714154939118	0	NA	NA	NA	NA	NA	NA	1	-1.51221357810309	2.28678990579936	1	-0.438986334362083	0.192709001756659	1	-3.48461873253826	12.1425677111565	1	-0.830109346368524	0.689081526928379	1.00183585433324	4340.71143775988	0	1.00150312655216	11253.5508441046	0	0.0710010473480484	-0.176752227	0.0715651895	0.3210365605	0.217188716263642	0.041619992675	0.217060485	0.393138028
561	7	7	benefit_positive_truncnorm	benefit_positive_truncnorm	continuous	1	increasing	benefit	1	1	NA	1.68988257099357	2.78157399756045	700	252	420	700	700	252	493	0.64	0.295714285714286	6.16752593389372	24	24	0	2	1	10	4	1	5000	2500	1	0.95	12	10000	101560	0.9558	0.9998	1.45372135540239	-0.210639955377855	1.44776937448478	3.17868513102193	3.38932508639978	2.14963117171623	0.861225914055293	2.14451758575348	3.42900488516906	2.56777897111376	0.953388924524268	2.49641163708021	-0.0833815033429102	0.824295087224238	11.2882231868732	11.3716046902161	0.0646	0.9998	4.81682684462962	1.80777272225816	4.71644336606138	8.11559913961175	6.30782641735359	0	NA	NA	NA	NA	NA	NA	1	-0.236161215591186	0.0557721197495067	1	0.459748600722655	0.211368775866439	1	-0.28516236048024	0.0813175718346626	1	2.03525284706917	4.14225415150317	1.00131810098642	4294.06337021008	0	1.00138878771861	10103.6614749637	0	0.216677526368552	-0.0319327663	0.216707005	0.46679706125	0.30455482607166	0.12215277075	0.304282335	0.48717801125
566	7	7	benefit_positive_truncnorm	benefit_positive_truncnorm	continuous	1	increasing	benefit	1	1	NA	2.75346254457519	5.64682906918709	700	252	420	700	700	252	482	0.64	0.311428571428571	7.90899372172971	24	24	0	2	1	10	4	1	5000	2500	1	0.95	12	10000	101565	1	1	3.51286696464176	1.85829333687671	3.51694413664429	5.1929300493033	3.33463671242659	3.28264996203769	2.07117284815578	3.29508589385971	4.4855794009699	2.41440655281412	1	4.8659989438592	0.310704460159752	4.12948407891353	13.1816298150451	12.8709253548853	0.2697	1	6.45747110338188	3.75774434838689	6.33026572446141	9.4073169097871	5.64957256140022	0	NA	NA	NA	NA	NA	NA	1	0.759404420066564	0.576695073216635	1	0.529187417462503	0.280039322800634	1	-0.78083012532789	0.609695684619569	1	0.810642034194792	0.657140507603471	1.00166500208639	4295.98081665879	0	1.00102510240137	11613.305088995	0	0.545920849147	0.29606525075	0.54487359	0.80224398775	0.483288907215	0.30289413775	0.484589355	0.66510514625
567	7	7	benefit_positive_truncnorm	benefit_positive_truncnorm	continuous	1	increasing	benefit	1	1	NA	1.52049816236218	2.66305649665477	700	252	420	700	700	252	491	0.64	0.298571428571429	6.06043030164135	24	24	0	2	1	10	4	1	5000	2500	1	0.95	12	10000	101566	0.5258	0.959	0.0586053735498222	-1.6020827532453	0.0555605881004864	1.72540522860878	3.32748798185408	1.11625856391831	-0.142673063488693	1.11274982079981	2.38190865297176	2.52458171646045	0.524123495552067	0.124893487380936	-4.57891342460783	0.0129015824390173	5.58231806861617	10.161231493224	0.0445	0.959	1.99209194374231	-0.219767728727834	1.92675884692154	4.51123471391571	4.73100244264355	0	NA	NA	NA	NA	NA	NA	1	-1.46189278881235	2.13713052598156	1	-0.404239598443869	0.16340965295006	1	-2.53816300927383	6.442271461646	1	-0.67096455291246	0.450193431265017	1.0011876178003	4567.05823945932	0	1.00158028908552	10774.2835681106	0	0.00788877405866436	-0.23910778075	0.00825237795	0.25261398475	0.154057135411436	-0.019844689275	0.15340595	0.330833513
562	7	7	benefit_positive_truncnorm	benefit_positive_truncnorm	continuous	1	increasing	benefit	1	1	NA	2.22206082861419	4.08923431709332	700	252	420	700	700	252	484	0.64	0.308571428571429	8.11845865535057	24	24	0	2	1	10	4	1	5000	2500	1	0.95	12	10000	101561	0.9983	0.999	2.48311276197522	0.864508505196436	2.47997930603985	4.14388288823254	3.27937438303611	1.91371339325277	0.685504238525718	1.9179879956639	3.15473023289211	2.4692259943664	0.998004460617443	4.28593081277398	0.179690772988834	3.40239463291479	12.7680517455646	12.5883609725758	0.1481	0.999	3.56422750928836	1.07952786175941	3.47301037416237	6.4949813325947	5.41545347083528	0	NA	NA	NA	NA	NA	NA	1	0.261051933361026	0.0681481119115293	1	-0.308347435361426	0.095078140893969	1	0.196696495680659	0.0386895114130517	1	-0.525006807804965	0.275632148241559	1.00070423170904	4611.9825437527	0	1.00111083415577	10496.0267567759	0	0.376447467579944	0.131183736	0.37531339	0.62502744925	0.28018087858093	0.1007909215	0.280685625	0.4622674395
563	7	7	benefit_positive_truncnorm	benefit_positive_truncnorm	continuous	1	increasing	benefit	1	1	NA	2.24890257924664	4.88793328670776	700	252	420	700	700	252	493	0.64	0.295714285714286	7.49746447616293	24	24	0	2	1	10	4	1	5000	2500	1	0.95	12	10000	101562	0.9791	1	1.67609716984108	0.0645899018754203	1.66313670805807	3.35845936470348	3.29386946282806	3.20492035199099	1.9425613321295	3.2093048340644	4.45158409245513	2.50902276032563	0.978231445973381	2.39768594128945	0.0128593920163496	0.830499219607551	10.3438349573537	10.3309755653374	0.1134	1	6.11268555891175	3.38870717151864	5.9834171281199	9.37939082866083	5.99068365714219	0	NA	NA	NA	NA	NA	NA	1	-0.572805409405561	0.328106037044272	1	0.956017772744347	0.913969981803062	1	-2.49024734541831	6.20133184136292	1	1.22475227220399	1.50001812826884	1.00110093340256	4531.28428685852	0	1.00231256488251	11807.0161077649	0	0.257716034796757	0.0100683813575	0.25585233	0.51521121025	0.462022403523	0.2777040755	0.462540455	0.6477708245
574	7	7	benefit_positive_truncnorm	benefit_positive_truncnorm	continuous	1	increasing	benefit	1	1	NA	2.35480681569989	4.74084604298215	700	252	420	700	700	252	486	0.64	0.305714285714286	6.26047016491608	24	24	0	2	1	10	4	1	5000	2500	1	0.95	12	10000	101573	0.9776	0.9996	1.70820065742919	0.0389830064884099	1.70101441130603	3.40139641900436	3.36241341251595	2.20407111509224	0.918490212022675	2.20007537319974	3.47021944116169	2.55172922913902	0.975799386771791	2.49664738202448	0.00398655291271588	0.854154629389963	10.9003585480194	10.8963719951067	0.0868	0.9996	4.28542054977598	1.60589617095236	4.17340948223504	7.61441454856504	6.00851837761268	0	NA	NA	NA	NA	NA	NA	1	-0.646606158270697	0.418099523913589	1	-0.150735700607643	0.022721251437677	1	-2.24419866095767	5.03642762984419	1	-0.45542549320617	0.207412379862083	1.00142833361071	4487.26849966481	0	1.00258003861912	11291.2500154952	0	0.252860763052847	0.005874161575	0.25273931	0.50008363775	0.30530148506481	0.12678352425	0.30468789	0.4832485795
568	7	7	benefit_positive_truncnorm	benefit_positive_truncnorm	continuous	1	increasing	benefit	1	1	NA	1.9743807553833	3.23105850629753	700	252	420	700	700	252	495	0.64	0.292857142857143	7.30482835611159	24	24	0	2	1	10	4	1	5000	2500	1	0.95	12	10000	101567	0.9485	0.9927	1.37612210929362	-0.276386057723193	1.36907145677442	3.05656350089072	3.33294955861392	1.56248883125226	0.318149823590259	1.57095527545306	2.79278768703139	2.47463786344113	0.94550858652576	2.04306508682422	-0.117091954692963	0.592436562381666	10.1929869339181	10.3100788886111	0.0916	0.9927	2.72772238072551	0.549091004650822	2.73812928316354	4.854175235061	4.30508423041018	0	NA	NA	NA	NA	NA	NA	1	-0.598258646089671	0.357913407621046	1	-0.411891924131033	0.169654957164365	1	-1.18799341947331	1.41132836471188	1	-0.50333612557202	0.253347255305852	1.00171947249968	4652.89528560248	0	1.0016653009979	10058.2688230601	0	0.208172030217112	-0.042060537925	0.207798235	0.4581414765	0.224111874926082	0.045650969925	0.225288455	0.40116920975
570	7	7	benefit_positive_truncnorm	benefit_positive_truncnorm	continuous	1	increasing	benefit	1	1	NA	2.41256154013227	5.16444279820749	700	252	420	700	700	252	479	0.64	0.315714285714286	7.03265434531431	24	24	0	2	1	10	4	1	5000	2500	1	0.95	12	10000	101569	0.9998	1	2.98558547062688	1.32581007367829	2.99154797731427	4.64338113116419	3.31757105748589	3.11709263705441	1.84457682733378	3.1177945663284	4.37782031513707	2.53324348780329	0.999774622492675	5.47194873497421	0.332184083434274	4.69108160102771	14.5017482824879	14.1695641990536	0.1126	1	6.60432826522372	3.55331926764458	6.57553022254489	9.66393421685013	6.11061494920556	0	NA	NA	NA	NA	NA	NA	1	0.573023930494605	0.328356424919485	1	0.704531096922139	0.496364066530313	1	0.307505936766727	0.0945599011467824	1	1.43988546701624	2.07327015812457	1.00086403989359	4521.50864604375	0	1.0018628558775	11071.5805358854	0	0.4391658272373	0.197573061	0.439577555	0.6838765015	0.4416778276461	0.2600177255	0.4411223	0.62555634375
573	7	7	benefit_positive_truncnorm	benefit_positive_truncnorm	continuous	1	increasing	benefit	1	1	NA	2.44648145198213	5.45949041528185	700	252	420	700	700	252	493	0.64	0.295714285714286	7.09805247773783	24	24	0	2	1	10	4	1	5000	2500	1	0.95	12	10000	101572	0.9998	1	2.91590753198489	1.23224100205561	2.91627133254827	4.57780674150628	3.34556573945067	2.96444074424734	1.72987920583628	2.97238255702234	4.15792428588969	2.42804508005341	0.999767468898965	5.34024956172727	0.287913465952391	4.60654899833129	14.3124204729522	14.0245070069998	0.1399	1	6.05225113960698	3.25373633673305	6.06058651428646	8.98149151315635	5.72775517642331	0	NA	NA	NA	NA	NA	NA	1	0.469426080002767	0.220360844586764	1	0.517959292265209	0.268281828443876	1	-0.119240853554582	0.0142183811564253	1	0.592760724325128	0.35136527630245	1.00170464185792	4335.86367223453	0	1.00138889926125	11480.1019345487	0	0.438045327118127	0.18507777825	0.43729495	0.687794614	0.424586093081	0.246537935	0.42502946	0.60020707275
524	7	7	benefit_positive_truncnorm	benefit_positive_truncnorm	continuous	1	increasing	benefit	1	1	NA	2.22536707530409	4.06042345698141	700	252	420	700	700	252	472	0.64	0.325714285714286	6.77952716324461	24	24	0	2	1	10	4	1	5000	2500	1	0.95	12	10000	101523	0.9978	0.998	2.37326497764862	0.732724496517162	2.36777052597209	4.0108636915819	3.27813919506474	1.78066008148393	0.523588205834796	1.77766174871059	3.01607656894185	2.49248836310705	0.997549877493875	3.41856770392403	0.142050456069115	2.16513632969887	11.874173520929	11.7321230648599	0.1429	0.998	3.57269846637504	0.93667513907295	3.50031003242411	6.74328095627609	5.80660581720314	0	NA	NA	NA	NA	NA	NA	1	0.147897902344531	0.0218737895179123	1	-0.444706993820154	0.197764310352559	1	-0.641855753057377	0.411978807732853	1	-0.487724990606369	0.237875666461983	1.00146050649683	4177.40774049422	0	1.00151095977073	10720.130874124	0	0.367610088088417	0.11362522375	0.368081455	0.61640254	0.258033270131786	0.076203060075	0.257214535	0.4387869535
525	7	7	benefit_positive_truncnorm	benefit_positive_truncnorm	continuous	1	increasing	benefit	1	1	NA	2.0535837403019	4.44731092133211	700	252	420	700	700	252	480	0.64	0.314285714285714	6.8584054972571	24	24	0	2	1	10	4	1	5000	2500	1	0.95	12	10000	101524	0.9909	1	1.97427761871393	0.30483262652267	1.96415411859597	3.68764986963387	3.3828172431112	3.67539277943973	2.43146040744861	3.67688728343126	4.87591541648358	2.44445500903496	0.989933653626172	2.81652341910506	0.0639433070367826	1.35124810547862	11.255631109146	11.1916878021092	0.1258	1	7.26619092146472	4.21131985138308	7.04269699071272	11.3697521210623	7.15843226967917	7e-04	NA	NA	NA	NA	NA	NA	1	-0.0793061215879733	0.00628946092132641	0	1.62180903913783	2.63026455942918	1	-1.63078750222704	2.65946787741991	1	2.81888000013262	7.94608445514766	1.00081815308919	4712.0038689334	0	1.00146070563542	12240.9508491608	0	0.299537108397177	0.046113206325	0.29889874	0.55763416	0.53284001934	0.34976222975	0.53238202	0.713069499
571	7	7	benefit_positive_truncnorm	benefit_positive_truncnorm	continuous	1	increasing	benefit	1	1	NA	2.10809626927753	4.23474651840347	700	252	420	700	700	252	456	0.64	0.348571428571429	7.67212789560107	24	24	0	2	1	10	4	1	5000	2500	1	0.95	12	10000	101570	0.8614	0.9997	0.889956753156753	-0.703460717762447	0.886018672538876	2.50670693862928	3.21016765639173	2.13589464703679	0.847452983375509	2.1364896410091	3.38428976619767	2.53683678282216	0.855218486474647	1.27806933823677	-0.512496665536654	0.306744782416851	8.47645460589386	8.98895127143051	0.0869	0.9997	4.75325674502142	1.8101405297138	4.67715194419271	8.15370657702793	6.34356604731413	0	NA	NA	NA	NA	NA	NA	1	-1.21813951612078	1.48386388073496	1	0.0277983777592623	0.000772749806046649	1	-2.9566771801667	8.74193994771849	1	0.518510226617951	0.268852855107399	1.00137626736551	4308.43582810282	0	1.00132498676412	10544.7187700861	0	0.136071431918853	-0.1109128415	0.1368872	0.37994483875	0.311092118662699	0.122956156	0.31124769	0.495191359
572	7	7	benefit_positive_truncnorm	benefit_positive_truncnorm	continuous	1	increasing	benefit	1	1	NA	1.76041976428302	3.04101150525484	700	252	420	700	700	252	493	0.64	0.295714285714286	6.61691655305221	24	24	0	2	1	10	4	1	5000	2500	1	0.95	12	10000	101571	0.6948	0.9997	0.416547632252642	-1.18313641105776	0.419310357661566	2.03882250328197	3.22195891433974	2.19555496917144	0.971849255636643	2.19278795791661	3.44389888911144	2.47204963347479	0.690843730175513	0.632047380688651	-2.77207481437103	0.123235748632757	7.03096342787295	9.80303824224398	0.0542	0.9997	3.77196518677535	1.42225928355612	3.68473043013995	6.86399369021953	5.44173440666341	0	NA	NA	NA	NA	NA	NA	1	-1.34387213203037	1.80599230724786	1	0.435135204888423	0.18934264653329	1	-2.40896412456619	5.80310815344693	1	0.730953681520516	0.534293284528396	1.00128588030021	4514.58573107344	0	1.00321157356741	11242.229396305	0	0.0634893062527514	-0.18253750375	0.0638101265	0.30640458825	0.313394329523981	0.13813967425	0.312669965	0.49453463575
569	7	7	benefit_positive_truncnorm	benefit_positive_truncnorm	continuous	1	increasing	benefit	1	1	NA	2.33983736637431	5.27098214436299	700	252	420	700	700	252	473	0.64	0.324285714285714	6.86668206957316	24	24	0	2	1	10	4	1	5000	2500	1	0.95	12	10000	101568	0.5925	0.9998	0.191863858344453	-1.39967927255229	0.186812455830377	1.80655912687609	3.20623839942838	2.21000665250372	0.952657276298466	2.20739480300635	3.45577196588124	2.50311468958278	0.586532343584305	0.261757012703959	-4.03698560791839	0.0470397357911825	5.87128707508657	9.90827268300497	0.057	0.9998	6.04960505348899	2.57971905392407	6.10743810395307	9.35838173504733	6.77866268112326	0	NA	NA	NA	NA	NA	NA	0	-2.14797350802985	4.61379019119807	1	-0.129830713870591	0.0168560142641472	1	-5.00922513165903	25.0923364196444	1	0.778622909125995	0.606253634615828	1.00217397409906	4323.41034658622	0	1.00128214945517	12187.5773819067	0	0.0291247174267533	-0.21275406475	0.02883426	0.2730906315	0.316437810467587	0.1355309125	0.315633395	0.49669024025
578	7	7	benefit_positive_truncnorm	benefit_positive_truncnorm	continuous	1	increasing	benefit	1	1	NA	2.55604314153704	4.98694931833861	700	252	420	700	700	252	464	0.64	0.337142857142857	8.11237596573063	24	24	0	2	1	10	4	1	5000	2500	1	0.95	12	10000	101577	0.9999	1	3.28616400275348	1.58885006611836	3.29333977648371	4.97211915614084	3.38326909002248	3.22134520419167	1.99152121251599	3.2161969300228	4.45144613208393	2.45992491956794	0.999869910238064	5.40351285939494	0.304014586201584	4.90272048945929	13.676849472358	13.3728348861564	0.2313	1	7.12278517037508	3.66359056042372	7.02327704719076	11.4746617500576	7.81107118963384	0.0013	NA	NA	NA	NA	NA	NA	1	0.730120861216449	0.533076471983449	1	0.665302062654637	0.442626834572515	1	0.41656354105633	0.173525183737388	1	2.13583585203646	4.56179478684433	1.00093447171835	4311.44444124087	0	1.00130958024268	10635.0985379303	0	0.5025793566627	0.244145943	0.502099375	0.7553375135	0.47479233662	0.29137481175	0.4731698	0.66212613375
575	7	7	benefit_positive_truncnorm	benefit_positive_truncnorm	continuous	1	increasing	benefit	1	1	NA	2.24061112680048	4.12900398538057	700	252	420	700	700	252	499	0.64	0.287142857142857	6.72009656168575	24	24	0	2	1	10	4	1	5000	2500	1	0.95	12	10000	101574	0.941	0.9997	1.31179754841095	-0.328267461687726	1.31631759878108	2.95352084541855	3.28178830710627	2.33693616256146	1.09534167611714	2.34912688234261	3.55517160590795	2.45982992979082	0.939068100358423	1.90323252103572	-0.124650963668691	0.518996613436505	9.53390067873408	9.65855164240277	0.0793	0.9997	3.47409401109239	1.59762568640189	3.43946705808656	5.6326749570822	4.0350492706803	0	NA	NA	NA	NA	NA	NA	1	-0.928813578389527	0.862694663400759	1	0.0963250357609797	0.00927851251435402	1	-2.22577146434484	4.95405861149179	1	-0.654909974288178	0.428907074422142	1.0017610619147	4306.81192358002	0	1.00276847499738	9943.10824829246	0	0.196025978122568	-0.04937839055	0.19741214	0.43762809675	0.3313675832144	0.15468408875	0.332937205	0.50690236475
577	7	7	benefit_positive_truncnorm	benefit_positive_truncnorm	continuous	1	increasing	benefit	1	1	NA	1.84729584890617	2.87576578955999	700	252	420	700	700	252	476	0.64	0.32	6.71698317002148	24	24	0	2	1	10	4	1	5000	2500	1	0.95	12	10000	101576	0.9994	0.9991	2.56125977542982	0.913874502961235	2.54242647963495	4.25884740280986	3.34497289984863	2.10539365717304	0.863931753811933	2.10816988173207	3.32899166296355	2.46505990915162	0.999289267945984	3.74578786136978	0.166573583739609	2.57672438000993	12.704038920205	12.5374653364654	0.1558	0.9991	3.79153226495077	1.34823938316043	3.67208334251032	7.23696970754067	5.88873032438024	0	NA	NA	NA	NA	NA	NA	1	0.713963926523659	0.509744488377081	1	0.258097808266873	0.0666144786321637	1	0.870022071809785	0.756938405436191	1	0.91576647539078	0.838628237449652	1.00194335281939	3736.31428769147	0	1.00174471632432	10736.1001349745	0	0.38349728829462	0.1391039665	0.38152137	0.634671731	0.29725415458094	0.121449567	0.297643645	0.47191208325
559	7	7	benefit_positive_truncnorm	benefit_positive_truncnorm	continuous	1	increasing	benefit	1	1	NA	2.0399615903651	4.0155537616182	700	252	420	700	700	252	491	0.64	0.298571428571429	7.14035999050416	24	24	0	2	1	10	4	1	5000	2500	1	0.95	12	10000	101558	0.9271	1	1.1868303643342	-0.421982704726319	1.17423168376978	2.77531366421732	3.19729636894364	2.53058301146428	1.31228390089291	2.5318584967594	3.73492751072448	2.42264360983157	0.923482270282139	1.78148998310181	-0.200262591165596	0.490641054040299	9.52617207956872	9.72643467073432	0.0891	1	5.26230788579398	2.40117649585435	5.18531289512793	8.4372111636878	6.03603466783345	0	NA	NA	NA	NA	NA	NA	1	-0.853131226030893	0.727832888828975	1	0.490621421099188	0.240709378841387	1	-2.23406377851639	4.99104096647892	1	1.24675412417578	1.55439584614932	1.00114346666974	4870.46162432498	0	1.00190754960221	12190.5637485494	0	0.181839783562555	-0.065916718425	0.181371555	0.4269737245	0.3692353849868	0.1895749425	0.36943868	0.5498772845
576	7	7	benefit_positive_truncnorm	benefit_positive_truncnorm	continuous	1	increasing	benefit	1	1	NA	1.65204755966287	3.09856178961982	700	252	420	700	700	252	504	0.64	0.28	6.36504811656563	24	24	0	2	1	10	4	1	5000	2500	1	0.95	12	10000	101575	0.97	1	1.59401587060775	-0.0685765256048898	1.5872341540206	3.27200283373522	3.34057935934011	2.29854246684468	1.11352229282871	2.29726070943872	3.51677808979537	2.40325579696667	0.968363437328955	2.37673946232521	-0.0224393685181216	0.760637467278695	10.5492336968968	10.5716730654149	0.0865	1	4.44668682986838	2.04332484792846	4.3566555921099	7.63815447412212	5.59482962619366	0	NA	NA	NA	NA	NA	NA	1	-0.0580316890551287	0.00336767693459114	1	0.646494907181805	0.417955665012011	1	-0.721822327294615	0.521027472181014	1	1.34812504024856	1.81744112414518	1.00128133007061	4475.93483690527	0	1.00153317751528	11305.4758477148	0	0.24258809147382	-0.010549178075	0.24223978	0.49478397725	0.3275435913218	0.1584908085	0.32696634	0.5036020915
564	7	7	benefit_positive_truncnorm	benefit_positive_truncnorm	continuous	1	increasing	benefit	1	1	NA	2.5735681709952	5.64453487242855	700	252	420	700	700	252	484	0.64	0.308571428571429	6.93415289107446	24	24	0	2	1	10	4	1	5000	2500	1	0.95	12	10000	101563	0.9699	1	1.58143049847548	-0.0815753518095049	1.58532763995955	3.27151260504301	3.35308795685252	2.86501897246595	1.59100679906041	2.86893737313499	4.10384003877314	2.51283323971273	0.968397543271915	2.30027367325645	-0.0285459346410999	0.711053951234147	10.3260108967779	10.354556831419	0.1045	1	5.71637801820149	2.94135935412693	5.56612218597937	9.24322843687753	6.30186908275061	0	NA	NA	NA	NA	NA	NA	1	-0.992137672519714	0.984337161232836	1	0.291450801470755	0.0849435696779454	1	-3.3442611991721	11.184082968288	1	0.0718431457729416	0.00516143759455214	1.00121012660329	4520.76177560213	0	1.00198503512004	10891.2599571764	0	0.238053227284188	-0.0127220314	0.237841095	0.4882282165	0.4062860056109	0.2255119145	0.407026615	0.58591015175
582	7	7	benefit_positive_truncnorm	benefit_positive_truncnorm	continuous	1	increasing	benefit	1	1	NA	1.6169438753703	2.61244232718406	700	252	420	700	700	252	466	0.64	0.334285714285714	7.27595841174444	24	24	0	2	1	10	4	1	5000	2500	1	0.95	12	10000	101581	0.8823	0.9788	1.01723795290521	-0.661318365870703	1.01704763155036	2.70195967981399	3.3632780456847	1.31826293019857	0.0439289643064641	1.32227922968147	2.59473099867205	2.55080203436558	0.877770604691199	1.53603415910818	-0.468247773540649	0.40648082851722	9.2374339442234	9.70568171776405	0.0706	0.9788	3.19158026432074	0.101788764560753	3.21677021495643	6.29580229415728	6.19401352959653	0	NA	NA	NA	NA	NA	NA	1	-0.599705922465084	0.359647193439698	1	-0.298680945171721	0.0892103070086728	1	-1.07640816807587	1.15865454430046	1	0.57913793713668	0.33540075023093	1.00113636923617	4002.0785755912	0	1.00123267207322	11204.4453057979	0	0.153470674016138	-0.099860694425	0.154529985	0.403721986	0.189697373489434	0.0062071074975	0.190490395	0.37404787625
579	7	7	benefit_positive_truncnorm	benefit_positive_truncnorm	continuous	1	increasing	benefit	1	1	NA	2.07125612022723	4.4913681516963	700	252	420	700	700	252	486	0.64	0.305714285714286	6.75548889730448	24	24	0	2	1	10	4	1	5000	2500	1	0.95	12	10000	101578	0.661	0.9992	0.338189267131699	-1.26687600856856	0.331239991213639	1.95050032134383	3.21737632991238	1.9589503940824	0.730332150450886	1.95926379436418	3.18131186616154	2.45097971571065	0.656499096609629	0.552091436933539	-3.56575761406711	0.100103347775736	6.75435741478483	10.3201150288519	0.0591	0.9992	3.91737503824837	1.26791060399342	3.88185009401767	6.75621640347549	5.48830579948207	0	NA	NA	NA	NA	NA	NA	0	-1.73306685309553	3.00352071729844	1	-0.112305726144831	0.0126125761249179	1	-3.93927671476276	15.5179010354721	1	-0.573993113447929	0.329468094285647	1.00136440521256	4100.42082701269	0	1.001221343946	10395.9192633772	0	0.0513071491572196	-0.19326036725	0.051343941	0.29487858325	0.28046256053583	0.1034760975	0.28007823	0.45844712
586	7	7	benefit_positive_truncnorm	benefit_positive_truncnorm	continuous	1	increasing	benefit	1	1	NA	1.9902740173132	3.68716235654305	700	252	420	700	700	252	481	0.64	0.312857142857143	6.98594448341997	24	24	0	2	1	10	4	1	5000	2500	1	0.95	12	10000	101585	0.8753	0.9969	0.951562996758502	-0.694870370406791	0.950249162972022	2.61210329984271	3.3069736702495	1.68773336016757	0.45880118800959	1.69347051752648	2.914138768668	2.45533758065841	0.870499672703469	1.38895689930078	-0.429723907175122	0.326405440084373	8.52502369666428	8.9547476038394	0.0834	0.9969	2.87120540080564	0.732542829388655	2.83819183697387	5.20781157541011	4.47526874602145	0	NA	NA	NA	NA	NA	NA	1	-1.0387110205547	1.07892058422178	1	-0.302540657145632	0.0915308492261111	1	-2.29820545724226	5.28174832369813	1	-0.815956955737407	0.665785753616257	1.00109441293421	4399.29860649271	0	1.00246079659888	10232.4799818419	0	0.145769932358847	-0.10788198475	0.14721315	0.39401335175	0.240022666809658	0.0642137761	0.24044663	0.41775814725
584	7	7	benefit_positive_truncnorm	benefit_positive_truncnorm	continuous	1	increasing	benefit	1	1	NA	2.07170343235208	4.27665880875753	700	252	420	700	700	252	485	0.64	0.307142857142857	6.292288125302	24	24	0	2	1	10	4	1	5000	2500	1	0.95	12	10000	101583	0.9991	1	2.74863431804008	1.0020115799491	2.74093977122953	4.48622449112383	3.48421291117473	3.09356682994075	1.81512104432941	3.09240065838492	4.35891285257816	2.54379180824876	0.998963133640553	4.40526583754984	0.190326241648184	3.3902473024212	13.6843672379353	13.4940409962872	0.132	1	6.37357641882556	3.43681716587667	6.36316654022609	9.58130538607182	6.14448822019515	0	NA	NA	NA	NA	NA	NA	1	0.676930885687994	0.458235423998332	1	1.02186339758866	1.04420480333145	1	0.12860702879231	0.0165397678547862	1	2.09691761006803	4.39706346341341	1.00156329621811	4395.58185787986	0	1.00134558306816	10856.6575083027	0	0.40529960084796	0.150889535	0.403753625	0.6593049685	0.4360237145947	0.2552054745	0.43513769	0.61700425575
589	7	7	benefit_positive_truncnorm	benefit_positive_truncnorm	continuous	1	increasing	benefit	1	1	NA	1.41253558067536	2.40844529355577	700	252	420	700	700	252	498	0.64	0.288571428571429	5.97542103568454	24	24	0	2	1	10	4	1	5000	2500	1	0.95	12	10000	101588	0.9972	1	2.36808468795567	0.685415254788103	2.36645892933187	4.10459079903152	3.41917554424342	2.72085053002014	1.47911239889744	2.72344110674454	3.9509220910569	2.47180969215945	0.996807297605473	3.43583086456672	0.125729546730642	2.01533945587232	12.4943793889918	12.3686498422612	0.123	1	5.135990961583	2.48615508898324	5.01314518900797	8.47085924774984	5.9847041587666	0	NA	NA	NA	NA	NA	NA	1	0.95554910728031	0.913074096424198	0	1.30831494934479	1.71168800667905	1	1.02738557101095	1.0555211115215	0	2.72754566802724	7.43950537117414	1.00123396221253	4453.94962289235	0	1.00280623171868	11009.0015038694	0	0.34973035710365	0.10466071925	0.35002517	0.60185380225	0.3791927111485	0.20442369425	0.3791039	0.554384688
588	7	7	benefit_positive_truncnorm	benefit_positive_truncnorm	continuous	1	increasing	benefit	1	1	NA	2.14895775160364	4.12960662941958	700	252	420	700	700	252	487	0.64	0.304285714285714	7.00063658771158	24	24	0	2	1	10	4	1	5000	2500	1	0.95	12	10000	101587	0.9951	0.9995	2.16306350324909	0.467958497533394	2.13952815149312	3.95638508083312	3.48842658329973	2.13158256786115	0.863990680003857	2.13941064652726	3.38106946861547	2.51707878861162	0.995005202913632	2.52510472123562	0.0744098080530572	0.607516028745089	12.2299712444459	12.1555614363928	0.039	0.9995	4.56692089188326	1.70126258653488	4.36776047626264	8.11934818010363	6.41808559356875	0	NA	NA	NA	NA	NA	NA	1	0.014105751645443	0.000198972229482919	1	-0.0173751837424909	0.000301897010085321	1	-1.60450190818396	2.57442637336595	1	0.437314262463681	0.191243764154153	1.00107999820203	4394.71257593204	0	1.00165049380353	12835.836161425	0	0.32942928213455	0.07459546445	0.328647105	0.5839957955	0.30198132836109	0.12176016	0.303110415	0.48114783525
581	7	7	benefit_positive_truncnorm	benefit_positive_truncnorm	continuous	1	increasing	benefit	1	1	NA	1.92636541104419	3.78974377613104	700	252	420	700	700	252	495	0.64	0.292857142857143	6.40925511450473	24	24	0	2	1	10	4	1	5000	2500	1	0.95	12	10000	101580	0.9994	1	2.61056734241648	0.932200922635044	2.60659089439709	4.32340996198883	3.39120903935379	2.5483881223304	1.30059993062421	2.55504201191693	3.79002389802949	2.48942396740528	0.999305314345259	4.088346203647	0.175634241014709	2.99997010412537	13.1097961228704	12.9341618818557	0.1363	1	4.05697217702736	1.85064496352958	3.94568110301803	6.80817237161836	4.95752740808878	0	NA	NA	NA	NA	NA	NA	1	0.684201931372292	0.468132282893574	1	0.622022711286214	0.386912253355852	1	0.298602427515957	0.0891634097184222	1	0.267228400896316	0.0714110182456024	1.0015496857624	4578.35236364102	0	1.00188706778611	10600.8958970418	0	0.390164950196089	0.143611218	0.38929636	0.645502778	0.35997273334201	0.18375098725	0.360893585	0.53817891675
585	7	7	benefit_positive_truncnorm	benefit_positive_truncnorm	continuous	1	increasing	benefit	1	1	NA	2.06954232674645	3.70699746176648	700	252	420	700	700	252	479	0.64	0.315714285714286	7.10184051566757	24	24	0	2	1	10	4	1	5000	2500	1	0.95	12	10000	101584	1	1	3.37494082307848	1.69776645228815	3.38215401233851	5.00291194743035	3.3051454951422	2.90380015915291	1.65967806209894	2.90911992159645	4.13135404050382	2.47167597840488	1	5.56596947778583	0.305001016052356	4.94019318744029	14.3887710291606	14.0837700131082	0.2185	1	5.50566179699989	2.72292458220754	5.16892471807071	9.17414189366727	6.45121731145973	0	NA	NA	NA	NA	NA	NA	1	1.30539849633203	1.70406523422592	1	0.834257832406459	0.695986130931524	1	1.85897201601934	3.45577695634302	1	1.79866433523341	3.23519339084063	1.0014505517341	4249.49442724637	0	1.00181751807228	11650.679449868	0	0.5205045214391	0.26490321225	0.52071034	0.77443924525	0.4193188385393	0.2391079255	0.41997035	0.59908984875
580	7	7	benefit_positive_truncnorm	benefit_positive_truncnorm	continuous	1	increasing	benefit	1	1	NA	2.70914480265937	5.97683501411456	700	252	420	700	700	252	489	0.64	0.301428571428571	6.59983102513628	24	24	0	2	1	10	4	1	5000	2500	1	0.95	12	10000	101579	0.9978	1	2.39844367863696	0.71667071183959	2.39459770504893	4.10681074929706	3.39014003745747	3.059946169893	1.82793372083661	3.06212533446342	4.28811679714226	2.46018307630565	0.99743888242142	3.50666783052978	0.138192700487672	2.2888615949013	12.1760337394731	12.0378410389854	0.141	1	6.48427455300623	3.00489185105405	6.57080875478587	10.2662028761301	7.26131102507602	0	NA	NA	NA	NA	NA	NA	1	-0.310701124022409	0.0965351884687882	1	0.350801367233632	0.123061599252985	1	-2.47016718358478	6.10172591485917	1	0.50743953889167	0.25749488563059	1.00173495603997	4056.52640050445	0	1.00158379016609	11248.5156757525	0	0.359126112349164	0.109629205	0.357297765	0.61019861575	0.4344939458971	0.25864756225	0.434520075	0.6153355865
583	7	7	benefit_positive_truncnorm	benefit_positive_truncnorm	continuous	1	increasing	benefit	1	1	NA	1.85724542074496	3.29421757637381	700	252	420	700	700	252	473	0.64	0.324285714285714	6.62962362754639	24	24	0	2	1	10	4	1	5000	2500	1	0.95	12	10000	101582	0.9943	0.999	2.17349393264958	0.507131250102342	2.16415285931632	3.8678697968446	3.36073854674226	1.99449553192047	0.775483271753951	1.99299500867648	3.24643667266895	2.470953400915	0.993893305680378	3.17329532273045	0.0999181932724709	1.75994054054181	11.9182011164101	11.8182829231376	0.1321	0.999	4.11161471011751	1.4771782772499	4.07065464473312	7.14268034644601	5.66550206919611	0	NA	NA	NA	NA	NA	NA	1	0.316248511904619	0.100013121281886	1	0.137250111175504	0.0188375930176883	1	-0.120922253643355	0.014622191426188	1	0.817397133743703	0.668138074252421	1.00140329713009	3929.96776068023	0	1.0013365287316	6610.02504138111	0	0.330493019711254	0.07916715285	0.33018748	0.5865666925	0.28664720862948	0.1107019255	0.286027155	0.470206157
597	7	7	benefit_positive_truncnorm	benefit_positive_truncnorm	continuous	1	increasing	benefit	1	1	NA	1.84131815378112	3.51160714623419	700	252	420	700	700	252	476	0.64	0.32	7.51495902113014	24	24	0	2	1	10	4	1	5000	2500	1	0.95	12	10000	101596	0.8178	0.9674	0.75396039048967	-0.863224015605302	0.74853735240542	2.39952561010077	3.26274962570607	1.18551422261472	-0.0787021733541983	1.18449314073634	2.45583758898623	2.53453976234042	0.812987857762359	1.06837338540107	-1.26981676303152	0.255414727151532	7.68008288046531	8.94989964349683	0.0776	0.9674	2.61682621847835	-0.126455192739903	2.56476062087879	5.71859513024617	5.84505032298608	0	NA	NA	NA	NA	NA	NA	1	-1.08735776329145	1.18234690539019	1	-0.655803931166398	0.430078796133302	1	-2.44323376083312	5.96939121007476	1	-0.894780927755845	0.800632908675611	1.00175687627943	4497.56249677296	0	1.00097777432995	10536.1893857186	0	0.114035294222553	-0.13336664675	0.113307705	0.361979049	0.169804601424058	-0.011082167525	0.169231865	0.35278559325
596	7	7	benefit_positive_truncnorm	benefit_positive_truncnorm	continuous	1	increasing	benefit	1	1	NA	2.11529939448389	3.88925123447869	700	252	420	700	700	252	472	0.64	0.325714285714286	7.53202254647534	24	24	0	2	1	10	4	1	5000	2500	1	0.95	12	10000	101595	1	1	4.01982170603437	2.31654462765291	4.02952124372056	5.69859437430925	3.38204974665634	3.73623001909016	2.50552966310894	3.74198340430645	4.93514153167541	2.42961186856647	1	5.77795320285109	0.368115663550842	5.27694779362952	14.1477115696682	13.7795959061174	0.3106	1	8.33020933154994	4.9185697548345	8.34134596228028	11.7644524329854	6.84588267815085	0.0014	NA	NA	NA	NA	NA	NA	0	1.90452231155048	3.62720523519358	0	1.62093062460627	2.62741608978647	1	1.88870196837239	3.56719512533376	0	4.44095809707125	19.7221088199427	1.00121446773661	4446.0504127665	0	1.00132505954116	11297.9297680977	0	0.612123551221	0.358907557	0.612100105	0.8693226745	0.540271282242	0.35941918875	0.540089515	0.71817824175
595	7	7	benefit_positive_truncnorm	benefit_positive_truncnorm	continuous	1	increasing	benefit	1	1	NA	1.78421632626065	3.05081404757872	700	252	420	700	700	252	485	0.64	0.307142857142857	6.84334321160945	24	24	0	2	1	10	4	1	5000	2500	1	0.95	12	10000	101594	0.9867	0.9984	1.87285810564844	0.219296339230291	1.86074486521784	3.56622784027596	3.34693150104566	1.88708181428801	0.624655788176649	1.89034746961911	3.16240566138513	2.53774987320848	0.985145708130173	2.70539921201033	0.0448192487990728	1.16194909545558	11.232813301299	11.1879940524999	0.1181	0.9984	3.98704851876875	1.21001887774075	3.91973856807881	6.94246227990921	5.73244340216847	0	NA	NA	NA	NA	NA	NA	1	0.0886417793877867	0.00785736505303305	1	0.102865488027358	0.0105813086271065	1	-0.345414835568397	0.119311408630742	1	0.936234471190025	0.876534985044467	1.00168100247532	4123.14052532911	0	1.00125866926036	11056.5507354971	0	0.284728513886621	0.033360427825	0.283481855	0.53951005	0.26727361267586	0.0879300224	0.2675969	0.45001049625
590	7	7	benefit_positive_truncnorm	benefit_positive_truncnorm	continuous	1	increasing	benefit	1	1	NA	2.66207245784883	5.22921638474363	700	252	420	700	700	252	449	0.64	0.358571428571429	7.65697474934751	24	24	0	2	1	10	4	1	5000	2500	1	0.95	12	10000	101589	0.9988	1	2.58345730319127	0.958887945174453	2.58150541684801	4.19263220436591	3.23374425919146	2.79156143356342	1.52938918894893	2.78964524254951	4.01948055720716	2.49009136825823	0.998657062629716	3.62528650242542	0.175096405693746	2.58517725035287	11.8033430241212	11.6282466184275	0.1809	1	7.07698119685165	3.64945607840561	6.8815720125818	12.1264930945236	8.47703701611797	0.0067	NA	NA	NA	NA	NA	NA	1	-0.078615154657566	0.00618034254183302	1	0.129488975714583	0.0167673948316119	1	-1.60392988231821	2.57259106739329	1	1.84776481210802	3.4142348008646	1.00154130366559	4905.48319617899	0	1.00195643475793	12168.0937591233	0	0.40301241164411	0.147685214	0.402799295	0.653084011	0.4119715499011	0.22408961175	0.41139787	0.59864169475
587	7	7	benefit_positive_truncnorm	benefit_positive_truncnorm	continuous	1	increasing	benefit	1	1	NA	2.08036762060789	4.00377270201079	700	252	420	700	700	252	481	0.64	0.312857142857143	6.9654269890772	24	24	0	2	1	10	4	1	5000	2500	1	0.95	12	10000	101586	0.9634	1	1.48654549298936	-0.126667355788363	1.4842654539539	3.15395797066893	3.2806253264573	2.64573078244576	1.40622053631996	2.64801603823938	3.86103061253921	2.45481007621925	0.961517072628184	2.10842922849979	-0.0480953559559589	0.588055884282156	10.0587789071371	10.1068742630931	0.1009	1	5.81024939486395	3.08844501040707	5.71058646176081	9.06019331073424	5.97174830032717	0	NA	NA	NA	NA	NA	NA	1	-0.59382212761853	0.352624719249398	1	0.565363161837866	0.319635504763309	1	-1.895343473511	3.59232688258075	1	1.80647669285316	3.2633580418217	1.00183726517721	4452.47195915622	0	1.00141321449369	11559.2716255843	0	0.228500172456786	-0.019747154525	0.228906075	0.4806665575	0.3821586621919	0.203422088	0.382329315	0.56001231275
593	7	7	benefit_positive_truncnorm	benefit_positive_truncnorm	continuous	1	increasing	benefit	1	1	NA	1.28882539265891	1.98588396773298	700	252	420	700	700	252	489	0.64	0.301428571428571	5.63262032980868	24	24	0	2	1	10	4	1	5000	2500	1	0.95	12	10000	101592	0.3394	0.8996	-0.355995255853358	-2.06173542491009	-0.348548204728564	1.30239043229185	3.36412585720194	0.833915133774425	-0.451819288379897	0.829977725215524	2.13022026717152	2.58203955555142	0.337794377010063	-0.477456055176879	-6.62599537241905	-0.0989497268992192	3.64486860317634	10.2708639755954	0.0361	0.8996	1.72846169405949	-0.897814189641902	1.68712797578685	4.64133921661533	5.53915340625723	0	NA	NA	NA	NA	NA	NA	1	-1.64482064851227	2.70543496577232	1	-0.454910258884484	0.206943343638348	1	-2.46334002290986	6.06804406846955	1	-0.257422273673492	0.0662662269832301	1.00120204192514	4008.89292192048	0	1.00147416634556	9922.53835806693	0	-0.0539122373028661	-0.307715953	-0.0529643625	0.1903192795	0.113521892978601	-0.061553601925	0.1131857	0.29033236825
594	7	7	benefit_positive_truncnorm	benefit_positive_truncnorm	continuous	1	increasing	benefit	1	1	NA	1.6011769889759	3.05873364406245	700	252	420	700	700	252	496	0.64	0.291428571428571	6.8115795537441	24	24	0	2	1	10	4	1	5000	2500	1	0.95	12	10000	101593	0.4964	0.9791	-0.00787875956919947	-1.67840471401421	-0.00642161489304716	1.64176338220786	3.32016809622207	1.28151358306515	0.0460915066153732	1.28179204185795	2.51100599438115	2.46491448776578	0.491253951527924	-0.0188430684195364	-5.36973687328744	-0.00395880780279878	5.07690147360885	10.4466383468963	0.051	0.9791	2.56812079756707	0.072774437370294	2.34236936111772	5.86245020219705	5.78967576482676	0	NA	NA	NA	NA	NA	NA	1	-1.6090557485451	2.58906040192603	1	-0.31966340591075	0.102184693078461	1	-3.07757671248199	9.47147842121143	1	-0.490612846495384	0.240700965146303	1.00127426671015	4915.76359282061	0	1.00145009973083	11416.0197808109	0	-0.0018880892705482	-0.25406674475	-0.00097165165	0.24620758025	0.181405443437243	0.00656966126250001	0.181569495	0.357001257
592	7	7	benefit_positive_truncnorm	benefit_positive_truncnorm	continuous	1	increasing	benefit	1	1	NA	1.78725035263913	3.18762626067487	700	252	420	700	700	252	488	0.64	0.302857142857143	6.57680957277106	24	24	0	2	1	10	4	1	5000	2500	1	0.95	12	10000	101591	0.9874	1	1.90599111927769	0.225747299842821	1.89954587081302	3.63194650651902	3.40619920667619	2.46311899396335	1.1894437883602	2.46855246792686	3.69454353527252	2.50509974691232	0.986411227444865	2.86277850604811	0.0473836080428175	1.4164744762437	11.349047404113	11.3016637960702	0.1022	1	5.01715909021926	1.88524800970381	4.98252691715767	8.33629224716852	6.45104423746471	0	NA	NA	NA	NA	NA	NA	1	0.11874076663856	0.014099369661913	1	0.675868641324229	0.456798420325459	1	-0.324847754626766	0.105526063686051	1	1.82953282954438	3.34719037438068	1.00165095073889	4347.36642061497	0	1.00149221090175	12359.0917319125	0	0.286363185986552	0.0346666906	0.286268565	0.542379547	0.3457995263928	0.1655210185	0.346511665	0.52240446275
609	7	7	benefit_positive_truncnorm	benefit_positive_truncnorm	continuous	1	increasing	benefit	1	1	NA	2.28066807506309	4.78646738934963	700	252	420	700	700	252	501	0.64	0.284285714285714	6.64296608908253	24	24	0	2	1	10	4	1	5000	2500	1	0.95	12	10000	101608	0.9151	0.9978	1.12566837439802	-0.499309844391075	1.11893967561674	2.77159710312275	3.27090694751382	1.79927853020413	0.585225624574934	1.79928700146895	3.0192769408249	2.43405131624996	0.912280701754386	1.63306164530851	-0.207201553273868	0.418197428204593	9.3653274263534	9.57252897962727	0.0766	0.9978	3.10939410352396	0.908931985814765	3.10148412410355	5.43085788424771	4.52192589843294	0	NA	NA	NA	NA	NA	NA	1	-1.15499970066507	1.33402430853639	1	-0.481389544858963	0.23173589389952	1	-3.15340574404112	9.94396778655153	1	-1.67707328582567	2.81257480603011	1.00084868984645	4271.65070968859	0	1.00177782089276	10609.2012261196	0	0.172397446379603	-0.075770835175	0.1716941	0.42046592225	0.256718207084902	0.083489096275	0.25618102	0.43303974575
608	7	7	benefit_positive_truncnorm	benefit_positive_truncnorm	continuous	1	increasing	benefit	1	1	NA	1.82771898664369	3.34466437453749	700	252	420	700	700	252	490	0.64	0.3	6.25189909569961	24	24	0	2	1	10	4	1	5000	2500	1	0.95	12	10000	101607	0.8188	0.9412	0.770294845662823	-0.861941092756233	0.766743170644589	2.44295498251078	3.30489607526701	1.00009568074474	-0.263742810420362	0.997922177774884	2.26398668676335	2.52772949718371	0.814400668826419	1.22904135786009	-1.16410820289525	0.281815612148701	8.56708633554783	9.73119453844308	0.0431	0.9412	1.85513384455126	-0.447966164331054	1.74236084265034	4.72023924572784	5.1682054100589	0	NA	NA	NA	NA	NA	NA	1	-1.05742414098086	1.11814581392912	1	-0.827623305898942	0.684960336467094	1	-2.11562301667741	4.4758607486952	1	-1.48953052998623	2.21870119976106	1.00136150387316	4694.12229442827	0	1.0015457083619	11305.5734562467	0	0.114527496961774	-0.129130002	0.115449125	0.3626079205	0.138841996189199	-0.0364896543	0.13832397	0.31544212175
602	7	7	benefit_positive_truncnorm	benefit_positive_truncnorm	continuous	1	increasing	benefit	1	1	NA	1.44914062506568	2.5039658589087	700	252	420	700	700	252	497	0.64	0.29	5.96967204771651	24	24	0	2	1	10	4	1	5000	2500	1	0.95	12	10000	101601	0.625	0.9995	0.261553862366226	-1.38602310108422	0.267717247297034	1.89570511642827	3.28172821751249	2.12894635395662	0.846323822732011	2.13313055417417	3.40180272598504	2.55547890325303	0.620555027962435	0.410109355505411	-3.47115991090012	0.0708246303789446	6.33233024494377	9.80349015584389	0.0523	0.9995	3.90605343628885	1.47480243117531	3.90305671577683	6.48355114677331	5.008748715598	0	NA	NA	NA	NA	NA	NA	1	-1.18758676269945	1.41036231893896	1	0.679805728890938	0.46213582903294	1	-2.09385650340328	4.38423505684423	1	1.40208757738016	1.96584957464376	1.00263243647255	4229.66064735636	0	1.0016566832787	10579.5034812574	0	0.0387063321500348	-0.2094595205	0.040682847	0.2812271025	0.29649825660323	0.11758243375	0.297027285	0.47569252
591	7	7	benefit_positive_truncnorm	benefit_positive_truncnorm	continuous	1	increasing	benefit	1	1	NA	2.10946693768064	4.02865804914833	700	252	420	700	700	252	488	0.64	0.302857142857143	6.6996657786699	24	24	0	2	1	10	4	1	5000	2500	1	0.95	12	10000	101590	0.9912	1	2.01746316057011	0.342160369188681	2.01597994211243	3.6780926065051	3.33593223731642	2.96163214141465	1.7383287678988	2.95793580638552	4.21550097494822	2.47717220704942	0.990325517869338	2.92980052493935	0.0687460215652866	1.51605931603422	11.3281548836056	11.2594088620403	0.1214	1	5.6048248136577	2.55782031219766	5.50584618517481	8.93391323233353	6.37609292013587	0	NA	NA	NA	NA	NA	NA	1	-0.0920037771105315	0.00846469500260437	1	0.852165203734011	0.726185534455029	1	-1.09885752420898	1.20748785851069	1	1.57616676450937	2.48430166954393	1.00082693025169	4185.63806943041	0	1.00116482379023	10829.1739301523	0	0.303048891435544	0.053167539	0.303620315	0.55308443375	0.421429177492	0.245355488	0.420393005	0.6046672595
614	7	7	benefit_positive_truncnorm	benefit_positive_truncnorm	continuous	1	increasing	benefit	1	1	NA	1.57685968041861	2.78010656948066	700	252	420	700	700	252	484	0.64	0.308571428571429	6.51637619237436	24	24	0	2	1	10	4	1	5000	2500	1	0.95	12	10000	101613	0.9541	0.9998	1.41807868127598	-0.22243569209744	1.41761593760495	3.08481895979054	3.30725465188798	2.36229692076678	1.0487524934404	2.37400246373188	3.57340776888034	2.52465527543995	0.950647071726256	2.0960481331057	-0.0866557471407812	0.605280691182933	10.1542158051134	10.2408715522541	0.0882	0.9998	5.2407020938437	2.54127266932671	5.25961425525036	7.79005584449051	5.24878317516379	0	NA	NA	NA	NA	NA	NA	1	-0.158780999142627	0.0252114056887308	1	0.78543724034817	0.616911658525749	1	-0.684058436374958	0.467935944375752	1	2.46059552436305	6.05453033451545	1.00135413706659	4232.40399213529	0	1.00150598936743	11941.9838929861	0	0.213094657006608	-0.03317483565	0.21375547	0.46072128125	0.33666199903601	0.149103665	0.338674215	0.511284725
605	7	7	benefit_positive_truncnorm	benefit_positive_truncnorm	continuous	1	increasing	benefit	1	1	NA	2.54536238252149	5.11641733216733	700	252	420	700	700	252	466	0.64	0.334285714285714	7.14242179693181	24	24	0	2	1	10	4	1	5000	2500	1	0.95	12	10000	101604	0.9993	1	2.7499553188905	1.05629159731414	2.74756308204389	4.46110723471772	3.40481563740358	3.2199209891354	1.96032069936449	3.22369530853545	4.47310433790951	2.51278363854502	0.99916825095057	4.48048730760289	0.201201830460871	3.59405551667629	13.310146083982	13.1089442535211	0.1584	1	7.16777617118298	3.76641945908097	7.2543146628069	10.7506617165363	6.98424225745533	7e-04	NA	NA	NA	NA	NA	NA	1	0.204592936369015	0.0418582696120957	1	0.674558606613906	0.455029313756894	1	-0.635930024564432	0.40440699614252	1	2.05135883901566	4.20807308640767	1.00181501052736	4520.73567049272	0	1.0015579350943	11315.5362530133	0	0.412745839304808	0.1649950675	0.412396485	0.6675191355	0.460326495335	0.27867273475	0.4604741	0.64562955375
601	7	7	benefit_positive_truncnorm	benefit_positive_truncnorm	continuous	1	increasing	benefit	1	1	NA	2.25840413083163	4.60054099196934	700	252	420	700	700	252	452	0.64	0.354285714285714	7.43392375964677	24	24	0	2	1	10	4	1	5000	2500	1	0.95	12	10000	101600	0.8831	0.9964	1.0049367820798	-0.621317918136836	1.00555338102822	2.66526432810408	3.28658224624091	1.74647861890453	0.483099140730734	1.75126428596234	3.01974855800491	2.53664941727417	0.879451759119361	1.51972223222158	-0.442069027907427	0.381172351850182	8.92833092633567	9.37039995424309	0.0734	0.9964	4.22381578858089	1.04392465502578	4.07139141423646	8.36779416018572	7.32386950515994	0	NA	NA	NA	NA	NA	NA	1	-1.25346734875183	1.57118039438695	1	-0.511925511927101	0.262067729761824	1	-3.08081875974776	9.49144423041375	1	-0.376725203388458	0.141921878868075	1.00176285081959	4369.5127951861	0	1.00193943215667	10752.0831678757	0	0.152341435363436	-0.094796896825	0.15410027	0.40226080475	0.2526427489392	0.06961174705	0.25271508	0.43935383925
603	7	7	benefit_positive_truncnorm	benefit_positive_truncnorm	continuous	1	increasing	benefit	1	1	NA	2.36491554891239	4.38144106671347	700	252	420	700	700	252	454	0.64	0.351428571428571	8.45765154337407	24	24	0	2	1	10	4	1	5000	2500	1	0.95	12	10000	101602	0.9996	0.9997	2.64735134899906	1.04894492209048	2.64982864370636	4.28277683016723	3.23383190807675	2.20225999412362	0.990487312556831	2.20579362594771	3.41837984319033	2.4278925306335	0.999481193255512	3.49765936064879	0.178800610999888	2.49797424073639	11.40463097461	11.2258303636101	0.229	0.999699939987998	5.96735679641008	2.41181649516927	5.9497481933052	9.74869374838856	7.33687725321929	2e-04	NA	NA	NA	NA	NA	NA	1	0.282435800086668	0.0797699811705961	1	-0.162655554788778	0.0264568295036452	1	-0.883781706064684	0.781070103974603	1	1.58591572969661	2.51512870169913	1.00159129286367	4721.12071888087	0	1.0024176569879	11767.9615576236	0	0.4176421119223	0.168457718	0.41693507	0.67456458725	0.32720431525308	0.145774241	0.327534795	0.51220364325
612	7	7	benefit_positive_truncnorm	benefit_positive_truncnorm	continuous	1	increasing	benefit	1	1	NA	1.7549940841577	3.35482017087948	700	252	420	700	700	252	448	0.64	0.36	7.82562780581542	24	24	0	2	1	10	4	1	5000	2500	1	0.95	12	10000	101611	0.9857	1	1.82777266218276	0.182807618265653	1.82538148438082	3.44950738191907	3.26669976365342	2.75011196188946	1.49144040527397	2.74900877215096	3.97813276846426	2.48669236319029	0.985100686765219	2.54118321251542	0.039081511920529	0.972252540269483	10.6841030969289	10.6450215850084	0.1409	1	6.97670428075958	3.50179935461309	6.95798570683143	10.7003371028568	7.19853774824375	0.0026	NA	NA	NA	NA	NA	NA	1	0.0727785780250627	0.00529672141935014	1	0.995117877731759	0.990259590581361	1	-0.813636958364067	0.66200510001593	0	3.62188410988009	13.1180445054019	1.00111689225497	4025.63893846733	0	1.00158868387972	10764.3073099022	0	0.278190310773204	0.027952204675	0.278593535	0.5237136465	0.4028088039153	0.21640222875	0.40267673	0.5853735565
615	7	7	benefit_positive_truncnorm	benefit_positive_truncnorm	continuous	1	increasing	benefit	1	1	NA	1.7828652077085	2.78225312512928	700	252	420	700	700	252	499	0.64	0.287142857142857	6.78957044989475	24	24	0	2	1	10	4	1	5000	2500	1	0.95	12	10000	101614	0.9061	0.9793	1.09327559866572	-0.528420619528164	1.09382941196418	2.74195557849795	3.27037619802612	1.26685354763353	0.0417938964096135	1.26563138561381	2.50152469690854	2.45973080049893	0.901835161255294	1.60395857910196	-0.25415065009303	0.414611165917616	9.34148304888016	9.59563369897319	0.0791	0.9793	1.98160927344243	0.0479250263476338	1.85096336543675	4.40664632765918	4.35872130131154	0	NA	NA	NA	NA	NA	NA	1	-0.689589609042777	0.47553382889977	1	-0.516011660074966	0.266268033333323	1	-1.17829454602731	1.38837803719772	1	-0.800643851686846	0.641030577243949	1.00103934929905	4367.51350018259	0	1.001659954602	10879.4581733443	0	0.165654930215215	-0.0805976194	0.16645875	0.40985869975	0.178332463369985	0.00582277286	0.178183505	0.3542448335
618	7	7	benefit_positive_truncnorm	benefit_positive_truncnorm	continuous	1	increasing	benefit	1	1	NA	1.29553767454668	2.28291387621676	700	252	420	700	700	252	513	0.64	0.267142857142857	5.45712416946161	24	24	0	2	1	10	4	1	5000	2500	1	0.95	12	10000	101617	0.3836	0.9327	-0.266987224529891	-1.99408228955243	-0.25668714814721	1.40810945532542	3.40219174487785	0.966247351769073	-0.304306479274436	0.965969810026423	2.22588432155027	2.5301908008247	0.380644499178982	-0.372485573373504	-6.36085248297567	-0.076962629252324	4.27401746707724	10.6348699500529	0.0256	0.9327	1.3222538272028	-0.350203049285584	1.23218398531894	3.49622181002466	3.84642485931025	0	NA	NA	NA	NA	NA	NA	1	-1.56252489907657	2.44148406023425	1	-0.329290322777608	0.108432116674981	1	-2.65539944959026	7.05114623688428	1	-0.960660049013957	0.922867729771499	1.00133637072814	4387.55360237453	0	1.00119786165929	10423.7969726093	0	-0.040354232960751	-0.29210211875	-0.0379824655	0.20253797075	0.131011870347986	-0.04116042	0.13073923	0.30236593925
598	7	7	benefit_positive_truncnorm	benefit_positive_truncnorm	continuous	1	increasing	benefit	1	1	NA	2.13347674139951	4.52271138141298	700	252	420	700	700	252	451	0.64	0.355714285714286	7.8520671184328	24	24	0	2	1	10	4	1	5000	2500	1	0.95	12	10000	101597	0.8598	0.9998	0.893912887750817	-0.732222187725393	0.872373850981549	2.54916640066708	3.28138858839247	2.43427269933356	1.17791916631469	2.43490333749657	3.6926586843559	2.51473951804121	0.852977048453265	1.2582517394209	-0.508641285838725	0.297610438829023	8.24399033295074	8.75263161878946	0.0981	0.999799639350831	6.46631920622327	2.55757206222133	6.43245711135246	10.8584831468263	8.30091108460499	0.0018	NA	NA	NA	NA	NA	NA	1	-1.2395638536487	1.53651854727241	1	0.300795957934047	0.0904782083094608	1	-3.26445964199208	10.6566967541951	1	1.94360782481029	3.77761137666378	1.00165007609693	4200.48920416473	0	1.0013670498084	11504.1946840287	0	0.136040875334436	-0.114185863	0.13343546	0.38830437675	0.35433538257453	0.17078362325	0.354463335	0.540182406
604	7	7	benefit_positive_truncnorm	benefit_positive_truncnorm	continuous	1	increasing	benefit	1	1	NA	1.25514751487477	2.2246038844642	700	252	420	700	700	252	503	0.64	0.281428571428571	6.05931744090087	24	24	0	2	1	10	4	1	5000	2500	1	0.95	12	10000	101603	0.2384	0.9532	-0.600689766369485	-2.24885815920218	-0.61347959481712	1.07739293068376	3.32625108988594	1.08648084058116	-0.170665952146641	1.08389921516366	2.35403273502724	2.52469868717388	0.23770576664251	-0.915010687027019	-7.64628892858257	-0.209230052448858	2.66891948334665	10.3152084119292	0.0341	0.9532	2.02817126193503	-0.317106987320192	2.04138435047171	4.47104116843564	4.78814815575583	0	NA	NA	NA	NA	NA	NA	0	-1.85583728124425	3.44413201445605	1	-0.168666674293604	0.0284484470172647	1	-3.13961457149122	9.85717965751998	1	-0.196432622529171	0.0385857751936876	1.00112873587487	3819.00593731772	0	1.00151302805609	10757.6427149147	0	-0.0908039293511745	-0.34082052675	-0.092093817	0.1581401115	0.149653073262541	-0.023352464825	0.149431725	0.32507916725
620	7	7	benefit_positive_truncnorm	benefit_positive_truncnorm	continuous	1	increasing	benefit	1	1	NA	1.72186498682567	3.29488572403346	700	252	420	700	700	252	482	0.64	0.311428571428571	6.46309212819371	24	24	0	2	1	10	4	1	5000	2500	1	0.95	12	10000	101619	0.8075	1	0.739038223651999	-0.949367579780056	0.728984276304759	2.40058926191232	3.34995684169237	2.48582932061158	1.19333930919966	2.48813985801225	3.76328075616762	2.56994144696796	0.802825879103368	1.0677306666832	-1.38676558598041	0.242033036592115	7.96788213045317	9.35464771643358	0.0587	1	5.14910026958135	2.58898899529306	5.06216781009281	8.17177848209187	5.5827894867988	0	NA	NA	NA	NA	NA	NA	1	-0.98282676317367	0.965948446410433	1	0.763964333785911	0.583641503296951	1	-2.22715505735026	4.96021964948083	1	1.85421454554789	3.43811158092138	1.00121660106922	3605.98049530545	0	1.00105271675161	10926.2265448881	0	0.108811037543678	-0.141336677	0.10874235	0.35023931525	0.3463120175155	0.16504406075	0.34601823	0.52694908175
619	7	7	benefit_positive_truncnorm	benefit_positive_truncnorm	continuous	1	increasing	benefit	1	1	NA	1.65560684663697	3.08035833411605	700	252	420	700	700	252	476	0.64	0.32	6.8709281974129	24	24	0	2	1	10	4	1	5000	2500	1	0.95	12	10000	101618	0.9852	0.9988	1.78433185812815	0.178552479838117	1.7754891904645	3.45388526995484	3.27533279011673	1.89024616618291	0.661401860668848	1.88938627607604	3.11266868489167	2.45126682422282	0.984028092433167	2.59362530957766	0.0367144349695229	1.01766667071664	10.7295310185507	10.6928165835812	0.1172	0.9988	4.27399126212281	1.1998442667591	4.24562562746023	7.56972097752409	6.36987671076499	0	NA	NA	NA	NA	NA	NA	1	0.128725011491178	0.0165701285834039	1	0.234639319545943	0.055055610276983	1	-0.486733024538391	0.23690903717629	1	1.19363292800676	1.42475956682199	1.00237953378373	4455.72838288131	0	1.00149493109005	10006.3000477038	0	0.274079662243617	0.028259826075	0.273475485	0.527518868	0.27292058292718	0.0951974713	0.27236997	0.45127982675
613	7	7	benefit_positive_truncnorm	benefit_positive_truncnorm	continuous	1	increasing	benefit	1	1	NA	2.27229285105505	4.3376256490426	700	252	420	700	700	252	474	0.64	0.322857142857143	7.84652392297545	24	24	0	2	1	10	4	1	5000	2500	1	0.95	12	10000	101612	0.9479	0.9999	1.32961588625022	-0.269567709767594	1.3267467241837	2.95352678153361	3.22309449130121	2.04100325961638	0.841240742827218	2.04346934978121	3.28050206151566	2.43926131868844	0.944232066561727	1.8706677313692	-0.107063161870262	0.520686669093338	9.46436223981673	9.57142540168699	0.1106	0.9999	4.16073490316726	1.65450402105462	4.08097992803766	7.1399731183006	5.48546909724598	0	NA	NA	NA	NA	NA	NA	1	-0.942676964804829	0.888639859973645	1	-0.231289591438669	0.0534948751078662	1	-2.4669579176734	6.08588136757148	1	-0.176890745875341	0.0312903359763346	1.00123661194309	4441.57732454055	0	1.00200092003672	10340.8063574389	0	0.204529534811341	-0.041659188325	0.204566205	0.44967462725	0.300236466585796	0.1225909355	0.300091245	0.4840899465
600	7	7	benefit_positive_truncnorm	benefit_positive_truncnorm	continuous	1	increasing	benefit	1	1	NA	1.65980462296957	3.06739578989782	700	252	420	700	700	252	467	0.64	0.332857142857143	6.78721579727636	24	24	0	2	1	10	4	1	5000	2500	1	0.95	12	10000	101599	0.9662	0.9985	1.52720751028532	-0.108963350851887	1.52311541771744	3.23048353524762	3.33944688609951	1.91070670137895	0.644795274772314	1.91322519945717	3.16902903450947	2.52423375973715	0.96479342514438	2.23793818349664	-0.0386539648706995	0.673846389105524	10.4039422140819	10.4425961789526	0.0996	0.9985	4.43576611033522	1.40217674208705	4.34453407243275	7.81077317292328	6.40859643083623	0	NA	NA	NA	NA	NA	NA	1	-0.132597112684255	0.017581994292201	1	0.250902078409379	0.0629518529501459	1	-0.829457606401172	0.687999920816761	1	1.3683703204374	1.87243733385396	1.00132204855201	4194.91289973398	0	1.00150003957378	8835.67437097043	0	0.229856359048347	-0.016684734675	0.23015953	0.48198043025	0.272110028220967	0.0906242688	0.27276556	0.452489085
617	7	7	benefit_positive_truncnorm	benefit_positive_truncnorm	continuous	1	increasing	benefit	1	1	NA	1.46828526986075	2.28612211123578	700	252	420	700	700	252	483	0.64	0.31	6.51696230703719	24	24	0	2	1	10	4	1	5000	2500	1	0.95	12	10000	101616	0.9951	1	2.16060425413275	0.485279729724993	2.14824640184301	3.90678832783165	3.42150859810666	2.80716225713338	1.53931892413143	2.80563959642866	4.06090971662234	2.52159079249091	0.994649971542402	3.22596391203327	0.098624672251157	1.85625725706433	12.053700520563	11.9550758483118	0.1215	1	5.87086677496226	2.88634156615419	5.86536371444081	8.93169673451411	6.04535516835992	0	NA	NA	NA	NA	NA	NA	1	0.692318984272001	0.479305575983416	0	1.33887698727263	1.79259158704824	1	0.939841800797497	0.883302610526281	0	3.58474466372648	12.8503943041155	1.00137509546699	3980.72709087333	0	1.00186505238398	11466.2397739237	0	0.322336557001376	0.071830417675	0.321127765	0.5792342615	0.3973195576543	0.21696652425	0.396387275	0.57878918175
611	7	7	benefit_positive_truncnorm	benefit_positive_truncnorm	continuous	1	increasing	benefit	1	1	NA	2.42317362393198	5.52060855031387	700	252	420	700	700	252	465	0.64	0.335714285714286	6.7638320115684	24	24	0	2	1	10	4	1	5000	2500	1	0.95	12	10000	101610	0.7704	1	0.615786684580599	-1.01452108434709	0.613482049758463	2.23582714960534	3.25034823395243	2.57501870453917	1.30807143019413	2.57326995124367	3.82368442470118	2.51561299450705	0.765613363123737	0.898158702860738	-1.87749543984635	0.193089940576419	7.57847289067948	9.45596833052583	0.0601	1	5.95669153189769	2.75060141696464	5.69998646340387	10.8168067820808	8.06620536511619	0	NA	NA	NA	NA	NA	NA	0	-1.80738693935138	3.26664754853794	1	0.151845080607197	0.0230569285046062	1	-4.62244984745313	21.3670425922195	1	0.436082981583821	0.190168366827035	1.00129001054117	3731.06003022012	0	1.00165070079447	11809.096301151	0	0.0945063149671865	-0.159852093	0.095062456	0.33819969275	0.36976167656238	0.18754554725	0.369370875	0.55278178375
610	7	7	benefit_positive_truncnorm	benefit_positive_truncnorm	continuous	1	increasing	benefit	1	1	NA	1.88343848404953	3.47280737671642	700	252	420	700	700	252	470	0.64	0.328571428571429	6.90883697790378	24	24	0	2	1	10	4	1	5000	2500	1	0.95	12	10000	101609	1	1	3.75550536923476	2.01139739003949	3.75073361798795	5.44324756455603	3.43185017451654	3.29351254205514	2.05114015346795	3.28894920326111	4.54066919856449	2.48952904509654	1	5.23480869265477	0.322730411941722	4.5273484563408	13.7949592503828	13.4722288384411	0.2573	1	5.99058039052406	3.12793748111132	5.77214083118664	9.76902744208599	6.64108996097467	9e-04	NA	NA	NA	NA	NA	NA	0	1.87206688518522	3.5046344226071	0	1.4100740580056	1.98830884906039	1	1.76200131593835	3.10464863736846	1	2.51777301380763	6.33918094905798	1.00192817721592	4262.88688963632	0	1.00147826195998	11735.1558218631	0	0.573823884324	0.3150178925	0.570931595	0.83298674575	0.46980868374	0.29104410775	0.4690607	0.65141052975
616	7	7	benefit_positive_truncnorm	benefit_positive_truncnorm	continuous	1	increasing	benefit	1	1	NA	2.3593008436155	5.17952319968062	700	252	420	700	700	252	443	0.64	0.367142857142857	8.07321279246033	24	24	0	2	1	10	4	1	5000	2500	1	0.95	12	10000	101615	0.9991	1	2.47816201088789	0.86918790687872	2.47204970140141	4.10679384784804	3.23760594096932	3.19585900201305	1.91224331393268	3.20011178882831	4.38967527124184	2.47743195730917	0.999056492510909	4.13418562437895	0.176696017428421	3.21196570551417	12.6413050616297	12.4646090442013	0.1521	1	8.74675414554129	4.71422708998141	8.60740116554541	13.4185846487632	8.70435755878179	0.0285	NA	NA	NA	NA	NA	NA	1	0.118861167272393	0.0141279770853558	1	0.836558158397554	0.699829552381507	1	-1.04533757530167	1.09273064633757	1	3.56723094586067	12.725136621106	1.00120444043179	4245.92716130182	0	1.00103582208892	12090.5578370107	0	0.37822317938722	0.13322938875	0.377850575	0.62644186525	0.4721858590973	0.2812047935	0.47214295	0.653997287
599	7	7	benefit_positive_truncnorm	benefit_positive_truncnorm	continuous	1	increasing	benefit	1	1	NA	1.65719161714423	3.01455880917638	700	252	420	700	700	252	476	0.64	0.32	7.97584335970059	24	24	0	2	1	10	4	1	5000	2500	1	0.95	12	10000	101598	0.9394	0.9999	1.28107959207501	-0.32816245074863	1.27389943677493	2.92070109667133	3.24886354741996	2.3189818223383	1.08716670583218	2.31641835954182	3.56096459260362	2.47379788677144	0.93600721045516	1.77006014275761	-0.134966950071834	0.488504052541505	9.20785533546302	9.34282228553485	0.1124	0.9999	4.4251421878624	1.69702761806482	4.36249907575316	7.45522624754635	5.75819862948153	0	NA	NA	NA	NA	NA	NA	1	-0.376112025069218	0.141460255401668	1	0.661790205194072	0.437966275690812	1	-1.24449866641876	1.54877693071808	1	1.41058337868603	1.98974546822528	1.00095695316037	3782.44028390117	0	1.00153178168215	9916.14198046347	0	0.195055469422911	-0.049458458375	0.195354475	0.44039997375	0.3339622078728	0.15607583	0.33306297	0.514353024
624	7	7	benefit_positive_truncnorm	benefit_positive_truncnorm	continuous	1	increasing	benefit	1	1	NA	2.10821204528808	4.59282932746706	700	252	420	700	700	252	476	0.64	0.32	6.88443193103503	24	24	0	2	1	10	4	1	5000	2500	1	0.95	12	10000	101623	0.5906	0.999	0.194200431628754	-1.44188584043776	0.18542630022092	1.82913514813233	3.27102098857008	1.91422771872911	0.664387349327947	1.91934967567297	3.15498716590089	2.49059981657295	0.585192266836626	0.27710469514448	-4.14176217079457	0.0487910240540241	5.87366429661258	10.0154264674072	0.0586	0.999	4.16926932925835	1.28342136871818	4.05258923673772	7.55721028431606	6.27378891559788	0	NA	NA	NA	NA	NA	NA	0	-1.91401161365933	3.66344045722279	1	-0.193984326558977	0.0376299189505399	1	-4.31572463232258	18.6254791020359	1	-0.423559998208711	0.179403072082563	1.00124824858898	3690.50517742106	0	1.00126064740126	11885.6604506257	0	0.0287622719012098	-0.22200971625	0.0288613685	0.27194620925	0.271629369810671	0.09334089735	0.271855825	0.44890356825
622	7	7	benefit_positive_truncnorm	benefit_positive_truncnorm	continuous	1	increasing	benefit	1	1	NA	1.86444843509389	3.31408396541105	700	252	420	700	700	252	473	0.64	0.324285714285714	7.30264425365755	24	24	0	2	1	10	4	1	5000	2500	1	0.95	12	10000	101621	0.8916	0.9988	1.02714275345317	-0.577292115123324	1.0233850872946	2.64463466748739	3.22192678261071	2.0268673569772	0.796807106849692	2.03063528779144	3.27588324479099	2.4790761379413	0.888526727509778	1.51979360641475	-0.339883275182661	0.386270709201384	8.85920007294056	9.19908334812322	0.0796	0.9988	4.82891250743493	1.71763087917869	4.72751162157021	8.33141922892079	6.61378834974209	0	NA	NA	NA	NA	NA	NA	1	-0.837305681640718	0.701080804507828	1	0.162418921883311	0.026379906185737	1	-1.7942903589963	3.21947789238707	1	1.51482854202388	2.29470551173019	1.0018398660505	4344.6022798463	0	1.00137093848479	10940.0989231164	0	0.15634516364923	-0.088006558225	0.15574421	0.39957176325	0.291590710256983	0.1136119215	0.29155754	0.473252717
628	7	7	benefit_positive_truncnorm	benefit_positive_truncnorm	continuous	1	increasing	benefit	1	1	NA	2.25609545640188	4.58592723286349	700	252	420	700	700	252	482	0.64	0.311428571428571	6.36399874397891	24	24	0	2	1	10	4	1	5000	2500	1	0.95	12	10000	101627	0.996	0.999	2.15572696722522	0.449510333085447	2.14278783834092	3.91683402515464	3.46732369206919	1.93100438943508	0.646624504946639	1.9418506832804	3.16395473435632	2.51733022940968	0.995654111878761	3.29805649884455	0.101489176812028	1.88120501462987	12.2201506838816	12.1186615070696	0.1026	0.999	3.77420897504452	1.20785395962576	3.71547832546447	6.7081170980558	5.50026313843005	0	NA	NA	NA	NA	NA	NA	1	-0.100368489176662	0.0100738336196057	1	-0.325091066966804	0.105684201821615	1	-1.28787073401895	1.6586110275425	1	-0.811718257818975	0.658886530076673	1.00125453634551	4038.53108033214	0	1.0015834103116	10635.7309105958	0	0.319459711412697	0.0701938112	0.317990285	0.57213301125	0.271149582911109	0.08995084105	0.27202911	0.44687801975
623	7	7	benefit_positive_truncnorm	benefit_positive_truncnorm	continuous	1	increasing	benefit	1	1	NA	2.00388555218214	4.00305072415203	700	252	420	700	700	252	482	0.64	0.311428571428571	6.71349814811256	24	24	0	2	1	10	4	1	5000	2500	1	0.95	12	10000	101622	0.8226	0.9996	0.774716166325079	-0.832450647581534	0.766919087344125	2.46360869546777	3.29605934304931	2.01670012657586	0.789793701353993	2.01603239643832	3.26963406449419	2.4798403631402	0.818654499151104	1.14249698069597	-1.09109559693667	0.252796749430706	8.25697757863	9.34807317556668	0.0576	0.9996	4.11330504463991	1.44369095971306	3.96471981575175	7.59240693963211	6.14871597991905	0	NA	NA	NA	NA	NA	NA	1	-1.22916938585706	1.51085737912822	1	0.0128145743937238	0.000164213316892282	1	-2.86055374345606	8.18276771920046	1	0.110254320487878	0.0121560151862438	1.00111910919631	4368.27511200749	0	1.00133955152356	11128.8250872142	0	0.116999910632542	-0.1267584715	0.116623755	0.36638454375	0.2883732632213	0.11270085025	0.288104355	0.469573753
636	7	7	benefit_positive_truncnorm	benefit_positive_truncnorm	continuous	1	increasing	benefit	1	1	NA	2.24207569764927	4.81486587513704	700	252	420	700	700	252	489	0.64	0.301428571428571	6.78073591477644	24	24	0	2	1	10	4	1	5000	2500	1	0.95	12	10000	101635	0.9634	1	1.49584582962542	-0.114372997982704	1.49072110017302	3.16453582449506	3.27890882247776	2.51231852670632	1.28375947933417	2.51547678197367	3.72336586425695	2.43960638492278	0.961441283093486	2.17742297755254	-0.0393938545028528	0.659942224724452	10.2325978922251	10.271991746728	0.0897	1	5.3651092512214	2.75978744044321	5.39873482941476	7.97471754687623	5.21493010643302	0	NA	NA	NA	NA	NA	NA	1	-0.746229868023853	0.556859015930897	1	0.270242829057046	0.0730311866567559	1	-2.63744289758451	6.95610503801897	1	0.550243376084355	0.302767772924709	1.00102461870814	4784.22687512027	0	1.00169657350172	10845.4902134692	0	0.225346935329476	-0.01857967125	0.22545417	0.47118457825	0.3535250946217	0.179446563	0.3535347	0.52723215975
639	7	7	benefit_positive_truncnorm	benefit_positive_truncnorm	continuous	1	increasing	benefit	1	1	NA	1.7660063323091	3.50959443867634	700	252	420	700	700	252	483	0.64	0.31	6.16260491103603	24	24	0	2	1	10	4	1	5000	2500	1	0.95	12	10000	101638	0.789	0.9854	0.69466908188954	-0.99539008288809	0.681060080426516	2.41786742422315	3.41325750711124	1.41690108502447	0.131592147284665	1.41489725027341	2.67208462021952	2.54049247293485	0.786322092656792	1.12367087792159	-1.99479232956922	0.245877137505808	8.43530916233061	10.4301014918998	0.0481	0.9854	2.91897525245445	0.238163645216482	2.87383089694257	5.89697338615723	5.65880974094075	0	NA	NA	NA	NA	NA	NA	1	-1.07133725041956	1.14776350413655	1	-0.349105247284636	0.121874473681667	1	-2.38592356075476	5.69263123776466	1	-0.590619186221895	0.348831023133414	1.0013134872948	4088.50435554011	0	1.00175290079129	9315.69566221059	0	0.101667794479135	-0.14803132	0.101151665	0.35062095375	0.195711989809833	0.01794524555	0.195334275	0.3706392045
621	7	7	benefit_positive_truncnorm	benefit_positive_truncnorm	continuous	1	increasing	benefit	1	1	NA	2.03988223950779	4.01775593792481	700	252	420	700	700	252	488	0.64	0.302857142857143	7.00596347592685	24	24	0	2	1	10	4	1	5000	2500	1	0.95	12	10000	101620	0.8155	1	0.742406307647707	-0.861612914674779	0.738948929120016	2.39510600208288	3.25671891675766	2.81749060744088	1.56676564118814	2.8169540254076	4.04319966090963	2.47643401972149	0.812667629461523	1.14346205452741	-1.17066415204652	0.247120459403484	8.60215663337653	9.77282078542306	0.0306	1	5.64694562761632	2.88816274996877	5.43096227167655	9.28882435821073	6.40066160824196	0	NA	NA	NA	NA	NA	NA	1	-1.29747593186008	1.68344379375619	1	0.777608367933094	0.60467477387957	1	-2.8742938833974	8.26156532813573	1	1.6291896896915	2.65425904499709	1.00176252362837	4167.25580622846	0	1.00080385311764	11361.9479791334	0	0.11365831052695	-0.1327522205	0.115202145	0.36218671475	0.410019706778	0.22662494525	0.409685525	0.59226555875
627	7	7	benefit_positive_truncnorm	benefit_positive_truncnorm	continuous	1	increasing	benefit	1	1	NA	2.34388621204391	4.71204997339991	700	252	420	700	700	252	487	0.64	0.304285714285714	7.45577222926412	24	24	0	2	1	10	4	1	5000	2500	1	0.95	12	10000	101626	0.978	0.9965	1.6904225486939	0.0454013703550203	1.68110126965001	3.35105798010695	3.30565660975193	1.75200185348201	0.497615826460105	1.74721373753857	2.9973011247628	2.49968529830269	0.975847601768908	2.40788193613806	0.00375811317361877	0.837280214524618	10.5642274643758	10.5604693512022	0.1181	0.9965	3.32633373278671	0.840244600996424	3.24742770825125	6.23073286497876	5.39048826398233	0	NA	NA	NA	NA	NA	NA	1	-0.653463663350007	0.427014759318811	1	-0.591884358561897	0.350327093910229	1	-2.30416803726185	5.30919034393914	1	-1.3857162406132	1.92020949949918	1.00158207600327	4009.24049221059	0	1.00120917696419	9761.26619555876	0	0.256802161079824	0.0064466941425	0.255313985	0.50423317925	0.249610944321327	0.0701798752	0.24845867	0.4282168315
606	7	7	benefit_positive_truncnorm	benefit_positive_truncnorm	continuous	1	increasing	benefit	1	1	NA	1.76904152939159	3.10853689910948	700	252	420	700	700	252	491	0.64	0.298571428571429	7.07001482865127	24	24	0	2	1	10	4	1	5000	2500	1	0.95	12	10000	101605	0.5086	0.9991	0.0295114832058923	-1.57244735086948	0.0174088857309425	1.70191640316217	3.27436375403165	1.82456981603122	0.606889915799485	1.82309980866411	3.0308675435834	2.42397762778391	0.507731958762887	0.0846680536228215	-5.59037543856496	0.00495118922879367	6.29267760634139	11.8830530449064	0.03	0.9991	3.8086238978911	1.21868067247108	3.78043627084163	6.68304632746375	5.46436565499267	0	NA	NA	NA	NA	NA	NA	0	-1.7395300461857	3.02596478158282	1	0.0555282866396254	0.0030833906171324	1	-3.02386884548665	9.14378279470479	1	0.700086998781628	0.490121805863067	1.00158441434269	4734.10301841926	0	1.00213217782984	11661.3644437753	0	0.00369090829390763	-0.2401239365	0.00259313205	0.256711838	0.260969770243202	0.086536198075	0.260264635	0.4352770355
607	7	7	benefit_positive_truncnorm	benefit_positive_truncnorm	continuous	1	increasing	benefit	1	1	NA	2.69019251212873	5.54566649410266	700	252	420	700	700	252	463	0.64	0.338571428571429	7.62538478660727	24	24	0	2	1	10	4	1	5000	2500	1	0.95	12	10000	101606	0.9943	0.9993	2.09265581596757	0.465809868047055	2.08265218622764	3.72849802911486	3.2626881610678	2.09005615427518	0.830004042543717	2.09755517514368	3.30957853445488	2.47957449191116	0.993438012655261	3.07641795008231	0.0924643622616707	1.66754062886305	11.5199509345379	11.4274865722762	0.1466	0.9993	4.57798867707103	1.75499825553732	4.40711037073241	7.861646448613	6.10664819307568	0	NA	NA	NA	NA	NA	NA	1	-0.597536696161157	0.357050103259191	1	-0.600136357853555	0.36016364801773	1	-2.46924854402035	6.09718837214662	1	-0.967677817031632	0.936400357575104	1.00096868779615	4381.81077835512	0	1.00111021145603	10476.3241533046	0	0.323196574648451	0.072184163725	0.32194663	0.57523406	0.30588945705708	0.12145119925	0.306183675	0.4858408505
626	7	7	benefit_positive_truncnorm	benefit_positive_truncnorm	continuous	1	increasing	benefit	1	1	NA	1.69678149367986	3.2302394220276	700	252	420	700	700	252	487	0.64	0.304285714285714	7.22609113752044	24	24	0	2	1	10	4	1	5000	2500	1	0.95	12	10000	101625	0.9926	0.9999	2.07348042423612	0.45797272289487	2.06680522017216	3.74260703048669	3.28463430759182	2.46024828866095	1.19751323535579	2.46120227890864	3.699860452163	2.50234721680721	0.991916470191984	3.37257406708091	0.0996561711378164	2.04532300069737	12.2625524552752	12.1628962841374	0.1093	0.9999	5.20066728130325	2.36941413292454	5.14273317057287	8.36064076612089	5.99122663319635	0	NA	NA	NA	NA	NA	NA	1	0.376698930556265	0.141902084282234	1	0.763466794981092	0.582881547038701	1	0.142334645053313	0.0202591511824526	1	1.97042785927565	3.88258594860963	1.00169430119142	4496.10887727175	0	1.00155519613751	11198.0609938061	0	0.312263085694669	0.070523095625	0.311595855	0.56128977425	0.3566403112016	0.1732779415	0.356444965	0.538478546
637	7	7	benefit_positive_truncnorm	benefit_positive_truncnorm	continuous	1	increasing	benefit	1	1	NA	2.18819282347503	4.19367211839039	700	252	420	700	700	252	493	0.64	0.295714285714286	6.60354865763047	24	24	0	2	1	10	4	1	5000	2500	1	0.95	12	10000	101636	0.7922	0.9991	0.675552344172831	-0.918833964306409	0.668568887932096	2.31484014541664	3.23367410972305	1.945248920289	0.719808176082392	1.94292354336664	3.16105209605841	2.44124391997602	0.786743515850144	0.968439458282181	-1.92605563301307	0.220997409707264	7.63174495304002	9.5578005860531	0.0631	0.9991	3.46251367300787	1.30396753285531	3.44598230179455	5.73154566558085	4.42757813272554	0	NA	NA	NA	NA	NA	NA	1	-1.5126404793022	2.28808121962359	1	-0.242943903186033	0.0590217400952643	1	-3.22523266010821	10.4021257118287	1	-0.731158445382514	0.534592672254174	1.00128619508302	4842.34542824227	0	1.00244204577494	11121.0095794122	0	0.102233144215956	-0.13958928825	0.10223115	0.3491115455	0.27670155104349	0.10148090425	0.276057795	0.453942293
645	7	7	benefit_positive_truncnorm	benefit_positive_truncnorm	continuous	1	increasing	benefit	1	1	NA	1.53724435284029	3.12952617328002	700	252	420	700	700	252	490	0.64	0.3	6.63207674785165	24	24	0	2	1	10	4	1	5000	2500	1	0.95	12	10000	101644	0.7279	0.9992	0.50641081129611	-1.12585826942038	0.487326537396847	2.17578110557385	3.30163937499423	2.04108171845625	0.795502020547521	2.03822394937083	3.31291615143519	2.51741413088767	0.722216313942359	0.727550176859401	-2.68035658240909	0.143792515537886	7.35534648800627	10.0357030704154	0.0597	0.9992	4.1497341734999	1.57605868045305	4.17129320959955	6.80231715883363	5.22625847838058	0	NA	NA	NA	NA	NA	NA	1	-1.03083354154418	1.06261779037252	1	0.503837365615954	0.253852090990825	1	-2.40197599642062	5.76948868738084	1	1.02020800021988	1.04082436371264	1.00194295154483	3816.67533366203	0	1.00163954906423	10259.9777653195	0	0.0752844455663074	-0.17257594675	0.073627439	0.32236117625	0.28600188653267	0.111217057	0.285495775	0.46494582475
643	7	7	benefit_positive_truncnorm	benefit_positive_truncnorm	continuous	1	increasing	benefit	1	1	NA	1.72538551352947	2.94397427908745	700	252	420	700	700	252	501	0.64	0.284285714285714	6.66932831072239	24	24	0	2	1	10	4	1	5000	2500	1	0.95	12	10000	101642	0.8934	0.9894	1.04390451188516	-0.556811915132137	1.03266372028444	2.70938741917326	3.26619933430539	1.46768108084334	0.228230047275165	1.47926983776076	2.67923171887043	2.45100167159526	0.888279569892473	1.50394697814712	-0.298860420489472	0.368332080564699	9.0867108321923	9.38557125268177	0.07	0.9894	2.48871383733917	0.386741831007706	2.53763587412148	4.42867201790134	4.04193018689363	0	NA	NA	NA	NA	NA	NA	1	-0.68148100164431	0.464416355602132	1	-0.257704432686131	0.0664115746260807	1	-1.44002730094033	2.07367862745348	1	-0.455260441748277	0.207262069820836	1.00120620074369	4224.873640647	0	1.00148251386924	10881.8922674834	0	0.157948248054483	-0.083797899	0.15866458	0.4048128305	0.207992512888211	0.032462748725	0.20954259	0.37996033425
646	7	7	benefit_positive_truncnorm	benefit_positive_truncnorm	continuous	1	increasing	benefit	1	1	NA	2.24378606665288	4.57626011559694	700	252	420	700	700	252	483	0.64	0.31	7.78837066081684	24	24	0	2	1	10	4	1	5000	2500	1	0.95	12	10000	101645	0.9998	0.9999	3.11676062058068	1.45033079902222	3.12565424961194	4.81412460903441	3.36379381001219	2.48242380906657	1.2444155231805	2.47877869273073	3.72213626444925	2.47772074126875	0.999738630423419	4.31622477709864	0.243647619875857	3.42621915249438	12.7709193111885	12.5272716913127	0.2348	0.9999	4.91200436398749	2.2368440102194	4.82699822323837	8.10612831700612	5.86928430678672	0	NA	NA	NA	NA	NA	NA	1	0.872974553927798	0.762084571805439	1	0.238637742413684	0.0569479721042996	1	-0.260035338498301	0.0676183772679258	1	0.335744248390546	0.112724200327333	1.00094639521906	4348.07914491747	0	1.00161625223373	12011.4149096875	0	0.4808640179774	0.2253701635	0.482882145	0.744804972	0.3583262066695	0.17896950975	0.357401245	0.539012602
644	7	7	benefit_positive_truncnorm	benefit_positive_truncnorm	continuous	1	increasing	benefit	1	1	NA	2.02849164984896	3.90098269304855	700	252	420	700	700	252	507	0.64	0.275714285714286	6.4462479570518	24	24	0	2	1	10	4	1	5000	2500	1	0.95	12	10000	101643	0.998	1	2.51759867097318	0.769712300222717	2.50972199350061	4.26342688695061	3.4937145867279	2.67945556378135	1.4335399713028	2.6747360523675	3.9293761855298	2.495836214227	0.997702997588148	3.80656306870559	0.1445452814057	2.57931799856828	12.7858868448754	12.6413415634697	0.1293	1	4.42296902054271	2.20528315798055	4.39045100058917	6.81626420224512	4.61098104426457	0	NA	NA	NA	NA	NA	NA	1	0.48910702112422	0.239225678113008	1	0.650963913932395	0.423754017242182	1	-0.0944196243429607	0.00891506546106582	1	0.521986327494163	0.272469726090844	1.00124959553818	4591.462683812	0	1.00165747877537	11073.9471695153	0	0.369115194565174	0.117577028	0.36813554	0.6206657695	0.3723599772153	0.19807049175	0.37126206	0.54672604575
638	7	7	benefit_positive_truncnorm	benefit_positive_truncnorm	continuous	1	increasing	benefit	1	1	NA	1.79621510880285	3.11625991104222	700	252	420	700	700	252	493	0.64	0.295714285714286	6.03142905182167	24	24	0	2	1	10	4	1	5000	2500	1	0.95	12	10000	101637	0.995	1	2.24557179118004	0.496445995794611	2.23830959987493	4.01749394191959	3.52104794612498	3.10018383701933	1.85848880202776	3.1037958724385	4.30996199003551	2.45147318800775	0.994746243564148	4.20792826465838	0.135485886351436	3.05023091722756	13.8885510432071	13.7530651568557	0.0483	1	5.62713705339793	2.88834861164375	5.68440624382026	8.3817397052508	5.49339109360705	0	NA	NA	NA	NA	NA	NA	1	0.449356682377194	0.201921427997039	0	1.30396872821648	1.7003344441665	1	1.09166835361616	1.19173979428701	1	2.5108771423557	6.30450402400435	1.00111142255971	4358.60446836279	0	1.00133311573525	11707.6928107449	0	0.32341612986766	0.07334673255	0.323559485	0.569413079	0.4305886114413	0.25641904225	0.43069527	0.60335498525
651	7	7	benefit_positive_truncnorm	benefit_positive_truncnorm	continuous	1	increasing	benefit	1	1	NA	1.7731978651254	3.52096333414636	700	252	420	700	700	252	503	0.64	0.281428571428571	5.9486636896779	24	24	0	2	1	10	4	1	5000	2500	1	0.95	12	10000	101650	0.5843	0.9934	0.180625690092093	-1.50211011009551	0.175438191119368	1.88804225597951	3.39015236607502	1.61994793975585	0.363316087171953	1.62595400128575	2.85710282972494	2.49378674255299	0.581827676240209	0.258061862909365	-4.31460714270687	0.0465181081698631	6.06697014277465	10.3815772854815	0.0425	0.9934	2.67253557825759	0.502038435956227	2.58750089982107	5.24825556996444	4.74621713400821	0	NA	NA	NA	NA	NA	NA	1	-1.5925721750333	2.5362861326903	1	-0.153249925369549	0.0234855396257723	1	-3.262901471237	10.6465260110006	1	-0.848427755888775	0.719829656962463	1.00123214319539	4196.00012184861	0	1.00116768713899	10824.628643426	0	0.0262197827260299	-0.22043764425	0.0265434185	0.27562746775	0.224635445784897	0.0498853855	0.225139435	0.39674442525
635	7	7	benefit_positive_truncnorm	benefit_positive_truncnorm	continuous	1	increasing	benefit	1	1	NA	1.49529319720243	2.65039255018307	700	252	420	700	700	252	471	0.64	0.327142857142857	7.38026514602983	24	24	0	2	1	10	4	1	5000	2500	1	0.95	12	10000	101634	0.1531	0.6838	-0.816910938750954	-2.42731471326036	-0.80331871688746	0.715194506438041	3.1425092196984	0.296751214704056	-0.935585637212299	0.289134008783477	1.53927972030293	2.47486535751523	0.152766047297297	-1.04341495304509	-7.37695231701149	-0.268234686477144	0.672035965556554	8.04898828256805	0.0528	0.6838	0.767559840007209	-2.47819471525159	0.721409884885715	4.0971257477942	6.57532046304579	0	NA	NA	NA	NA	NA	NA	0	-2.31220413595338	5.34628796631994	1	-1.19854198249837	1.43650288381113	0	-3.69380750322816	13.6442138709047	1	-1.88283271017586	3.54505901450818	1.00093759682998	3929.8494489166	0	1.00133615852221	10981.1729832708	0	-0.130844785465582	-0.389210684	-0.12916512	0.11154088775	0.0435870183686013	-0.13620945975	0.042576052	0.2259791935
642	7	7	benefit_positive_truncnorm	benefit_positive_truncnorm	continuous	1	increasing	benefit	1	1	NA	1.74013647742512	3.3015680703798	700	252	420	700	700	252	490	0.64	0.3	6.93446613819617	24	24	0	2	1	10	4	1	5000	2500	1	0.95	12	10000	101641	0.5089	0.991	0.0232258440446801	-1.6006129816216	0.0144498464459302	1.69147174525918	3.29208472688079	1.51975568424017	0.264751191034718	1.51648294690206	2.72365668147751	2.45890549044279	0.506125492702674	0.0658781924236917	-4.44269988965936	0.00275932587015681	5.11647271681212	9.55917260647147	0.0613	0.991	2.96027280159222	0.458684669648163	2.85121949693244	5.86860746544997	5.40992279580181	0	NA	NA	NA	NA	NA	NA	0	-1.71691063338044	2.94778212301481	1	-0.220380793184942	0.0485676940048241	1	-3.2356898779561	10.4696889863076	1	-0.341295268787571	0.11648246049678	1.00115448018315	4252.55392755477	0	1.00111693749128	11232.0471430374	0	0.00265519115106349	-0.24741304425	0.0022088031	0.2509255555	0.216626481406506	0.037406125325	0.216238	0.38852789425
634	7	7	benefit_positive_truncnorm	benefit_positive_truncnorm	continuous	1	increasing	benefit	1	1	NA	1.81779094133344	3.23954435444193	700	252	420	700	700	252	481	0.64	0.312857142857143	6.70347938828753	24	24	0	2	1	10	4	1	5000	2500	1	0.95	12	10000	101633	0.9579	0.9998	1.46811426609651	-0.176983927392883	1.45889623013387	3.1603602536181	3.33734418101098	2.37861500636791	1.08140917866109	2.38498274213452	3.65808822870339	2.5766790500423	0.955575104464482	2.0644657409008	-0.0637833773359553	0.601366548730369	9.81048090659638	9.87426428393233	0.0906	0.9998	4.7727858342605	2.03216713299699	4.75407024725522	7.76340575219702	5.73123861920002	0	NA	NA	NA	NA	NA	NA	1	-0.349676675236933	0.122273777204756	1	0.56082406503447	0.314523631921787	1	-1.17507861354113	1.38080974800174	1	1.53324147981857	2.35082943543624	1.00200875929704	3926.02461945195	0	1.00161787032963	11405.0729580314	0	0.219164299010832	-0.0263503726	0.216861285	0.470738324	0.33647695521374	0.1520774705	0.33712462	0.52039772575
630	7	7	benefit_positive_truncnorm	benefit_positive_truncnorm	continuous	1	increasing	benefit	1	1	NA	1.69104021308417	2.65205626617967	700	252	420	700	700	252	481	0.64	0.312857142857143	6.37446635832376	24	24	0	2	1	10	4	1	5000	2500	1	0.95	12	10000	101629	0.4331	0.9979	-0.136985959555767	-1.77914027299565	-0.14139488486959	1.54052879591931	3.31966906891496	1.78165374836154	0.51613687503801	1.77665026025009	3.04389809347244	2.52776121843443	0.431587663009729	-0.179302570963118	-5.64390542810637	-0.0432217547784894	4.91514990626079	10.5590553343672	0.0338	0.9979	3.44081968216414	0.911792211776649	3.38777453035305	6.32626333554534	5.41447112376869	0	NA	NA	NA	NA	NA	NA	0	-1.82802617263994	3.34167968785662	1	0.0906135352773698	0.00821081277546314	1	-2.83135883714278	8.01659286466654	1	0.788763415984474	0.622147726395497	1.00098784255869	4136.64157046746	0	1.00187531781436	10694.8211101399	0	-0.0217539041887213	-0.2715418345	-0.021894453	0.228343435	0.251565030016848	0.072468137175	0.250826915	0.4323048655
631	7	7	benefit_positive_truncnorm	benefit_positive_truncnorm	continuous	1	increasing	benefit	1	1	NA	1.32593729050173	2.10136281592746	700	252	420	700	700	252	496	0.64	0.291428571428571	6.95309098870366	24	24	0	2	1	10	4	1	5000	2500	1	0.95	12	10000	101630	0.8415	0.9794	0.826964574876731	-0.770370834255104	0.830255054632136	2.45640652100848	3.22677735526359	1.28313630182736	0.06208374920779	1.28563183617287	2.48146136896911	2.41937761976132	0.836192942699903	1.25652865446806	-0.692540972038335	0.274816430270008	8.33447958738588	9.02702055942421	0.0733	0.9794	2.55408566855846	0.104129427128987	2.49359752070182	5.27898744954379	5.1748580224148	0	NA	NA	NA	NA	NA	NA	1	-0.498972715624994	0.248973770938181	1	-0.0428009886743657	0.00183192463150318	1	-0.844834161459399	0.713744760368806	1	0.452722852630999	0.204957981294349	1.00176356834515	3991.37496696669	0	1.0012890482028	10460.4802523499	0	0.125158361373629	-0.11755145525	0.126707955	0.36919071225	0.182184875306183	0.0086986931775	0.182347285	0.35359066025
629	7	7	benefit_positive_truncnorm	benefit_positive_truncnorm	continuous	1	increasing	benefit	1	1	NA	2.12214309094369	5.01671395555956	700	252	420	700	700	252	477	0.64	0.318571428571429	6.69221946430687	24	24	0	2	1	10	4	1	5000	2500	1	0.95	12	10000	101628	0.8717	1	0.954619810974432	-0.657120969232918	0.959878086990394	2.56900581850947	3.22612678774239	2.84900707979786	1.58554410428564	2.85344344641354	4.11459905162253	2.52905494733689	0.866897897246911	1.4093577662675	-0.40710775611837	0.333977378617921	8.7510431431315	9.15815089924987	0.0774	1	6.53022164589702	3.83711602828384	6.48940876817462	9.54565236150349	5.70853633321966	0	NA	NA	NA	NA	NA	NA	1	-1.16752327996926	1.36311060927018	1	0.726863988854172	0.528331258292997	1	-3.60735618929206	13.0130186764237	1	1.51350769033746	2.29070552871063	1.00099789953166	4886.321834682	0	1.00196857641524	11276.4885717566	0	0.144035901218397	-0.1022804975	0.14442055	0.38407592375	0.4080161537298	0.22677836225	0.40828636	0.59318268675
640	7	7	benefit_positive_truncnorm	benefit_positive_truncnorm	continuous	1	increasing	benefit	1	1	NA	2.40221652666137	4.90810981602115	700	252	420	700	700	252	485	0.64	0.307142857142857	7.80154991917156	24	24	0	2	1	10	4	1	5000	2500	1	0.95	12	10000	101639	0.958	1	1.40297296321511	-0.207421159647002	1.40526120566731	2.98597764042764	3.19339880007464	2.39491129898303	1.15893583434513	2.39131427927007	3.62996868496806	2.47103285062293	0.95462815556061	1.96139842245785	-0.0726581907630197	0.580883076040714	9.53844145500456	9.61109964576758	0.1206	1	5.15414681946684	2.5349001518789	5.1849645818895	7.74380566831756	5.20890551643866	0	NA	NA	NA	NA	NA	NA	1	-0.999243563446254	0.998487699088768	1	-0.00730522767833763	5.33663514323503e-05	1	-2.9467113935633	8.68310803695579	1	0.246037003445683	0.0605342070645311	1.00122443241945	4256.89440526918	0	1.00101669508248	11878.5032379592	0	0.219871886394765	-0.033190666375	0.22036178	0.4653625085	0.34991426830836	0.16872006825	0.34916352	0.53326117975
632	7	7	benefit_positive_truncnorm	benefit_positive_truncnorm	continuous	1	increasing	benefit	1	1	NA	1.58963883160075	2.54026725326718	700	252	420	700	700	252	502	0.64	0.282857142857143	6.63346726696192	24	24	0	2	1	10	4	1	5000	2500	1	0.95	12	10000	101631	0.9982	0.9997	2.4525996267852	0.707756176502102	2.46028364900369	4.15958235766003	3.45182618115793	2.19747968083255	0.935169844867768	2.19731743870486	3.42558699156685	2.49041714669909	0.997900629811057	3.59632118074723	0.136765338677693	2.39437158916856	12.476559443909	12.3397941052313	0.1426	0.9997	3.80525263342695	1.47157804522402	3.71881481253237	6.4663281143338	4.99475006910978	0	NA	NA	NA	NA	NA	NA	1	0.862960795184453	0.744701334025383	1	0.6078408492318	0.369470497994836	1	1.05605392748005	1.11524989774604	1	1.26498538015977	1.60018801201797	1.0024932240101	4264.44268062647	0	1.00123978412732	11470.4670885814	0	0.3645341028394	0.10801125125	0.3653547	0.61425374875	0.308410619371	0.1313514985	0.307972255	0.4846734795
641	7	7	benefit_positive_truncnorm	benefit_positive_truncnorm	continuous	1	increasing	benefit	1	1	NA	1.95260132558425	3.90260981440453	700	252	420	700	700	252	484	0.64	0.308571428571429	7.06202043756692	24	24	0	2	1	10	4	1	5000	2500	1	0.95	12	10000	101640	0.9433	1	1.29751062767605	-0.310579056731033	1.28582392360972	2.94791548837497	3.258494545106	3.23037254294412	2.02892471680363	3.22128593149881	4.44074036964759	2.41181565284396	0.940385036097134	2.12736881965364	-0.136796942152704	0.600983395893826	10.4842898402037	10.6210867823564	0.0858	1	8.36778957529219	4.87074452023407	8.15357338920715	12.474897846589	7.60415332635497	0	NA	NA	NA	NA	NA	NA	1	-0.655090697908194	0.429143822485845	0	1.27777121735988	1.63269928391334	1	-1.77524099475089	3.15148058944412	0	4.46517976088766	19.9378302970408	1.00099642706171	4504.73385181252	0	1.00106875928691	12814.6883999823	0	0.199053960287443	-0.0490490233	0.19841124	0.4501785065	0.4743879955701	0.29537719875	0.47234019	0.65535865075
633	7	7	benefit_positive_truncnorm	benefit_positive_truncnorm	continuous	1	increasing	benefit	1	1	NA	2.18856668959703	3.96993408610206	700	252	420	700	700	252	491	0.64	0.298571428571429	7.0847598843088	24	24	0	2	1	10	4	1	5000	2500	1	0.95	12	10000	101632	0.9978	0.9995	2.38945943924234	0.655497036090924	2.38811238696576	4.11734211525374	3.46184507916281	2.17512704645978	0.948115059800896	2.17101415035991	3.37850939955439	2.43039433975349	0.997582151884822	4.78974922150223	0.17990240154875	3.88053563428112	14.0642887859649	13.8843863844161	0.0901	0.9995	4.116492109206	1.55323295053331	4.04888699315911	6.96644458693679	5.41321163640349	0	NA	NA	NA	NA	NA	NA	1	0.200892749645314	0.0403578968600548	1	-0.0134396431372439	0.000180624007656467	1	0.819815135400169	0.672096856231198	1	0.146558023103935	0.0214792541361337	1.00194377127988	4656.05981038142	0	1.00162071111708	11171.6159676536	0	0.354971668196368	0.09963068385	0.35488326	0.60611764375	0.310910605271867	0.13520293325	0.30996588	0.4858545255
650	7	7	benefit_positive_truncnorm	benefit_positive_truncnorm	continuous	1	increasing	benefit	1	1	NA	2.18364167032769	4.14122206850562	700	252	420	700	700	252	466	0.64	0.334285714285714	6.89009032230232	24	24	0	2	1	10	4	1	5000	2500	1	0.95	12	10000	101649	0.9996	1	3.15436862794975	1.45628846434443	3.17070270509953	4.83335455305552	3.3770660887111	3.25558348935523	1.98657813276744	3.26285869265943	4.50681663300937	2.52023850024194	0.999491482329011	4.47499110598986	0.24374920622328	3.66513098023254	13.0866067221271	12.8428575159038	0.2134	1	7.6805527295692	4.04346268836973	7.4983577538642	11.9679484006534	7.92448571228364	0.0015	NA	NA	NA	NA	NA	NA	1	0.97072695762206	0.94231082625418	1	1.07194181902754	1.14905926338008	1	0.333769037484239	0.111401770383155	1	3.53933066106358	12.5268615283447	1.00166986032847	4342.32123497948	0	1.00102657160068	11381.36787877	0	0.47783010929527	0.2242215815	0.47962908	0.7323849225	0.4642625591177	0.280693441	0.46499721	0.64994552675
648	7	7	benefit_positive_truncnorm	benefit_positive_truncnorm	continuous	1	increasing	benefit	1	1	NA	1.31375427695247	2.30205286542514	700	252	420	700	700	252	505	0.64	0.278571428571429	6.25372613718566	24	24	0	2	1	10	4	1	5000	2500	1	0.95	12	10000	101647	0.4579	0.9695	-0.0883099851703196	-1.73599141773281	-0.100207992449378	1.58756609607672	3.32355751380953	1.19470272787394	-0.0682069268230028	1.19763275333069	2.4411292563534	2.5093361831764	0.454789985516243	-0.118431323654937	-5.60115884520426	-0.028963303141829	4.9020554073248	10.5032142525291	0.0334	0.9695	2.108167331781	-0.114527743644054	2.05593876978501	4.6417688177162	4.75629656136025	0	NA	NA	NA	NA	NA	NA	1	-1.40206426212279	1.96578419512192	1	-0.119051549078531	0.0141732713379979	1	-2.42048418908008	5.85874370958664	1	-0.193885533644136	0.0375916001564715	1.0021121604914	4159.94489166435	0	1.00149916662207	10841.1270469356	0	-0.0139509115998024	-0.25773158225	-0.0149301805	0.2338050995	0.164616292330978	-0.0092942037775	0.16467389	0.337905433
647	7	7	benefit_positive_truncnorm	benefit_positive_truncnorm	continuous	1	increasing	benefit	1	1	NA	1.61262649784873	3.09313569725193	700	252	420	700	700	252	523	0.64	0.252857142857143	6.73345203894111	24	24	0	2	1	10	4	1	5000	2500	1	0.95	12	10000	101646	0.8905	0.9961	1.02477507433839	-0.580803283097141	1.02253246874351	2.67011100847305	3.25091429157019	1.73991757182251	0.489335529355657	1.74927138165933	2.96958771255554	2.48025218319988	0.885980095196884	1.48056599940183	-0.385570234102163	0.355073318423113	8.75457626553621	9.14014649963837	0.0756	0.9961	3.39051924613126	0.923226270313816	3.41848657152829	5.75259760003008	4.82937132971627	0	NA	NA	NA	NA	NA	NA	1	-0.587851423510348	0.345569296123143	1	0.127291073973772	0.0162030175133964	1	-1.6125696978501	2.60038103042436	1	0.297383548879322	0.0884369751440601	1.00177273228624	4109.22972487704	0	1.00159158866329	10384.7918186821	0	0.15323622715989	-0.089382891675	0.15353771	0.39393136875	0.245306799366933	0.0682037429	0.24628461	0.4195871285
649	7	7	benefit_positive_truncnorm	benefit_positive_truncnorm	continuous	1	increasing	benefit	1	1	NA	2.39651674003685	4.48992216670453	700	252	420	700	700	252	493	0.64	0.295714285714286	7.06905575595315	24	24	0	2	1	10	4	1	5000	2500	1	0.95	12	10000	101648	0.9999	1	2.8462563882863	1.14739453578553	2.83769690972469	4.53952586341734	3.39213132763181	3.29892493396018	2.08325947802798	3.30829613880565	4.49305788286535	2.40979840483737	0.999881544657664	4.94984233316584	0.249559072439328	4.10717221217136	14.1820688490516	13.9325097766122	0.1558	1	5.9941163990623	3.39892593153909	5.9557027132937	8.84036389487433	5.44143796333523	0	NA	NA	NA	NA	NA	NA	1	0.449739648249448	0.202265751207538	1	0.902408193923324	0.814340548459956	1	0.459920166461311	0.2115265595178	1	1.50419423235777	2.26260028865838	1.00143660782995	3982.779010133	0	1.00120545805826	11415.1908870209	0	0.4312674348214	0.1790920505	0.43085453	0.68748374175	0.477473795751	0.30011572725	0.47825551	0.65313559125
625	7	7	benefit_positive_truncnorm	benefit_positive_truncnorm	continuous	1	increasing	benefit	1	1	NA	2.24245412666605	4.66953813561566	700	252	420	700	700	252	464	0.64	0.337142857142857	7.06788827241678	24	24	0	2	1	10	4	1	5000	2500	1	0.95	12	10000	101624	0.995	1	2.17777974681845	0.522965956478324	2.17168003295502	3.89961903363207	3.37665307715374	3.43031557275008	2.14545036185902	3.43367580562784	4.70081855236651	2.55536819050749	0.994152046783626	3.15766424669387	0.104286162983857	1.85640010707519	11.5002146098778	11.3959284468939	0.145	1	7.86668289093454	4.60727236158338	7.69108004034271	12.2813161118717	7.67404375028836	0.0024	NA	NA	NA	NA	NA	NA	1	-0.0646743798475975	0.00418277540867132	1	1.18786144608403	1.41101481509284	1	-1.51187388892179	2.28576265600351	1	3.19714475531888	10.221734586463	1.00230392194684	4471.48040319849	0	1.00124345900439	11521.7486455474	0	0.325400986254348	0.078972470225	0.324541575	0.58015094675	0.492913969297	0.306410852	0.49297814	0.6800021315
652	7	7	benefit_positive_truncnorm	benefit_positive_truncnorm	continuous	1	increasing	benefit	1	1	NA	1.35479144030541	2.14622559596063	700	252	420	700	700	252	496	0.64	0.291428571428571	6.58828590125187	24	24	0	2	1	10	4	1	5000	2500	1	0.95	12	10000	101651	0.7423	0.995	0.536347931880028	-1.06444725543467	0.531519587879799	2.17410110333081	3.23854835876548	1.56788210807159	0.337959161713934	1.56400807129906	2.81067685283302	2.47271769111909	0.738839995758668	0.787581332455335	-2.09446725626491	0.15852047313703	7.23898559003143	9.33345284629634	0.0569	0.995	2.56982719253561	0.532993975812748	2.52312196102961	4.90290474270258	4.36991076688983	0	NA	NA	NA	NA	NA	NA	1	-0.818443508425386	0.669849776483655	1	0.213090667766172	0.0454076326890331	1	-1.35864426350529	1.84591423475584	1	0.423601596574978	0.17943831262087	1.00157814609485	4219.18044813768	0	1.00200490590072	11191.9527451066	0	0.0806500072813373	-0.1624761945	0.0807158885	0.323986334	0.220816864853128	0.047344017525	0.22014979	0.3984065015
655	7	7	benefit_positive_truncnorm	benefit_positive_truncnorm	continuous	1	increasing	benefit	1	1	NA	1.97791018921764	3.77349149961593	700	252	420	700	700	252	468	0.64	0.331428571428571	7.00219064343332	24	24	0	2	1	10	4	1	5000	2500	1	0.95	12	10000	101654	0.9495	0.9998	1.38433735283825	-0.278539209973215	1.37052093028357	3.07017017931646	3.34870938928967	2.46470278165088	1.2396407640134	2.4667639700619	3.69958438440071	2.45994362038731	0.948480164863472	1.80390431855085	-0.0736780715377273	0.410186225148528	10.2605194490504	10.3341975205881	0.0295	0.9998	5.92373724979127	2.60750441980974	5.8086900128795	9.73494394083347	7.12743952102373	0	NA	NA	NA	NA	NA	NA	1	-0.593572836379388	0.352328712087471	1	0.486792592433237	0.236967028047872	1	-1.96958718106508	3.87927366381589	1	2.15024575017534	4.62355678614711	1.0010086558902	4784.26333480526	0	1.00105537193383	12001.2929253008	0	0.211690020021864	-0.044815177025	0.212223745	0.45956021625	0.35927005657963	0.1780050105	0.35905421	0.544636006
654	7	7	benefit_positive_truncnorm	benefit_positive_truncnorm	continuous	1	increasing	benefit	1	1	NA	2.26901744069467	4.210788173476	700	252	420	700	700	252	465	0.64	0.335714285714286	7.93416612883832	24	24	0	2	1	10	4	1	5000	2500	1	0.95	12	10000	101653	0.9621	0.9994	1.46442523290818	-0.157372010705905	1.46690177975426	3.07650700319547	3.23387901390137	2.11130475270476	0.90692834763746	2.10368816095969	3.30450159045319	2.39757324281573	0.958728706985252	2.09882913671865	-0.0610780487467603	0.631503267831537	9.9189077148358	9.97998576358256	0.1253	0.9994	5.29333340012075	2.19265886697779	5.18699275678398	8.96746418313888	6.77480531616109	0	NA	NA	NA	NA	NA	NA	1	-0.804592207786491	0.64736862083074	1	-0.157712687989907	0.0248732919530019	1	-2.11195903675735	4.46037097294103	1	1.08254522664476	1.17190416773135	1.00130198755508	4212.17634314978	0	1.00129114276467	11194.0472810583	0	0.229757046567502	-0.0260928773	0.229805335	0.48272434125	0.31348613424199	0.134537517	0.3127221	0.49328030725
653	7	7	benefit_positive_truncnorm	benefit_positive_truncnorm	continuous	1	increasing	benefit	1	1	NA	1.53316125059576	2.93537636796899	700	252	420	700	700	252	474	0.64	0.322857142857143	8.05363720096615	24	24	0	2	1	10	4	1	5000	2500	1	0.95	12	10000	101652	0.9711	1	1.62072385019048	-0.0499382806658262	1.61570379747813	3.32748226400132	3.37742054466715	3.07773890669705	1.84477668892808	3.08209280134915	4.27865622536724	2.43387953643916	0.96921139979398	2.37162150615581	-0.0195535516977753	0.845436974099892	10.3025166500932	10.3220702017909	0.1263	1	6.30700514035528	3.08880638392936	6.22718894850295	9.768779374833	6.67997299090363	1e-04	NA	NA	NA	NA	NA	NA	1	0.0875625995947227	0.00766720884778573	0	1.54457765610129	2.38572013572736	1	-0.563754861813182	0.317819544218	0	3.37162877238629	11.367880578783	1.00169184607879	3891.75758397812	0	1.00112096205466	11081.7747166199	0	0.245464766968263	-0.0075016208425	0.24508296	0.50106048525	0.448841175838	0.26742809575	0.448571125	0.628207269
659	7	7	benefit_positive_truncnorm	benefit_positive_truncnorm	continuous	1	increasing	benefit	1	1	NA	1.77756277392433	3.25645916595871	700	252	420	700	700	252	506	0.64	0.277142857142857	6.05237724778873	24	24	0	2	1	10	4	1	5000	2500	1	0.95	12	10000	101658	0.953	0.9998	1.41977372051126	-0.25400725271215	1.40590675482292	3.13051570431958	3.38452295703173	2.41911904481221	1.14599994750969	2.43147610613005	3.66874173300589	2.5227417854962	0.951183741881416	2.66523176158443	-0.125589824129861	1.11750247357223	11.564902301844	11.6904921259739	0.0454	0.9998	4.66582460926788	2.30314899255501	4.68578270678777	6.99419856489129	4.69104957233628	0	NA	NA	NA	NA	NA	NA	1	-0.357789053413073	0.128013006742223	1	0.641556270887881	0.411594448715564	1	-0.591227404374276	0.349549843683144	1	1.40936544330917	1.98631095279404	1.00133223622278	4281.20633567725	0	1.00125283217822	11478.6847004008	0	0.207018511410488	-0.036952977925	0.20623227	0.4509168915	0.337831663836	0.15871545975	0.339513015	0.514103336
658	7	7	benefit_positive_truncnorm	benefit_positive_truncnorm	continuous	1	increasing	benefit	1	1	NA	1.85832647453818	3.30400371502725	700	252	420	700	700	252	500	0.64	0.285714285714286	7.09138278135987	24	24	0	2	1	10	4	1	5000	2500	1	0.95	12	10000	101657	0.6947	0.9972	0.419472603279545	-1.1826428273806	0.420751426569694	2.05221788951184	3.23486071689244	1.72203237052675	0.470949444193002	1.72691360131274	2.90843108351146	2.43748163931846	0.691535305549557	0.617161882313373	-3.1214186790528	0.127147578587326	6.68795310114046	9.80937178019326	0.0738	0.9972	3.28632577837771	0.817124894828548	3.24797012553186	5.95219103441204	5.1350661395835	0	NA	NA	NA	NA	NA	NA	1	-1.43885387125863	2.07030046283595	1	-0.136294104011425	0.0185760827882771	1	-2.68684183271388	7.21911903402129	1	-0.0176779366495468	0.000312509444185388	1.00079916668318	4318.10481108118	0	1.0011840815643	10156.4896942305	0	0.0636295781014275	-0.1822615945	0.0653967655	0.310393261	0.247260531999797	0.067374943075	0.247804735	0.417668898
657	7	7	benefit_positive_truncnorm	benefit_positive_truncnorm	continuous	1	increasing	benefit	1	1	NA	2.13973520918146	3.68552513318511	700	252	420	700	700	252	469	0.64	0.33	7.02905490841349	24	24	0	2	1	10	4	1	5000	2500	1	0.95	12	10000	101656	0.9837	0.9966	1.86856465365055	0.158598328863617	1.87061637463966	3.59543639964245	3.43683807077883	1.75492477640331	0.481696290627223	1.75479566679643	2.98618024527326	2.50448395464604	0.983206264166495	3.24466660778121	0.0462745626546957	1.85628365276744	12.5532629623356	12.5069883996809	0.0294	0.9966	3.69986412465696	0.833754143669859	3.47692654456551	7.36900136050859	6.53524721683873	0	NA	NA	NA	NA	NA	NA	1	-0.271170555530905	0.0735334701869397	1	-0.384810432778141	0.1480790691749	1	-0.440858525403899	0.1943562394213	1	0.0143389914718455	0.000205606676429657	1.00103798714588	4245.99985971054	0	1.00122554349058	11346.7204780597	0	0.274801739719424	0.023071948	0.275425065	0.5206845315	0.250171295932801	0.068459257175	0.249755085	0.4268591725
661	7	7	benefit_positive_truncnorm	benefit_positive_truncnorm	continuous	1	increasing	benefit	1	1	NA	1.64483430790158	3.48294813661603	700	252	420	700	700	252	489	0.64	0.301428571428571	6.41239359583404	24	24	0	2	1	10	4	1	5000	2500	1	0.95	12	10000	101660	0.6413	0.9987	0.297880655534322	-1.30976743775241	0.290185553905131	1.92555273974805	3.23532017750045	1.86201911971657	0.615999311232003	1.86432761785746	3.09656976782191	2.48057045658991	0.638253421080121	0.472178659532008	-3.28355827191355	0.0848675123133322	6.43089195122566	9.71445022313921	0.0427	0.9987	3.09462779143698	1.00573875019513	3.02901504403014	5.52544082039934	4.51970207020421	0	NA	NA	NA	NA	NA	NA	1	-1.34695365236726	1.8142841416255	1	0.217184811814993	0.0471692424831141	1	-3.01076947708402	9.0647328441408	1	-0.388320345179054	0.15079269047998	1.00181951188318	4308.19164337154	0	1.00114409594038	10727.9094924577	0	0.0450778587860226	-0.2041312165	0.0449188105	0.29338653425	0.269459109430382	0.088770063375	0.26901185	0.4488391175
662	7	7	benefit_positive_truncnorm	benefit_positive_truncnorm	continuous	1	increasing	benefit	1	1	NA	1.98232493808091	3.66049611148332	700	252	420	700	700	252	470	0.64	0.328571428571429	8.21643946497666	24	24	0	2	1	10	4	1	5000	2500	1	0.95	12	10000	101661	0.9429	0.9994	1.32962117921306	-0.297591254412303	1.32310139740669	2.98787822956438	3.28546948397668	1.96495436367397	0.724808422414115	1.965531556579	3.1949556397179	2.47014721730379	0.940060612863397	1.97478678513393	-0.12186861832027	0.577657460463119	9.57005281660684	9.69192143492711	0.1091	0.9994	4.12971555093473	1.31981800319704	4.0533703810368	7.28052735493631	5.96070935173927	0	NA	NA	NA	NA	NA	NA	1	-0.652703758867849	0.426022196840219	1	-0.0173705744069337	0.000301736855226819	1	-1.68570932634939	2.84161593294131	1	0.469219439451412	0.220166882359097	1.00099182322182	4408.05666649138	0	1.00139424481557	11273.9133602236	0	0.203889922520544	-0.044775825425	0.20307378	0.455745737	0.28546928011965	0.104327189	0.28506395	0.465228117
656	7	7	benefit_positive_truncnorm	benefit_positive_truncnorm	continuous	1	increasing	benefit	1	1	NA	1.4175875535094	2.36706425979907	700	252	420	700	700	252	504	0.64	0.28	6.34980720761722	24	24	0	2	1	10	4	1	5000	2500	1	0.95	12	10000	101655	0.9093	0.9813	1.10420961854418	-0.508602924523777	1.09820035027471	2.74628769212718	3.25489061665096	1.31154374793977	0.0729969848045567	1.30864734708992	2.59588810255247	2.52289111774791	0.905772495755518	1.71377355564464	-0.287252195024765	0.449679977583195	9.53226323339545	9.81951542842022	0.0576	0.9813	2.47369806019271	0.111267088338757	2.38360262337666	5.04032828796079	4.92906119962203	0	NA	NA	NA	NA	NA	NA	1	-0.313377934965226	0.0982057301230692	1	-0.106043805569638	0.0112452886996913	1	-0.653290704154424	0.426788744134583	1	0.106633800393637	0.01137076738639	1.00126509710137	4605.60851244385	0	1.0010244773064	10370.8624753728	0	0.164783790718902	-0.078203338775	0.164126135	0.410942006	0.183713639388208	0.0102044193325	0.183302295	0.3635841265
660	7	7	benefit_positive_truncnorm	benefit_positive_truncnorm	continuous	1	increasing	benefit	1	1	NA	2.22853912572001	4.12956423042514	700	252	420	700	700	252	486	0.64	0.305714285714286	8.01410991718855	24	24	0	2	1	10	4	1	5000	2500	1	0.95	12	10000	101659	0.9911	0.9974	1.93586623342172	0.303406825262117	1.93095056338933	3.5725847151681	3.26917788990599	1.67875071419497	0.495749476368017	1.68179780762962	2.88181618696166	2.38606671059364	0.990654205607477	3.2345987290022	0.0718793077842865	2.00368613408964	11.7753606640866	11.7034813563024	0.1012	0.9974	3.25743592032139	0.910479466908379	3.21974179699463	5.90906665848934	4.99858719158096	0	NA	NA	NA	NA	NA	NA	1	-0.292672892298293	0.085657421886248	1	-0.549788411525041	0.302267297447228	1	-0.894965501422934	0.800963248737204	1	-0.872128310103749	0.760607789284421	1.00103855690696	4469.50025223009	0	1.00173704425533	11367.1068691036	0	0.294834044261606	0.047284727025	0.293708335	0.54121461675	0.246108226994064	0.0730301526	0.24607996	0.42418862175
666	7	7	benefit_positive_truncnorm	benefit_positive_truncnorm	continuous	1	increasing	benefit	1	1	NA	2.17573331131026	3.98521238813278	700	252	420	700	700	252	475	0.64	0.321428571428571	6.82696279798537	24	24	0	2	1	10	4	1	5000	2500	1	0.95	12	10000	101665	0.9602	1	1.44476061929653	-0.187901373911058	1.45078940247693	3.09454522796075	3.28244660187181	2.45546772914013	1.21989599952379	2.4630564063546	3.69278005572599	2.47288405620219	0.958540081596648	2.11392187707961	-0.0639092348464255	0.616459121753564	10.1159350681276	10.179844302974	0.0931	1	5.95267800999894	2.81455237700409	6.02554849355732	9.18011052738334	6.36555815037925	0	NA	NA	NA	NA	NA	NA	1	-0.730972692013732	0.534321076469803	1	0.279734417829863	0.0782513445186122	1	-1.87129051105317	3.50172817675764	1	1.96746562186616	3.87092097322519	1.00144024182038	4789.11301421565	0	1.0014840314245	11009.0196346017	0	0.21973065439348	-0.02918379425	0.22094693	0.46690212275	0.3541012820597	0.1747256565	0.3544651	0.535421585
674	7	7	benefit_positive_truncnorm	benefit_positive_truncnorm	continuous	1	increasing	benefit	1	1	NA	2.12423253560313	4.03911557671986	700	252	420	700	700	252	468	0.64	0.331428571428571	7.13180567390025	24	24	0	2	1	10	4	1	5000	2500	1	0.95	12	10000	101673	0.4892	0.9886	-0.0178057918280326	-1.66063247101622	-0.0259348709110565	1.61187365657338	3.27250612758959	1.49540113962277	0.184334127764226	1.49793149840373	2.82286612730724	2.63853199954301	0.485185185185185	-0.00768592559626066	-4.93479171233477	-0.00951898863632117	5.10921474763567	10.0440064599704	0.055	0.9886	3.53687285013648	0.41555948336808	3.52684106075065	6.83624612617777	6.42068664280969	0	NA	NA	NA	NA	NA	NA	0	-2.14203832743116	4.58832819618407	1	-0.628831395980354	0.395428924570601	1	-4.04680150231612	16.376602399148	1	-0.502242726583373	0.252247756405901	1.00137753894525	4163.32915944588	0	1.00109065775587	9376.39957467363	0	-0.00350862817662045	-0.2532533105	-0.00396706805	0.23878240975	0.211008508247166	0.025678442225	0.210939955	0.399340033
663	7	7	benefit_positive_truncnorm	benefit_positive_truncnorm	continuous	1	increasing	benefit	1	1	NA	1.95233649122313	3.81462284647994	700	252	420	700	700	252	474	0.64	0.322857142857143	6.42891369046143	24	24	0	2	1	10	4	1	5000	2500	1	0.95	12	10000	101662	0.9634	1	1.50127910088847	-0.12389722905976	1.48293038534343	3.19156608897432	3.31546331803408	3.22580585925865	1.97101792242732	3.23108803583273	4.46579099920143	2.49477307677411	0.960917773630475	2.28745739126471	-0.0461330814590196	0.699733772049161	10.5395498610066	10.5856829424656	0.0891	1	7.49774220937602	3.84667182991493	7.25062507524052	11.9798400452567	8.13316821534177	1e-04	NA	NA	NA	NA	NA	NA	1	-0.451057390334652	0.203452769375507	0	1.27346936803552	1.62172423132479	1	-1.52716545521523	2.33223432760275	0	3.68311936289608	13.56536824134	1.00143242895464	4280.40083179509	0	1.00170192406255	11860.746328831	0	0.230937723696696	-0.018632853625	0.227442125	0.4870532915	0.465858728408	0.281560226	0.466112155	0.65246836975
668	7	7	benefit_positive_truncnorm	benefit_positive_truncnorm	continuous	1	increasing	benefit	1	1	NA	2.0506892968652	3.96072580510783	700	252	420	700	700	252	496	0.64	0.291428571428571	6.90144533850377	24	24	0	2	1	10	4	1	5000	2500	1	0.95	12	10000	101667	0.8185	0.9891	0.757945718776219	-0.846698197937893	0.757327427861171	2.39911634767919	3.24581454561708	1.45164162623893	0.186995427481331	1.44928714855462	2.71660614553901	2.52961071805768	0.813029036751313	1.07105168336365	-1.23529864130299	0.235214679926482	8.12904567787687	9.36434431917986	0.0667	0.9891	2.55829124018185	0.321857577927076	2.48035861380007	5.36596257688391	5.04410499895684	0	NA	NA	NA	NA	NA	NA	1	-1.29274357808898	1.6711859586903	1	-0.599047670626268	0.358858111682758	1	-2.88967412174418	8.350216529878	1	-1.40243456492598	1.96682270889914	1.00118511817021	4404.44412269508	0	1.00148125401822	10790.6470104	0	0.114573093956986	-0.13128310675	0.11529943	0.3600632205	0.204482908174843	0.02634705835	0.203822035	0.382484731
665	7	7	benefit_positive_truncnorm	benefit_positive_truncnorm	continuous	1	increasing	benefit	1	1	NA	2.1498586496882	3.91296600045663	700	252	420	700	700	252	485	0.64	0.307142857142857	6.82345413030708	24	24	0	2	1	10	4	1	5000	2500	1	0.95	12	10000	101664	0.9958	1	2.22375357713819	0.571110353334978	2.21987840063542	3.93163922802042	3.36052887468544	2.4592104505154	1.18368856316207	2.46196636807188	3.74356851038951	2.55987994722744	0.995139451452378	3.13320417437466	0.107886283931901	1.73248611763512	11.5485303763683	11.4406440924364	0.1359	1	5.44259713159365	2.7182776300272	5.30612477225652	8.95371282447205	6.23543519444485	0	NA	NA	NA	NA	NA	NA	1	0.0738949274499916	0.00546046030283952	1	0.309351800827195	0.0956985366750286	1	-0.77976182608197	0.608028505414688	1	1.52963113113702	2.33977139734352	1.00154192083662	4925.6128064498	0	1.00104054314352	12403.8111026556	0	0.332665746599221	0.0873271995	0.332168445	0.5839276895	0.3458956884348	0.16647664625	0.345900845	0.52947741375
667	7	7	benefit_positive_truncnorm	benefit_positive_truncnorm	continuous	1	increasing	benefit	1	1	NA	1.58084314203086	2.58255135338757	700	252	420	700	700	252	506	0.64	0.277142857142857	6.61105792563373	24	24	0	2	1	10	4	1	5000	2500	1	0.95	12	10000	101666	0.4728	0.9523	-0.0421611985976742	-1.6950231659728	-0.0545696849563502	1.67279831471573	3.36782148068854	1.05809874610483	-0.192620688575596	1.06104745665789	2.30817203196965	2.50079272054525	0.469086305127664	-0.0336653118347057	-5.0205193577758	-0.015281110932305	5.15745879317443	10.1779781509502	0.0522	0.9523	1.82659517898588	-0.332518228017103	1.83466764154368	3.96638074888795	4.29889897690505	0	NA	NA	NA	NA	NA	NA	1	-1.62300434062853	2.63414308969906	1	-0.522744395926035	0.273261703472075	1	-2.61621666522228	6.84458963938677	1	-0.755956174401688	0.571469737616036	1.00176995620514	3732.76561310639	0	1.00124260995067	10539.8417166851	0	-0.0070366300216297	-0.2524120125	-0.00810536505	0.24513399325	0.14732982448583	-0.0268276074	0.147435915	0.32185399425
672	7	7	benefit_positive_truncnorm	benefit_positive_truncnorm	continuous	1	increasing	benefit	1	1	NA	1.80124263645262	3.51861624084852	700	252	420	700	700	252	478	0.64	0.317142857142857	7.33067101178847	24	24	0	2	1	10	4	1	5000	2500	1	0.95	12	10000	101671	0.9963	1	2.25493957093897	0.61664473366557	2.24804528503365	3.92102357266641	3.30437883900084	2.25590371043079	1.04579492661091	2.25238074750425	3.46896253513056	2.42316760851965	0.995817843866171	3.47898947337028	0.122187055471301	2.31887776899104	12.0051978102719	11.8830107548006	0.1392	1	4.30232758806063	1.77386553128606	4.1869636037997	7.42141213054724	5.64754659926118	0	NA	NA	NA	NA	NA	NA	1	0.45369693448635	0.205840908362312	1	0.45466107397817	0.206716692190983	1	-0.0396267674782429	0.00157028070077473	1	0.783711347212106	0.614203475749015	1.00174961668915	4495.92657746827	0	1.00116376602892	10596.3478486546	0	0.346467641893283	0.0969659885	0.34565831	0.59959859575	0.3283900292782	0.152188573	0.327871045	0.507158455
664	7	7	benefit_positive_truncnorm	benefit_positive_truncnorm	continuous	1	increasing	benefit	1	1	NA	1.57028499583735	3.00659401898216	700	252	420	700	700	252	496	0.64	0.291428571428571	7.01563255331378	24	24	0	2	1	10	4	1	5000	2500	1	0.95	12	10000	101663	0.8598	0.9999	0.918543409779549	-0.701374650553771	0.899250601349925	2.60732193156095	3.30869658211473	2.42708213868892	1.18338995612366	2.43226749410537	3.65616145627734	2.47277150015369	0.858387129828876	1.59086582026211	-0.700940713273495	0.354058000639267	9.71221212067548	10.413152833949	0.0241	0.9999	4.32961857603773	1.84643601420536	4.26616828924627	7.17676909232533	5.33033307811997	0	NA	NA	NA	NA	NA	NA	1	-0.651741586057802	0.424767094997139	1	0.856797142851573	0.734101343998618	1	-1.41572819872005	2.00428633265113	1	1.32302455705557	1.75039397857208	1.00189737798365	4397.66051574434	0	1.00161043247367	11773.344970252	0	0.138045217380769	-0.10782812825	0.135959505	0.3885856545	0.3493422442533	0.16910271525	0.348961055	0.5289263635
671	7	7	benefit_positive_truncnorm	benefit_positive_truncnorm	continuous	1	increasing	benefit	1	1	NA	1.87127848242124	3.74529359729419	700	252	420	700	700	252	490	0.64	0.3	7.45202259221223	24	24	0	2	1	10	4	1	5000	2500	1	0.95	12	10000	101670	0.978	0.9996	1.68008227171165	0.0370892518174498	1.67616681514446	3.38078399720079	3.34369474538334	2.14584343499825	0.889183547121704	2.14897292489556	3.3680913945623	2.47890784744059	0.975919882975132	2.44835806441479	0.00307578542912843	0.85425963587533	10.4467889637995	10.4437131783703	0.1113	0.9996	4.45636987750779	1.7626306324295	4.46647035575094	7.1015978287212	5.3389671962917	0	NA	NA	NA	NA	NA	NA	1	-0.191196210709587	0.036555990989705	1	0.274564952577005	0.0753859131836128	1	-1.2969355328794	1.68204177644517	1	0.711076280213594	0.505629476282402	1.00136222295479	4044.81408869538	0	1.00276093588958	10733.0779059208	0	0.25304949028979	0.005576865405	0.25322332	0.505557162	0.30734199440515	0.1272595525	0.307650085	0.48471471
669	7	7	benefit_positive_truncnorm	benefit_positive_truncnorm	continuous	1	increasing	benefit	1	1	NA	1.8485432220704	3.7368692471827	700	252	420	700	700	252	486	0.64	0.305714285714286	6.54607938248181	24	24	0	2	1	10	4	1	5000	2500	1	0.95	12	10000	101668	0.9081	0.9933	1.10815019870019	-0.523363198396499	1.09764203998219	2.82100365235364	3.34436685075014	1.49312546118959	0.282961128366365	1.48887402566958	2.7331138452152	2.45015271684884	0.905516052574876	1.63798466866977	-0.274646380840553	0.400956817712525	9.43952195469014	9.71416833553069	0.0718	0.9933	3.26618579951182	0.569243238146902	3.19970026860164	6.18973084723237	5.62048760908547	0	NA	NA	NA	NA	NA	NA	1	-0.740393023370208	0.548181829055277	1	-0.355417760880808	0.126321784749527	1	-2.09888457851293	4.40531647391938	1	-0.47068344767088	0.221542907911346	1.00121880942254	4311.59560228962	0	1.00138120141128	10178.253928085	0	0.167110545405699	-0.078793406275	0.166441575	0.42120133025	0.211518385390727	0.03977144935	0.210470505	0.38891991675
678	7	7	benefit_positive_truncnorm	benefit_positive_truncnorm	continuous	1	increasing	benefit	1	1	NA	1.7215518230924	3.33816783611481	700	252	420	700	700	252	494	0.64	0.294285714285714	7.29323209501668	24	24	0	2	1	10	4	1	5000	2500	1	0.95	12	10000	101677	0.9212	0.9896	1.15437561208537	-0.453490374982973	1.14682094196849	2.80384433197546	3.25733470695843	1.42826835751272	0.210651143444878	1.43373020319909	2.66124878560742	2.45059764216254	0.916925465838509	1.63158039885589	-0.212992466912064	0.413570783093583	9.13087448928952	9.34386695620159	0.0984	0.9896	3.36711181533879	0.444529099805556	3.26036711210252	6.53501756593904	6.09048846613349	0	NA	NA	NA	NA	NA	NA	1	-0.56717621100703	0.321688854332291	1	-0.293283465579684	0.0860151911824299	1	-1.70658743725893	2.91244068100999	1	0.0289439792239765	0.000837753933317984	1.00137825595149	4394.8878944147	0	1.00148579641603	11733.1750107637	0	0.178189401390076	-0.071193596275	0.177694525	0.4278117865	0.205759426142266	0.030347033	0.206357815	0.38513257475
670	7	7	benefit_positive_truncnorm	benefit_positive_truncnorm	continuous	1	increasing	benefit	1	1	NA	2.24864534443475	4.092502142039	700	252	420	700	700	252	468	0.64	0.331428571428571	6.75066625133277	24	24	0	2	1	10	4	1	5000	2500	1	0.95	12	10000	101669	0.999	1	2.54606556747889	0.905697673122437	2.54001788270823	4.26324558523947	3.35754791211703	3.15840110624306	1.87476857471542	3.1527894428328	4.44202393758091	2.56725536286549	0.998939429648833	3.74021326196344	0.160727534319894	2.65857217383165	12.5612471969211	12.4005196626012	0.1514	1	7.10113302371369	3.7892416274491	6.99720687153621	11.1189849956174	7.32974336816832	5e-04	NA	NA	NA	NA	NA	NA	1	0.297420223044139	0.0884587890756256	1	0.909755761808311	0.827655546143421	1	-0.352288880075563	0.124107455024894	1	3.00863088167469	9.05185978216663	1.00208694634435	4483.91038393734	0	1.00094947053324	10664.4256757389	0	0.38541931698001	0.140523814	0.383920895	0.6447891225	0.4521464606708	0.26645039925	0.45113312	0.641035907
673	7	7	benefit_positive_truncnorm	benefit_positive_truncnorm	continuous	1	increasing	benefit	1	1	NA	2.17780550571041	4.43577087679151	700	252	420	700	700	252	467	0.64	0.332857142857143	7.04081272015384	24	24	0	2	1	10	4	1	5000	2500	1	0.95	12	10000	101672	0.6688	0.9765	0.365097009447672	-1.30412407039036	0.371211695654004	2.04776012897878	3.35188419936914	1.27708585673165	0.0146462142066314	1.27985110959746	2.54483001526757	2.53018380106094	0.665672562731386	0.730140803127299	-4.46610806849328	0.137768240049652	8.29747353147555	12.7635815999688	0.0276	0.9765	2.87755575618496	0.0427702366013646	2.84478801986332	5.9868597228925	5.94408948629114	0	NA	NA	NA	NA	NA	NA	0	-1.81270849626274	3.28591209242311	1	-0.900719648978754	0.81129588605641	1	-3.70563007366421	13.7316942428446	1	-1.55821512060654	2.42803436208687	1.00163911473485	4616.99462805187	0	1.00162935393089	10572.4436368311	0	0.0540557704826218	-0.19927933425	0.0561808855	0.3030350885	0.181803898234642	0.0020654988475	0.182263865	0.362961834
677	7	7	benefit_positive_truncnorm	benefit_positive_truncnorm	continuous	1	increasing	benefit	1	1	NA	1.37489118446546	2.33791126212614	700	252	420	700	700	252	502	0.64	0.282857142857143	6.32142159511891	24	24	0	2	1	10	4	1	5000	2500	1	0.95	12	10000	101676	0.6388	0.896	0.31351261953294	-1.31594272895691	0.302070505424104	1.9797715725038	3.29571430146071	0.800066796503613	-0.423794201195402	0.796016045814168	2.0617796749567	2.4855738761521	0.634017904160084	0.458541921367191	-3.66593979579833	0.0880461362007541	6.52210844575297	10.1880482415513	0.0505	0.896	1.43040798469168	-0.792735762182261	1.40920553562712	3.70358711810696	4.49632288028922	0	NA	NA	NA	NA	NA	NA	1	-1.06137856493252	1.12652445809821	1	-0.574824387961843	0.330423076995707	1	-1.87936934075895	3.53202911898471	1	-0.907503277434451	0.823562198554271	1.00119171694644	4013.27527449504	0	1.00191614390449	9964.37772194152	0	0.0463218017284798	-0.20043180675	0.04596586	0.29451926	0.112191790961115	-0.05909283485	0.11135716	0.29073261775
682	7	7	benefit_positive_truncnorm	benefit_positive_truncnorm	continuous	1	increasing	benefit	1	1	NA	1.54800191846749	2.13670740843997	700	252	420	700	700	252	494	0.64	0.294285714285714	6.3348561646043	24	24	0	2	1	10	4	1	5000	2500	1	0.95	12	10000	101681	0.588	0.9937	0.207484947525534	-1.39985788665439	0.189147088510766	1.886049477151	3.28590736380538	1.63544388464575	0.376806837498821	1.64008442281736	2.87281555868525	2.49600872118643	0.582312925170068	0.316634833075588	-4.05873836917208	0.0480565463520364	6.29705733769482	10.3557957068669	0.0445	0.9937	2.91744847860205	0.635379690969508	2.90032365600666	5.51191208350813	4.87653239253863	0	NA	NA	NA	NA	NA	NA	1	-1.34051697094196	1.7969857493834	1	0.0874419661782593	0.00764609744911984	1	-1.82007257536438	3.31266417959354	1	0.780741070162076	0.609556618637823	1.00153023705257	4058.37677027675	0	1.00257235182542	11368.3451432572	0	0.0306775109828626	-0.212142573	0.0287809345	0.28122219575	0.230199997347643	0.05270471225	0.230724535	0.4058857365
676	7	7	benefit_positive_truncnorm	benefit_positive_truncnorm	continuous	1	increasing	benefit	1	1	NA	1.22255050477632	2.06283909230003	700	252	420	700	700	252	499	0.64	0.287142857142857	6.80520814813534	24	24	0	2	1	10	4	1	5000	2500	1	0.95	12	10000	101675	0.7168	0.9907	0.465213739998915	-1.1314188693165	0.443618518376298	2.09959275481939	3.23101162413589	1.47910516726155	0.254096310317825	1.47853731943793	2.71606076990584	2.46196445958802	0.712714850005338	0.679229656162547	-2.66146239548201	0.133370996536367	6.88085860897996	9.54232100446197	0.0633	0.9907	2.51835010028332	0.388785765758493	2.49111455187613	4.8156585472575	4.426872781499	0	NA	NA	NA	NA	NA	NA	1	-0.757336764777405	0.573558975283507	1	0.256554662485227	0.0658202948429087	1	-1.38360943613748	1.91437507176868	1	0.455511007983289	0.207490278393952	1.00096301382891	4448.11562769289	0	1.00163349620109	10671.8479458773	0	0.0712121638681241	-0.175965389	0.069196761	0.320556574	0.210014468188731	0.03586571725	0.20945295	0.38693606475
675	7	7	benefit_positive_truncnorm	benefit_positive_truncnorm	continuous	1	increasing	benefit	1	1	NA	1.42652629179346	2.63479112615712	700	252	420	700	700	252	511	0.64	0.27	6.78957143809439	24	24	0	2	1	10	4	1	5000	2500	1	0.95	12	10000	101674	0.7381	0.9525	0.539214569421485	-1.09600700025792	0.537087079007331	2.23177287039276	3.32777987065068	1.0684260044173	-0.177452883113665	1.07111751045265	2.28482132902393	2.46227421213759	0.734009610250934	0.7965757848405	-2.35181948850119	0.162291997481574	7.33042572977932	9.68224521828051	0.0635	0.9525	1.7192309997344	-0.270714911147347	1.70601548091015	3.96036331024985	4.2310782213972	0	NA	NA	NA	NA	NA	NA	1	-0.887311722371976	0.787322092658723	1	-0.35810028737616	0.128235815818888	1	-1.83821534131662	3.37903564105176	1	-0.915560126422716	0.83825034509518	1.001056385221	4332.79588053826	0	1.00211231088675	10214.2797633428	0	0.0805226927449235	-0.1676328685	0.0810735905	0.331194759	0.149497450777889	-0.024546463125	0.150019485	0.3203304985
681	7	7	benefit_positive_truncnorm	benefit_positive_truncnorm	continuous	1	increasing	benefit	1	1	NA	2.47552210438037	5.61047995332471	700	252	420	700	700	252	462	0.64	0.34	6.93232471122954	24	24	0	2	1	10	4	1	5000	2500	1	0.95	12	10000	101680	0.988	1	1.82376309428287	0.219303646242145	1.80333469217393	3.50059354384417	3.28128989760203	2.77224072107574	1.4985585042262	2.7744946058784	3.99046522115121	2.49190671692501	0.986689227298364	2.60085179766821	0.0409641203057014	0.981532229972185	10.8396901347496	10.7987260144439	0.1135	1	6.30960857492442	3.20100929944476	6.13266364515317	10.2455437390297	7.04453443958495	0	NA	NA	NA	NA	NA	NA	1	-0.651759010097507	0.424789807243282	1	0.296718616695367	0.0880419374936119	1	-3.0096281556565	9.05786163532032	1	0.699128621599709	0.488780829539908	1.00114955515925	4032.10447781021	0	1.00200960702639	10928.7895766301	0	0.273875367007573	0.03366411725	0.27157132	0.5219805665	0.3965518368158	0.213893994	0.3957998	0.57568286175
686	7	7	benefit_positive_truncnorm	benefit_positive_truncnorm	continuous	1	increasing	benefit	1	1	NA	2.21960243013168	4.58894464289321	700	252	420	700	700	252	505	0.64	0.278571428571429	5.87840696155045	24	24	0	2	1	10	4	1	5000	2500	1	0.95	12	10000	101685	0.9632	0.9955	1.47230341017634	-0.12222738794642	1.46835487132076	3.12258851097137	3.24481589891779	1.64348902309299	0.434244888285397	1.64061223943168	2.85958005644385	2.42533516815845	0.961002178649237	2.20593607145268	-0.0405355614188042	0.634669125238338	10.5743444080846	10.6148799695034	0.082	0.9955	3.49792712563564	0.86002424932876	3.50691399754467	6.22824999467517	5.36822574534641	0	NA	NA	NA	NA	NA	NA	1	-0.74729901995534	0.558455825226211	1	-0.576113407038691	0.331906657769729	1	-2.38300857144053	5.67872985155903	1	-1.09101751725757	1.19031922296287	1.0012590022171	4336.92890828148	0	1.00101412457801	11124.9901670037	0	0.225967644633962	-0.019177710725	0.225269555	0.47673416875	0.2337295294105	0.061776534075	0.23324976	0.40756967775
679	7	7	benefit_positive_truncnorm	benefit_positive_truncnorm	continuous	1	increasing	benefit	1	1	NA	2.06281617699264	4.34114679786973	700	252	420	700	700	252	495	0.64	0.292857142857143	5.98310842370685	24	24	0	2	1	10	4	1	5000	2500	1	0.95	12	10000	101678	0.9892	1	1.96349806487514	0.260472229050147	1.95096737897026	3.69325319620869	3.43278096715854	2.8142957969511	1.53962202393982	2.81070389681491	4.07319936862694	2.53357734468712	0.988365588992057	2.79693683741301	0.0575990642708242	1.17002599131451	11.5483089172122	11.4907098529414	0.1061	1	6.45973579942545	3.21077165001837	6.43864992548452	9.74738836690927	6.5366167168909	0	NA	NA	NA	NA	NA	NA	1	-0.0993181121175002	0.00986408739458434	1	0.751479619958459	0.56472161921291	1	-1.54420996045672	2.38458440197374	1	2.11858900155572	4.48841935751285	1.00099841141048	4049.77408940962	0	1.001734980336	11503.4013228602	0	0.287634871454124	0.038977130175	0.286087435	0.53845238825	0.3867958903728	0.209971056	0.38557467	0.563604409
693	7	7	benefit_positive_truncnorm	benefit_positive_truncnorm	continuous	1	increasing	benefit	1	1	NA	1.65539433723807	3.44624571088219	700	252	420	700	700	252	484	0.64	0.308571428571429	6.89877925855141	24	24	0	2	1	10	4	1	5000	2500	1	0.95	12	10000	101692	0.8526	1	0.865076761841711	-0.727186880479195	0.852192286290952	2.50495110852646	3.23213798900565	2.33801631892329	1.1044112827572	2.33391974631608	3.55970262879309	2.45529134603589	0.847992248896544	1.22608792004489	-0.584439008979924	0.283367972389099	8.1113600732622	8.69579908224212	0.0711	1	4.27685066869698	1.78696161536006	4.1787550802786	7.27448576375919	5.48752414839913	0	NA	NA	NA	NA	NA	NA	1	-0.790317575396362	0.624601869980385	1	0.682621981685218	0.465972769879854	1	-2.22015779083731	4.92910061621559	1	0.830604957814783	0.689904595946498	1.00132091732518	4420.61119990421	0	1.00178648702581	10801.5496857564	0	0.132202758283037	-0.11232400175	0.131263945	0.37846459725	0.33341105292738	0.157555614	0.33230575	0.5121555845
684	7	7	benefit_positive_truncnorm	benefit_positive_truncnorm	continuous	1	increasing	benefit	1	1	NA	2.00387957287533	4.0533089802571	700	252	420	700	700	252	487	0.64	0.304285714285714	7.84264828212453	24	24	0	2	1	10	4	1	5000	2500	1	0.95	12	10000	101683	0.835	0.9999	0.795985321445359	-0.753030242201081	0.791303891811029	2.41641768539176	3.16944792759285	2.12381258793131	0.933116946438904	2.12146104182439	3.3148232422178	2.3817062957789	0.828973400747417	1.13709532665202	-1.09662936186749	0.254695073534292	8.2292174119038	9.32584677377129	0.0902	0.9999	4.17767947021023	1.59739233640856	4.14559373903679	6.82809085977714	5.23069852336859	0	NA	NA	NA	NA	NA	NA	1	-1.20789425142997	1.45900852263758	1	0.119933015055979	0.0143839281004176	1	-2.91621365360508	8.50430207347271	1	0.124370489953127	0.0154680187711808	1.00151305627818	4255.98622620451	0	1.00118693598939	11431.1515262489	0	0.122430256797031	-0.1205681815	0.12283688	0.3645884095	0.30951878335027	0.13589800125	0.30908329	0.4846769545
683	7	7	benefit_positive_truncnorm	benefit_positive_truncnorm	continuous	1	increasing	benefit	1	1	NA	1.89581573586529	3.78013175414426	700	252	420	700	700	252	479	0.64	0.315714285714286	7.24750510596439	24	24	0	2	1	10	4	1	5000	2500	1	0.95	12	10000	101682	0.9947	0.9991	2.10090707187487	0.460704810486873	2.08917980543547	3.79597399468786	3.33526918420098	2.03820427407843	0.80094245048237	2.04431769270508	3.26144745821219	2.46050500772982	0.993942218080149	2.99722757730001	0.0915311936090745	1.6065241644543	11.2787080710102	11.1871768774011	0.1416	0.9991	4.4662790496971	1.64829133686371	4.37004765019561	7.65017114604006	6.00187980917635	0	NA	NA	NA	NA	NA	NA	1	0.205091336009579	0.0420624561061939	1	0.142388538213139	0.0202744958144746	1	-0.782904176844252	0.612938950120176	1	0.686147295552836	0.470798111194472	1.00203986565843	3981.87911072731	0	1.002288627285	11104.260550852	0	0.316457759980884	0.071781083825	0.315142735	0.56507286575	0.28973438849112	0.11305999075	0.290318675	0.4657124415
680	7	7	benefit_positive_truncnorm	benefit_positive_truncnorm	continuous	1	increasing	benefit	1	1	NA	2.39749591664234	4.92740347114699	700	252	420	700	700	252	472	0.64	0.325714285714286	7.56260273520307	24	24	0	2	1	10	4	1	5000	2500	1	0.95	12	10000	101679	0.9509	0.9998	1.36972963881045	-0.241030535443521	1.35323274938345	3.04031589903093	3.28134643447445	2.25059452750594	1.02897431968067	2.25107389635008	3.50387404586511	2.47489972618444	0.947691963786744	1.96905770911399	-0.100271491210228	0.552570143768229	9.77287539262822	9.87314688383845	0.1053	0.9998	4.95449331182223	1.94231235795279	4.74462492146009	8.80005588684864	6.85774352889585	0	NA	NA	NA	NA	NA	NA	1	-1.0277662778319	1.05630352184843	1	-0.146901389136404	0.0215800181302052	1	-2.958345762033	8.75180964773862	1	0.0270898406752416	0.000733859467809972	1.00148714489809	4538.53038400233	0	1.00103514423304	12125.4508522	0	0.207917078058475	-0.0368221014	0.20590171	0.4564534215	0.32548972843745	0.14723655725	0.32501402	0.508817652
709	7	7	benefit_positive_truncnorm	benefit_positive_truncnorm	continuous	1	increasing	benefit	1	1	NA	2.26937832621398	4.68648284158127	700	252	420	700	700	252	483	0.64	0.31	6.84644864085733	24	24	0	2	1	10	4	1	5000	2500	1	0.95	12	10000	101708	0.9951	0.9997	2.0712796012918	0.466592206040264	2.06071281177017	3.69377539386322	3.22718318782296	2.0724900861035	0.807335768550661	2.06764511303311	3.32531705719627	2.51798128864561	0.994722349701698	2.95696833031586	0.0929526684091746	1.56518487526548	11.7374829226055	11.6445302541964	0.1284	0.9997	4.68843976524134	1.77589503717228	4.64107407718386	7.80022099031517	6.02432595314289	0	NA	NA	NA	NA	NA	NA	1	-0.198098724922178	0.0392431048157926	1	-0.196888240110484	0.0387649790938036	1	-1.72951451126541	2.99122044467763	1	0.00195692366006828	3.82955021133502e-06	1.001051561063	4372.25309621204	0	1.00134318502339	9982.85084291586	0	0.311794643327952	0.0707097495	0.311286845	0.55425323775	0.29139591092968	0.114117893	0.290921525	0.470065713
707	7	7	benefit_positive_truncnorm	benefit_positive_truncnorm	continuous	1	increasing	benefit	1	1	NA	2.12146304153429	4.64410379363891	700	252	420	700	700	252	488	0.64	0.302857142857143	7.40475365105109	24	24	0	2	1	10	4	1	5000	2500	1	0.95	12	10000	101706	0.9527	0.9998	1.38082123847756	-0.249445777382851	1.37438481655109	3.04235409878469	3.29179987616754	2.11806115306164	0.854800030442824	2.1180012935347	3.35131543057579	2.49651540013296	0.94877830082941	1.93195491864785	-0.0986825978378153	0.561664378891832	9.43416167768202	9.53284427551984	0.1078	0.9998	4.20150553457517	1.69132443298289	4.12190521164467	6.94879213641165	5.25746770342877	0	NA	NA	NA	NA	NA	NA	1	-0.740641803056722	0.548550280435113	1	-0.00340188847264677	1.1572845180327e-05	1	-2.71214887499107	7.35575152011531	1	-0.442598259063742	0.195893218926256	1.00170574944417	4421.94959745117	0	1.00129141827799	11085.1222867648	0	0.207384874655393	-0.037642084925	0.206997395	0.45365998175	0.30058842158709	0.121913647	0.29967537	0.4785025795
708	7	7	benefit_positive_truncnorm	benefit_positive_truncnorm	continuous	1	increasing	benefit	1	1	NA	1.72793206379493	3.00246886065959	700	252	420	700	700	252	490	0.64	0.3	6.02728523261538	24	24	0	2	1	10	4	1	5000	2500	1	0.95	12	10000	101707	1	1	3.06225774743528	1.32725547068004	3.0633350867762	4.84679920675842	3.51954373607838	3.60448816188505	2.36175586496814	3.60893638688923	4.83634164139438	2.47458577642624	1	5.48160142095247	0.308119976951136	4.67628476928484	15.1397362440259	14.8316162670748	0.1029	1	7.43006541933841	4.80715449963145	7.3068550682162	10.4690104900284	5.66185599039697	0	NA	NA	NA	NA	NA	NA	1	1.33432568364035	1.7804250300223	0	1.87655609809013	3.52146278927924	1	2.47913256029288	6.14609825150434	0	4.42759655867882	19.6036112864245	1.00110185263162	3705.43202892174	0	1.0016272307968	11077.2972063035	0	0.444348618802167	0.19608811025	0.444061115	0.69676571125	0.504211089666	0.327751791	0.50412033	0.6809812435
685	7	7	benefit_positive_truncnorm	benefit_positive_truncnorm	continuous	1	increasing	benefit	1	1	NA	2.02098004999531	3.45689883163319	700	252	420	700	700	252	472	0.64	0.325714285714286	6.54516780643447	24	24	0	2	1	10	4	1	5000	2500	1	0.95	12	10000	101684	0.9959	0.9999	2.13839141030621	0.486723140675541	2.1222952971738	3.84016696970412	3.35344382902857	2.54647311319398	1.27220200809461	2.54389149784854	3.82193283003284	2.54973082193824	0.995364088647671	3.27002628550996	0.097387747226156	1.95002843507461	12.1036697654918	12.0062820182656	0.1156	0.9999	5.50375677880243	2.6203610040958	5.26235262330208	9.31674607744981	6.69638507335401	0	NA	NA	NA	NA	NA	NA	1	0.117411360310897	0.0137854275300552	1	0.52549306319867	0.276142959469921	1	-0.186872546123229	0.0349213484945785	1	2.04685794716924	4.18962745588988	1.00081035337002	4156.98418270821	0	1.00120899856813	12109.7275317983	0	0.322182584606821	0.074924914725	0.321023955	0.5721003365	0.36250199086108	0.1797190345	0.36183406	0.547088092
704	7	7	benefit_positive_truncnorm	benefit_positive_truncnorm	continuous	1	increasing	benefit	1	1	NA	3.04476727498596	6.56431015521366	700	252	420	700	700	252	460	0.64	0.342857142857143	7.86708358686204	24	24	0	2	1	10	4	1	5000	2500	1	0.95	12	10000	101703	1	1	3.05406749479874	1.35936368995638	3.05815279259812	4.72374552143184	3.36438183147545	3.64129143809154	2.35096378802164	3.64366253541724	4.90409585601384	2.5531320679922	1	4.07080475871611	0.224768204745629	3.13639551425077	12.2712476267666	12.046479422021	0.2284	1	8.78928990349193	4.83421848417644	8.50465360034361	13.7265346107161	8.89231612653965	0.0093	NA	NA	NA	NA	NA	NA	1	0.0093002198127845	8.64940885661094e-05	1	0.596524163105578	0.355841077168811	1	-2.49350539649756	6.21756916236244	1	2.22497974827827	4.95053488024842	1.00167451653448	4081.34475465617	0	1.00235077835	11434.409571792	0	0.4613473700927	0.20866848325	0.46110459	0.71373622325	0.52155149162	0.33427944	0.521240395	0.70787386175
706	7	7	benefit_positive_truncnorm	benefit_positive_truncnorm	continuous	1	increasing	benefit	1	1	NA	2.00584525308299	3.77788275564725	700	252	420	700	700	252	486	0.64	0.305714285714286	6.48473410435644	24	24	0	2	1	10	4	1	5000	2500	1	0.95	12	10000	101705	0.9942	0.9986	2.14279152669462	0.441109597169108	2.13596118039529	3.87700741190629	3.43589781473718	1.98530211149828	0.730278735554089	1.98963987635709	3.20844966513916	2.47817092958508	0.993483480050303	3.17656849045252	0.0939053862684419	1.86531841452699	11.655087583929	11.5611821976605	0.1253	0.9986	3.94566822752282	1.38886207736827	3.85890384105039	7.03650547521903	5.64764339785076	0	NA	NA	NA	NA	NA	NA	1	0.136946273611632	0.0187542818561119	1	-0.0205431415847133	0.000422020666169575	1	-0.601314265194738	0.361578845526688	1	0.16778547187557	0.0281519645725075	1.00210377533255	4821.01887374943	0	1.00144170586761	10309.5837202508	0	0.322234858256389	0.0674955572	0.32099092	0.57948017525	0.281954032959456	0.10299007275	0.28283578	0.45876321
705	7	7	benefit_positive_truncnorm	benefit_positive_truncnorm	continuous	1	increasing	benefit	1	1	NA	1.11871560029371	1.62005198424168	700	252	420	700	700	252	488	0.64	0.302857142857143	6.52587141285678	24	24	0	2	1	10	4	1	5000	2500	1	0.95	12	10000	101704	0.6877	0.9969	0.411855267549322	-1.18597930322265	0.385842128536952	2.10025620431589	3.28623550753854	1.82069985535768	0.544058765942628	1.82667338327811	3.06305678829013	2.51899802234751	0.683402181972249	0.600363533889582	-2.95476348853864	0.114111305976243	6.79903295300585	9.75379644154449	0.0559	0.9969	3.27249991765912	0.836154729380367	3.2603436631451	5.75570516696007	4.9195504375797	0	NA	NA	NA	NA	NA	NA	1	-0.706860332744391	0.499651530007511	1	0.701984255063967	0.492781894357713	1	-1.0196884503521	1.03976453578146	1	1.65244793341744	2.73058417265558	1.0008817533911	4210.56651479784	0	1.00247629722486	11380.1471310231	0	0.0614482102592179	-0.18066794475	0.058581648	0.3102708615	0.252954041691542	0.07548972705	0.253479535	0.42757255475
690	7	7	benefit_positive_truncnorm	benefit_positive_truncnorm	continuous	1	increasing	benefit	1	1	NA	1.79913426843337	3.34153692114002	700	252	420	700	700	252	469	0.64	0.33	7.09134282865799	24	24	0	2	1	10	4	1	5000	2500	1	0.95	12	10000	101689	0.6453	0.9999	0.311900649745993	-1.28508536751487	0.310727240864246	1.95489761063523	3.2399829781501	2.44891099987768	1.18720394565396	2.44333439215453	3.70327991592956	2.5160759702756	0.642101924296892	0.478530886488267	-3.29618067139442	0.089585996939908	6.23527430296554	9.53145497435996	0.0542	0.9999	5.13551230097191	2.2512413667468	4.99290281925742	8.60325543647632	6.35201406972952	0	NA	NA	NA	NA	NA	NA	1	-1.48723361868738	2.21186383655396	1	0.649776731444311	0.422209800726452	1	-2.86300603465175	8.19680355445235	1	1.79397537983189	3.21834766344298	1.00125820681535	4377.21518836626	0	1.00129275964124	10706.3014068333	0	0.0468081278689601	-0.1973456685	0.047589926	0.29412383325	0.35035441642772	0.169517115	0.349259285	0.53182236725
689	7	7	benefit_positive_truncnorm	benefit_positive_truncnorm	continuous	1	increasing	benefit	1	1	NA	1.57746506233832	2.70768649987298	700	252	420	700	700	252	509	0.64	0.272857142857143	6.87593562468731	24	24	0	2	1	10	4	1	5000	2500	1	0.95	12	10000	101688	0.9373	0.9972	1.28086085781183	-0.322334154857326	1.27689598934363	2.95678400694186	3.27911816179919	1.67117885378891	0.485347267589502	1.66581749691415	2.85744741770912	2.37210015011962	0.933524418476464	1.85021880090003	-0.148770789534318	0.494149156385509	9.60058018051043	9.74935097004474	0.0929	0.9972	2.80213359273614	0.720779777424101	2.79244668574324	5.02672294877029	4.30594317134618	0	NA	NA	NA	NA	NA	NA	1	-0.296604204526489	0.0879740541427911	1	0.0937137914505961	0.00878227470804582	1	-0.857467698972949	0.735250854781963	1	0.0944470928631587	0.00892025335030212	1.00146520123346	4152.79274496675	0	1.0015795746588	11969.1647767409	0	0.195939290655365	-0.0519475371	0.195635735	0.451740573	0.239370628147015	0.069251275875	0.238063685	0.41179644375
696	7	7	benefit_positive_truncnorm	benefit_positive_truncnorm	continuous	1	increasing	benefit	1	1	NA	2.22427361502417	4.62780221462189	700	252	420	700	700	252	489	0.64	0.301428571428571	6.78779462037068	24	24	0	2	1	10	4	1	5000	2500	1	0.95	12	10000	101695	0.6941	0.9966	0.430497273339883	-1.18720264328615	0.426745748747611	2.0979206275918	3.28512327087794	1.71455552676741	0.467340411705463	1.7148358365414	2.95738685381664	2.49004644211118	0.690127388535032	0.637431814336526	-2.61182607032429	0.12543274391289	6.75978209776382	9.37160816808811	0.058	0.9966	3.77677583071483	1.0558804347894	3.80905876510042	6.38543712950363	5.32955669471424	0	NA	NA	NA	NA	NA	NA	0	-1.79377634168429	3.21763356398626	1	-0.509718088256764	0.25981252949613	1	-3.99037040028536	15.9230559314735	1	-0.851026383907057	0.724245906105922	1.0014132767111	4249.13922291561	0	1.00262966341724	11065.3880346811	0	0.0640744458551868	-0.17726444475	0.0644211235	0.3118918855	0.240920280981583	0.06544297325	0.240735935	0.41728602175
697	7	7	benefit_positive_truncnorm	benefit_positive_truncnorm	continuous	1	increasing	benefit	1	1	NA	1.87958056083905	3.80013777727958	700	252	420	700	700	252	491	0.64	0.298571428571429	6.50010174719983	24	24	0	2	1	10	4	1	5000	2500	1	0.95	12	10000	101696	0.2061	0.991	-0.656871719413758	-2.24783219481841	-0.656728518656071	0.975021099112218	3.22285329393063	1.53311129994346	0.293712980410525	1.53539793396811	2.79323995408873	2.4995269736782	0.207000729242629	-0.879756914053295	-7.13771583471765	-0.211769315099369	1.85061526570924	8.98833110042689	0.0401	0.991	3.293174019204	0.54681010077331	3.15712971300226	6.54388980251723	5.99707970174392	0	NA	NA	NA	NA	NA	NA	0	-2.53645228025281	6.43359016999966	1	-0.34646926089559	0.120040948745536	0	-4.67989469133288	21.9014143219656	1	-0.506963758075579	0.257012252002114	1.00097463970135	4526.72024883018	0	1.00121472969247	9860.9171108254	0	-0.101421663835965	-0.34314449175	-0.10183223	0.14512587125	0.217706084531743	0.0416060536	0.217495285	0.3975662615
698	7	7	benefit_positive_truncnorm	benefit_positive_truncnorm	continuous	1	increasing	benefit	1	1	NA	2.24270161653387	4.14981553768313	700	252	420	700	700	252	480	0.64	0.314285714285714	6.94359334150202	24	24	0	2	1	10	4	1	5000	2500	1	0.95	12	10000	101697	0.996	0.9999	2.10399666385412	0.485866129146721	2.10434480003859	3.76160345379891	3.27573732465219	2.61221698722659	1.38386308247359	2.61338111919489	3.8468839528976	2.46302087042402	0.995511566348256	2.90524959161701	0.102034424526835	1.42898351895418	11.3696536342441	11.2676192097173	0.1311	0.9999	5.19977952919446	2.51727667508034	5.1374958422323	8.25215810973036	5.73488143465002	0	NA	NA	NA	NA	NA	NA	1	-0.138704952679756	0.0192390638978934	1	0.369515370692721	0.136541609178179	1	-1.24456594606613	1.54894439410747	1	1.04996399151133	1.1024243834704	1.00181209912228	4820.77402527957	0	1.00161585562278	11023.2142032603	0	0.320788155490928	0.07565327245	0.320447755	0.57072957525	0.37552720080148	0.19824362425	0.37560279	0.55436898325
692	7	7	benefit_positive_truncnorm	benefit_positive_truncnorm	continuous	1	increasing	benefit	1	1	NA	1.85993823546574	3.55712945322952	700	252	420	700	700	252	466	0.64	0.334285714285714	7.42164588231562	24	24	0	2	1	10	4	1	5000	2500	1	0.95	12	10000	101691	0.5484	0.9433	0.10477425539517	-1.47510232848083	0.102822439060922	1.74221176652867	3.2173140950095	1.00246775066781	-0.258757189634921	0.999696686834674	2.23609436212992	2.49485155176484	0.542709323197128	0.150861937273702	-4.70572844931316	0.02571191915853	5.47592666006858	10.1816551093817	0.0529	0.9433	2.12966750846693	-0.505789452838786	2.03635991446456	5.17045386394667	5.67624331678545	0	NA	NA	NA	NA	NA	NA	0	-1.75516398007057	3.08060059693717	1	-0.857470484797931	0.735255632299598	1	-3.40626751595581	11.6026583902558	1	-1.42746194476259	2.03764760374538	1.00161331942435	4745.09062252898	0	1.00211246171809	12053.2612248173	0	0.0158878018503906	-0.2321482865	0.0160675805	0.2677727325	0.147256021202756	-0.03770038895	0.14649209	0.32978863625
688	7	7	benefit_positive_truncnorm	benefit_positive_truncnorm	continuous	1	increasing	benefit	1	1	NA	2.13798332521718	4.00729542018013	700	252	420	700	700	252	471	0.64	0.327142857142857	6.76158723754025	24	24	0	2	1	10	4	1	5000	2500	1	0.95	12	10000	101687	0.9135	0.9903	1.12828866217328	-0.518160633036519	1.10788113443507	2.84267198948728	3.3608326225238	1.47653332275025	0.213295705907405	1.47149706162909	2.7368784904813	2.52358278457389	0.909991292990858	1.68710006799541	-0.272360108511717	0.431783848024383	9.33864453151149	9.61100464002321	0.0812	0.9903	3.0709491251236	0.393110220233233	2.99894608045067	6.34565405630322	5.95254383606998	0	NA	NA	NA	NA	NA	NA	1	-1.00969466304389	1.01948331257932	1	-0.661450002466928	0.437516105763499	1	-2.32019535218472	5.38330647229959	1	-0.936346295056531	0.876744384266092	1.00124659433321	4110.88219435749	0	1.00137721781346	11352.2775995116	0	0.171403225005914	-0.07942786715	0.16904649	0.42552266625	0.213572000277797	0.030669978425	0.21313721	0.3974733155
687	7	7	benefit_positive_truncnorm	benefit_positive_truncnorm	continuous	1	increasing	benefit	1	1	NA	2.2147378308721	4.46830315677967	700	252	420	700	700	252	474	0.64	0.322857142857143	6.28658663125653	24	24	0	2	1	10	4	1	5000	2500	1	0.95	12	10000	101686	0.984	1	1.82758982166827	0.133520282421226	1.82090813634776	3.52107648306695	3.38755620064573	2.55824362292818	1.27215794670374	2.55682195978055	3.83203351208034	2.55987556537659	0.982787340366463	2.7046695930805	0.026957984463669	1.03896395282589	11.4059112065284	11.3789532220647	0.0995	1	5.83796136034945	2.65237553926934	5.80224386500889	9.11255362260455	6.46017808333521	0	NA	NA	NA	NA	NA	NA	1	-0.387148009203832	0.149883581030491	1	0.343505792056074	0.117996229176071	1	-1.76363356369917	3.11040334700622	1	1.36965820356979	1.87596359460602	1.00141200425451	4584.6150300962	0	1.00111871088806	11798.1747790538	0	0.272105280350231	0.02002210125	0.271901705	0.51796641225	0.35864628488659	0.1771364325	0.35776049	0.54185376575
695	7	7	benefit_positive_truncnorm	benefit_positive_truncnorm	continuous	1	increasing	benefit	1	1	NA	2.44641151491745	5.73431090068736	700	252	420	700	700	252	483	0.64	0.31	6.75379259020095	24	24	0	2	1	10	4	1	5000	2500	1	0.95	12	10000	101694	0.9661	1	1.55428844310984	-0.110164908082312	1.54395392267345	3.2535274876193	3.36369239570162	3.04460588741528	1.80126295212729	3.04023007247184	4.29801395633604	2.49675100420875	0.964108774633932	2.20431593839443	-0.0379711980609152	0.685074114982759	10.217288344816	10.2552595428769	0.0917	1	6.30298907257585	3.41024064036075	6.24230968057547	9.64094932854812	6.23070868818736	1e-04	NA	NA	NA	NA	NA	NA	1	-0.892123071807605	0.795883575251437	1	0.59819437249783	0.357836507288073	1	-3.52999496229293	12.4608644338134	1	0.568678171888489	0.323394863182433	1.00180236729452	4290.84574174956	0	1.00107143203952	11276.0487142068	0	0.230141577512751	-0.016851946225	0.2297029	0.47777533025	0.4267653479119	0.25101642575	0.425294855	0.60740805475
710	7	7	benefit_positive_truncnorm	benefit_positive_truncnorm	continuous	1	increasing	benefit	1	1	NA	1.61656219067865	3.06443731268463	700	252	420	700	700	252	494	0.64	0.294285714285714	7.1787018799493	24	24	0	2	1	10	4	1	5000	2500	1	0.95	12	10000	101709	0.9817	0.9994	1.77729364335182	0.102069938631434	1.77648225093521	3.44965210706403	3.34758216843259	2.03172179473988	0.786968662936547	2.03648091323856	3.28535912945074	2.49839046651419	0.980387811634349	2.82894660982316	0.0255618013540541	1.3654131624244	11.6378852585617	11.6123234572076	0.0975	0.9994	3.73345318832907	1.42611090981111	3.60187789310541	6.59560684228857	5.16949593247746	0	NA	NA	NA	NA	NA	NA	1	0.160731452673172	0.0258345998784283	1	0.415159604061233	0.17235749684428	1	-0.23549070286147	0.0554558711341893	1	0.669015875644439	0.447582241864295	1.00101501519611	4518.80633954358	0	1.00196127348807	10696.6131438433	0	0.264997368069864	0.015405104325	0.2647983	0.512891852	0.28534961383998	0.1102332685	0.28582907	0.46408860575
691	7	7	benefit_positive_truncnorm	benefit_positive_truncnorm	continuous	1	increasing	benefit	1	1	NA	2.01570877916694	4.01515564381858	700	252	420	700	700	252	491	0.64	0.298571428571429	7.3371437560018	24	24	0	2	1	10	4	1	5000	2500	1	0.95	12	10000	101690	0.991	1	1.89083894665274	0.307428894113663	1.87179242587624	3.52639748259634	3.21896858848267	2.47770129301423	1.25597693751595	2.47947276254825	3.69454766218698	2.43857072467103	0.990218380345769	2.7943022785904	0.0661204150777341	1.3559425813495	11.0868710166441	11.0207506015664	0.1208	1	5.08421878388095	2.38251696185793	5.01912677477239	8.06683213209215	5.68431517023422	0	NA	NA	NA	NA	NA	NA	1	-0.124869832514207	0.0155924750721262	1	0.461992513847289	0.213437082850937	1	-1.22085336522819	1.49048293938899	1	1.06906314006236	1.14289599744	1.00134662836137	4395.92548237649	0	1.0011619532262	12377.2296433505	0	0.289091870213897	0.048062248625	0.28799663	0.536843178	0.3587947618574	0.180696875	0.358209685	0.537439647
699	7	7	benefit_positive_truncnorm	benefit_positive_truncnorm	continuous	1	increasing	benefit	1	1	NA	2.18774595476848	4.50284844023211	700	252	420	700	700	252	448	0.64	0.36	7.05694838415546	24	24	0	2	1	10	4	1	5000	2500	1	0.95	12	10000	101698	0.9818	1	1.78027710169343	0.111126564952291	1.78352257431351	3.4864845305639	3.37535796561161	2.94654172371432	1.67102689477666	2.94627213794494	4.19932466582484	2.52829777104819	0.980842082476459	3.2502466571418	0.0277680895980919	1.91462592750662	12.1903985174034	12.1626304278053	0.0761	1	8.19307406794772	4.22306704703941	8.13671951411746	12.4432169097492	8.22014986270984	0.0058	NA	NA	NA	NA	NA	NA	1	-0.407468853075046	0.166030866226293	1	0.75879576894584	0.575771018970108	1	-1.25260178309032	1.56901122700104	1	3.69022562771561	13.617765183449	1.00129872516914	4156.09221244701	0	1.00198596358283	11183.0261504493	0	0.26574504986684	0.016832634175	0.267048405	0.51526306075	0.4282804597758	0.24193705125	0.428048635	0.61545087325
712	7	7	benefit_positive_truncnorm	benefit_positive_truncnorm	continuous	1	increasing	benefit	1	1	NA	2.26835365303946	4.44923166193127	700	252	420	700	700	252	488	0.64	0.302857142857143	6.5402497233519	24	24	0	2	1	10	4	1	5000	2500	1	0.95	12	10000	101711	0.9901	0.9998	1.99044867572139	0.336946127168241	1.97869096591478	3.69299032615484	3.3560441989866	2.32827975544945	1.1022989387148	2.32843097755485	3.5677993061882	2.46550036747341	0.989258140315542	2.95164677502378	0.0751619174775069	1.4890432604244	11.4935762900609	11.4184143725833	0.1063	0.9998	6.25170285497549	2.92225224676767	6.38123243924918	9.19762385285252	6.27537160608485	0	NA	NA	NA	NA	NA	NA	1	-0.277904977318071	0.0772311764181575	1	0.059926102409988	0.00359113775005237	1	-1.49758488690749	2.24276049349373	1	1.80247119304422	3.24890240175426	1.00075881144107	4795.28328497162	0	1.00116567824589	11757.0196148108	0	0.295187948524845	0.049741020625	0.29243957	0.54479446725	0.3276902918874	0.1543498825	0.32694803	0.50626882275
711	7	7	benefit_positive_truncnorm	benefit_positive_truncnorm	continuous	1	increasing	benefit	1	1	NA	2.13495812644478	4.5411945070039	700	252	420	700	700	252	502	0.64	0.282857142857143	6.45995617206519	24	24	0	2	1	10	4	1	5000	2500	1	0.95	12	10000	101710	0.8784	1	0.980582988792648	-0.634468342841968	0.975893883524479	2.60511563730839	3.23958398015035	2.67453374830768	1.41427122878106	2.68402516463635	3.86835047676939	2.45407924798833	0.874507716870676	1.52142530883314	-0.438232215092691	0.378239924512011	9.27479758172266	9.71302979681535	0.0605	1	4.61332629187053	2.17150707932452	4.49408194399794	7.52678064273063	5.35527356340611	0	NA	NA	NA	NA	NA	NA	1	-1.15437513765213	1.33258195842939	1	0.539575621862893	0.291141851708728	1	-3.01976919817076	9.1190060102209	1	0.0721317848666283	0.00520299438804555	1.00151895866273	4466.45571894584	0	1.0012955697272	11576.6233600183	0	0.14754397576458	-0.09669182865	0.147465935	0.38603883025	0.38050979094012	0.1993413605	0.38152226	0.55407155925
702	7	7	benefit_positive_truncnorm	benefit_positive_truncnorm	continuous	1	increasing	benefit	1	1	NA	2.31780863956495	4.59820403096434	700	252	420	700	700	252	499	0.64	0.287142857142857	7.49169487258545	24	24	0	2	1	10	4	1	5000	2500	1	0.95	12	10000	101701	0.9674	0.9967	1.51608377841306	-0.0794153255702346	1.51031837454353	3.16643252460021	3.24584785017045	1.62190467600454	0.432372712973144	1.62628625287324	2.78580380824532	2.35343109527218	0.965321141837645	2.20371434794065	-0.0295277567411421	0.675981243496	9.95028053525363	9.97980829199478	0.1032	0.9967	2.40601337770629	0.567949347105238	2.35693020055748	4.45671747066149	3.88876812355626	0	NA	NA	NA	NA	NA	NA	1	-0.801724861151886	0.642762752989011	1	-0.69590396356041	0.484282326499089	1	-2.39448968302369	5.7335808421069	0	-2.19219065325805	4.80569986023196	1.00180960805002	4094.1146669092	0	1.00165751750927	10744.5509628324	0	0.234667700338355	-0.012434431675	0.235117145	0.4818706055	0.23826516675901	0.06419881535	0.2389983	0.4109678925
720	7	7	benefit_positive_truncnorm	benefit_positive_truncnorm	continuous	1	increasing	benefit	1	1	NA	2.06420923029842	3.7451574937068	700	252	420	700	700	252	482	0.64	0.311428571428571	6.74274922066108	24	24	0	2	1	10	4	1	5000	2500	1	0.95	12	10000	101719	0.945	1	1.31704360870293	-0.275306706200365	1.31222430189813	2.9395171070757	3.21482381327606	2.87952194470722	1.63347779325191	2.89028650570189	4.13953602529114	2.50605823203923	0.942095487818202	1.90037534697824	-0.116901344656943	0.523304387195036	9.60819400881936	9.7250953534763	0.0847	1	5.12244773041069	2.44631696909321	4.92304390822458	8.62212634164394	6.17580937255074	0	NA	NA	NA	NA	NA	NA	1	-0.747165621595492	0.558256466094178	1	0.815312714408797	0.664734822276641	1	-1.84478214672855	3.40322116888841	1	1.37729023670389	1.89692839611986	1.00182591211357	4474.09444279818	0	1.00116399610782	11262.2176595909	0	0.197798755963946	-0.0421220624	0.197337045	0.43797754925	0.4077839444571	0.2292182345	0.409418705	0.590955332
694	7	7	benefit_positive_truncnorm	benefit_positive_truncnorm	continuous	1	increasing	benefit	1	1	NA	1.72798659205427	3.15797421955669	700	252	420	700	700	252	491	0.64	0.298571428571429	6.69306521120529	24	24	0	2	1	10	4	1	5000	2500	1	0.95	12	10000	101693	0.4595	0.8661	-0.0866919450403145	-1.68981253908164	-0.0900448350415397	1.55318988163846	3.2430024207201	0.695295870627316	-0.534906117613585	0.697930744532997	1.92004068461865	2.45494680223223	0.456860269360269	-0.106268224950996	-5.3766458250681	-0.027248561132609	4.80543440663146	10.1820802316996	0.0496	0.8661	1.37666637839091	-1.03084159591939	1.32868977653085	4.01740908959787	5.04825068551726	0	NA	NA	NA	NA	NA	NA	0	-1.81467853709458	3.29305819299173	1	-1.03269072142695	1.06645012612132	1	-3.26424244450769	10.6552787365255	1	-1.78130784116578	3.1730576249987	1.00180034462866	3817.39718160384	0	1.00153830496723	10933.54603841	0	-0.0140192486431872	-0.25822374875	-0.013989444	0.236165191	0.0991038624001313	-0.07535052405	0.0991146205	0.27566281325
701	7	7	benefit_positive_truncnorm	benefit_positive_truncnorm	continuous	1	increasing	benefit	1	1	NA	2.37974909967302	5.15512436327561	700	252	420	700	700	252	479	0.64	0.315714285714286	7.01479725015473	24	24	0	2	1	10	4	1	5000	2500	1	0.95	12	10000	101700	0.9195	0.9954	1.16830511997028	-0.489125784577313	1.15724775015356	2.84091152515438	3.33003730973169	1.66247106565919	0.406551266164379	1.66293475881216	2.90997570919168	2.5034244430273	0.917638329446682	2.06329727382736	-0.271953004102151	0.595194044777677	10.4798730940167	10.7518260981188	0.0566	0.9954	3.84970923986817	0.882823610124242	3.83483087763839	6.79445725073604	5.9116336406118	0	NA	NA	NA	NA	NA	NA	1	-1.21144397970274	1.46759651595801	1	-0.717278034013827	0.514487778078741	1	-3.09182708944825	9.55939475104606	1	-1.30541512340744	1.70410864442087	1.00152861454031	4643.21862244016	0	1.00164908679816	12100.6624820261	0	0.177065951723139	-0.07425116705	0.176295035	0.426489846	0.239647096951581	0.05815447425	0.239431365	0.42207811075
717	7	7	benefit_positive_truncnorm	benefit_positive_truncnorm	continuous	1	increasing	benefit	1	1	NA	1.54875463869606	2.7925518721191	700	252	420	700	700	252	511	0.64	0.27	6.58884582723713	24	24	0	2	1	10	4	1	5000	2500	1	0.95	12	10000	101716	0.314	0.5894	-0.390080803212139	-2.0395276197321	-0.388429269910723	1.24211301034706	3.28164063007916	0.147994652630854	-1.0756283239814	0.144124899698695	1.37597201674082	2.45160034072221	0.312597524185998	-0.557439481636746	-6.41577402315299	-0.11566233317234	3.07095617173024	9.48673019488323	0.0387	0.5894	0.269029592288375	-1.97219092320686	0.245246875160682	2.55146070043232	4.52365162363918	0	NA	NA	NA	NA	NA	NA	0	-1.9388354419082	3.75908287079935	0	-1.4007599860652	1.96212853856139	1	-3.34999135375585	11.2224420702389	0	-2.52352227983073	6.36816469680206	1.00143182237183	4396.69209112569	0	1.00177938597234	10785.2926904875	0	-0.0601186588446769	-0.30783331225	-0.06015533	0.1872573225	0.0211228652018645	-0.152261707	0.020608724	0.19623231325
718	7	7	benefit_positive_truncnorm	benefit_positive_truncnorm	continuous	1	increasing	benefit	1	1	NA	2.04501399324486	3.83467054512806	700	252	420	700	700	252	502	0.64	0.282857142857143	7.49894056738976	24	24	0	2	1	10	4	1	5000	2500	1	0.95	12	10000	101717	0.9356	0.9947	1.25396065434905	-0.363392146972353	1.24669861065765	2.94515896254834	3.30855110952069	1.6110259469858	0.400758279671485	1.61052525905333	2.79806689239298	2.3973086127215	0.931038299756476	1.76531690713672	-0.156837122114179	0.494081530725143	9.21405189444327	9.37088901655745	0.0966	0.9947	2.65423738976232	0.569193593309577	2.613405400381	4.93191243484509	4.36271884153552	0	NA	NA	NA	NA	NA	NA	1	-0.791053338895814	0.625765384978215	1	-0.433988046259064	0.188345624295759	1	-2.06935363799134	4.28222447906801	1	-1.18043315536574	1.39342243428672	1.00135907048676	4472.14849582553	0	1.00209059383952	11364.5721527043	0	0.191296924560925	-0.056885946225	0.19076477	0.44274157675	0.233315364760269	0.05776025735	0.23262205	0.408975819
700	7	7	benefit_positive_truncnorm	benefit_positive_truncnorm	continuous	1	increasing	benefit	1	1	NA	1.86380430035109	3.66154918107872	700	252	420	700	700	252	470	0.64	0.328571428571429	7.59861212967743	24	24	0	2	1	10	4	1	5000	2500	1	0.95	12	10000	101699	0.8616	0.9988	0.881852955368368	-0.717165130477847	0.871578251102219	2.49010388717178	3.20726901764963	1.96550197239489	0.709860224931476	1.96456123194059	3.22061462458702	2.51075439965554	0.855257417102967	1.26365134903869	-0.575737460815962	0.303868269463313	8.31492613549663	8.89066359631259	0.0832	0.9988	4.02306831445836	1.17360692362769	3.89350933342915	7.61903875954026	6.44543183591257	0	NA	NA	NA	NA	NA	NA	1	-0.981951344982718	0.964228443913369	1	0.1016976720438	0.0103424164991284	1	-2.39789783204003	5.74991401290228	1	0.36151913337964	0.130696083799566	1.00166471245499	4480.5543353789	0	1.00164309373065	10983.9042121451	0	0.135937376883392	-0.11035902475	0.135275165	0.37955201725	0.282978770088805	0.10187835775	0.2826428	0.466154476
713	7	7	benefit_positive_truncnorm	benefit_positive_truncnorm	continuous	1	increasing	benefit	1	1	NA	2.11157768157097	4.31324911491383	700	252	420	700	700	252	473	0.64	0.324285714285714	7.19484846770611	24	24	0	2	1	10	4	1	5000	2500	1	0.95	12	10000	101712	0.9998	1	3.06475666449244	1.37683312778155	3.06591912644897	4.74038724259783	3.36355411481628	3.38627674069798	2.12428237193126	3.39284022259361	4.61771358453892	2.49343121260767	0.999755381604697	4.96784148591108	0.254116963874263	4.21504958141274	13.7580904381263	13.5039734742521	0.1824	1	7.53619092305868	4.26380107071404	7.44158865020265	11.638330681016	7.37452961030199	0	NA	NA	NA	NA	NA	NA	1	0.953178982921462	0.908550173483193	0	1.27469905912701	1.62485769133928	1	0.654592370997242	0.428491172167791	1	3.22294180814485	10.387353898688	1.00166088926148	4350.16329789063	0	1.00142488110708	10127.0144793058	0	0.46224071271825	0.21033505925	0.461905755	0.71050387975	0.49076205596	0.305827336	0.491040225	0.673640326
716	7	7	benefit_positive_truncnorm	benefit_positive_truncnorm	continuous	1	increasing	benefit	1	1	NA	2.60587556827647	5.75603504093869	700	252	420	700	700	252	465	0.64	0.335714285714286	7.49897390436055	24	24	0	2	1	10	4	1	5000	2500	1	0.95	12	10000	101715	0.9996	1	2.84893727826539	1.1688500722313	2.83745256340776	4.54420252189355	3.37535244966224	3.42149090271602	2.16696216184523	3.43059993503307	4.68118174749578	2.51421958565055	0.99950732848873	4.09067598721799	0.207619272630531	3.14003886263266	12.6256296089621	12.4180103363316	0.1881	1	7.72293452617428	4.22645519221981	7.60268295818354	11.6751317060437	7.4486765138239	0.004	NA	NA	NA	NA	NA	NA	1	0.243061709988917	0.0590789948627364	1	0.815615334439549	0.665228373772937	1	-1.6653590537207	2.77342077780952	1	1.96689948523558	3.86869358501999	1.00167078905197	4418.82087191702	0	1.00152730043144	12429.6525479436	0	0.435775897340767	0.18310623575	0.43448091	0.689701198	0.495473780504	0.31046850025	0.49595783	0.6840847565
703	7	7	benefit_positive_truncnorm	benefit_positive_truncnorm	continuous	1	increasing	benefit	1	1	NA	2.3244839312175	5.14746806729207	700	252	420	700	700	252	473	0.64	0.324285714285714	8.18182392625095	24	24	0	2	1	10	4	1	5000	2500	1	0.95	12	10000	101702	0.8675	0.9985	0.919850922913489	-0.654554615120186	0.912453058263021	2.53184383513065	3.18639845025083	1.83517679770179	0.638884189193968	1.82927009830776	3.01179338185885	2.37290919266488	0.862605456338337	1.36334326343707	-0.490785508920262	0.341804969899732	8.40992670694192	8.90071221586219	0.0873	0.9985	4.19910151404065	1.42674302333019	4.21572910672376	6.95417426690048	5.52743124357029	0	NA	NA	NA	NA	NA	NA	1	-1.40463300830401	1.97299388801717	1	-0.489307133515709	0.23942147090936	1	-3.784124803855	14.3196005311506	1	-0.948366553251427	0.899399119325992	1.00132794908308	4104.10765224154	0	1.00191045694793	11556.6624280895	0	0.143618593515186	-0.1046282945	0.14242843	0.392862839	0.275073630908878	0.09556788685	0.274334785	0.45341093275
715	7	7	benefit_positive_truncnorm	benefit_positive_truncnorm	continuous	1	increasing	benefit	1	1	NA	2.15399024206465	3.7807303511254	700	252	420	700	700	252	470	0.64	0.328571428571429	6.82690330871642	24	24	0	2	1	10	4	1	5000	2500	1	0.95	12	10000	101714	1	1	3.24448164443102	1.57037173911223	3.24300825059358	4.90806762952688	3.33769589041465	3.83815175041278	2.59171426978677	3.83988236456728	5.08275347841425	2.49103920862748	1	4.66193520852238	0.259301129628419	3.87404651609005	13.6064448040099	13.3471436743815	0.2109	1	8.76191601565056	5.14442801577572	8.6562265561561	13.0101090818517	7.86568106607602	0.0063	NA	NA	NA	NA	NA	NA	1	1.09049140236637	1.18917149863497	0	1.68416150834813	2.83639998620145	1	0.881204857396981	0.776522000700034	0	4.98118566452516	24.812210624471	1.0018048856117	4390.11031313837	0	1.00121337291246	12418.3543744198	0	0.5043217323069	0.249415066	0.50365118	0.76503342125	0.553848882377	0.37049194	0.553370745	0.73903500225
722	7	7	benefit_positive_truncnorm	benefit_positive_truncnorm	continuous	1	increasing	benefit	1	1	NA	1.97750532773286	3.60009922382903	700	252	420	700	700	252	495	0.64	0.292857142857143	6.59965623573415	24	24	0	2	1	10	4	1	5000	2500	1	0.95	12	10000	101721	0.9768	0.9998	1.69723419813344	0.0327486511449623	1.69782138369314	3.39249579414441	3.35974714299945	2.18400557546844	0.932751528293551	2.18409350487068	3.43797927177752	2.50522774348397	0.975644699140401	2.56527636957689	0.00270474274902981	0.893564423707003	10.9917611696965	10.9890564269475	0.0926	0.9998	5.05537655031034	2.05762209195977	5.01554197999034	8.08914874494055	6.03152665298078	0	NA	NA	NA	NA	NA	NA	1	-0.280271129599414	0.0785519060869318	1	0.206500247735587	0.0426423523148587	1	-1.03482285425213	1.07085833968253	1	1.45527732648132	2.11783209697061	1.00152861631381	4077.63432620944	0	1.00179213892286	11043.461349979	0	0.253092999474986	0.00499510204	0.253632695	0.498587907	0.30699019297257	0.1305758015	0.30680014	0.48511478625
723	7	7	benefit_positive_truncnorm	benefit_positive_truncnorm	continuous	1	increasing	benefit	1	1	NA	1.52152419706721	2.78810548512668	700	252	420	700	700	252	500	0.64	0.285714285714286	6.64612155856112	24	24	0	2	1	10	4	1	5000	2500	1	0.95	12	10000	101722	0.4644	0.9134	-0.0582874523190164	-1.65820074412132	-0.0754226389919221	1.58120015081125	3.23940089493257	0.867658182070241	-0.370205948244773	0.865185563814646	2.10499785012762	2.4752037983724	0.460434690863051	-0.0287869915044402	-5.00422381276526	-0.0214761771062877	5.07839261781384	10.0826164305791	0.0522	0.9134	1.64982707213148	-0.696401991449558	1.62922188327742	4.0987520026764	4.79515399412596	0	NA	NA	NA	NA	NA	NA	1	-1.57981164938622	2.49580484753642	1	-0.653866014996967	0.427540765568014	1	-2.81689247663112	7.93488322490101	1	-1.1382784129952	1.29567774549087	1.00157208112137	4156.41554791372	0	1.00091273608301	10843.2456102412	0	-0.00958645033296673	-0.2547650015	-0.011329882	0.23787009875	0.12201407067643	-0.051921229475	0.121597505	0.29639846075
714	7	7	benefit_positive_truncnorm	benefit_positive_truncnorm	continuous	1	increasing	benefit	1	1	NA	2.23982981171438	4.38712777999256	700	252	420	700	700	252	474	0.64	0.322857142857143	7.39598238333646	24	24	0	2	1	10	4	1	5000	2500	1	0.95	12	10000	101713	0.9737	1	1.61307272988046	-0.017397894355962	1.61956536921039	3.25161828908555	3.26901618344151	2.63529150057052	1.36902780581764	2.64731872132389	3.87040238273201	2.50137457691437	0.971608124789586	2.43040938440284	-0.0124691574490967	0.879063167926647	10.45861818725	10.471087344699	0.1089	1	5.41937868279826	2.16539367628785	5.31187862973438	9.41163060663742	7.24623693034957	0	NA	NA	NA	NA	NA	NA	1	-0.626757081833916	0.392824439628966	1	0.395461688856141	0.156389947352951	1	-1.95671839558972	3.82874687963921	1	1.03225090280571	1.0655419263432	1.00138454006429	4442.57091459423	0	1.00193849135912	11630.227951549	0	0.247912742452681	-0.002544290435	0.24824574	0.49823430625	0.3816152206277	0.197600948	0.38248655	0.5640011715
737	7	7	benefit_positive_truncnorm	benefit_positive_truncnorm	continuous	1	increasing	benefit	1	1	NA	2.07751247088517	4.24592302790983	700	252	420	700	700	252	484	0.64	0.308571428571429	6.88755770286717	24	24	0	2	1	10	4	1	5000	2500	1	0.95	12	10000	101736	0.1271	0.832	-0.909115070157418	-2.51296589204741	-0.902274300277345	0.706356938483096	3.2193228305305	0.609435937082915	-0.641266643457038	0.606798508418232	1.850256596485	2.49152323994204	0.126580944350759	-1.16106852852325	-7.88595981076072	-0.280145523329447	0.556692085147392	8.44265189590812	0.0512	0.832	1.33577565604817	-1.51042424799291	1.33815128262786	3.96962374462014	5.48004799261305	0	NA	NA	NA	NA	NA	NA	0	-2.98662754104258	8.91994406891407	0	-1.46807653380225	2.15524870910083	0	-5.40699155643309	29.2355576913387	0	-2.91014737186166	8.46895772595335	1.0022014712085	4343.05464598857	0	1.00152273929349	10978.8421224949	0	-0.140488077189244	-0.38435821725	-0.13980788	0.10758232475	0.0869250242970341	-0.09085520725	0.0863095345	0.26477105075
719	7	7	benefit_positive_truncnorm	benefit_positive_truncnorm	continuous	1	increasing	benefit	1	1	NA	1.76698051833743	3.42916521138731	700	252	420	700	700	252	499	0.64	0.287142857142857	6.02063807579148	24	24	0	2	1	10	4	1	5000	2500	1	0.95	12	10000	101718	0.6402	0.9985	0.297058657237362	-1.34302813194192	0.299826582266447	1.94196660061536	3.28499473255728	1.93295427512832	0.671634613177843	1.93295156004453	3.21393787410594	2.5423032609281	0.639035801464605	0.544183024551262	-4.40486644791837	0.100782474226887	7.31917386469585	11.7240403126142	0.0168	0.9985	3.79773948501425	1.12726166906068	3.69736807034703	7.21500271007369	6.08774104101301	0	NA	NA	NA	NA	NA	NA	1	-1.46992186110007	2.16067027773989	1	0.165973756790894	0.0275472879432829	1	-2.88498218683605	8.32312221836132	1	0.368574273626939	0.135846995179626	1.00287803618811	4720.43078368217	0	1.00085521686944	11741.0603288022	0	0.043141231459322	-0.20132761375	0.0452369175	0.2834831355	0.26682701079593	0.09177141695	0.266684635	0.44667864325
729	7	7	benefit_positive_truncnorm	benefit_positive_truncnorm	continuous	1	increasing	benefit	1	1	NA	1.75842631208375	2.93092066443131	700	252	420	700	700	252	460	0.64	0.342857142857143	7.30254730847692	24	24	0	2	1	10	4	1	5000	2500	1	0.95	12	10000	101728	0.9661	1	1.56607181043653	-0.106599372283287	1.56513280826116	3.23576012392258	3.34235949620587	3.23445805727205	1.9403277595007	3.24048293200949	4.47912265817125	2.53879489867055	0.964123070087749	2.34510126741208	-0.0383687257633409	0.772079586202906	10.3380416907485	10.3764104165118	0.0997	1	8.05427291217851	4.33314110924552	7.89376792074605	12.5517874296746	8.21864632042908	0.0024	NA	NA	NA	NA	NA	NA	1	-0.192354501647213	0.0370002543039476	0	1.47603174518831	2.17866971280363	1	-0.585819397019234	0.343184365923979	0	5.1233522477472	26.2487382544963	1.00177438744272	4129.04117930836	0	1.00151203734139	9749.42367164866	0	0.236250637432122	-0.01737614215	0.236008735	0.48560909125	0.465959645311	0.2782325275	0.466836905	0.649829693
730	7	7	benefit_positive_truncnorm	benefit_positive_truncnorm	continuous	1	increasing	benefit	1	1	NA	1.70658566914488	3.22683341399207	700	252	420	700	700	252	486	0.64	0.305714285714286	7.21585509084964	24	24	0	2	1	10	4	1	5000	2500	1	0.95	12	10000	101729	0.9775	0.9982	1.62904938967439	0.0286515256821884	1.62528768735864	3.2741885772189	3.24553705153671	1.8377649070335	0.564146361590227	1.84357411943968	3.05798630467771	2.49383994308748	0.975828805854308	2.55448784320289	0.00171823346032386	0.974132204371786	10.9009315269849	10.8992132935246	0.0981	0.9982	3.88399004381822	1.07117368151955	3.88419334420667	6.69692000154195	5.6257463200224	0	NA	NA	NA	NA	NA	NA	1	-0.0775362794704919	0.00601187463412623	1	0.13117923788862	0.0172079924530392	1	-0.672345570789173	0.452048566559819	1	0.657156629826155	0.43185483612447	1.00103814763015	4591.56130999044	0	1.00118692930208	11202.4666017295	0	0.248657489692583	0.00445073306000001	0.248628685	0.4958063635	0.261544486165987	0.079813357525	0.261731565	0.4369344615
734	7	7	benefit_positive_truncnorm	benefit_positive_truncnorm	continuous	1	increasing	benefit	1	1	NA	1.39739407805056	1.8772619561804	700	252	420	700	700	252	483	0.64	0.31	6.47108968166623	24	24	0	2	1	10	4	1	5000	2500	1	0.95	12	10000	101733	0.7577	0.9862	0.580027287741618	-1.05808348582729	0.571489731699972	2.26613320695291	3.3242166927802	1.44256726134889	0.153959485895787	1.44378630747843	2.69479003882719	2.5408305529314	0.752975876961972	0.890634862542206	-2.40253725462155	0.188055465007547	7.7607111138723	10.1632483684939	0.0507	0.9862	2.93560667918926	0.270633009362633	2.92713784537434	5.65420345153354	5.3835704421709	0	NA	NA	NA	NA	NA	NA	1	-0.817366790308942	0.668088469899942	1	0.0451731832983313	0.00204061648930464	1	-0.98662709363819	0.973433021900941	1	1.05834472300886	1.12009355272071	1.00153340145575	4232.48033485952	0	1.00136054736395	10093.7171186674	0	0.0858580364513998	-0.1589234295	0.0857632245	0.33452016625	0.198980731147492	0.02136722095	0.198754865	0.37304708475
728	7	7	benefit_positive_truncnorm	benefit_positive_truncnorm	continuous	1	increasing	benefit	1	1	NA	2.33945841128105	4.34612319412431	700	252	420	700	700	252	472	0.64	0.325714285714286	7.01757518828644	24	24	0	2	1	10	4	1	5000	2500	1	0.95	12	10000	101727	0.966	0.9999	1.54046452861348	-0.11003195901308	1.52891148219653	3.24899434280535	3.35902630181843	2.26454823624764	1.00930242495339	2.26999360462678	3.50877720524374	2.49947478029035	0.964451147258429	2.59158708520597	-0.0451801427207964	1.02073306811587	11.2045066092854	11.2496867520062	0.0717	0.9999	4.66521008207539	1.89692846817995	4.53233074107293	8.25918675510301	6.36225828692307	0	NA	NA	NA	NA	NA	NA	1	-0.798993882667579	0.638391224540212	1	-0.0749101750334105	0.00561153432353619	1	-1.75453610891834	3.07839695749831	1	0.319086887951079	0.101816442062305	1.00125866435698	4305.37432259106	0	1.00147985306108	10593.8919598067	0	0.231106203147271	-0.016581351225	0.22963153	0.48358536475	0.32348349882539	0.14435567375	0.32424735	0.50469996325
724	7	7	benefit_positive_truncnorm	benefit_positive_truncnorm	continuous	1	increasing	benefit	1	1	NA	2.01381799162988	4.1805439399987	700	252	420	700	700	252	483	0.64	0.31	6.77416018330298	24	24	0	2	1	10	4	1	5000	2500	1	0.95	12	10000	101723	0.5356	0.9937	0.0611831862398342	-1.60171332312386	0.0755992389937479	1.69515131373247	3.29686463685632	1.56720679154426	0.31059088180169	1.56033452785634	2.83255232262789	2.5219614408262	0.533375647942452	0.117475473240894	-4.42981890163234	0.0194633762785319	5.304788855728	9.73460775736034	0.0547	0.9937	3.67641555555463	0.621863301115436	3.6324199079219	7.10906358281718	6.48720028170174	0	NA	NA	NA	NA	NA	NA	0	-1.95263480539005	3.81278268322062	1	-0.446611200085622	0.19946156404192	1	-4.06306846675781	16.5085253655617	1	-0.504128384444074	0.254145428002192	1.00209061296504	4190.01180308804	0	1.00141622228207	11243.9958861462	0	0.00845462891662433	-0.24385821375	0.0115020535	0.25566458625	0.220378730817662	0.043836872075	0.21933049	0.398993147
738	7	7	benefit_positive_truncnorm	benefit_positive_truncnorm	continuous	1	increasing	benefit	1	1	NA	1.2278040644565	2.00561230579831	700	252	420	700	700	252	498	0.64	0.288571428571429	6.52766185293663	24	24	0	2	1	10	4	1	5000	2500	1	0.95	12	10000	101737	0.1739	0.7346	-0.758052080434155	-2.39503745357553	-0.752717639059754	0.865288276944108	3.26032573051964	0.409846837890806	-0.864523598792164	0.409731872876059	1.69218164727892	2.55670524607108	0.174395477860358	-1.01607220147493	-7.6727849508688	-0.237052315794015	1.25436357263847	8.92714852350727	0.0447	0.7346	0.874564407229524	-1.87538433017472	0.843177464417073	3.67177126365559	5.54715559383031	0	NA	NA	NA	NA	NA	NA	0	-1.98585614489065	3.94362462819996	1	-0.817957226565692	0.669054024491038	0	-3.02168450727324	9.1305772614951	1	-1.13104789856878	1.27926934885686	1.00200372406083	4640.53921168915	0	1.00207114601639	11927.0852755469	0	-0.115108319951433	-0.35842475225	-0.11499273	0.127733434	0.0567907048572296	-0.11948381975	0.056679984	0.2346648615
742	7	7	benefit_positive_truncnorm	benefit_positive_truncnorm	continuous	1	increasing	benefit	1	1	NA	1.94471131984831	3.49591749335781	700	252	420	700	700	252	463	0.64	0.338571428571429	7.56942267021556	24	24	0	2	1	10	4	1	5000	2500	1	0.95	12	10000	101741	0.8303	0.9916	0.780109700669	-0.826091194320838	0.787083230741311	2.37736960234169	3.20346079666252	1.53464781579984	0.280081124314605	1.53995807460786	2.76273600061753	2.48265487630292	0.825032622879513	1.1288676595578	-1.24709758983783	0.269015206380713	8.11029694081627	9.3573945306541	0.0804	0.9916	3.15021571826211	0.514765733127887	3.00157330787537	6.61414555027836	6.09937981715047	0	NA	NA	NA	NA	NA	NA	1	-1.16460161917931	1.35629693139507	1	-0.410063504048463	0.168152077352504	1	-2.36704983380001	5.60292491569268	1	-0.345701775095701	0.119509717304318	1.00228870431105	4138.66951224368	0	1.00123344316927	9760.7295817576	0	0.120333941894993	-0.130993732	0.12144625	0.364168108	0.223622197300041	0.0406350499	0.224338745	0.40391827625
740	7	7	benefit_positive_truncnorm	benefit_positive_truncnorm	continuous	1	increasing	benefit	1	1	NA	2.18803194347261	4.54805413674157	700	252	420	700	700	252	469	0.64	0.33	7.29115588199564	24	24	0	2	1	10	4	1	5000	2500	1	0.95	12	10000	101739	0.9009	0.9879	1.06673242192172	-0.570622502461425	1.06897911490263	2.68440434390613	3.25502684636756	1.48749083564542	0.187823927849511	1.49270776285242	2.75753467846263	2.56971075061311	0.89599476154098	1.5409741909964	-0.363418073828508	0.386633335669018	8.93381266566083	9.29723073948934	0.0837	0.9879	3.91966523568308	0.437848764470857	4.01859830571638	7.02163469801325	6.5837859335424	0	NA	NA	NA	NA	NA	NA	1	-1.12129952155089	1.25731261703026	1	-0.700541107827196	0.490757843755755	1	-3.00707994574517	9.04252980010276	1	-0.62838890105849	0.394872610973496	1.00117992752247	4453.21543516311	0	1.00176265154606	10704.1292099964	0	0.161640707567168	-0.087430663425	0.162667445	0.40128392675	0.21197731988681	0.0266445133	0.21248016	0.39362281625
741	7	7	benefit_positive_truncnorm	benefit_positive_truncnorm	continuous	1	increasing	benefit	1	1	NA	1.86928131722206	3.66350884413275	700	252	420	700	700	252	493	0.64	0.295714285714286	6.42965465914098	24	24	0	2	1	10	4	1	5000	2500	1	0.95	12	10000	101740	0.8472	0.9997	0.872125328504676	-0.793739685007716	0.871228348682822	2.54206640050241	3.33580608551013	2.19170061127727	0.927545304791174	2.18914990946767	3.46759886281485	2.54005355802367	0.842397692061118	1.24560466311296	-0.871934190373481	0.299531398277558	8.65773937454369	9.52967356491717	0.0641	0.9997	4.87517302262953	1.91586585790667	4.9097680750754	7.79605070949536	5.88018485158869	0	NA	NA	NA	NA	NA	NA	1	-0.997155988717384	0.994320065834943	1	0.322419294055207	0.103954201179058	1	-2.41790418101979	5.84626062859296	1	1.21166417849678	1.46813008145229	1.00175833618223	4769.94274528463	0	1.00185583564173	11487.2701839653	0	0.130453441205066	-0.12200285575	0.130803755	0.37876932275	0.30628875398169	0.1291893615	0.306028885	0.48711456225
725	7	7	benefit_positive_truncnorm	benefit_positive_truncnorm	continuous	1	increasing	benefit	1	1	NA	1.9844859886028	3.50085793165512	700	252	420	700	700	252	473	0.64	0.324285714285714	7.30596204283467	24	24	0	2	1	10	4	1	5000	2500	1	0.95	12	10000	101724	0.9894	1	1.92641287220904	0.282383276390694	1.92439230386062	3.59418587938948	3.31180260299879	2.79550906091174	1.5319174305122	2.80017898185128	4.00680592200248	2.47488849149029	0.988461099051754	2.90541709601887	0.0639720874018057	1.56580182569888	11.1327878533181	11.0688157659162	0.1247	1	5.53900984057799	2.65802331824117	5.27470310285951	9.17016761636906	6.51214429812789	1e-04	NA	NA	NA	NA	NA	NA	1	-0.0580731163937587	0.00337248684768304	1	0.811023072308944	0.657758423817438	1	-0.595440835636245	0.35454978874319	1	2.03815190892287	4.15406320384595	1.00160940506351	4407.80265453615	0	1.0021121487343	11993.6543706814	0	0.292994439954295	0.0445817544	0.29191198	0.54262298825	0.4021827712334	0.21944820675	0.40221183	0.5800718585
765	7	7	benefit_positive_truncnorm	benefit_positive_truncnorm	continuous	1	increasing	benefit	1	1	NA	1.88269893701065	3.41676974443375	700	252	420	700	700	252	467	0.64	0.332857142857143	6.84735204807908	24	24	0	2	1	10	4	1	5000	2500	1	0.95	12	10000	101764	0.9525	1	1.42642572454266	-0.221162914805063	1.41105875843594	3.11939915292439	3.34056206772946	2.34469752039441	1.05440511152506	2.34112311810581	3.61485618496278	2.56045107343772	0.949193996664814	2.00528604187428	-0.0897064309022786	0.549037401500048	9.71858445413361	9.80829088503588	0.1005	1	5.68226573770753	2.12684749362706	5.69571041076212	9.48585970710108	7.35901221347402	1e-04	NA	NA	NA	NA	NA	NA	1	-0.456273212467988	0.208185244415858	1	0.461998583383764	0.213442691048605	1	-1.41148370255947	1.99228624259099	1	2.26549599327378	5.13247209553955	1.00067674837427	4107.85298575464	0	1.00168765956772	12305.8966653784	0	0.21430025406478	-0.035365063375	0.21303514	0.464630079	0.33141011360209	0.1484326945	0.33073353	0.51372081775
726	7	7	benefit_positive_truncnorm	benefit_positive_truncnorm	continuous	1	increasing	benefit	1	1	NA	1.50549704370788	2.7133468465283	700	252	420	700	700	252	482	0.64	0.311428571428571	6.73433292349974	24	24	0	2	1	10	4	1	5000	2500	1	0.95	12	10000	101725	0.8022	0.9931	0.719633548273228	-0.912963777730527	0.713781768606775	2.40143189981806	3.31439567754859	1.54957960129174	0.306776897861332	1.54333546465833	2.80752082888756	2.50074393102623	0.798224029100246	1.03470879685029	-1.53149673477694	0.232115485986107	7.9552422722803	9.48673900705724	0.0653	0.9931	3.43620310345826	0.545846253127933	3.38063757392013	6.83848513923478	6.29263888610685	0	NA	NA	NA	NA	NA	NA	1	-0.785863495434655	0.617581433456774	1	0.0440825575838542	0.00194327188313382	1	-1.67863804967801	2.81782570182679	1	0.722856256929963	0.522521168182797	1.0013665815834	4231.83133076314	0	1.00162952994223	11364.9139233438	0	0.108154284517082	-0.13679598675	0.10779463	0.36221215525	0.220895191457956	0.04366719835	0.219504925	0.3998377955
757	7	7	benefit_positive_truncnorm	benefit_positive_truncnorm	continuous	1	increasing	benefit	1	1	NA	1.77854981893046	2.84410879829347	700	252	420	700	700	252	479	0.64	0.315714285714286	7.36602184812137	24	24	0	2	1	10	4	1	5000	2500	1	0.95	12	10000	101756	0.795	0.9875	0.684672485098908	-0.923632657615748	0.676172810409186	2.30709654210157	3.23072919971732	1.43042332856347	0.187725974776158	1.43695621265947	2.67378083116805	2.48605485639189	0.789754768392371	0.979054652326848	-1.29700354607627	0.217924649103242	7.7171143903859	9.01411793646217	0.0825	0.9875	2.50105290029603	0.280528648361599	2.4208019314251	5.18052472346038	4.89999607509878	0	NA	NA	NA	NA	NA	NA	1	-1.09387733383156	1.19656762147043	1	-0.348126490366995	0.121192053295242	1	-1.86505414596662	3.47842696738727	1	-0.343055897997439	0.117687349150829	1.00130145739739	3840.24706931115	0	1.00089763657107	11396.8273845732	0	0.104292083338622	-0.14215176075	0.103705895	0.3501950465	0.2051403008896	0.0269381189	0.205628735	0.3852235835
727	7	7	benefit_positive_truncnorm	benefit_positive_truncnorm	continuous	1	increasing	benefit	1	1	NA	1.67447569001433	3.12281759430703	700	252	420	700	700	252	488	0.64	0.302857142857143	6.92030488397866	24	24	0	2	1	10	4	1	5000	2500	1	0.95	12	10000	101726	0.7966	0.9963	0.683963858431609	-0.892357652778129	0.68339664330155	2.28962012556673	3.18197777834486	1.6878025907996	0.475758874543338	1.68823428058793	2.87312226551742	2.39736339097408	0.791963707064161	0.970477842820654	-2.01112235330015	0.210094969489555	7.91400694314042	9.92512929644057	0.0742	0.9963	3.42427071413474	0.891650705527755	3.33639064102599	6.43082164355357	5.53917093802582	0	NA	NA	NA	NA	NA	NA	1	-0.990511831582717	0.981113688505349	1	0.0133269007852788	0.000177606284540664	1	-2.15233975148638	4.63256640582844	1	0.301453119827708	0.0908739834538586	1.00180603485911	4099.58677417766	0	1.00113024674142	10769.0487040208	0	0.104999066775372	-0.13871245675	0.10520666	0.347246189	0.24351755964019	0.0681216897	0.24367201	0.4159223135
739	7	7	benefit_positive_truncnorm	benefit_positive_truncnorm	continuous	1	increasing	benefit	1	1	NA	2.26678446950633	4.65596335496143	700	252	420	700	700	252	478	0.64	0.317142857142857	6.69363773185201	24	24	0	2	1	10	4	1	5000	2500	1	0.95	12	10000	101738	0.9997	1	3.23143616607476	1.52050204392783	3.22984449399799	4.90734918309093	3.38684713916311	3.7126095463064	2.47052306771213	3.71259703408188	4.94327323056218	2.47275016285005	0.999621880514243	4.57669851489854	0.248314115429239	3.70728097145855	13.4787564604521	13.2304423450229	0.2066	1	8.36772842076299	5.07256824859897	8.19803385946943	12.4175998732103	7.3450316246113	3e-04	NA	NA	NA	NA	NA	NA	1	0.964651696568431	0.930552895692353	0	1.44582507680007	2.09041015270393	1	-0.0792648400628817	0.00628291487019422	0	3.71176506580157	13.7771999037049	1.00130985986094	4356.17054078091	0	1.00093047890798	11174.9167812555	0	0.48252185764566	0.229823063	0.481259805	0.72872037175	0.523712357557	0.3461113055	0.522833795	0.70292477
736	7	7	benefit_positive_truncnorm	benefit_positive_truncnorm	continuous	1	increasing	benefit	1	1	NA	1.72283702376362	3.13547367889742	700	252	420	700	700	252	484	0.64	0.308571428571429	6.89241184866502	24	24	0	2	1	10	4	1	5000	2500	1	0.95	12	10000	101735	0.9996	1	2.69360429906125	1.03188348518148	2.68490873578349	4.39018371651808	3.3583002313366	2.95659451394268	1.69190226152805	2.95215312631934	4.21147339149575	2.5195711299677	0.999518420418974	3.85181145580345	0.181011045584565	2.72358246312026	12.5786893905689	12.3976783449843	0.1694	1	5.25456977876037	2.63886408098808	5.02543817326576	9.05582568657452	6.41696160558644	0	NA	NA	NA	NA	NA	NA	1	0.970767275297637	0.942389102788797	1	1.23375749017907	1.52215754457295	1	0.71633777690603	0.513139810622673	1	2.11909609986294	4.49056828045433	1.00144324698048	4191.75976943371	0	1.00200713159511	12182.4945552311	0	0.40756444239504	0.160583286	0.405025945	0.66258315	0.4203251516405	0.239173233	0.41928997	0.6025210495
770	7	7	benefit_positive_truncnorm	benefit_positive_truncnorm	continuous	1	increasing	benefit	1	1	NA	2.34354170937868	4.51911393296729	700	252	420	700	700	252	493	0.64	0.295714285714286	6.6344630614205	24	24	0	2	1	10	4	1	5000	2500	1	0.95	12	10000	101769	0.9975	1	2.44017556657653	0.745622844547302	2.43736634458602	4.1546395396573	3.40901669510999	3.131059997763	1.89004344303527	3.12824741049433	4.35430875442657	2.4642653113913	0.997207678883072	3.5111192095801	0.138642302430634	2.27426079939508	12.2119422939104	12.0732999914798	0.1405	1	6.18824778842907	3.63999961707444	6.06006115497212	9.51491584477124	5.8749162276968	0	NA	NA	NA	NA	NA	NA	1	0.0966338571978502	0.00933810235693451	1	0.787518288384323	0.620185054539773	1	-1.0079947233872	1.01605336237643	1	1.66913385546178	2.7860078274487	1.0021081329647	3985.45352900073	0	1.00171919853741	11953.1414089999	0	0.364587636208518	0.11321335325	0.364566065	0.61632596075	0.4416227308011	0.26431423325	0.4405382	0.6186642525
721	7	7	benefit_positive_truncnorm	benefit_positive_truncnorm	continuous	1	increasing	benefit	1	1	NA	2.17977966437812	4.34007788504952	700	252	420	700	700	252	475	0.64	0.321428571428571	7.41820080859329	24	24	0	2	1	10	4	1	5000	2500	1	0.95	12	10000	101720	1	0.9991	3.19356380923674	1.54182804715607	3.18893841870611	4.86478689787557	3.3229588507195	2.07791257128227	0.836967531658753	2.08847697466269	3.30287084151804	2.46590330985928	1	4.45613689949304	0.259866642007197	3.59164045710271	12.8855766416481	12.625709999641	0.2357	0.9991	4.33864675838963	1.71575370999629	4.2699617563388	7.53661383032049	5.8208601203242	0	NA	NA	NA	NA	NA	NA	1	1.01378414485862	1.02775829236672	1	-0.101867093095856	0.0103769046557998	1	0.116059014443521	0.0134696948336014	1	-0.00143112665988809	2.04812351664245e-06	1.00098692177114	4820.09763878325	0	1.00181194048972	11402.447371945	0	0.4852373925151	0.236284805	0.484448535	0.7402669785	0.297602128559734	0.119409503	0.2990281	0.475527564
758	7	7	benefit_positive_truncnorm	benefit_positive_truncnorm	continuous	1	increasing	benefit	1	1	NA	1.42233855177337	2.56574340098019	700	252	420	700	700	252	498	0.64	0.288571428571429	5.68997811299742	24	24	0	2	1	10	4	1	5000	2500	1	0.95	12	10000	101757	0.8348	0.9766	0.847738422360084	-0.80387426098416	0.835401071089884	2.53398954119323	3.33786380217739	1.2838338028709	0.0170534239917473	1.28235107975204	2.5795150692443	2.56246164525255	0.829499894492509	1.27633090905789	-0.798788105149043	0.282997675302632	8.81282002897213	9.61160813412117	0.0522	0.9766	2.55873756800715	0.0330191056015519	2.52960930918344	5.24884671206327	5.21582760646172	0	NA	NA	NA	NA	NA	NA	1	-0.57460012941329	0.330165308721769	1	-0.138504748902472	0.0191835654685369	1	-1.2894124919223	1.66258457432527	1	-0.0070058329730367	4.90816956460882e-05	1.00161853329512	4052.35070678383	0	1.00156628419446	11093.6314184635	0	0.12467943220964	-0.12091556325	0.123888425	0.3697121485	0.177131909010865	0.0023766230275	0.176859985	0.3553214585
768	7	7	benefit_positive_truncnorm	benefit_positive_truncnorm	continuous	1	increasing	benefit	1	1	NA	1.63991955709153	2.86739545548146	700	252	420	700	700	252	448	0.64	0.36	6.89869159099738	24	24	0	2	1	10	4	1	5000	2500	1	0.95	12	10000	101767	0.6649	0.9994	0.373212005731216	-1.1670636298628	0.369284472217908	1.99064766710434	3.15771129696713	2.1068194836692	0.847420963119097	2.10673753609662	3.38189352388579	2.53447256076669	0.659735551290254	0.560438240715625	-3.20403023887639	0.101746114929852	6.7663734574326	9.970403696309	0.0622	0.9994	5.60873787588224	1.86035417908883	5.38334151538978	10.4529673372817	8.59261315819288	0	NA	NA	NA	NA	NA	NA	1	-1.26670755136031	1.60454802067323	1	0.466899926577677	0.21799554143824	1	-2.30695721476583	5.32205159076012	1	2.74134242040079	7.51495826588884	1.00120881039228	4233.85796265102	0	1.00206667290816	11311.2741369678	0	0.0565727591166564	-0.1837312125	0.056911566	0.30180880325	0.30224485467588	0.1210342065	0.301550335	0.4874169975
769	7	7	benefit_positive_truncnorm	benefit_positive_truncnorm	continuous	1	increasing	benefit	1	1	NA	1.98576977805504	3.47172478786035	700	252	420	700	700	252	475	0.64	0.321428571428571	7.67440751269246	24	24	0	2	1	10	4	1	5000	2500	1	0.95	12	10000	101768	0.9989	1	2.54814618507314	0.892358188119272	2.55593525557645	4.17032457680254	3.27796638868327	3.24482443733885	1.98721511394127	3.2431406460931	4.46460680045558	2.47739168651431	0.998777655543332	3.59087616133342	0.159831592612039	2.46482321546854	11.8996671170881	11.7398355244761	0.1819	1	6.25120049628203	3.18263396585324	6.23623435496201	9.57268246480702	6.39004849895378	1e-04	NA	NA	NA	NA	NA	NA	1	0.5623764070181	0.316267223170588	0	1.25905465928381	1.58521863506427	1	0.119151373473069	0.0141970498005189	1	2.77947570842168	7.7254852137062	1.00117760996637	4554.60276798617	0	1.00135036562279	10129.8882432445	0	0.38969078395678	0.1398179215	0.39104303	0.6373639355	0.466548425874	0.28350291125	0.465437635	0.64665635275
759	7	7	benefit_positive_truncnorm	benefit_positive_truncnorm	continuous	1	increasing	benefit	1	1	NA	1.86945201566158	3.69359632994684	700	252	420	700	700	252	492	0.64	0.297142857142857	6.76790149558534	24	24	0	2	1	10	4	1	5000	2500	1	0.95	12	10000	101758	0.9434	0.9986	1.36522572353743	-0.305667087691111	1.35386116011656	3.08660243614479	3.3922695238359	1.92635518965001	0.670611033113601	1.92708531875412	3.17093834090544	2.50032730779183	0.940388626633	1.99709093195794	-0.136903017025038	0.551710672563591	9.98764553570796	10.124548552733	0.0891	0.9986	3.25840722440958	1.08145321571908	3.20532207276892	5.73420670972472	4.65275349400565	0	NA	NA	NA	NA	NA	NA	1	-0.504226292124151	0.254244153669269	1	0.0569031739884294	0.00323797120995746	1	-1.69650539798889	2.87813056540546	1	-0.435189105537263	0.189389557578323	1.00121022219417	4394.77455927064	0	1.00189107458536	11391.2676297794	0	0.202102953156498	-0.047366985125	0.20185029	0.45218421425	0.270463681245555	0.09456795895	0.27081958	0.44658463625
748	7	7	benefit_positive_truncnorm	benefit_positive_truncnorm	continuous	1	increasing	benefit	1	1	NA	2.30333543363021	4.25625695695161	700	252	420	700	700	252	469	0.64	0.33	7.90312358147047	24	24	0	2	1	10	4	1	5000	2500	1	0.95	12	10000	101747	1	1	3.60155051618984	2.00034624130683	3.60632647379079	5.19774383728607	3.19739759597924	2.83593369928743	1.63376481697327	2.8347469338446	4.04159563847319	2.40783082149991	1	5.00570258100878	0.333601928061275	4.37456023794286	13.0653835239828	12.7317815959215	0.2946	1	6.43343045439246	3.05180748422195	6.45438017100443	9.94835389836619	6.89654641414424	1e-04	NA	NA	NA	NA	NA	NA	1	1.29821508255963	1.68536240058531	1	0.532598265657222	0.283660912581081	1	0.749445624057168	0.561668743418438	1	2.17717349744085	4.74008443795884	1.00139779456128	4490.73615310775	0	1.001326946078	10848.6370820509	0	0.567797137248	0.3221013765	0.568552775	0.818957516	0.4263672248479	0.24541149325	0.42608512	0.6131442715
735	7	7	benefit_positive_truncnorm	benefit_positive_truncnorm	continuous	1	increasing	benefit	1	1	NA	1.73067123183609	3.26308665799584	700	252	420	700	700	252	467	0.64	0.332857142857143	7.51854134784589	24	24	0	2	1	10	4	1	5000	2500	1	0.95	12	10000	101734	0.959	1	1.42936689648057	-0.184727411603963	1.43339461140738	3.09114660293956	3.27587401454352	2.38394745329373	1.11951731354553	2.38911464641007	3.64884375592263	2.5293264423771	0.956904231625835	2.05115194737708	-0.0643055089984378	0.619265589033307	9.63858247948333	9.70288798848177	0.102	1	4.84722027106016	1.90478534419128	4.61328309941078	8.68523189767534	6.78044655348406	0	NA	NA	NA	NA	NA	NA	1	-0.301304335355522	0.090784302504033	1	0.653276221457636	0.426769821521967	1	-1.21193471061876	1.46878574280258	1	1.58413361306432	2.50947930404023	1.00187910122871	4524.29978502986	0	1.00169329640009	11036.0784999952	0	0.216300437754498	-0.0273548962	0.217552425	0.46519188875	0.3397337243191	0.15783577425	0.339882385	0.52237662925
747	7	7	benefit_positive_truncnorm	benefit_positive_truncnorm	continuous	1	increasing	benefit	1	1	NA	1.77494738287834	3.29011793526558	700	252	420	700	700	252	500	0.64	0.285714285714286	7.16742899077505	24	24	0	2	1	10	4	1	5000	2500	1	0.95	12	10000	101746	0.8176	0.9422	0.736460920826729	-0.842008394892659	0.726117235184653	2.33626266731508	3.17827106220774	0.97509532278607	-0.223196919013923	0.983203528802325	2.16594152825155	2.38913844726547	0.812955812955813	1.08242060862846	-1.35642619617577	0.255465963617644	7.88582955380168	9.24225574997745	0.0676	0.9422	1.92471433128169	-0.3909629765667	1.81731816428988	4.7312251187702	5.1221880953369	0	NA	NA	NA	NA	NA	NA	1	-1.03848646205161	1.07845413186446	1	-0.799852060092266	0.639763318033842	1	-2.20769732663712	4.8739274860407	1	-1.3654036039839	1.86432700177222	1.0013410238902	4305.52755503767	0	1.00116309243758	10423.1606396127	0	0.113799750462672	-0.13256931875	0.11346612	0.357874794	0.140685474601811	-0.032258246925	0.14175565	0.3140389675
733	7	7	benefit_positive_truncnorm	benefit_positive_truncnorm	continuous	1	increasing	benefit	1	1	NA	1.67714433055471	2.90811192877854	700	252	420	700	700	252	490	0.64	0.3	7.05023748691803	24	24	0	2	1	10	4	1	5000	2500	1	0.95	12	10000	101732	0.9664	0.9996	1.51695381253252	-0.106421775934349	1.49782820624363	3.17187172408111	3.27829350001546	2.1591178188289	0.958338755243534	2.15474046509517	3.4157235348585	2.45738477961496	0.964403791051356	2.28782617644876	-0.0321758380971066	0.72038865747277	10.5103531256744	10.5425289637715	0.0926	0.9996	4.17571091462652	1.76557835751881	4.10027083760809	6.94047674126018	5.17489838374137	0	NA	NA	NA	NA	NA	NA	1	-0.160190518022199	0.0256610020642203	1	0.481973488274182	0.232298443399183	1	-0.620285752329784	0.384754414543326	1	1.26759898584798	1.60680718892282	1.00084992141386	4815.5248627591	0	1.00269970934642	11235.596988813	0	0.229508968196153	-0.016627808625	0.227823235	0.4760887945	0.30851610371224	0.136172958	0.30741467	0.49247716075
760	7	7	benefit_positive_truncnorm	benefit_positive_truncnorm	continuous	1	increasing	benefit	1	1	NA	2.12241295458424	3.97371210698828	700	252	420	700	700	252	501	0.64	0.284285714285714	7.27347712330939	24	24	0	2	1	10	4	1	5000	2500	1	0.95	12	10000	101759	0.7547	0.9814	0.565231872138021	-1.07735297338008	0.549044667259153	2.21311950181425	3.29047247519433	1.28801083425735	0.0848276368390903	1.28265708414794	2.51114695341614	2.42631931657705	0.749439521725206	0.842185304308761	-2.25064248593609	0.176485486487264	7.28278884449128	9.53343133042737	0.0633	0.9814	2.42974727592729	0.13956007824034	2.32540379517596	5.30045395290671	5.16089387466637	0	NA	NA	NA	NA	NA	NA	1	-1.55718108244622	2.42481292352837	1	-0.834402120326892	0.696226898406013	1	-3.13152680267951	9.80646011590018	1	-1.54396483106099	2.38382739955318	1.00155345302718	4305.68621753176	0	1.00160409302457	10602.9178045639	0	0.0843104711317554	-0.16388799375	0.083030604	0.3252006885	0.182955019195117	0.011958592575	0.182115195	0.35803127275
761	7	7	benefit_positive_truncnorm	benefit_positive_truncnorm	continuous	1	increasing	benefit	1	1	NA	1.75622830831207	3.42030813719038	700	252	420	700	700	252	495	0.64	0.292857142857143	6.54537236216113	24	24	0	2	1	10	4	1	5000	2500	1	0.95	12	10000	101760	0.9113	0.9999	1.14500055719498	-0.519471903466705	1.13717645878201	2.86159580378223	3.38106770724894	2.36767126352561	1.10766650375148	2.37101864481552	3.63295394447752	2.52528744072604	0.908010899182561	1.65530401178629	-0.316134289003499	0.41864826374125	9.47055749219597	9.78669178119947	0.0825	0.9999	4.50693886927206	1.90991071505691	4.4139672090258	7.44633874959703	5.53642803454013	0	NA	NA	NA	NA	NA	NA	1	-0.611227751117086	0.373599363735651	1	0.611442955213542	0.37386248748027	1	-1.76500412540409	3.11523956269344	1	1.08663073208168	1.18076634790438	1.00146416287964	3806.40299325408	0	1.00096806046848	8960.89244070088	0	0.171516513924352	-0.079349418075	0.171267645	0.42323662275	0.3322781321004	0.1550379555	0.331972105	0.51056917075
732	7	7	benefit_positive_truncnorm	benefit_positive_truncnorm	continuous	1	increasing	benefit	1	1	NA	1.7774749862378	3.49743170190528	700	252	420	700	700	252	522	0.64	0.254285714285714	6.23009913104418	24	24	0	2	1	10	4	1	5000	2500	1	0.95	12	10000	101731	0.902	1	1.08786975635408	-0.555209871674784	1.05524498582052	2.81990842875605	3.37511830043084	2.49987351943547	1.25805816256667	2.50648969600586	3.70716551361822	2.44910735105155	0.898955806349541	1.77017256900987	-0.335721417258377	0.447236568399138	9.99089540714832	10.3266168244067	0.0519	1	4.23954874662195	1.81627410452136	4.23940335312296	6.6091289666168	4.79285486209544	0	NA	NA	NA	NA	NA	NA	1	-0.689605229883715	0.475555373082971	1	0.72239853319767	0.521859640766145	1	-1.72725913289542	2.98342411217062	1	0.742117044716669	0.550737708059002	1.00123303140727	4034.79800276696	0	1.00165478607223	11472.9484141287	0	0.159807168121886	-0.08383822425	0.156949535	0.40823169025	0.3463822661399	0.1732263475	0.347001465	0.5164194885
743	7	7	benefit_positive_truncnorm	benefit_positive_truncnorm	continuous	1	increasing	benefit	1	1	NA	1.59341082956592	2.75293724479954	700	252	420	700	700	252	501	0.64	0.284285714285714	7.05251337487182	24	24	0	2	1	10	4	1	5000	2500	1	0.95	12	10000	101742	0.0885	0.8079	-1.09296182285336	-2.71218425175645	-1.08123443500391	0.487730556365433	3.19991480812189	0.54941961689822	-0.696888090572164	0.54835657581799	1.74547347833269	2.44236156890485	0.0899957698815567	-1.50027109120696	-8.64791033963536	-0.397385281556111	0.248833430413322	8.89674377004869	0.0544	0.8079	0.974284310345146	-1.24051933906842	0.902454633718463	3.31961555710856	4.56013489617698	0	NA	NA	NA	NA	NA	NA	0	-2.68637265241929	7.21659802766623	1	-1.0439912126677	1.08991765212738	0	-4.25320833600651	18.0897811494752	1	-1.7786529344544	3.16360626124323	1.00175348832419	3889.55890030164	0	1.00164915210742	11277.2870120118	0	-0.16955706598799	-0.4171804165	-0.169418825	0.0744033875249999	0.0785352917658544	-0.09907932375	0.0781822465	0.24935341975
774	7	7	benefit_positive_truncnorm	benefit_positive_truncnorm	continuous	1	increasing	benefit	1	1	NA	2.23328500328037	4.72769177757374	700	252	420	700	700	252	491	0.64	0.298571428571429	7.53434955412419	24	24	0	2	1	10	4	1	5000	2500	1	0.95	12	10000	101773	0.8944	0.9998	1.00766102912827	-0.59365563115854	0.999766314165477	2.61212507402255	3.20578070518109	2.32311088565625	1.12245672336196	2.32702626947167	3.53041023067133	2.40795350730937	0.891541312404622	1.48223640363011	-0.315873252910583	0.380460087585047	8.76031292196557	9.07618617487615	0.0826	0.9998	4.72019818953825	1.93041090998786	4.61316546177145	7.85670229234355	5.92629138235569	0	NA	NA	NA	NA	NA	NA	1	-1.22562397415211	1.50215412601641	1	0.0898258823758775	0.00806868914460498	1	-3.24545537394363	10.5329805842596	1	-0.00749358803549871	5.61538616457694e-05	1.00171289246476	4525.8532409181	0	1.00119848561253	11081.3768255088	0	0.15754743777068	-0.094479198825	0.15620684	0.40681572125	0.33847850369885	0.16214426575	0.33851701	0.5168850115
731	7	7	benefit_positive_truncnorm	benefit_positive_truncnorm	continuous	1	increasing	benefit	1	1	NA	2.65774004350408	6.35417475705145	700	252	420	700	700	252	492	0.64	0.297142857142857	7.21517625222845	24	24	0	2	1	10	4	1	5000	2500	1	0.95	12	10000	101730	0.7991	0.9998	0.704988762095149	-0.893960397829529	0.696065353126575	2.34458563271354	3.23854603054307	2.11396426369179	0.903221081106786	2.1125343193934	3.33314273239915	2.42992165129236	0.796195652173913	1.23839079843091	-2.09240362764342	0.277659869360495	8.80127535610164	10.8936789837451	0.0432	0.9998	4.51096419282254	1.90191611161776	4.50578941445302	7.16846319830579	5.26654708668803	0	NA	NA	NA	NA	NA	NA	0	-1.95275128140893	3.81323756704421	1	-0.543775779812285	0.295692098710458	1	-5.11578395862053	26.1712455112792	1	-1.84321056422891	3.39742518408506	1.00115119784638	4459.61485950544	0	1.00111857139807	10877.4803154181	0	0.106025167248645	-0.1368147445	0.105912855	0.350670049	0.30518488012785	0.13040755675	0.30441246	0.48461999225
752	7	7	benefit_positive_truncnorm	benefit_positive_truncnorm	continuous	1	increasing	benefit	1	1	NA	1.84143137285991	3.67540477049592	700	252	420	700	700	252	463	0.64	0.338571428571429	7.47283525605143	24	24	0	2	1	10	4	1	5000	2500	1	0.95	12	10000	101751	0.9903	1	1.9115377038877	0.3062805325951	1.90994307835194	3.5512191547137	3.2449386221186	2.58670482284411	1.34883529353218	2.58505425780704	3.82381181081215	2.47497651727997	0.989613387189844	2.69676576755813	0.0607371574481981	1.15773179625398	10.7700351008989	10.7092979434507	0.1335	1	6.64512404246767	3.09374749829213	6.65196204218099	10.3923801548745	7.29863265658234	0	NA	NA	NA	NA	NA	NA	1	0.0701063310277878	0.00491489765017777	1	0.745273449984202	0.555432515251354	1	-0.978639002937792	0.957734298071075	1	2.96971927197175	8.8192325543204	1.00131705390351	4392.38691386648	0	1.00124486680459	10476.7507964889	0	0.293539780889539	0.04895405365	0.292833595	0.545733818	0.3757340214442	0.19502737075	0.375779955	0.5583948415
780	7	7	benefit_positive_truncnorm	benefit_positive_truncnorm	continuous	1	increasing	benefit	1	1	NA	1.86238222835325	3.56414820820818	700	252	420	700	700	252	488	0.64	0.302857142857143	6.98706112153316	24	24	0	2	1	10	4	1	5000	2500	1	0.95	12	10000	101779	0.8156	0.9979	0.742753191245299	-0.902629397814689	0.735286946772907	2.3805605903776	3.28318998819229	1.87690693566902	0.619067516394738	1.87529978332047	3.13438376601722	2.51531624962248	0.809503146018659	1.05196140949917	-1.30149001258119	0.234307616085298	7.99435123897328	9.29584125155447	0.0782	0.9979	3.8829627634216	1.20323110109069	3.85661166051949	6.6870448440382	5.48381374294751	0	NA	NA	NA	NA	NA	NA	1	-1.11962903710795	1.25356918073527	1	0.0145247073157697	0.000210967122608774	1	-2.51218679870901	6.31108251160781	1	0.318814555213417	0.101642720615929	1.00118354707967	4763.38623796693	0	1.00164396760668	10635.5477346768	0	0.112711300903122	-0.13754351275	0.11252849	0.35785805375	0.26394966412499	0.086483354575	0.26376505	0.44226008025
755	7	7	benefit_positive_truncnorm	benefit_positive_truncnorm	continuous	1	increasing	benefit	1	1	NA	2.30992419510987	4.75111063298692	700	252	420	700	700	252	488	0.64	0.302857142857143	6.4927547053499	24	24	0	2	1	10	4	1	5000	2500	1	0.95	12	10000	101754	0.9955	1	2.13856676194122	0.474450777806128	2.12383480981601	3.87232902186572	3.39787824405959	2.60226917098432	1.37074944925872	2.60234241825122	3.84794650601333	2.4771970567546	0.995193382517326	3.24275572070762	0.0930870104403156	1.87144341517662	12.0606397968734	11.967552786433	0.1054	1	5.80322692165194	2.96793543370349	5.71591226369517	9.15721789505885	6.18928246135536	0	NA	NA	NA	NA	NA	NA	1	-0.171357433168648	0.0293633699021475	1	0.292344975874447	0.0854655849190312	1	-1.50835491227931	2.27513454139711	1	1.05211628866502	1.10694868487425	1.00150000003207	4166.1187427107	0	1.0019224738304	9940.39236516206	0	0.321135951415542	0.073395066375	0.319635015	0.5765452015	0.3678174536069	0.193343451	0.36768313	0.546894769
750	7	7	benefit_positive_truncnorm	benefit_positive_truncnorm	continuous	1	increasing	benefit	1	1	NA	2.32806773417888	4.29318394826966	700	252	420	700	700	252	469	0.64	0.33	7.50781435840876	24	24	0	2	1	10	4	1	5000	2500	1	0.95	12	10000	101749	0.9835	0.9839	1.74851644350276	0.146337893923673	1.74295993324924	3.36186007464006	3.21552218071638	1.34201395994449	0.105855900158691	1.34391941340596	2.59631145110185	2.49045555094316	0.982645190562613	2.60413796097956	0.0326603363225133	1.01556458126039	10.9815247080631	10.9488643717406	0.1184	0.9839	2.69741232794845	0.199969829936075	2.64842490878025	5.5682171000451	5.36824727010902	0	NA	NA	NA	NA	NA	NA	1	-0.579551290676127	0.335879698524365	1	-0.986053774234397	0.972302045681899	1	-1.68904598729011	2.85287634718081	1	-1.59577162032121	2.54648706422259	1.00152500803324	4432.41607478787	0	1.00187451091656	11479.9044000878	0	0.268941018276424	0.0222698916	0.268489535	0.51232213875	0.19448285040459	0.014992898325	0.194451565	0.37580316075
751	7	7	benefit_positive_truncnorm	benefit_positive_truncnorm	continuous	1	increasing	benefit	1	1	NA	2.19561753742032	4.07596651022294	700	252	420	700	700	252	464	0.64	0.337142857142857	7.48660130607917	24	24	0	2	1	10	4	1	5000	2500	1	0.95	12	10000	101750	0.9981	1	2.44803626026839	0.754928580025166	2.44788649884104	4.13045572771764	3.37552714769247	3.00878899737006	1.73008844469747	3.00899109825521	4.26221189845501	2.53212345375754	0.99783210887631	3.49078841608526	0.144509229422153	2.26857972983724	12.0820233634478	11.9375141340257	0.1697	1	6.90892641894475	3.87125746794053	6.79657462994091	10.5925940578682	6.72133658992767	6e-04	NA	NA	NA	NA	NA	NA	1	0.252418722848063	0.0637152116442473	1	0.813171459949736	0.661247823276785	1	-0.585178094137682	0.34243340185861	1	2.83295990872181	8.02566184442511	1.00141128390853	4305.65845218513	0	1.00188243359691	10974.611094664	0	0.370043087388642	0.11895634975	0.36971941	0.620557249	0.4324065110822	0.246918866	0.431482395	0.61582903425
754	7	7	benefit_positive_truncnorm	benefit_positive_truncnorm	continuous	1	increasing	benefit	1	1	NA	1.16414912752633	1.64692103579907	700	252	420	700	700	252	510	0.64	0.271428571428571	6.90570522482949	24	24	0	2	1	10	4	1	5000	2500	1	0.95	12	10000	101753	0.6108	0.9991	0.242130858921013	-1.39528441933005	0.235724978450402	1.892718015727	3.28800243505704	1.81578677941237	0.60310631276085	1.8161189150299	3.01643746069592	2.41333114793507	0.604888416578108	0.364853773901008	-4.02795361683958	0.0606870005763538	6.16391540032146	10.191869017161	0.059	0.9991	2.63717376214885	0.719160543002675	2.56362853272018	5.15762033512476	4.43845979212208	0	NA	NA	NA	NA	NA	NA	1	-0.922018268605319	0.850117687641951	1	0.651637651886035	0.424631629355545	1	-1.28206726189807	1.6436964640308	1	0.990252726349773	0.980600462043158	1.00144864863112	4406.76819954886	0	1.00263753952073	11886.557029636	0	0.0362011244011615	-0.214164191	0.036603905	0.2854730655	0.25743605958659	0.0844507611	0.25721561	0.430178019
779	7	7	benefit_positive_truncnorm	benefit_positive_truncnorm	continuous	1	increasing	benefit	1	1	NA	2.30721360528639	4.29987070811802	700	252	420	700	700	252	480	0.64	0.314285714285714	7.59995942976826	24	24	0	2	1	10	4	1	5000	2500	1	0.95	12	10000	101778	0.983	0.999	1.73115457880366	0.117652532730989	1.73412900245427	3.35653068521831	3.23887815248732	1.88660081928993	0.649272707089853	1.88909739250948	3.09067851393724	2.44140580684738	0.982067869708319	2.54123605323136	0.0288101910558556	0.962614465082709	10.781910096951	10.7530999058951	0.1189	0.999	3.94384275115083	1.00551619019733	3.83380198325208	7.58551219528162	6.57999600508429	0	NA	NA	NA	NA	NA	NA	1	-0.576059026482727	0.331844001992227	1	-0.420612785996456	0.1769151157437	1	-1.75863465488666	3.09279584936832	1	-0.356027956967194	0.126755906142234	1.00202853574841	3958.65681522413	0	1.00144046330456	11020.043397154	0	0.265244042854371	0.01800510035	0.265567715	0.5109829145	0.27413235431055	0.0939409953	0.274366255	0.45219583225
756	7	7	benefit_positive_truncnorm	benefit_positive_truncnorm	continuous	1	increasing	benefit	1	1	NA	2.6222014309587	5.59122562679573	700	252	420	700	700	252	489	0.64	0.301428571428571	7.53003908561504	24	24	0	2	1	10	4	1	5000	2500	1	0.95	12	10000	101755	0.9857	1	1.82844761431882	0.165426492608641	1.8286574408426	3.44228527155238	3.27685877894374	2.85457502879386	1.61290265432645	2.86667077160082	4.06680753034086	2.45390487601441	0.983993551358821	2.60338907167987	0.0349215297383886	1.08388306296442	10.6619757035913	10.6270541738529	0.1316	1	5.53340162238935	3.00413205600235	5.39230320598104	8.64548904093128	5.64135698492893	0	NA	NA	NA	NA	NA	NA	1	-0.793753816639881	0.630045121430378	1	0.232373597835157	0.0539974889708554	1	-2.98783655511586	8.92716728008661	1	-0.0578240044063802	0.00334361548558908	1.00103717297991	5006.19537527318	0	1.00210722265787	11289.7953806998	0	0.282820396695848	0.026995082075	0.283726595	0.52950164725	0.4133360900505	0.232607913	0.4148549	0.59291950125
767	7	7	benefit_positive_truncnorm	benefit_positive_truncnorm	continuous	1	increasing	benefit	1	1	NA	1.73488168962778	3.28914228483411	700	252	420	700	700	252	497	0.64	0.29	7.2031883018946	24	24	0	2	1	10	4	1	5000	2500	1	0.95	12	10000	101766	0.4641	0.9993	-0.0755863356529736	-1.73906911418397	-0.0698404916598809	1.57492145410371	3.31399056828768	2.07902121617405	0.870747430133656	2.0771611365493	3.29967800782989	2.42893057769623	0.461303247574863	-0.0696135666466963	-5.1524193999384	-0.0209068084476627	4.85495091737254	10.0073703173109	0.0516	0.9993	4.02511483507585	1.45731053929324	4.07583832572575	6.8515183401485	5.39420780085526	0	NA	NA	NA	NA	NA	NA	0	-1.81046802528075	3.27779447056398	1	0.344139526546277	0.118432013731496	1	-3.35875585148081	11.2812408698566	1	0.735972550241743	0.541655594709335	1.00132138768556	4602.36562562673	0	1.00140120226535	10837.0656616984	0	-0.0120434277832411	-0.263022034	-0.0105684105	0.235242732	0.296599428885705	0.1243016405	0.296205975	0.474422308
763	7	7	benefit_positive_truncnorm	benefit_positive_truncnorm	continuous	1	increasing	benefit	1	1	NA	2.32986711950459	5.05163448964059	700	252	420	700	700	252	504	0.64	0.28	6.15467495287478	24	24	0	2	1	10	4	1	5000	2500	1	0.95	12	10000	101762	0.4283	0.9708	-0.147682747636679	-1.80151271720533	-0.144756151660961	1.48758261282802	3.28909533003335	1.24025390743345	-0.0352161149416652	1.237521959388	2.49487986234501	2.53009597728668	0.428044280442804	-0.206027227951316	-6.50511067282794	-0.0442930310696288	5.2294681920716	11.7345788648995	0.0244	0.9708	2.33885479043185	-0.0699082339373337	2.31902460406128	4.8720940979393	4.94200233187664	0	NA	NA	NA	NA	NA	NA	0	-2.47754986714127	6.13825334417173	1	-1.08961321207114	1.18725695191999	1	-5.25766171759191	27.6430067366315	0	-2.71277969920874	7.35917369643906	1.00139032466954	4634.7330839355	0	1.0015983882257	11053.578591824	0	-0.0229264457238952	-0.272544518	-0.0219727305	0.2222520845	0.172588521777366	-0.0048043515875	0.171915885	0.3491595095
753	7	7	benefit_positive_truncnorm	benefit_positive_truncnorm	continuous	1	increasing	benefit	1	1	NA	2.03271041464077	4.08555865538915	700	252	420	700	700	252	490	0.64	0.3	6.68361023490971	24	24	0	2	1	10	4	1	5000	2500	1	0.95	12	10000	101752	0.5906	0.984	0.183683554132963	-1.40388131727855	0.178720033887036	1.78025511788295	3.1841364351615	1.37715108971907	0.128789567473655	1.37550774433919	2.64152836754274	2.51273880006909	0.584771788626496	0.277865485224433	-3.92037984511718	0.0482714594188582	5.72661379564977	9.64699364076696	0.0557	0.984	2.93188701286604	0.260332755317034	2.93945719815021	5.54173264267525	5.28139988735821	0	NA	NA	NA	NA	NA	NA	0	-1.84902686050781	3.41890033087937	1	-0.655559324921702	0.429758028491797	1	-3.80769317016472	14.498527278119	1	-1.15367164252312	1.33095825876198	1.00136830539238	4283.52479520049	0	1.00175014800741	10008.1709031801	0	0.0274029616543286	-0.21567110275	0.02752949	0.26805769525	0.196109143766355	0.0179582404	0.19566227	0.375344927
744	7	7	benefit_positive_truncnorm	benefit_positive_truncnorm	continuous	1	increasing	benefit	1	1	NA	1.56286720019647	2.60876294223645	700	252	420	700	700	252	499	0.64	0.287142857142857	6.4296053658666	24	24	0	2	1	10	4	1	5000	2500	1	0.95	12	10000	101743	0.694	0.9663	0.431555051926427	-1.20689074916763	0.403487824652898	2.13086632340747	3.3377570725751	1.16533826869002	-0.0791749303832767	1.16359503397434	2.41892273635853	2.4980976667418	0.68950975224038	0.614545778214594	-3.05013795399688	0.12026606008455	6.94337708105274	9.99351503504963	0.0515	0.9663	2.30968931665773	-0.131082406481848	2.2089625986219	5.34091157108433	5.47199397756618	0	NA	NA	NA	NA	NA	NA	1	-1.13131214827004	1.27986717682337	1	-0.397528931506445	0.158029251384656	1	-1.99421716402186	3.97690209727939	1	-0.299073625578723	0.0894450335168019	1.00106065477129	4522.94026122061	0	1.00130347149496	10846.1619691791	0	0.0636878770655792	-0.18119998225	0.0608000105	0.313841805	0.162357721679468	-0.0109658803	0.161853255	0.33755162925
749	7	7	benefit_positive_truncnorm	benefit_positive_truncnorm	continuous	1	increasing	benefit	1	1	NA	2.08209825729015	4.09704746500368	700	252	420	700	700	252	469	0.64	0.33	7.47208338261438	24	24	0	2	1	10	4	1	5000	2500	1	0.95	12	10000	101748	0.9247	0.9906	1.20255135134703	-0.426448839982796	1.19513357982841	2.83804585579667	3.26449469577947	1.52249118748146	0.220237941141367	1.52028822606384	2.81627182249589	2.59603388135452	0.920699071545603	1.73456422363558	-0.203712455729432	0.464978661877664	9.09315574059649	9.29686819632592	0.0845	0.9906	2.91808284654398	0.370606280349536	2.85413576824452	5.82027919002623	5.4496729096767	0	NA	NA	NA	NA	NA	NA	1	-0.879546905943122	0.77360275975412	1	-0.559607069808689	0.313160072579867	1	-2.3624832413681	5.58132706574514	1	-1.1789646184597	1.38995757157983	1.00093082128046	4661.84141930212	0	1.00159564814499	11021.3958052318	0	0.180976274270697	-0.065751293675	0.18080655	0.42523053225	0.215886449794473	0.031391160075	0.21539488	0.3997153225
764	7	7	benefit_positive_truncnorm	benefit_positive_truncnorm	continuous	1	increasing	benefit	1	1	NA	2.11316460995748	4.41188882471209	700	252	420	700	700	252	488	0.64	0.302857142857143	6.80090161024458	24	24	0	2	1	10	4	1	5000	2500	1	0.95	12	10000	101763	1	1	3.18480772204806	1.47955387576934	3.18490771674604	4.90162568499025	3.42207180922091	3.59873923636676	2.39836818946556	3.59696094164412	4.81831028894133	2.41994209947577	1	4.57759910115403	0.24853717199193	3.64941220113249	13.5902262445659	13.341689072574	0.1933	1	6.98939185059003	4.40072965408673	6.90050781324948	10.1783962603093	5.7776666062226	0	NA	NA	NA	NA	NA	NA	1	1.07164311209058	1.14841895969119	0	1.48557462640928	2.20693197063108	1	0.165710276441944	0.0274598957184654	1	2.57750302587794	6.64352184840995	1.00091577532802	4724.87806892792	0	1.0013690733794	11269.1976427618	0	0.48094751479905	0.2288539425	0.48013139	0.737938118	0.513850959631	0.340020182	0.513443935	0.69504022825
772	7	7	benefit_positive_truncnorm	benefit_positive_truncnorm	continuous	1	increasing	benefit	1	1	NA	2.42763560967472	4.27989061401495	700	252	420	700	700	252	488	0.64	0.302857142857143	6.94923562820162	24	24	0	2	1	10	4	1	5000	2500	1	0.95	12	10000	101771	0.9994	1	2.70930601643899	1.0235098038917	2.72481454899622	4.43340259160994	3.40989278771823	2.48796826215994	1.25437713743976	2.49039000603802	3.72528283341018	2.47090569597042	0.99928092042186	3.80582708641338	0.18555476158126	2.6968921391648	12.493109907501	12.3075551459197	0.1656	1	4.75345712668127	2.04936813248815	4.56503905832494	8.20233036150292	6.15296222901476	0	NA	NA	NA	NA	NA	NA	1	0.281670406764266	0.0793382180467473	1	0.0603326524852221	0.00364002895590258	1	-0.474063527601571	0.224736228202045	1	0.473566512666316	0.224265241918936	1.00151377117433	4151.00579489113	0	1.00178443242591	10536.2240645749	0	0.40141165857951	0.151841771	0.402620945	0.64894669875	0.3486269824887	0.1746641985	0.3483973	0.525876802
746	7	7	benefit_positive_truncnorm	benefit_positive_truncnorm	continuous	1	increasing	benefit	1	1	NA	1.85866903154928	3.26059452600978	700	252	420	700	700	252	498	0.64	0.288571428571429	6.82426585271285	24	24	0	2	1	10	4	1	5000	2500	1	0.95	12	10000	101745	0.9481	0.9963	1.33202902243166	-0.268561405140734	1.32239131863158	2.98084521721848	3.24940662235922	1.75545823747553	0.491780555627748	1.76214055427685	3.00569714775953	2.51391659213178	0.944016717993841	1.86847802535575	-0.109679782874888	0.514773784394121	9.66701293893992	9.7766927218148	0.0908	0.9963	3.11299197552699	0.811672331401213	3.11624371802853	5.51601332964465	4.70434099824344	0	NA	NA	NA	NA	NA	NA	1	-0.526640009117622	0.277349699203409	1	-0.103210794073746	0.0106524680133332	1	-1.39211650065403	1.93798835139322	1	-0.147602550482788	0.0217865129090241	1.00236647014269	4342.75226202574	0	1.00137053801836	10656.7729496307	0	0.202222632337737	-0.042965372025	0.20065485	0.44899742125	0.247427303750383	0.068658445625	0.24780062	0.4263121945
795	7	7	benefit_positive_truncnorm	benefit_positive_truncnorm	continuous	1	increasing	benefit	1	1	NA	2.11678008056555	4.38075582519872	700	252	420	700	700	252	489	0.64	0.301428571428571	6.45431900963199	24	24	0	2	1	10	4	1	5000	2500	1	0.95	12	10000	101794	1	1	4.06187353646226	2.3567380810256	4.07131832076732	5.73775380353247	3.38101572250686	3.37396255093467	2.09338706463752	3.37737086469907	4.65756108228268	2.56417401764515	1	6.32039818232252	0.40868173695592	5.87048155930919	15.2221426596921	14.8134609227362	0.2537	1	6.10202732046608	3.49285322851761	5.9758994940479	9.11861176964946	5.62575854113185	0	NA	NA	NA	NA	NA	NA	0	1.94509345589671	3.7833885521722	1	1.25718247036912	1.58050776380339	1	1.9396423571238	3.76221247354875	1	1.72127149526736	2.96277556041994	1.00189569729839	4532.63365006196	0	1.00165278526211	11307.9212497052	0	0.607809760639	0.36285161975	0.60825812	0.859556711	0.472434341552	0.2923366465	0.472740445	0.6546120515
745	7	7	benefit_positive_truncnorm	benefit_positive_truncnorm	continuous	1	increasing	benefit	1	1	NA	1.85249057420824	3.20965578274191	700	252	420	700	700	252	488	0.64	0.302857142857143	5.91690319170544	24	24	0	2	1	10	4	1	5000	2500	1	0.95	12	10000	101744	0.7804	0.982	0.637920620795003	-1.02138882889436	0.622441150722221	2.32563876934597	3.34702759824033	1.40705647762836	0.0939916427775788	1.39778003320834	2.71092098510628	2.61692934232871	0.775477707006369	0.925453235737722	-1.88396322663811	0.193455721590329	7.68201817673856	9.56598140337668	0.058	0.982	2.35174048501716	0.137770140843336	2.31698507774913	4.76120493333554	4.6234347924922	0	NA	NA	NA	NA	NA	NA	1	-1.21456995341324	1.47518017173423	1	-0.44543409657988	0.198411534395934	1	-2.28420254700419	5.21758127574043	1	-0.857915297724752	0.73601865807015	1.00176653327087	3802.89316549725	0	1.00167732131701	10424.7579200688	0	0.0949208830667805	-0.1540990125	0.093574895	0.34344796025	0.193627535303079	0.013090389825	0.19187187	0.37357632875
762	7	7	benefit_positive_truncnorm	benefit_positive_truncnorm	continuous	1	increasing	benefit	1	1	NA	1.46754707143721	2.50884009200169	700	252	420	700	700	252	493	0.64	0.295714285714286	7.30278803797647	24	24	0	2	1	10	4	1	5000	2500	1	0.95	12	10000	101761	0.8751	0.9993	0.965881434191119	-0.659960167510838	0.959441331470622	2.60767894802165	3.26763911553249	2.02615703115459	0.7617362461047	2.02197105773679	3.27749671848057	2.51576047237587	0.87007061379685	1.39790728143188	-0.480090459661777	0.357258375584202	8.47309368890312	8.95318414856489	0.0795	0.9993	3.69952463620531	1.30242598858154	3.55903857224796	6.71985995414155	5.41743396556001	0	NA	NA	NA	NA	NA	NA	1	-0.501665637246091	0.251668411593526	1	0.558609959717385	0.312045087095458	1	-1.11093281056981	1.23417170960053	1	1.19068454420363	1.41772968380539	1.00116738822028	4877.86823126579	0	1.00080795695624	12006.2074868519	0	0.145566594141997	-0.102345983	0.14503827	0.395356919	0.288049266283468	0.10828035425	0.28719896	0.46860702575
783	7	7	benefit_positive_truncnorm	benefit_positive_truncnorm	continuous	1	increasing	benefit	1	1	NA	3.07030812238215	7.48168638740624	700	252	420	700	700	252	464	0.64	0.337142857142857	6.98531107000262	24	24	0	2	1	10	4	1	5000	2500	1	0.95	12	10000	101782	0.9996	1	2.96435980727921	1.28804283969903	2.96866659084833	4.6121486917349	3.32410585203587	3.18264012718376	1.94733082450587	3.18881289205706	4.39072449852694	2.44339367402107	0.999504827927705	4.18202164453117	0.216638795728566	3.12708375597755	12.8315578127928	12.6149190170642	0.1922	1	7.38956578078463	3.89739287638262	7.24089969626126	11.5644652354974	7.66707235911475	6e-04	NA	NA	NA	NA	NA	NA	1	-0.105948315102939	0.0112250454731516	1	0.11233200480161	0.0126184793027489	1	-3.29966474287507	10.8877874153728	1	-0.0921206066216094	0.0084862061643333	1.0011555893196	4446.90256522733	0	1.00153530406814	11389.7674608676	0	0.4520024266067	0.20265150725	0.453367815	0.70137671825	0.4633102636889	0.28359978525	0.4635152	0.64375405775
794	7	7	benefit_positive_truncnorm	benefit_positive_truncnorm	continuous	1	increasing	benefit	1	1	NA	1.36674855604065	2.23323856664563	700	252	420	700	700	252	489	0.64	0.301428571428571	6.92970115734759	24	24	0	2	1	10	4	1	5000	2500	1	0.95	12	10000	101793	0.5454	0.9752	0.10394454087327	-1.52934067388173	0.0899253313769037	1.79202995816718	3.32137063204891	1.28169053095538	0.00298459619576738	1.27970340056397	2.53660202062266	2.53361742442689	0.540671878301289	0.164895252862791	-4.28441633014765	0.0223775969698794	5.39458177629534	9.67899810644299	0.0534	0.9752	2.49499933588426	0.00500971101797607	2.48337682967065	4.98535209737326	4.98034238635528	0	NA	NA	NA	NA	NA	NA	1	-1.26280401516738	1.59467398072285	1	-0.0850580250852679	0.00723486763140607	1	-2.06834331378284	4.27804406367017	1	0.261760769238627	0.0685187003123979	1.00082460878006	3695.9846301806	0	1.00138951870645	9784.61607669372	0	0.0148669741326124	-0.23502372775	0.013700493	0.26852999225	0.18082419845228	0.000409864783500005	0.180488615	0.3587255095
784	7	7	benefit_positive_truncnorm	benefit_positive_truncnorm	continuous	1	increasing	benefit	1	1	NA	2.47316913084228	5.31014126297354	700	252	420	700	700	252	455	0.64	0.35	7.58854960256702	24	24	0	2	1	10	4	1	5000	2500	1	0.95	12	10000	101783	0.9794	1	1.69729223695669	0.0549928858625028	1.69194873797652	3.38005924600987	3.32506636014736	2.60003062488488	1.37299769316615	2.60300877300939	3.8122347486028	2.43923705543665	0.977564825253664	2.46419428329807	0.0111056883112978	0.869443668205288	10.6308325722756	10.6197268839643	0.113	1	7.06800132998824	3.51979416333079	7.04465008056014	10.9226007283177	7.40280656498687	3e-04	NA	NA	NA	NA	NA	NA	1	-0.775876893885593	0.601984954465556	1	0.126861494042596	0.0160938386707196	1	-2.84594697967547	8.09941421112392	1	1.75786006701471	3.09007201520496	1.00172044258108	4374.98989541607	0	1.00161688619724	11546.4066286464	0	0.257475458819427	0.0081904891025	0.2566703	0.50424994	0.3767664642389	0.198334372	0.37677874	0.556791174
791	7	7	benefit_positive_truncnorm	benefit_positive_truncnorm	continuous	1	increasing	benefit	1	1	NA	1.3669635532621	1.9556895868111	700	252	420	700	700	252	494	0.64	0.294285714285714	6.02529798218915	24	24	0	2	1	10	4	1	5000	2500	1	0.95	12	10000	101790	0.9304	0.9884	1.2505245664064	-0.403377960830128	1.24009339117606	2.92272189774398	3.32609985857411	1.44825071346283	0.176528262483823	1.44464081351351	2.72931577178458	2.55278750930076	0.928889810303721	2.34717718600557	-0.242282354342763	0.802166152123503	11.1226589676443	11.3649413219871	0.0353	0.9884	2.75364231638258	0.323380118533355	2.79225847644325	5.06744177812038	4.74406165958702	0	NA	NA	NA	NA	NA	NA	1	-0.116438986855699	0.0135580376599817	1	0.0812871602007281	0.00660760241349884	1	0.391487599194471	0.15326254032305	1	0.797952729571483	0.636728558630581	1.00126293236654	4189.03759255783	0	1.00140189221601	10329.5677542175	0	0.186685386854261	-0.061305719775	0.186662	0.42950041125	0.201871204666131	0.024521881725	0.20133377	0.380776675
798	7	7	benefit_positive_truncnorm	benefit_positive_truncnorm	continuous	1	increasing	benefit	1	1	NA	2.00693680998466	4.29212786982758	700	252	420	700	700	252	475	0.64	0.321428571428571	6.46481071994657	24	24	0	2	1	10	4	1	5000	2500	1	0.95	12	10000	101797	0.9927	0.9999	2.03010337445714	0.403388476513372	2.02076115675572	3.71706380127081	3.31367532475744	2.58624990397305	1.3247502959758	2.58042948543154	3.85189887319399	2.5271485772182	0.992044817927171	3.00583227206525	0.0814019736833563	1.56666798684956	11.6573627885046	11.5759608148212	0.1075	0.9999	5.87825100558211	2.66876889606227	5.67257184988387	9.99435872657487	7.3255898305126	0	NA	NA	NA	NA	NA	NA	1	0.0231665644724752	0.000536689709457351	1	0.579313093988392	0.335603660866403	1	-1.28629559776233	1.65455636482276	1	1.58612313575453	2.51578660177579	1.00083307504913	4255.02625512567	0	1.00172454103715	11719.9780151772	0	0.307171569594004	0.060591134875	0.30690027	0.5581002895	0.3665417667689	0.1863416975	0.36528333	0.550225041
771	7	7	benefit_positive_truncnorm	benefit_positive_truncnorm	continuous	1	increasing	benefit	1	1	NA	1.48416009475083	2.4859566973127	700	252	420	700	700	252	474	0.64	0.322857142857143	7.15200219835205	24	24	0	2	1	10	4	1	5000	2500	1	0.95	12	10000	101770	0.3913	0.9895	-0.219200386230546	-1.85831019261302	-0.225876814910691	1.45294927144826	3.31125946406127	1.45906472605948	0.235381784353771	1.45454594379247	2.70319442448174	2.46781264012796	0.390675074950894	-0.337126235674033	-6.33737663806948	-0.0770539368144671	4.61917198365244	10.9565486217219	0.0327	0.9895	2.8870243480265	0.4192085465598	2.81722982458994	5.76362099565626	5.34441244909646	0	NA	NA	NA	NA	NA	NA	0	-1.70336048098138	2.90143692816911	1	-0.0250953686913538	0.000629777529754978	1	-2.82308293298673	7.96979724652097	1	0.401067650713803	0.160855260449089	1.00154879509255	4094.7563535309	0	1.00104432142218	10884.8351877341	0	-0.0340799153819276	-0.2821326165	-0.0344187815	0.215399034	0.207772666281217	0.033139652275	0.207133075	0.386486126
819	7	7	benefit_positive_truncnorm	benefit_positive_truncnorm	continuous	1	increasing	benefit	1	1	NA	1.77596690833341	3.30176383631888	700	252	420	700	700	252	469	0.64	0.33	7.10799605819239	24	24	0	2	1	10	4	1	5000	2500	1	0.95	12	10000	101818	0.9256	0.9997	1.23717572450776	-0.454029118535595	1.23544942808027	2.91769884852019	3.37172796705579	2.41510723704661	1.12529967497483	2.41247134909599	3.6865667337291	2.56126705875428	0.921139827700464	1.81875037802841	-0.209000191305539	0.504765418047919	9.50880279462869	9.71780298593422	0.0946	0.9997	4.38845405259683	1.84356600716408	4.32256078171156	7.45436821978188	5.61080221261781	0	NA	NA	NA	NA	NA	NA	1	-0.538791183825657	0.290295939768253	1	0.639140328713196	0.408500359787613	1	-1.48301345829047	2.19932891747067	1	1.08669021627794	1.1808956261542	1.00131287384997	4249.88628332224	0	1.00137583977503	11269.030614568	0	0.1874543553687	-0.069408563225	0.18810383	0.43665968375	0.34402345410204	0.1601138985	0.34321451	0.52888453725
782	7	7	benefit_positive_truncnorm	benefit_positive_truncnorm	continuous	1	increasing	benefit	1	1	NA	2.52689879531095	5.64154359100425	700	252	420	700	700	252	472	0.64	0.325714285714286	7.37915069477385	24	24	0	2	1	10	4	1	5000	2500	1	0.95	12	10000	101781	0.9295	0.9932	1.27507202643056	-0.421547740514266	1.27415660579153	2.95763699043743	3.3791847309517	1.56944133214932	0.310155826201533	1.58294609787751	2.78425633174883	2.47410050554729	0.926909210095051	1.92684412328533	-0.196390807133719	0.53534666303937	9.6736006208806	9.86999142801432	0.0847	0.9932	3.92629919279211	0.740840431256587	3.89158001489104	7.27591938316672	6.53507895191013	0	NA	NA	NA	NA	NA	NA	1	-1.25182676888038	1.5670702592855	1	-0.957457463161627	0.916724793763898	1	-3.71469946771892	13.7989921354712	1	-1.71524439821215	2.94206334559816	1.00127632566032	4033.31594343376	0	1.00166631857896	11588.9195584433	0	0.191724674455651	-0.064953896075	0.192643575	0.438488891	0.226510703705286	0.0442316922	0.22836439	0.40502421525
802	7	7	benefit_positive_truncnorm	benefit_positive_truncnorm	continuous	1	increasing	benefit	1	1	NA	2.01171934437285	3.63780713581374	700	252	420	700	700	252	473	0.64	0.324285714285714	6.07934838744596	24	24	0	2	1	10	4	1	5000	2500	1	0.95	12	10000	101801	0.9976	0.9996	2.41271264304449	0.728692646295835	2.39391529172718	4.15455376760871	3.42586112131287	2.31014553924648	1.02966612632203	2.31009320018457	3.59507738511592	2.56541125879389	0.997293640054127	4.06535948467203	0.148927179158985	2.95234394322434	13.3404575697119	13.1915303905529	0.1132	0.9996	5.89651712668255	2.37061700754033	5.78773885892091	9.97033934660878	7.59972233906845	0	NA	NA	NA	NA	NA	NA	1	0.400993298671636	0.16079562557956	1	0.298426194873632	0.0890581937867547	1	0.427552348858288	0.18280101101424	1	2.25870999086881	5.10177082285056	1.00166108277205	4187.37417134578	0	1.00081760336142	12679.0888006098	0	0.35812508759951	0.109328816	0.3546991	0.6151909035	0.32439579995543	0.14469546	0.324123895	0.50759999175
766	7	7	benefit_positive_truncnorm	benefit_positive_truncnorm	continuous	1	increasing	benefit	1	1	NA	2.32068806047184	4.41696514625072	700	252	420	700	700	252	479	0.64	0.315714285714286	6.67941108049952	24	24	0	2	1	10	4	1	5000	2500	1	0.95	12	10000	101765	0.9937	0.9998	2.09463234208302	0.438651840614538	2.08758176606258	3.77183151849102	3.33317967787649	2.31881723756362	1.06557661369835	2.32306817228364	3.59646146913796	2.53088485543961	0.993432971014493	3.14412930002903	0.096044576170419	1.74125943821327	11.9368743295182	11.8408297533478	0.1168	0.9998	5.65971022870506	2.47213788395271	5.66795580213362	8.86492401683022	6.39278613287751	0	NA	NA	NA	NA	NA	NA	1	-0.226055718388818	0.0511011878162845	1	-0.00187082290821561	3.49997835390431e-06	1	-1.27283584622168	1.62011109142687	1	1.24274508245434	1.54441533996444	1.00187358769725	3924.22253022854	0	1.00136937458293	10487.9047869611	0	0.315856461076469	0.0667808967	0.31584001	0.562097605249999	0.328898433924378	0.1508566325	0.32946749	0.51067976875
813	7	7	benefit_positive_truncnorm	benefit_positive_truncnorm	continuous	1	increasing	benefit	1	1	NA	1.65861498946927	2.80232958244564	700	252	420	700	700	252	489	0.64	0.301428571428571	6.98328191522594	24	24	0	2	1	10	4	1	5000	2500	1	0.95	12	10000	101812	0.9319	0.9492	1.20605693721791	-0.383248732405267	1.19796484964649	2.84069629503995	3.22394502744522	1.04527662692129	-0.201348219804082	1.05643371744484	2.28720232633892	2.488550546143	0.927350427350427	1.69579732242174	-0.180329663965742	0.443793263894465	9.17616158504485	9.35649124901059	0.0874	0.9492	1.87423363352113	-0.334866491325044	1.84121807444439	4.52013360979937	4.85500010112441	0	NA	NA	NA	NA	NA	NA	1	-0.452558052251364	0.204808790657548	1	-0.61333836254798	0.376183946973038	1	-1.1065322600239	1.2244136424736	1	-0.928095948924507	0.861362090410081	1.00084097835921	5055.66465250068	0	1.00157029682631	11047.2394000583	0	0.182449489084784	-0.0600594247	0.182019995	0.425732172	0.147619964955061	-0.02856228195	0.148922865	0.3229968385
796	7	7	benefit_positive_truncnorm	benefit_positive_truncnorm	continuous	1	increasing	benefit	1	1	NA	1.32950013750449	2.11270961161793	700	252	420	700	700	252	489	0.64	0.301428571428571	6.93396996128638	24	24	0	2	1	10	4	1	5000	2500	1	0.95	12	10000	101795	0.9678	1	1.53371138346808	-0.0870657287386424	1.53566304530437	3.19660452629227	3.28367025503091	2.99017442125384	1.74978790454928	2.99445835944497	4.20355225898889	2.45376435443961	0.965671474896567	2.21839844752062	-0.0364236320699028	0.67106648639597	10.2368551729571	10.273278805027	0.1057	1	5.62947963601374	2.60735394829191	5.6112087504072	8.92312393122198	6.31576998293007	0	NA	NA	NA	NA	NA	NA	1	0.204211245963594	0.0417022329780035	0	1.66067428374935	2.75783907670641	1	0.105688835902689	0.0111701300344654	0	3.5167700243958	12.3676714044889	1.00168702739029	4377.03532961181	0	1.00160665435501	10424.2401091821	0	0.234697757434371	-0.0132965983	0.235378505	0.48227681575	0.4301764797008	0.25080440275	0.43044526	0.61022134775
810	7	7	benefit_positive_truncnorm	benefit_positive_truncnorm	continuous	1	increasing	benefit	1	1	NA	2.41567801936548	4.95678548436766	700	252	420	700	700	252	489	0.64	0.301428571428571	7.69037697803377	24	24	0	2	1	10	4	1	5000	2500	1	0.95	12	10000	101809	0.986	0.9999	1.6944794759245	0.168420332643745	1.67632059528355	3.29129519889221	3.12287486624846	2.431719598053	1.2110923958021	2.43809509988041	3.61575941310762	2.40466701730552	0.984924623115578	2.35495842568268	0.037865839182804	0.798433045789144	10.3429602837142	10.3050944445314	0.1244	0.9999	4.19240749504361	1.90172791724265	4.05628593617538	7.11879120087671	5.21706328363406	0	NA	NA	NA	NA	NA	NA	1	-0.721198543440977	0.520127339061387	1	0.0160415786875223	0.00025733224678797	1	-2.60182705868498	6.76950404330535	1	-0.764377989324048	0.584273710563075	1.00147979233345	4282.53626317505	0	1.00122191537386	10225.0394461602	0	0.265933850304608	0.0271240321	0.26421858	0.514268748	0.35386323258272	0.17625869575	0.354382825	0.52895607375
818	7	7	benefit_positive_truncnorm	benefit_positive_truncnorm	continuous	1	increasing	benefit	1	1	NA	1.49600895948061	2.37725466833991	700	252	420	700	700	252	496	0.64	0.291428571428571	6.14282082881781	24	24	0	2	1	10	4	1	5000	2500	1	0.95	12	10000	101817	0.95	0.9598	1.38991875464675	-0.2966207120734	1.37882297399629	3.11081938276626	3.40744009483966	1.11903840472425	-0.117828492791431	1.11844637092459	2.37668160055218	2.49451009334361	0.94874800213106	2.24648932336922	-0.125156445266032	0.689748356270435	10.5027103661749	10.6278668114409	0.0615	0.9598	2.13094067898565	-0.221399732154933	2.09102925510902	4.75815400869408	4.97955374084902	0	NA	NA	NA	NA	NA	NA	1	-0.106090204833853	0.0112551315616888	1	-0.376970554756359	0.142106799153317	1	-0.130765344970694	0.0170995754453045	1	-0.246313989354264	0.0606705813516123	1.0012220513099	4519.17729257464	0	1.00207004134064	9123.23524908911	0	0.206104972907201	-0.0445554579	0.20592603	0.457819571	0.155710606029852	-0.01635642	0.15532196	0.3313518725
773	7	7	benefit_positive_truncnorm	benefit_positive_truncnorm	continuous	1	increasing	benefit	1	1	NA	1.7772625555622	3.01944509194309	700	252	420	700	700	252	484	0.64	0.308571428571429	7.21610655778172	24	24	0	2	1	10	4	1	5000	2500	1	0.95	12	10000	101772	0.5769	0.9984	0.161168184079214	-1.43327744744911	0.153066737693579	1.74217689194329	3.1754543393924	1.87318106946659	0.627123354881754	1.88309533372345	3.1403172718254	2.51319391694364	0.57279211243969	0.216755944815328	-4.29462870764453	0.0426142629706385	5.61625511521362	9.91088382285816	0.0466	0.9984	4.17262069721245	1.30953095494756	4.14841119283063	7.16525836672476	5.85572741177719	0	NA	NA	NA	NA	NA	NA	0	-1.61609437148298	2.61176101753898	1	0.095918513904389	0.00920036130962646	1	-2.80268914712776	7.85506645542773	1	1.15317560526937	1.32981397658837	1.00155135873955	4061.74492496541	0	1.00151266543059	11737.8205298844	0	0.0240127633045996	-0.221451427	0.0242769655	0.26375599325	0.27034560491836	0.0898210238	0.27118941	0.454138744
788	7	7	benefit_positive_truncnorm	benefit_positive_truncnorm	continuous	1	increasing	benefit	1	1	NA	1.58536599751608	2.77089464333154	700	252	420	700	700	252	478	0.64	0.317142857142857	6.448772609931	24	24	0	2	1	10	4	1	5000	2500	1	0.95	12	10000	101787	0.4996	0.8618	-0.000546932126976591	-1.59978602852005	-0.000663325550385174	1.71355000365012	3.31333603217017	0.731742924022237	-0.565176451661619	0.747381270058457	2.00776311006728	2.5729395617289	0.498020833333333	0.0149944626542579	-5.14757923419318	-0.00102536340299819	5.44526616824023	10.5928454024334	0.04	0.8618	1.51667155569922	-1.23722342635151	1.55964263852941	4.09759242550712	5.33481585185863	0	NA	NA	NA	NA	NA	NA	1	-1.58591292964306	2.51511982040903	1	-0.853623073493845	0.728672351601078	1	-2.75590018067729	7.5949858058571	1	-1.25422308763232	1.57307555354996	1.00105407720793	4171.53862433728	0	1.00177790024403	10327.8170810059	0	-0.0010431183439245	-0.2435389435	-0.000111593603	0.2521705525	0.102214603555358	-0.07876939135	0.104367105	0.279950065
778	7	7	benefit_positive_truncnorm	benefit_positive_truncnorm	continuous	1	increasing	benefit	1	1	NA	1.84120054751126	3.70193239898231	700	252	420	700	700	252	478	0.64	0.317142857142857	6.91025210205185	24	24	0	2	1	10	4	1	5000	2500	1	0.95	12	10000	101777	0.9751	0.9999	1.63240633320882	0.00149421742239022	1.61950153444361	3.32056645432042	3.31907223689803	2.34819815391026	1.07882301501982	2.33985221325289	3.59496590345108	2.51614288843126	0.973340769659788	2.35331069245252	-0.00792355770318113	0.741272213361649	10.5568026219237	10.5647261796269	0.1035	0.9999	5.34940695746622	2.35329686124514	5.22058775423692	8.94825315518399	6.59495629393884	0	NA	NA	NA	NA	NA	NA	1	-0.208794214302435	0.0435950239261711	1	0.506997606399	0.257046572894315	1	-1.34862170652979	1.81878050732333	1	1.64747455848391	2.71417242085174	1.00257572374132	4310.40122808025	0	1.00243605735722	11449.1340793926	0	0.244285284674359	0.000210614478575003	0.242862065	0.49186377975	0.33266342984647	0.15176677575	0.33137418	0.5112844585
776	7	7	benefit_positive_truncnorm	benefit_positive_truncnorm	continuous	1	increasing	benefit	1	1	NA	1.98288008790458	4.18250188610896	700	252	420	700	700	252	470	0.64	0.328571428571429	6.37151907914038	24	24	0	2	1	10	4	1	5000	2500	1	0.95	12	10000	101775	0.7509	0.9944	0.572422024407783	-1.07509313138471	0.565159413019381	2.24673768998134	3.32183082136605	1.65102404300585	0.366271157457522	1.65336980246253	2.92116409440511	2.55489293694759	0.746970330129545	0.871126489575536	-2.80794142522044	0.189585180154557	7.70494689983874	10.5128883250592	0.0428	0.9944	4.35943025025473	0.898743503479691	4.38961287497405	7.68162655627929	6.78288305279959	0	NA	NA	NA	NA	NA	NA	1	-1.41045806349679	1.98939194888313	1	-0.331856044898727	0.110128434535826	1	-3.31137539653343	10.9652070167669	1	0.176928364145771	0.0313036460392984	1.00129508606768	4230.10185693938	0	1.00129945301547	10696.5786317156	0	0.0849391992126695	-0.16213527825	0.0847928955	0.3307252695	0.231876037461491	0.051066067575	0.23185678	0.41249255325
786	7	7	benefit_positive_truncnorm	benefit_positive_truncnorm	continuous	1	increasing	benefit	1	1	NA	1.57016083348539	2.85520318259026	700	252	420	700	700	252	500	0.64	0.285714285714286	6.37190978076545	24	24	0	2	1	10	4	1	5000	2500	1	0.95	12	10000	101785	0.2748	0.9873	-0.499208936488319	-2.15943518334325	-0.488161565570993	1.13035447279083	3.28978965613408	1.4556937463571	0.186629616883861	1.44956410508857	2.71118176307593	2.52455214619207	0.273667711598746	-0.68543679624189	-6.85089483443876	-0.150026532688764	2.63799595561971	9.48889079005847	0.043	0.9873	2.79275344108039	0.321858456849285	2.79207297898274	5.32380689121617	5.00194843436688	0	NA	NA	NA	NA	NA	NA	0	-2.0693697699737	4.28229124488102	1	-0.11446708712829	0.0131027140356355	0	-3.54063997883215	12.5361314597045	1	-0.0624497415098713	0.00389997021464974	1.0015766008913	4026.05527409194	0	1.00094257045716	11190.4136560447	0	-0.0755671471603938	-0.32300274575	-0.073627816	0.167672265	0.201613138422995	0.0259592689	0.20048814	0.3770606655
787	7	7	benefit_positive_truncnorm	benefit_positive_truncnorm	continuous	1	increasing	benefit	1	1	NA	2.4242437879892	4.63009933760682	700	252	420	700	700	252	462	0.64	0.34	6.82293896167579	24	24	0	2	1	10	4	1	5000	2500	1	0.95	12	10000	101786	0.9998	1	2.8123653395873	1.12499970309757	2.81548321930152	4.50490422634554	3.37990452324797	2.59875802588908	1.3033759506581	2.59798954700571	3.86741535325533	2.56403940259723	0.999757428744694	4.04017584937522	0.200134348941217	2.99690901632553	12.8461387693365	12.6460044203953	0.1755	1	4.94892450613823	2.20184497903134	4.71029951446752	9.16434009108328	6.96249511205195	1e-04	NA	NA	NA	NA	NA	NA	1	0.388121551598101	0.150638338814918	1	0.174514237899881	0.0304552192297762	1	-0.589923488231599	0.348009721967337	1	0.318825168531408	0.101649488089081	1.00158917311685	4991.16269298962	0	1.00145300124653	10866.0326268843	0	0.42573834972077	0.17635106875	0.426550125	0.679367672	0.3678978476894	0.1842461485	0.36759683	0.551248545
789	7	7	benefit_positive_truncnorm	benefit_positive_truncnorm	continuous	1	increasing	benefit	1	1	NA	1.51375672582321	2.88844584779822	700	252	420	700	700	252	502	0.64	0.282857142857143	5.53276387243052	24	24	0	2	1	10	4	1	5000	2500	1	0.95	12	10000	101788	0.3055	0.8912	-0.416400580713256	-2.07821731483839	-0.411909604819589	1.25922448513415	3.33744179997254	0.797620075197855	-0.441800431840283	0.809918199834159	2.04329405049491	2.4850944823352	0.304172691592646	-0.569317938397429	-6.74364454133484	-0.12243346443058	3.28397590818086	10.0276204495157	0.0318	0.8912	1.48477458798787	-0.873848910230754	1.50915071356497	3.81173603283858	4.68558494306933	0	NA	NA	NA	NA	NA	NA	0	-1.93015730653647	3.72550722797611	1	-0.716136650625355	0.512851702368902	1	-3.45776378619565	11.9561304011261	1	-1.40367125981035	1.97029300561759	1.00119558645547	4670.62503580845	0	1.00165194239407	11791.8084144394	0	-0.0625375786436212	-0.30804152375	-0.0627093925	0.18403762275	0.109618960135507	-0.060515721525	0.11116021	0.281147554
800	7	7	benefit_positive_truncnorm	benefit_positive_truncnorm	continuous	1	increasing	benefit	1	1	NA	1.47420642325838	2.35484947114258	700	252	420	700	700	252	494	0.64	0.294285714285714	6.48110035709826	24	24	0	2	1	10	4	1	5000	2500	1	0.95	12	10000	101799	0.877	1	0.974498277043018	-0.641659667120189	0.956558822178414	2.66310148346208	3.30476115058227	2.65310997174777	1.4218232543849	2.6556753100308	3.87556076389259	2.45373750950769	0.872715545044077	1.40316928611714	-0.418520465119552	0.336082232919009	9.03417840892799	9.45269887404754	0.0698	1	5.27555421402483	2.53274753550409	5.17392364462289	8.65792915559981	6.12518162009572	0	NA	NA	NA	NA	NA	NA	1	-0.499708146215362	0.249708231393994	1	1.17890354848939	1.38981357664088	1	-0.951680185025441	0.905695174570059	0	2.92070474288225	8.53051619509485	1.00121675987554	3928.25871549406	0	1.00145270554936	11885.9803197751	0	0.14566892156563	-0.097318712775	0.143955075	0.39103066825	0.37272699604926	0.19816179475	0.37249575	0.54902751775
777	7	7	benefit_positive_truncnorm	benefit_positive_truncnorm	continuous	1	increasing	benefit	1	1	NA	2.28149599547759	4.30707046590092	700	252	420	700	700	252	480	0.64	0.314285714285714	7.21441259691058	24	24	0	2	1	10	4	1	5000	2500	1	0.95	12	10000	101776	0.9914	0.9999	2.00903494671262	0.357825540597228	1.98879717847774	3.72824619854719	3.37042065794996	2.65330915234407	1.40396047797097	2.65774276223039	3.86898484451885	2.46502436654787	0.990785481514777	3.23775904607977	0.0775007001591009	1.8853925347505	12.179415719593	12.1019150194339	0.1101	0.9999	5.62487368870825	2.83043719608492	5.57325412060425	8.66644462220657	5.83600742612165	0	NA	NA	NA	NA	NA	NA	1	-0.272461048764969	0.0742350230941067	1	0.371813156866473	0.138245023619013	1	-1.06931141982115	1.14342691255992	1	1.31780322280733	1.73660533404139	1.00283784195099	4156.97734288933	0	1.0014622271166	11813.012659652	0	0.303887394371895	0.05563893815	0.30215233	0.559992212	0.3878983842954	0.205248551	0.388596385	0.569049817
801	7	7	benefit_positive_truncnorm	benefit_positive_truncnorm	continuous	1	increasing	benefit	1	1	NA	2.36209936553251	4.93855284068403	700	252	420	700	700	252	492	0.64	0.297142857142857	7.61717765169436	24	24	0	2	1	10	4	1	5000	2500	1	0.95	12	10000	101800	0.995	1	2.15775541711991	0.53012430903925	2.16265387762553	3.80073259702221	3.27060828798296	3.01827842196918	1.79783752500856	3.017019296982	4.23272171230999	2.43488418730143	0.994179831333888	2.98113673652909	0.104517189068043	1.7171900426953	11.1222281350271	11.0177109459591	0.1581	1	5.26657997043253	2.75930479594797	5.10937887886162	8.70561028087229	5.94630548492432	0	NA	NA	NA	NA	NA	NA	1	-0.204343948412607	0.0417564492528541	1	0.656179056436662	0.430570954106108	1	-1.95741610415494	3.83147780480512	1	0.328027129748495	0.107601797851036	1.00172005237028	4677.5881815136	0	1.00175012999691	12549.9347468856	0	0.332527057223836	0.084826929625	0.332756885	0.5802394485	0.4389893859962	0.25840932275	0.43860349	0.6200778335
785	7	7	benefit_positive_truncnorm	benefit_positive_truncnorm	continuous	1	increasing	benefit	1	1	NA	2.48431168048946	5.06689572797174	700	252	420	700	700	252	470	0.64	0.328571428571429	7.79795824100254	24	24	0	2	1	10	4	1	5000	2500	1	0.95	12	10000	101784	0.9984	1	2.44496066996573	0.802512527717923	2.43660828426751	4.08804089173317	3.28552836401525	2.62066063457911	1.41331776579238	2.61526707006681	3.82830561894968	2.4149878531573	0.998038975364628	3.39304863184706	0.147165393633545	2.15222216847565	11.9452018368795	11.7980364432459	0.1841	1	6.06055963285025	2.81986659079738	5.9782166649324	10.1506882039641	7.33082161316667	3e-04	NA	NA	NA	NA	NA	NA	1	-0.0393510105237302	0.00154850202923873	1	0.136348954089651	0.0185910372813417	1	-1.67384709612469	2.80176410120505	1	0.993663904878512	0.987367955858413	1.00172591812112	4400.92141695212	0	1.00132369332618	12327.2414091764	0	0.37595846182988	0.12314113525	0.3742099	0.62436399225	0.3829954046638	0.20629920075	0.38157474	0.56407477475
807	7	7	benefit_positive_truncnorm	benefit_positive_truncnorm	continuous	1	increasing	benefit	1	1	NA	2.43825083523321	4.62360056725782	700	252	420	700	700	252	479	0.64	0.315714285714286	7.38932314442002	24	24	0	2	1	10	4	1	5000	2500	1	0.95	12	10000	101806	1	1	3.77540998354604	2.15802808813059	3.76970698949828	5.45401099913092	3.29598291100033	2.95002101815048	1.74514339182404	2.95561892239881	4.12552572497529	2.38038233315125	1	5.41213828902039	0.355351634918458	4.9084031799797	13.7312026289007	13.3758509939823	0.2826	1	6.30162275262904	3.31903719058543	6.12223783922602	10.3469797802566	7.0279425896712	0	NA	NA	NA	NA	NA	NA	1	1.33715914831283	1.78799458791669	1	0.511770182917275	0.261908720123181	1	0.788537721762575	0.621791738642512	1	1.67802218537122	2.81575845459802	1.00158937747597	4490.4577732671	0	1.001997490829	12215.3520083529	0	0.583759249099	0.33820029725	0.581825875	0.8408950875	0.429317469392	0.25228714225	0.42986511	0.60554380225
790	7	7	benefit_positive_truncnorm	benefit_positive_truncnorm	continuous	1	increasing	benefit	1	1	NA	2.28910125234033	5.19523114037053	700	252	420	700	700	252	499	0.64	0.287142857142857	5.46630335139057	24	24	0	2	1	10	4	1	5000	2500	1	0.95	12	10000	101789	0.8323	0.9998	0.81759147386983	-0.842059994431162	0.808634888508664	2.49434916199418	3.33640915642534	2.33794155479554	1.05419536372638	2.34158427691113	3.57689455450267	2.52269919077629	0.828541557762676	1.29693742822408	-1.11909063935049	0.285426391404251	8.95102645382342	10.0701170931739	0.0435	0.9998	4.41322231817299	1.84679999713003	4.41502429757469	6.87308500049673	5.0262850033667	0	NA	NA	NA	NA	NA	NA	1	-1.4715097784705	2.1653410281343	1	0.0488403024552131	0.00238537514391669	1	-3.89829371214645	15.1966938661605	1	-0.782008822197535	0.611537797994776	1.00229548281031	4223.23548257868	0	1.00158430016101	11747.2534260547	0	0.120576487454909	-0.1268425435	0.12118839	0.3666171815	0.32259208437353	0.144600634	0.32257781	0.49808772
824	7	7	benefit_positive_truncnorm	benefit_positive_truncnorm	continuous	1	increasing	benefit	1	1	NA	1.96738934776453	4.07248859228967	700	252	420	700	700	252	485	0.64	0.307142857142857	6.91029686515234	24	24	0	2	1	10	4	1	5000	2500	1	0.95	12	10000	101823	0.9646	1	1.4730171932298	-0.123238731665637	1.46305439151617	3.17144905509375	3.29468778675938	2.61117591799824	1.36904697918457	2.61759816104226	3.86720518997452	2.49815821078996	0.962659279778393	2.07602626231373	-0.047302767475367	0.592237033431589	9.77117640542421	9.81847917289957	0.0975	1	5.0081393185025	2.46400924064145	4.89518348798058	8.15505973090044	5.69105049025899	0	NA	NA	NA	NA	NA	NA	1	-0.494372154534724	0.244403827179305	1	0.643786570233714	0.414461148013289	1	-1.99646232997594	3.98586183501295	1	0.935650726212827	0.87544228146259	1.00069695164496	4266.25599393525	0	1.00086456642909	11231.7367210186	0	0.22220793802187	-0.01866939075	0.22182258	0.4703557745	0.3702192012224	0.19326321925	0.371054535	0.5513010375
799	7	7	benefit_positive_truncnorm	benefit_positive_truncnorm	continuous	1	increasing	benefit	1	1	NA	1.8542206313609	3.60558881869634	700	252	420	700	700	252	481	0.64	0.312857142857143	6.48427702621524	24	24	0	2	1	10	4	1	5000	2500	1	0.95	12	10000	101798	0.9779	0.9998	1.7040565410664	0.0346536912693893	1.68771300222806	3.44713548004965	3.41248178878026	2.29813670777168	1.00856760865854	2.2978241624233	3.5640492684668	2.55548165980826	0.976528925619835	2.53436312540737	0.00524116187406191	0.887100775013737	11.0458846459578	11.0406434840837	0.0925	0.9998	4.56596970527878	1.7224379536306	4.4719850761962	7.92926910543977	6.20683115180917	0	NA	NA	NA	NA	NA	NA	1	-0.150164090294504	0.0225492540139758	1	0.443916076410776	0.197061482895938	1	-1.07122569328897	1.14752448596243	1	0.960380886582442	0.922331447312877	1.00184440959585	4420.13560031324	0	1.00124053849258	10474.2143067813	0	0.254381861031069	0.00533064629000001	0.253037145	0.50813977575	0.32186702269812	0.140310104	0.321876005	0.50221379725
775	7	7	benefit_positive_truncnorm	benefit_positive_truncnorm	continuous	1	increasing	benefit	1	1	NA	2.07835443573845	4.20375168359897	700	252	420	700	700	252	476	0.64	0.32	7.18940358974688	24	24	0	2	1	10	4	1	5000	2500	1	0.95	12	10000	101774	0.9769	1	1.68180610584009	0.0286176247973421	1.68195039797286	3.29692153244692	3.26830390764958	2.35250727411034	1.1210441182023	2.35129179055126	3.56217634914545	2.44113223094315	0.975330994681453	2.36498661119559	0.00232924646323873	0.817006052328066	10.3702731944803	10.3679439480171	0.1163	1	5.0754183578956	2.06599312965369	4.96408807728201	8.69230861177366	6.62631548211997	0	NA	NA	NA	NA	NA	NA	1	-0.396548329898352	0.157250577945172	1	0.274152838371899	0.0751597787873683	1	-1.83876507240339	3.38105699149063	1	0.871666674296632	0.759802791079351	1.00148930399166	4400.71844863966	0	1.00133211439065	9785.00730149281	0	0.254763116462948	0.0044119714225	0.2558972	0.49687603825	0.3356594297662	0.159777337	0.33550766	0.51115289225
805	7	7	benefit_positive_truncnorm	benefit_positive_truncnorm	continuous	1	increasing	benefit	1	1	NA	2.44280419611313	4.31127833572582	700	252	420	700	700	252	473	0.64	0.324285714285714	7.17404804811875	24	24	0	2	1	10	4	1	5000	2500	1	0.95	12	10000	101804	0.9997	1	2.82054779865431	1.12702169534854	2.83744902552163	4.49565914410504	3.3686374487565	2.98401437011688	1.73522454207145	2.97982256392739	4.24605151479296	2.51082697272151	0.999758745476478	4.38431690214555	0.215815053259928	3.42622707228047	13.05528650668	12.83947145342	0.171	1	6.28471955064573	3.33457206923851	6.13019286353691	10.0265416845039	6.69196961526544	0	NA	NA	NA	NA	NA	NA	1	0.377743602541188	0.142690229260795	1	0.541210174003755	0.292908452445175	1	0.0730385664197373	0.00533463218465037	1	1.97344121491992	3.89447022874459	1.00160209073071	4476.0483382928	0	1.00121994473174	11611.540379896	0	0.4239506581727	0.17093391675	0.42588046	0.67270951525	0.4230629862055	0.243597917	0.42145934	0.60637380625
792	7	7	benefit_positive_truncnorm	benefit_positive_truncnorm	continuous	1	increasing	benefit	1	1	NA	1.98403789963051	3.50461103913412	700	252	420	700	700	252	481	0.64	0.312857142857143	6.73781604049427	24	24	0	2	1	10	4	1	5000	2500	1	0.95	12	10000	101791	0.9994	1	2.89755754115949	1.24367129758732	2.89862582790764	4.6274167683312	3.38374547074387	2.62155741074377	1.36390022248347	2.62390685637321	3.89841855945401	2.53451833697054	0.999272197962154	4.12173511235177	0.206880066937096	3.17709066219754	12.8618885765216	12.6550085095845	0.1756	1	5.8132968596271	2.65260356266949	5.70488601913159	9.29439166587503	6.64178810320554	0	NA	NA	NA	NA	NA	NA	1	0.913519641528972	0.834518135459222	1	0.637519511113255	0.406431127050084	1	0.617124073217654	0.380842121744748	1	2.30868582049298	5.33003021774534	1.00100026384169	4977.6957424765	0	1.00106060641589	10156.2369922369	0	0.43993200161608	0.19258537325	0.439676115	0.6979380685	0.3727971864887	0.193399262	0.372362025	0.55827326425
806	7	7	benefit_positive_truncnorm	benefit_positive_truncnorm	continuous	1	increasing	benefit	1	1	NA	2.33424309965482	4.36229147067926	700	252	420	700	700	252	493	0.64	0.295714285714286	7.71148997686426	24	24	0	2	1	10	4	1	5000	2500	1	0.95	12	10000	101805	0.9894	1	1.87995219542154	0.295283247460642	1.87162334268709	3.4797431034681	3.18445985600745	2.97521820400786	1.78312370771699	2.97600632403897	4.15431222401364	2.37118851629664	0.988021863007326	2.61788088560406	0.0570881471051664	1.07438057735988	10.627487474266	10.5703993271608	0.1401	1	5.65244508869012	3.0570848541115	5.54594060292104	9.15470282131885	6.09761796720735	0	NA	NA	NA	NA	NA	NA	1	-0.454290904233275	0.206380225669086	1	0.640975104353044	0.410849084400396	1	-1.7444105850752	3.0429682893224	1	1.29015361801086	1.6644963580665	1.00106633906465	4464.38461606241	0	1.00155655802495	11127.9852421365	0	0.290437153340312	0.046843477	0.289636795	0.5357179445	0.4358241096902	0.25957973	0.435114905	0.61185523225
781	7	7	benefit_positive_truncnorm	benefit_positive_truncnorm	continuous	1	increasing	benefit	1	1	NA	2.21689852883515	4.00854305190504	700	252	420	700	700	252	490	0.64	0.3	7.55997175511103	24	24	0	2	1	10	4	1	5000	2500	1	0.95	12	10000	101780	0.9995	1	2.91351491906477	1.2519128542616	2.91460013759783	4.57627215648789	3.32435930222629	2.47392064628309	1.25654435605958	2.47205119789428	3.69543092310682	2.43888656704724	0.999380574826561	4.25091480435774	0.217079816484695	3.30762487235299	12.6821806386383	12.4651008221536	0.1928	1	4.55045814196836	2.19458862688625	4.4553008594405	7.34753071518779	5.15294208830153	0	NA	NA	NA	NA	NA	NA	1	0.696616390229618	0.485274395136544	1	0.257022117447942	0.0660603688574235	1	0.242371752452707	0.0587440663869961	1	0.541915090063323	0.29367196483834	1.00077577707545	4616.15174880205	0	1.00190946227177	11766.6925320537	0	0.442399550651233	0.19117893525	0.440991475	0.69646301975	0.3539747938413	0.17908674625	0.35378634	0.53182977425
814	7	7	benefit_positive_truncnorm	benefit_positive_truncnorm	continuous	1	increasing	benefit	1	1	NA	2.39632125015527	4.81339741278909	700	252	420	700	700	252	475	0.64	0.321428571428571	6.99219240647297	24	24	0	2	1	10	4	1	5000	2500	1	0.95	12	10000	101813	0.8604	0.9999	0.917211746410513	-0.672301408358791	0.908524298717204	2.57952822110563	3.25182962946442	2.24503276334931	0.986802269787427	2.24609412512906	3.47758320482415	2.49078093503673	0.856072126873778	1.33547334058413	-0.431477425110227	0.310450361431897	8.50467977451363	8.93615719962386	0.0794	0.9999	5.25917771118514	1.97752279858485	5.21842288350049	8.90670949763925	6.92918669905439	0	NA	NA	NA	NA	NA	NA	1	-1.47910950374475	2.18776492406805	1	-0.151288486805961	0.0228882062400373	1	-3.47792407220496	12.0959558520227	1	0.445780298396053	0.198720074438074	1.00165050520783	3954.46470522993	0	1.0011644942874	10919.7753258295	0	0.139718967272483	-0.10402641225	0.139046435	0.391328229	0.32349024812841	0.14209247625	0.32319486	0.50401700975
834	7	7	benefit_positive_truncnorm	benefit_positive_truncnorm	continuous	1	increasing	benefit	1	1	NA	1.97150590654391	3.97632792693569	700	252	420	700	700	252	502	0.64	0.282857142857143	6.45365583950384	24	24	0	2	1	10	4	1	5000	2500	1	0.95	12	10000	101833	0.9354	0.9993	1.30210292550361	-0.382612640021836	1.29920558111445	2.97420156833564	3.35681420835748	1.92296414494738	0.660904893448557	1.92873309325875	3.16415250299208	2.50324760954352	0.932385500325592	1.93953674294156	-0.166060608348399	0.548572351231207	9.78473814362801	9.95079875197641	0.0786	0.9993	3.46875329434499	1.10337123862844	3.36239350094104	6.44152462421233	5.33815338558389	0	NA	NA	NA	NA	NA	NA	1	-0.669402981040295	0.448100351025634	1	-0.0485417615965309	0.00235630261889444	1	-2.03679118399413	4.14851832719621	1	-0.507574632590706	0.257632007649591	1.00154531353584	4419.11342737742	0	1.00136534727659	10574.7133811906	0	0.193873750806657	-0.057232970775	0.194227455	0.4422948875	0.27028762167049	0.09262679905	0.27053323	0.4489085075
793	7	7	benefit_positive_truncnorm	benefit_positive_truncnorm	continuous	1	increasing	benefit	1	1	NA	2.33744944950759	4.85495774171021	700	252	420	700	700	252	483	0.64	0.31	7.3056661317947	24	24	0	2	1	10	4	1	5000	2500	1	0.95	12	10000	101792	0.9949	1	2.23683857910565	0.567818913573305	2.24010091733613	3.91159370248958	3.34377478891628	2.68827634670878	1.43672250718077	2.68950321956824	3.92128884419329	2.48456633701253	0.994391025641026	3.40915017254042	0.115674586022098	2.15589553501097	11.8213072905111	11.705632704489	0.1264	1	4.87916253450549	2.29754883218435	4.76922466338442	8.15310945126522	5.85556061908086	0	NA	NA	NA	NA	NA	NA	1	-0.100610870401937	0.0101225472430353	1	0.350826897201188	0.123079511799813	1	-1.44580756916978	2.09035952706864	1	0.0242047927952882	0.000585871994262836	1.00124324542028	4203.09472404785	0	1.00176962852964	11380.3539268383	0	0.33587384586886	0.08612072715	0.3358755	0.58585625475	0.3854553669833	0.20533233725	0.385432005	0.56508329225
803	7	7	benefit_positive_truncnorm	benefit_positive_truncnorm	continuous	1	increasing	benefit	1	1	NA	1.86748111208562	3.20976058544662	700	252	420	700	700	252	470	0.64	0.328571428571429	7.2998035665293	24	24	0	2	1	10	4	1	5000	2500	1	0.95	12	10000	101802	0.9987	1	2.54916415693347	0.912474291475748	2.553365452944	4.21697510041408	3.30450080893833	3.498583672391	2.2534569797253	3.49959492806443	4.74883690260321	2.49537992287791	0.998569384835479	3.73620702169118	0.167658806258653	2.63621169442788	12.2333934801655	12.0657346739069	0.1612	1	8.271872564584	4.93241707770102	8.05181198553525	12.274870614382	7.34245353668101	4e-04	NA	NA	NA	NA	NA	NA	1	0.681683044847853	0.46469177363304	0	1.63110256030538	2.66049556223478	1	0.526446436244564	0.277145850234602	0	5.06211197913739	25.6249776893262	1.00140041400252	4478.57742619244	0	1.001373153382	11145.5333661756	0	0.384115095537875	0.13986034575	0.384465775	0.632624691	0.501139494393	0.3209986155	0.501107365	0.68532672575
797	7	7	benefit_positive_truncnorm	benefit_positive_truncnorm	continuous	1	increasing	benefit	1	1	NA	1.9059698050182	3.52120239499008	700	252	420	700	700	252	485	0.64	0.307142857142857	6.89685823317318	24	24	0	2	1	10	4	1	5000	2500	1	0.95	12	10000	101796	0.996	0.9986	2.22662286687816	0.614931495154232	2.22125574140635	3.88435586572841	3.26942437057418	1.81828458828363	0.571606875437312	1.82262752793736	3.03607493705858	2.46446806162127	0.995562302931216	3.1962509252138	0.117590242455956	1.89270143317411	11.6764499978466	11.5588597553907	0.1437	0.9986	3.81047679538163	0.979343326150907	3.88456740088132	6.48523577870349	5.50589245255258	0	NA	NA	NA	NA	NA	NA	1	0.320653061859955	0.102818386080164	1	-0.0876852167345716	0.0076886972337888	1	-0.32495146977628	0.105593457709764	1	0.289274400391551	0.0836796787218915	1.00211713030572	4111.31261743258	0	1.00163849310719	11471.1378352055	0	0.344614952153773	0.096565875125	0.344345015	0.59425809875	0.26260836069354	0.082291652525	0.263086915	0.4411476145
823	7	7	benefit_positive_truncnorm	benefit_positive_truncnorm	continuous	1	increasing	benefit	1	1	NA	1.73761492146163	3.40559326945119	700	252	420	700	700	252	459	0.64	0.344285714285714	7.32549869978218	24	24	0	2	1	10	4	1	5000	2500	1	0.95	12	10000	101822	0.5316	0.9494	0.0630111079029362	-1.53883069926326	0.0641042749828049	1.66698359256195	3.20581429182521	1.04635287755731	-0.202243761581736	1.04789748155701	2.28725131630975	2.48949507789148	0.529505244199597	0.0970676851881439	-4.64055638277422	0.018024772551863	5.33247887843217	9.97303526120639	0.0561	0.9494	2.14602202456334	-0.361704815078291	1.99598370659367	5.62002280728747	5.98172762236576	0	NA	NA	NA	NA	NA	NA	0	-1.67460381355869	2.80429793238531	1	-0.691262043904317	0.477843213342774	1	-3.30852558426305	10.9463415417231	1	-1.25957124488785	1.58651972094833	1.0013660464137	3876.74599176426	0	1.00113490687458	11205.1810988868	0	0.0090988088616389	-0.24148270175	0.010023402	0.25645032425	0.153869587342135	-0.029757598175	0.15409856	0.33836359875
812	7	7	benefit_positive_truncnorm	benefit_positive_truncnorm	continuous	1	increasing	benefit	1	1	NA	2.06040416474397	3.97932421972373	700	252	420	700	700	252	490	0.64	0.3	6.3840064227589	24	24	0	2	1	10	4	1	5000	2500	1	0.95	12	10000	101811	0.9183	0.9998	1.1673852500873	-0.466599179275405	1.1665801575279	2.82590112459942	3.29250030387482	2.31496872998341	1.08699642027939	2.31395813330458	3.56765905808424	2.48066263780485	0.915161876268832	1.81051688229057	-0.227246726013589	0.49375059200452	9.72598156649306	9.95322829250665	0.0641	0.9998	4.99272085454037	1.88794255168972	4.958449282996	8.43874668547111	6.5508041337814	0	NA	NA	NA	NA	NA	NA	1	-0.893018914656667	0.797482781934572	1	0.254564565239442	0.064803117875546	1	-2.16880733743316	4.70372526690392	1	1.01339663481664	1.02697273945769	1.00166874407995	4169.17344219592	0	1.00224123910492	10920.929538154	0	0.176239374107648	-0.07209445785	0.176993815	0.423006015	0.32501011856736	0.15275010475	0.32467368	0.50329961175
804	7	7	benefit_positive_truncnorm	benefit_positive_truncnorm	continuous	1	increasing	benefit	1	1	NA	1.32226500828994	2.01796518636871	700	252	420	700	700	252	505	0.64	0.278571428571429	6.42426062421332	24	24	0	2	1	10	4	1	5000	2500	1	0.95	12	10000	101803	0.9011	0.9994	1.08012778627268	-0.527646129807508	1.06358157029561	2.77298549309648	3.30063162290398	2.29707444490663	1.02686748907188	2.29981142679002	3.54776815146699	2.52090066239511	0.898408944313051	1.65093320015714	-0.337340831676751	0.407848510281601	9.38294895993387	9.72028979161062	0.0698	0.9994	4.76360753447775	1.94573877173786	4.70149219303186	7.91900357410429	5.97326480236643	0	NA	NA	NA	NA	NA	NA	1	-0.242137222017262	0.0586304342862369	1	0.974809436616689	0.950253437716946	1	-0.367031986211575	0.134712478902414	1	2.74564234810904	7.53855190372972	1.00146436249104	4221.56117762873	0	1.00191907445534	11139.1640395712	0	0.160306729205842	-0.08042777735	0.15894876	0.4053564395	0.32335333180378	0.14420734875	0.32344242	0.50153578425
826	7	7	benefit_positive_truncnorm	benefit_positive_truncnorm	continuous	1	increasing	benefit	1	1	NA	1.65962054294218	2.92675898517012	700	252	420	700	700	252	496	0.64	0.291428571428571	6.30712677851946	24	24	0	2	1	10	4	1	5000	2500	1	0.95	12	10000	101825	0.4071	0.9309	-0.188881712113907	-1.77062043228648	-0.190228765590466	1.4091659029694	3.17978633525587	0.948807073827355	-0.294546903798268	0.945347266426196	2.18165242176497	2.47619932556324	0.405646668050654	-0.249422316060683	-5.80305804670756	-0.0569025067715367	4.32959742917928	10.1326554758868	0.0366	0.9309	1.82105306054224	-0.559805112149559	1.81408885905819	4.31465805169574	4.8744631638453	0	NA	NA	NA	NA	NA	NA	0	-1.84850225505609	3.41696058694745	1	-0.710813469114827	0.505255787875055	1	-3.1761813012308	10.0881276582882	1	-1.10570592462788	1.22258559175721	1.00132876618701	3961.78966778474	0	1.00135551507241	10182.3400441669	0	-0.0301535999201456	-0.27774641525	-0.0296922095	0.21843259875	0.134360896033442	-0.04189795395	0.133783255	0.3110777025
811	7	7	benefit_positive_truncnorm	benefit_positive_truncnorm	continuous	1	increasing	benefit	1	1	NA	1.86394292502883	3.28576655899485	700	252	420	700	700	252	493	0.64	0.295714285714286	5.76410898189429	24	24	0	2	1	10	4	1	5000	2500	1	0.95	12	10000	101810	0.8388	0.9996	0.845896242847717	-0.793311042537332	0.835198804916645	2.53471597637647	3.3280270189138	2.20530709208795	0.937249874576539	2.21164630824704	3.44733518177437	2.51008530719783	0.836155221369229	1.22402199955705	-0.650922497423479	0.272560787783875	8.38683719628465	9.03775969370813	0.0491	0.9996	3.42704640583342	1.18285912996173	3.40050877002842	5.87798087747932	4.69512174751759	0	NA	NA	NA	NA	NA	NA	1	-1.01804668218111	1.03641904709996	1	0.341364167059122	0.116529494551968	1	-2.0617445594378	4.25079062837138	1	0.141279846838567	0.0199599951227289	1.00091922843838	4174.81271563718	0	1.00111900438239	10366.4917485715	0	0.126356301830906	-0.1190370035	0.126504945	0.37240104925	0.30479859400992	0.1286605755	0.30509466	0.477674281
822	7	7	benefit_positive_truncnorm	benefit_positive_truncnorm	continuous	1	increasing	benefit	1	1	NA	1.89895070582648	3.57803065014541	700	252	420	700	700	252	476	0.64	0.32	6.68368268444651	24	24	0	2	1	10	4	1	5000	2500	1	0.95	12	10000	101821	0.9998	1	2.70244536242278	1.07882907493402	2.70724738483921	4.37668597899274	3.29785690405872	3.31141280313754	2.06793595810103	3.31228641680414	4.56357527301039	2.49563931490936	0.999761904761905	3.93461939876288	0.173620798653712	2.82477390902404	12.709099765127	12.5354789664733	0.16	1	7.87932015875613	4.25347558480816	7.8707540318864	11.8196608681246	7.56618528331646	0	NA	NA	NA	NA	NA	NA	1	0.803494656596294	0.645603663178796	0	1.41246209731105	1.99504917634034	1	0.356588748617466	0.12715553564057	0	4.30128950861072	18.5010914368846	1.00190567140764	4815.19869156138	0	1.00230681637165	10850.1303526056	0	0.410666191030971	0.16487800275	0.409815905	0.6655733555	0.473970755651	0.2929191695	0.47426627	0.6587985775
808	7	7	benefit_positive_truncnorm	benefit_positive_truncnorm	continuous	1	increasing	benefit	1	1	NA	2.07676298813414	4.2073991219757	700	252	420	700	700	252	487	0.64	0.304285714285714	6.07016316277716	24	24	0	2	1	10	4	1	5000	2500	1	0.95	12	10000	101807	0.9888	1	1.94135853917443	0.282515478103549	1.92558309498161	3.64897663931663	3.36646116121308	2.65496875211972	1.4058863546876	2.66160834736837	3.88152679466866	2.47564043998106	0.988084730803177	3.08748762325496	0.0615480272149586	1.64717426486456	11.9782991806951	11.9167511534802	0.0936	1	5.41291267275676	2.49120771457131	5.37133785104313	9.02906499819293	6.53785728362162	0	NA	NA	NA	NA	NA	NA	1	-0.135404448959711	0.018334364798083	1	0.57820576398558	0.334321905506148	1	-1.11991149872074	1.25420176496692	1	1.20551355078107	1.45326292111678	1.00153841897821	4411.76929422674	0	1.00166861911033	11133.3959660775	0	0.28748014079356	0.043271858025	0.286132215	0.536907663	0.368517890644	0.19467765425	0.36934999	0.54334293925
809	7	7	benefit_positive_truncnorm	benefit_positive_truncnorm	continuous	1	increasing	benefit	1	1	NA	1.95054919475727	4.17372552784913	700	252	420	700	700	252	452	0.64	0.354285714285714	7.73343893193306	24	24	0	2	1	10	4	1	5000	2500	1	0.95	12	10000	101808	0.8587	0.999	0.885235348322896	-0.74738326229302	0.877268432711968	2.56861597160708	3.3159992339001	2.00833661944038	0.735815597978845	2.00921854812204	3.26387607002497	2.52806047204613	0.854059384244549	1.25305193917232	-0.651607088519803	0.297641489098194	8.16803099436042	8.81963808288022	0.0873	0.998999899989999	5.27742090506307	1.64099116521987	5.10782750863279	9.62845881195835	7.98746764673849	1e-04	NA	NA	NA	NA	NA	NA	1	-1.06531384643438	1.13489359140481	1	0.0577874246831045	0.00333938645150547	1	-2.92067358867681	8.53033421159428	1	1.10369537721394	1.21814348568343	1.00109277800596	4487.17914236146	0	1.00162345461451	11404.225124418	0	0.133789693778026	-0.11500926675	0.13263911	0.384756739	0.29238064811458	0.10739085675	0.29226637	0.47799636925
836	7	7	benefit_positive_truncnorm	benefit_positive_truncnorm	continuous	1	increasing	benefit	1	1	NA	2.44534713726972	5.29325017585259	700	252	420	700	700	252	455	0.64	0.35	7.65332921421004	24	24	0	2	1	10	4	1	5000	2500	1	0.95	12	10000	101835	0.9993	1	2.70054832739257	1.0873119196461	2.70144627131529	4.35081297088651	3.26350105124041	3.25314827442917	2.00367368119298	3.26271480092752	4.48935273404144	2.48567905284846	0.99913237481408	3.86687799335819	0.188128261831642	2.86348173535093	12.1220480431589	11.9339197813273	0.1932	1	8.05068658015549	4.30800516485088	8.09973094787876	12.3421879130898	8.03418274823888	0.014	NA	NA	NA	NA	NA	NA	1	0.25520119012285	0.065127647440119	1	0.807801137159456	0.652542677196111	1	-1.4263721824944	2.03453760299384	1	2.7574364043029	7.60345552377488	1.00166322228795	4125.88823905467	0	1.00131220035017	12515.4130921506	0	0.41936848558356	0.17117377525	0.417046475	0.67314731425	0.477459197323	0.29073664625	0.478959255	0.66457118575
827	7	7	benefit_positive_truncnorm	benefit_positive_truncnorm	continuous	1	increasing	benefit	1	1	NA	2.46814732820878	5.25060826088679	700	252	420	700	700	252	478	0.64	0.317142857142857	6.76490287988817	24	24	0	2	1	10	4	1	5000	2500	1	0.95	12	10000	101826	0.9998	1	3.07999520957344	1.38068655675872	3.08172235438252	4.79026685751152	3.4095803007528	3.59394144830161	2.33448875097678	3.5968520214586	4.84398063036002	2.50949187938325	0.999751891824836	4.36708538850641	0.237412693772504	3.3897493259792	13.2228841421863	12.9854714484138	0.1939	1	7.93260894059988	4.39300431985639	7.71923415758324	12.3323607460366	7.93935642618025	4e-04	NA	NA	NA	NA	NA	NA	1	0.61184788136466	0.374357829930423	1	1.12579412009283	1.2674124008356	1	-0.883522872380385	0.780612666019286	1	2.68200067971309	7.19312764598148	1.00240533943571	4092.57809064033	0	1.00176976162519	11518.0797372853	0	0.460935188842	0.210808795	0.460389515	0.71311604625	0.509300562194	0.32959912975	0.50922674	0.6920377555
853	7	7	benefit_positive_truncnorm	benefit_positive_truncnorm	continuous	1	increasing	benefit	1	1	NA	2.66710991577311	5.62736713999442	700	252	420	700	700	252	477	0.64	0.318571428571429	6.98744908727311	24	24	0	2	1	10	4	1	5000	2500	1	0.95	12	10000	101852	0.9987	1	2.44912223050155	0.823658160297753	2.45118596759201	4.12065468492501	3.29699652462726	2.6683599826916	1.39736271929693	2.67861813292468	3.91404030476383	2.5166775854669	0.998572787821123	3.55547112415259	0.148779015167428	2.3319442357632	12.1209862630471	11.9722072478796	0.1592	1	5.96865517295694	2.89698874208034	5.96729776332297	9.20760777173287	6.31061902965254	0	NA	NA	NA	NA	NA	NA	1	-0.217987685271563	0.0475186309300538	1	0.00125006691849139	1.56266730070655e-06	1	-2.07189601584183	4.29275310046127	1	0.34128803296252	0.116477521443426	1.00186119552358	4077.11796816148	0	1.00155598503822	10488.5631076575	0	0.37168036851506	0.13066320225	0.371992025	0.6206868515	0.3828581455867	0.19999409925	0.383088055	0.5615335645
820	7	7	benefit_positive_truncnorm	benefit_positive_truncnorm	continuous	1	increasing	benefit	1	1	NA	1.54064793472856	2.72987939262074	700	252	420	700	700	252	482	0.64	0.311428571428571	6.47281179744888	24	24	0	2	1	10	4	1	5000	2500	1	0.95	12	10000	101819	0.9743	0.9995	1.61437953745232	-0.00740057544407212	1.59066907612065	3.27600994981684	3.28341052526091	2.00624895780196	0.723512813756051	2.02486564136658	3.22747597216744	2.50396315841139	0.972658394641485	2.4745524605104	-0.00774783231239642	0.870983094815454	10.646424263283	10.6541720955954	0.0893	0.9995	3.94171707771313	1.36169703176987	3.92441555224559	7.06449404700245	5.70279701523259	0	NA	NA	NA	NA	NA	NA	1	0.0737316027237578	0.00543634924021405	1	0.465601023073402	0.216784312686999	1	-0.25532693211034	0.0651918422608783	1	1.2118376850924	1.4685505750101	1.0015177773891	4165.64885641099	0	1.00195879648531	11023.9017496025	0	0.24199666004057	-0.00114105295499999	0.239743365	0.48946089475	0.28292820019731	0.10090194575	0.28492117	0.4584547025
828	7	7	benefit_positive_truncnorm	benefit_positive_truncnorm	continuous	1	increasing	benefit	1	1	NA	2.01291039334214	3.95435688615494	700	252	420	700	700	252	489	0.64	0.301428571428571	6.44490148852173	24	24	0	2	1	10	4	1	5000	2500	1	0.95	12	10000	101827	0.7256	0.9831	0.5120008205623	-1.15570874668516	0.506008090433291	2.19402383959399	3.34973258627915	1.35846396841204	0.095440115441659	1.36298083067642	2.63846475415222	2.54302463871056	0.722520813573612	0.764282832176815	-2.55964775644874	0.154160797257511	7.49641312164223	10.056060878091	0.0511	0.9831	2.79081792722144	0.195187699764901	2.8063260694411	5.65669492751153	5.46150722774663	0	NA	NA	NA	NA	NA	NA	1	-1.50090957277984	2.25272954566215	1	-0.654446424930102	0.428300123103792	1	-3.19007405397812	10.1765724698644	1	-1.1635389589335	1.35382290895605	1.00111689991187	4275.74039731734	0	1.00198107028461	8118.64902151229	0	0.0755477101797804	-0.17487573675	0.0763255555	0.3232867975	0.18795474261475	0.0131577212	0.188432985	0.364779182
850	7	7	benefit_positive_truncnorm	benefit_positive_truncnorm	continuous	1	increasing	benefit	1	1	NA	2.5778507758098	5.23546110046222	700	252	420	700	700	252	462	0.64	0.34	7.6173625100135	24	24	0	2	1	10	4	1	5000	2500	1	0.95	12	10000	101849	0.5261	0.997	0.0541774348075184	-1.52943662325224	0.0530656724483984	1.69000570878855	3.21944233204079	1.81678892697346	0.551245233796167	1.817122036784	3.10914774738147	2.5579025135853	0.521446862996159	0.0741551209898149	-4.62640301680329	0.0115085735238329	5.15172214113018	9.77812515793347	0.0628	0.997	3.42685821309305	0.78026903797991	3.10671801381894	7.72633917417702	6.94607013619711	0	NA	NA	NA	NA	NA	NA	0	-2.52367334100228	6.36892713208561	1	-0.761061848836338	0.579215137754185	0	-5.1613059794724	26.6390794137376	1	-1.80860288736916	3.27104440420007	1.00170078096075	4285.71941539813	0	1.00146842143387	11126.4132775362	0	0.0078748525053967	-0.23909450675	0.0080622871	0.2575797205	0.261991748752668	0.079938486275	0.26137344	0.45068291675
832	7	7	benefit_positive_truncnorm	benefit_positive_truncnorm	continuous	1	increasing	benefit	1	1	NA	1.86518308006936	3.39205161096604	700	252	420	700	700	252	504	0.64	0.28	6.44224432152984	24	24	0	2	1	10	4	1	5000	2500	1	0.95	12	10000	101831	0.9805	0.9999	1.78757981216983	0.0946324976984628	1.78833821105911	3.52688531979142	3.43225282209295	2.30271100029643	1.05727849459791	2.3047567273648	3.5236379394121	2.46635944481419	0.978928690251747	2.64136249096943	0.0178218892547704	0.991471244480412	11.1914915128654	11.1736696236106	0.0983	0.9999	4.52270264378989	1.92454333918857	4.36695540474212	7.72692361902197	5.8023802798334	0	NA	NA	NA	NA	NA	NA	1	-0.0776032678995304	0.00602226718868629	1	0.437527920227067	0.191430680978222	1	-0.750689119996609	0.563534154881283	1	1.13065103282386	1.27837175802565	1.00127656625894	4728.13505111998	0	1.00135637737944	11097.8509274718	0	0.268634936175834	0.01417104725	0.26886164	0.525831556	0.32495889710538	0.149095615	0.32525151	0.50003874575
851	7	7	benefit_positive_truncnorm	benefit_positive_truncnorm	continuous	1	increasing	benefit	1	1	NA	1.93180582561051	3.3128336285143	700	252	420	700	700	252	467	0.64	0.332857142857143	6.94841554384716	24	24	0	2	1	10	4	1	5000	2500	1	0.95	12	10000	101850	0.499	0.9793	-0.000812019748824558	-1.64367294681619	-0.00230817800038441	1.62757815146567	3.27125109828186	1.33163209184853	0.0368459108142827	1.33086164186767	2.61380539994958	2.57695948913529	0.495750106247344	0.029211237050294	-4.9411775620531	-0.00258095624102284	5.13597406228257	10.0771516243357	0.0588	0.9793	3.0608993566386	0.0703251227936698	2.96253075132553	6.95084506162824	6.88051993883457	0	NA	NA	NA	NA	NA	NA	0	-1.93261784535934	3.73501173620136	1	-0.600173733761984	0.3602085106978	1	-3.28362239146401	10.7821760097238	1	-0.251934271875702	0.06347087734554	1.00188948806271	3994.03812097377	0	1.00131512374857	10381.9924957	0	-0.0005000628439172	-0.249642718	-0.00038406526	0.24629948225	0.188700519749801	0.005194286415	0.188360945	0.37229917025
852	7	7	benefit_positive_truncnorm	benefit_positive_truncnorm	continuous	1	increasing	benefit	1	1	NA	2.11027082656141	3.67189561238628	700	252	420	700	700	252	479	0.64	0.315714285714286	7.23506753029479	24	24	0	2	1	10	4	1	5000	2500	1	0.95	12	10000	101851	0.9763	0.9999	1.65349879951243	0.0291743350565149	1.64908547610576	3.30142418271552	3.27224984765901	2.48377693401893	1.19621476588712	2.48902412207803	3.73215734414037	2.53594257825324	0.974370403387564	2.52457841083465	-0.00273827325768633	0.96623597906756	10.698952708082	10.7016909813397	0.1026	0.9999	5.62770923383491	2.38323601224801	5.7602850885319	8.52169120524851	6.1384551930005	0	NA	NA	NA	NA	NA	NA	1	-0.45677202704898	0.208640684694434	1	0.373506107457519	0.139506812308068	1	-1.14731720155163	1.31633676097627	1	1.95581362144863	3.82520692184399	1.00119801416035	4193.79562719743	0	1.00179779839134	10873.4362557008	0	0.249172856766099	0.00472307952750002	0.24953793	0.49276922625	0.3530861779169	0.1692744005	0.35336212	0.53466282625
829	7	7	benefit_positive_truncnorm	benefit_positive_truncnorm	continuous	1	increasing	benefit	1	1	NA	2.25548859430591	4.94883600469981	700	252	420	700	700	252	472	0.64	0.325714285714286	6.82466111256477	24	24	0	2	1	10	4	1	5000	2500	1	0.95	12	10000	101828	0.8868	0.9985	0.998500447851143	-0.627950464159736	0.994585651021456	2.65740712185272	3.28535758601246	1.94157330225342	0.683901720456936	1.94174679113901	3.20547910879279	2.52157738833586	0.881491199300317	1.42638243335037	-0.395146232513002	0.355944135349677	8.62198539919935	9.01713163171235	0.0853	0.9985	5.00604033988456	1.67355969819492	4.8495863222925	9.03416963994527	7.36060994175036	0	NA	NA	NA	NA	NA	NA	1	-1.25698814645477	1.58001920032779	1	-0.313915292052485	0.0985428105843968	1	-3.52245357134944	12.4076791623124	1	0.0572043351847515	0.0032723359639294	1.00255334606884	3778.93593029593	0	1.00155150737492	10687.9919516789	0	0.153005365096953	-0.09519615095	0.153625035	0.40277971675	0.279533108862843	0.098494584425	0.279000655	0.4652695045
825	7	7	benefit_positive_truncnorm	benefit_positive_truncnorm	continuous	1	increasing	benefit	1	1	NA	2.11317524492763	4.2129351685741	700	252	420	700	700	252	505	0.64	0.278571428571429	6.79100809467214	24	24	0	2	1	10	4	1	5000	2500	1	0.95	12	10000	101824	0.7848	0.9983	0.660934358644111	-0.995170854126617	0.66930465118848	2.30338516106008	3.2985560151867	1.91214444897053	0.652878201682537	1.92169899914381	3.14813741166612	2.49525920998358	0.780321584495794	0.944774852816093	-1.7402118452838	0.206223455978092	7.6884149786718	9.4286268239556	0.0609	0.9983	3.20670014923921	1.03293930932275	3.09923810289219	5.91977726220886	4.8868379528861	0	NA	NA	NA	NA	NA	NA	1	-1.45224088628352	2.10900359179355	1	-0.201030795957109	0.0404133809231487	1	-3.26816031575801	10.6808718494955	1	-1.00623501933489	1.01250891413588	1.00149623758776	4269.01403753307	0	1.00157238397451	11115.8681943959	0	0.0992344391435118	-0.1525140865	0.101633615	0.344556262	0.267946471010282	0.091323724425	0.269034645	0.44240822675
831	7	7	benefit_positive_truncnorm	benefit_positive_truncnorm	continuous	1	increasing	benefit	1	1	NA	2.04947794682523	3.83495931364447	700	252	420	700	700	252	485	0.64	0.307142857142857	6.98300096565166	24	24	0	2	1	10	4	1	5000	2500	1	0.95	12	10000	101830	0.9961	1	2.19591835638469	0.566073491859782	2.19106836373048	3.87387466526441	3.30780117340462	2.5265715328706	1.29231226932177	2.52978178566368	3.75660463315111	2.46429236382935	0.995570579321599	3.08664517501927	0.109347194225801	1.77113127991831	11.5616915219356	11.4523443277098	0.1421	1	4.94628181375202	2.48374095386854	4.82073181726435	8.07085300490862	5.58711205104008	0	NA	NA	NA	NA	NA	NA	1	0.146440409559465	0.0214447935519438	1	0.477093586045374	0.227618289845635	1	-0.748314138625203	0.559974050066379	1	1.11132250010754	1.23503769924528	1.00148966704372	3844.97796927699	0	1.00124882949146	12123.3841522442	0	0.334971678870618	0.0865696221	0.333653865	0.589859033	0.3613658422774	0.1822971055	0.36123336	0.54111693
838	7	7	benefit_positive_truncnorm	benefit_positive_truncnorm	continuous	1	increasing	benefit	1	1	NA	2.30779550719683	4.75100326519789	700	252	420	700	700	252	477	0.64	0.318571428571429	6.28155537660896	24	24	0	2	1	10	4	1	5000	2500	1	0.95	12	10000	101837	0.9794	1	1.70523458688217	0.0675955471908834	1.70037991411276	3.36781441740022	3.30021887020934	3.64472861079637	2.38061983538442	3.64862329616522	4.92026309526778	2.53964325988336	0.978366684694429	2.78162972043508	0.0149544308785316	1.2295493274584	11.4102604556326	11.3953060247541	0.0755	1	8.54045698943018	5.55463782557114	8.42678245951574	12.4621772916131	6.90753946604197	1e-04	NA	NA	NA	NA	NA	NA	1	-0.602560920314663	0.363079662690453	0	1.33693310359953	1.78739012350028	1	-1.96937354476281	3.87843215881164	0	3.78945372423229	14.359959528098	1.00171655683594	4192.70419570904	0	1.0014394270894	11312.3491486811	0	0.257879386121626	0.0102162115	0.25757051	0.5036503905	0.521212165526	0.33892618875	0.520996135	0.7094017355
833	7	7	benefit_positive_truncnorm	benefit_positive_truncnorm	continuous	1	increasing	benefit	1	1	NA	1.89653318134558	3.66863700784676	700	252	420	700	700	252	516	0.64	0.262857142857143	5.65567054378057	24	24	0	2	1	10	4	1	5000	2500	1	0.95	12	10000	101832	0.6223	0.9605	0.262578844216619	-1.42566027695941	0.257946725509199	1.96864181803042	3.39430209498983	1.10436137569684	-0.137861980576111	1.09554299229938	2.32809158703467	2.46595356761078	0.618049034950443	0.378692883993477	-4.09606459643766	0.0693175444285661	6.47079156950558	10.5668561659432	0.0415	0.9605	1.94964655720754	-0.230025872494055	1.87006341228193	4.37931041269187	4.60933628518592	0	NA	NA	NA	NA	NA	NA	1	-1.63395433712896	2.66980677582253	1	-0.792171805648732	0.627536169664773	1	-3.28994412385328	10.8237323380768	1	-1.71899045063922	2.95492816938882	1.00205985057071	4471.34799704486	0	1.00119906808579	10176.4605942545	0	0.037975626844255	-0.215566596	0.038783151	0.2815365925	0.153061156413616	-0.019231743275	0.151532425	0.32390273
839	7	7	benefit_positive_truncnorm	benefit_positive_truncnorm	continuous	1	increasing	benefit	1	1	NA	2.55438218583661	5.39792398772436	700	252	420	700	700	252	473	0.64	0.324285714285714	7.48630569167599	24	24	0	2	1	10	4	1	5000	2500	1	0.95	12	10000	101838	0.9532	0.9993	1.3623080551417	-0.233896342268119	1.34645134044407	2.97387718586448	3.2077735281326	2.00832619875043	0.767146594309466	2.00692932351715	3.29443897585601	2.52729238154655	0.950191991223258	1.98003624326183	-0.0994360515550917	0.582138721877218	9.71304029654231	9.8124763480974	0.0885	0.9993	5.03555257996381	1.60378240257932	5.06784544824214	8.49970077825962	6.8959183756803	0	NA	NA	NA	NA	NA	NA	1	-1.19207413069491	1.42104073307203	1	-0.546055987086184	0.298177141032667	1	-3.41788774446253	11.6819566337471	1	-0.362371407760552	0.131313037162364	1.00163837226029	4442.4733968238	0	1.00137480088719	11203.0959758654	0	0.206892323071844	-0.035038482575	0.20461611	0.45168597675	0.29084136219361	0.11118432025	0.290515965	0.47962606275
837	7	7	benefit_positive_truncnorm	benefit_positive_truncnorm	continuous	1	increasing	benefit	1	1	NA	1.34812547133921	2.02717898798118	700	252	420	700	700	252	469	0.64	0.33	7.1166499140223	24	24	0	2	1	10	4	1	5000	2500	1	0.95	12	10000	101836	0.9588	0.9997	1.49470681596703	-0.192548316891287	1.49615850602688	3.17106668381951	3.36361500071079	2.21126784383913	0.972628394119221	2.2087093968641	3.46366571078256	2.49103731666333	0.955205676904313	2.25093774767533	-0.0798919891012645	0.688232418925049	10.5255830057053	10.6054749948065	0.0981	0.999699969997	5.03018635231866	1.99881465241575	5.04731240288858	8.04575750348315	6.0469428510674	1e-04	NA	NA	NA	NA	NA	NA	1	0.146581344627821	0.0214860905929001	1	0.863142372499923	0.745014755204796	1	0.223758759694154	0.0500679825398661	1	3.00300736433748	9.01805323026513	1.00105489321159	4221.43814654929	0	1.00236760489644	11739.1354203897	0	0.227386317202424	-0.03007301265	0.22885005	0.4793801055	0.31750398389989	0.1390589995	0.316459905	0.50223719025
835	7	7	benefit_positive_truncnorm	benefit_positive_truncnorm	continuous	1	increasing	benefit	1	1	NA	1.55304911584363	2.18302355729444	700	252	420	700	700	252	465	0.64	0.335714285714286	6.93913850608749	24	24	0	2	1	10	4	1	5000	2500	1	0.95	12	10000	101834	0.9938	0.9999	2.02155409066603	0.406457573158129	2.02042678902574	3.68526076559755	3.27880319243942	2.58704612767274	1.32574684293906	2.5913559207317	3.84365724524422	2.51791040230516	0.993008595988539	2.92644948158912	0.0855947586582441	1.4885189633725	11.3176086953043	11.2320139366461	0.1275	0.9999	5.2948589881844	2.32192782362161	5.13030860223965	9.20966300126311	6.88773517764151	0	NA	NA	NA	NA	NA	NA	1	0.468504974822403	0.21949691143334	1	1.03399701182911	1.06914982047153	1	0.743425924294686	0.552682104913409	0	3.11183543088997	9.68351974894215	1.00183343521939	4192.65394027478	0	1.00154435510035	11427.3347297309	0	0.306564942408325	0.06366443215	0.306978095	0.552414624	0.36920936694267	0.187068332	0.36941461	0.5515225105
830	7	7	benefit_positive_truncnorm	benefit_positive_truncnorm	continuous	1	increasing	benefit	1	1	NA	1.17804564972916	1.98065999956761	700	252	420	700	700	252	496	0.64	0.291428571428571	6.08410919374893	24	24	0	2	1	10	4	1	5000	2500	1	0.95	12	10000	101829	0.599	0.6925	0.214945959063141	-1.51593834461609	0.213677286670975	1.92486544733781	3.4408037919539	0.318703438604624	-0.992216040627523	0.322125354203527	1.60916714880478	2.6013831894323	0.597358722358722	0.427193865610146	-5.10722772119009	0.0701129180826796	7.37914398791535	12.4863717091054	0.0232	0.6925	0.515603498398471	-1.62733068058555	0.469708229075868	2.78340606058312	4.41073674116866	0	NA	NA	NA	NA	NA	NA	1	-0.963099690666019	0.927561014160982	1	-0.859342211124536	0.738469035820407	1	-1.55346613395747	2.41325702935275	1	-1.46505650116914	2.14639055161797	1.00156838265278	4144.61969876832	0	1.00114172336563	10775.3363493674	0	0.0310160151529769	-0.221504669	0.031881896	0.27708725275	0.0441653311882307	-0.13670830375	0.044357563	0.22296908025
849	7	7	benefit_positive_truncnorm	benefit_positive_truncnorm	continuous	1	increasing	benefit	1	1	NA	1.62536558086624	3.144160219654	700	252	420	700	700	252	485	0.64	0.307142857142857	6.79632599533742	24	24	0	2	1	10	4	1	5000	2500	1	0.95	12	10000	101848	0.9685	1	1.53765346927536	-0.0849650276972844	1.52309588059412	3.20747486149223	3.29243988918952	2.45273327744597	1.19621709093137	2.45202677701545	3.70810208966084	2.51188499872947	0.96664464993395	2.18317937820042	-0.0275588266951055	0.670587227863615	10.1603591149947	10.1879179416898	0.0916	1	5.17137456320882	2.33180900880743	5.09502825322979	8.50360360357536	6.17179459476793	0	NA	NA	NA	NA	NA	NA	1	-0.0877121115908754	0.00769341451973019	1	0.827367696579733	0.684537305343653	1	-0.960980841453582	0.923484177640835	1	2.02721434355482	4.10959799471441	1.00293334862961	4153.41086944382	0	1.00171171146429	11224.0166018156	0	0.232145167447997	-0.01264322585	0.23121874	0.478186263	0.34754453078283	0.1691503875	0.346747225	0.528837627
816	7	7	benefit_positive_truncnorm	benefit_positive_truncnorm	continuous	1	increasing	benefit	1	1	NA	2.33720286752835	4.4595062520271	700	252	420	700	700	252	483	0.64	0.31	7.18642805901238	24	24	0	2	1	10	4	1	5000	2500	1	0.95	12	10000	101815	0.9946	0.9998	2.19324451816241	0.529051954932094	2.18129159615347	3.86398546460544	3.33493350967335	2.21530339759484	0.953814295842545	2.21709846017374	3.45948958121131	2.50567528536877	0.993992225232654	3.04573028770284	0.100784401280225	1.78469406270447	11.2297304163756	11.1289460150954	0.1511	0.9998	4.19069616573553	1.85607746860198	4.09432008461221	7.02619253296697	5.17011506436499	0	NA	NA	NA	NA	NA	NA	1	-0.143958349365933	0.0207240063521641	1	-0.121899469933506	0.0148594807700697	1	-1.41377596432427	1.99876247730101	1	-0.268810086291571	0.0722588624920821	1.00142269850771	4510.46946825171	0	1.00258251450183	10976.4435799045	0	0.330801914435115	0.080758987325	0.329732715	0.57964531775	0.31769615178671	0.13538049275	0.31784253	0.49908980975
848	7	7	benefit_positive_truncnorm	benefit_positive_truncnorm	continuous	1	increasing	benefit	1	1	NA	1.87193942475868	3.54151370786039	700	252	420	700	700	252	459	0.64	0.344285714285714	6.49230035424337	24	24	0	2	1	10	4	1	5000	2500	1	0.95	12	10000	101847	0.9106	0.9999	1.13274408237409	-0.518099735256297	1.13133260337215	2.80052642722096	3.31862616247726	2.30778509423715	1.03781846673433	2.31525146215514	3.5769488332347	2.53913036650037	0.906766917293233	1.73510022868912	-0.290259409299754	0.444582251193353	9.54220116227568	9.83246057157544	0.069	0.999899989999	5.5944785787161	2.33382860373661	5.45794458429639	9.89218902960753	7.55836042587091	1e-04	NA	NA	NA	NA	NA	NA	1	-0.739195342384587	0.546409754203066	1	0.435845669478469	0.189961447603135	1	-1.80641347917126	3.26312965773162	1	2.05296487085571	4.21466476096762	1.00202993260904	4594.6337011766	0	1.00137218723473	11464.88024725	0	0.171516334538383	-0.078674265775	0.17284288	0.4222200395	0.32745979343746	0.1464197325	0.32804953	0.51126139275
817	7	7	benefit_positive_truncnorm	benefit_positive_truncnorm	continuous	1	increasing	benefit	1	1	NA	2.79189944988256	5.56232652337068	700	252	420	700	700	252	472	0.64	0.325714285714286	7.4713059425022	24	24	0	2	1	10	4	1	5000	2500	1	0.95	12	10000	101816	0.9986	1	2.43028414455164	0.797207873063898	2.42845888704376	4.07989597754568	3.28268810448178	2.91525430368005	1.68445837705506	2.90843994789861	4.13759947559691	2.45314109854185	0.998447390421593	3.45545603475884	0.146486013748382	2.27422555535374	11.8075482873772	11.6610622736288	0.1627	1	6.88224150074466	3.31936777296886	6.81428857002228	11.2976277581431	7.97825998517426	0	NA	NA	NA	NA	NA	NA	1	-0.361615305330923	0.130765629049577	1	0.123354853797494	0.015216419955401	1	-2.10687048861184	4.43890325578349	1	1.31991497737398	1.74217554749616	1.00120420420776	4228.145621261	0	1.00125751548219	12296.9671361644	0	0.36922654481481	0.1242567065	0.366879305	0.6181753895	0.423161347495	0.2436730355	0.421899035	0.60470476725
815	7	7	benefit_positive_truncnorm	benefit_positive_truncnorm	continuous	1	increasing	benefit	1	1	NA	1.98009194205302	3.95127574796274	700	252	420	700	700	252	489	0.64	0.301428571428571	6.67261259532102	24	24	0	2	1	10	4	1	5000	2500	1	0.95	12	10000	101814	0.9241	1	1.16926723690704	-0.431028370069444	1.15663019593322	2.81852642839393	3.24955479846338	2.49862419158685	1.27958886187654	2.5088424554756	3.72707838999577	2.44748952811923	0.921687398593835	1.71481410589377	-0.195434422603363	0.440174609071711	9.52314974285043	9.71858416545379	0.0755	1	4.64553975159316	2.14570877263401	4.46558704659143	7.96912387164418	5.82341509901017	0	NA	NA	NA	NA	NA	NA	1	-0.810824705145977	0.65743670247506	1	0.518532249533834	0.268875693806619	1	-2.23646164206897	5.00176067644582	1	0.694264003630427	0.48200250673695	1.00116283392004	4359.90395629274	0	1.00183270307543	11524.0985213594	0	0.178610411018559	-0.0665435591	0.178360265	0.42797039375	0.3536595828555	0.18098395375	0.35461597	0.53156550525
843	7	7	benefit_positive_truncnorm	benefit_positive_truncnorm	continuous	1	increasing	benefit	1	1	NA	1.7152782237456	2.97660203124712	700	252	420	700	700	252	501	0.64	0.284285714285714	6.05284432962442	24	24	0	2	1	10	4	1	5000	2500	1	0.95	12	10000	101842	0.7931	1	0.6936118322985	-0.998194614726283	0.688762290300152	2.41945433106972	3.417648945796	2.5574279097236	1.29737718898571	2.55729502528422	3.81771473596363	2.52033754697792	0.790903413821815	1.18208451955818	-1.79856857940009	0.259127789659718	8.57303620701408	10.3716047864142	0.0392	1	4.65269588658656	2.01455083062693	4.47872136029349	8.0151883683019	6.00063753767498	0	NA	NA	NA	NA	NA	NA	1	-1.0216663914471	1.04380221541255	1	0.842149685977995	0.709216093592835	1	-1.79451751168894	3.22029309975827	1	1.67609385533944	2.80929061190664	1.00107175063494	3891.1716079243	0	1.00111477555809	11021.6274386911	0	0.100519519598652	-0.1487843235	0.10108023	0.348018795	0.3532251908032	0.178644602	0.35271994	0.53004730175
885	7	7	benefit_positive_truncnorm	benefit_positive_truncnorm	continuous	1	increasing	benefit	1	1	NA	1.56541012372948	2.86360933964888	700	252	420	700	700	252	509	0.64	0.272857142857143	6.91973700785631	24	24	0	2	1	10	4	1	5000	2500	1	0.95	12	10000	101884	0.9267	0.9998	1.22261951157458	-0.399172432891182	1.22255107411842	2.8633231836355	3.26249561652669	2.33580621538993	1.10103287905771	2.33748842881523	3.55260239222074	2.45156951316303	0.923770762292377	1.77041559071797	-0.155033908844054	0.452711563526853	9.47746600673304	9.63249991557709	0.0909	0.9998	4.51786232593121	2.10894698247455	4.4534725196772	7.39518543385223	5.28623845137768	0	NA	NA	NA	NA	NA	NA	1	-0.342790612154894	0.117505403781527	1	0.770396091660456	0.593510138045706	1	-1.09319374893091	1.19507257270162	1	1.65425298628233	2.736552942624	1.00177978058992	4263.90761756486	0	1.00204489518916	10934.2034308291	0	0.186690565996666	-0.06221248915	0.18889619	0.4306650805	0.336177627868265	0.1574967635	0.336098035	0.515583641
854	7	7	benefit_positive_truncnorm	benefit_positive_truncnorm	continuous	1	increasing	benefit	1	1	NA	2.37189076463182	5.01646546729782	700	252	420	700	700	252	454	0.64	0.351428571428571	7.39037219642299	24	24	0	2	1	10	4	1	5000	2500	1	0.95	12	10000	101853	0.9969	1	2.242606727991	0.613794024648355	2.23512607243052	3.92168407528902	3.30789005064066	2.87989520194474	1.61442238692277	2.88796231935777	4.12222331262914	2.50780092570637	0.996904024767802	3.19015337704645	0.128106256293695	1.92206138235251	11.4216700640617	11.293563807768	0.1602	1	7.28170363111476	3.5951272202504	7.24036584802733	11.8811789846046	8.28605176435422	0.0021	NA	NA	NA	NA	NA	NA	1	-0.129284036640817	0.0167143621301442	1	0.508004437312921	0.258068508329618	1	-1.82631209025137	3.33541585099833	1	2.26523816381694	5.13130393881276	1.00103764321542	4887.0397247946	0	1.00150071972866	11846.8304993001	0	0.340486447231522	0.0930845213	0.33994135	0.59443301575	0.4153569238338	0.2303451365	0.416197915	0.59892619775
906	7	7	benefit_positive_truncnorm	benefit_positive_truncnorm	continuous	1	increasing	benefit	1	1	NA	2.68311125665219	5.92400840244502	700	252	420	700	700	252	466	0.64	0.334285714285714	7.4115378310653	24	24	0	2	1	10	4	1	5000	2500	1	0.95	12	10000	101905	1	1	3.70292301065394	2.04451935883438	3.69064862828545	5.35090535228147	3.30638599344709	3.49631065762494	2.28205632417661	3.49408194105631	4.71412242203873	2.43206609786212	1	5.51195562995488	0.346614553057386	5.0139471548658	14.0689475599001	13.7223330068427	0.2812	1	7.86179384788313	4.80146560186413	7.62885234355196	12.8771039385046	8.07563833664048	0.001	NA	NA	NA	NA	NA	NA	1	1.01981175400175	1.04001601360012	1	0.813199400972751	0.661293265742442	1	-0.41205277249014	0.169787487316811	1	1.93778544543812	3.7550124325518	1.00135382525276	4564.08462438354	0	1.00216475968723	10016.3551731084	0	0.573073321267	0.32156064525	0.57256662	0.8265895175	0.513067111043	0.332215841	0.51228567	0.6967308505
882	7	7	benefit_positive_truncnorm	benefit_positive_truncnorm	continuous	1	increasing	benefit	1	1	NA	1.62698025433165	3.26992396262475	700	252	420	700	700	252	484	0.64	0.308571428571429	7.10245946461838	24	24	0	2	1	10	4	1	5000	2500	1	0.95	12	10000	101881	0.9697	0.9994	1.55466645106131	-0.068234520423749	1.54770722511764	3.22246539053014	3.29069991095389	2.07035377330465	0.81384190606125	2.07037397569214	3.32395352179923	2.51011161573798	0.967319529938444	2.28551504275765	-0.0304853094208649	0.709044704987635	10.5662513229282	10.5967366323491	0.1065	0.9994	4.05600442394206	1.40889925536457	3.963735279717	7.03756507462647	5.6286658192619	0	NA	NA	NA	NA	NA	NA	1	-0.0723138032703445	0.00522928614342209	1	0.443373518972993	0.196580077326495	1	-0.984408919867099	0.969060921513909	1	0.786080461317307	0.61792249166483	1.00088320495946	4344.8607216947	0	1.00117530461132	10756.37546786	0	0.232960856510082	-0.01050546675	0.233241675	0.477698447	0.29384084957644	0.11500702875	0.29370176	0.473841709
821	7	7	benefit_positive_truncnorm	benefit_positive_truncnorm	continuous	1	increasing	benefit	1	1	NA	2.84330050529741	6.39482219920736	700	252	420	700	700	252	465	0.64	0.335714285714286	7.4325223656394	24	24	0	2	1	10	4	1	5000	2500	1	0.95	12	10000	101820	0.9491	1	1.33044688792277	-0.273678130784947	1.33352807724918	2.94567212456334	3.21935025534829	3.20716303143106	1.96878526124959	3.20940020129385	4.44158286324891	2.47279760199932	0.94658523042754	1.9371428737736	-0.104866720465943	0.560154247846537	9.5947212655362	9.69958798600215	0.0995	1	6.94434587792476	3.8054841644624	6.55578791170444	11.8208797838226	8.01539561936019	0.0021	NA	NA	NA	NA	NA	NA	1	-1.51285361737464	2.28872606760353	1	0.363862526133642	0.132395937924355	1	-4.45767932543376	19.8709049683996	1	0.549523678717404	0.301976273471108	1.00093559578701	4661.84203776363	0	1.00113217205944	11488.1942280376	0	0.201947969408032	-0.042387352325	0.20213862	0.44427348425	0.460730877396	0.2798889545	0.4606231	0.64275050225
842	7	7	benefit_positive_truncnorm	benefit_positive_truncnorm	continuous	1	increasing	benefit	1	1	NA	1.9749611470573	3.84131162504996	700	252	420	700	700	252	481	0.64	0.312857142857143	6.67343229914023	24	24	0	2	1	10	4	1	5000	2500	1	0.95	12	10000	101841	0.9555	0.9999	1.41045518779121	-0.200176530763425	1.40632326624602	3.0456058891794	3.24578241994282	2.19722220973688	0.970692671317954	2.19227372158909	3.42679214935176	2.4560994780338	0.954170787998681	2.12269431978934	-0.077830694427185	0.623930406664833	10.1139879821496	10.1918186765768	0.0901	0.9999	4.54757552025195	1.86164217381668	4.31456051763063	8.45886795956	6.59722578574332	0	NA	NA	NA	NA	NA	NA	1	-0.564505959266088	0.318666978046926	1	0.222261062679578	0.0493999799834555	1	-1.71861730526062	2.95364544194128	1	0.706263895201992	0.49880868966589	1.00152034113383	4639.65958649048	0	1.00143351734172	8839.41979711019	0	0.216419939664155	-0.0296848343	0.21720533	0.4612959195	0.31613162959065	0.1388026505	0.314801845	0.49550821325
856	7	7	benefit_positive_truncnorm	benefit_positive_truncnorm	continuous	1	increasing	benefit	1	1	NA	1.64196144029249	3.25505347160785	700	252	420	700	700	252	474	0.64	0.322857142857143	7.38030108520969	24	24	0	2	1	10	4	1	5000	2500	1	0.95	12	10000	101855	0.7815	0.9992	0.664520829657572	-0.950716390083289	0.659309180604097	2.32169150996979	3.27240790005308	2.04588492374645	0.732782990595305	2.04877677463734	3.31157823369106	2.57879524309575	0.77646420824295	0.935824388851371	-1.75599635858407	0.209275457002372	7.54035014054399	9.29634649912807	0.078	0.9992	4.79773986854325	1.56661485863183	4.79353303287559	8.43288508628048	6.86627022764865	0	NA	NA	NA	NA	NA	NA	1	-0.977440610634913	0.955390147318352	1	0.403923483453969	0.163154180485589	1	-2.31922908275648	5.37882353830346	1	1.5426863969354	2.37988131928953	1.00089257395869	4631.15658533337	0	1.00152151677502	11534.1656375923	0	0.100604854924662	-0.1455577455	0.099456643	0.35344032575	0.29355912658821	0.10500838225	0.293427885	0.47724577
840	7	7	benefit_positive_truncnorm	benefit_positive_truncnorm	continuous	1	increasing	benefit	1	1	NA	2.42097649851405	4.85197620787596	700	252	420	700	700	252	494	0.64	0.294285714285714	6.08389588863399	24	24	0	2	1	10	4	1	5000	2500	1	0.95	12	10000	101839	0.955	1	1.38722878896786	-0.222311039532158	1.37134287390761	3.06644600182107	3.28875704135323	2.65081759591008	1.40871058660917	2.65871117038565	3.89399180305226	2.48528121644309	0.953770526095597	2.72146957598214	-0.109559302486678	1.09267509184474	11.6488411802848	11.7584004827714	0.0439	1	4.60752477315265	2.10956226395406	4.39091334942585	8.28573875309094	6.17617648913688	0	NA	NA	NA	NA	NA	NA	1	-1.03374770954619	1.068634326992	1	0.229841097396031	0.0528269300522119	1	-2.13050663189382	4.53905850854353	1	-0.24445143472331	0.0597565039382849	1.00230415059731	3871.02166510866	0	1.00119591354667	11169.1474243785	0	0.211008252949131	-0.034582311175	0.210061415	0.45744710125	0.3735897321029	0.197106271	0.374613435	0.5527395495
889	7	7	benefit_positive_truncnorm	benefit_positive_truncnorm	continuous	1	increasing	benefit	1	1	NA	2.10624928682815	3.82687428601094	700	252	420	700	700	252	492	0.64	0.297142857142857	7.29657424895826	24	24	0	2	1	10	4	1	5000	2500	1	0.95	12	10000	101888	0.8371	0.9993	0.811249882016816	-0.804864710450178	0.813174032526231	2.41030156647429	3.21516627692447	1.94516314690721	0.725702061622739	1.93938182271842	3.16180005066106	2.43609798903832	0.831732821169441	1.20478040544162	-1.24035805881431	0.286264975906326	8.17995351829759	9.42031157711191	0.0628	0.9993	3.56661306179239	1.20234007344891	3.52612615217227	6.15652797121536	4.95418789776646	0	NA	NA	NA	NA	NA	NA	1	-1.29499940481133	1.6770234584617	1	-0.16108613992094	0.0259487444746286	1	-2.62209388056932	6.87537631851909	1	-0.260261224218544	0.0677359048317355	1.00197606918374	4678.62883179198	0	1.00128078587534	11610.0449235758	0	0.124688078849854	-0.12387634825	0.125850835	0.3714059225	0.285113664304534	0.105339775	0.283714225	0.46434500925
860	7	7	benefit_positive_truncnorm	benefit_positive_truncnorm	continuous	1	increasing	benefit	1	1	NA	2.29449703626203	4.29063387591805	700	252	420	700	700	252	465	0.64	0.335714285714286	7.49655691913948	24	24	0	2	1	10	4	1	5000	2500	1	0.95	12	10000	101859	0.9954	1	2.10544055575252	0.496720105656983	2.09500300915336	3.72207608311677	3.22535597745978	2.59356431546321	1.32341429302807	2.61021284445898	3.81747082868714	2.49405653565907	0.994884910485934	3.04881950238989	0.0968873884555393	1.7428593376517	11.2523802856278	11.1554928971723	0.1398	1	4.88098497662178	2.06437396097879	4.7115312189501	8.7013809508439	6.6370069898651	0	NA	NA	NA	NA	NA	NA	1	-0.189056480509509	0.0357423528226425	1	0.299067279201182	0.0894412374887976	1	-1.24181437352816	1.54210293830115	1	0.590351100703728	0.348514422102103	1.00105898771033	4129.54399927563	0	1.00119225476206	12218.1459006482	0	0.321711184836546	0.077675248025	0.321214395	0.56594607	0.3753868040937	0.1904575505	0.377919205	0.5562622035
864	7	7	benefit_positive_truncnorm	benefit_positive_truncnorm	continuous	1	increasing	benefit	1	1	NA	2.14699856557224	4.03735896938888	700	252	420	700	700	252	459	0.64	0.344285714285714	7.69816833768072	24	24	0	2	1	10	4	1	5000	2500	1	0.95	12	10000	101863	0.843	0.9998	0.83249678720638	-0.739659595878937	0.825537917388664	2.44210433620387	3.18176393208281	2.30178761378371	1.07620607294153	2.3009407792261	3.53406639094019	2.45786031799865	0.836155106499181	1.20262031550301	-0.923840948491863	0.2947220990287	8.28221419274574	9.2060551412376	0.0845	0.9998	5.72826893856015	2.3474607740879	5.72839500678146	9.09498735067301	6.74752657658511	0	NA	NA	NA	NA	NA	NA	1	-1.31450177836586	1.72791492532701	1	0.154789048211473	0.0239596494462136	1	-2.83473865388586	8.03574323583463	1	1.69090996917127	2.85917652384279	1.00153361865979	4476.35832754571	0	1.00118429149893	11435.6089550801	0	0.128453895662186	-0.11565730975	0.128192285	0.3735534685	0.337672809538573	0.156180482	0.33783443	0.519443378
888	7	7	benefit_positive_truncnorm	benefit_positive_truncnorm	continuous	1	increasing	benefit	1	1	NA	1.49906142029645	2.51432273840367	700	252	420	700	700	252	500	0.64	0.285714285714286	6.72131762148048	24	24	0	2	1	10	4	1	5000	2500	1	0.95	12	10000	101887	0.9242	1	1.1848687147286	-0.440436606150284	1.16594962719521	2.84903264012092	3.2894692462712	2.46315879508242	1.2322734002388	2.46933290208792	3.68524154033975	2.45296814010095	0.920697167755991	1.69462590255266	-0.21826317104035	0.438768797647114	9.33735950031916	9.55562267135951	0.082	1	4.68090030450086	2.17655511125986	4.61636079941174	7.64271608810747	5.46616097684761	0	NA	NA	NA	NA	NA	NA	1	-0.314192705567855	0.098717056232049	1	0.964097374785963	0.929483748069185	1	-0.819696835851008	0.671902902704154	1	2.1665775660972	4.69405834991566	1.00123021438627	4425.49356551194	0	1.00207261147376	11982.0125574877	0	0.180998937775746	-0.0681721431	0.179621885	0.43155617375	0.34818585823328	0.17317934275	0.34793434	0.523272726
901	7	7	benefit_positive_truncnorm	benefit_positive_truncnorm	continuous	1	increasing	benefit	1	1	NA	2.44694587224829	5.22899522368999	700	252	420	700	700	252	465	0.64	0.335714285714286	7.060641964671	24	24	0	2	1	10	4	1	5000	2500	1	0.95	12	10000	101900	0.9993	1	2.76621278018271	1.0405149144181	2.76491395049178	4.45453900705125	3.41402409263315	3.54838927730863	2.32150554004528	3.54910835819537	4.79785893211572	2.47635339207044	0.999179366940211	4.61102031054658	0.191092501357594	3.70580889793073	13.7010138441205	13.5099213427629	0.147	1	8.39640500296759	4.79826887862616	8.21048834322001	12.5050533203415	7.70678444171534	6e-04	NA	NA	NA	NA	NA	NA	1	0.319266907934423	0.101931358502008	1	1.10144340506034	1.21317757455091	1	-0.617974913143406	0.3818929932746	1	3.16740977927761	10.0324847098634	1.00132784942282	4262.27142987464	0	1.00181731429153	10615.6136954556	0	0.410367617322	0.1583987155	0.410924415	0.658826016	0.507150639464	0.32800268975	0.506605665	0.689991081
841	7	7	benefit_positive_truncnorm	benefit_positive_truncnorm	continuous	1	increasing	benefit	1	1	NA	1.4676660113622	2.33931247387317	700	252	420	700	700	252	492	0.64	0.297142857142857	6.41878977432197	24	24	0	2	1	10	4	1	5000	2500	1	0.95	12	10000	101840	0.469	0.9995	-0.0604852225689638	-1.73356079362307	-0.0602064793556263	1.58981152960283	3.3233723232259	2.21867913037886	0.946081547084708	2.2242720712469	3.48411438141703	2.53803283433232	0.463437598075112	-0.0819329073773064	-5.26654222099963	-0.0192103948533244	4.70467907295431	9.97122129395394	0.0441	0.9995	3.9816969924576	1.57503188364653	3.89234557158252	6.83139412919148	5.25636224554495	0	NA	NA	NA	NA	NA	NA	1	-1.52815123393116	2.33524619376534	1	0.751013119016658	0.564020704935129	1	-2.42124538125047	5.86242919622675	1	1.64238451858444	2.69742690688584	1.00152124199977	4228.15383735362	0	1.00159408550853	10832.7562191144	0	-0.00999587592162	-0.26434485425	-0.00927364875	0.23802938075	0.3134217436194	0.1335634305	0.313395815	0.49290166025
884	7	7	benefit_positive_truncnorm	benefit_positive_truncnorm	continuous	1	increasing	benefit	1	1	NA	1.7214616461621	3.14649070261819	700	252	420	700	700	252	476	0.64	0.32	7.34796317984821	24	24	0	2	1	10	4	1	5000	2500	1	0.95	12	10000	101883	0.9789	0.9995	1.6901817385825	0.0701787888917322	1.68718227626625	3.33260450830777	3.26242571941604	2.25567642371933	1.01678190815169	2.25711252497423	3.46297310304003	2.44619119488834	0.977544572331302	2.48521234775234	0.0125566366358559	0.894101435873903	10.5749535965081	10.5623969598723	0.1138	0.9995	4.41653347480257	1.63479920925143	4.24088233414189	7.75099953097665	6.11620032172522	0	NA	NA	NA	NA	NA	NA	1	-0.0312799075796018	0.000978432618188427	1	0.53421477755723	0.28538542856052	1	-0.661278354865859	0.437289062614097	1	1.27004277218438	1.61300864317778	1.00100131494151	4229.81195382873	0	1.00132502531269	11425.0961432971	0	0.258098331052831	0.01034605015	0.257257555	0.506831501	0.32830527600086	0.147347795	0.327689965	0.506520761
900	7	7	benefit_positive_truncnorm	benefit_positive_truncnorm	continuous	1	increasing	benefit	1	1	NA	2.19453523048149	4.21761881818368	700	252	420	700	700	252	504	0.64	0.28	6.44399349238493	24	24	0	2	1	10	4	1	5000	2500	1	0.95	12	10000	101899	0.9971	1	2.4164622838322	0.715049701339546	2.40954463552077	4.14556843137821	3.43051873003867	3.00677023964044	1.71906250782816	3.00753170159482	4.26677052211762	2.54770801428946	0.996682301796133	3.71914381788268	0.134706449123618	2.54134006120023	12.580377402778	12.4456709536544	0.1259	1	6.11048972966847	3.45660742378158	5.99650693156491	9.13178942839437	5.67518200461279	0	NA	NA	NA	NA	NA	NA	1	0.221927053350706	0.0492516170089271	1	0.81223500915895	0.659725710103439	1	-0.498475000300997	0.248477325925079	1	1.89287091148479	3.58296028754526	1.00128860043639	4632.54140616707	0	1.00233717665721	10461.193820033	0	0.357983653075291	0.10824090475	0.357420615	0.6100511205	0.4206159667357	0.23925449525	0.41998245	0.60099754575
881	7	7	benefit_positive_truncnorm	benefit_positive_truncnorm	continuous	1	increasing	benefit	1	1	NA	2.29120629374785	5.16437304137124	700	252	420	700	700	252	472	0.64	0.325714285714286	7.05228423830809	24	24	0	2	1	10	4	1	5000	2500	1	0.95	12	10000	101880	0.9229	0.9999	1.17742590495736	-0.440297921340167	1.15181886256643	2.84478692348559	3.28508484482576	2.51757633776363	1.26093758900983	2.52396106847715	3.74831334013282	2.48737575112299	0.921238570241064	2.34978394558743	-0.349549049663841	0.823011162270689	11.0970795389028	11.4466285885667	0.0376	0.9999	5.8760205192966	2.65241062546073	5.89974580496081	9.05591741378596	6.40350678832523	0	NA	NA	NA	NA	NA	NA	1	-1.11378038879048	1.24050675445428	1	0.226370044015782	0.0512433968277072	1	-2.81458909578381	7.92191177810512	1	0.711647477925362	0.506442132837528	1.0017141630669	4497.67010416155	0	1.00174241625947	10879.5166943996	0	0.176899758408447	-0.068146302875	0.17412461	0.42467014425	0.3641826839369	0.18184152925	0.36440365	0.54519154125
861	7	7	benefit_positive_truncnorm	benefit_positive_truncnorm	continuous	1	increasing	benefit	1	1	NA	1.52934404265266	2.96174312171411	700	252	420	700	700	252	483	0.64	0.31	6.37534706044647	24	24	0	2	1	10	4	1	5000	2500	1	0.95	12	10000	101860	0.7295	0.9997	0.525170062319537	-1.0766763000807	0.520879969037318	2.18428376068461	3.26096006076532	2.23636045568436	0.942739858703548	2.23317095446899	3.53401822304972	2.59127836434617	0.725775807473084	0.837809872724781	-2.55954211055353	0.169457013278947	7.4123394786228	9.97188158917632	0.0526	0.9997	4.31853203289026	1.57093614154245	4.1613825063125	7.84144158454639	6.27050544300394	0	NA	NA	NA	NA	NA	NA	1	-1.00417398033313	1.00836538277808	1	0.707016413031701	0.499872208296213	1	-2.12393324898932	4.51109244616235	1	1.35678891117616	1.84087614949058	1.0012131282502	4189.24015550521	0	1.00160605268499	11672.2344051467	0	0.0787226891574556	-0.16181844025	0.0795860005	0.32611328225	0.31276652885325	0.1313580195	0.312042545	0.49708523675
855	7	7	benefit_positive_truncnorm	benefit_positive_truncnorm	continuous	1	increasing	benefit	1	1	NA	1.97997295582915	3.920735625948	700	252	420	700	700	252	490	0.64	0.3	6.13919114164631	24	24	0	2	1	10	4	1	5000	2500	1	0.95	12	10000	101854	0.916	1	1.16545300193717	-0.471251383312549	1.15747447416926	2.82433916501144	3.29559054832398	2.33897309131444	1.1209387952188	2.33250094164521	3.56520334641104	2.44426455119224	0.9128271685053	1.67388176842082	-0.237934009524353	0.427815731562097	9.386813009783	9.62474701930735	0.0754	1	4.61898248238749	1.88586347219868	4.5989707914129	7.52659692368451	5.64073345148584	0	NA	NA	NA	NA	NA	NA	1	-0.814519953891974	0.663442755288184	1	0.359000135485294	0.128881097278459	1	-2.24685385752717	5.04835225708473	1	0.698246856439492	0.487548672527632	1.00178403700629	4388.10355783144	0	1.00222323502189	12026.9587544378	0	0.173026982484115	-0.0708522107	0.172232845	0.41823985025	0.33262427642102	0.15828034575	0.33170624	0.5095304565
883	7	7	benefit_positive_truncnorm	benefit_positive_truncnorm	continuous	1	increasing	benefit	1	1	NA	1.8959607241083	3.98344245760591	700	252	420	700	700	252	494	0.64	0.294285714285714	6.05336588167681	24	24	0	2	1	10	4	1	5000	2500	1	0.95	12	10000	101882	0.9002	1	1.1217833172127	-0.600831998148276	1.11223975909298	2.87822648288659	3.47905848103487	2.74271942841643	1.44858573181323	2.74566186333373	4.0085431645115	2.55995743269828	0.898609975470155	2.32324546495199	-0.887124706806024	0.784176482309934	11.665407692462	12.5525323992681	0.0216	1	5.49816310741913	2.79229863536195	5.30421199934161	9.06122058157433	6.26892194621237	0	NA	NA	NA	NA	NA	NA	1	-0.774177406895599	0.599350657347593	1	0.846758704308129	0.717000303321581	1	-1.66019699265392	2.75625405441712	1	1.51472064981322	2.29437864697059	1.00204630393157	4211.45444942063	0	1.00114253334176	11421.7090284902	0	0.163296359217772	-0.087961686275	0.16430718	0.415202922	0.3795337618616	0.199106356	0.380136725	0.55881886575
845	7	7	benefit_positive_truncnorm	benefit_positive_truncnorm	continuous	1	increasing	benefit	1	1	NA	1.93696534887879	3.44242884612764	700	252	420	700	700	252	484	0.64	0.308571428571429	7.991831108603	24	24	0	2	1	10	4	1	5000	2500	1	0.95	12	10000	101844	0.7969	0.9991	0.682759504818901	-0.900155899699678	0.674674990854154	2.31266807888668	3.21282397858636	2.02893587069021	0.827283292983029	2.0296270321747	3.21493895129901	2.38765565831598	0.788637617209046	0.954621046329086	-1.50127744999814	0.217311776488241	7.61385352028947	9.11513097028761	0.0935	0.9991	3.88961703155361	1.55251541162397	3.81298067362008	6.64731717006635	5.09480175844238	0	NA	NA	NA	NA	NA	NA	1	-1.25420584405989	1.57303229927398	1	0.0919705218114233	0.00845857688226549	1	-2.48780779979856	6.18918764873853	1	0.447188185425968	0.19997727318457	1.00128910331255	4408.82300610085	0	1.00155638088076	11466.2224972351	0	0.106486139713217	-0.14242531425	0.10623033	0.35480600125	0.29639063494009	0.120575406	0.296740035	0.47207337475
857	7	7	benefit_positive_truncnorm	benefit_positive_truncnorm	continuous	1	increasing	benefit	1	1	NA	2.00564035263514	3.72809166875415	700	252	420	700	700	252	490	0.64	0.3	7.25089152450528	24	24	0	2	1	10	4	1	5000	2500	1	0.95	12	10000	101856	0.8148	0.9911	0.74928303245024	-0.841339636169764	0.742258818785919	2.38069375243421	3.22203338860397	1.49476996796946	0.257204284839553	1.49375209020357	2.73587924379973	2.47867495896018	0.810341173977538	1.17338498716198	-1.42741256203184	0.275712411321152	8.29631757682154	9.72373013885338	0.0562	0.9911	2.80790352903252	0.449735531767833	2.76317392381939	5.37810323376285	4.92836770199502	0	NA	NA	NA	NA	NA	NA	1	-1.2563573201849	1.57843371598219	1	-0.510870384665687	0.260988549928467	1	-2.55470668159218	6.5265262289717	1	-0.92018813972163	0.846746212484354	1.00147965469982	4408.8409377979	0	1.00126609638224	12186.5302288011	0	0.113048889724485	-0.128071156	0.113242795	0.35743035125	0.215006927216293	0.03710021635	0.214928375	0.3958529545
859	7	7	benefit_positive_truncnorm	benefit_positive_truncnorm	continuous	1	increasing	benefit	1	1	NA	2.43008662192134	4.98849464384837	700	252	420	700	700	252	481	0.64	0.312857142857143	8.09985577777134	24	24	0	2	1	10	4	1	5000	2500	1	0.95	12	10000	101858	1	1	3.26356995972698	1.63447859801521	3.26099194923755	4.88424218008547	3.24976358207026	3.21830690635531	2.04492834107286	3.22562233714454	4.38014345609307	2.33521511502021	1	4.83136315104046	0.297280447944389	4.14789476621363	13.0213818250918	12.7241013771474	0.2609	1	6.47145601616003	3.76035436214936	6.44559827019215	9.37390744789134	5.61355308574199	0	NA	NA	NA	NA	NA	NA	1	0.833483337805644	0.694694474399637	1	0.788220284433972	0.621291216793171	1	-0.157131492807911	0.0246903060320425	1	1.48296137231166	2.19917443176848	1.00161873829646	4484.4711503904	0	1.00161561453892	10950.6743933566	0	0.5091177520965	0.25623424025	0.508330765	0.7595737355	0.475241566199	0.2999980745	0.47601985	0.652982783
846	7	7	benefit_positive_truncnorm	benefit_positive_truncnorm	continuous	1	increasing	benefit	1	1	NA	2.41432609186308	4.35472499993766	700	252	420	700	700	252	474	0.64	0.322857142857143	8.11182619221905	24	24	0	2	1	10	4	1	5000	2500	1	0.95	12	10000	101845	1	1	3.30341157531112	1.64611847369329	3.31619799123342	4.90783733226464	3.26171885857135	2.87507524307082	1.63566544524837	2.87942825540531	4.0636131145244	2.42794766927604	1	5.45329369006179	0.3048658110361	4.93271614693493	13.7910881852967	13.4862223742606	0.2235	1	5.34695192099022	2.87794266247966	5.33334395116138	7.98526574732273	5.10732308484307	0	NA	NA	NA	NA	NA	NA	1	0.889085483448045	0.790472996878044	1	0.460749151207742	0.212289780338655	1	1.09856869012414	1.20685316692106	1	0.992226921052564	0.984514262861452	1.00095763233735	4852.1099744704	0	1.00216965139573	10687.2442893482	0	0.5087637487813	0.2583091735	0.509357065	0.75392575225	0.4235323108964	0.2407163965	0.42377248	0.60076435425
874	7	7	benefit_positive_truncnorm	benefit_positive_truncnorm	continuous	1	increasing	benefit	1	1	NA	2.6154725964228	6.0009818409519	700	252	420	700	700	252	461	0.64	0.341428571428571	8.15889966961746	24	24	0	2	1	10	4	1	5000	2500	1	0.95	12	10000	101873	1	1	3.30328920773285	1.63108942795493	3.30317600912578	4.9709072396134	3.33981781165847	3.57826476020082	2.35919155410159	3.58009118685858	4.80553090290826	2.44633934880667	1	5.04564189709917	0.294265355970424	4.4902452942486	13.2805473140748	12.9862819581043	0.2379	1	8.37062341752134	4.79269566970786	8.24807371777559	12.7598729426661	7.96717727295822	0.0061	NA	NA	NA	NA	NA	NA	1	0.687816611310055	0.473091690794048	1	0.962792163778028	0.926968750632378	1	-0.955339943852732	0.912674408320542	1	2.36964157656944	5.6152012014065	1.00134710225298	5149.85674962875	0	1.00170121154637	12460.0292449376	0	0.5053066091547	0.25005149	0.505262255	0.76138618375	0.527175271657	0.34431972225	0.52697673	0.71422097775
886	7	7	benefit_positive_truncnorm	benefit_positive_truncnorm	continuous	1	increasing	benefit	1	1	NA	2.17825120452137	4.05514092842837	700	252	420	700	700	252	440	0.64	0.371428571428571	8.56202474159329	24	24	0	2	1	10	4	1	5000	2500	1	0.95	12	10000	101885	0.9878	1	1.8461931681553	0.221484813429208	1.83934507625983	3.48114129729004	3.25965648386083	2.6689516090969	1.40422427587843	2.67784080413012	3.9044081368783	2.50018386099987	0.986739284868577	2.56016765418429	0.0454919018570186	1.06327965338798	10.318751931317	10.27326002946	0.1554	1	7.31581780166935	3.07216345287662	7.16812464727667	11.9318224635147	8.85965901063807	0.0086	NA	NA	NA	NA	NA	NA	1	-0.33205803636607	0.11026253951529	1	0.49070040457553	0.240786887050589	1	-1.49497327424408	2.23494509070407	1	3.26067687324098	10.6320136716886	1.00121990513445	4371.2322700872	0	1.00138571425905	9328.32702573176	0	0.283227206703867	0.0347137014	0.283934755	0.53070105925	0.3940775173248	0.207176882	0.39468281	0.5769001525
876	7	7	benefit_positive_truncnorm	benefit_positive_truncnorm	continuous	1	increasing	benefit	1	1	NA	2.13752457824663	4.19616181311818	700	252	420	700	700	252	465	0.64	0.335714285714286	6.59644040630625	24	24	0	2	1	10	4	1	5000	2500	1	0.95	12	10000	101875	0.9993	1	2.86427254319921	1.18174312357812	2.86559119676184	4.5763923174595	3.39464919388138	2.7378885632161	1.48452775332184	2.7386742727715	3.99282262210799	2.50829486878615	0.999152542372881	4.12685888229352	0.208288966860354	3.07287581602464	12.9978693423466	12.7895803754862	0.174	1	6.88383715712144	3.33560210162464	6.80181946007607	10.8013206835889	7.46571858196425	1e-04	NA	NA	NA	NA	NA	NA	1	0.726747964952582	0.528162604562719	1	0.600363984969473	0.360436914448425	1	-0.0693029308246693	0.0048028962208889	1	2.68767534400325	7.223598754763	1.00102810782185	4764.44074729021	0	1.00125123784654	12256.2285872425	0	0.435346912171	0.18341380425	0.435542125	0.6889967655	0.39240529612604	0.21036038125	0.392052245	0.5785337385
878	7	7	benefit_positive_truncnorm	benefit_positive_truncnorm	continuous	1	increasing	benefit	1	1	NA	2.674567859802	5.37925160509148	700	252	420	700	700	252	454	0.64	0.351428571428571	7.66023997926043	24	24	0	2	1	10	4	1	5000	2500	1	0.95	12	10000	101877	0.9999	0.9999	2.81773499068773	1.17926538276263	2.80898074043992	4.42206829203163	3.242802909269	2.36317085299863	1.11087142461305	2.36023636844141	3.60849958537259	2.49762816075954	0.9998730642295	3.98044682835131	0.20232567177177	2.9338257369741	12.5477525993782	12.3454269276064	0.2122	0.999899969990997	5.89954663720038	2.2833960711986	5.86374435793685	9.88685939451763	7.60346332331903	3e-04	NA	NA	NA	NA	NA	NA	1	0.143167130885733	0.0204968273660525	1	-0.31139700680337	0.0969680958460979	1	-1.39880477674016	1.9566548034311	1	0.5202950321089	0.270706920437202	1.00161697382454	4425.41405519899	0	1.00145674112517	10796.1440838847	0	0.43848048114	0.18698913625	0.438693975	0.68924403275	0.34646468259407	0.16199940025	0.345719335	0.530457087
875	7	7	benefit_positive_truncnorm	benefit_positive_truncnorm	continuous	1	increasing	benefit	1	1	NA	1.57168979333269	2.89772159676723	700	252	420	700	700	252	489	0.64	0.301428571428571	7.03136493912878	24	24	0	2	1	10	4	1	5000	2500	1	0.95	12	10000	101874	0.4688	0.9987	-0.0587167637358787	-1.67324752332353	-0.0631691215913373	1.55986260992771	3.23311013325124	1.92035547862014	0.667574569279376	1.92051840382995	3.15127502526903	2.48370045598966	0.465208747514911	-0.0814291823307435	-5.59428622974974	-0.0209625535807429	5.41154719992145	11.0058334296712	0.0443	0.9987	3.81817938900584	1.19679141095786	3.846402440438	6.4305023314151	5.23371092045724	0	NA	NA	NA	NA	NA	NA	0	-1.63040655706857	2.6582255413322	1	0.348665685287447	0.121567760096965	1	-2.97915077909798	8.87533936460007	1	0.920457792238609	0.847242547292775	1.00110097664496	3911.0700906494	0	1.00110441405819	11289.1960021107	0	-0.00933347615101758	-0.2511187645	-0.0095548364	0.23126602875	0.272800884658405	0.09429203975	0.27233113	0.4511498085
844	7	7	benefit_positive_truncnorm	benefit_positive_truncnorm	continuous	1	increasing	benefit	1	1	NA	1.92957962836137	3.5612842409953	700	252	420	700	700	252	482	0.64	0.311428571428571	6.62048645401389	24	24	0	2	1	10	4	1	5000	2500	1	0.95	12	10000	101843	0.8684	0.9993	0.932613196056075	-0.734659358162459	0.925675840319159	2.61592289116216	3.35058224932462	2.04556801946464	0.750763134461797	2.05275276850786	3.32347246775962	2.57270933329782	0.864285714285714	1.38394378478506	-0.471339604912931	0.332371096343659	8.78166775234502	9.25300735725795	0.062	0.9993	4.16290687601135	1.4042313649424	4.05261704559263	7.59273596172146	6.18850459677906	0	NA	NA	NA	NA	NA	NA	1	-0.996966432305299	0.993942067143557	1	0.115988391103262	0.0134533068707234	1	-2.17734045621025	4.74081146224985	1	0.601622635016042	0.361949794963646	1.00144383782011	4226.91067393851	0	1.00119329811068	11384.2708223309	0	0.140448862589824	-0.11187087325	0.14036589	0.388853391	0.28674175203258	0.10463072775	0.287111215	0.468109944
867	7	7	benefit_positive_truncnorm	benefit_positive_truncnorm	continuous	1	increasing	benefit	1	1	NA	1.91764168720669	3.49689183307531	700	252	420	700	700	252	471	0.64	0.327142857142857	6.77155855215035	24	24	0	2	1	10	4	1	5000	2500	1	0.95	12	10000	101866	0.9957	1	2.3282836743981	0.648595423636566	2.3317257625085	4.00826503821037	3.3596696145738	2.58265247607874	1.29766640058547	2.59056649937352	3.85617405722201	2.55850765663654	0.995004646840149	3.31503842545241	0.118771459888549	1.95259334587657	11.8933764692603	11.7746050093718	0.1392	1	5.00113755321027	2.22404117000528	4.87490545779252	8.3850073631155	6.16096619311022	0	NA	NA	NA	NA	NA	NA	1	0.410641987191416	0.168626841644515	1	0.665010788872055	0.442239349316233	1	-0.181853407622895	0.0330706618640587	1	1.50424572013497	2.26275518654437	1.00113269169972	4725.34184222578	0	1.00150729325565	11899.2459461969	0	0.348281102944188	0.0968586787	0.348884125	0.59492839025	0.3695281116273	0.18562035825	0.370369055	0.555176281
847	7	7	benefit_positive_truncnorm	benefit_positive_truncnorm	continuous	1	increasing	benefit	1	1	NA	2.1276672221819	4.42431027264531	700	252	420	700	700	252	482	0.64	0.311428571428571	6.30680419887499	24	24	0	2	1	10	4	1	5000	2500	1	0.95	12	10000	101846	0.9939	1	2.13373019924898	0.470423646950838	2.12209158550842	3.85378290522103	3.38335925827019	3.53735724427947	2.26864645901247	3.5329476318748	4.78236633237657	2.5137198733641	0.993367967281972	3.36942215477888	0.103608989480924	2.0104846723192	12.4069989940222	12.3033900045413	0.0953	1	7.43002779638107	4.38513218229769	7.22161653890583	11.3522918447334	6.96715966243572	0	NA	NA	NA	NA	NA	NA	1	0.00606297706708014	3.67596909159397e-05	0	1.40969002209757	1.98722595840145	1	-1.05488811786642	1.11278894121577	1	3.00571752373576	9.03433783249223	1.00248693048177	4128.8335906511	0	1.00117895174252	10795.9228099869	0	0.318524543464204	0.07125436425	0.31770484	0.56684740025	0.50191202424	0.320811669	0.50079046	0.68378565825
858	7	7	benefit_positive_truncnorm	benefit_positive_truncnorm	continuous	1	increasing	benefit	1	1	NA	2.20563516942333	4.21787807219835	700	252	420	700	700	252	491	0.64	0.298571428571429	6.38589078184863	24	24	0	2	1	10	4	1	5000	2500	1	0.95	12	10000	101857	0.993	0.9999	2.11158460120691	0.455270360099248	2.11193590332161	3.81553137009248	3.36026100999323	2.49523919247438	1.23773442784919	2.50428239384168	3.72210631026926	2.48437188242007	0.992739052725648	3.21183114244608	0.0853605897534917	1.81340447094054	12.0058737267031	11.9205131369496	0.1048	0.9999	4.71721860480304	2.15373570688581	4.57350374199036	8.58122080610799	6.42748509922218	0	NA	NA	NA	NA	NA	NA	1	-0.0940505682164146	0.00884550938183045	1	0.289604023051053	0.0838704901673547	1	-1.00604692975227	1.01213042486397	1	0.499340532604683	0.249340967501929	1.00091930341764	4466.04600837051	0	1.00183891190156	10248.2801796822	0	0.315829431204448	0.06893299935	0.314619525	0.565070274	0.3495481547767	0.1719321895	0.350665455	0.5249114895
868	7	7	benefit_positive_truncnorm	benefit_positive_truncnorm	continuous	1	increasing	benefit	1	1	NA	1.94777816603715	3.8959561872687	700	252	420	700	700	252	480	0.64	0.314285714285714	6.55751624032258	24	24	0	2	1	10	4	1	5000	2500	1	0.95	12	10000	101867	0.9999	1	2.86815999212877	1.2081309410259	2.86778483118716	4.5928134776963	3.3846825366704	3.04284223742198	1.75875288808713	3.04804802576241	4.28413682642645	2.52538393833932	0.999879778792979	4.18008288646431	0.202443935646421	3.19179849913964	13.1548505753876	12.9524066397412	0.1682	1	7.17160537000348	3.65528985416833	7.16463607366552	10.7879316030518	7.13264174888345	0	NA	NA	NA	NA	NA	NA	1	0.920381826091622	0.847102705799748	1	1.09506407138483	1.19916532043792	1	0.284126699195612	0.0807279811957939	1	3.27564918273478	10.729877568351	1.00152613339309	4505.66409638907	0	1.00107775989347	9602.254458444	0	0.43115164149079	0.18636312475	0.4302425	0.689822832	0.432722832097	0.24682222	0.43328198	0.6148721695
862	7	7	benefit_positive_truncnorm	benefit_positive_truncnorm	continuous	1	increasing	benefit	1	1	NA	2.16933719397329	4.36948213480169	700	252	420	700	700	252	481	0.64	0.312857142857143	7.39235100757951	24	24	0	2	1	10	4	1	5000	2500	1	0.95	12	10000	101861	0.4635	0.9575	-0.0753565706581947	-1.66293048907717	-0.0745949331272646	1.51653793741938	3.17946842649655	1.08370010940763	-0.151944453273434	1.08239509903666	2.29943290311621	2.45137735638964	0.458593998515534	-0.0885812067361022	-5.03746245638817	-0.0239216701516671	4.57011098525212	9.60757344164029	0.0569	0.9575	2.56330510217595	-0.32376983885559	2.56086455879778	5.65407947019399	5.97784930904958	0	NA	NA	NA	NA	NA	NA	0	-2.24469376463149	5.03865009697548	1	-1.08563708456566	1.17860787938422	1	-4.45806334153779	19.8743287571631	1	-1.80617703262573	3.2622754731847	1.0015495035581	3878.06123321182	0	1.00100022220557	9886.34077141396	0	-0.0121627541168706	-0.255461329	-0.011554461	0.23079810475	0.156799212715151	-0.022270920375	0.156537695	0.3338146605
866	7	7	benefit_positive_truncnorm	benefit_positive_truncnorm	continuous	1	increasing	benefit	1	1	NA	2.02964975396504	4.48059603116851	700	252	420	700	700	252	494	0.64	0.294285714285714	6.47099756683632	24	24	0	2	1	10	4	1	5000	2500	1	0.95	12	10000	101865	0.9671	1	1.52608903014385	-0.11304610597182	1.51019112303137	3.30422704258052	3.41727314855234	2.72368688628269	1.47176912280074	2.72197270999943	3.97003293130686	2.49826380850612	0.965411893071468	2.24210597046326	-0.0407649586916218	0.686282425980965	10.5145965611788	10.5553615198704	0.0835	1	5.30118734393187	2.55271214818108	5.2565063888102	8.26072317273996	5.70801102455888	0	NA	NA	NA	NA	NA	NA	1	-0.503560723821189	0.25357340257532	1	0.694037132317644	0.481687541035699	1	-2.23849006070525	5.01083775187619	1	0.820591312763363	0.6733701025827	1.00172152141034	4236.13138145688	0	1.00113928547642	10595.71114658	0	0.228106032960675	-0.016551883775	0.22689642	0.48784035475	0.3856532361216	0.20660995075	0.385203365	0.5646185575
895	7	7	benefit_positive_truncnorm	benefit_positive_truncnorm	continuous	1	increasing	benefit	1	1	NA	1.68206134911764	2.92652588382387	700	252	420	700	700	252	484	0.64	0.308571428571429	5.96603132671263	24	24	0	2	1	10	4	1	5000	2500	1	0.95	12	10000	101894	0.9978	1	2.37914812371593	0.736307276909929	2.37254871348577	4.03060729428352	3.29430001737359	2.97284236242918	1.71574083203397	2.96712556562903	4.22594772730427	2.5102068952703	0.997697444163021	3.53175590278052	0.135668217507755	2.20782397364009	12.5881124285209	12.4524442110131	0.1314	1	6.67535367866657	3.79730069585835	6.7145753384448	9.37514762644059	5.57784693058224	0	NA	NA	NA	NA	NA	NA	1	0.697086774598282	0.485929971319836	0	1.29078101331153	1.66611562432555	1	0.605230018956651	0.366303375846268	0	3.7488277948427	14.0537098353852	1.00149431258669	3730.43246355962	0	1.00143370625004	11521.9705121187	0	0.3644658454766	0.11677761725	0.36303763	0.612363164	0.4232355111787	0.24372096175	0.422220425	0.60678901075
863	7	7	benefit_positive_truncnorm	benefit_positive_truncnorm	continuous	1	increasing	benefit	1	1	NA	2.35085686911321	4.66446569508702	700	252	420	700	700	252	486	0.64	0.305714285714286	6.7421776063942	24	24	0	2	1	10	4	1	5000	2500	1	0.95	12	10000	101862	0.8158	1	0.756443790904343	-0.875151727717231	0.74927857654558	2.41071298102887	3.2858647087461	2.6000282087913	1.36596308220763	2.59585531165479	3.81588799571454	2.44992491350691	0.813888888888889	1.10516106819946	-1.36015754266933	0.248327620631508	7.92424677979576	9.28440432246509	0.064	1	5.22291515806149	2.33262901699738	5.14986364409852	9.06436917670642	6.73174015970904	0	NA	NA	NA	NA	NA	NA	1	-1.59441307820887	2.54215306396347	1	0.249171339678092	0.0620863565169751	1	-3.55930462688756	12.6686494269832	1	0.558449462974469	0.311865802696473	1.00129391662894	4338.03669773086	0	1.00115408969218	11570.1956311702	0	0.114680140535268	-0.13522369425	0.11379202	0.3633398375	0.373350003251	0.19488765575	0.37228813	0.5513389365
865	7	7	benefit_positive_truncnorm	benefit_positive_truncnorm	continuous	1	increasing	benefit	1	1	NA	1.86603184698788	3.96218549028678	700	252	420	700	700	252	505	0.64	0.278571428571429	6.86230156488128	24	24	0	2	1	10	4	1	5000	2500	1	0.95	12	10000	101864	0.9597	1	1.47354666773692	-0.171287197903357	1.46523326472597	3.14871404906978	3.32000124697313	2.08409629839326	0.840665760534747	2.08079809365779	3.32842546243238	2.48775970189763	0.957885403967638	2.12848013325243	-0.0602942080404771	0.59330763103616	10.3752585555693	10.4355527636098	0.0977	1	3.29939568526013	1.14249240462561	3.23464522099339	5.99171406033212	4.84922165570651	0	NA	NA	NA	NA	NA	NA	1	-0.392485179250957	0.154044615931656	1	0.218064451405382	0.0475521049667302	1	-1.83370535703436	3.36247533641649	1	-0.662789805026651	0.439290325647266	1.00132203665847	4178.65632286751	0	1.00157102040227	10956.134513438	0	0.222491392083947	-0.02565701975	0.221734365	0.471235976	0.29445868937773	0.118637337	0.29347337	0.47163063875
871	7	7	benefit_positive_truncnorm	benefit_positive_truncnorm	continuous	1	increasing	benefit	1	1	NA	1.79373626920426	3.04562040916557	700	252	420	700	700	252	495	0.64	0.292857142857143	6.27403447671217	24	24	0	2	1	10	4	1	5000	2500	1	0.95	12	10000	101870	0.5531	0.9945	0.122262720289431	-1.50745796665736	0.112174265312035	1.81552390445789	3.32298187111526	1.6846886840235	0.4071108019094	1.68260113660046	2.96844435097742	2.56133354906802	0.550373909430827	0.231993028185412	-4.51634368842087	0.0314762161302271	6.18535837140733	10.7017020598282	0.0372	0.9945	3.19480637128067	0.756056195823488	3.21479027592346	5.47121317065301	4.71515697482952	0	NA	NA	NA	NA	NA	NA	1	-1.67147354891483	2.79382382472193	1	-0.10904758518076	0.0118913758337551	1	-2.81362738098016	7.91649903900129	1	0.149185962115099	0.0222564512922077	1.00102819958748	4792.66997514596	0	1.00124703337679	9894.7262602906	0	0.0172817193683501	-0.22569975075	0.0165649865	0.26635250875	0.234065161228715	0.0565762464	0.233745925	0.41480032975
911	7	7	benefit_positive_truncnorm	benefit_positive_truncnorm	continuous	1	increasing	benefit	1	1	NA	1.92367059638204	4.00635904372711	700	252	420	700	700	252	473	0.64	0.324285714285714	7.44464907229681	24	24	0	2	1	10	4	1	5000	2500	1	0.95	12	10000	101910	0.1865	0.9846	-0.721736261303148	-2.3503656961093	-0.722244323863743	0.895536179178528	3.24590187528783	1.39687311832844	0.109198117530914	1.40559326274424	2.63447479880522	2.5252766812743	0.186865482233503	-0.952667929444575	-7.24961607373226	-0.237901000601797	1.47228604248635	8.7219021162186	0.0544	0.9846	2.69416816665988	0.18603698617402	2.64701700784025	5.39627453348003	5.21023754730601	0	NA	NA	NA	NA	NA	NA	0	-2.64540685768519	6.9981774426878	1	-0.526797478053598	0.277515582883631	0	-4.95902697317168	24.5919485206443	1	-1.31219087706723	1.72184489785847	1.00201091666684	4109.2786460564	0	1.00177608317347	11556.3980391739	0	-0.112421430812487	-0.36432755525	-0.112553195	0.13678350825	0.19891844375748	0.0155353112	0.19971588	0.377343449
872	7	7	benefit_positive_truncnorm	benefit_positive_truncnorm	continuous	1	increasing	benefit	1	1	NA	1.3934465444632	2.2878832585746	700	252	420	700	700	252	511	0.64	0.27	6.50469068743352	24	24	0	2	1	10	4	1	5000	2500	1	0.95	12	10000	101871	0.9997	1	2.91147054815325	1.18755904757773	2.91328954473113	4.640904521666	3.45334547408827	2.41671183096039	1.19426774094943	2.41695067670123	3.65246127005308	2.45819352910365	0.99963578972927	4.31383873596573	0.211880047613842	3.43792293988069	13.0949497209643	12.8830696733505	0.1763	1	4.30254587477418	2.04848127668933	4.24571560188495	6.91168166511382	4.86320038842449	0	NA	NA	NA	NA	NA	NA	1	1.51802400369005	2.30439687577917	1	1.02326528649719	1.04707184655017	1	2.02595547739113	4.10449559637112	1	2.01466261619959	4.05886545711216	1.00179650382937	4329.70279131776	0	1.00110975085827	10951.6674602144	0	0.431835653846156	0.18316873375	0.43294878	0.68540945	0.34247162506545	0.16814682725	0.341555	0.51992525275
887	7	7	benefit_positive_truncnorm	benefit_positive_truncnorm	continuous	1	increasing	benefit	1	1	NA	1.72415970295408	3.17837076611867	700	252	420	700	700	252	491	0.64	0.298571428571429	6.49316108926111	24	24	0	2	1	10	4	1	5000	2500	1	0.95	12	10000	101886	0.9689	1	1.56803018826014	-0.0693454978714461	1.55969215362303	3.2526891574094	3.32203465528085	2.47804416299398	1.24133608493822	2.47813919492857	3.72367241662173	2.48233633168351	0.96705089169204	2.45360851218799	-0.0278196368639595	0.816051480394867	11.0022813664742	11.0301010033382	0.0804	1	5.25748810580178	2.47891118691644	5.13179765825715	8.7108929813623	6.23198179444586	0	NA	NA	NA	NA	NA	NA	1	-0.156129514693947	0.0243764253585673	1	0.753884460039897	0.568341779089647	1	-0.724762253930681	0.52528032472268	1	2.07911733968311	4.32272891217097	1.00137957469898	4399.73641072625	0	1.0014056180073	10527.7831436443	0	0.234479351757499	-0.010878786875	0.233696225	0.48539396725	0.3500600854657	0.174528771	0.349534245	0.52923069525
880	7	7	benefit_positive_truncnorm	benefit_positive_truncnorm	continuous	1	increasing	benefit	1	1	NA	1.93880901189642	3.62807339757798	700	252	420	700	700	252	474	0.64	0.322857142857143	6.7602273986363	24	24	0	2	1	10	4	1	5000	2500	1	0.95	12	10000	101879	0.9869	1	1.88921371163862	0.233280373103628	1.87657674711153	3.62796619642005	3.39468582331642	3.38627178289978	2.13783695269534	3.38744281283444	4.59103911158125	2.45320215888591	0.985837922895358	2.75031700497725	0.0455106169184678	1.1836588542005	11.0446151674862	10.9991045505678	0.1103	1	6.79649035234905	3.79246082032507	6.54660294541206	10.9848749458636	7.19241412553853	2e-04	NA	NA	NA	NA	NA	NA	1	-0.0495953002578036	0.00245969380766169	0	1.44746277100336	2.09514847344073	1	-0.877756392600731	0.770456284751448	0	3.16841695477108	10.0388659992808	1.00237632807335	4358.84627864586	0	1.00187713898943	11609.841985777	0	0.281434403165505	0.036405453	0.28073909	0.537647458	0.480992503816	0.3026258645	0.48070363	0.65800003575
869	7	7	benefit_positive_truncnorm	benefit_positive_truncnorm	continuous	1	increasing	benefit	1	1	NA	2.45020497121802	5.15645675265578	700	252	420	700	700	252	463	0.64	0.338571428571429	7.51323653934076	24	24	0	2	1	10	4	1	5000	2500	1	0.95	12	10000	101868	0.9999	1	3.05397697214649	1.39500999884384	3.07180855407111	4.68465610405696	3.28964610521312	3.20058379371503	1.95768129905792	3.20547663820277	4.44340175960449	2.48572046054657	0.999871942630298	4.32236024852709	0.252515754384301	3.48705281772043	12.688046440298	12.4355306859137	0.2191	1	8.18574923705286	4.32273662059469	8.03996443946373	12.5614394207826	8.23870280018792	0.0016	NA	NA	NA	NA	NA	NA	1	0.60377200092847	0.364540629105168	1	0.750378822497005	0.563068377251992	1	-0.834096504128689	0.6957169781997	1	3.02929248439708	9.1766129560246	1.00207760417852	4218.40430086768	0	1.00197324087597	12149.1579223969	0	0.4684099090032	0.215581361	0.469899415	0.72303128025	0.4697669412066	0.28343150525	0.470311435	0.657380603
877	7	7	benefit_positive_truncnorm	benefit_positive_truncnorm	continuous	1	increasing	benefit	1	1	NA	1.59920009423128	2.97984225748354	700	252	420	700	700	252	494	0.64	0.294285714285714	6.19883342197274	24	24	0	2	1	10	4	1	5000	2500	1	0.95	12	10000	101876	0.5356	0.9999	0.0813931919710475	-1.60898390179931	0.078045704990374	1.80320994474126	3.41219384654057	2.31721891020326	0.997977743288783	2.32363318121105	3.58277033860329	2.58479259531451	0.532919254658385	0.134118277875006	-4.97043033539498	0.0205873538770698	5.91333369076661	10.8837640261616	0.034	0.9999	4.47711406975788	1.82837179472926	4.49289385095876	7.22280457484206	5.3944327801128	0	NA	NA	NA	NA	NA	NA	1	-1.51780690226023	2.3037377925488	1	0.718018815971982	0.515551020089807	1	-2.84572397960853	8.09814496811901	1	1.49727181227434	2.2418228798313	1.00186672158147	4445.68796695636	0	1.00099126005148	11482.1085154011	0	0.0110028799671012	-0.24029042575	0.0115177165	0.25906950725	0.318990795045047	0.13745059475	0.31953846	0.49708821925
931	7	7	benefit_positive_truncnorm	benefit_positive_truncnorm	continuous	1	increasing	benefit	1	1	NA	2.67702441356836	5.55015097387786	700	252	420	700	700	252	467	0.64	0.332857142857143	7.13902916163468	24	24	0	2	1	10	4	1	5000	2500	1	0.95	12	10000	101930	1	1	3.01398970371892	1.30163170747545	3.01989322049287	4.69031874586008	3.38868703838463	2.56701023279087	1.31503757789881	2.5666926677818	3.82459576933646	2.50955819143765	1	4.96440306909304	0.263831170389552	4.14183654710724	13.7487654406961	13.4849342703065	0.1724	1	5.46286869740905	2.2830175266054	5.43891137209174	8.82175909534544	6.53874156874005	0	NA	NA	NA	NA	NA	NA	1	0.33696529015056	0.113545606766251	1	-0.110014180777483	0.0121031199721408	1	-0.585747904784822	0.343100607959809	1	-0.087282276468807	0.00761819578557727	1.00147168408853	4481.89284149136	0	1.00133838205367	11762.8506890512	0	0.4508008851789	0.19828576375	0.45025593	0.69941603	0.367210260775944	0.1860708405	0.36663752	0.5494412955
873	7	7	benefit_positive_truncnorm	benefit_positive_truncnorm	continuous	1	increasing	benefit	1	1	NA	1.79209162213595	3.20863704870753	700	252	420	700	700	252	500	0.64	0.285714285714286	6.06303328848732	24	24	0	2	1	10	4	1	5000	2500	1	0.95	12	10000	101872	0.9129	1	1.17364835269422	-0.531543324972925	1.16453065553434	2.90570852176836	3.43725184674128	2.79159479873123	1.53611675458633	2.79025798928899	4.04813806315306	2.51202130856672	0.910606221467247	1.97318471311463	-0.275180283687604	0.531446985297436	10.4038659408659	10.6790462245535	0.0581	1	4.90830589138153	2.33243989092284	4.78481029310538	8.04631525535124	5.7138753644284	0	NA	NA	NA	NA	NA	NA	1	-0.61844326944173	0.382472077517777	1	0.999503176595277	0.999006600024049	1	-1.23545233559289	1.52634247352193	1	1.69966884267401	2.88887417475679	1.00143072729363	4492.07675222444	0	1.00170466698568	10075.9728771164	0	0.171131298619043	-0.077684905975	0.171161275	0.41570298125	0.386814255659	0.21223628275	0.385716365	0.564649692
870	7	7	benefit_positive_truncnorm	benefit_positive_truncnorm	continuous	1	increasing	benefit	1	1	NA	2.08466751971309	4.2082010843855	700	252	420	700	700	252	460	0.64	0.342857142857143	6.88028332735719	24	24	0	2	1	10	4	1	5000	2500	1	0.95	12	10000	101869	0.9967	1	2.25493532915846	0.61782456962547	2.25028271428599	3.941737334333	3.32391276470753	3.36912588857239	2.09176781494307	3.37165661547685	4.60369807488975	2.51193025994669	0.996374269005848	3.26119479489137	0.123712640391195	1.9751528975391	12.0506541827806	11.9269415423894	0.145	1	7.6441679257656	3.31229313701619	7.74880852225224	12.0157852627082	8.70349212569197	0.0035	NA	NA	NA	NA	NA	NA	1	0.170267809445364	0.0289911269333229	0	1.2844583688593	1.64983330133269	1	-0.947006289494132	0.896820912341444	1	3.4359668413801	11.8058681350636	1.00133411346235	4419.3163118564	0	1.00086162626971	12381.4562634775	0	0.343576107742132	0.09702310555	0.342785055	0.59598218625	0.48879849638	0.30275392725	0.48862232	0.67278429225
934	7	7	benefit_positive_truncnorm	benefit_positive_truncnorm	continuous	1	increasing	benefit	1	1	NA	1.66400741832801	3.16103579487894	700	252	420	700	700	252	519	0.64	0.258571428571429	6.18691749966541	24	24	0	2	1	10	4	1	5000	2500	1	0.95	12	10000	101933	0.9279	0.9999	1.25016653751463	-0.447642145514757	1.24269529709585	2.98873144558048	3.43637359109524	2.46766802382739	1.25152380945965	2.45728064490116	3.68079030347982	2.42926649402017	0.924848097217781	1.9600881654529	-0.197562768878615	0.52668755833372	10.093437637485	10.2910004063636	0.0619	0.9999	3.28259516297751	1.54032706932557	3.13861878428436	5.86480101788314	4.32447394855757	0	NA	NA	NA	NA	NA	NA	1	-0.413840880813375	0.17126427463239	1	0.803660605499379	0.645870368831629	1	-1.20094762942604	1.44227520862403	1	0.121559368098572	0.014776679972524	1.0013161177568	4285.61215911613	0	1.0016193472051	10826.3315760507	0	0.184411583436842	-0.0669632892	0.18454703	0.4360493785	0.3462154454409	0.1741428365	0.344488415	0.5201609575
917	7	7	benefit_positive_truncnorm	benefit_positive_truncnorm	continuous	1	increasing	benefit	1	1	NA	2.19214851998231	4.19525051401206	700	252	420	700	700	252	462	0.64	0.34	6.95363492453353	24	24	0	2	1	10	4	1	5000	2500	1	0.95	12	10000	101916	0.9993	1	2.66016759034	0.992021070238101	2.66219370418864	4.35040709213902	3.35838602190092	2.50752376654337	1.19992501493481	2.51481215091036	3.7736269155152	2.57370190058039	0.999163379945022	3.76972877246833	0.177874708193604	2.68544726654582	12.4110499924742	12.2331752842806	0.1633	1	5.49574697885014	2.29489065302849	5.37392174002144	9.29134378660131	6.99645313357282	1e-04	NA	NA	NA	NA	NA	NA	1	0.468019070357691	0.219041850218477	1	0.315375246561061	0.0994615461434502	1	-0.425521741543727	0.181068752526407	1	1.30049646483808	1.69129105505635	1.00139506405672	4479.49214002785	0	1.00297403244744	11459.6196466569	0	0.40427290462538	0.15143133525	0.405129625	0.65853198725	0.3591558129514	0.17111114175	0.35949073	0.5424954155
935	7	7	benefit_positive_truncnorm	benefit_positive_truncnorm	continuous	1	increasing	benefit	1	1	NA	2.53349596614823	4.87274267738474	700	252	420	700	700	252	508	0.64	0.274285714285714	6.4989802606587	24	24	0	2	1	10	4	1	5000	2500	1	0.95	12	10000	101934	1	1	3.68825235945316	2.00576033758203	3.68154389934696	5.39325595345468	3.38749561587264	3.14118986651415	1.93600985501413	3.1378418511548	4.36593261113572	2.42992275612159	1	5.59554704513072	0.363921971958993	4.95049212162314	14.475962682454	14.112040710495	0.2254	1	4.94423010306348	2.72869029608643	4.809430428101	7.9198554244813	5.19116512839487	0	NA	NA	NA	NA	NA	NA	1	1.15475639330493	1.33346232787861	1	0.607693900365921	0.369291876541946	1	0.722804367745984	0.522446154032671	1	0.0714874256787414	0.00511045203017358	1.00161524274002	4544.54138688801	0	1.00125071570588	11829.0198925817	0	0.5551409373635	0.30645944225	0.553342955	0.8096611325	0.447534933566	0.274457698	0.446768605	0.62506594225
905	7	7	benefit_positive_truncnorm	benefit_positive_truncnorm	continuous	1	increasing	benefit	1	1	NA	1.9621500380487	3.7525511692032	700	252	420	700	700	252	485	0.64	0.307142857142857	6.81092127932439	24	24	0	2	1	10	4	1	5000	2500	1	0.95	12	10000	101904	0.9996	1	2.80754216576288	1.1492373664188	2.80829127142126	4.46518529936189	3.31594793294309	2.6265537371891	1.3992703740434	2.63235892452894	3.87278469127313	2.47351431722973	0.999518710143184	3.96932268492953	0.190603410703376	2.95219010779855	12.5397672210284	12.349163810325	0.1689	1	5.82494585953922	2.73862107171362	5.82080545421992	8.81845968836427	6.07983861665065	0	NA	NA	NA	NA	NA	NA	1	0.845392127714179	0.714687849601106	1	0.664403699140395	0.44143227543144	1	0.216771515726326	0.0469898900302887	1	2.07239469033602	4.29481975253292	1.00100268584141	4587.67910590738	0	1.00149194469283	11976.125085894	0	0.426641137718169	0.17648884275	0.42473494	0.67930811475	0.3762088981242	0.1990965535	0.376028895	0.5575376135
879	7	7	benefit_positive_truncnorm	benefit_positive_truncnorm	continuous	1	increasing	benefit	1	1	NA	2.1791420925178	4.52273650279507	700	252	420	700	700	252	485	0.64	0.307142857142857	7.17179262489599	24	24	0	2	1	10	4	1	5000	2500	1	0.95	12	10000	101878	0.9971	1	2.376723100377	0.697382491758607	2.36328356479401	4.1352709942204	3.43788850246179	3.20457406019484	1.96783412307174	3.20054586744339	4.44561361689253	2.47777949382079	0.99663612109964	3.87469459705832	0.140939276901757	2.77709288432727	12.6569663008399	12.5160270239382	0.1379	1	6.57784050724319	3.54505627490146	6.38995581715244	10.3038426363758	6.75878636147431	1e-04	NA	NA	NA	NA	NA	NA	1	0.197581007859207	0.0390382546666599	1	1.02543196767705	1.05151072033402	1	-0.648041905736751	0.419958311590921	1	2.05510400444812	4.2234524690987	1.00128858449574	4142.82958580135	0	1.00136386996402	12077.2907685041	0	0.357681222792037	0.10683091525	0.35527175	0.61745234375	0.462045807252	0.2812393555	0.46110869	0.64755191225
899	7	7	benefit_positive_truncnorm	benefit_positive_truncnorm	continuous	1	increasing	benefit	1	1	NA	2.30940342627908	4.30396956477832	700	252	420	700	700	252	507	0.64	0.275714285714286	6.90431688526104	24	24	0	2	1	10	4	1	5000	2500	1	0.95	12	10000	101898	0.9743	0.9996	1.59999337147272	-0.00683843262092498	1.59415323826338	3.2351642224838	3.24200265510473	2.07214991864	0.861608841755069	2.06940674894906	3.27260706211443	2.41099822035937	0.973157364947992	2.3105699453614	-0.00696060671064824	0.716165668110261	10.4437386427218	10.4506992494325	0.1059	0.9996	3.55950811558516	1.44141025033565	3.48629931548211	6.06266922112642	4.62125897079076	0	NA	NA	NA	NA	NA	NA	1	-0.709410054806359	0.503262625860361	1	-0.237253507639076	0.0562892268870449	1	-1.99339961941691	3.9736420426915	1	-0.744461449193153	0.55422284933477	1.00145963733758	3943.79857109332	0	1.00143955275619	10903.5366045053	0	0.24167107984172	-0.0010618986575	0.241653665	0.48274048675	0.295544686702647	0.12215087025	0.29453246	0.468714611
933	7	7	benefit_positive_truncnorm	benefit_positive_truncnorm	continuous	1	increasing	benefit	1	1	NA	2.10745601580706	4.2643246653174	700	252	420	700	700	252	477	0.64	0.318571428571429	7.15367836809647	24	24	0	2	1	10	4	1	5000	2500	1	0.95	12	10000	101932	0.8765	0.9998	0.985983618577977	-0.62284016659805	0.977903358074735	2.69713459237129	3.31997475896934	2.36399258968439	1.12070138055699	2.36928931835663	3.57454503707301	2.45384365651601	0.873164364190145	1.45564702922635	-0.460905627577953	0.355045218681974	8.61044717063024	9.07135279820819	0.0807	0.9998	5.44767438065249	2.28883640661672	5.47673527740022	8.60078192090395	6.31194551428723	0	NA	NA	NA	NA	NA	NA	1	-1.12147239722909	1.25770033774676	1	0.256536573877325	0.0658110137367164	1	-2.80867763609105	7.88867006347802	1	1.18334971533509	1.40031654878363	1.00210127098299	4989.28924785539	0	1.00106115737128	11209.3428285901	0	0.148093985681473	-0.094587011775	0.147756355	0.39903043	0.33951523205176	0.1601685665	0.340322685	0.51650567075
890	7	7	benefit_positive_truncnorm	benefit_positive_truncnorm	continuous	1	increasing	benefit	1	1	NA	1.82275460581673	3.40789895766897	700	252	420	700	700	252	502	0.64	0.282857142857143	7.09282764546302	24	24	0	2	1	10	4	1	5000	2500	1	0.95	12	10000	101889	0.9173	0.9992	1.20181256001424	-0.461171068837358	1.1948013739144	2.96143450529151	3.42260557412887	2.02693029942739	0.787675270797956	2.03510458421237	3.26904633329664	2.48137106249868	0.91487351737168	2.29173265987148	-0.364611247238371	0.766531327861832	10.9513384549293	11.3159497021677	0.0473	0.9992	3.44306123126434	1.22876341249465	3.3564682229267	6.19691049007457	4.96814707757992	0	NA	NA	NA	NA	NA	NA	1	-0.620942045802483	0.385569024245372	1	0.204175693610664	0.0416877138613958	1	-1.11616629779749	1.24582720433896	1	0.0351622735953634	0.00123638548439519	1.00171520967756	4295.00059498357	0	1.0010153331669	12706.5612718596	0	0.17751705304919	-0.0676473187	0.17681177	0.4316783635	0.28521000360521	0.11023957225	0.28611753	0.4609394975
897	7	7	benefit_positive_truncnorm	benefit_positive_truncnorm	continuous	1	increasing	benefit	1	1	NA	2.36196586136742	4.41720041306577	700	252	420	700	700	252	476	0.64	0.32	7.26059575736612	24	24	0	2	1	10	4	1	5000	2500	1	0.95	12	10000	101896	0.9993	1	2.54448786715892	0.854660365794603	2.5472595606625	4.28300403542688	3.42834366963227	2.96385527798527	1.71974883944605	2.96041923866943	4.1888660130692	2.46911717362315	0.9992834965369	3.65315948795717	0.16049747163261	2.50050738438134	12.28378269417	12.1232852225374	0.1626	1	6.31457301123896	3.41723486082701	6.1232257113165	10.2506760684355	6.83344120760844	0	NA	NA	NA	NA	NA	NA	1	0.182522005791504	0.0333142825981537	1	0.601889416617847	0.362270869836572	1	-0.764040925108597	0.583758535240801	1	1.89737259817319	3.6000227762985	1.00100842055791	4395.325604301	0	1.0023482891173	11806.6836992345	0	0.38305693966329	0.13160015025	0.38240391	0.639892468	0.424232498162	0.24343352375	0.42392228	0.604316166
932	7	7	benefit_positive_truncnorm	benefit_positive_truncnorm	continuous	1	increasing	benefit	1	1	NA	2.11746504330577	4.03594039921086	700	252	420	700	700	252	488	0.64	0.302857142857143	6.89374044285566	24	24	0	2	1	10	4	1	5000	2500	1	0.95	12	10000	101931	0.9994	1	2.72332322624178	1.03062563027152	2.71332049577804	4.40059207251862	3.3699664422471	3.55735076699012	2.30303309886948	3.5507923665766	4.81156813528541	2.50853503641593	0.999281867145422	3.84611591687946	0.182355571183823	2.76088739729762	12.5744915489679	12.3921359777841	0.1645	1	6.48990620624034	4.0531724589198	6.32785518961339	9.66770122122774	5.61452876230793	0	NA	NA	NA	NA	NA	NA	1	0.605858182936011	0.367064137830525	0	1.43988572368436	2.07327089727003	1	-0.1898244823314	0.0360333340923841	0	2.45396580702948	6.02194818206982	1.00064955975286	4634.16325654287	0	1.00145508070215	11879.9537794704	0	0.41182725157596	0.16033620225	0.409883445	0.66319743575	0.504802950396	0.323606674	0.503427555	0.68816732125
903	7	7	benefit_positive_truncnorm	benefit_positive_truncnorm	continuous	1	increasing	benefit	1	1	NA	1.27063682726219	2.26742686667984	700	252	420	700	700	252	499	0.64	0.287142857142857	6.92881984369053	24	24	0	2	1	10	4	1	5000	2500	1	0.95	12	10000	101902	0.2513	0.724	-0.564469452336376	-2.20183979495078	-0.563835805881062	1.05098145880564	3.25282125375642	0.380768144566104	-0.830932135622521	0.374884836725285	1.62499880233986	2.45593093796238	0.249314779675311	-0.746619803217096	-6.74336682309584	-0.16614496891477	2.23642942915126	8.9797962522471	0.0514	0.724	0.667211259764314	-1.49673031957268	0.59700473631565	2.95020368279108	4.44693400236376	0	NA	NA	NA	NA	NA	NA	0	-1.83510627959857	3.36761505742209	1	-0.889868682696085	0.791866272443266	0	-3.01404666989694	9.08447732831683	1	-1.60021560691553	2.56068998861603	1.00151645835071	3778.31797590998	0	1.00191762861352	10881.5193509375	0	-0.0869627133310619	-0.334774662	-0.086978093	0.15754182825	0.0535720525917588	-0.116817333	0.0525084715	0.23016555625
912	7	7	benefit_positive_truncnorm	benefit_positive_truncnorm	continuous	1	increasing	benefit	1	1	NA	1.66021711620732	2.88326444931277	700	252	420	700	700	252	470	0.64	0.328571428571429	7.11353432593652	24	24	0	2	1	10	4	1	5000	2500	1	0.95	12	10000	101911	0.875	0.9931	0.944908092990101	-0.684327711045718	0.936403400423658	2.5915736290538	3.27590134009952	1.52181340226828	0.300943716057979	1.5233924292518	2.73109276210824	2.43014904605026	0.871285034373347	1.68141082058501	-0.653714448525478	0.436481910903517	9.66459442113497	10.3183088696604	0.0545	0.9931	3.17200965303641	0.575046590685303	3.14092386818456	5.99078840472698	5.41574181404168	0	NA	NA	NA	NA	NA	NA	1	-0.715309023217221	0.511666998695975	1	-0.138403713939041	0.0191555880321198	1	-1.20185362872776	1.44445214488608	1	0.288745203723647	0.0833737926734106	1.00108591537441	4229.5673050103	0	1.00148385783621	10215.7263091975	0	0.14384100297211	-0.10390232725	0.14299603	0.38996337975	0.220344326092697	0.043180591425	0.220077425	0.39919030825
896	7	7	benefit_positive_truncnorm	benefit_positive_truncnorm	continuous	1	increasing	benefit	1	1	NA	2.5239847220105	5.23352504887303	700	252	420	700	700	252	476	0.64	0.32	7.41647244253617	24	24	0	2	1	10	4	1	5000	2500	1	0.95	12	10000	101895	0.7186	0.8828	0.500269300404787	-1.12006588921152	0.48694596300293	2.18698326821632	3.30704915742784	0.739844653762477	-0.457642933579473	0.736052892212641	1.94110027022445	2.39874320380393	0.712625293239497	0.748853567659943	-2.43319314647237	0.152721596350274	7.21540680064259	9.64859994711496	0.0622	0.8828	1.38321108934401	-0.821167673830435	1.31024536112619	4.01867741571353	4.83984508954396	0	NA	NA	NA	NA	NA	NA	0	-2.02371542160571	4.09542410764478	0	-1.78414006824802	3.18315578312805	1	-4.48467148121309	20.112278294406	0	-3.85031395952903	14.8249175869441	1.00119525352147	4326.76755045067	0	1.00167729338813	11319.2679303385	0	0.0762745581680634	-0.17508963775	0.0756141245	0.33458660875	0.109155505436513	-0.0677203142	0.108395445	0.286965473
914	7	7	benefit_positive_truncnorm	benefit_positive_truncnorm	continuous	1	increasing	benefit	1	1	NA	2.1532790392245	4.14026092166942	700	252	420	700	700	252	487	0.64	0.304285714285714	6.97519416798815	24	24	0	2	1	10	4	1	5000	2500	1	0.95	12	10000	101913	0.9883	1	1.90763941203852	0.259021051614223	1.89561863527139	3.57340855089955	3.31438749928532	2.61016456816155	1.4057212138031	2.61463551112303	3.82915318021922	2.42343196641612	0.987256027554535	2.64001554162737	0.0587764576256967	1.15006792668134	10.6891935886855	10.6304171310598	0.129	1	5.95484982204948	3.0545066223818	5.86507433937065	9.21895765577511	6.16445103339331	0	NA	NA	NA	NA	NA	NA	1	-0.245639627185983	0.0603388264440688	1	0.456885528937045	0.208744386552083	1	-1.50024538004205	2.25073620033753	1	1.81458890038006	3.29273287738252	1.00205844973286	4268.53605286676	0	1.00126546656508	11601.9759089563	0	0.291293197103264	0.03972289615	0.29050969	0.540611213	0.3784809086492	0.202240701	0.378408875	0.55907628
902	7	7	benefit_positive_truncnorm	benefit_positive_truncnorm	continuous	1	increasing	benefit	1	1	NA	2.78623387347641	6.21694074010609	700	252	420	700	700	252	463	0.64	0.338571428571429	7.4304581239675	24	24	0	2	1	10	4	1	5000	2500	1	0.95	12	10000	101901	0.9807	1	1.71349871255815	0.102697276398688	1.71443784800856	3.36069405691297	3.25799678051428	2.37609239523988	1.12381368048408	2.3824690817561	3.60818148348308	2.484367802999	0.978931614091642	2.43564606331481	0.0169717628956672	0.855830871940203	10.4708163532363	10.4538445903406	0.1314	1	5.72596963706242	2.41158077838993	5.65415915131076	9.32216334735506	6.91058256896512	1e-04	NA	NA	NA	NA	NA	NA	1	-1.07273516091826	1.15076072547032	1	-0.410141478236533	0.168216032170048	1	-3.78129467679129	14.2981894327301	1	-0.490971103043669	0.241052624023917	1.00085455130405	4338.92908912243	0	1.00151606281857	12007.7484730066	0	0.267125449503828	0.016511566475	0.267954155	0.5190724685	0.350299593577159	0.1640747175	0.35067654	0.5355367325
918	7	7	benefit_positive_truncnorm	benefit_positive_truncnorm	continuous	1	increasing	benefit	1	1	NA	2.24698732416757	4.50984040488726	700	252	420	700	700	252	468	0.64	0.331428571428571	7.13788292798958	24	24	0	2	1	10	4	1	5000	2500	1	0.95	12	10000	101917	0.9517	0.9999	1.39387736810736	-0.238840106581144	1.37576795467171	3.06113178411426	3.29997189069541	2.3688489478426	1.08870195520915	2.37245086445619	3.63157566995205	2.54287371474291	0.948455874271898	1.98823020387972	-0.0935009948902532	0.584949571176686	9.79436998343766	9.88787097832791	0.0901	0.9999	4.61865525548409	1.86235095181254	4.50885979360496	7.71787351910021	5.85552256728767	0	NA	NA	NA	NA	NA	NA	1	-0.853109956060208	0.727796597129049	1	0.121861623675029	0.0148502553247144	1	-2.52161020100754	6.35851800582528	1	0.108814850596837	0.011840671710412	1.00174472791135	4445.90988697791	0	1.000830122731	11165.9725616346	0	0.21074912209856	-0.035668976	0.209470255	0.45893956625	0.33914290855002	0.15501107575	0.33950277	0.52270001475
913	7	7	benefit_positive_truncnorm	benefit_positive_truncnorm	continuous	1	increasing	benefit	1	1	NA	2.15688975655667	4.14379844353212	700	252	420	700	700	252	496	0.64	0.291428571428571	6.62941805332311	24	24	0	2	1	10	4	1	5000	2500	1	0.95	12	10000	101912	0.6787	0.9919	0.387303340609221	-1.26918410214857	0.385711012019962	2.03389866494465	3.30308276709321	1.49607269701597	0.230187346690534	1.49929665744555	2.7271779641488	2.49699061745827	0.674474789915966	0.60094634237913	-2.72657196438113	0.117250257855773	6.62263085811052	9.34920282249164	0.048	0.9919	2.69065206585843	0.341460225529403	2.59629487120709	5.48020037590533	5.13874015037593	0	NA	NA	NA	NA	NA	NA	0	-1.76958641594745	3.13143608350575	1	-0.660817059540705	0.436679186180024	1	-3.54285210115299	12.5518010106442	1	-1.45314637767369	2.11163439494616	1.00180474719699	4331.49750888656	0	1.00146893957568	11513.3837300666	0	0.0588669912278092	-0.1989315785	0.0594384775	0.30846743875	0.214091449047165	0.032856064225	0.214331495	0.3919123495
898	7	7	benefit_positive_truncnorm	benefit_positive_truncnorm	continuous	1	increasing	benefit	1	1	NA	2.48417582643681	5.3074383084322	700	252	420	700	700	252	464	0.64	0.337142857142857	7.88194290148903	24	24	0	2	1	10	4	1	5000	2500	1	0.95	12	10000	101897	0.9999	0.9999	2.91697874609357	1.3130115153368	2.90599774409998	4.52846359982082	3.21545208448401	2.6364737618576	1.41934669396865	2.6448813788101	3.87882688804132	2.45948019407267	0.99987314474185	4.0527129440659	0.218885321444617	3.05331082533478	12.3167221993983	12.0978368779537	0.2117	0.999899989999	6.82300510833572	3.57368265330513	6.82564133877568	10.2767456915654	6.70306303826027	1e-04	NA	NA	NA	NA	NA	NA	1	0.432802919656757	0.187318367263413	1	0.152297935420792	0.0231946611334358	1	-1.2547253643663	1.57433573998416	1	1.51556679990352	2.2969427249698	1.00104012433735	4184.54695632313	0	1.00101457509598	10873.2467529042	0	0.4441154547075	0.20699118675	0.44314034	0.6838177095	0.38433154711078	0.20625842525	0.385154935	0.56553527975
892	7	7	benefit_positive_truncnorm	benefit_positive_truncnorm	continuous	1	increasing	benefit	1	1	NA	2.18698982278465	4.11834003840737	700	252	420	700	700	252	473	0.64	0.324285714285714	7.5129556087369	24	24	0	2	1	10	4	1	5000	2500	1	0.95	12	10000	101891	0.9989	0.9992	2.57309988297803	0.954794168911464	2.5698476672494	4.22670043617901	3.27190626726755	1.99213002111131	0.738862996437472	1.99440806697647	3.24476241715376	2.50589942071629	0.998777655543332	3.55953554188888	0.168576102825526	2.54833082799721	11.8056780299763	11.6371019271508	0.1819	0.9992	4.15717257322882	1.42591448172992	4.11265515540963	7.11554252901826	5.68962804728834	0	NA	NA	NA	NA	NA	NA	1	0.386110060193375	0.149080978582531	1	-0.194859801673341	0.0379703423081739	1	-0.55880449651849	0.312262465329283	1	0.0388325348214513	0.00150796576065923	1.00160552068588	4389.38823176903	0	1.00133196156372	10975.1835581499	0	0.39719727310588	0.14870462325	0.39637541	0.65241752325	0.288155805316247	0.10781849175	0.28796412	0.473088181
893	7	7	benefit_positive_truncnorm	benefit_positive_truncnorm	continuous	1	increasing	benefit	1	1	NA	1.74871044497221	3.32467566414943	700	252	420	700	700	252	483	0.64	0.31	6.42743876721451	24	24	0	2	1	10	4	1	5000	2500	1	0.95	12	10000	101892	0.7891	0.9706	0.678377027553183	-0.926346764496665	0.664845291242764	2.36522921588461	3.29157598038128	1.2227264620029	-0.0359388240701836	1.22396938169207	2.49564357341079	2.53158239748097	0.785767000527148	1.0202430716281	-1.78774733970581	0.227943270909369	7.98520277539296	9.77295011509877	0.0515	0.9706	2.21564469874208	-0.0652170424212875	2.17417949918156	4.72877646518618	4.79399350760747	0	NA	NA	NA	NA	NA	NA	1	-1.07033341741903	1.1456136244439	1	-0.525983982969315	0.276659150340264	1	-2.30443259252134	5.3104095734746	1	-1.10903096540735	1.22994968223237	1.0013476745928	4391.09639605395	0	1.00114646901808	10760.5093963168	0	0.100826074127296	-0.1423440875	0.099682977	0.34924906375	0.171877884088984	-0.0050689442875	0.17215288	0.35154731
922	7	7	benefit_positive_truncnorm	benefit_positive_truncnorm	continuous	1	increasing	benefit	1	1	NA	2.56695999934118	5.2719672104122	700	252	420	700	700	252	484	0.64	0.308571428571429	8.03109363765857	24	24	0	2	1	10	4	1	5000	2500	1	0.95	12	10000	101921	0.9994	1	2.82413489843374	1.13394394198371	2.81951599310677	4.49400802834649	3.36006408636278	2.46250470419669	1.23417173682245	2.46301210060165	3.68067210233963	2.44650036551718	0.999248685199098	4.31283583064805	0.220228976209791	3.49784535291044	12.9053932048579	12.6851642286481	0.2014	1	5.24607698371156	2.44479110817752	5.17883915762473	8.47932064508135	6.03452953690384	0	NA	NA	NA	NA	NA	NA	1	0.25717489909256	0.0661389287232684	1	-0.104455295144489	0.0109109086837224	1	-0.959131379764151	0.919933003648284	1	-0.0258902267006418	0.000670303838610625	1.00131840399509	4379.91117009625	0	1.0021925119006	11397.9337660753	0	0.43507302417861	0.178444812	0.434577975	0.69088385875	0.3609172184035	0.180325078	0.36062144	0.5428690605
924	7	7	benefit_positive_truncnorm	benefit_positive_truncnorm	continuous	1	increasing	benefit	1	1	NA	2.29812777549363	4.42765500952089	700	252	420	700	700	252	471	0.64	0.327142857142857	7.4117623528005	24	24	0	2	1	10	4	1	5000	2500	1	0.95	12	10000	101923	0.8422	0.9999	0.815603787223924	-0.784099581898533	0.815801982071458	2.4163224400264	3.20042202192493	2.25504513120205	1.00291887891617	2.25638385684529	3.46810957224847	2.46519069333229	0.837593011970236	1.18133697199435	-0.826622084937715	0.274580029862644	8.01152010125355	8.83814218619126	0.0727	0.999899989999	4.75519092641308	1.89763871463082	4.67143239552492	8.20668098312066	6.30904226848983	1e-04	NA	NA	NA	NA	NA	NA	1	-1.48252398826971	2.19787737579512	1	-0.0430826442915815	0.00185611423915494	1	-3.24631803752654	10.5385808007702	1	0.327535916892193	0.107279776854409	1.00150977096243	4478.30076634612	0	1.00114135376801	11757.7575248846	0	0.126109299201099	-0.12079862025	0.12642599	0.372322171	0.3278869060362	0.14521650775	0.32714788	0.50910110925
891	7	7	benefit_positive_truncnorm	benefit_positive_truncnorm	continuous	1	increasing	benefit	1	1	NA	2.42921901561518	4.99966380938116	700	252	420	700	700	252	469	0.64	0.33	7.03672165633402	24	24	0	2	1	10	4	1	5000	2500	1	0.95	12	10000	101890	0.9917	0.9967	2.09294267350226	0.403524255211672	2.0840425692736	3.81125435402655	3.40773009881488	1.73812988121669	0.494227999202669	1.73669710350115	3.00316616571032	2.50893816650765	0.991408012028783	4.01371177465907	0.10489920185466	2.89801627239917	13.4227157527633	13.3178165509086	0.0689	0.9967	3.53020146580632	0.882582173310307	3.44607660210322	6.71121083506848	5.82862866175817	0	NA	NA	NA	NA	NA	NA	1	-0.336276342112917	0.113081778264844	1	-0.691089134398489	0.477604191683653	1	-0.985952034722094	0.972101414772637	1	-1.46946234357484	2.15931957918447	1.00147095734797	4566.3223730051	0	1.00098806848263	10963.6142691584	0	0.312559925898258	0.0602344446	0.31146595	0.564340747	0.250789087599583	0.0712899728	0.250621145	0.43425875125
915	7	7	benefit_positive_truncnorm	benefit_positive_truncnorm	continuous	1	increasing	benefit	1	1	NA	1.46770807023422	2.63816655706185	700	252	420	700	700	252	485	0.64	0.307142857142857	6.4917287210139	24	24	0	2	1	10	4	1	5000	2500	1	0.95	12	10000	101914	0.3273	0.969	-0.376513109976571	-2.04601123708856	-0.379322225574544	1.29009509834236	3.33610633543093	1.20058641856939	-0.0518853391901979	1.19568073458176	2.46103852719609	2.51292386638629	0.325803740281572	-0.500412753046089	-6.41239651421057	-0.111561966870484	3.37177851897024	9.78417503318081	0.0482	0.969	2.72256796418767	-0.125823088024474	2.73670097546196	5.61764916281865	5.74347225084313	0	NA	NA	NA	NA	NA	NA	0	-1.84422118021079	3.4011517615381	1	-0.267121651664834	0.0713539767881488	1	-3.13857931010794	9.85068008583762	1	0.0844014071258252	0.0071235975248193	1.00112967466833	4119.02943490132	0	1.00182722920108	10001.9667070551	0	-0.0577183534081541	-0.30814471775	-0.057469974	0.19043857275	0.168325961122162	-0.007221773555	0.16738239	0.3466459255
925	7	7	benefit_positive_truncnorm	benefit_positive_truncnorm	continuous	1	increasing	benefit	1	1	NA	2.33019158635117	4.75896505160442	700	252	420	700	700	252	467	0.64	0.332857142857143	7.26968814415125	24	24	0	2	1	10	4	1	5000	2500	1	0.95	12	10000	101924	0.9919	1	2.08850631631806	0.392848362152937	2.07187567225399	3.81543012851799	3.42258176636506	2.59942914792811	1.31394312184963	2.60074658730939	3.87237908035369	2.55843595850406	0.991089787525703	3.21696692337711	0.0780228970831775	1.89227044082326	11.7497894843143	11.6717665872311	0.1246	1	5.92021917939518	2.5485140104177	5.74473769450552	10.0237656452749	7.47525163485716	0	NA	NA	NA	NA	NA	NA	1	-0.241685270033106	0.0584117697509754	1	0.269237561576941	0.072488864563897	1	-1.54199812822731	2.37775822745654	1	1.16125412779075	1.34851114931106	1.00145505714581	4161.38145298694	0	1.00221073342041	11004.5241775799	0	0.310037356399859	0.060804074675	0.30766787	0.560262969	0.3689283707018	0.1849551325	0.368799605	0.5514174105
921	7	7	benefit_positive_truncnorm	benefit_positive_truncnorm	continuous	1	increasing	benefit	1	1	NA	1.87575089201587	3.37828728795865	700	252	420	700	700	252	491	0.64	0.298571428571429	7.11448531106939	24	24	0	2	1	10	4	1	5000	2500	1	0.95	12	10000	101920	0.5786	0.9957	0.172444559310709	-1.43081008291572	0.158621139930879	1.82828132354563	3.25909140646135	1.66660350448949	0.459312505496384	1.67552012402776	2.86499002765719	2.40567752216081	0.573986804901037	0.25865194800218	-4.44724384097387	0.0450534808850698	5.8363830579624	10.2836268989363	0.0451	0.9957	2.85113388317117	0.752215263676005	2.84603928435628	5.15552751005191	4.40331224637591	0	NA	NA	NA	NA	NA	NA	0	-1.70330633270516	2.90125246303351	1	-0.209147387526382	0.0437426297091106	1	-3.11963533995647	9.73212465430534	1	-0.527153404787483	0.277890712179036	1.0017913530867	4146.19472760399	0	1.00133033012058	10226.144859509	0	0.0255572579203205	-0.2189886425	0.024229955	0.27267954275	0.237947913265493	0.06486273065	0.238879345	0.41208923275
908	7	7	benefit_positive_truncnorm	benefit_positive_truncnorm	continuous	1	increasing	benefit	1	1	NA	1.84989725410266	3.51440320642452	700	252	420	700	700	252	489	0.64	0.301428571428571	7.13209887814171	24	24	0	2	1	10	4	1	5000	2500	1	0.95	12	10000	101907	0.6781	0.993	0.37895364454056	-1.22747624409176	0.377745753932715	1.98210198930595	3.20957823339771	1.58697603421382	0.328970939380451	1.59201162519873	2.83472759241452	2.50575665303407	0.674002751031637	0.569963946452229	-3.07871378404804	0.1144956004424	6.55666401271396	9.635377796762	0.0549	0.993	3.26060959653552	0.594482619020625	3.18815149799542	6.31570655479798	5.72122393577736	0	NA	NA	NA	NA	NA	NA	1	-1.4709436095621	2.16367510251158	1	-0.262921219888836	0.0691275678678336	1	-2.94443925997229	8.66972255566615	1	-0.253793609888997	0.0644111964204886	1.00126779185391	4475.59050028038	0	1.00114222364431	10961.7893527895	0	0.0566770684416294	-0.18789072075	0.056954023	0.2969723435	0.226836011107669	0.0462280679	0.22736637	0.40733444375
920	7	7	benefit_positive_truncnorm	benefit_positive_truncnorm	continuous	1	increasing	benefit	1	1	NA	2.38143109650773	4.79838917967088	700	252	420	700	700	252	482	0.64	0.311428571428571	7.29439827812872	24	24	0	2	1	10	4	1	5000	2500	1	0.95	12	10000	101919	0.7897	0.989	0.652375337981934	-0.946981334497382	0.645563128268091	2.27897104475177	3.22595237924915	1.47820973050691	0.247400674582834	1.46810660786562	2.73935563370831	2.49195495912548	0.786563805850209	0.976128272685066	-1.80601287447794	0.219651205976302	7.70678657169623	9.51279944617418	0.0667	0.989	3.3303368399996	0.558017863351768	3.26914112596955	6.35439846949071	5.79638060613895	0	NA	NA	NA	NA	NA	NA	0	-1.7290557585258	2.98963381609122	1	-0.903221366000824	0.815808836000394	1	-3.82226090698581	14.609678441072	1	-1.46805233967128	2.15517767201431	1.00163244398476	4525.99332301322	0	1.00138692630622	10199.8267207067	0	0.100390681862726	-0.14731005725	0.0997040435	0.347423183	0.214040048542759	0.0356312004	0.21224167	0.397140371
926	7	7	benefit_positive_truncnorm	benefit_positive_truncnorm	continuous	1	increasing	benefit	1	1	NA	1.90173762220273	3.42453765537818	700	252	420	700	700	252	477	0.64	0.318571428571429	6.96186033852641	24	24	0	2	1	10	4	1	5000	2500	1	0.95	12	10000	101925	1	1	3.00336274638306	1.3277406541074	2.99306320288346	4.74797731272802	3.42023665862062	2.98060165652754	1.69872735353663	2.97381782262485	4.26033422370977	2.56160687017314	1	4.22662380856534	0.227714233918936	3.21440143774268	13.0190050999249	12.7912908660059	0.191	1	6.89631201774725	3.92996855829741	6.80994544863436	10.3272992408324	6.39733068253503	0	NA	NA	NA	NA	NA	NA	1	1.10162512418033	1.21357791422534	1	1.07886403432481	1.16394760455961	1	0.802086153187159	0.643342197134575	0	3.47177436236907	12.0532172232032	1.0011355641145	4332.82470476259	0	1.0016714504123	10558.4457967152	0	0.449137850770613	0.20031467325	0.44747936	0.70437188725	0.4210245450229	0.238630653	0.419078175	0.60531684625
907	7	7	benefit_positive_truncnorm	benefit_positive_truncnorm	continuous	1	increasing	benefit	1	1	NA	2.53202760536961	5.40044633986831	700	252	420	700	700	252	485	0.64	0.307142857142857	6.91408066428618	24	24	0	2	1	10	4	1	5000	2500	1	0.95	12	10000	101906	0.858	0.9995	0.887499291965302	-0.749688312651333	0.875145613438239	2.53644947932711	3.28613779197844	2.07442678171942	0.811263238020526	2.08020029397517	3.29673233554578	2.48546909752525	0.854594594594595	1.30357072470256	-0.581047351150738	0.297312735240012	8.56631451253456	9.1473618636853	0.075	0.9995	4.04033442231144	1.39831105069976	3.97806337720782	6.8880597496309	5.48974869893114	0	NA	NA	NA	NA	NA	NA	1	-1.64452831340431	2.70447337358843	1	-0.457600823650196	0.209398513805338	1	-4.09687561516575	16.7843898061398	1	-1.36011191755687	1.84990442828024	1.00140672565406	4462.80406912581	0	1.00137386363476	11378.7817848814	0	0.134615093245585	-0.1157680385	0.134234985	0.3813395325	0.298170174906285	0.116369923	0.298034995	0.4763854125
904	7	7	benefit_positive_truncnorm	benefit_positive_truncnorm	continuous	1	increasing	benefit	1	1	NA	1.90279084657055	3.77900568171301	700	252	420	700	700	252	504	0.64	0.28	6.89778918159705	24	24	0	2	1	10	4	1	5000	2500	1	0.95	12	10000	101903	0.9833	0.9989	1.72029065456597	0.128114566421402	1.70643346612314	3.37770292536444	3.24958835894303	1.88733361950637	0.665977602681326	1.88972167911102	3.10272449704005	2.43674689435872	0.981846705513223	2.44578268265488	0.0256282031062448	0.895824376027147	10.4869847922962	10.4613565891899	0.1076	0.9989	3.62603095586126	1.22856278379493	3.63077784510063	6.07222952604117	4.84366674224624	0	NA	NA	NA	NA	NA	NA	1	-0.182500192004584	0.03330632008171	1	-0.0154572270641817	0.000238925868513672	1	-1.33322299905813	1.77748356521756	1	-0.152974725851745	0.0234012667494166	1.00199284148631	4160.82366411624	0	1.00144717719897	11056.8062577378	0	0.26216881444032	0.02018161795	0.2613472	0.50853857825	0.271258963845675	0.095861578825	0.27150413	0.44717557025
936	7	7	benefit_positive_truncnorm	benefit_positive_truncnorm	continuous	1	increasing	benefit	1	1	NA	1.75905180157857	3.18263798702147	700	252	420	700	700	252	503	0.64	0.281428571428571	6.31833617214395	24	24	0	2	1	10	4	1	5000	2500	1	0.95	12	10000	101935	0.7612	1	0.59931964925032	-1.04284542504638	0.592641836879352	2.27969915001777	3.32254457506415	2.33974907136085	1.10780147822677	2.33815188176921	3.54033745995785	2.43253598173108	0.756461441479302	0.905734041964694	-2.344110116684	0.18927309566814	7.93136777483375	10.2754778915178	0.0482	1	3.51302552159304	1.6008953673752	3.4789871684685	5.57512881384144	3.97423344646624	0	NA	NA	NA	NA	NA	NA	1	-1.15973215232825	1.34497866514392	1	0.58069726978228	0.337209319132594	1	-2.27690394505678	5.18429157501513	1	0.330387534571561	0.109155923000275	1.00147034488861	4450.05074823319	0	1.00142784837444	11466.2862677884	0	0.0885711000167538	-0.15862105275	0.0882569515	0.3331949465	0.3343643413561	0.15745668225	0.33377455	0.50870788575
940	7	7	benefit_positive_truncnorm	benefit_positive_truncnorm	continuous	1	increasing	benefit	1	1	NA	1.64174718043791	3.13565255221624	700	252	420	700	700	252	482	0.64	0.311428571428571	6.66129206175164	24	24	0	2	1	10	4	1	5000	2500	1	0.95	12	10000	101939	0.8628	0.9995	0.941476184827848	-0.668481743454292	0.938730257166701	2.61105687843054	3.27953862188483	2.2671580261135	0.974153189112287	2.26966620195879	3.53121351025924	2.55706032114695	0.858338699291693	1.33667451303387	-0.503180004098325	0.328185437652044	8.54164272718111	9.04482273127944	0.0682	0.9995	5.13429504658636	2.00554789733143	5.14250602086572	8.37487469029092	6.36932679295949	0	NA	NA	NA	NA	NA	NA	1	-0.700270995610063	0.490379467292708	1	0.625410845675588	0.391138725888654	1	-1.79897803918237	3.23632198546045	1	1.99864249437012	3.99457182030202	1.00109754169632	4278.76259540172	0	1.00148070110528	10731.5290460266	0	0.139274797936192	-0.09977670255	0.14025651	0.38360715625	0.31678859676458	0.13654661325	0.316458495	0.49552973
923	7	7	benefit_positive_truncnorm	benefit_positive_truncnorm	continuous	1	increasing	benefit	1	1	NA	1.74040073983964	3.48043101106395	700	252	420	700	700	252	508	0.64	0.274285714285714	6.13596080781633	24	24	0	2	1	10	4	1	5000	2500	1	0.95	12	10000	101922	0.9861	1	1.87652520411491	0.203178667452845	1.87686999541455	3.62479313687576	3.42161446942292	2.71435972744026	1.4909630759866	2.71653058597888	3.91075851120355	2.41979543521696	0.985016648168701	2.84989607426572	0.0453613127917589	1.33535632873453	11.3605422854132	11.3151809726214	0.099	1	5.39164465557756	2.83737054101816	5.21536384775287	8.60078086759655	5.76341032657839	0	NA	NA	NA	NA	NA	NA	1	0.136124464275261	0.0185298697742269	1	0.973958987600616	0.948596109528016	1	-0.630534936798237	0.397574306523156	1	1.9112136445136	3.65273759497497	1.00111924351964	4203.11638763749	0	1.00199604424557	9187.74816403456	0	0.277652351321464	0.030143459025	0.27728064	0.53198373875	0.3827485702442	0.20838401775	0.38253892	0.55536408825
946	7	7	benefit_positive_truncnorm	benefit_positive_truncnorm	continuous	1	increasing	benefit	1	1	NA	2.33994694238301	4.71263359880824	700	252	420	700	700	252	473	0.64	0.324285714285714	6.69525644297587	24	24	0	2	1	10	4	1	5000	2500	1	0.95	12	10000	101945	0.893	0.9976	1.01749339338446	-0.576136202820714	1.02657109061827	2.64603960826818	3.22217581108889	1.75180832357534	0.508743858082314	1.75232384217546	3.00444117553118	2.49569731744887	0.889474250080637	1.52471096134959	-0.391580778127993	0.381806135425959	8.98961032974538	9.38119110787337	0.0699	0.9976	3.64705716587051	0.962592354982871	3.5673788662446	6.81770489916669	5.85511254418381	0	NA	NA	NA	NA	NA	NA	1	-1.32245354899855	1.74888338925886	1	-0.588138618807674	0.345907034932999	1	-3.18792263745865	10.1628507424213	1	-1.06557643293773	1.1354531344323	1.00112537590845	4464.37764771224	0	1.00159911867539	10496.2347681333	0	0.157050469027264	-0.092790635675	0.159413365	0.402209414	0.250739837650897	0.0723685276	0.25020457	0.43227649475
909	7	7	benefit_positive_truncnorm	benefit_positive_truncnorm	continuous	1	increasing	benefit	1	1	NA	1.53136757140412	2.72156518081711	700	252	420	700	700	252	515	0.64	0.264285714285714	6.65862987930298	24	24	0	2	1	10	4	1	5000	2500	1	0.95	12	10000	101908	0.8896	0.9997	1.0459308122954	-0.63276391177168	1.02802265354404	2.73609349644043	3.36885740821211	2.06622356420916	0.829281940113472	2.06842622039401	3.28703942768872	2.45775748757525	0.885368227533254	1.50473398343526	-0.407555626606383	0.37324914953083	8.99924312388648	9.40679875049286	0.0753	0.9997	3.56545296120715	1.47818939100266	3.58589886051741	5.60818514473873	4.12999575373607	0	NA	NA	NA	NA	NA	NA	1	-0.485436759108717	0.235648847093974	1	0.534855992805037	0.286070933039461	1	-1.21683119738185	1.48067816292175	1	0.843887780390033	0.712146585891617	1.00143464447626	4033.97923570923	0	1.00160669960026	11046.6596769283	0	0.155477831402741	-0.094665463975	0.153931615	0.40358999225	0.28868233310016	0.11470593075	0.289179	0.4610352655
945	7	7	benefit_positive_truncnorm	benefit_positive_truncnorm	continuous	1	increasing	benefit	1	1	NA	2.60357817584151	5.56814047487677	700	252	420	700	700	252	462	0.64	0.34	6.97920673705225	24	24	0	2	1	10	4	1	5000	2500	1	0.95	12	10000	101944	0.999	1	2.7081313923868	1.05207109169609	2.70029667774919	4.40093781768289	3.3488667259868	2.82866099454611	1.60292594448839	2.826701218777	4.05148982073418	2.44856387624579	0.998792270531401	3.97322888875295	0.184990410397057	2.94912367166125	12.6831556692729	12.4981652588759	0.172	1	6.52442061271363	3.17847541076009	6.4287922380783	10.260154916113	7.08167950535287	1e-04	NA	NA	NA	NA	NA	NA	1	0.104553216545299	0.0109313750899682	1	0.225082818704605	0.0506622752760099	1	-1.59491158612381	2.54374296755198	1	0.956280137836864	0.914471702021292	1.00212326178665	4450.37057666659	0	1.00185381280672	10778.0512062633	0	0.41262227769471	0.16406494525	0.411893845	0.663214681	0.4089848302755	0.2303082255	0.408337205	0.58971922925
894	7	7	benefit_positive_truncnorm	benefit_positive_truncnorm	continuous	1	increasing	benefit	1	1	NA	1.34756589527277	1.93691574261579	700	252	420	700	700	252	481	0.64	0.312857142857143	6.96079041823492	24	24	0	2	1	10	4	1	5000	2500	1	0.95	12	10000	101893	0.5865	0.9752	0.186483792561004	-1.40212860019086	0.183357159207665	1.8426781411078	3.24480674129866	1.28412999596247	0.00251476340529633	1.27541876163366	2.54094869281239	2.53843392940709	0.583183119499523	0.251620765819625	-4.03210988911925	0.0457473512253621	5.54174101822198	9.57385090734123	0.0569	0.9752	2.51801713776256	0.00414764178871679	2.49159263616955	5.40138598894581	5.39723834715709	0	NA	NA	NA	NA	NA	NA	1	-1.16108210271177	1.34811164923758	1	-0.0634358993102968	0.00402411332130611	1	-1.68529497679616	2.84021915881439	1	0.581101395146767	0.337678831441519	1.00115766730982	4356.46778582263	0	1.00183807426426	9992.11477578844	0	0.0278559684246261	-0.21334106125	0.0281732625	0.27699287725	0.180466592547343	0.000346733138000003	0.17895438	0.35933371625
927	7	7	benefit_positive_truncnorm	benefit_positive_truncnorm	continuous	1	increasing	benefit	1	1	NA	1.42358016246714	2.49440445063562	700	252	420	700	700	252	505	0.64	0.278571428571429	5.63332154012789	24	24	0	2	1	10	4	1	5000	2500	1	0.95	12	10000	101926	0.9601	0.9686	1.48120508441636	-0.177125292526127	1.46535275088312	3.1943027769232	3.37142806944933	1.22703325919849	-0.0735814508323846	1.22820656360904	2.48261610401912	2.55619755485151	0.958369283865401	2.23995002687826	-0.0616015652459582	0.678159224057197	10.3278652596305	10.3894668248764	0.0728	0.9686	2.56809956872213	-0.133020342201647	2.45604360570402	5.58907379607488	5.72209413827653	0	NA	NA	NA	NA	NA	NA	1	0.0576249219492153	0.00332063162965316	1	-0.196546903268648	0.0386306851844952	1	-0.25445442375736	0.0647470537696903	1	0.0736951180865031	0.00543097042978363	1.00108411124153	4240.54308001716	0	1.00185288492945	10793.7437521389	0	0.221392906691629	-0.027547629875	0.220401475	0.47097351625	0.169445659843137	-0.0101432581	0.169467905	0.34485004
941	7	7	benefit_positive_truncnorm	benefit_positive_truncnorm	continuous	1	increasing	benefit	1	1	NA	1.9554346783636	3.90354138990682	700	252	420	700	700	252	482	0.64	0.311428571428571	6.99088800400063	24	24	0	2	1	10	4	1	5000	2500	1	0.95	12	10000	101940	0.9853	0.9998	1.7677499397916	0.172978674608988	1.7636714278759	3.44028165016673	3.26730297555774	2.28785181243331	1.0632239095434	2.28896198703662	3.54920345308139	2.48597954353799	0.983656792645557	2.60289376330175	0.0362087379592047	0.947453595111696	10.9618998586641	10.9256911207049	0.1189	0.9998	4.51781101691223	1.67844565588888	4.48003933723979	7.67351724565134	5.99507158976246	0	NA	NA	NA	NA	NA	NA	1	-0.187684738572001	0.0352255610928403	1	0.332417134069704	0.110501151023116	1	-1.30064762660507	1.69168424859339	1	0.61426962700541	0.377327174661366	1.00136829121288	4093.04915879925	0	1.0020340922199	9733.01971905939	0	0.265821903475912	0.027500311775	0.26553336	0.51098187175	0.32329389439837	0.149530399	0.322946585	0.50183222625
942	7	7	benefit_positive_truncnorm	benefit_positive_truncnorm	continuous	1	increasing	benefit	1	1	NA	1.48573018058929	2.52582852522356	700	252	420	700	700	252	482	0.64	0.311428571428571	6.86631934954873	24	24	0	2	1	10	4	1	5000	2500	1	0.95	12	10000	101941	0.6572	0.9987	0.331617313181903	-1.25386274631439	0.318171451293888	1.9791455513939	3.23300829770829	1.89456765562334	0.663558219186044	1.89505353529951	3.14731417215576	2.48375595296972	0.652943686006826	0.526662392203991	-3.1334919490849	0.0949154375068115	6.86323046780188	9.99672241688678	0.0624	0.9987	3.76626078230639	1.29614275910267	3.76458197758018	6.3142407437965	5.01809798469383	0	NA	NA	NA	NA	NA	NA	1	-1.15411286740739	1.33197651071531	1	0.408837475034046	0.167148080992214	1	-1.99916613301957	3.99666522741241	1	1.24043225708283	1.5386721844116	1.00119692395923	3980.35061192667	0	1.00117785149977	12111.4710888083	0	0.050685032921127	-0.19685466425	0.0486093115	0.301217545	0.270766580809819	0.09452630765	0.270624535	0.4521489785
943	7	7	benefit_positive_truncnorm	benefit_positive_truncnorm	continuous	1	increasing	benefit	1	1	NA	2.49703856987138	5.13132601943895	700	252	420	700	700	252	481	0.64	0.312857142857143	7.27620601352428	24	24	0	2	1	10	4	1	5000	2500	1	0.95	12	10000	101942	0.9953	1	2.26296830387719	0.582305111872279	2.25893372065036	3.96894230675007	3.38663719487779	3.65746656980697	2.42042142786036	3.66794547865505	4.8842220308956	2.46380060303524	0.994595229702738	3.27783979020924	0.111582905532946	2.0362276291953	11.4648678552173	11.3532849496844	0.1489	1	7.25892291199543	4.15763377815327	7.27317434732145	10.5274994355946	6.3698656574413	1e-04	NA	NA	NA	NA	NA	NA	1	-0.234070265994189	0.0547888894225906	1	1.16042799993559	1.34659314303451	1	-1.85348622922971	3.43541120194417	1	2.12759689255649	4.52666853721603	1.00080702172184	4487.92934194616	0	1.00124549590593	12258.7544502967	0	0.340813055371518	0.089555757975	0.34051243	0.5914306095	0.529097031559	0.346451157	0.53084548	0.7150975115
916	7	7	benefit_positive_truncnorm	benefit_positive_truncnorm	continuous	1	increasing	benefit	1	1	NA	2.53299097884159	5.17133165050735	700	252	420	700	700	252	452	0.64	0.354285714285714	8.85124729911491	24	24	0	2	1	10	4	1	5000	2500	1	0.95	12	10000	101915	0.9913	1	1.86247285208705	0.33570348935536	1.85964672967471	3.40455189973129	3.06884841037593	2.4464548985732	1.25089461455698	2.44953302737758	3.64990289280588	2.3990082782489	0.990258158792012	2.54274911800493	0.06760012485614	1.05072623969013	10.1609831565527	10.0933830316966	0.1788	1	6.53612861854891	2.85219895693561	6.52818467408391	10.4116872552528	7.55948829831717	0.0019	NA	NA	NA	NA	NA	NA	1	-0.670518126754547	0.449594558306427	1	-0.0865360802683979	0.0074884931882186	1	-2.62858253250243	6.90944613017687	1	1.36479696804155	1.86267076397542	1.00124323759598	4135.03473317664	0	1.00134236695103	11124.0623258801	0	0.29953568308543	0.054117527275	0.299094225	0.547600188	0.37229214654995	0.18910141775	0.371983155	0.558867442
944	7	7	benefit_positive_truncnorm	benefit_positive_truncnorm	continuous	1	increasing	benefit	1	1	NA	2.5322897464166	4.79082968523321	700	252	420	700	700	252	495	0.64	0.292857142857143	7.96853545191626	24	24	0	2	1	10	4	1	5000	2500	1	0.95	12	10000	101943	0.9697	1	1.53781126337921	-0.0577177361013505	1.52991334899085	3.1244431602203	3.18216089632165	3.2085156594789	2.02438224396424	3.21284193097727	4.37939071096925	2.35500846700501	0.967290255939401	2.20760805655725	-0.0214752127285898	0.690395283587257	10.0460087761832	10.0674839889118	0.1287	1	6.42672735291719	3.47239022188749	6.35950647547716	9.52749287757376	6.05510265568627	0	NA	NA	NA	NA	NA	NA	1	-0.994478483037393	0.988987453224354	1	0.676225913062297	0.457281485496937	1	-2.58322162867596	6.67303398285927	1	1.63589766768398	2.67616117913389	1.00112015003527	4159.24889086772	0	1.00133136117888	11367.6612600141	0	0.240371682908263	-0.0092129023625	0.24053097	0.486200228	0.473899825524	0.29632556025	0.47445572	0.651547761
929	7	7	benefit_positive_truncnorm	benefit_positive_truncnorm	continuous	1	increasing	benefit	1	1	NA	1.06098289824439	1.58984980222386	700	252	420	700	700	252	510	0.64	0.271428571428571	5.26128823968809	24	24	0	2	1	10	4	1	5000	2500	1	0.95	12	10000	101928	0.8556	0.9927	0.92572647556838	-0.779911336240313	0.924583362700945	2.6992230614725	3.47913439771282	1.66007158526147	0.367135557153917	1.66093295900768	2.94474584628545	2.57761028913153	0.852910602910603	1.46132371177942	-0.774598239784019	0.344005770351359	9.40033995573378	10.1749381955178	0.038	0.9927	2.811107416812	0.576005320845169	2.80453230542813	5.01502027646173	4.43901495561656	0	NA	NA	NA	NA	NA	NA	1	-0.13525642267601	0.0182942998751115	1	0.599088687017079	0.358907254911848	1	-0.128526090444438	0.0165189559249319	1	1.22125761458814	1.49147016118952	1.00210765231436	4017.93537421794	0	1.00146392123184	10759.8737904586	0	0.134850256687654	-0.1151656675	0.13572596	0.3874457885	0.22615241273037	0.049859802525	0.225943995	0.401807821
948	7	7	benefit_positive_truncnorm	benefit_positive_truncnorm	continuous	1	increasing	benefit	1	1	NA	1.70775438314053	2.95015878977236	700	252	420	700	700	252	492	0.64	0.297142857142857	7.00714887832143	24	24	0	2	1	10	4	1	5000	2500	1	0.95	12	10000	101947	0.9164	0.9977	1.14236368730581	-0.457122945245123	1.12635103294004	2.8120462172639	3.26916916250903	1.79072054885067	0.530536309463383	1.80400505775769	3.02545318802197	2.49491687855858	0.914740035568574	1.88548328082648	-0.212505460059797	0.448488726541527	10.2130275769261	10.4255330369859	0.0441	0.9977	3.74138802715384	1.01579638235183	3.67160482796139	6.64476624433693	5.62896986198509	0	NA	NA	NA	NA	NA	NA	1	-0.565390695834715	0.319666638936463	1	0.0829661657101455	0.00688338465264332	1	-1.06467550894588	1.13353393934918	1	0.791229237381476	0.626043706087272	1.00109296062807	4532.75121835962	0	1.00190024513336	10794.1798436335	0	0.171863356609563	-0.06985414375	0.17124306	0.416010875	0.25381791744366	0.074688647625	0.25552221	0.4299304475
930	7	7	benefit_positive_truncnorm	benefit_positive_truncnorm	continuous	1	increasing	benefit	1	1	NA	1.71508097076604	3.19531592668524	700	252	420	700	700	252	483	0.64	0.31	6.97690336265844	24	24	0	2	1	10	4	1	5000	2500	1	0.95	12	10000	101929	0.7665	0.9994	0.627229359727479	-1.00591733790789	0.626006833435544	2.28806844282494	3.29398578073282	2.11455949209322	0.855120188777861	2.12197273345104	3.35486451788608	2.49974432910822	0.760921024316763	0.862919395496081	-2.0431390163594	0.189666668164727	7.41577377682745	9.45891279318685	0.0706	0.9994	4.32325229461938	1.7207151148151	4.28187655971	7.08191396269009	5.36119884787499	0	NA	NA	NA	NA	NA	NA	1	-1.08785161103856	1.1834211276392	1	0.399478521327179	0.159583089001749	1	-2.33239653118916	5.44007357870322	1	1.12793636793414	1.27224045010847	1.00223792979403	4063.62805029059	0	1.00183621235234	11379.5080163949	0	0.0942503326266349	-0.15153512925	0.094963849	0.34290224625	0.298868719489766	0.12028998975	0.29987376	0.47614557625
957	7	7	benefit_positive_truncnorm	benefit_positive_truncnorm	continuous	1	increasing	benefit	1	1	NA	2.34623764042501	4.62060551896366	700	252	420	700	700	252	481	0.64	0.312857142857143	7.24785699993926	24	24	0	2	1	10	4	1	5000	2500	1	0.95	12	10000	101956	0.9632	0.9995	1.49941914234842	-0.152124241478029	1.48849788252818	3.19307875524785	3.34520299672587	2.05505405388439	0.824163320928852	2.05444236666268	3.28038757461474	2.45622425368589	0.960581834332667	2.25074700104709	-0.0548764516477667	0.704319822517543	10.3074417130058	10.3623181646536	0.0994	0.9995	4.30507181479306	1.60688091110129	4.24975562290009	7.30009222788792	5.69321131678663	0	NA	NA	NA	NA	NA	NA	1	-0.846818498076584	0.717101568684682	1	-0.291183586540622	0.0847878810706599	1	-2.36985851791657	5.61622939494172	1	-0.315533704170594	0.099561518467616	1.001655627424	4459.06437501658	0	1.00154623672141	11451.1358300605	0	0.227114366513971	-0.023292099125	0.22638775	0.47925758925	0.29368798845006	0.11782690025	0.2934308	0.4711875215
947	7	7	benefit_positive_truncnorm	benefit_positive_truncnorm	continuous	1	increasing	benefit	1	1	NA	1.5129184948646	2.77386985372642	700	252	420	700	700	252	483	0.64	0.31	6.77917442841516	24	24	0	2	1	10	4	1	5000	2500	1	0.95	12	10000	101946	0.7851	0.9959	0.666466465350824	-0.968311812381351	0.661387832623688	2.33308154771098	3.30139336009233	1.73536784538525	0.460374236255232	1.73510125113652	3.02476258429544	2.56438834804021	0.778193079880393	0.945101817348532	-1.79013842557315	0.20178870462556	7.60084923178453	9.39098765735768	0.0636	0.9959	3.36629524199276	0.772106292081989	3.17493402128461	6.79607210414053	6.02396581205854	0	NA	NA	NA	NA	NA	NA	1	-0.846452029513778	0.716481038267994	1	0.22244935052065	0.0494837135470592	1	-1.82876803637789	3.34439253087743	1	0.59242538826634	0.350967840662523	1.00122867208308	4611.24939758998	0	1.00173776726092	11666.5133529445	0	0.0999950217106875	-0.1460413165	0.100416045	0.34807402775	0.244952139325335	0.06508722545	0.24476483	0.430030305
910	7	7	benefit_positive_truncnorm	benefit_positive_truncnorm	continuous	1	increasing	benefit	1	1	NA	2.57569266408001	5.52557060161622	700	252	420	700	700	252	477	0.64	0.318571428571429	7.0479672592542	24	24	0	2	1	10	4	1	5000	2500	1	0.95	12	10000	101909	0.9957	1	2.25326560572502	0.615403272748885	2.24593510583917	3.96341857494902	3.34801530220013	2.84371674951146	1.64612869652826	2.84036392742576	4.05864200922881	2.41251331270055	0.99521921641791	3.4347141974769	0.127870438730939	2.28585273307903	11.9852673098283	11.8573968710974	0.1424	1	6.61517502489582	3.34677288453144	6.52193845818667	10.1838968803826	6.83712399585118	0	NA	NA	NA	NA	NA	NA	1	-0.322427058354994	0.103959207959455	1	0.268024085431448	0.071836910371364	1	-2.09085640413932	4.37168050273042	1	1.0896044232796	1.18723779923046	1.00158335377822	4437.65256444252	0	1.00128138996901	10829.8306047092	0	0.337802118674436	0.09284951695	0.33655874	0.5863201505	0.4037796906532	0.232667112	0.40288515	0.5794415515
939	7	7	benefit_positive_truncnorm	benefit_positive_truncnorm	continuous	1	increasing	benefit	1	1	NA	1.73555493716759	3.16017499454926	700	252	420	700	700	252	499	0.64	0.287142857142857	7.2158028921761	24	24	0	2	1	10	4	1	5000	2500	1	0.95	12	10000	101938	0.9478	1	1.34484843098167	-0.274446719803136	1.3329578024463	3.01653004721761	3.29097676702074	2.57202609436892	1.33773036483585	2.57778283929735	3.80093956479658	2.46320919996073	0.945146751676377	1.97754530430335	-0.115494245190436	0.583309135915805	9.4651740587598	9.58066830395024	0.0903	1	4.85081908244586	2.30445775080886	4.70086636543475	7.91962947311483	5.61517172230597	0	NA	NA	NA	NA	NA	NA	1	-0.390706506185916	0.152651573976005	1	0.836471157201335	0.69968399682974	1	-1.18262969024591	1.39861298425114	1	1.6906440878966	2.85827743193972	1.00129591268281	4306.35211633165	0	1.00154472755441	11477.9000146417	0	0.20140763844621	-0.041143435225	0.200365825	0.44671239875	0.3671220518745	0.19188080225	0.36767901	0.54404647025
919	7	7	benefit_positive_truncnorm	benefit_positive_truncnorm	continuous	1	increasing	benefit	1	1	NA	2.00369531400587	3.89077067236891	700	252	420	700	700	252	490	0.64	0.3	6.91015303828468	24	24	0	2	1	10	4	1	5000	2500	1	0.95	12	10000	101918	0.9608	0.9982	1.43988054796728	-0.169574480126771	1.42958812577022	3.11905937236896	3.28863385249573	1.91137140562423	0.681371426129202	1.90396838348916	3.16991637817694	2.48854495204774	0.959311941779689	2.09096601230565	-0.0636579069738303	0.5817962550231	10.115460355343	10.1791182623168	0.0931	0.9982	3.83825782088475	1.28821480616928	3.83560728509198	6.42236364308792	5.13414883691864	0	NA	NA	NA	NA	NA	NA	1	-0.56381476603859	0.31788709040315	1	-0.0923239083816407	0.00852370405886159	1	-1.79980466006326	3.23929681438543	1	-0.0525128514841602	0.00275759957099746	1.00318118109683	3842.28044844048	0	1.00126492216536	10235.9733499064	0	0.22079949342571	-0.026056598675	0.219765535	0.47084739175	0.272803549429496	0.09733440085	0.271169745	0.45565425925
955	7	7	benefit_positive_truncnorm	benefit_positive_truncnorm	continuous	1	increasing	benefit	1	1	NA	2.24012058780314	3.59459253141495	700	252	420	700	700	252	489	0.64	0.301428571428571	6.91656531546184	24	24	0	2	1	10	4	1	5000	2500	1	0.95	12	10000	101954	0.6773	0.9821	0.398244936897559	-1.21750321731455	0.376279527597807	2.08009933418158	3.29760255149613	1.35418105736284	0.0793143197034319	1.35380320590968	2.60612473760474	2.52681041790131	0.673140539963718	0.610373291507771	-2.72099788268339	0.108760658545425	6.69603819305688	9.41703607574026	0.0629	0.9821	2.59097233030083	0.143134996411043	2.59330090917938	5.20426435808914	5.06112936167809	0	NA	NA	NA	NA	NA	NA	0	-1.84187565090558	3.39250591339887	1	-0.885939530440305	0.784888851596788	1	-2.98421923990718	8.9055644718322	1	-1.00362020111412	1.00725350808434	1.00152248140372	4393.76199424057	0	1.0012958130288	10270.8381870072	0	0.0600416523769724	-0.18880063125	0.0579287625	0.31257974625	0.192042336771975	0.011288338	0.19189572	0.370163092
937	7	7	benefit_positive_truncnorm	benefit_positive_truncnorm	continuous	1	increasing	benefit	1	1	NA	1.87538440640017	3.42286072603985	700	252	420	700	700	252	507	0.64	0.275714285714286	6.68457886839415	24	24	0	2	1	10	4	1	5000	2500	1	0.95	12	10000	101936	0.9741	0.9997	1.65593456153714	-0.0141820023684129	1.6402884298449	3.35607756303668	3.3702595654051	1.97882080411923	0.754195860627171	1.97441612168128	3.20750832634272	2.45331246571555	0.971823204419889	2.44794126461601	-0.0128701369332127	0.805576059237053	10.9001474687774	10.9130176057106	0.095	0.9997	3.25638234187481	1.03827619993137	3.13746138923197	5.96774684938725	4.92947064945588	0	NA	NA	NA	NA	NA	NA	1	-0.219449844863026	0.0481582344104062	1	0.103436397719066	0.0106990883730968	1	-0.974919461423836	0.950467956262942	1	-0.166478384165043	0.0277150523942038	1.00273938086477	4012.42859677312	0	1.00155836489776	10075.6971342447	0	0.249582138059924	-0.00201035337499999	0.24820554	0.50327696725	0.27991813321116	0.105980616	0.27900973	0.454591131
954	7	7	benefit_positive_truncnorm	benefit_positive_truncnorm	continuous	1	increasing	benefit	1	1	NA	1.69168934091766	2.73752836347314	700	252	420	700	700	252	502	0.64	0.282857142857143	6.11067978992738	24	24	0	2	1	10	4	1	5000	2500	1	0.95	12	10000	101953	0.996	1	2.24426146074718	0.564502862235366	2.23527747546067	3.9834427034445	3.41893984120913	3.19316917981869	1.97138090466157	3.18632294634877	4.42697598305198	2.45559507839041	0.995727865000534	4.49959096594429	0.133528604789891	3.49346677159773	14.2969642426912	14.1634356379013	0.0637	1	5.80819480306644	3.20040723465209	5.7781869083834	8.90374474268168	5.70333750802959	0	NA	NA	NA	NA	NA	NA	1	0.552572119829522	0.305335947612892	0	1.50147983890103	2.25444170662626	1	1.76206260247115	3.10486461502741	0	3.0706664395933	9.42899238324459	1.00150236792221	4489.50969180235	0	1.00121181267453	12054.1564347895	0	0.333405025638395	0.08498903115	0.332863985	0.583366921	0.446472297209	0.27411242475	0.44500083	0.6237078045
928	7	7	benefit_positive_truncnorm	benefit_positive_truncnorm	continuous	1	increasing	benefit	1	1	NA	2.34679662632899	4.30225427633523	700	252	420	700	700	252	474	0.64	0.322857142857143	7.31806192898826	24	24	0	2	1	10	4	1	5000	2500	1	0.95	12	10000	101927	1	1	3.96483549672831	2.2360110223108	3.97442142653912	5.64399567282388	3.40798465051309	2.96642113918313	1.68777542642711	2.96840760912872	4.23674458964658	2.54896916321947	1	5.74240884168005	0.384352050243004	5.23273334536351	14.2472365434203	13.8628844931773	0.2892	1	5.73991178388588	2.83901237066855	5.61289994284315	9.11773085066199	6.27871847999344	0	NA	NA	NA	NA	NA	NA	1	1.61803887039933	2.61804978612314	1	0.619624512854145	0.383934536929736	1	1.44015456534482	2.07404517208353	1	1.43765750755065	2.06685910901676	1.00094681676029	4430.7248966504	0	1.00137804335214	12198.091212939	0	0.597474845394	0.34212373325	0.59626868	0.8554630995	0.4235262751892	0.23927702775	0.42323734	0.609390026
956	7	7	benefit_positive_truncnorm	benefit_positive_truncnorm	continuous	1	increasing	benefit	1	1	NA	2.5193648700274	5.46415166746853	700	252	420	700	700	252	484	0.64	0.308571428571429	6.32328320192216	24	24	0	2	1	10	4	1	5000	2500	1	0.95	12	10000	101955	0.9725	1	1.64724792137391	-0.0298789796486617	1.63101480540879	3.3638673029719	3.39374628262056	2.76619419752824	1.49737073961535	2.76999650710614	4.01314864941981	2.51577790980446	0.9710113807172	2.82515096389255	-0.0170198208441358	1.16836138059459	11.986939355703	12.0039591765471	0.0686	1	5.80528085098485	3.04258371716363	5.77410594299484	8.51316113575045	5.47057741858682	0	NA	NA	NA	NA	NA	NA	1	-0.872116948653487	0.760587972128669	1	0.246829327500843	0.0609247169145186	1	-2.63900070357598	6.96432471347449	1	0.341129183516326	0.116369119846515	1.0017437623185	3956.05198737391	0	1.00086129773756	10501.8424870638	0	0.243791553667198	-0.0047166040775	0.242633195	0.49267692425	0.3907916424485	0.2096502455	0.390556325	0.570941045
961	7	7	benefit_positive_truncnorm	benefit_positive_truncnorm	continuous	1	increasing	benefit	1	1	NA	2.57890965875514	5.5211677261032	700	252	420	700	700	252	481	0.64	0.312857142857143	7.39046583394072	24	24	0	2	1	10	4	1	5000	2500	1	0.95	12	10000	101960	0.9998	1	3.00336142071831	1.33316622537424	2.98714740024132	4.67481356878017	3.34164734340593	3.31313478984335	2.11692888024573	3.31634796398753	4.52588889653513	2.4089600162894	0.999872579001019	4.25900088237479	0.231447594322329	3.36976523003106	12.6450297190579	12.4135821247356	0.2152	1	7.06052567730524	4.62498061110423	6.99956921694754	9.79232375023027	5.16734313912604	1e-04	NA	NA	NA	NA	NA	NA	1	0.42445176196318	0.180159298233648	1	0.734225131088211	0.539086543121501	1	-1.26216684372841	1.59306514140734	1	1.53935795120204	2.36962290192893	1.00120107005717	3918.56469862869	0	1.00156027914969	11832.9779267837	0	0.4577317242665	0.20876435875	0.454854435	0.7135755665	0.485817419882	0.308316918	0.48612871	0.66831240975
959	7	7	benefit_positive_truncnorm	benefit_positive_truncnorm	continuous	1	increasing	benefit	1	1	NA	1.9590013648843	3.84632818546031	700	252	420	700	700	252	500	0.64	0.285714285714286	6.91642042695407	24	24	0	2	1	10	4	1	5000	2500	1	0.95	12	10000	101958	0.9623	0.9996	1.51164943363809	-0.156365972934991	1.51353616051881	3.23044184278731	3.3868078157223	2.07671794082848	0.867260730701253	2.07314119750657	3.27751690638937	2.41025617568812	0.959675627638303	2.09319999968638	-0.0651500786215644	0.593122499425578	10.0759172849195	10.1410673635411	0.0998	0.9996	3.71209608772166	1.36766857519129	3.66579123726865	6.3744097055629	5.0067411303716	0	NA	NA	NA	NA	NA	NA	1	-0.447351931246207	0.200123750389711	1	0.117716575944181	0.0138571922520221	1	-1.75312818577392	3.07345843575497	1	-0.134232097738648	0.0180182560633179	1.00150687223712	4405.39872124032	0	1.00189533325885	11546.9403561058	0	0.227137727613287	-0.023553596875	0.226913465	0.48242479675	0.29330196567711	0.121976602	0.29275989	0.46517797025
951	7	7	benefit_positive_truncnorm	benefit_positive_truncnorm	continuous	1	increasing	benefit	1	1	NA	1.81380035117849	3.23323000813973	700	252	420	700	700	252	484	0.64	0.308571428571429	6.92704397927466	24	24	0	2	1	10	4	1	5000	2500	1	0.95	12	10000	101950	0.4597	0.9729	-0.076840969363577	-1.67224621315502	-0.0739750658795364	1.5360603736238	3.20830658677883	1.2409134485842	-0.0198122563305146	1.24596164467528	2.51737621381803	2.53718847014855	0.457230573787847	-0.112641433040501	-5.38754341918961	-0.022625984418319	4.41176070796173	9.79930412715134	0.0554	0.9729	2.471164874864	-0.0404362055444923	2.3979793936276	5.32041121699846	5.36084742254295	0	NA	NA	NA	NA	NA	NA	0	-1.89064132054207	3.57452460294106	1	-0.572886902594295	0.328199403164086	1	-3.34587144118023	11.1948557009055	1	-0.762065133275725	0.580743267354549	1.00090593082315	4578.21208707258	0	1.00240135819052	10957.4916657881	0	-0.0125816921107673	-0.26312906975	-0.011527839	0.23452720675	0.17609131528475	-0.00284410894	0.17656435	0.358426297
950	7	7	benefit_positive_truncnorm	benefit_positive_truncnorm	continuous	1	increasing	benefit	1	1	NA	1.80890142851929	3.44084450215172	700	252	420	700	700	252	510	0.64	0.271428571428571	6.31297290962715	24	24	0	2	1	10	4	1	5000	2500	1	0.95	12	10000	101949	0.6988	0.9993	0.447373758279191	-1.19307329927891	0.438559310026451	2.14677524447688	3.3398485437558	2.05766860086505	0.803238470966755	2.0591536277708	3.31552548074413	2.51228700977737	0.695665796344648	0.749304967330076	-3.00968667583778	0.143350429266704	7.31438327341031	10.3240699492481	0.0425	0.9993	2.99627906808007	0.870737783760274	2.80150718629534	5.78371939807405	4.91298161431378	0	NA	NA	NA	NA	NA	NA	1	-1.3615276702401	1.85375759682944	1	0.248767172345754	0.0618851060369019	1	-2.69153953482165	7.24438506750793	1	-0.444565434071649	0.197638425171314	1.00165555700505	4370.93649909836	0	1.00196175549625	11047.6320621104	0	0.0649755377511126	-0.1798656525	0.064738336	0.31154659075	0.283403252673552	0.10999793425	0.28336211	0.4578212485
953	7	7	benefit_positive_truncnorm	benefit_positive_truncnorm	continuous	1	increasing	benefit	1	1	NA	1.48779233734741	2.21855963247157	700	252	420	700	700	252	478	0.64	0.317142857142857	6.65173670871165	24	24	0	2	1	10	4	1	5000	2500	1	0.95	12	10000	101952	0.9947	1	2.18010531330369	0.512381801475835	2.17107432347269	3.90186000145264	3.3894781999768	2.76550316365571	1.48251423035557	2.76720920159985	4.03192258562527	2.5494083552697	0.994189358550758	3.20347060561805	0.0951999185125438	1.83306626919024	11.6546680083863	11.5594680898737	0.1223	1	5.0765319390469	2.19479770591842	5.05228154266083	8.40457747317915	6.20977976726073	0	NA	NA	NA	NA	NA	NA	1	0.692312975956277	0.479297256677437	1	1.2777108263083	1.63254495566545	1	0.984910973146487	0.97004962502436	1	2.85797230657533	8.16800570515152	1.00183152148844	4414.66575061988	0	1.00156010870612	9631.41351079045	0	0.324016229292621	0.07919226265	0.32309444	0.57346853275	0.3912032553016	0.209434286	0.391016445	0.57341535525
949	7	7	benefit_positive_truncnorm	benefit_positive_truncnorm	continuous	1	increasing	benefit	1	1	NA	2.15302209079018	4.38860902754757	700	252	420	700	700	252	470	0.64	0.328571428571429	7.66618204110507	24	24	0	2	1	10	4	1	5000	2500	1	0.95	12	10000	101948	0.9499	1	1.32158872737599	-0.264283769236285	1.30328515975869	2.96506297663902	3.22934674587531	2.70327889306385	1.46088836692146	2.71108334870248	3.89811987023408	2.43723150331261	0.947362501405916	1.91003638111568	-0.0988414260191011	0.54636653356464	9.38600496542351	9.48484639144261	0.1109	1	6.25521855350612	2.85825380687828	6.18648453763161	9.98363382855129	7.12538002167301	1e-04	NA	NA	NA	NA	NA	NA	1	-0.831433363414193	0.691281437798237	1	0.550256802273668	0.302782548448443	1	-2.47857264643189	6.14332236364041	1	1.86660952595855	3.4842311223992	1.0015334565978	4283.50676910963	0	1.00140280678187	9425.3734514922	0	0.204936400266908	-0.0432154682	0.20297821	0.45698076325	0.3992521926868	0.214945402	0.400048475	0.57949668825
975	7	7	benefit_positive_truncnorm	benefit_positive_truncnorm	continuous	1	increasing	benefit	1	1	NA	2.22039824292871	4.42965722116692	700	252	420	700	700	252	464	0.64	0.337142857142857	7.41544991203716	24	24	0	2	1	10	4	1	5000	2500	1	0.95	12	10000	101974	0.9987	1	2.42760528601754	0.820734397141249	2.41482462194895	4.06031317215829	3.23957877501705	3.00512265161101	1.76472408532427	3.0050071781086	4.21099348866548	2.4462694033412	0.998443486590038	3.60831271702443	0.159855420676837	2.53138513778053	12.1257006223857	11.9658452017089	0.1648	1	6.94067692936659	3.65577602197537	6.73080848704586	11.0388554845242	7.38307946254879	7e-04	NA	NA	NA	NA	NA	NA	1	0.207207043088829	0.042934758705616	1	0.784724408682299	0.615792397581784	1	-0.821344504142489	0.674606794485072	1	2.51101970819967	6.30521997496717	1.00105006161665	4752.1527944242	0	1.00210266149226	11080.1789365521	0	0.375172611288643	0.12719385725	0.373959665	0.6227268015	0.442322017178	0.2575785045	0.44170751	0.6228542205
960	7	7	benefit_positive_truncnorm	benefit_positive_truncnorm	continuous	1	increasing	benefit	1	1	NA	1.51811828909399	2.88670699732453	700	252	420	700	700	252	482	0.64	0.311428571428571	7.02010759112782	24	24	0	2	1	10	4	1	5000	2500	1	0.95	12	10000	101959	0.6084	0.9978	0.231654848415444	-1.4152283430862	0.22819647960331	1.86149623058318	3.27672457366938	1.83185697489937	0.583140504269602	1.83563680058576	3.05450341470982	2.47136291044022	0.604711768998228	0.408855012230093	-4.54889379045797	0.0729526603187054	7.04695674635073	11.5958505368087	0.0407	0.9978	3.89402838390542	1.01261136556497	3.84172649564048	7.18117970859311	6.16856834302813	0	NA	NA	NA	NA	NA	NA	1	-1.28646344067855	1.65498818420249	1	0.313738685805377	0.0984319629708852	1	-2.47785198509444	6.13975046003645	1	1.00732138658089	1.01469637586324	1.00150562936684	4140.35962213023	0	1.00197287546578	11881.6941768794	0	0.0347616587764381	-0.218569263	0.035226868	0.282346056	0.26536881114861	0.084348477725	0.26579767	0.445667245
938	7	7	benefit_positive_truncnorm	benefit_positive_truncnorm	continuous	1	increasing	benefit	1	1	NA	1.70935570799537	3.21685959337051	700	252	420	700	700	252	499	0.64	0.287142857142857	6.13526403860024	24	24	0	2	1	10	4	1	5000	2500	1	0.95	12	10000	101937	0.9221	0.939	1.22870721602892	-0.4626940650732	1.22409553528806	2.9359618629654	3.3986559280386	1.00567495191469	-0.275737503775544	0.998779032606736	2.27171865126925	2.54745615504479	0.918836302308422	2.19259439159256	-0.255118823411667	0.633690455224061	11.1813931985634	11.4365120219751	0.0513	0.939	1.93426065759088	-0.528394974736992	1.89912587960628	4.57908282080098	5.10747779553797	0	NA	NA	NA	NA	NA	NA	1	-0.480648491966446	0.231022972829619	1	-0.703680756080675	0.495166606478271	1	-1.02426520177795	1.04911920357323	1	-1.28259893577963	1.64506003006304	1.00135125983303	4307.50914579283	0	1.00130469826401	11863.4668191195	0	0.179653211407138	-0.0675850529	0.180103485	0.427438184	0.138683954716249	-0.03813268235	0.13764772	0.314533989
976	7	7	benefit_positive_truncnorm	benefit_positive_truncnorm	continuous	1	increasing	benefit	1	1	NA	2.32410575939688	4.81374439579304	700	252	420	700	700	252	492	0.64	0.297142857142857	6.420359648206	24	24	0	2	1	10	4	1	5000	2500	1	0.95	12	10000	101975	0.9997	1	2.6527955132048	0.953833589687274	2.65182053254261	4.38582867036302	3.43199508067574	3.45324787018659	2.20246144094013	3.45963407138023	4.68522753579967	2.48276609485954	0.999647763296935	3.89251391238792	0.16671859728086	2.75547616522806	12.9505643545706	12.7838457572898	0.1483	1	6.46501163877069	3.77987450300075	6.36301712385984	9.43642800504395	5.65655350204321	0	NA	NA	NA	NA	NA	NA	1	0.32868975380792	0.108036954258311	1	1.12914211078972	1.27496190635866	1	-0.92123048340512	0.848665603554832	1	1.65126724297764	2.72668350773099	1.0009518019591	4384.17656025579	0	1.00142376251309	11590.279022379	0	0.39315254937629	0.1460918705	0.392198475	0.644551848	0.491582505946	0.31094185575	0.49169674	0.671192526
962	7	7	benefit_positive_truncnorm	benefit_positive_truncnorm	continuous	1	increasing	benefit	1	1	NA	1.61924262783843	3.30103408018812	700	252	420	700	700	252	477	0.64	0.318571428571429	6.87492426145911	24	24	0	2	1	10	4	1	5000	2500	1	0.95	12	10000	101961	0.85	0.9997	0.898580866347317	-0.796321334936567	0.891749669839873	2.58807344586053	3.38439478079709	2.48336662738592	1.22404263435202	2.48119157524276	3.75429849304301	2.53025585869098	0.844578572968312	1.30996137838576	-0.664818144062959	0.299855242513032	8.51357642497255	9.17839456903551	0.0722	0.9997	6.14450631791473	2.53966373050913	6.18809963077686	9.88816900657687	7.34850527606774	0	NA	NA	NA	NA	NA	NA	1	-0.720661761491113	0.519353374475473	1	0.864123999547489	0.746710286593949	1	-1.99107270180235	3.96437050386252	1	2.84347223772662	8.08533436672201	1.00146539697179	4406.34450330497	0	1.00164918335731	11798.9947565752	0	0.133077710082094	-0.1185289225	0.133739715	0.381946045	0.35012337762144	0.171706643	0.349675725	0.53246108525
958	7	7	benefit_positive_truncnorm	benefit_positive_truncnorm	continuous	1	increasing	benefit	1	1	NA	1.75653710158701	2.93155419062825	700	252	420	700	700	252	490	0.64	0.3	6.96300156010542	24	24	0	2	1	10	4	1	5000	2500	1	0.95	12	10000	101957	0.9955	1	2.11703214929219	0.506583005021223	2.11586590120282	3.80491677077326	3.29833376575204	2.71010098132483	1.4937208757211	2.71470241144868	3.93895871718616	2.44523784146506	0.99505235300886	3.05306668102843	0.0966854909834876	1.68026730332424	11.6356210132888	11.5389355223053	0.1309	1	5.1412322832996	2.54811493029901	5.03406025454422	8.25261196449234	5.70449703419333	0	NA	NA	NA	NA	NA	NA	1	0.360495047705188	0.129956679419966	1	0.953563879737827	0.909284072740656	1	0.121512490400178	0.0147652853232534	1	2.20967809267135	4.88267727323168	1.00201772735108	4182.93933442765	0	1.00166752153714	10594.9410613636	0	0.319971624279904	0.0782401899	0.32082033	0.56841999825	0.3873639136312	0.2124480475	0.38727766	0.565478524
966	7	7	benefit_positive_truncnorm	benefit_positive_truncnorm	continuous	1	increasing	benefit	1	1	NA	1.75089842467013	3.19426013285274	700	252	420	700	700	252	490	0.64	0.3	5.61052854770229	24	24	0	2	1	10	4	1	5000	2500	1	0.95	12	10000	101965	0.9906	0.9955	2.01632770779349	0.341027514772751	2.00794738524598	3.73630325354167	3.39527573876892	1.66444737356567	0.38695376947676	1.65657535531104	2.9431981415752	2.55624437209844	0.989765599207659	3.1112018162261	0.0746627872228045	1.62637093250152	12.3779630711831	12.3033002839603	0.0913	0.9955	2.90072072900328	0.623404875575334	2.78736871101176	5.80419854920294	5.1807936736276	0	NA	NA	NA	NA	NA	NA	1	0.265429283123368	0.0704527043393848	1	-0.0864510511044578	0.00747378423706558	1	-0.0830583166266332	0.00689868396085005	1	-0.293539403849454	0.086165381612293	1.00142774558506	4348.80212287067	0	1.00109092748815	10538.5545758923	0	0.298869144857406	0.051923821575	0.29919161	0.5437008445	0.22943994093073	0.053297032925	0.22832149	0.40733392225
952	7	7	benefit_positive_truncnorm	benefit_positive_truncnorm	continuous	1	increasing	benefit	1	1	NA	2.14439094638753	4.93567134564006	700	252	420	700	700	252	456	0.64	0.348571428571429	8.00591059651802	24	24	0	2	1	10	4	1	5000	2500	1	0.95	12	10000	101951	0.9991	1	2.69463658460988	1.05725089947078	2.68865139696803	4.37751986381226	3.32026896434149	2.81721588762869	1.57732979130291	2.81931690874949	4.03694194315589	2.45961215185299	0.998987740411652	4.06281714905468	0.205200867336797	3.00482640577746	12.8807609176189	12.6755600502821	0.1109	1	6.75754636054132	3.0415362152939	6.61321146102382	11.2418951119452	8.20035889665126	0.0012	NA	NA	NA	NA	NA	NA	1	0.550245638222354	0.302770262382726	1	0.672824941241167	0.45269340155618	1	-0.872854196585384	0.761874448496716	1	1.82187501490126	3.31922856992145	1.00141451874996	4442.92141529219	0	1.00145906785446	11757.4425988642	0	0.41418088480446	0.16581959525	0.415568645	0.6661680565	0.4211212286747	0.2336913065	0.421022155	0.60774943075
974	7	7	benefit_positive_truncnorm	benefit_positive_truncnorm	continuous	1	increasing	benefit	1	1	NA	2.64904727349437	5.70318688443714	700	252	420	700	700	252	492	0.64	0.297142857142857	6.70279929903561	24	24	0	2	1	10	4	1	5000	2500	1	0.95	12	10000	101973	1	1	3.1510334083533	1.47025479275268	3.15317723222829	4.81309952131492	3.34284472856224	3.03803869568068	1.80927760470261	3.03384754348422	4.2631941173293	2.45391651262669	1	4.62390880654621	0.244995224659838	3.7770691293015	13.5716384996651	13.3266432750052	0.196	1	5.91612883410229	3.14987273855262	5.83173591349676	9.17823955638094	6.02836681782832	0	NA	NA	NA	NA	NA	NA	1	0.501986134858928	0.251990079590605	1	0.388991422186305	0.151314326534524	1	-1.07927807789092	1.16484116941592	1	0.212941949665149	0.0453442739271949	1.00155500454802	4814.51309639823	0	1.00149135804353	11163.5673231945	0	0.476677116504	0.227264929	0.47604895	0.72639886175	0.435027312598	0.25701280875	0.433918815	0.61261077475
986	7	7	benefit_positive_truncnorm	benefit_positive_truncnorm	continuous	1	increasing	benefit	1	1	NA	1.80846834942052	3.3417747096694	700	252	420	700	700	252	465	0.64	0.335714285714286	7.97805300951059	24	24	0	2	1	10	4	1	5000	2500	1	0.95	12	10000	101985	0.9991	1	2.60835071553038	0.96392625053997	2.61053896135816	4.26344496342605	3.29951871288608	2.97058201139616	1.74326570477928	2.97178552394916	4.20613151242332	2.46286580764404	0.999009287925697	3.48780661018768	0.168049504863655	2.31595799641897	11.9244228107028	11.7563733058392	0.1925	1	6.70699730031477	3.56208493693172	6.56311150899195	10.4196413836325	6.85755644670073	2e-04	NA	NA	NA	NA	NA	NA	1	0.799882366109852	0.639811799613496	1	1.16211366197563	1.35050816335041	1	0.146031900518278	0.0213253159689804	0	3.36522259064537	11.32472308459	1.00131224418614	4116.78648224386	0	1.00107256739918	11781.7313043534	0	0.39869563615248	0.1497774295	0.39796223	0.64743616225	0.4305822357524	0.2510154235	0.430080955	0.61261693675
967	7	7	benefit_positive_truncnorm	benefit_positive_truncnorm	continuous	1	increasing	benefit	1	1	NA	2.31633800241763	4.71310563441009	700	252	420	700	700	252	480	0.64	0.314285714285714	6.37551441623821	24	24	0	2	1	10	4	1	5000	2500	1	0.95	12	10000	101966	0.9889	0.9996	2.01344996531313	0.312367881814655	2.01184175763594	3.72936238250149	3.41699450068683	2.16183121424403	0.879687992622334	2.15919304468028	3.41909008738868	2.53940209476635	0.988039867109635	3.14468776547407	0.0632168492926425	1.71199171125645	11.996046329465	11.9328294801724	0.097	0.9996	4.86941484771291	1.89753205693249	4.74297136992674	8.52040019491932	6.62286813798683	0	NA	NA	NA	NA	NA	NA	1	-0.302888037104496	0.0917411630210147	1	-0.154506788173597	0.0238723475917208	1	-1.56841786893602	2.4599346115978	1	0.15630921330282	0.0244325701633465	1.00191255023698	4490.45057061134	0	1.00141402002953	9576.50324655194	0	0.296859172345728	0.047323875075	0.296959545	0.54814547975	0.303764810339402	0.1229960045	0.303473745	0.48273599375
965	7	7	benefit_positive_truncnorm	benefit_positive_truncnorm	continuous	1	increasing	benefit	1	1	NA	2.73730519648934	5.99004517581989	700	252	420	700	700	252	488	0.64	0.302857142857143	6.71377447275677	24	24	0	2	1	10	4	1	5000	2500	1	0.95	12	10000	101964	0.9911	0.9998	1.99753945737826	0.34164728746743	1.99636434979624	3.67034453756549	3.32869725009805	2.40638522144689	1.15342201193732	2.41700829028578	3.63907717283179	2.48565516089446	0.990266804076491	2.84607892176368	0.0755635001571569	1.32174029843367	11.3006513518417	11.2250878516845	0.1267	0.9998	4.85996886926505	2.20206461403176	4.799253994209	7.98550901716435	5.78344440313259	0	NA	NA	NA	NA	NA	NA	1	-0.739765739111086	0.547253348762572	1	-0.330919975042455	0.109508029882099	1	-3.14396625405621	9.88452380664422	1	-1.13007630655484	1.27707245863663	1.00123992213101	4587.55932518468	0	1.00212209337448	12428.7282476252	0	0.307327170946213	0.053204925875	0.307820265	0.56311999	0.34682672364949	0.16509064275	0.34724637	0.52956484575
982	7	7	benefit_positive_truncnorm	benefit_positive_truncnorm	continuous	1	increasing	benefit	1	1	NA	1.47911719359137	2.87342919907716	700	252	420	700	700	252	488	0.64	0.302857142857143	7.20483277597495	24	24	0	2	1	10	4	1	5000	2500	1	0.95	12	10000	101981	0.9996	0.9999	2.82486531805976	1.17560631739799	2.82805371492789	4.46828651535142	3.29268019795343	2.57327374120301	1.38025493549458	2.5816649586003	3.76768051880566	2.38742558331109	0.999500249875062	4.09906628458077	0.208078936168302	3.1507842463838	12.7121943347241	12.5041153985558	0.1996	0.9999	4.70548469323808	2.20758912974903	4.62133252996649	8.00678735663156	5.79919822688253	0	NA	NA	NA	NA	NA	NA	1	1.34574812446839	1.81103801451019	1	1.09415654761164	1.19717855068142	1	1.22563708550361	1.5021862653618	1	1.83205549416092	3.3564273336852	1.00187031497586	4453.13417534068	0	1.00138782364283	11653.2363905028	0	0.438576546353011	0.18336178675	0.439336185	0.6898639835	0.37744123815258	0.2005939705	0.37865822	0.55483913275
968	7	7	benefit_positive_truncnorm	benefit_positive_truncnorm	continuous	1	increasing	benefit	1	1	NA	1.75440693676365	3.34872433932045	700	252	420	700	700	252	476	0.64	0.32	8.42811969368091	24	24	0	2	1	10	4	1	5000	2500	1	0.95	12	10000	101967	0.9658	0.9996	1.43953201888689	-0.09208526363799	1.42639749507841	3.02225485241234	3.11434011605033	2.10957017115907	0.907628155280251	2.11043897665452	3.31027372486152	2.40264556958127	0.964132824250839	2.02418902628294	-0.0353980550149683	0.619014208509535	9.43552242727505	9.47092048229002	0.1357	0.9996	4.42729711439335	1.65918101009485	4.39136541954298	7.15189710570186	5.49271609560701	0	NA	NA	NA	NA	NA	NA	1	-0.314874917876768	0.0991462139079015	1	0.355163234395413	0.126140923066211	1	-1.32453531303752	1.75439379548339	1	1.0785727750729	1.16331923112845	1.00195938038318	4372.93886980743	0	1.00113503891499	10590.5847698835	0	0.225752952476909	-0.0139637536	0.22400366	0.47280541575	0.31766232801826	0.13511217175	0.317516515	0.5013867655
985	7	7	benefit_positive_truncnorm	benefit_positive_truncnorm	continuous	1	increasing	benefit	1	1	NA	2.90118496449705	6.32591618739076	700	252	420	700	700	252	483	0.64	0.31	7.38286102199845	24	24	0	2	1	10	4	1	5000	2500	1	0.95	12	10000	101984	0.9943	1	2.07690391477532	0.491706132827706	2.07427014658651	3.71808705303838	3.22638092021067	2.62703128050552	1.40020176845614	2.6325045254632	3.80973242514835	2.40953065669221	0.993656547349343	3.41869462749068	0.104040076737986	2.11125861257394	12.0284745044408	11.9244344277028	0.1172	1	4.56314304515563	2.29295019334454	4.32902998567358	8.15231801064263	5.85936781729809	0	NA	NA	NA	NA	NA	NA	1	-0.824281049721731	0.679439248930358	1	-0.274153683991534	0.0751602424461297	1	-2.90722155990009	8.45193719834788	1	-1.76277314223513	3.10736915098551	1.00147320610552	4339.94895827791	0	1.00138845094218	9825.60211852685	0	0.316903086530733	0.07503201875	0.315454785	0.56093489225	0.3831809991384	0.203350097	0.383517595	0.5572065955
970	7	7	benefit_positive_truncnorm	benefit_positive_truncnorm	continuous	1	increasing	benefit	1	1	NA	2.57075689823029	5.50069160939842	700	252	420	700	700	252	472	0.64	0.325714285714286	7.86975581610426	24	24	0	2	1	10	4	1	5000	2500	1	0.95	12	10000	101969	0.9916	1	1.90616155191818	0.360652164039012	1.88911175609212	3.55414727974583	3.19349511570682	2.81713289010794	1.5851712749766	2.82452832353295	4.01614087752194	2.43096960254534	0.990792540792541	2.63890191560741	0.0720258763097918	1.1040583328861	10.5693833783589	10.4973575020491	0.142	1	6.35730796047439	3.34724015606578	6.23526883014403	9.86897604344608	6.5217358873803	0	NA	NA	NA	NA	NA	NA	1	-0.664595346312109	0.441686974339712	1	0.246375991877644	0.0607011293736929	1	-2.86178969379101	8.18984025148847	1	0.856616351075968	0.733791572930706	1.00175897453389	4588.79520117045	0	1.00108730045776	10865.8626798196	0	0.294573867439067	0.058239742075	0.292854175	0.545139763	0.4119519893915	0.22990604225	0.41305069	0.5910734255
972	7	7	benefit_positive_truncnorm	benefit_positive_truncnorm	continuous	1	increasing	benefit	1	1	NA	1.57859120073005	2.5534378273001	700	252	420	700	700	252	504	0.64	0.28	7.02891134737305	24	24	0	2	1	10	4	1	5000	2500	1	0.95	12	10000	101971	0.8773	0.986	0.966119179716849	-0.635577851849797	0.960098529484307	2.63022038239453	3.26579823424433	1.41984201037745	0.170853155847127	1.41566453820608	2.66448406215336	2.49363090630623	0.875359342915811	1.87128783541261	-0.750091951394491	0.475656382175973	10.3616191742715	11.111711125666	0.026	0.986	2.36682443045724	0.264292754725645	2.34419117835235	4.61074908510439	4.34645633037875	0	NA	NA	NA	NA	NA	NA	1	-0.612472021013204	0.375121976523998	1	-0.158749190352602	0.0252013054376066	1	-0.682149991887486	0.465328611432098	1	-0.18661339684286	0.0348245598812309	1.00094001326054	4317.83256450595	0	1.00183026205129	10663.385401395	0	0.144651381967476	-0.09803442305	0.1451605	0.38955282675	0.201487125844288	0.0245087195	0.200550395	0.378443136
964	7	7	benefit_positive_truncnorm	benefit_positive_truncnorm	continuous	1	increasing	benefit	1	1	NA	1.79046668817634	3.20362141095012	700	252	420	700	700	252	475	0.64	0.321428571428571	6.46027798047449	24	24	0	2	1	10	4	1	5000	2500	1	0.95	12	10000	101963	0.9925	1	1.99200004737423	0.359879986354133	1.99203920461893	3.62443448498203	3.2645544986279	3.10401196983405	1.81769399567078	3.10220898848304	4.34451283093557	2.52681883526479	0.991780517605243	3.22284105878095	0.0815177976777234	1.81970183837682	12.2265694445698	12.1450516468921	0.0997	1	6.50905807944667	3.52981253179409	6.37098286126938	9.97845336174169	6.44864082994761	0	NA	NA	NA	NA	NA	NA	1	0.201533359197886	0.0406156948695841	0	1.31354528165771	1.72540120696522	1	0.0192196478308242	0.000369394862740905	0	3.30543666849655	10.9259115694416	1.00138698094548	4191.7040396833	0	1.00267476352664	10223.1250463615	0	0.300950714900214	0.05458888705	0.30063381	0.5408795255	0.444192278818	0.25787930425	0.44353036	0.6271285925
980	7	7	benefit_positive_truncnorm	benefit_positive_truncnorm	continuous	1	increasing	benefit	1	1	NA	1.82931127097108	3.42761054027357	700	252	420	700	700	252	477	0.64	0.318571428571429	6.85088668027537	24	24	0	2	1	10	4	1	5000	2500	1	0.95	12	10000	101979	0.8846	0.9999	1.00527261944668	-0.653938517716292	1.00549622676278	2.67403638086043	3.32797489857672	2.37636451227641	1.11341041183979	2.36975639483769	3.62845475025034	2.51504433841055	0.881771794593421	1.43122630515776	-0.444673116438376	0.354994026573111	8.8661409197385	9.31081403617688	0.0789	0.9999	4.92633818335777	2.11258738241065	4.77156602629048	8.95534537432517	6.84275799191452	0	NA	NA	NA	NA	NA	NA	1	-0.824038651524394	0.679039699206141	1	0.547053241305333	0.29926724882267	1	-1.9963842351158	3.98555001421891	1	1.4987276430842	2.24618454814472	1.00123081178376	4206.76548593421	0	1.00152916634549	10715.1686118145	0	0.152211927658073	-0.10065876975	0.153100775	0.402842743	0.3380581702726	0.15756278025	0.336957205	0.52045983625
973	7	7	benefit_positive_truncnorm	benefit_positive_truncnorm	continuous	1	increasing	benefit	1	1	NA	2.08913868040059	4.12178684986227	700	252	420	700	700	252	480	0.64	0.314285714285714	6.40012377491908	24	24	0	2	1	10	4	1	5000	2500	1	0.95	12	10000	101972	0.8989	0.9975	1.07952632945499	-0.605858471324574	1.07017852619866	2.76352617659388	3.36938464791845	1.83458042951411	0.529988510050176	1.84084451109174	3.10222453014447	2.57223602009429	0.895596667748566	1.56988749396411	-0.28656909605581	0.380764539945694	9.33493925181056	9.62150834786637	0.0757	0.9975	3.38708937004198	0.887804890244731	3.29773097088335	6.26733483657431	5.37952994632958	0	NA	NA	NA	NA	NA	NA	1	-1.0096123509456	1.0193170991819	1	-0.254558250886475	0.0647999030943818	1	-2.55189935589816	6.51219032263345	1	-0.734697479820286	0.53978038685428	1.00179523941219	4290.6984422549	0	1.00123317498949	11302.9736988657	0	0.161900784142015	-0.089380879675	0.16192341	0.4127728495	0.254263663964251	0.072177843275	0.254453205	0.433168828
969	7	7	benefit_positive_truncnorm	benefit_positive_truncnorm	continuous	1	increasing	benefit	1	1	NA	3.00570813021001	7.11056848552996	700	252	420	700	700	252	464	0.64	0.337142857142857	7.08984588771161	24	24	0	2	1	10	4	1	5000	2500	1	0.95	12	10000	101968	0.9999	1	3.17335023357812	1.48892155326651	3.17404015585489	4.83615294956529	3.34723139629878	3.57244061166941	2.32548540190357	3.57259711672369	4.80529718221345	2.47981178030988	1	4.88571021597294	0.274529489098723	4.0819914905271	13.7895509945383	13.5150215054396	0.2091	1	8.72968537639099	5.3289865403745	8.50664773466799	13.2003240774649	7.87133753709041	0.0013	NA	NA	NA	NA	NA	NA	1	0.167642103368104	0.028103874821682	1	0.566732481459399	0.321185705541128	1	-2.22485826955702	4.94999431961626	1	1.61911689086103	2.62153950627148	1.0013255390596	4206.80172923652	0	1.00128062344894	11493.760753015	0	0.4820634502713	0.2310880865	0.4821898	0.72803811425	0.520217821312	0.33604941675	0.520342875	0.7040101765
989	7	7	benefit_positive_truncnorm	benefit_positive_truncnorm	continuous	1	increasing	benefit	1	1	NA	1.32778245161036	2.1166504436161	700	252	420	700	700	252	480	0.64	0.314285714285714	6.61534417474756	24	24	0	2	1	10	4	1	5000	2500	1	0.95	12	10000	101988	0.2736	0.8941	-0.496513198853969	-2.1049661513055	-0.498993394975384	1.12762433884387	3.23259049014937	0.817809580099538	-0.445064788415138	0.813437150065493	2.10262526106732	2.54769004948246	0.271338250790306	-0.633106617739772	-6.51323926366393	-0.145632477536472	2.55039452277723	9.06363378644116	0.051	0.8941	1.73960878373672	-0.948960454017157	1.69846541135275	4.68282975565681	5.63179020967397	0	NA	NA	NA	NA	NA	NA	0	-1.82429565046432	3.32805462030305	1	-0.509972871510817	0.260072329676989	1	-2.74975706135587	7.56116389647646	1	-0.377041659879376	0.142160413284595	1.00195639974027	4336.283513839	0	1.00170634555261	10522.0504100003	0	-0.0757930029706863	-0.316569973	-0.0759865165	0.16748941075	0.113825684585542	-0.0614566378	0.11308985	0.29397954925
981	7	7	benefit_positive_truncnorm	benefit_positive_truncnorm	continuous	1	increasing	benefit	1	1	NA	1.54164581565946	2.62692571249688	700	252	420	700	700	252	497	0.64	0.29	6.16121535718916	24	24	0	2	1	10	4	1	5000	2500	1	0.95	12	10000	101980	0.9081	0.9999	1.14706413168762	-0.540383090978429	1.13763001233818	2.87933047147917	3.41971356245759	2.53186637660627	1.26289216812032	2.53325470508727	3.77300171503527	2.51010954691496	0.904011918697457	1.8547347321001	-0.35236201503603	0.481061115980898	9.86889011222727	10.2212521272633	0.0603	0.9999	4.63575137358998	2.37384919802051	4.5542985249315	7.18476381424668	4.81091461622617	0	NA	NA	NA	NA	NA	NA	1	-0.394581683971835	0.155694705326049	1	0.990220560946808	0.98053675932181	1	-0.772190980396784	0.596278910206147	1	2.0088256610931	4.03538053666613	1.00181119797612	4133.28481147597	0	1.00150365114781	11071.4637417613	0	0.170409339982289	-0.081008241	0.170686525	0.4224528815	0.3556274690688	0.17708709675	0.355575395	0.53285762
971	7	7	benefit_positive_truncnorm	benefit_positive_truncnorm	continuous	1	increasing	benefit	1	1	NA	1.8251409161658	3.22969485243391	700	252	420	700	700	252	493	0.64	0.295714285714286	6.74399063648002	24	24	0	2	1	10	4	1	5000	2500	1	0.95	12	10000	101970	0.9964	1	2.20529387811269	0.542509239017318	2.20047235112339	3.86431528428902	3.3218060452717	2.93331057949962	1.70513677742689	2.92887433852121	4.17056058140799	2.4654238039811	0.995877705255926	3.20168223339011	0.105623557045872	1.79720397612545	11.9136983407036	11.8080747836577	0.1267	1	5.68145768141924	3.17260665608555	5.4870497838676	8.98082624694472	5.80821959085917	0	NA	NA	NA	NA	NA	NA	1	0.38015296194689	0.144516274476994	1	1.10816966333382	1.22804000273339	1	-0.0280126190438006	0.0007847068256931	1	2.45176282898533	6.01114096959415	1.00108603540083	4823.52190165222	0	1.00141841917583	11445.6404501756	0	0.33392446498016	0.085142839275	0.33408558	0.583835963	0.417489273747	0.2400817765	0.416133385	0.598264323
987	7	7	benefit_positive_truncnorm	benefit_positive_truncnorm	continuous	1	increasing	benefit	1	1	NA	2.3519725866666	4.87344956284481	700	252	420	700	700	252	492	0.64	0.297142857142857	5.76601078407415	24	24	0	2	1	10	4	1	5000	2500	1	0.95	12	10000	101986	0.9687	1	1.58526522514075	-0.0771569688849075	1.58547920720161	3.29719218372304	3.37434915260795	2.86966364491326	1.5921248375829	2.87163930152224	4.12187243959202	2.52974760200912	0.966764737931786	2.34160404437226	-0.0278625721771293	0.704503137528071	10.9541644442836	10.9820270164607	0.0823	1	5.31219850921716	2.45121474916797	5.18508336641758	9.0425293605487	6.59131461138073	0	NA	NA	NA	NA	NA	NA	1	-0.766707361525848	0.587840178217927	1	0.517691058246664	0.26800403178855	1	-2.53184551847255	6.41024172940953	1	0.438748946372359	0.192500637942855	1.00109861361124	4513.41498913037	0	1.00131978964796	10713.5595747797	0	0.23294142200522	-0.01303966015	0.233794385	0.4786767085	0.3963404091101	0.218777055	0.39609178	0.57365688
978	7	7	benefit_positive_truncnorm	benefit_positive_truncnorm	continuous	1	increasing	benefit	1	1	NA	1.85809085677796	3.51110246935435	700	252	420	700	700	252	481	0.64	0.312857142857143	7.35296130389363	24	24	0	2	1	10	4	1	5000	2500	1	0.95	12	10000	101977	1	1	4.24116180904551	2.55573254084205	4.24477403054211	5.88402699561237	3.32829445477032	3.55549149098933	2.3149692001939	3.56564150947947	4.73116537964542	2.41619617945152	1	6.08875062058847	0.41256525528207	5.76844489580941	14.2291141775024	13.8165489222203	0.3283	1	8.2344677149313	5.13257272041028	8.22387232804338	11.5849612108653	6.45238849045505	1e-04	NA	NA	NA	NA	NA	NA	0	2.38307095226755	5.67902716354135	0	1.69740063421137	2.88116891302117	1	2.57764815123412	6.64426999156068	0	4.72336524557695	22.3101792431242	1.00116100935685	4878.68878162936	0	1.00188458877227	13159.2161172546	0	0.660076252235	0.40200753425	0.659777755	0.924040846	0.518905395152	0.3364126035	0.52014404	0.69756363375
996	7	7	benefit_positive_truncnorm	benefit_positive_truncnorm	continuous	1	increasing	benefit	1	1	NA	2.47781827546251	5.0724819926524	700	252	420	700	700	252	470	0.64	0.328571428571429	6.67680836805684	24	24	0	2	1	10	4	1	5000	2500	1	0.95	12	10000	101995	0.9916	1	1.93954030513818	0.355984041286207	1.92619154990714	3.59244824239785	3.23646420111165	2.41013083102395	1.13490743029389	2.41086423582987	3.66723570740497	2.53232827711108	0.990734538959589	2.91802420643903	0.0677058171263186	1.40538310918804	11.5075218268393	11.439816009713	0.1042	1	5.41358962397757	2.19681000994347	5.32816148010519	9.22148450889837	7.0246744989549	0	NA	NA	NA	NA	NA	NA	1	-0.538277970324327	0.289743173336477	1	-0.0676874444385578	0.00458159013462285	1	-2.15445778621336	4.64168835257538	1	0.341107631325174	0.11635441614827	1.00151156959037	4095.98189675734	0	1.00203304777036	10384.5897980643	0	0.293784855058179	0.054739610275	0.29347607	0.53806471	0.344910468514948	0.1624706525	0.344768895	0.52750178975
991	7	7	benefit_positive_truncnorm	benefit_positive_truncnorm	continuous	1	increasing	benefit	1	1	NA	1.83936797117904	3.30720148317383	700	252	420	700	700	252	485	0.64	0.307142857142857	6.7210637194748	24	24	0	2	1	10	4	1	5000	2500	1	0.95	12	10000	101990	0.9951	0.9998	2.20494991476275	0.53099449740734	2.21055457036219	3.88542269341303	3.35442819600569	2.3967426782746	1.14092557841692	2.39145515320299	3.66076476143498	2.51983918301806	0.994449583718779	3.15004525472458	0.107766146931251	1.87474245352411	11.5755985833164	11.4678324363851	0.1352	0.9998	4.66138923412672	2.11232142262203	4.61029660408338	7.60415092809091	5.49182950546888	0	NA	NA	NA	NA	NA	NA	1	0.365581943583709	0.133650157474442	1	0.557374707095563	0.310666564109865	1	-0.15715622844925	0.0246980801403928	1	1.3541877509529	1.83382446483086	1.00148464760369	3909.00566921305	0	1.00122606233664	11081.0426396985	0	0.330749602682268	0.080188608475	0.33100795	0.57969173325	0.33611078086677	0.1600746985	0.335144595	0.5173235905
988	7	7	benefit_positive_truncnorm	benefit_positive_truncnorm	continuous	1	increasing	benefit	1	1	NA	2.10706662225341	4.09950256252612	700	252	420	700	700	252	482	0.64	0.311428571428571	6.20812340626043	24	24	0	2	1	10	4	1	5000	2500	1	0.95	12	10000	101987	0.9961	1	2.30132389816081	0.610738631935398	2.2924103927992	4.01560314969278	3.40486451775738	2.79409832331631	1.50001190763242	2.7938375628625	4.07292270011859	2.57291079248617	0.995801104972376	3.93964967344617	0.129734947677212	2.80761024671158	13.3628512082319	13.2331162605547	0.095	1	5.8982371974479	3.17481697941183	5.82442111541488	9.20498479114917	6.03016781173735	0	NA	NA	NA	NA	NA	NA	1	0.194257275907395	0.0377358892429616	1	0.687031701062897	0.472012558265378	1	-0.159852889079954	0.0255529461472081	1	1.79873463492178	3.23544628686721	1.00120512035242	4984.37634616171	0	1.00152449022249	10958.7371378506	0	0.33685623921499	0.0907402009	0.336889645	0.586109193	0.3870781828271	0.20754858675	0.38683194	0.56584150775
995	7	7	benefit_positive_truncnorm	benefit_positive_truncnorm	continuous	1	increasing	benefit	1	1	NA	1.84580635332504	3.05115550151014	700	252	420	700	700	252	497	0.64	0.29	6.1417162842342	24	24	0	2	1	10	4	1	5000	2500	1	0.95	12	10000	101994	0.8007	0.9825	0.719101939234477	-0.970487246119341	0.70342066922476	2.45431194597708	3.42479919209642	1.36983717116512	0.104626132303557	1.37738194271701	2.61258542613939	2.50795929383583	0.797524958402662	1.29316325714928	-2.03212143174837	0.278567507577865	9.6187756244058	11.6508970561542	0.0384	0.9825	2.31958601373454	0.163658995138871	2.28027769248444	4.67551359336043	4.51185459822156	0	NA	NA	NA	NA	NA	NA	1	-1.12670441409057	1.26946283673117	1	-0.475969182159928	0.226546662365991	1	-1.75799224436086	3.09053673123294	1	-0.731569487775606	0.535193915444263	1.00106611367802	4239.43598175771	0	1.00134616155764	8283.36028001482	0	0.105229413983361	-0.14261320775	0.10480133	0.3547562955	0.189408141146844	0.014351231375	0.19032608	0.3633564785
990	7	7	benefit_positive_truncnorm	benefit_positive_truncnorm	continuous	1	increasing	benefit	1	1	NA	2.55949642610426	5.65932072751872	700	252	420	700	700	252	466	0.64	0.334285714285714	7.83982365202401	24	24	0	2	1	10	4	1	5000	2500	1	0.95	12	10000	101989	0.9441	1	1.30390468515175	-0.314431871919341	1.29525970480611	2.95545699360654	3.26988886552588	2.54027274840755	1.33350225666474	2.53354996968648	3.76470947600625	2.43120721934151	0.940951524013047	1.86894529886737	-0.12114114697474	0.516777453039165	9.39897584652019	9.52011699349493	0.1109	1	5.96413097080005	2.91776055421993	5.75973391163251	10.1121924905465	7.19443193632656	0	NA	NA	NA	NA	NA	NA	1	-1.25559174095251	1.57651061994816	1	-0.0192236776967083	0.00036954978418692	1	-3.79037542865136	14.366945890124	1	0.304810243281326	0.0929092844092214	1.00095307654277	4104.56351786598	0	1.00200433193731	11759.2565256318	0	0.20183015962832	-0.0483465549	0.20086209	0.45281054625	0.3727353576175	0.19490011675	0.371177815	0.556626817
977	7	7	benefit_positive_truncnorm	benefit_positive_truncnorm	continuous	1	increasing	benefit	1	1	NA	2.02437013524705	3.79026105014501	700	252	420	700	700	252	484	0.64	0.308571428571429	6.79678878918038	24	24	0	2	1	10	4	1	5000	2500	1	0.95	12	10000	101976	0.9695	0.9999	1.60115560150715	-0.0619636731987023	1.5901671060017	3.32410904902177	3.38607272222047	2.16808167630312	0.939365143236976	2.16656484586743	3.43737388596041	2.49800874272343	0.968653421633554	2.33041506142489	-0.0223631384940257	0.726459243798506	10.6074152562736	10.6297783947676	0.094	0.9999	4.36814588783477	1.73703865184808	4.34390032101437	7.28090523864508	5.543866586797	0	NA	NA	NA	NA	NA	NA	1	-0.423214533739896	0.179110541568677	1	0.143711541056069	0.0206530070327103	1	-1.45984598872013	2.13115031078224	1	0.577884837689754	0.333950885631713	1.00096072193957	4318.12906791019	0	1.00153870212584	11111.7641505313	0	0.24049925978393	-0.009445951465	0.239188545	0.491322633	0.3054494417828	0.131685873	0.304745035	0.48505094075
963	7	7	benefit_positive_truncnorm	benefit_positive_truncnorm	continuous	1	increasing	benefit	1	1	NA	2.10793621205872	3.82061305011546	700	252	420	700	700	252	464	0.64	0.337142857142857	6.83127978314426	24	24	0	2	1	10	4	1	5000	2500	1	0.95	12	10000	101962	0.7921	0.9979	0.695529820040523	-0.931308471733525	0.677064196058089	2.39782482278521	3.32913329451874	1.91576132784436	0.60238488595281	1.920623222992	3.23452532378567	2.63214043783286	0.788903198111183	0.993530596074856	-1.57056654691958	0.216479697280169	7.86969053287644	9.44025707979602	0.0682	0.9979	3.97464342210064	1.13203545330862	3.82855962410984	7.66890222794632	6.53686677463769	0	NA	NA	NA	NA	NA	NA	1	-1.4124063920182	1.99489181621387	1	-0.192174884214364	0.0369311861228042	1	-2.82708245404061	7.99239520194425	1	0.154030371985178	0.0237253554938923	1.00148434479084	4001.87045496018	0	1.0017811486553	10844.5451662036	0	0.103738329579114	-0.1432240155	0.101524625	0.35568670175	0.269643018441155	0.08495202085	0.27039937	0.456653842
992	7	7	benefit_positive_truncnorm	benefit_positive_truncnorm	continuous	1	increasing	benefit	1	1	NA	2.47629403542135	5.36257910639319	700	252	420	700	700	252	466	0.64	0.334285714285714	8.34988090629118	24	24	0	2	1	10	4	1	5000	2500	1	0.95	12	10000	101991	0.9463	0.9997	1.29407058591575	-0.268093519368572	1.28811551072324	2.90658667369433	3.1746801930629	2.20966127136183	0.989358503860218	2.21279282568366	3.4088931662261	2.41953466236588	0.943728813559322	1.90365959537956	-0.11248943849766	0.569339370937523	9.28439474973473	9.39688418823239	0.115	0.9997	5.11775299148147	2.11555484538211	5.12236324940958	8.05975064693722	5.94419580155511	0	NA	NA	NA	NA	NA	NA	1	-1.1822234495056	1.39765228456092	1	-0.266632764059516	0.0710930308700173	1	-3.45891951101363	11.9641241836708	1	-0.244826114911723	0.059939826542768	1.00114568560347	4213.45941159515	0	1.00136429012665	11062.7258924891	0	0.201415922810976	-0.04255809485	0.20184884	0.44861837375	0.330908862295373	0.148246187	0.331216285	0.51173432325
993	7	7	benefit_positive_truncnorm	benefit_positive_truncnorm	continuous	1	increasing	benefit	1	1	NA	1.2781157648664	1.99643134199669	700	252	420	700	700	252	493	0.64	0.295714285714286	6.58298842938697	24	24	0	2	1	10	4	1	5000	2500	1	0.95	12	10000	101992	0.8005	0.9844	0.703579666113408	-0.926640118246103	0.704911544851972	2.37481942979987	3.30145954804598	1.42357808878097	0.129222855515574	1.42492221103193	2.69954245339293	2.57031959787735	0.796028880866426	1.05260665974034	-1.61828196517953	0.227515222913726	8.07041089453195	9.68869285971148	0.0582	0.9844	2.31581109078895	0.190658715649772	2.26138714957107	4.80580261900402	4.61514390335424	0	NA	NA	NA	NA	NA	NA	1	-0.574536098752989	0.330091728770305	1	0.145462323914576	0.0211592876786292	1	-0.943824682256348	0.890805030836296	1	0.319379748792262	0.102003423938609	1.00109081625988	4130.92178154665	0	1.00102375980339	11447.5583122674	0	0.105630004161207	-0.139878641	0.106476975	0.35086373575	0.199218988239628	0.017685026275	0.19940539	0.37957583325
984	7	7	benefit_positive_truncnorm	benefit_positive_truncnorm	continuous	1	increasing	benefit	1	1	NA	2.34188036112906	4.15556640577382	700	252	420	700	700	252	466	0.64	0.334285714285714	7.90021569401366	24	24	0	2	1	10	4	1	5000	2500	1	0.95	12	10000	101983	0.9999	1	3.07861607509318	1.48614739609632	3.07410399176042	4.7007220277016	3.21457463160527	3.98519300880341	2.78156062509326	3.9816354485237	5.18130618719284	2.39974556209959	0.999868351764086	4.2343936174184	0.251835370960595	3.46427072662738	12.4665091896628	12.2146738187023	0.2404	1	10.3455279700837	6.58767124755992	10.4236336462963	14.0336904452523	7.44601919769241	0.0118	NA	NA	NA	NA	NA	NA	1	0.736735713964128	0.542779512230234	0	1.64331264767435	2.70047645800649	1	0.0788272116445778	0.00621372929565907	0	6.18996156430988	38.3156241676336	1.00119007672579	4343.04075159048	0	1.0016793587129	12479.7010971134	0	0.482563191766	0.23881646075	0.48182658	0.73636505125	0.601187730099	0.41395501975	0.60002782	0.792197683
983	7	7	benefit_positive_truncnorm	benefit_positive_truncnorm	continuous	1	increasing	benefit	1	1	NA	2.54755444097631	5.32689963127622	700	252	420	700	700	252	484	0.64	0.308571428571429	7.27566979389571	24	24	0	2	1	10	4	1	5000	2500	1	0.95	12	10000	101982	0.9476	0.9993	1.36434746960375	-0.277638052622109	1.36226654260257	3.02694219254846	3.30458024517057	2.07812418457902	0.833054427918118	2.08155866384127	3.31583844762387	2.48278401970575	0.944267690619857	1.94422638670832	-0.116348055110621	0.577707080898383	9.58908671708543	9.70543477219605	0.0885	0.9993	3.83797360760217	1.45564173241625	3.73877723862465	6.62221084142479	5.16656910900853	0	NA	NA	NA	NA	NA	NA	1	-1.18320697137256	1.39997873710463	1	-0.469430256397289	0.220364765621225	1	-3.38267324456789	11.4424782795155	1	-1.48892602367404	2.2169007039738	1.00173147412643	4307.49212919439	0	1.00181124691248	11990.2450377848	0	0.206647536790644	-0.04305278315	0.206866955	0.45442753875	0.29763910348736	0.118130458	0.29756579	0.477551377
979	7	7	benefit_positive_truncnorm	benefit_positive_truncnorm	continuous	1	increasing	benefit	1	1	NA	2.04927737732549	4.35792918990358	700	252	420	700	700	252	477	0.64	0.318571428571429	6.47320068765219	24	24	0	2	1	10	4	1	5000	2500	1	0.95	12	10000	101978	0.991	1	2.04987345016922	0.377506452391764	2.0424156641441	3.69427334687489	3.31676689448312	2.44574169205617	1.18905226138308	2.44356362016767	3.71138707370418	2.5223348123211	0.990362811791383	2.98823139865778	0.0788365920251545	1.60966725880995	11.5138469218931	11.435010329868	0.118	1	6.52732433468977	3.20857045937941	6.44885547395805	10.5459664877414	7.33739602836197	0	NA	NA	NA	NA	NA	NA	1	0.000596072843730422	3.55302835032872e-07	1	0.396464314730677	0.157183952854865	1	-1.3696977912458	1.87607203934364	1	2.16939514478619	4.70627529422189	1.00171947022333	4273.17442813893	0	1.00285498022816	10641.6848271527	0	0.308222446533722	0.056795220975	0.30692335	0.55372125425	0.3467460378696	0.1675155785	0.34607254	0.52804991225
999	7	7	benefit_positive_truncnorm	benefit_positive_truncnorm	continuous	1	increasing	benefit	1	1	NA	1.57564445432733	2.47556882380796	700	252	420	700	700	252	509	0.64	0.272857142857143	6.68530594438315	24	24	0	2	1	10	4	1	5000	2500	1	0.95	12	10000	101998	0.6398	0.8465	0.302456613786653	-1.34540375181466	0.295348642871325	1.98036141163546	3.32576516345012	0.657663092617539	-0.587434999389772	0.656723765169871	1.91361911703153	2.5010541164213	0.636277403035413	0.453053638101348	-3.64566552970974	0.0839789810013412	6.55779543157034	10.2034609612801	0.0512	0.8465	1.16573198061801	-1.02386173327182	1.08998260855221	3.65662211140984	4.68048384468167	0	NA	NA	NA	NA	NA	NA	1	-1.27318784054068	1.62100727730064	1	-0.917981361709793	0.842689780446566	1	-2.02251518570661	4.09056767641384	1	-1.30983684318995	1.71567255577781	1.00204953842375	3868.18505981665	0	1.00123125253885	11178.84968722	0	0.0448987210413109	-0.20769612075	0.0448685385	0.29370863575	0.0919354561149194	-0.082620948375	0.0917693235	0.26827082325
1000	7	7	benefit_positive_truncnorm	benefit_positive_truncnorm	continuous	1	increasing	benefit	1	1	NA	1.38715221780274	2.15517261257898	700	252	420	700	700	252	514	0.64	0.265714285714286	5.77732594048919	24	24	0	2	1	10	4	1	5000	2500	1	0.95	12	10000	101999	0.7476	0.9008	0.56875143909252	-1.08408146600495	0.556631106503771	2.27495324927856	3.35903471528351	0.82501459692495	-0.391436158866926	0.82811768522421	2.07332136368403	2.46475752255095	0.742046881540393	0.825078414802287	-2.42897490252107	0.169533229999346	7.73938059585367	10.1683554983747	0.0444	0.9008	1.27251471606424	-0.630838518292982	1.25992013835178	3.66176026944498	4.29259878773796	0	NA	NA	NA	NA	NA	NA	1	-0.81840077871022	0.669779834593494	1	-0.56213762087779	0.315998704806142	1	-1.33009419777669	1.76915057495923	1	-0.882657896514738	0.779084962279822	1.00090883401957	4077.52467620276	0	1.00149187057942	11548.0479645781	0	0.0843639348427572	-0.16365824125	0.0838751415	0.33538866375	0.114530550611484	-0.0548491132	0.11485836	0.2878487525
997	7	7	benefit_positive_truncnorm	benefit_positive_truncnorm	continuous	1	increasing	benefit	1	1	NA	1.96742597636035	4.09232647761861	700	252	420	700	700	252	466	0.64	0.334285714285714	6.47714232898462	24	24	0	2	1	10	4	1	5000	2500	1	0.95	12	10000	101996	0.0998	0.9987	-1.03892647343827	-2.63221010953442	-1.03110670910673	0.518880359774704	3.15109046930913	1.96272569943311	0.709916695116317	1.97593307108745	3.19263684018551	2.48272014506919	0.101267159450898	-1.40599953278971	-8.77264540640319	-0.357710871268844	0.383798176575203	9.1564435829784	0.053	0.9987	4.38100586029649	1.45557821569826	4.35767486750844	7.58321568840479	6.12763747270653	0	NA	NA	NA	NA	NA	NA	0	-3.00635244979862	9.03815505241018	1	-0.00470027692724573	2.20926031927985e-05	0	-5.49832601040832	30.2315889167327	1	0.288679382677886	0.0833357859832853	1.00097838432699	4050.22096445432	0	1.00144645722578	11520.7355021228	0	-0.159876046931954	-0.403815688	-0.158639335	0.0790251514	0.281303688852062	0.10107650475	0.282955975	0.4609847265
998	7	7	benefit_positive_truncnorm	benefit_positive_truncnorm	continuous	1	increasing	benefit	1	1	NA	2.60289671627036	5.94293565758023	700	252	420	700	700	252	486	0.64	0.305714285714286	6.80981341214916	24	24	0	2	1	10	4	1	5000	2500	1	0.95	12	10000	101997	0.9125	1	1.12471746789778	-0.488104599360544	1.11711657999451	2.75514453672278	3.24324913608333	2.66326092517534	1.4430944111219	2.66143080029711	3.86939753649913	2.42630312537723	0.909288903408472	1.61384860501657	-0.270581980229549	0.414187012092178	9.31721358806251	9.58779556829206	0.0817	1	5.12911110436673	2.39461294976364	5.06980934860087	8.20482775130938	5.81021480154575	0	NA	NA	NA	NA	NA	NA	1	-1.47817924837258	2.18501389031932	1	0.0603642089049834	0.00364383771672448	1	-4.32908705256366	18.7409947086743	1	-0.813824553213504	0.662310403413159	1.00113483343048	4485.88713519293	0	1.001237688682	11523.6427782921	0	0.170701928422008	-0.073921349875	0.17066923	0.414544866	0.3782706280679	0.20363205225	0.37752018	0.5534977705
994	7	7	benefit_positive_truncnorm	benefit_positive_truncnorm	continuous	1	increasing	benefit	1	1	NA	2.10904401553653	4.52272350833047	700	252	420	700	700	252	483	0.64	0.31	6.03694486298681	24	24	0	2	1	10	4	1	5000	2500	1	0.95	12	10000	101993	0.796	0.9363	0.719568125665552	-0.94985693390416	0.705854205322383	2.46268946773557	3.41254640163973	0.990227843585463	-0.298076601493589	0.991258987878449	2.26164694261739	2.55972354411098	0.793493779318784	1.44167637719041	-2.23294426842963	0.308252803603853	9.630518628223	11.8634628966526	0.0194	0.9363	2.24472907769739	-0.622662807659455	2.27383406887689	5.23897474658306	5.86163755424252	0	NA	NA	NA	NA	NA	NA	1	-1.38947588987098	1.93064324853275	1	-1.11881617195107	1.25174962661924	1	-3.08104713114007	9.49285142430643	1	-2.27799443063309	5.18925862599537	1.00113442974868	4292.47957494813	0	1.00119027705803	11733.3191745949	0	0.105068824063909	-0.14115195	0.10478749	0.35537631425	0.136243695130605	-0.0408518109	0.136342375	0.31218301825
