rep	prior_id	scenario_id	prior_label	design_prior_type	prior_family	omega_D	profile	component	component_id	H_D	true_delta_rmst_lookup	true_delta_rmst_rep	true_delta_med_rep	N_planned	K1	K2	n_interim	n_final	events_interim	events_final	censor_rate_interim	censor_rate_final	calendar_cutoff_interim	calendar_cutoff_final	tau	delta_star	a0_gp	grid_width_gp	B0_median_pfs	chains	parallel_chains	iter_warmup	iter_sampling	thin	adapt_delta	max_treedepth	n_saved_draws	cmdstan_seed	Pi1	Pi2_cf	post_mean_1	post_q025_1	post_q500_1	post_q975_1	post_width_1	post_mean_2	post_q025_2	post_q500_2	post_q975_2	post_width_2	Pi_beneficial_med_1	post_mean_med_1	post_q025_med_1	post_q500_med_1	post_q975_med_1	post_width_med_1	na_rate_med_1	Pi_beneficial_med_2	post_mean_med_2	post_q025_med_2	post_q500_med_2	post_q975_med_2	post_width_med_2	na_rate_med_2	cover_lookup_1	bias_lookup_1	sqerr_lookup_1	cover_lookup_2	bias_lookup_2	sqerr_lookup_2	cover_rep_1	bias_rep_1	sqerr_rep_1	cover_rep_2	bias_rep_2	sqerr_rep_2	cover_med_rep_1	bias_med_rep_1	sqerr_med_rep_1	cover_med_rep_2	bias_med_rep_2	sqerr_med_rep_2	max_Rhat_1	min_ESS_1	n_divergent_1	max_Rhat_2	min_ESS_2	n_divergent_2	post_eta_PH_trt_mean_1	post_eta_PH_trt_q025_1	post_eta_PH_trt_q500_1	post_eta_PH_trt_q975_1	post_eta_PH_trt_mean_2	post_eta_PH_trt_q025_2	post_eta_PH_trt_q500_2	post_eta_PH_trt_q975_2
1	7	7	benefit_positive_truncnorm	benefit_positive_truncnorm	continuous	1	increasing	benefit	1	1	NA	2.10987674898573	4.07419460060957	700	252	420	700	700	252	489	0.64	0.301428571428571	6.54282521737609	24	24	0	2	1	10	4	1	5000	2500	1	0.99	14	10000	101000	0.7536	1	1.84919680708484	-3.52845744896016	1.91145843583549	6.96185309561592	10.4903105445761	2.9061474860977	1.62733244725596	2.91642959330753	4.17702057583382	2.54968812857786	0.681689834926151	2.63481618258622	-8.63375720011809	2.46985312567885	13.2653766768374	21.8991338769555	0.0792	1	6.43038433380828	3.459328602303	6.48681716068911	9.18178098295195	5.72245238064895	0	NA	NA	NA	NA	NA	NA	1	-0.260679941900896	0.0679540321094547	1	0.796270737111965	0.634047086780833	1	-1.43937841802336	2.07181023027142	1	2.35618973319871	5.551630058831	1.00181452320811	4426.70247594871	0	1.00122314854203	11364.4141093996	0	NA	NA	NA	NA	NA	NA	NA	NA
2	7	7	benefit_positive_truncnorm	benefit_positive_truncnorm	continuous	1	increasing	benefit	1	1	NA	1.78508364053477	3.22124396956749	700	252	420	700	700	252	473	0.64	0.324285714285714	6.71288551499747	24	24	0	2	1	10	4	1	5000	2500	1	0.99	14	10000	101001	0.5857	0.999	0.569330502375842	-4.78484533030802	0.572077752864468	5.87234456358591	10.6571898938939	2.0660154005075	0.738754514059649	2.06516366820491	3.38592143180899	2.64716691774934	0.560310445187022	0.738001192184592	-10.7109148458325	0.736679038260389	11.9142815989834	22.6251964448159	0.0723	0.9979	5.0246607915526	1.34180890696759	4.69479155236223	9.18614134446942	7.84433243750184	0	NA	NA	NA	NA	NA	NA	1	-1.21575313815893	1.47805569294328	1	0.280931759972727	0.0789226537613738	1	-2.48324277738289	6.16649469142431	1	1.80341682198512	3.2523122338189	1.00172083379428	4192.97026761678	0	1.00176299246115	14046.9986566875	0	NA	NA	NA	NA	NA	NA	NA	NA
3	7	7	benefit_positive_truncnorm	benefit_positive_truncnorm	continuous	1	increasing	benefit	1	1	NA	2.70973473646786	6.49472299414657	700	252	420	700	700	252	459	0.64	0.344285714285714	7.55750544651231	24	24	0	2	1	10	4	1	5000	2500	1	0.99	14	10000	101002	0.794	1	2.02778234362572	-2.97353567627654	2.07453251916634	6.76419953946498	9.73773521574152	2.74446860434552	1.43662635493362	2.7513754246711	4.06740446623735	2.63077811130374	0.729693443723428	3.03241494682328	-7.36332639536342	2.85240839312206	12.8931453358425	20.256471731206	0.1062	0.999899889878867	6.64623882560398	2.96980069371803	6.74942084449624	10.094551893266	7.12475119954797	0.0011	NA	NA	NA	NA	NA	NA	1	-0.681952392842143	0.465059066103124	1	0.0347338678776574	0.00120644157774256	1	-3.46230804732329	11.9875770145596	1	0.151515831457407	0.0229570471822293	1.00090357569787	4502.61355050478	0	1.00160941613967	6876.71166970005	0	NA	NA	NA	NA	NA	NA	NA	NA
4	7	7	benefit_positive_truncnorm	benefit_positive_truncnorm	continuous	1	increasing	benefit	1	1	NA	1.7847117990587	3.3041141680111	700	252	420	700	700	252	495	0.64	0.292857142857143	6.48977546177175	24	24	0	2	1	10	4	1	5000	2500	1	0.99	14	10000	101003	0.6551	0.9964	1.05681767172115	-4.30930653221382	1.10071231491844	6.38613524789072	10.6954417801045	1.84348075622072	0.535152529294661	1.84965470002537	3.12951939878737	2.59436686949271	0.615227003127359	1.51975488305113	-10.0537440412149	1.47308435388486	12.3921750468901	22.445919088105	0.0727	0.9626	2.66397422484212	-0.24587119797497	2.52817531562448	6.43184183716201	6.67771303513698	0	NA	NA	NA	NA	NA	NA	1	-0.727894127337549	0.529829860612492	1	0.0587689571620225	0.00345379032591163	1	-1.78435928495997	3.18393805782286	1	-0.640139943168976	0.40977914684038	1.00135826977822	4526.57331948495	0	1.00135504550277	15816.7923261584	0	NA	NA	NA	NA	NA	NA	NA	NA
5	7	7	benefit_positive_truncnorm	benefit_positive_truncnorm	continuous	1	increasing	benefit	1	1	NA	1.98253376846758	3.75191878460972	700	252	420	700	700	252	460	0.64	0.342857142857143	8.4379385680293	24	24	0	2	1	10	4	1	5000	2500	1	0.99	14	10000	101004	0.7722	1	1.80695941551967	-2.9093634688788	1.8569125263139	6.35734157209003	9.26670504096883	2.66923112472178	1.38181580457259	2.6764559462551	3.93704198375263	2.55522617918004	0.675654152445961	2.25464486822104	-7.8983238648788	2.14570535377021	11.8482020211021	19.7465258859809	0.121	1	5.62162219179163	2.48877477262974	5.62828471219243	8.73615910709037	6.24738433446063	0	NA	NA	NA	NA	NA	NA	1	-0.175574352947909	0.0308263534130771	1	0.686697356254194	0.471553259086499	1	-1.49727391638868	2.2418291806979	1	1.86970340718191	3.49579083082765	1.00125600397926	4315.82090421123	0	1.00154032452696	7037.82462651743	0	NA	NA	NA	NA	NA	NA	NA	NA
6	7	7	benefit_positive_truncnorm	benefit_positive_truncnorm	continuous	1	increasing	benefit	1	1	NA	2.52312275769696	5.189211800954	700	252	420	700	700	252	486	0.64	0.305714285714286	7.38060827019509	24	24	0	2	1	10	4	1	5000	2500	1	0.99	14	10000	101005	0.6396	0.9628	0.88730428606195	-4.14075499272326	0.927809450213315	5.70835927315439	9.84911426587765	1.16205754130914	-0.129319316353957	1.16462004785879	2.4446777099861	2.57399702634005	0.595557963163597	1.24393171078316	-9.78297649065508	1.13297423877197	11.667236281341	21.4502127719961	0.077	0.9021	1.9356126903706	-0.985822527620925	1.88492507921012	5.15256982308458	6.1383923507055	0	NA	NA	NA	NA	NA	NA	1	-1.63581847163501	2.67590207214231	0	-1.36106521638783	1.85249852326085	1	-3.94528009017084	15.5652349898984	0	-3.25359911058341	10.5859071723891	1.00134519555084	4397.80753300256	0	1.00167926784073	13283.0333880118	0	NA	NA	NA	NA	NA	NA	NA	NA
7	7	7	benefit_positive_truncnorm	benefit_positive_truncnorm	continuous	1	increasing	benefit	1	1	NA	2.26261897787072	4.2942752459466	700	252	420	700	700	252	473	0.64	0.324285714285714	6.44839612198581	24	24	0	2	1	10	4	1	5000	2500	1	0.99	14	10000	101006	0.6459	0.9828	0.966608295698988	-4.35820548056817	1.00332122990201	6.1248521700243	10.4830576505925	1.43418094335788	0.121739171251559	1.43996562794364	2.7107839566355	2.58904478538394	0.627981602310408	1.62076019670148	-9.49144359050945	1.53393027442129	12.4395226144001	21.9309662049096	0.0651	0.9477	3.55154174477501	-0.603150797984789	3.16120333009376	9.06226125699955	9.66541205498434	0	NA	NA	NA	NA	NA	NA	1	-1.29601068217173	1.67964368830323	1	-0.828438034512833	0.686309577027486	1	-2.67351504924512	7.14768271854016	1	-0.742733501171589	0.551653053762607	1.00194914934995	4544.61088322511	0	1.00228245347812	10458.1721401573	0	NA	NA	NA	NA	NA	NA	NA	NA
8	7	7	benefit_positive_truncnorm	benefit_positive_truncnorm	continuous	1	increasing	benefit	1	1	NA	2.45524234916328	4.69099150234626	700	252	420	700	700	252	467	0.64	0.332857142857143	7.10425989745699	24	24	0	2	1	10	4	1	5000	2500	1	0.99	14	10000	101007	0.5019	0.9963	0.0122557104915564	-4.86040302304955	0.0115438744612861	4.97787126947229	9.83827429252184	1.81610464234541	0.490101675430689	1.8182398137795	3.13401971618331	2.64391804075262	0.470165271517493	-0.421438879188745	-11.2798930784142	-0.339028718918739	10.5485598858369	21.828452964251	0.0682	0.966476533573501	3.60229013358576	-0.220345369954098	3.26719840912185	9.56674352265734	9.78708889261143	7e-04	NA	NA	NA	NA	NA	NA	1	-2.44298663867172	5.96818371672855	1	-0.639137706817864	0.408497008276398	1	-5.11243038153501	26.1369444060422	1	-1.0887013687605	1.18527067034099	1.00139135076503	4465.02147048711	0	1.0014159001368	12072.1428525408	0	NA	NA	NA	NA	NA	NA	NA	NA
9	7	7	benefit_positive_truncnorm	benefit_positive_truncnorm	continuous	1	increasing	benefit	1	1	NA	2.11095567575167	4.39753089330581	700	252	420	700	700	252	462	0.64	0.34	7.37237937020004	24	24	0	2	1	10	4	1	5000	2500	1	0.99	14	10000	101008	0.6532	0.9976	0.993954001963243	-3.96440767227557	1.01949533821161	5.86090245130804	9.82531012358361	1.88597273062903	0.585674651927134	1.8772811561084	3.18390561078402	2.59823095885689	0.590393595730487	1.25061199755218	-9.65126311693454	1.1858528098919	11.7271240199027	21.3783871368372	0.1006	0.9947	4.57836137842754	0.99676093234987	4.52172778804681	8.18264448162521	7.18588354927534	0	NA	NA	NA	NA	NA	NA	1	-1.11700167378843	1.24769273924615	1	-0.224982945122638	0.0506173255960558	1	-3.14691889575363	9.90309853645125	1	0.180830485121732	0.0326996643493611	1.00180506893941	4465.55325620518	0	1.00121946188874	10215.5970878335	0	NA	NA	NA	NA	NA	NA	NA	NA
10	7	7	benefit_positive_truncnorm	benefit_positive_truncnorm	continuous	1	increasing	benefit	1	1	NA	2.27673898266767	4.45884308325076	700	252	420	700	700	252	481	0.64	0.312857142857143	7.05251172705016	24	24	0	2	1	10	4	1	5000	2500	1	0.99	14	10000	101009	0.5738	0.9822	0.481766922774179	-4.29584356415592	0.472834446318227	5.23523655180823	9.53108011596415	1.38316588819584	0.0967704838487384	1.38057199362827	2.68660192919876	2.58983144535003	0.554280946918344	0.658867650872947	-10.308637703561	0.473199705351204	11.6376768434228	21.9463145469838	0.0411	0.8741	2.01467000315375	-1.46212603119316	2.13913845769966	5.15196021752596	6.61408624871912	0	NA	NA	NA	NA	NA	NA	1	-1.79497205989349	3.22192469579829	1	-0.893573094471838	0.798472875163976	1	-3.79997543237781	14.4398132866749	1	-2.444173080097	5.97398204547088	1.00133726066088	4719.07927543756	0	1.00143433528258	10604.18681122	0	NA	NA	NA	NA	NA	NA	NA	NA
11	7	7	benefit_positive_truncnorm	benefit_positive_truncnorm	continuous	1	increasing	benefit	1	1	NA	1.95763013324586	3.63031091646361	700	252	420	700	700	252	494	0.64	0.294285714285714	7.16977815012776	24	24	0	2	1	10	4	1	5000	2500	1	0.99	14	10000	101010	0.6213	0.9535	0.789017210728907	-4.15271050376529	0.774989172990495	5.73227738759037	9.88498789135566	1.11122931032721	-0.186373850552565	1.11980403363784	2.4021833391671	2.58855718971967	0.573868581375109	0.931250999933876	-10.0271562795	0.92185597774701	11.4749526564336	21.5021089359337	0.0808	0.9673	2.48720501483249	-0.175611464880592	2.49628310042293	5.02589621097628	5.20150767585687	0	NA	NA	NA	NA	NA	NA	1	-1.16861292251695	1.36565616267362	1	-0.846400822918655	0.716394353037376	1	-2.69905991652974	7.28492443301751	1	-1.14310590163113	1.30669110234391	1.00114717680338	4422.72456242649	0	1.00223364133349	10578.1282836026	0	NA	NA	NA	NA	NA	NA	NA	NA
12	7	7	benefit_positive_truncnorm	benefit_positive_truncnorm	continuous	1	increasing	benefit	1	1	NA	1.61168931366332	2.98797834219975	700	252	420	700	700	252	480	0.64	0.314285714285714	6.31377137549415	24	24	0	2	1	10	4	1	5000	2500	1	0.99	14	10000	101011	0.4375	0.7885	-0.388210736395218	-5.50283754843898	-0.405171036352504	4.75160199584983	10.2544395442888	0.55018632359836	-0.795084221319493	0.548709418519536	1.86970367301228	2.66478789433177	0.468981579504552	-0.424011664185327	-11.5510692085951	-0.365760593943792	10.8584779854905	22.4095471940856	0.0554	0.868	1.83172983584459	-1.48860869851431	1.88403121974662	4.65241830143086	6.14102699994517	0	NA	NA	NA	NA	NA	NA	1	-1.99990005005854	3.99960021022413	1	-1.06150299006496	1.12678859791685	1	-3.41199000638508	11.6416758036716	1	-1.15624850635517	1.33691060844855	1.00133107041199	4639.50606674374	0	1.00146241895649	6662.68686143947	0	NA	NA	NA	NA	NA	NA	NA	NA
13	7	7	benefit_positive_truncnorm	benefit_positive_truncnorm	continuous	1	increasing	benefit	1	1	NA	2.96201020428409	6.83943534972928	700	252	420	700	700	252	476	0.64	0.32	7.57024101026484	24	24	0	2	1	10	4	1	5000	2500	1	0.99	14	10000	101012	0.7797	1	2.0090307232313	-3.21726460504979	2.07652321776192	6.96578685174112	10.1830514567909	3.02726277162746	1.77969712727907	3.02149245433504	4.31182741042704	2.53213028314797	0.701746529332736	2.71158277219002	-8.07340106514896	2.60032267695399	12.7824931624201	20.855894227569	0.1068	1	6.6751505370514	3.3692085911684	6.45590104802329	10.9832671528326	7.61405856166418	2e-04	NA	NA	NA	NA	NA	NA	1	-0.952979481052791	0.908169891307648	1	0.0652525673433715	0.00425789754490123	1	-4.12785257753926	17.0391669018975	1	-0.16428481267788	0.0269894996766061	1.00177153189689	4567.68528073307	0	1.00196710236076	10740.6275321032	0	NA	NA	NA	NA	NA	NA	NA	NA
14	7	7	benefit_positive_truncnorm	benefit_positive_truncnorm	continuous	1	increasing	benefit	1	1	NA	2.3736015217486	5.26217984855279	700	252	420	700	700	252	493	0.64	0.295714285714286	6.55990005628098	24	24	0	2	1	10	4	1	5000	2500	1	0.99	14	10000	101013	0.5923	0.9736	0.623847938545646	-4.79366849074354	0.611269290854196	6.02526782549578	10.8189363162393	1.28361892267511	-0.0138043085063606	1.2852088058305	2.57167358276173	2.58547789126809	0.557315233785822	0.830851040784336	-10.4636072380276	0.762940924240556	11.9852783606197	22.4488855986474	0.0718	0.9304	2.21418714525974	-0.72937895480931	2.07984140374663	5.79688203590158	6.52626099071089	0	NA	NA	NA	NA	NA	NA	1	-1.74975358320296	3.06163760193158	1	-1.08998259907349	1.188062066283	1	-4.43132880776846	19.6366750025586	1	-3.04799270329306	9.29025951932772	1.00177863763816	4475.66114724039	0	1.00180509385211	11332.030787445	0	NA	NA	NA	NA	NA	NA	NA	NA
16	7	7	benefit_positive_truncnorm	benefit_positive_truncnorm	continuous	1	increasing	benefit	1	1	NA	2.4421973270103	5.23132734841847	700	252	420	700	700	252	482	0.64	0.311428571428571	6.96579538471701	24	24	0	2	1	10	4	1	5000	2500	1	0.99	14	10000	101015	0.6832	0.9982	1.31211465585718	-4.06548655341846	1.34197565786006	6.65774612278327	10.7232326762017	1.92642992686308	0.643275102773796	1.92474339618714	3.20224983988198	2.55897473710819	0.606336329752247	1.51724052685035	-9.79430735935857	1.39795807867016	12.5232750404441	22.3175823998027	0.0878	0.9928	3.15355979335653	0.662379776625163	3.07232001578931	6.04438939759067	5.38200962096551	0	NA	NA	NA	NA	NA	NA	1	-1.13008267115312	1.27708684364058	1	-0.515767400147219	0.266016011054622	1	-3.71408682156812	13.794440918146	1	-2.07776755506194	4.31711801286805	1.00178269625717	4096.05859455796	0	1.00169213519268	9561.39266830026	0	NA	NA	NA	NA	NA	NA	NA	NA
17	7	7	benefit_positive_truncnorm	benefit_positive_truncnorm	continuous	1	increasing	benefit	1	1	NA	2.0535657274076	4.40827638215367	700	252	420	700	700	252	470	0.64	0.328571428571429	6.95894861310455	24	24	0	2	1	10	4	1	5000	2500	1	0.99	14	10000	101016	0.488	0.7333	-0.0718508036419272	-5.55290584535306	-0.0764901306083425	5.31703689074311	10.8699427360962	0.402099006268709	-0.906213094429064	0.400343335942012	1.70087369830706	2.60708679273612	0.505371629028722	0.0469474555751295	-11.1796938220395	0.0604187152507629	11.3484294030729	22.5281232251124	0.0878	0.7675	1.01308562541887	-2.14287232691422	1.06712788514503	3.82335839734932	5.96623072426354	0	NA	NA	NA	NA	NA	NA	1	-2.12541653104952	4.51739543045859	0	-1.65146672113889	2.72734233102923	1	-4.36132892657854	19.0211900058107	0	-3.3951907567348	11.5273202746174	1.00148025190338	4490.87205455929	0	1.00159359042881	7071.86635122027	0	NA	NA	NA	NA	NA	NA	NA	NA
18	7	7	benefit_positive_truncnorm	benefit_positive_truncnorm	continuous	1	increasing	benefit	1	1	NA	2.36931088801902	5.19288286743472	700	252	420	700	700	252	485	0.64	0.307142857142857	6.90112245231139	24	24	0	2	1	10	4	1	5000	2500	1	0.99	14	10000	101017	0.6813	0.9993	1.34046631436241	-4.05883707298758	1.36881086374204	6.54812817197094	10.6069652449585	2.13729040032431	0.81660951283435	2.14362122776948	3.46829521173022	2.65168569889587	0.627678374199249	1.81915856268998	-9.79628353588869	1.82023043656093	12.7563669155171	22.5526504514058	0.0946	0.999	4.20331588233002	1.27229601938329	4.19255140212591	7.19425923073118	5.92196321134789	0	NA	NA	NA	NA	NA	NA	1	-1.0288445736566	1.05852115674264	1	-0.232020487694706	0.0538335067100894	1	-3.37372430474474	11.3820156844254	1	-0.989566985104693	0.979242818009191	1.00142580851754	4799.32296591508	0	1.00224737449302	10635.3959090494	0	NA	NA	NA	NA	NA	NA	NA	NA
50	7	7	benefit_positive_truncnorm	benefit_positive_truncnorm	continuous	1	increasing	benefit	1	1	NA	2.1743682657302	4.73177169914229	700	252	420	700	700	252	475	0.64	0.321428571428571	7.06475788092228	24	24	0	2	1	10	4	1	5000	2500	1	0.99	14	10000	101049	0.731	1	1.56896892003468	-3.43721342141244	1.62054903523248	6.35330651083043	9.79051993224287	2.97381147001717	1.65194793706783	2.97386197172913	4.29333095096197	2.64138301389414	0.680853367987871	2.24186720073642	-8.83214467037905	2.14784357726155	12.609487572211	21.44163224259	0.0766	0.999799979998	6.22225139793262	2.79127468449924	6.28936435251238	9.11700980202866	6.32573511752942	1e-04	NA	NA	NA	NA	NA	NA	1	-0.605399345695518	0.366508367768562	1	0.799443204286972	0.639109436880621	1	-2.48990449840587	6.19962441118179	1	1.49047969879033	2.22152973250613	1.00094657617089	4493.12319513589	0	1.00145949776378	6643.33912599998	0	NA	NA	NA	NA	NA	NA	NA	NA
49	7	7	benefit_positive_truncnorm	benefit_positive_truncnorm	continuous	1	increasing	benefit	1	1	NA	1.43017317802572	2.51063323285428	700	252	420	700	700	252	489	0.64	0.301428571428571	6.41177740596664	24	24	0	2	1	10	4	1	5000	2500	1	0.99	14	10000	101048	0.5234	0.9943	0.177304417018168	-4.95344394013863	0.15004303497853	5.40840703095242	10.3618509710911	1.77227937392133	0.419561067420082	1.76893421777278	3.10759104433837	2.68802997691829	0.527615816813315	0.427644454581956	-10.7180144559638	0.308992955386941	11.7756014081874	22.4936158641512	0.0567	0.996	3.90240368385198	1.24996640166798	3.92758713629577	6.59230273281961	5.34233633115163	0	NA	NA	NA	NA	NA	NA	1	-1.25286876100755	1.5696801323086	1	0.34210619589561	0.117036649270165	1	-2.08298877827232	4.33884225040843	1	1.3917704509977	1.93702498827035	1.0021166047997	4404.51263246263	0	1.00170526834045	10483.04546833	0	NA	NA	NA	NA	NA	NA	NA	NA
25	7	7	benefit_positive_truncnorm	benefit_positive_truncnorm	continuous	1	increasing	benefit	1	1	NA	2.40363880710333	4.71695815519206	700	252	420	700	700	252	462	0.64	0.34	7.61366333532496	24	24	0	2	1	10	4	1	5000	2500	1	0.99	14	10000	101024	0.5789	0.9986	0.510563480506761	-4.58454365600206	0.52183803746833	5.41613983958757	10.0006834955896	1.99378035033437	0.698233767349142	2.00184474784407	3.28496678614714	2.586733018798	0.537148484516906	0.538503331408716	-10.410241811267	0.452568252937091	11.2937376301417	21.7039794414086	0.0861	0.993693693693694	4.64152889554351	0.870764134409648	4.4040313552501	10.0686168190877	9.19785268467801	0.001	NA	NA	NA	NA	NA	NA	1	-1.89307532659657	3.5837341921687	1	-0.409858456768954	0.167983954585029	1	-4.17845482378334	17.4594847143983	1	-0.075429259648554	0.00568957321112897	1.00117107901521	4725.77685705013	0	1.00126975710835	10210.0839125478	0	NA	NA	NA	NA	NA	NA	NA	NA
24	7	7	benefit_positive_truncnorm	benefit_positive_truncnorm	continuous	1	increasing	benefit	1	1	NA	1.80692800961718	3.70905300766416	700	252	420	700	700	252	501	0.64	0.284285714285714	5.97538085785349	24	24	0	2	1	10	4	1	5000	2500	1	0.99	14	10000	101023	0.4934	0.8411	-0.0720866754917546	-5.77272585791918	-0.0531381108477005	5.6186251963845	11.3913510543037	0.681651142568311	-0.66106518869131	0.682241437452959	2.00816603577892	2.66923122447022	0.507076989062835	0.0758268068107938	-11.6333991676553	0.0902881233053896	11.7827395238898	23.4161386915451	0.0674	0.8993	2.10852805875097	-1.14470442160097	1.98247167957704	5.55122781401807	6.69593223561904	0	NA	NA	NA	NA	NA	NA	1	-1.87901468510893	3.53069618685501	1	-1.12527686704886	1.26624802751531	1	-3.63322620085337	13.2003326265674	1	-1.60052494891319	2.56168011209358	1.00123738710326	4358.29692238796	0	1.00189588811501	11419.0859212849	0	NA	NA	NA	NA	NA	NA	NA	NA
29	7	7	benefit_positive_truncnorm	benefit_positive_truncnorm	continuous	1	increasing	benefit	1	1	NA	2.69646702466031	5.61428729376912	700	252	420	700	700	252	492	0.64	0.297142857142857	7.20145506413107	24	24	0	2	1	10	4	1	5000	2500	1	0.99	14	10000	101028	0.7045	0.9997	1.35921321771111	-3.66510741654522	1.39483328603306	6.27880241162773	9.94390982817295	2.25330495569731	0.961332390397111	2.25356801536861	3.55244482364271	2.59111243324559	0.62489158716392	1.66975805812473	-8.88199584956817	1.52947960107049	12.0124700569205	20.8944659064886	0.0776	0.9988	4.0640506318099	1.42396501591404	4.07611692262567	7.07440612645971	5.65044111054567	0	NA	NA	NA	NA	NA	NA	1	-1.33725380694921	1.78824774420015	1	-0.443162068963004	0.19639261936757	1	-3.94452923564439	15.5593108908533	1	-1.55023666195922	2.40323370808247	1.00161117552556	4843.15878533502	0	1.00165134294733	12091.8650745207	0	NA	NA	NA	NA	NA	NA	NA	NA
42	7	7	benefit_positive_truncnorm	benefit_positive_truncnorm	continuous	1	increasing	benefit	1	1	NA	1.85914955995856	3.67650575748552	700	252	420	700	700	252	482	0.64	0.311428571428571	6.59632741412269	24	24	0	2	1	10	4	1	5000	2500	1	0.99	14	10000	101041	0.6213	0.9882	0.826796756299285	-4.49778286245427	0.824908236054016	6.02542626362334	10.5232091260776	1.52852316713654	0.210990249451149	1.53060000393048	2.80688498565042	2.59589473619927	0.584950409659336	1.18362579664327	-10.080209420511	1.16657543671573	12.3526860264449	22.432895446956	0.0724	0.9752	2.59395167103699	0.0116793313056635	2.5734916353807	5.33216852740848	5.32048919610281	0	NA	NA	NA	NA	NA	NA	1	-1.03235280365928	1.06575231122317	1	-0.330626392822023	0.109313811630502	1	-2.49287996084224	6.21445049916883	1	-1.08255408644853	1.17192335008642	1.00198241055708	4515.86238551204	0	1.00180949224311	7347.95566070276	0	NA	NA	NA	NA	NA	NA	NA	NA
23	7	7	benefit_positive_truncnorm	benefit_positive_truncnorm	continuous	1	increasing	benefit	1	1	NA	2.45519627312171	4.87382331654075	700	252	420	700	700	252	482	0.64	0.311428571428571	6.77500349253808	24	24	0	2	1	10	4	1	5000	2500	1	0.99	14	10000	101022	0.7144	1	1.59534962463618	-3.97930477784438	1.65650483678233	6.83962696718001	10.8189317450244	2.7622783204809	1.46371629383027	2.75887003368613	4.05932879596442	2.59561250213416	0.64948906713548	2.08370365940372	-9.39316844524573	1.99039731932861	12.8739079643148	22.2670764095605	0.0899	1	5.53879031968491	2.887432494719	5.36624617964755	8.9387033242843	6.0512708295653	0	NA	NA	NA	NA	NA	NA	1	-0.859846648485526	0.739336258911792	1	0.307082047359191	0.0942993838103122	1	-2.79011965713703	7.78476770114247	1	0.664967003144152	0.442181115270515	1.00164461778247	4400.3255255534	0	1.00114584867505	6959.04395442319	0	NA	NA	NA	NA	NA	NA	NA	NA
36	7	7	benefit_positive_truncnorm	benefit_positive_truncnorm	continuous	1	increasing	benefit	1	1	NA	1.6545582129217	3.07926333686964	700	252	420	700	700	252	478	0.64	0.317142857142857	6.85470844117143	24	24	0	2	1	10	4	1	5000	2500	1	0.99	14	10000	101035	0.5253	0.9803	0.164759886749718	-5.11369740763743	0.176109748738174	5.36192664496474	10.4756240526022	1.34071028581314	0.0645039869255722	1.34230299539169	2.64045877728442	2.57595479035885	0.52891750327368	0.423579143278919	-11.0228458582466	0.355744576817009	11.7272000577421	22.7500459159886	0.0836	0.9044	2.17726088646585	-1.15798917355491	2.13664035199282	5.7443439280631	6.90233310161801	0	NA	NA	NA	NA	NA	NA	1	-1.48979832617198	2.21949905266484	1	-0.313847927108561	0.0985005213503409	1	-2.65568419359072	7.05265853608762	1	-0.902002450403795	0.81360842053445	1.00142762662109	4528.26462659853	0	1.0017919284393	6347.61787586048	0	NA	NA	NA	NA	NA	NA	NA	NA
43	7	7	benefit_positive_truncnorm	benefit_positive_truncnorm	continuous	1	increasing	benefit	1	1	NA	1.72237990569425	2.86360368769478	700	252	420	700	700	252	464	0.64	0.337142857142857	6.78216362727627	24	24	0	2	1	10	4	1	5000	2500	1	0.99	14	10000	101042	0.6419	0.9839	1.00074011153514	-4.30903666215952	1.01581166979991	6.29745571315786	10.6064923753174	1.45167667025379	0.122238273854679	1.46104034585632	2.73917395824436	2.61693568438968	0.589673913043478	1.20161174884097	-10.112717999854	1.14340905277978	12.4183743149476	22.5310923148016	0.08	0.8425	1.59460963824053	-1.41031147874982	1.48948093714513	5.33217006514542	6.74248154389524	0	NA	NA	NA	NA	NA	NA	1	-0.721639794159108	0.520763992514	1	-0.270703235440454	0.0732802416779298	1	-1.66199193885381	2.76221720481505	1	-1.26899404945425	1.6103458975503	1.00124027798103	4449.45121315745	0	1.00246351615361	5724.19891773074	0	NA	NA	NA	NA	NA	NA	NA	NA
33	7	7	benefit_positive_truncnorm	benefit_positive_truncnorm	continuous	1	increasing	benefit	1	1	NA	2.08575408046825	4.40643937579337	700	252	420	700	700	252	462	0.64	0.34	8.07536878266656	24	24	0	2	1	10	4	1	5000	2500	1	0.99	14	10000	101032	0.7741	0.9979	1.80980025997071	-2.84296517202186	1.88143637518595	6.34245171996496	9.18541689198682	1.94394847978872	0.60546050791276	1.9412829499185	3.25439426144228	2.64893375352952	0.727293089931683	2.81130148307243	-7.23125363762993	2.69241995004685	12.4566413372283	19.6878949748582	0.1071	0.9849	3.96471701092064	0.333849215343593	3.91430984343749	7.80801176670869	7.4741625513651	0	NA	NA	NA	NA	NA	NA	1	-0.275953820497537	0.076150511047187	1	-0.141805600679524	0.0201088283840806	1	-1.59513789272093	2.54446489679418	1	-0.441722364872726	0.195118647628753	1.00165298248108	4759.5222790029	0	1.00201434821362	11065.0445010447	0	NA	NA	NA	NA	NA	NA	NA	NA
27	7	7	benefit_positive_truncnorm	benefit_positive_truncnorm	continuous	1	increasing	benefit	1	1	NA	2.17092481926463	4.69150279341845	700	252	420	700	700	252	479	0.64	0.315714285714286	7.3699840433101	24	24	0	2	1	10	4	1	5000	2500	1	0.99	14	10000	101026	0.4783	0.877	-0.131737766994763	-5.07655822645572	-0.137529937459029	4.90302482171544	9.97958304817116	0.742866948890222	-0.507638076257512	0.733936459848343	1.9878951318671	2.49553320812461	0.468560731197005	-0.404630820250976	-11.4129328470484	-0.364377388040666	10.6510130751152	22.0639459221636	0.0919	0.67	0.785879347755104	-2.02716771222346	0.871304624753156	3.75790749014982	5.78507520237328	0	NA	NA	NA	NA	NA	NA	1	-2.30266258625939	5.30225498615879	0	-1.42805787037441	2.03934928113829	1	-5.09613361366942	25.9705778083714	0	-3.90562344566334	15.2538944993152	1.0012484729306	4366.41338539617	0	1.00280374574754	5775.2880549689	0	NA	NA	NA	NA	NA	NA	NA	NA
28	7	7	benefit_positive_truncnorm	benefit_positive_truncnorm	continuous	1	increasing	benefit	1	1	NA	2.11084119951425	4.40414840788391	700	252	420	700	700	252	479	0.64	0.315714285714286	7.21566528954485	24	24	0	2	1	10	4	1	5000	2500	1	0.99	14	10000	101027	0.5738	0.9953	0.459335488061746	-4.4117050581429	0.46695212672931	5.25457126299932	9.66627632114222	1.74365281844089	0.426266037035979	1.74137564604135	3.06324304529336	2.63697700825738	0.537926607467637	0.455265585578847	-10.0825489859004	0.424128183530765	11.0930140831716	21.175563069072	0.0653	0.9777	3.37069102134496	0.0657497380446055	3.38762926359942	6.63890440929907	6.57315467125447	0	NA	NA	NA	NA	NA	NA	1	-1.6515057114525	2.72747111496023	1	-0.367188381073359	0.134827307195275	1	-3.94888282230506	15.593675544296	1	-1.03345738653895	1.06803416979192	1.0013176143281	4089.83687595441	0	1.00121344091272	11003.5938929272	0	NA	NA	NA	NA	NA	NA	NA	NA
21	7	7	benefit_positive_truncnorm	benefit_positive_truncnorm	continuous	1	increasing	benefit	1	1	NA	1.63714555401039	3.08322211394533	700	252	420	700	700	252	491	0.64	0.298571428571429	6.69674054486878	24	24	0	2	1	10	4	1	5000	2500	1	0.99	14	10000	101020	0.6253	0.9982	0.881981902174083	-4.3657214804914	0.893888419296107	6.11488786920574	10.4806093496971	1.94321378902596	0.658660422056751	1.94401095151147	3.20895468817339	2.55029426611664	0.562216461438756	0.880620803755659	-10.6101193782623	0.867881370650773	12.3029457974836	22.913065175746	0.0742	0.9699	3.20429285753846	-0.119123129239277	3.06064761698156	7.00775085311314	7.12687398235242	0	NA	NA	NA	NA	NA	NA	1	-0.755163651836307	0.570272141054747	1	0.306068235015567	0.0936777644855442	1	-2.20260131018967	4.85145253164926	1	0.121070743593123	0.0146581249541916	1.0014227622279	4457.72275022056	0	1.00190934625327	11531.9540638653	0	NA	NA	NA	NA	NA	NA	NA	NA
35	7	7	benefit_positive_truncnorm	benefit_positive_truncnorm	continuous	1	increasing	benefit	1	1	NA	1.47916745986023	2.36578827057479	700	252	420	700	700	252	485	0.64	0.307142857142857	6.22718427704618	24	24	0	2	1	10	4	1	5000	2500	1	0.99	14	10000	101034	0.5964	0.9446	0.619577955017187	-4.4897542476802	0.632734901134076	5.67829462210645	10.1680488697867	1.07899334164835	-0.255118209421224	1.08710011719156	2.37707484269893	2.63219305212015	0.561534419337888	0.758096740134076	-10.5286711693836	0.713430354392447	11.7574999016826	22.2861710710662	0.0485	0.6733	1.12577986389807	-2.47912533481845	0.927373547400066	5.76459901590032	8.24372435071877	0	NA	NA	NA	NA	NA	NA	1	-0.859589504843043	0.738894116836309	1	-0.400174118211877	0.160139324886653	1	-1.60769153044071	2.58467205705079	1	-1.24000840667672	1.53762084862894	1.00134702360526	4506.80510394879	0	1.00237297325809	9813.143289065	0	NA	NA	NA	NA	NA	NA	NA	NA
44	7	7	benefit_positive_truncnorm	benefit_positive_truncnorm	continuous	1	increasing	benefit	1	1	NA	1.8738763713936	3.3668810369109	700	252	420	700	700	252	495	0.64	0.292857142857143	6.56943405875176	24	24	0	2	1	10	4	1	5000	2500	1	0.99	14	10000	101043	0.6974	0.9961	1.38738705418586	-3.89450249434418	1.40880656679502	6.55004180552857	10.4445442998727	1.75225835898363	0.46827912665401	1.75802139635752	3.05304799630442	2.58476886965041	0.648631170510886	2.05040853688831	-9.11077306551305	1.85455783742752	12.9328839964066	22.0436570619197	0.0722	0.9582	2.59359610746059	-0.363114642225476	2.56560748379139	6.25432978089047	6.61744442311594	0	NA	NA	NA	NA	NA	NA	1	-0.486489317207744	0.236671855757257	1	-0.12161801240997	0.0147909409425517	1	-1.31647250002259	1.73309984331573	1	-0.773284929450314	0.597969582114978	1.00114823564058	4232.37833179628	0	1.00138442537302	10740.3185051515	0	NA	NA	NA	NA	NA	NA	NA	NA
15	7	7	benefit_positive_truncnorm	benefit_positive_truncnorm	continuous	1	increasing	benefit	1	1	NA	1.81961212846635	2.85092608473549	700	252	420	700	700	252	499	0.64	0.287142857142857	6.66851893990976	24	24	0	2	1	10	4	1	5000	2500	1	0.99	14	10000	101014	0.5195	0.7924	0.162547871182793	-5.20740272182033	0.131033949338198	5.46226570744884	10.6696684292692	0.535370551521793	-0.741104793935664	0.54442885326723	1.82009325957717	2.56119805351284	0.513339762134362	0.0910688322727414	-11.2275811058342	0.140137790376929	11.6377649437135	22.8653460495477	0.0667	0.4474	-0.113594102475276	-2.85365340191276	-0.208062818002815	2.91348298545496	5.76713638736772	0	NA	NA	NA	NA	NA	NA	1	-1.65706425728356	2.74586195276671	1	-1.28424157694456	1.64927642795305	1	-2.75985725246275	7.61681205397125	1	-2.96452018721077	8.78837994038017	1.00127746336989	4440.37325623837	0	1.00139912429705	7693.65398762708	0	NA	NA	NA	NA	NA	NA	NA	NA
34	7	7	benefit_positive_truncnorm	benefit_positive_truncnorm	continuous	1	increasing	benefit	1	1	NA	1.37096100842503	2.57423082942709	700	252	420	700	700	252	465	0.64	0.335714285714286	7.60788054650942	24	24	0	2	1	10	4	1	5000	2500	1	0.99	14	10000	101033	0.6073	0.9966	0.693568775813317	-4.35473019424343	0.733904725361483	5.6300191201971	9.98474931444053	1.81590628210474	0.498869152725903	1.82134386227007	3.11582298773978	2.61695383501388	0.566141115956614	0.901189512072416	-10.1491905097527	0.843464919493174	11.5969195998824	21.7461101096351	0.1057	0.9971	5.10754401931126	1.73414042700026	5.06108053517022	8.50886790323941	6.77472747623915	0	NA	NA	NA	NA	NA	NA	1	-0.677392232611712	0.45886023680268	1	0.444945273679715	0.197976296569917	1	-1.67304131735467	2.79906724957585	1	2.53331318988417	6.41767571804111	1.00113274792019	4322.15369019201	0	1.0017091246836	6495.22353107631	0	NA	NA	NA	NA	NA	NA	NA	NA
20	7	7	benefit_positive_truncnorm	benefit_positive_truncnorm	continuous	1	increasing	benefit	1	1	NA	2.0009764184633	3.86230202303965	700	252	420	700	700	252	455	0.64	0.35	6.52266589382211	24	24	0	2	1	10	4	1	5000	2500	1	0.99	14	10000	101019	0.6646	0.9991	1.17740886375531	-4.27280311278391	1.17067260556222	6.62165107211223	10.8944541848961	2.1751808481792	0.815774316086088	2.18532321106094	3.52322738053975	2.70745306445366	0.588032345013477	1.2490172484244	-10.0301217431226	1.09174552548722	12.3931534275526	22.4232751706752	0.0725	0.995989572889513	4.97703638788897	1.12886104800738	4.77348548219458	9.65600156758239	8.52714051957501	0.0026	NA	NA	NA	NA	NA	NA	1	-0.823567554707994	0.678263517167705	1	0.174204429715898	0.0303471833326414	1	-2.61328477461525	6.82925731323588	1	1.11473436484933	1.24263270417603	1.00195521175276	4005.58120729507	0	1.00158018659156	6038.08873425259	0	NA	NA	NA	NA	NA	NA	NA	NA
55	7	7	benefit_positive_truncnorm	benefit_positive_truncnorm	continuous	1	increasing	benefit	1	1	NA	2.29042796956794	4.23733594599289	700	252	420	700	700	252	473	0.64	0.324285714285714	7.01704383724917	24	24	0	2	1	10	4	1	5000	2500	1	0.99	14	10000	101054	0.8511	1	2.68735021151142	-2.35437532893345	2.74439071657842	7.52000847386381	9.87438380279726	2.78805597172504	1.48825762255584	2.78854608588507	4.06196111887485	2.57370349631901	0.90567612687813	4.34841830693786	-3.32170066343122	3.62855482917829	14.2187691672099	17.5404698306411	0.0416	0.9999	6.27283081101787	2.55341033876053	6.27223499910458	10.1398732216927	7.58646288293213	0	NA	NA	NA	NA	NA	NA	1	0.396922241943481	0.157547266149439	1	0.497628002157106	0.247633628530872	1	0.111082360944971	0.0123392909131089	1	2.03549486502498	4.14323934554306	1.00148966302581	4439.91588843118	0	1.00183795335203	13560.269970931	0	NA	NA	NA	NA	NA	NA	NA	NA
19	7	7	benefit_positive_truncnorm	benefit_positive_truncnorm	continuous	1	increasing	benefit	1	1	NA	1.77452179946095	3.62737414039459	700	252	420	700	700	252	491	0.64	0.298571428571429	6.92432232556233	24	24	0	2	1	10	4	1	5000	2500	1	0.99	14	10000	101018	0.5866	0.972	0.586620910383305	-4.8550339739592	0.615524973249082	6.02624861078661	10.8812825847458	1.30825772258783	-0.0477255336775102	1.31059426016835	2.66487036133825	2.71259589501576	0.554842219804135	0.771107334056844	-10.652221922627	0.702048811383297	11.9817748910387	22.6339968136657	0.081	0.9638	2.53372777147096	-0.204511269441271	2.47382648531969	5.61378618083362	5.8182974502749	0	NA	NA	NA	NA	NA	NA	1	-1.18790088907764	1.41110852227146	1	-0.466264076873117	0.21740218938234	1	-2.85626680633774	8.15826006898681	1	-1.09364636892363	1.19606238025983	1.00132897624348	4151.41196809384	0	1.00161667630545	6908.25440285458	0	NA	NA	NA	NA	NA	NA	NA	NA
22	7	7	benefit_positive_truncnorm	benefit_positive_truncnorm	continuous	1	increasing	benefit	1	1	NA	1.38078931223327	2.29234683199818	700	252	420	700	700	252	495	0.64	0.292857142857143	6.08837526706524	24	24	0	2	1	10	4	1	5000	2500	1	0.99	14	10000	101021	0.4693	0.9616	-0.223483653547901	-5.51409282506311	-0.205092027375275	5.08347379784293	10.597566622906	1.18849283677901	-0.145192035431631	1.19080136150196	2.50836382275985	2.65355585819148	0.456718003186405	-0.572671191911664	-11.958267977884	-0.510007713462604	10.9657186779384	22.9239866558225	0.0585	0.7631	0.819358906607745	-1.54074115726277	0.726332787133905	4.01265372032314	5.55339487758591	0	NA	NA	NA	NA	NA	NA	1	-1.60427296578117	2.5736917487363	1	-0.192296475454252	0.0369779344721277	1	-2.86501802390984	8.20832827732825	1	-1.47298792539043	2.16969342834601	1.00185532881616	4152.78964960169	0	1.00231432770968	6889.41662106284	0	NA	NA	NA	NA	NA	NA	NA	NA
39	7	7	benefit_positive_truncnorm	benefit_positive_truncnorm	continuous	1	increasing	benefit	1	1	NA	2.17772594377149	4.27823661847378	700	252	420	700	700	252	474	0.64	0.322857142857143	7.0808720945716	24	24	0	2	1	10	4	1	5000	2500	1	0.99	14	10000	101038	0.7141	0.9994	1.42503619482174	-3.65408140521864	1.47937337890917	6.2341913653189	9.88827277053754	2.05308958275572	0.779260573041781	2.06187634428465	3.32358103938291	2.54432046634113	0.728267938434858	2.94534815280615	-7.75231741878431	2.82590552308094	13.2108382790143	20.9631556977986	0.0774	0.987892735641385	3.9217682087368	0.390608248965965	3.67213450865117	9.09565824702331	8.70504999805734	6e-04	NA	NA	NA	NA	NA	NA	1	-0.752689748949749	0.566541858174036	1	-0.124636361015766	0.0155342224872523	1	-1.33288846566763	1.77659166190982	1	-0.356468409736977	0.127069727140409	1.00243404986147	4663.34039114689	0	1.00179190288156	9799.11207902246	0	NA	NA	NA	NA	NA	NA	NA	NA
37	7	7	benefit_positive_truncnorm	benefit_positive_truncnorm	continuous	1	increasing	benefit	1	1	NA	1.56146110512394	2.83279613028506	700	252	420	700	700	252	495	0.64	0.292857142857143	6.69278491979836	24	24	0	2	1	10	4	1	5000	2500	1	0.99	14	10000	101036	0.5234	0.9935	0.179169748007912	-5.18532197215227	0.161420872646483	5.55718199956579	10.7425039717181	1.67831322045913	0.390787525939736	1.68313158032959	2.98877054753026	2.59798302159052	0.501580037049145	0.0680141143116482	-11.1770713088303	0.0185527033077015	11.2997965620794	22.4768678709096	0.0823	0.9665	2.87789348589532	-0.189976278173117	2.8938020436446	5.89166892672637	6.08164520489948	0	NA	NA	NA	NA	NA	NA	1	-1.38229135711603	1.91072939595767	1	0.116852115335191	0.0136544168583087	1	-2.76478201597341	7.64401959585002	1	0.045097355610257	0.00203377148303798	1.00211977469863	4095.10785917892	0	1.00184225391743	9520.89034944669	0	NA	NA	NA	NA	NA	NA	NA	NA
65	7	7	benefit_positive_truncnorm	benefit_positive_truncnorm	continuous	1	increasing	benefit	1	1	NA	2.1728748136806	4.50572853300307	700	252	420	700	700	252	495	0.64	0.292857142857143	6.4550637541525	24	24	0	2	1	10	4	1	5000	2500	1	0.99	14	10000	101064	0.6078	1	0.750979721229876	-4.53330984470748	0.748090694895719	5.95584211053245	10.4891519552399	2.58342240419368	1.27812445325446	2.58413910411119	3.87984615948645	2.60172170623199	0.569573086340892	1.01376067948769	-10.4196514702749	0.948682854753844	12.2555822258402	22.675233696115	0.0607	0.9983	4.90847585363621	1.54663736894735	4.81694667604151	8.57654795033724	7.02991058138989	0	NA	NA	NA	NA	NA	NA	1	-1.42189509245072	2.02178565393544	1	0.410547590513083	0.168549324076098	1	-3.49196785351538	12.1938394899848	1	0.402747320633138	0.162205404277172	1.00158690152918	4545.45517319462	0	1.0015510348895	12425.482026004	0	NA	NA	NA	NA	NA	NA	NA	NA
66	7	7	benefit_positive_truncnorm	benefit_positive_truncnorm	continuous	1	increasing	benefit	1	1	NA	1.77187201891292	3.28717882680506	700	252	420	700	700	252	497	0.64	0.29	6.72829796895454	24	24	0	2	1	10	4	1	5000	2500	1	0.99	14	10000	101065	0.6173	0.9983	0.774409980222774	-4.69583880268362	0.789835038967524	5.91148667492031	10.6073254776039	1.92014923603125	0.636366468683556	1.92486612424319	3.19095521959515	2.55458875091159	0.569100391134289	0.947488835513117	-10.615384311304	0.87453434670019	11.9310814164226	22.5464657277266	0.0796	0.995	3.79189103194334	0.774332344726471	3.80976679179491	6.87522283121061	6.10089048648414	0	NA	NA	NA	NA	NA	NA	1	-0.997462038690149	0.994930518627907	1	0.148277217118331	0.0219861331163568	1	-2.33968999129195	5.47414925535171	1	0.504712205138277	0.254734410015542	1.001789008425	4908.0539229238	0	1.00131098051428	10411.2548385752	0	NA	NA	NA	NA	NA	NA	NA	NA
38	7	7	benefit_positive_truncnorm	benefit_positive_truncnorm	continuous	1	increasing	benefit	1	1	NA	2.32027475830165	4.62316652471613	700	252	420	700	700	252	469	0.64	0.33	7.09355099853346	24	24	0	2	1	10	4	1	5000	2500	1	0.99	14	10000	101037	0.5505	0.9959	0.318950616535612	-4.6778603837831	0.327730943671366	5.35833851439638	10.0361988981795	1.826373123744	0.463861608782505	1.8298568684129	3.1497436597554	2.68588205097289	0.515394765779635	0.113489746981477	-10.694650225483	0.199049980331703	10.83074020028	21.525390425763	0.0906	0.9847	4.72396175148682	0.380815689790226	4.70349802773896	9.27362482372439	8.89280913393416	0	NA	NA	NA	NA	NA	NA	1	-2.00132414176604	4.00529832041558	1	-0.493901634557655	0.243938824618723	1	-4.50967677773466	20.3371846396392	1	0.100795226770685	0.0101596777397537	1.00299067003051	4386.48602275922	0	1.0016288821165	6453.92787593758	0	NA	NA	NA	NA	NA	NA	NA	NA
77	7	7	benefit_positive_truncnorm	benefit_positive_truncnorm	continuous	1	increasing	benefit	1	1	NA	2.08746932858641	4.02369526830842	700	252	420	700	700	252	490	0.64	0.3	6.73607015037432	24	24	0	2	1	10	4	1	5000	2500	1	0.99	14	10000	101076	0.593	0.999	0.588877298701999	-4.76189546878484	0.606345482828145	5.75299045665823	10.5148859254431	2.07853002321447	0.778850611327211	2.08433218870478	3.37330600516971	2.5944553938425	0.559320199177311	0.832572459719955	-10.6218550499776	0.753611948324757	12.0266418599521	22.6484969099297	0.0762	0.9974	4.70228904201945	1.36443293762886	4.51898698483407	8.15095258465622	6.78651964702736	0	NA	NA	NA	NA	NA	NA	1	-1.49859202988441	2.24577807203309	1	-0.00893930537194132	7.99111805328189e-05	1	-3.19112280858847	10.1832647794935	1	0.678593773711031	0.460489509719379	1.00164997445196	4523.62612782358	0	1.00125505712928	10315.3376089046	0	NA	NA	NA	NA	NA	NA	NA	NA
78	7	7	benefit_positive_truncnorm	benefit_positive_truncnorm	continuous	1	increasing	benefit	1	1	NA	3.07222122075782	7.52867800476358	700	252	420	700	700	252	466	0.64	0.334285714285714	7.48503419375873	24	24	0	2	1	10	4	1	5000	2500	1	0.99	14	10000	101077	0.6928	0.987	1.31231570533089	-3.73854860005627	1.34565808679112	6.12797386008147	9.86652246013774	1.46667512449327	0.204397445625268	1.46071958072184	2.76370162578508	2.55930418015981	0.643295354951797	1.8578629553343	-9.0285168525848	1.82454285880926	12.1518094286815	21.1803262812663	0.0872	0.9764	3.26044055135924	0.0580036365043544	3.32823139729098	6.24693827021973	6.18893463371538	0	NA	NA	NA	NA	NA	NA	1	-1.75990551542694	3.09726742323015	0	-1.60554609626455	2.57777826723035	1	-5.67081504942928	32.1581433248337	0	-4.26823745340435	18.2178509586436	1.00155646328686	4518.7030999627	0	1.00155118683392	6477.74937151306	1	NA	NA	NA	NA	NA	NA	NA	NA
30	7	7	benefit_positive_truncnorm	benefit_positive_truncnorm	continuous	1	increasing	benefit	1	1	NA	1.57697934777049	2.97092495981724	700	252	420	700	700	252	487	0.64	0.304285714285714	7.0575841292117	24	24	0	2	1	10	4	1	5000	2500	1	0.99	14	10000	101029	0.6262	1	0.769481697462674	-3.95398805192244	0.794416358253321	5.43350167781631	9.38748972973875	2.50726821938511	1.20255387620283	2.5051681122279	3.79292259900971	2.59036872280687	0.565449968533669	0.762591071779981	-10.0190432541377	0.694920176167755	11.3280313185475	21.3470745726852	0.0466	0.9992	5.29827522254257	1.96837425293059	5.06569277318886	9.06411552245347	7.09574126952288	0	NA	NA	NA	NA	NA	NA	1	-0.807497650307821	0.652052455252652	1	0.930288871614619	0.865437384650001	1	-2.20833388803726	4.87673856105375	1	2.32735026272533	5.41655924540766	1.00155701624774	4567.34969645141	0	1.00115647227112	6226.50580005051	0	NA	NA	NA	NA	NA	NA	NA	NA
40	7	7	benefit_positive_truncnorm	benefit_positive_truncnorm	continuous	1	increasing	benefit	1	1	NA	1.77676157090436	3.19762188176459	700	252	420	700	700	252	487	0.64	0.304285714285714	7.38363075947948	24	24	0	2	1	10	4	1	5000	2500	1	0.99	14	10000	101039	0.7727	1	1.86521456612675	-3.10710482307003	1.94314463523296	6.54784616662244	9.65495098969247	2.55824961679574	1.24776953709404	2.5529481045206	3.85232874253474	2.6045592054407	0.711702827087442	2.7718346418266	-7.76428536178689	2.69631530199183	12.7866612094314	20.5509465712183	0.0874	0.9988	5.30148285385453	2.18293738047727	5.24442783402173	8.74842383372831	6.56548645325103	0	NA	NA	NA	NA	NA	NA	1	0.0884529952223898	0.00782393236381211	1	0.781488045891376	0.610723565871121	1	-0.425787239937997	0.181294773694017	1	2.10386097208994	4.42623098988322	1.00146064375594	4623.66201896253	0	1.00136907472167	11742.7493504324	0	NA	NA	NA	NA	NA	NA	NA	NA
79	7	7	benefit_positive_truncnorm	benefit_positive_truncnorm	continuous	1	increasing	benefit	1	1	NA	1.4190547951369	2.34840180689271	700	252	420	700	700	252	479	0.64	0.315714285714286	7.55409555811364	24	24	0	2	1	10	4	1	5000	2500	1	0.99	14	10000	101078	0.5015	0.9886	0.0138701854984814	-5.00069053398267	0.00943327494198076	5.06519942077392	10.0658899547566	1.48334639410037	0.203506484663654	1.48260710584019	2.7628245299456	2.55931804528194	0.512654049295775	0.133066225605781	-10.5945023533987	0.171206601248389	10.8417676670354	21.4362700204341	0.0912	0.9595	3.05491023836855	-0.333085662868965	2.83005694347407	7.23381377332624	7.5668994361952	0	NA	NA	NA	NA	NA	NA	1	-1.40518460963842	1.97454378716467	1	0.064291598963468	0.0041334096972794	1	-2.21533558128693	4.90771173771588	1	0.706508431475848	0.499154163746463	1.0014808202725	4539.00421967749	0	1.00164306565955	10966.4288336604	0	NA	NA	NA	NA	NA	NA	NA	NA
41	7	7	benefit_positive_truncnorm	benefit_positive_truncnorm	continuous	1	increasing	benefit	1	1	NA	1.99221675841004	3.70619353913721	700	252	420	700	700	252	486	0.64	0.305714285714286	6.71397298163777	24	24	0	2	1	10	4	1	5000	2500	1	0.99	14	10000	101040	0.6621	0.9709	1.13063633525563	-4.23194931766097	1.17135515952793	6.32404939123071	10.5559987088917	1.25785626925671	-0.0326920499216408	1.2547779250559	2.53862744323458	2.57131949315622	0.59549945115258	1.293904832952	-10.3469644338803	1.23852428701981	12.5290396351873	22.8760040690676	0.089	0.9474	2.54781458846387	-0.585019421528042	2.61345914049399	5.37423845394678	5.95925787547482	0	NA	NA	NA	NA	NA	NA	1	-0.861580423154403	0.74232082556292	1	-0.734360489153326	0.539285328029512	1	-2.41228870618521	5.81913680198873	1	-1.15837895067334	1.34184179336307	1.00197977182029	4424.96347882577	0	1.00165839576044	9965.57494829566	0	NA	NA	NA	NA	NA	NA	NA	NA
45	7	7	benefit_positive_truncnorm	benefit_positive_truncnorm	continuous	1	increasing	benefit	1	1	NA	1.93312671487912	3.64857918151096	700	252	420	700	700	252	497	0.64	0.29	7.04309155436878	24	24	0	2	1	10	4	1	5000	2500	1	0.99	14	10000	101044	0.6413	0.9963	0.904988770695781	-4.20324105743002	0.919254206700118	5.81557970145288	10.0188207588829	1.82135431819619	0.50911412360725	1.82129279677875	3.08839337906865	2.5792792554614	0.631118314424635	1.6555147794566	-9.31820024369119	1.56877133749876	12.4625515566563	21.7807518003475	0.0745	0.9869	3.59711341436691	0.427854750599668	3.69740872974894	6.18201987544985	5.75416512485018	0	NA	NA	NA	NA	NA	NA	1	-1.02813794418334	1.05706763226954	1	-0.111772396682932	0.0124930686602467	1	-1.99306440205437	3.97230571073633	1	-0.0514657671440539	0.00264872518772598	1.00145444800405	4433.82171541685	0	1.00129508981473	10093.5278274754	0	NA	NA	NA	NA	NA	NA	NA	NA
46	7	7	benefit_positive_truncnorm	benefit_positive_truncnorm	continuous	1	increasing	benefit	1	1	NA	2.22416364493368	4.88389601709774	700	252	420	700	700	252	460	0.64	0.342857142857143	7.00271136620201	24	24	0	2	1	10	4	1	5000	2500	1	0.99	14	10000	101045	0.8335	0.9998	2.73744348513991	-2.78990034179145	2.85665517332789	7.90039584024013	10.6902961820316	2.35352458702286	1.01629378284442	2.35415802748609	3.67912036366131	2.66282658081689	0.873240949618649	4.77601747387222	-5.37117112647153	4.45104487497893	14.5240561979463	19.8952273244178	0.0691	0.998086413536106	6.05065726895382	1.70427708743591	6.11648174090331	10.4522305754572	8.74795348802129	0.0071	NA	NA	NA	NA	NA	NA	1	0.513279840206237	0.26345619436214	1	0.12936094208918	0.0167342533382002	1	-0.10787854322552	0.0116377800884604	1	1.16676125185607	1.36133181883275	1.00162543281845	4527.24069199704	0	1.00116762749241	6468.86299031984	0	NA	NA	NA	NA	NA	NA	NA	NA
80	7	7	benefit_positive_truncnorm	benefit_positive_truncnorm	continuous	1	increasing	benefit	1	1	NA	2.08380193352451	4.31619864962928	700	252	420	700	700	252	482	0.64	0.311428571428571	6.64102846628102	24	24	0	2	1	10	4	1	5000	2500	1	0.99	14	10000	101079	0.5467	0.9993	0.299710805179552	-4.977117466476	0.327123283208826	5.69863760664441	10.6757550731204	2.22522334867515	0.910293924435896	2.21898263676531	3.5668811019417	2.65658717750581	0.532720389399675	0.489166453276757	-10.8247480058949	0.439362990655107	11.8038147396741	22.628562745569	0.0755	0.974764670538754	4.97696114974373	-0.0137589760444317	4.65816024878773	10.3894563008255	10.4032152768699	0.0014	NA	NA	NA	NA	NA	NA	1	-1.78409112834496	3.18298115423919	1	0.141421415150644	0.0200000166632108	1	-3.82703219635252	14.6461754319188	1	0.66076250011445	0.436607081557499	1.00257476181886	4445.06016502799	0	1.00120162710647	10188.6808261478	0	NA	NA	NA	NA	NA	NA	NA	NA
54	7	7	benefit_positive_truncnorm	benefit_positive_truncnorm	continuous	1	increasing	benefit	1	1	NA	1.62727486214287	2.76673032725608	700	252	420	700	700	252	461	0.64	0.341428571428571	6.64889995144215	24	24	0	2	1	10	4	1	5000	2500	1	0.99	14	10000	101053	0.5688	0.9847	0.495234121617715	-4.84035398198348	0.476669733216115	5.81175062283364	10.6521046048171	1.52164041334767	0.166109574087373	1.51827408818241	2.86779855987637	2.70168898578899	0.564833745830195	0.856317496559325	-10.5421269757998	0.784854207435155	12.0077722945485	22.5498992703482	0.0707	0.940164098459075	3.74979361823251	-0.936456177366123	3.74169661327698	8.38007298579737	9.31652916316349	6e-04	NA	NA	NA	NA	NA	NA	1	-1.13204074052515	1.28151623820873	1	-0.105634448795196	0.0111586367722649	1	-1.91041283069676	3.6496771836908	1	0.983063290976425	0.9664134340654	1.00227178838763	4375.96526519655	0	1.00158895475148	11248.7154075887	0	NA	NA	NA	NA	NA	NA	NA	NA
112	7	7	benefit_positive_truncnorm	benefit_positive_truncnorm	continuous	1	increasing	benefit	1	1	NA	1.83900524707807	3.43610240198228	700	252	420	700	700	252	504	0.64	0.28	6.00900631659984	24	24	0	2	1	10	4	1	5000	2500	1	0.99	14	10000	101111	0.7964	0.9996	2.37904090755054	-3.24835600011274	2.46204114944293	7.7167951486016	10.9651511487143	2.39305831840783	1.06424482218331	2.39229151246821	3.7135496109929	2.64930478880959	0.820142356315734	4.23930670112746	-6.74021276317682	3.95978724735779	14.8264210591149	21.5666338222917	0.0587	0.9857	2.85117816453061	0.274718203944659	2.50695058222352	6.78486127361852	6.51014306967386	0	NA	NA	NA	NA	NA	NA	1	0.540035660472464	0.291638514581931	1	0.55405307132976	0.306974805849941	1	0.803204299145186	0.645137146165309	1	-0.584924237451673	0.342136363558421	1.00178390314661	4071.04749658561	0	1.00143640534372	11855.5930505922	0	NA	NA	NA	NA	NA	NA	NA	NA
47	7	7	benefit_positive_truncnorm	benefit_positive_truncnorm	continuous	1	increasing	benefit	1	1	NA	1.75725921842761	2.8204280441821	700	252	420	700	700	252	504	0.64	0.28	6.90052926700182	24	24	0	2	1	10	4	1	5000	2500	1	0.99	14	10000	101046	0.6769	0.9926	1.24832779378124	-4.24579708591377	1.28712459762767	6.56926961907878	10.8150667049926	1.59861316728927	0.305047228714833	1.60179548890788	2.8451881418909	2.54014091317607	0.623492976440659	1.68244149629655	-9.78876018350446	1.51160490220044	12.801900996673	22.5906611801774	0.0959	0.9955	3.25826559147457	1.00576688744491	3.22632982130892	5.73228886318047	4.72652197573556	0	NA	NA	NA	NA	NA	NA	1	-0.508931424646363	0.259011194992577	1	-0.158646051138343	0.0251685695417897	1	-1.13798654788555	1.29501338316846	1	0.437837547292472	0.191701717819088	1.00114875217241	4558.84385414866	0	1.0011770885135	10780.0828479965	0	NA	NA	NA	NA	NA	NA	NA	NA
72	7	7	benefit_positive_truncnorm	benefit_positive_truncnorm	continuous	1	increasing	benefit	1	1	NA	2.41775379676512	5.41469299769928	700	252	420	700	700	252	462	0.64	0.34	7.81499511235236	24	24	0	2	1	10	4	1	5000	2500	1	0.99	14	10000	101071	0.6726	0.9995	1.09930788345454	-3.94986438729899	1.1228345796976	6.15109117811042	10.1009555654094	2.24869159309567	0.954899696667588	2.25611174731149	3.54561381110751	2.59071411443992	0.582007073386384	1.06620679707517	-9.85658940174535	1.01284197133791	11.4346605282203	21.2912499299656	0.0952	0.999099909990999	4.70198611936871	1.50174812965607	4.66677543001297	8.1795189965747	6.67777086691863	1e-04	NA	NA	NA	NA	NA	NA	1	-1.31844591331058	1.73829962632537	1	-0.169062203669452	0.0285820287095713	1	-4.34848620062411	18.9093322370183	1	-0.712706878330573	0.50795109441971	1.00133198364107	4490.24934753314	0	1.00133188812575	6318.71104249039	0	NA	NA	NA	NA	NA	NA	NA	NA
64	7	7	benefit_positive_truncnorm	benefit_positive_truncnorm	continuous	1	increasing	benefit	1	1	NA	2.55933937354187	5.61158568017704	700	252	420	700	700	252	476	0.64	0.32	7.25717660004056	24	24	0	2	1	10	4	1	5000	2500	1	0.99	14	10000	101063	0.7003	0.9914	1.25625080963885	-3.57340906566825	1.29112703069674	5.87287866879464	9.44628773446289	1.57132873434981	0.304089573980918	1.5684433970062	2.84360493779601	2.5395153638151	0.660651793525809	2.10814342561959	-8.34253330181422	1.91380330139559	12.3929613851126	20.7354946869268	0.0856	0.8641	2.06845915118177	-1.32678825884625	1.81870385361937	6.71385452270952	8.04064278155577	0	NA	NA	NA	NA	NA	NA	1	-1.30308856390302	1.69803980537484	1	-0.988010639192063	0.976165023156709	1	-3.50344225455745	12.2741076310186	1	-3.54312652899527	12.5537456004701	1.00139270312358	4383.29072628868	0	1.00183832827602	9678.65056639053	0	NA	NA	NA	NA	NA	NA	NA	NA
113	7	7	benefit_positive_truncnorm	benefit_positive_truncnorm	continuous	1	increasing	benefit	1	1	NA	1.84053941978619	3.77784414839731	700	252	420	700	700	252	475	0.64	0.321428571428571	5.18498899045207	24	24	0	2	1	10	4	1	5000	2500	1	0.99	14	10000	101112	0.571	0.985	0.474309454046825	-4.98845918862978	0.534525730219949	5.86485966789354	10.8533188565233	1.50087299387223	0.130674474934552	1.49217116667366	2.85440948609021	2.72373501115566	0.543113335418622	0.594271304183029	-10.8624016601161	0.556850474587437	11.9606312935683	22.8230329536845	0.0409	0.9176	2.35503876287704	-0.816884018074417	2.3319734216713	6.04355988622047	6.86044390429488	0	NA	NA	NA	NA	NA	NA	1	-1.36622996573937	1.8665843192842	1	-0.339666425913968	0.115373280893169	1	-3.18357284421428	10.1351360544186	1	-1.42280538552027	2.02437516506548	1.00103725325063	4102.03129897496	0	1.00244456895887	10490.2665362198	0	NA	NA	NA	NA	NA	NA	NA	NA
67	7	7	benefit_positive_truncnorm	benefit_positive_truncnorm	continuous	1	increasing	benefit	1	1	NA	1.93118777924094	3.43378343371978	700	252	420	700	700	252	502	0.64	0.282857142857143	5.77473233675039	24	24	0	2	1	10	4	1	5000	2500	1	0.99	14	10000	101066	0.6092	0.9995	0.798138523284617	-4.83297436575754	0.805265289915311	6.35004827871953	11.1830226444771	2.30803901422713	0.992149480773375	2.30754704537666	3.57511832863442	2.58296884786105	0.578560783478816	1.11348254833986	-10.8564938619965	1.08113236782729	12.7983833030464	23.6548771650429	0.0606	0.9844	4.35370277343761	0.419633629933421	4.39134622243455	7.72535184589325	7.30571821595982	0	NA	NA	NA	NA	NA	NA	1	-1.13304925595632	1.28380061642318	1	0.376851234986193	0.142016853310619	1	-2.32030088537992	5.38379619869483	1	0.919919339717835	0.846251591586898	1.00157037469379	4412.90021335744	0	1.00194353102343	9084.87646520817	0	NA	NA	NA	NA	NA	NA	NA	NA
53	7	7	benefit_positive_truncnorm	benefit_positive_truncnorm	continuous	1	increasing	benefit	1	1	NA	2.21260088360549	4.12639080291379	700	252	420	700	700	252	498	0.64	0.288571428571429	7.08151214314039	24	24	0	2	1	10	4	1	5000	2500	1	0.99	14	10000	101052	0.6151	0.9959	0.738178484115258	-4.05673340800053	0.722075022246148	5.5286922830378	9.58542569103833	1.71348904187637	0.445661891590304	1.71001911554788	2.97063955301568	2.52497766142537	0.598480852410592	1.19083338194732	-9.29098222895593	1.06550312785323	11.8359935120341	21.12697574099	0.0521	0.9821	3.4045535508062	0.224170662356097	3.44796614497159	6.44197737599367	6.21780671363757	0	NA	NA	NA	NA	NA	NA	1	-1.47442239949023	2.17392141211854	1	-0.499111841729117	0.249112630554231	1	-2.93555742096647	8.61749737179131	1	-0.721837252107588	0.521049018530233	1.0017145592008	4425.63015409936	0	1.00195629547305	12134.1805931778	0	NA	NA	NA	NA	NA	NA	NA	NA
48	7	7	benefit_positive_truncnorm	benefit_positive_truncnorm	continuous	1	increasing	benefit	1	1	NA	2.33791320465595	4.2434192083823	700	252	420	700	700	252	487	0.64	0.304285714285714	7.24440727243795	24	24	0	2	1	10	4	1	5000	2500	1	0.99	14	10000	101047	0.7504	0.9999	1.70600470839739	-3.37865016646755	1.7631598157019	6.45803368951278	9.83668385598033	2.39939357554795	1.1275060527433	2.40326113041169	3.66084605927613	2.53334000653282	0.707992585323302	2.67302767736853	-8.08295192588441	2.50635593188967	12.7660971963494	20.8490491222338	0.0829	0.9937	3.99924496252871	0.890908185469894	3.96554151788514	7.23790804214226	6.34699985667237	0	NA	NA	NA	NA	NA	NA	1	-0.631908496258556	0.399308347643749	1	0.0614803708920015	0.00377983600501807	1	-1.57039153101377	2.46612956067976	1	-0.244174245853588	0.0596210623381683	1.00191184663968	4736.55867816951	0	1.00169888721695	9710.9675759065	0	NA	NA	NA	NA	NA	NA	NA	NA
26	7	7	benefit_positive_truncnorm	benefit_positive_truncnorm	continuous	1	increasing	benefit	1	1	NA	2.2817930561622	4.72772300179071	700	252	420	700	700	252	496	0.64	0.291428571428571	6.40437475613099	24	24	0	2	1	10	4	1	5000	2500	1	0.99	14	10000	101025	0.6	0.9993	0.684186604615952	-4.45887396515455	0.66132337619279	5.86952545001427	10.3283994151688	2.0674403269819	0.74170086357427	2.07425209007056	3.37156905812865	2.62986819455437	0.561199704298236	0.838764393846462	-10.3971400793701	0.766198544241444	12.0953352893417	22.4924753687118	0.0531	0.9891	3.79785585300671	0.60129963539517	3.78496633109412	7.04231819424741	6.44101855885224	0	NA	NA	NA	NA	NA	NA	1	-1.59760645154625	2.55234637402219	1	-0.214352729180303	0.0459470925070444	1	-3.88895860794425	15.1239990543037	1	-0.929867148784	0.864652914387685	1.00162444011177	4759.58769283146	0	1.00214980764328	11814.1903787393	0	NA	NA	NA	NA	NA	NA	NA	NA
32	7	7	benefit_positive_truncnorm	benefit_positive_truncnorm	continuous	1	increasing	benefit	1	1	NA	1.89315539176575	3.71917039348537	700	252	420	700	700	252	483	0.64	0.31	6.41374072674518	24	24	0	2	1	10	4	1	5000	2500	1	0.99	14	10000	101031	0.626	0.9942	0.857936515303144	-4.33509501469863	0.848328507246048	6.03750928916454	10.3726043038632	1.69467442066273	0.376695481774899	1.69282929255428	3.02238631154734	2.64569082977244	0.591122994652406	1.18961560089445	-10.0866834843097	1.09589958888486	12.3152773753758	22.4019608596855	0.065	0.9566	2.99894067645995	-0.485186771934887	2.95699391586466	6.62401844331211	7.109205215247	0	NA	NA	NA	NA	NA	NA	1	-1.0352188764626	1.0716781221845	1	-0.19848097110302	0.039394695889998	1	-2.52955479259093	6.39864744871972	1	-0.720229717025421	0.518730845286518	1.00141429033589	4143.07097111636	0	1.00146515942801	8549.67749732906	0	NA	NA	NA	NA	NA	NA	NA	NA
31	7	7	benefit_positive_truncnorm	benefit_positive_truncnorm	continuous	1	increasing	benefit	1	1	NA	2.61260601025787	4.92488986607284	700	252	420	700	700	252	473	0.64	0.324285714285714	8.04833349924156	24	24	0	2	1	10	4	1	5000	2500	1	0.99	14	10000	101030	0.6608	1	0.967240781428456	-3.47809758627382	0.952562654955812	5.44515445113407	8.92325203740788	2.73142799606118	1.42724211449109	2.74443849886496	3.99065699396084	2.56341487946975	0.570827194274889	0.833215598626893	-9.42088105901854	0.557582554157809	11.0664320116588	20.4873130706773	0.0498	0.999699849924963	5.36293079389725	2.25884129754426	5.1783289023509	9.38875912810864	7.12991783056438	5e-04	NA	NA	NA	NA	NA	NA	1	-1.64536522882942	2.70722673624088	1	0.118821985803304	0.0141186643102406	1	-4.09167426744595	16.7417983108794	1	0.438040927824409	0.191879854449269	1.0014587685839	4902.51853213263	0	1.00094605286504	9413.46496671751	0	NA	NA	NA	NA	NA	NA	NA	NA
63	7	7	benefit_positive_truncnorm	benefit_positive_truncnorm	continuous	1	increasing	benefit	1	1	NA	1.70704328465716	3.54206735059348	700	252	420	700	700	252	492	0.64	0.297142857142857	5.75123798232788	24	24	0	2	1	10	4	1	5000	2500	1	0.99	14	10000	101062	0.5381	0.9983	0.270432932512403	-5.36087193210371	0.269215722926584	5.78340319088583	11.1442751229895	1.99234197876113	0.687293696732145	1.99445543111906	3.28857144225776	2.60127774552562	0.527594990447888	0.382219595303351	-11.2911142297557	0.359877825745389	12.1576471151941	23.4487613449498	0.0578	0.998	3.47030038569977	1.08546598378446	3.30093160350357	6.61883208358946	5.53336609980499	0	NA	NA	NA	NA	NA	NA	1	-1.43661035214476	2.06384930388949	1	0.28529869410397	0.0813953448574308	1	-3.15984775529013	9.98463783661209	1	-0.0717669648937087	0.00515049725005482	1.00126651775943	4396.05353901691	0	1.00169389996537	10513.4534822396	0	NA	NA	NA	NA	NA	NA	NA	NA
62	7	7	benefit_positive_truncnorm	benefit_positive_truncnorm	continuous	1	increasing	benefit	1	1	NA	1.48397135308693	2.39752375364827	700	252	420	700	700	252	488	0.64	0.302857142857143	6.84030301134195	24	24	0	2	1	10	4	1	5000	2500	1	0.99	14	10000	101061	0.5423	0.9405	0.349010820015157	-4.90520267292991	0.283113934976932	5.75412723194758	10.6593299048775	1.01757868249924	-0.268709968207576	1.02295948104704	2.30184138558218	2.57055135378976	0.518490484429066	0.454713923423225	-10.7583844976597	0.231560459791275	11.7712599955934	22.5296444932531	0.0752	0.9228	2.1034059192939	-0.781492198731043	2.21552389559171	4.57687770589179	5.35836990462283	0	NA	NA	NA	NA	NA	NA	1	-1.13496053307177	1.28813541163056	1	-0.466392670587692	0.217522123177919	1	-1.94280983022504	3.77451003641906	1	-0.294117834354367	0.0865053004853031	1.00202810488014	4605.81541452361	0	1.00176717670774	9476.28365571759	0	NA	NA	NA	NA	NA	NA	NA	NA
51	7	7	benefit_positive_truncnorm	benefit_positive_truncnorm	continuous	1	increasing	benefit	1	1	NA	2.51272135212412	5.0278988929127	700	252	420	700	700	252	458	0.64	0.345714285714286	7.78507380851534	24	24	0	2	1	10	4	1	5000	2500	1	0.99	14	10000	101050	0.6651	0.9999	1.0638350569466	-4.03209633582058	1.08317298981818	6.10912019063553	10.1412165264561	2.45867224723822	1.19716909624032	2.45848218430993	3.73012894715098	2.53295985091066	0.5736199753667	1.03355813841948	-9.91416163769976	0.88938940134142	11.7697247677301	21.6838864054298	0.1069	0.999699639567481	5.89540608090005	2.57473378196103	5.81876735842548	9.51601575698982	6.94128197502879	0.0012	NA	NA	NA	NA	NA	NA	1	-1.44888629517752	2.09927149635325	1	-0.0540491048859018	0.00292130573896721	1	-3.99434075449323	15.9547580630055	1	0.867507187987352	0.752568721209722	1.00102536153826	4390.09285093098	0	1.00219764589374	7019.43066733541	0	NA	NA	NA	NA	NA	NA	NA	NA
58	7	7	benefit_positive_truncnorm	benefit_positive_truncnorm	continuous	1	increasing	benefit	1	1	NA	2.0798185087784	4.19431419071473	700	252	420	700	700	252	494	0.64	0.294285714285714	7.39469489190119	24	24	0	2	1	10	4	1	5000	2500	1	0.99	14	10000	101057	0.7178	1	1.46794560122539	-3.53006146409322	1.521026820927	6.25071086441296	9.78077232850618	2.50625204224276	1.2405471300496	2.50575011457741	3.77185003496944	2.53130290491984	0.636837436238634	1.85467292343652	-9.03286125147087	1.81242577727771	12.3757691594801	21.408630410951	0.0982	0.9995	5.35262943790486	2.17144422692423	5.36086731114783	8.42894898627517	6.25750475935094	0	NA	NA	NA	NA	NA	NA	1	-0.611872907553006	0.37438845499737	1	0.426433533464361	0.1818455584629	1	-2.33964126727821	5.47392125955117	1	1.15831524719014	1.34169421187315	1.00162175686584	4706.02184128829	0	1.00184644963743	10619.7265469623	0	NA	NA	NA	NA	NA	NA	NA	NA
52	7	7	benefit_positive_truncnorm	benefit_positive_truncnorm	continuous	1	increasing	benefit	1	1	NA	2.58625889204637	6.00247003331943	700	252	420	700	700	252	468	0.64	0.331428571428571	6.55346226102795	24	24	0	2	1	10	4	1	5000	2500	1	0.99	14	10000	101051	0.7524	1	1.87773087286989	-3.45255797905328	1.92423271570258	6.93465471250541	10.3872126915587	3.12785498767935	1.81915852305751	3.13490206449577	4.41747845984542	2.5983199367879	0.661230297723292	2.3981326220815	-8.75823313056393	2.24693155465956	13.205941554113	21.964174684677	0.0864	1	7.27280813407293	3.97592702113478	7.03877748602972	11.3053892758232	7.3294622546884	0.0024	NA	NA	NA	NA	NA	NA	1	-0.708528019176474	0.502011953958138	1	0.541596095632987	0.293326330804896	1	-3.60433741123793	12.9912481740493	1	1.27033810075351	1.61375889022603	1.00160748366712	4215.18247138904	0	1.00161408944838	7467.94200792707	0	NA	NA	NA	NA	NA	NA	NA	NA
81	7	7	benefit_positive_truncnorm	benefit_positive_truncnorm	continuous	1	increasing	benefit	1	1	NA	2.39656503603077	5.06029479524081	700	252	420	700	700	252	476	0.64	0.32	6.90130370473037	24	24	0	2	1	10	4	1	5000	2500	1	0.99	14	10000	101080	0.5799	0.9966	0.511426225347673	-4.85334489470035	0.55183163742772	5.75841987685481	10.6117647715552	1.80831270693522	0.5076792786441	1.80159742339442	3.12154825777085	2.61386897912675	0.555084745762712	0.709228439294403	-10.8624883015665	0.729902706562032	11.988702782002	22.8511910835686	0.0796	0.9906	3.83919151742425	0.665913834167718	3.55472996287106	7.65170588726031	6.9857920530926	0	NA	NA	NA	NA	NA	NA	1	-1.8851388106831	3.55374833554368	1	-0.588252329095553	0.346040802686343	1	-4.35106635594641	18.9317784338488	1	-1.22110327781656	1.49109321509434	1.00192302104772	4393.63320867112	0	1.00219985011683	10760.9467666154	0	NA	NA	NA	NA	NA	NA	NA	NA
74	7	7	benefit_positive_truncnorm	benefit_positive_truncnorm	continuous	1	increasing	benefit	1	1	NA	2.62518487087718	6.13507960900824	700	252	420	700	700	252	477	0.64	0.318571428571429	7.34646831609239	24	24	0	2	1	10	4	1	5000	2500	1	0.99	14	10000	101073	0.616	0.9996	0.729655815612067	-4.27163880680703	0.758332383529108	5.66053061979827	9.9321694266053	2.27044433923798	0.975567308477871	2.2711094488771	3.56838388555191	2.59281657707404	0.580249616816291	1.0574483098519	-9.66032283647089	0.970127852184804	11.5765473848526	21.2368702213235	0.0866	0.999199839967994	5.64139278490033	1.91745019773869	5.66260276019084	9.62179223941841	7.70434204167972	2e-04	NA	NA	NA	NA	NA	NA	1	-1.89552905526512	3.59303039935427	1	-0.354740531639207	0.125840844787667	1	-5.07763129915634	25.7823396101721	1	-0.493686824107912	0.243726680297756	1.00187318782548	4697.13113907412	0	1.00142273298242	10340.3752302092	0	NA	NA	NA	NA	NA	NA	NA	NA
138	7	7	benefit_positive_truncnorm	benefit_positive_truncnorm	continuous	1	increasing	benefit	1	1	NA	2.49496356116248	5.13685337399352	700	252	420	700	700	252	481	0.64	0.312857142857143	7.32814647364455	24	24	0	2	1	10	4	1	5000	2500	1	0.99	14	10000	101137	0.6874	1	1.21032224983108	-3.74223157450099	1.26866200806645	6.11525477703014	9.85748635153113	2.6648712284177	1.31105168098772	2.67161423111134	3.95620568795499	2.64515400696727	0.598423472739216	1.33282373194775	-9.36846055063716	1.24272687806765	11.7923224989386	21.1607830495757	0.0866	1	5.88482120897523	1.9656727992482	5.95668236238187	10.0028143804754	8.03714158122724	2e-04	NA	NA	NA	NA	NA	NA	1	-1.2846413113314	1.65030329877927	1	0.169907667255216	0.0288686153921093	1	-3.80402964204577	14.4706415175628	1	0.747967834981716	0.559455882167235	1.00168712466622	4649.85287189953	0	1.00136364834398	11164.9077540891	0	NA	NA	NA	NA	NA	NA	NA	NA
70	7	7	benefit_positive_truncnorm	benefit_positive_truncnorm	continuous	1	increasing	benefit	1	1	NA	1.74890726480121	3.05517112525744	700	252	420	700	700	252	489	0.64	0.301428571428571	6.39260776721391	24	24	0	2	1	10	4	1	5000	2500	1	0.99	14	10000	101069	0.5766	0.9062	0.512400207973972	-4.47552399343685	0.495643870991803	5.62345899035731	10.0989829837942	0.890951522961769	-0.412831287266283	0.894298584187966	2.20565113062053	2.61848241788681	0.554101500159591	0.743573675544376	-10.2432368511857	0.622017024062892	11.6923459798025	21.9355828309882	0.0601	0.7401	1.24025624202607	-2.05080527631939	1.34580932701866	4.41971750267455	6.47052277899394	0	NA	NA	NA	NA	NA	NA	1	-1.23650705682724	1.52894970158356	1	-0.85795574183944	0.736088054955264	1	-2.31159744971306	5.34348276951992	1	-1.81491488323137	3.29391603337472	1.00147991585076	4392.41740034974	0	1.00169903681762	6556.97941591253	0	NA	NA	NA	NA	NA	NA	NA	NA
56	7	7	benefit_positive_truncnorm	benefit_positive_truncnorm	continuous	1	increasing	benefit	1	1	NA	1.90755777448021	4.15932547495383	700	252	420	700	700	252	492	0.64	0.297142857142857	7.04831530991592	24	24	0	2	1	10	4	1	5000	2500	1	0.99	14	10000	101055	0.8291	0.9995	2.4553077007947	-2.61606018239903	2.50494761305678	7.2397109277145	9.85577111011353	2.20709156531614	0.924667234063688	2.20208680262917	3.51505449658569	2.590387262522	0.85141588006663	4.69004849223743	-5.37868684632529	4.48302820214143	14.2787113163917	19.657398162717	0.0995	0.9912	4.25227313310158	0.691352863140528	4.34447891738863	7.41512021675097	6.72376735361044	0	NA	NA	NA	NA	NA	NA	1	0.547749926314482	0.300029981777521	1	0.299533790835923	0.0897204918525383	1	0.530723017283598	0.281666921074606	1	0.0929476581477502	0.00863926715515103	1.00136073727279	4506.41926278348	0	1.00153483273952	10895.2249632852	0	NA	NA	NA	NA	NA	NA	NA	NA
57	7	7	benefit_positive_truncnorm	benefit_positive_truncnorm	continuous	1	increasing	benefit	1	1	NA	1.71053118343089	2.95338372138859	700	252	420	700	700	252	478	0.64	0.317142857142857	6.92346792051593	24	24	0	2	1	10	4	1	5000	2500	1	0.99	14	10000	101056	0.6566	0.9995	1.1055385937841	-4.42142224472917	1.11681297370863	6.40394175147555	10.8253639962047	2.13472424354585	0.817182504000781	2.14459134091498	3.44686528161115	2.62968277761037	0.597430873067712	1.40852318893186	-10.124488725539	1.27365123754387	12.4328695607553	22.5573582862943	0.0814	0.9947	4.02667651923534	0.899084115272137	3.85950472492635	8.13210858052383	7.23302446525169	0	NA	NA	NA	NA	NA	NA	1	-0.604992589646797	0.366016033527538	1	0.424193060114956	0.17993975224969	1	-1.54486053245673	2.3865940647425	1	1.07329279784676	1.15195742990972	1.00151151134343	4670.09310482872	0	1.00177355622943	11921.7946010198	0	NA	NA	NA	NA	NA	NA	NA	NA
68	7	7	benefit_positive_truncnorm	benefit_positive_truncnorm	continuous	1	increasing	benefit	1	1	NA	2.42463570961182	5.12444471012311	700	252	420	700	700	252	487	0.64	0.304285714285714	6.426997896707	24	24	0	2	1	10	4	1	5000	2500	1	0.99	14	10000	101067	0.5537	0.9657	0.378480755813791	-4.84973383559074	0.402970716952677	5.61802223050729	10.467756066098	1.2239620588075	-0.105341404806264	1.2323433685162	2.54643731734635	2.65177872215261	0.525272862138391	0.308452986279601	-10.9563405712473	0.290423923833036	11.1804192301636	22.1367598014109	0.0563	0.8818	2.03698802462037	-1.26287205401207	1.97834607851797	5.90740186354506	7.17027391755714	0	NA	NA	NA	NA	NA	NA	1	-2.04615495379803	4.18675009495221	1	-1.20067365080431	1.44161721573576	1	-4.81599172384351	23.1937762841292	1	-3.08745668550274	9.53238878485559	1.00113248837457	4442.70868095016	0	1.00217585375185	11619.5786984977	0	NA	NA	NA	NA	NA	NA	NA	NA
115	7	7	benefit_positive_truncnorm	benefit_positive_truncnorm	continuous	1	increasing	benefit	1	1	NA	1.78128125277769	3.34187159594951	700	252	420	700	700	252	492	0.64	0.297142857142857	6.54786504724725	24	24	0	2	1	10	4	1	5000	2500	1	0.99	14	10000	101114	0.67	0.9829	1.1695059729795	-4.29034664037581	1.22777927066336	6.30444498287534	10.5947916232511	1.44788796201843	0.112059224652061	1.45391097858167	2.76833676228661	2.65627753763455	0.622022520571676	1.67830760591904	-9.71053521582057	1.56122250156549	12.7643123250314	22.474847540852	0.0764	0.9805	2.88473615960381	0.135180313944773	2.91428549632709	5.53997296524612	5.40479265130135	0	NA	NA	NA	NA	NA	NA	1	-0.611775279798183	0.374268992972146	1	-0.333393290759258	0.111151086323287	1	-1.66356399003047	2.76744514892609	1	-0.457135436345699	0.208972807162973	1.00112883596384	4592.0166978531	0	1.00125704888655	11571.835073202	0	NA	NA	NA	NA	NA	NA	NA	NA
82	7	7	benefit_positive_truncnorm	benefit_positive_truncnorm	continuous	1	increasing	benefit	1	1	NA	2.14274134606115	4.0648094748674	700	252	420	700	700	252	481	0.64	0.312857142857143	6.08366434628322	24	24	0	2	1	10	4	1	5000	2500	1	0.99	14	10000	101081	0.6083	0.9996	0.710457721680706	-4.3827269377478	0.725206817588224	5.65055845811396	10.0332853958618	2.24526812314271	0.922996694888336	2.25587862885013	3.54881289266386	2.62581619777553	0.589364997418689	1.07046996817626	-9.96530596464941	0.939542641126256	11.901401217992	21.8667071826414	0.0315	0.9964	4.48743051098943	1.18422040363484	4.45912264474516	8.13344864333805	6.94922823970321	0	NA	NA	NA	NA	NA	NA	1	-1.43228362438044	2.05143638066838	1	0.10252677708156	0.0105117400187319	1	-2.99433950669113	8.9660690813313	1	0.422621036122035	0.178608540172863	1.0013444226283	4866.00421561685	0	1.00178566148258	7203.05390852581	0	NA	NA	NA	NA	NA	NA	NA	NA
111	7	7	benefit_positive_truncnorm	benefit_positive_truncnorm	continuous	1	increasing	benefit	1	1	NA	2.61141746926766	5.49759079469804	700	252	420	700	700	252	480	0.64	0.314285714285714	6.9263027174002	24	24	0	2	1	10	4	1	5000	2500	1	0.99	14	10000	101110	0.6982	0.9997	1.4195452095467	-3.96208410850133	1.45415496666792	6.75819435104759	10.7202784595489	2.35488868986889	1.05686707188487	2.35854126594253	3.63638569484769	2.57951862296281	0.620610436494913	1.65653015557517	-9.89503786167707	1.57692471610726	12.4995184533967	22.3945563150738	0.0859	0.9989	5.90673759516716	1.93948832078959	6.15830177530094	9.05529672080244	7.11580840001284	0	NA	NA	NA	NA	NA	NA	1	-1.19187225972096	1.42055948349235	1	-0.256528779398776	0.0658070146598259	1	-3.84106063912288	14.753746833419	1	0.409146800469112	0.167401104334111	1.00242229234904	4671.40833874045	0	1.00123834033062	10133.2703200812	0	NA	NA	NA	NA	NA	NA	NA	NA
139	7	7	benefit_positive_truncnorm	benefit_positive_truncnorm	continuous	1	increasing	benefit	1	1	NA	2.68718592092644	5.83439131730177	700	252	420	700	700	252	469	0.64	0.33	6.71736216070505	24	24	0	2	1	10	4	1	5000	2500	1	0.99	14	10000	101138	0.7639	1	1.96515971691127	-3.50794318317769	2.0290379498372	7.18982974177463	10.6977729249523	2.98555036048787	1.65688931087506	2.98766235180323	4.31737290249104	2.66048359161598	0.705837257693571	2.86488265158297	-8.00861870731162	2.76175745663553	13.4205079098944	21.429126617206	0.0869	1	6.46118046913638	3.29514817808599	5.97503016795899	11.9098656302274	8.61471745214138	6e-04	NA	NA	NA	NA	NA	NA	1	-0.722026204015178	0.521321839284567	1	0.29836443956143	0.0890213387948061	1	-2.9695086657188	8.81798171577903	1	0.626789151834609	0.392864640857549	1.00197809401912	4604.32928345023	0	1.00172052617968	7175.54213839514	0	NA	NA	NA	NA	NA	NA	NA	NA
134	7	7	benefit_positive_truncnorm	benefit_positive_truncnorm	continuous	1	increasing	benefit	1	1	NA	2.16788962624568	4.18798172573163	700	252	420	700	700	252	476	0.64	0.32	7.30232761674614	24	24	0	2	1	10	4	1	5000	2500	1	0.99	14	10000	101133	0.7505	1	1.71336408694082	-3.32476964093222	1.78549973381945	6.54860567861361	9.87337531954583	3.05876379940149	1.75587659311749	3.06724222512051	4.33585514905827	2.57997855594077	0.643470696966402	1.90578302152885	-8.7975980588309	1.82692007753115	12.3955578098704	21.1931558687013	0.0803	0.9999	5.07409389360639	2.4480111011952	4.75294463775744	8.79351672086838	6.34550561967318	0	NA	NA	NA	NA	NA	NA	1	-0.454525539304856	0.20659346588037	1	0.890874173155814	0.793656792396056	1	-2.28219870420278	5.20843092546485	1	0.886112167874758	0.785194774055704	1.00109931172795	4685.13462427425	0	1.00113469329121	10015.7131622076	0	NA	NA	NA	NA	NA	NA	NA	NA
71	7	7	benefit_positive_truncnorm	benefit_positive_truncnorm	continuous	1	increasing	benefit	1	1	NA	1.2768717681764	2.05312477985748	700	252	420	700	700	252	486	0.64	0.305714285714286	6.36494685598628	24	24	0	2	1	10	4	1	5000	2500	1	0.99	14	10000	101070	0.505	0.9886	0.0588040249897778	-5.06148192109639	0.0389854682711688	5.1528708714319	10.2143527925283	1.57610420238041	0.223859889706766	1.57265544993752	2.93380933390644	2.70994944419968	0.517447971410553	0.310778153754554	-10.822158028996	0.223656856280075	11.4261390628649	22.2482970918608	0.0486	0.9449	2.87026802226468	-0.491919175048851	2.93001195356677	6.57615644645757	7.06807562150642	0	NA	NA	NA	NA	NA	NA	1	-1.21806774318662	1.48368902699176	1	0.299232434204009	0.0895400496796564	1	-1.74234662610293	3.03577176549226	1	0.817143242407197	0.667723078611747	1.00166067411398	4599.79258901896	0	1.00166512081824	10138.6733133725	0	NA	NA	NA	NA	NA	NA	NA	NA
76	7	7	benefit_positive_truncnorm	benefit_positive_truncnorm	continuous	1	increasing	benefit	1	1	NA	1.85940169810891	3.18818634948126	700	252	420	700	700	252	486	0.64	0.305714285714286	7.19389981682157	24	24	0	2	1	10	4	1	5000	2500	1	0.99	14	10000	101075	0.6819	1	1.19840212595609	-3.71540603774486	1.23826370557684	6.0686137721087	9.78401980985356	2.67428203566062	1.38607244085968	2.67837244665977	3.94982335053986	2.56375090968019	0.58720738542697	1.14040533642701	-9.58934727667866	1.06904747510412	11.6982091619272	21.2875564386058	0.0901	0.9988	4.72576271076594	1.3795275702911	4.6319614603658	8.56557614251111	7.18604857222001	0	NA	NA	NA	NA	NA	NA	1	-0.660999572152819	0.436920434386209	1	0.814880337551708	0.664029964528385	1	-2.04778101305425	4.19340707742547	1	1.53757636128469	2.36414106678146	1.0010101277421	4638.77950597327	0	1.00169429238376	12316.9790685703	0	NA	NA	NA	NA	NA	NA	NA	NA
92	7	7	benefit_positive_truncnorm	benefit_positive_truncnorm	continuous	1	increasing	benefit	1	1	NA	2.3493770960461	4.69416262373871	700	252	420	700	700	252	455	0.64	0.35	7.24139082613455	24	24	0	2	1	10	4	1	5000	2500	1	0.99	14	10000	101091	0.5796	0.9555	0.520606564782823	-4.40957738168691	0.5331598667245	5.34728861458229	9.7568659962692	1.13963962343382	-0.172279715831865	1.13996793456983	2.47074231008111	2.64302202591297	0.570807993049522	0.913612577323977	-9.79293131774524	0.863459698479978	11.4381094140387	21.231040731784	0.0792	0.9316	2.76402549058051	-0.806601969927922	2.46856013684352	7.4725533999012	8.27915536982912	0	NA	NA	NA	NA	NA	NA	1	-1.82877053126328	3.34440165601699	1	-1.20973747261228	1.46346475264235	1	-3.78055004641473	14.2925586534464	1	-1.9301371331582	3.72542935279615	1.00158366491267	4555.29904253507	0	1.00178967623611	10978.5828796352	0	NA	NA	NA	NA	NA	NA	NA	NA
110	7	7	benefit_positive_truncnorm	benefit_positive_truncnorm	continuous	1	increasing	benefit	1	1	NA	2.19412183806586	4.08248404748439	700	252	420	700	700	252	477	0.64	0.318571428571429	7.37704731913863	24	24	0	2	1	10	4	1	5000	2500	1	0.99	14	10000	101109	0.7969	0.9998	2.11837605144936	-3.08178016646622	2.19885048705376	6.91728030242471	9.99906046889094	2.50750478460355	1.18515229132105	2.50534539688723	3.78442290102709	2.59927060970604	0.763324099722992	3.47646378690071	-6.83472656623453	3.31846655540911	13.3513854302991	20.1861119965336	0.0975	0.997	4.79250529277932	1.35806812962299	4.76664113564167	8.43788232988515	7.07981420026215	0	NA	NA	NA	NA	NA	NA	1	-0.0757457866165021	0.00573742419015267	1	0.313382946537689	0.098208871180644	1	-0.606020260583679	0.36726055623791	1	0.710021245294936	0.504130168770171	1.0017958530858	4329.66586565048	0	1.00148256934437	9599.27330599881	0	NA	NA	NA	NA	NA	NA	NA	NA
117	7	7	benefit_positive_truncnorm	benefit_positive_truncnorm	continuous	1	increasing	benefit	1	1	NA	2.53812677309084	5.29205860347301	700	252	420	700	700	252	489	0.64	0.301428571428571	7.51122623140737	24	24	0	2	1	10	4	1	5000	2500	1	0.99	14	10000	101116	0.7502	1	1.74941390660546	-3.37288227339293	1.80536428513725	6.67427924657043	10.0471615199634	2.92369343238449	1.67019791950149	2.9206420542974	4.16202121647971	2.49182329697822	0.682792743265531	2.4921859944374	-8.10006837936565	2.30401749768971	12.7724414016339	20.8725097809996	0.0905	0.9997	5.00459292662904	2.24475574655213	4.93878161815073	7.92213338823972	5.67737764168759	0	NA	NA	NA	NA	NA	NA	1	-0.788712866485379	0.622067985759583	1	0.385566659293651	0.148661648758866	1	-2.79987260903561	7.83928662682789	1	-0.287465676843969	0.0826365153633609	1.00202597397654	4778.29731904569	0	1.00193244159632	9148.47577896802	0	NA	NA	NA	NA	NA	NA	NA	NA
93	7	7	benefit_positive_truncnorm	benefit_positive_truncnorm	continuous	1	increasing	benefit	1	1	NA	2.42937472633058	4.40057571290167	700	252	420	700	700	252	471	0.64	0.327142857142857	7.19310290108883	24	24	0	2	1	10	4	1	5000	2500	1	0.99	14	10000	101092	0.591	0.9945	0.581709709417209	-4.37774137595626	0.614101737282732	5.56837569897441	9.94611707493067	1.74239089732824	0.395117699273218	1.74556349060347	3.06205751534286	2.66693981606964	0.533464782561069	0.496277200178581	-10.5061253272494	0.388402265951406	11.4787923437502	21.9849176709997	0.0871	0.9463	3.21326086942223	-0.59738457440437	3.0764261131044	7.49403915726516	8.09142373166953	0	NA	NA	NA	NA	NA	NA	1	-1.84766501691337	3.41386601472548	1	-0.686983829002333	0.471946781310707	1	-3.90429851272309	15.2435468764517	1	-1.18731484347944	1.4097165375466	1.00148367546574	4263.23324814082	0	1.00122037741919	10302.7780303979	0	NA	NA	NA	NA	NA	NA	NA	NA
69	7	7	benefit_positive_truncnorm	benefit_positive_truncnorm	continuous	1	increasing	benefit	1	1	NA	2.20962979522149	4.78910373762687	700	252	420	700	700	252	485	0.64	0.307142857142857	7.17254424204342	24	24	0	2	1	10	4	1	5000	2500	1	0.99	14	10000	101068	0.8204	1	2.47672923282273	-2.7156838948285	2.55040787734046	7.46534940895506	10.1810333037836	4.01702812041681	2.74902417974342	4.01257300028021	5.26696627247918	2.51794209273576	0.780058322117541	3.74247238006952	-6.6384801260752	3.55211244584938	13.6075368369048	20.24601696298	0.1084	1	8.37181186639696	4.25716612630081	8.32939526669381	12.4817002110603	8.22453408475949	2e-04	NA	NA	NA	NA	NA	NA	1	0.267099437601245	0.0713421095669014	0	1.80739832519532	3.26668870591885	1	-1.04663135755735	1.09543719862235	1	3.58270812877008	12.8357975359552	1.00146689422721	4716.3272650339	0	1.00142627430943	10677.2199837131	0	NA	NA	NA	NA	NA	NA	NA	NA
153	7	7	benefit_positive_truncnorm	benefit_positive_truncnorm	continuous	1	increasing	benefit	1	1	NA	1.72899785398316	3.37246103599864	700	252	420	700	700	252	493	0.64	0.295714285714286	6.74325428511607	24	24	0	2	1	10	4	1	5000	2500	1	0.99	14	10000	101152	0.6813	0.9988	1.24667332609001	-4.22784224219565	1.32850070772531	6.36565345297671	10.5934956951724	1.98597095595103	0.693954244291674	1.98035225073865	3.28420650196154	2.59025225766986	0.623831267666884	1.72862491002312	-9.57108728804154	1.64967634906972	12.6661992326468	22.2372865206883	0.0802	0.9989	3.96172322214548	1.54317412836729	3.84733819826295	6.87887433890184	5.33570021053455	0	NA	NA	NA	NA	NA	NA	1	-0.482324527893155	0.232636950207355	1	0.256973101967873	0.0660351751349907	1	-1.64383612597552	2.70219720906221	1	0.589262186146837	0.34722992402255	1.00229810469353	4442.80891415701	0	1.00131129672577	10176.1901538119	0	NA	NA	NA	NA	NA	NA	NA	NA
106	7	7	benefit_positive_truncnorm	benefit_positive_truncnorm	continuous	1	increasing	benefit	1	1	NA	1.96849910726614	4.05641648555263	700	252	420	700	700	252	498	0.64	0.288571428571429	7.64581472251358	24	24	0	2	1	10	4	1	5000	2500	1	0.99	14	10000	101105	0.6815	0.9927	1.20098174143725	-3.90494292168494	1.23838996832599	6.11847029171782	10.0234132134028	1.63005580752414	0.334819312041038	1.63005477484053	2.90635617334492	2.57153686130388	0.601267934601268	1.37217509603663	-9.70696185860464	1.28266471290442	11.8566628774497	21.5636247360544	0.1009	0.9829	3.16009882956573	0.274537196884361	3.13385550647931	6.16547008892138	5.89093289203702	0	NA	NA	NA	NA	NA	NA	1	-0.76751736582889	0.589082906848918	1	-0.338443299741996	0.114543867140251	1	-2.68424138951599	7.20515183719075	1	-0.896317655986894	0.803385340433839	1.00286940210275	4277.44629607607	0	1.0014863246381	10886.5933952196	0	NA	NA	NA	NA	NA	NA	NA	NA
94	7	7	benefit_positive_truncnorm	benefit_positive_truncnorm	continuous	1	increasing	benefit	1	1	NA	1.62125950329678	2.9713523681472	700	252	420	700	700	252	462	0.64	0.34	7.29876244286318	24	24	0	2	1	10	4	1	5000	2500	1	0.99	14	10000	101093	0.6027	0.9988	0.659523588934757	-4.26139797651625	0.649783469093183	5.63276522068865	9.8941631972049	2.09618741392206	0.759395208946045	2.10241596492923	3.43785992014422	2.67846471119818	0.538562234100578	0.50606102549659	-10.4197138700839	0.458135620162279	11.2036833657527	21.6233972358366	0.0833	0.990566984445559	5.26014929932608	0.919204898205123	5.24549770413742	10.2857028624685	9.36649796426335	0.0035	NA	NA	NA	NA	NA	NA	1	-0.961735914362027	0.924935968973764	1	0.474927910625271	0.225556520290886	1	-2.46529134265061	6.07766140414804	1	2.28879693117889	5.23859139217389	1.0025484987002	3443.54806816495	0	1.00157056945392	6473.18027300049	0	NA	NA	NA	NA	NA	NA	NA	NA
108	7	7	benefit_positive_truncnorm	benefit_positive_truncnorm	continuous	1	increasing	benefit	1	1	NA	2.11748270047987	4.41815074161111	700	252	420	700	700	252	470	0.64	0.328571428571429	7.62750202393534	24	24	0	2	1	10	4	1	5000	2500	1	0.99	14	10000	101107	0.7307	0.9999	1.53565256784985	-3.43960839824244	1.593755087428	6.34904282462076	9.7886512228632	2.9942131645152	1.70513033946346	2.99279944575359	4.27058320010535	2.56545286064189	0.630964297630964	1.81667574370812	-9.25502633397701	1.72760511344393	12.1104804503962	21.3655067843733	0.1009	0.9998	6.73670120049441	2.56852521687188	6.62066425576991	11.2054962675726	8.63697105070077	0	NA	NA	NA	NA	NA	NA	1	-0.581830132630023	0.33852630323627	1	0.876730464035328	0.768656306567602	1	-2.60147499790299	6.76767216471437	1	2.3185504588833	5.37567623038795	1.00151104740577	4373.33921512935	0	1.00178621226125	12241.2143083515	0	NA	NA	NA	NA	NA	NA	NA	NA
114	7	7	benefit_positive_truncnorm	benefit_positive_truncnorm	continuous	1	increasing	benefit	1	1	NA	2.00858727169768	3.99721577924072	700	252	420	700	700	252	497	0.64	0.29	7.04408944774402	24	24	0	2	1	10	4	1	5000	2500	1	0.99	14	10000	101113	0.6078	0.9617	0.702031331518393	-4.18679548813616	0.734566219989047	5.38945842853228	9.57625391666843	1.179163915079	-0.131124055493853	1.18370534942858	2.45502725093836	2.58615130643221	0.662424368871271	1.83506765741306	-9.00594932917866	1.77309983998703	12.3892160079817	21.3951653371603	0.0414	0.973	2.5187580461742	-0.0407895901296839	2.44143277081275	5.47199688602092	5.5127864761506	0	NA	NA	NA	NA	NA	NA	1	-1.30655594017929	1.70708842481779	1	-0.829423356618685	0.687943104504606	1	-2.16214812182766	4.67488450072287	1	-1.47845773306652	2.18583726846418	1.0021657247332	4355.15480736096	0	1.00182541457544	11687.8068192621	0	NA	NA	NA	NA	NA	NA	NA	NA
109	7	7	benefit_positive_truncnorm	benefit_positive_truncnorm	continuous	1	increasing	benefit	1	1	NA	2.35834691227992	5.76067990809825	700	252	420	700	700	252	472	0.64	0.325714285714286	6.13373191285469	24	24	0	2	1	10	4	1	5000	2500	1	0.99	14	10000	101108	0.7058	0.9995	1.46374765163334	-3.94423414834714	1.51736282496682	6.69827021980653	10.6425043681537	2.28009561157046	0.971045556682825	2.27668597295694	3.60510697510323	2.63406141842041	0.680184529556914	2.46748712171448	-8.7511433639374	2.32113499310397	13.1834929260886	21.934636290026	0.0679	0.994	5.18004410719491	1.17865640529974	5.09504693927446	9.84262592749053	8.66396952219079	0	NA	NA	NA	NA	NA	NA	1	-0.894599260646583	0.800307837149413	1	-0.0782513007094536	0.00612326606272134	1	-3.29319278638377	10.8451187282901	1	-0.58063580090334	0.337137933290663	1.00201016494071	4086.89723576315	0	1.00122298671646	9191.65187802156	0	NA	NA	NA	NA	NA	NA	NA	NA
61	7	7	benefit_positive_truncnorm	benefit_positive_truncnorm	continuous	1	increasing	benefit	1	1	NA	2.50741612266851	4.66484692456609	700	252	420	700	700	252	487	0.64	0.304285714285714	7.07067059554885	24	24	0	2	1	10	4	1	5000	2500	1	0.99	14	10000	101060	0.8437	1	2.61049053659557	-2.60116126738091	2.68291603249519	7.39094955861156	9.99211082599247	3.59008720960731	2.28545058348219	3.58561560293769	4.88594280896547	2.60049222548328	0.831731300408795	4.40926748412206	-5.76973786581026	4.2318290803275	14.1215081239907	19.8912459898009	0.0949	1	7.13925227075527	4.24377260884303	7.01929801460383	10.2718716981506	6.02809908930755	0	NA	NA	NA	NA	NA	NA	1	0.103074413927061	0.010624334806407	1	1.08267108693881	1.17217668249326	1	-0.255579440444037	0.065320850377687	1	2.47440534618918	6.12268181724958	1.00156189078662	4662.25539702343	0	1.0013650454199	11140.0102756019	0	NA	NA	NA	NA	NA	NA	NA	NA
97	7	7	benefit_positive_truncnorm	benefit_positive_truncnorm	continuous	1	increasing	benefit	1	1	NA	2.05257258427509	4.05554117123546	700	252	420	700	700	252	486	0.64	0.305714285714286	7.37273352293052	24	24	0	2	1	10	4	1	5000	2500	1	0.99	14	10000	101096	0.5144	0.9988	0.0864627568452111	-4.93932639619614	0.0855016783639231	5.07519367216962	10.0145200683658	2.0228483225376	0.742325773899474	2.02202650302611	3.29014873339921	2.54782295949973	0.497196878091679	-0.017059372691111	-10.6967357349102	-0.0273332059499172	10.8315235728723	21.5282593077825	0.0903	0.9961	4.72646541822906	1.18927540705388	4.91498441200127	7.92972462247835	6.74044921542447	0	NA	NA	NA	NA	NA	NA	1	-1.96610982742988	3.86558785351635	1	-0.0297242617374871	0.00088353173583864	1	-4.07260054392658	16.586075190391	1	0.670924246993597	0.450139345203925	1.00197463359715	4204.99542378378	0	1.00149849013061	11134.7275750082	0	NA	NA	NA	NA	NA	NA	NA	NA
91	7	7	benefit_positive_truncnorm	benefit_positive_truncnorm	continuous	1	increasing	benefit	1	1	NA	2.27139380185304	4.70386136402307	700	252	420	700	700	252	472	0.64	0.325714285714286	7.58008679448123	24	24	0	2	1	10	4	1	5000	2500	1	0.99	14	10000	101090	0.7287	1	1.58085923081339	-3.51368287199137	1.63308578809023	6.58407076940519	10.0977536413966	2.88572540916861	1.58099974589262	2.89232037285591	4.15950269875929	2.57850295286667	0.641042855544366	1.92648351681887	-9.12907789786696	1.81837217078835	12.3994510081835	21.5285289060505	0.1063	0.999899959983994	6.5084231440047	3.03389041189055	6.1978587830323	10.6756108292829	7.64172041739232	4e-04	NA	NA	NA	NA	NA	NA	1	-0.690534571039653	0.476837993800917	1	0.61433160731557	0.377403323746932	1	-2.7773778472042	7.71382770614062	1	1.80456177998163	3.25644321777047	1.00122316877284	4528.11923034423	0	1.00157322584175	11760.4947216953	0	NA	NA	NA	NA	NA	NA	NA	NA
73	7	7	benefit_positive_truncnorm	benefit_positive_truncnorm	continuous	1	increasing	benefit	1	1	NA	2.12706471054983	3.89586629596086	700	252	420	700	700	252	481	0.64	0.312857142857143	6.96579313598194	24	24	0	2	1	10	4	1	5000	2500	1	0.99	14	10000	101072	0.7096	1	1.49933406968185	-4.00285355672561	1.55469289161918	6.82024118596887	10.8230947426945	2.65391961459548	1.37193955166277	2.65252838637366	3.94501996551708	2.57308041385431	0.636493307000219	1.9143469752149	-9.50262023482443	1.83572516847548	12.6934973846887	22.1961176195131	0.0886	0.9999	6.03034171542079	2.64502785347507	6.02634568769048	9.43328836406383	6.78826051058876	0	NA	NA	NA	NA	NA	NA	1	-0.627730640867974	0.394045757484517	1	0.526854904045653	0.277576089916954	1	-1.98151932074596	3.92641881848953	1	2.13447541945993	4.55598531627866	1.00138891743193	4585.11115668608	0	1.00194782051333	11384.4255518065	0	NA	NA	NA	NA	NA	NA	NA	NA
96	7	7	benefit_positive_truncnorm	benefit_positive_truncnorm	continuous	1	increasing	benefit	1	1	NA	2.38421195614066	4.3701867802536	700	252	420	700	700	252	485	0.64	0.307142857142857	7.04144049810811	24	24	0	2	1	10	4	1	5000	2500	1	0.99	14	10000	101095	0.7605	0.9984	1.80828916496213	-3.29741720891984	1.93361532064473	6.51629369551429	9.81371090443413	1.99824179673137	0.6675367372633	2.00169170647306	3.29298861232897	2.62545187506567	0.792296812098792	3.83768266524261	-7.36254934325985	3.71577255007551	13.9333885432183	21.2959378864781	0.0809	0.9957	4.67393734703215	1.02764058768157	4.73858174286414	8.09171080181315	7.06407021413158	0	NA	NA	NA	NA	NA	NA	1	-0.575922791178528	0.331687061398867	1	-0.385970159409287	0.148972963954431	1	-0.532504115010989	0.283560632503637	1	0.303750566778559	0.0922644068182959	1.00104121020281	4307.28091127521	0	1.00191695889556	12757.6623667354	0	NA	NA	NA	NA	NA	NA	NA	NA
107	7	7	benefit_positive_truncnorm	benefit_positive_truncnorm	continuous	1	increasing	benefit	1	1	NA	1.97650579690696	4.07175462498985	700	252	420	700	700	252	495	0.64	0.292857142857143	6.26123511251293	24	24	0	2	1	10	4	1	5000	2500	1	0.99	14	10000	101106	0.6474	0.9991	1.02776186077463	-4.2399209283827	1.06096582186863	6.17422524504058	10.4141461734233	2.16411996987626	0.868744580035578	2.16192243674204	3.46965606043217	2.60091148039659	0.605915011744608	1.46023188207699	-9.53513412258018	1.29169478643088	12.4225182757197	21.9576523982999	0.0634	0.9993	4.34672134239967	1.55286694111233	4.4333557689798	7.22659501006161	5.67372806894927	0	NA	NA	NA	NA	NA	NA	1	-0.948743936132322	0.900115056347851	1	0.187614172969301	0.0351990778989546	1	-2.61152274291287	6.82005103675114	1	0.274966717409812	0.0756066956831277	1.00127561173358	4468.41472559954	0	1.00221530488041	6886.77187921126	0	NA	NA	NA	NA	NA	NA	NA	NA
120	7	7	benefit_positive_truncnorm	benefit_positive_truncnorm	continuous	1	increasing	benefit	1	1	NA	1.41506122591765	2.36535568075494	700	252	420	700	700	252	468	0.64	0.331428571428571	7.06608574143501	24	24	0	2	1	10	4	1	5000	2500	1	0.99	14	10000	101119	0.7038	0.9999	1.31287665364087	-3.59699857798418	1.30696004326644	6.17768319798279	9.77468177596697	2.5338895438555	1.22466574612484	2.53975082686902	3.84142553528081	2.61675978915597	0.644930629669157	1.8066747899997	-9.14090675071913	1.61042472578684	12.4962367527393	21.6371435034585	0.063	0.998699479791917	6.07895914837817	2.33261895112272	5.86192527773578	10.8595291887249	8.5269102376022	4e-04	NA	NA	NA	NA	NA	NA	1	-0.102184572276776	0.0104416868113877	1	1.11882831793785	1.25177680501964	1	-0.55868089075524	0.312124337695068	1	3.71360346762323	13.7908507147433	1.00147558624967	4324.29611300053	0	1.00161576290936	13023.6455575551	0	NA	NA	NA	NA	NA	NA	NA	NA
152	7	7	benefit_positive_truncnorm	benefit_positive_truncnorm	continuous	1	increasing	benefit	1	1	NA	2.32876723293378	3.96932133046475	700	252	420	700	700	252	482	0.64	0.311428571428571	7.28476127252326	24	24	0	2	1	10	4	1	5000	2500	1	0.99	14	10000	101151	0.6786	1	1.12736853397521	-3.75816846757539	1.13802872900211	5.96329977128881	9.72146823886419	2.49744312075929	1.18387744778775	2.50286897937402	3.80829843676878	2.62442098898103	0.588982139014418	1.05763766203175	-9.65150873335401	0.964450728049322	11.1583985316421	20.8099072649961	0.0706	0.9969	4.24619613769798	1.0831617809678	3.86069337794187	8.42759190926149	7.34443012829369	0	NA	NA	NA	NA	NA	NA	1	-1.20139869895857	1.44335883385935	1	0.16867588782551	0.028451555133724	1	-2.911683668433	8.47790178501944	1	0.276874807233227	0.0766596588804367	1.00201830384521	4532.95041367577	0	1.00244663138352	10278.1154812535	0	NA	NA	NA	NA	NA	NA	NA	NA
75	7	7	benefit_positive_truncnorm	benefit_positive_truncnorm	continuous	1	increasing	benefit	1	1	NA	2.06292110775642	4.20035517749337	700	252	420	700	700	252	459	0.64	0.344285714285714	6.83983359935707	24	24	0	2	1	10	4	1	5000	2500	1	0.99	14	10000	101074	0.7545	1	1.86112264200755	-3.68644194249632	1.9267465173705	7.15772214711348	10.8441640896098	2.80891380687304	1.49317166965642	2.79801841767434	4.13581968143109	2.64264801177467	0.683388338833883	2.62025184620026	-8.73685676983983	2.49729935239152	13.2613652655795	21.9982220354194	0.091	1	6.9204006814845	2.8322699418439	6.90798510545024	11.1465662892585	8.31429634741462	0.001	NA	NA	NA	NA	NA	NA	1	-0.201798465748868	0.0407226207785971	1	0.745992699116626	0.556505107135308	1	-1.5801033312931	2.49672653756356	1	2.72004550399113	7.39864754378236	1.00190707370288	4459.92518993828	0	1.0015540921359	9582.50481647817	0	NA	NA	NA	NA	NA	NA	NA	NA
119	7	7	benefit_positive_truncnorm	benefit_positive_truncnorm	continuous	1	increasing	benefit	1	1	NA	2.54528616397209	5.5596192700548	700	252	420	700	700	252	480	0.64	0.314285714285714	7.04698447949643	24	24	0	2	1	10	4	1	5000	2500	1	0.99	14	10000	101118	0.8868	1	3.11445289943519	-1.83785309474452	3.18427666747434	7.74631317091503	9.58416626565955	3.79677722213188	2.48334768921925	3.80949149595265	5.05121862905461	2.56787093983536	0.957121310062487	5.94132717591035	-1.63222574338916	5.40421304163234	14.9043647287228	16.5365904721119	0.0718	1	8.21947562797435	3.95515986869768	8.48755121615442	11.6643787083596	7.70921883966194	1e-04	NA	NA	NA	NA	NA	NA	1	0.569166735463095	0.323950772757717	1	1.25149105815979	1.56622986865391	1	0.381707905855553	0.145700925392632	1	2.65985635791955	7.07483584476508	1.00135860529073	4127.07038908976	0	1.00165231347448	13377.8249117859	0	NA	NA	NA	NA	NA	NA	NA	NA
159	7	7	benefit_positive_truncnorm	benefit_positive_truncnorm	continuous	1	increasing	benefit	1	1	NA	1.58938001490464	2.91674054958001	700	252	420	700	700	252	481	0.64	0.312857142857143	5.98441449854699	24	24	0	2	1	10	4	1	5000	2500	1	0.99	14	10000	101158	0.6648	0.9953	1.27703091176336	-4.50372555594559	1.32291752522239	6.91268786786171	11.4164134238073	1.8252355236267	0.469867116279183	1.83287535366441	3.19794631411441	2.72807919783523	0.602852852852853	1.60480577112654	-10.2318505839275	1.49979944259516	13.0901527002272	23.3220032841547	0.0676	0.9938	4.59429786727608	1.01906090531515	4.51493330111543	8.4790037124629	7.45994280714775	0	NA	NA	NA	NA	NA	NA	1	-0.312349103141284	0.0975619622331644	1	0.235855508722052	0.0556278209945381	1	-1.31193477845347	1.72117286291575	1	1.67755731769607	2.81419855415564	1.00221955225536	4293.72446755845	0	1.00183443544631	9238.64990793058	0	NA	NA	NA	NA	NA	NA	NA	NA
87	7	7	benefit_positive_truncnorm	benefit_positive_truncnorm	continuous	1	increasing	benefit	1	1	NA	2.2457887107149	4.6564623285417	700	252	420	700	700	252	498	0.64	0.288571428571429	7.118628790877	24	24	0	2	1	10	4	1	5000	2500	1	0.99	14	10000	101086	0.6661	0.9988	1.10281475370819	-3.89737552758678	1.14637208741314	5.90069674011276	9.79807226769955	2.04927851647978	0.74202341985655	2.05132571416755	3.33701305637362	2.59498963651707	0.658690987124464	2.02570889808532	-8.84067166654089	1.9383206597242	12.3002984794365	21.1409701459774	0.068	0.9955	4.2633110462517	1.23760772387217	4.20194390249736	7.38748050446248	6.14987278059031	0	NA	NA	NA	NA	NA	NA	1	-1.14297395700672	1.3063894663956	1	-0.196510194235127	0.0386162564383272	1	-2.63075343045637	6.92086361185798	1	-0.393151282289996	0.154567930766268	1.00231630494775	4470.61574513636	0	1.00131535893155	12155.8930768825	0	NA	NA	NA	NA	NA	NA	NA	NA
102	7	7	benefit_positive_truncnorm	benefit_positive_truncnorm	continuous	1	increasing	benefit	1	1	NA	2.12064760393051	4.42263086720539	700	252	420	700	700	252	480	0.64	0.314285714285714	7.73203799500223	24	24	0	2	1	10	4	1	5000	2500	1	0.99	14	10000	101101	0.5702	0.9856	0.414249754057656	-4.67494199480846	0.449296777099073	5.38983771564856	10.064779710457	1.48782671434612	0.167036984644017	1.48734055089228	2.82642945325029	2.65939246860628	0.558571587495828	0.732454069689319	-10.0796363858216	0.727384258760456	11.3143288112783	21.3939651970999	0.1011	0.9574	3.19253444881455	-0.309803622380041	3.22632908133861	6.69776571199913	7.00756933437917	0	NA	NA	NA	NA	NA	NA	1	-1.70639784987285	2.9117936220507	1	-0.632820889584385	0.400462278294373	1	-3.69017679751607	13.617404796926	1	-1.23009641839084	1.51313719853797	1.00136854350642	4618.94618034015	0	1.0013950023055	11716.0952465483	0	NA	NA	NA	NA	NA	NA	NA	NA
104	7	7	benefit_positive_truncnorm	benefit_positive_truncnorm	continuous	1	increasing	benefit	1	1	NA	2.69452633991259	5.91355279105324	700	252	420	700	700	252	483	0.64	0.31	7.19863868226747	24	24	0	2	1	10	4	1	5000	2500	1	0.99	14	10000	101103	0.7133	1	1.39462722784247	-3.44891295149065	1.42883342956141	6.14507789341163	9.59399084490228	3.844058424208	2.55942891666509	3.85005848267278	5.10938452144515	2.54995560478006	0.662545299509699	1.9894933760674	-8.38599263459424	1.84622030214987	12.3938792043733	20.7798718389675	0.0618	1	7.47459598853399	3.59529005178236	7.53004154792156	12.1290817585644	8.53379170678206	0.0034	NA	NA	NA	NA	NA	NA	1	-1.29989911207011	1.68973770156066	1	1.14953208429541	1.32142401282456	1	-3.92405941498584	15.398242292339	1	1.56104319748075	2.43685586440092	1.00143635270128	4505.11357425145	0	1.00267639962981	12058.617412812	0	NA	NA	NA	NA	NA	NA	NA	NA
95	7	7	benefit_positive_truncnorm	benefit_positive_truncnorm	continuous	1	increasing	benefit	1	1	NA	2.29494233891758	4.15934438861156	700	252	420	700	700	252	483	0.64	0.31	7.25605181584109	24	24	0	2	1	10	4	1	5000	2500	1	0.99	14	10000	101094	0.705	0.9994	1.39806059131855	-3.60436661417702	1.42503949302833	6.22728936992659	9.83165598410361	2.2744861389249	0.971206813373472	2.26886173901633	3.55745182678746	2.58624501341399	0.642121581220241	1.94203401210109	-8.76723195197674	1.80583173840771	12.207700855862	20.9749328078387	0.0969	0.9992	5.35232333073218	1.70270683987201	5.25231256886553	9.61751091284005	7.91480407296804	0	NA	NA	NA	NA	NA	NA	1	-0.896881747599029	0.804396869176289	1	-0.020456199992684	0.000418456118140685	1	-2.21731037651047	4.91646530578102	1	1.19297894212061	1.42319875634322	1.00205156513592	4700.83897017025	0	1.00119985003371	6946.62282913162	0	NA	NA	NA	NA	NA	NA	NA	NA
116	7	7	benefit_positive_truncnorm	benefit_positive_truncnorm	continuous	1	increasing	benefit	1	1	NA	1.85679861769356	3.43144009658247	700	252	420	700	700	252	477	0.64	0.318571428571429	6.64554700620207	24	24	0	2	1	10	4	1	5000	2500	1	0.99	14	10000	101115	0.6046	0.9955	0.703275098520425	-4.54839609847619	0.74652883163827	5.84072233441205	10.3891184328882	1.76515126135037	0.470936175074086	1.76735277128287	3.05643481265179	2.58549863757771	0.558619943759464	0.811365101375464	-10.7586811689836	0.815893845450957	11.8850491869491	22.6437303559327	0.0754	0.9625	3.30869117661919	-0.308239185567309	3.14196195602202	7.57939931412641	7.88763849969372	0	NA	NA	NA	NA	NA	NA	1	-1.15352351917313	1.33061650928557	1	-0.0916473563431892	0.0083992379246955	1	-2.62007499520701	6.864792980509	1	-0.12274891996328	0.0150672973521517	1.00235000892502	4554.83623771905	0	1.00113106594165	10968.0566097535	0	NA	NA	NA	NA	NA	NA	NA	NA
90	7	7	benefit_positive_truncnorm	benefit_positive_truncnorm	continuous	1	increasing	benefit	1	1	NA	2.10751941153655	4.43706624759319	700	252	420	700	700	252	483	0.64	0.31	7.0926404826446	24	24	0	2	1	10	4	1	5000	2500	1	0.99	14	10000	101089	0.5297	0.9884	0.166881455942071	-4.58892112531301	0.193561892969327	4.91286147858266	9.50178260389567	1.53329463375224	0.254994038117001	1.52771681379065	2.85518347398246	2.60018943586545	0.469148823963717	-0.328091769940646	-10.921358808233	-0.353988446500688	10.4508750298442	21.3722338380772	0.0519	0.972	2.83280232235723	-0.0762197638730478	2.83480708826363	5.71959446633228	5.79581423020533	0	NA	NA	NA	NA	NA	NA	1	-1.94063795559448	3.76607567469391	1	-0.574224777784305	0.329734095421435	1	-4.76515801753384	22.706730932067	1	-1.60426392523596	2.57366274181348	1.00117153921954	4755.45756599308	0	1.00154169340924	10281.6063599079	0	NA	NA	NA	NA	NA	NA	NA	NA
103	7	7	benefit_positive_truncnorm	benefit_positive_truncnorm	continuous	1	increasing	benefit	1	1	NA	2.12760424967775	4.22927399153677	700	252	420	700	700	252	500	0.64	0.285714285714286	6.74758098664761	24	24	0	2	1	10	4	1	5000	2500	1	0.99	14	10000	101102	0.7185	0.9989	1.57811252742027	-3.95982160698185	1.62891929894507	6.74599631058969	10.7058179175715	2.08480843170174	0.803499485694534	2.08384406873992	3.37284512855706	2.56934564286252	0.65083005679336	2.09158923750013	-8.96582603537027	1.98021135490936	13.106168116183	22.0719941515533	0.0844	0.9926	3.86270023111681	0.723346462877564	3.91276798729506	6.7932761532153	6.06992969033773	0	NA	NA	NA	NA	NA	NA	1	-0.549491722257477	0.301941152829488	1	-0.0427958179760126	0.001831482036236	1	-2.13768475403665	4.56969610764072	1	-0.366573760419968	0.134376321828436	1.0017049251224	4475.6735423149	0	1.00140231231194	12057.6714977105	0	NA	NA	NA	NA	NA	NA	NA	NA
118	7	7	benefit_positive_truncnorm	benefit_positive_truncnorm	continuous	1	increasing	benefit	1	1	NA	0.988443521383646	1.24879981605865	700	252	420	700	700	252	503	0.64	0.281428571428571	6.06786558507642	24	24	0	2	1	10	4	1	5000	2500	1	0.99	14	10000	101117	0.4937	0.9624	-0.0353116774462334	-5.22709359008094	-0.0453259014583223	5.16081715473536	10.3879107448163	1.19928192273226	-0.10540024022786	1.19216598942743	2.53481444244889	2.64021468267675	0.494396278282935	-0.0537498628033131	-11.4879854736455	-0.0641687738793753	11.3059365664891	22.7939220401346	0.0542	0.4073	-0.0640694505020167	-2.6900846767448	-0.328780671608729	3.83494207542259	6.52502675216739	0	NA	NA	NA	NA	NA	NA	1	-1.02375519882988	1.04807470713121	1	0.210838401348617	0.0444528314832406	1	-1.30254967886196	1.6966356659034	1	-1.31286926656066	1.72362571107954	1.00176824271964	4103.94269875849	0	1.0019125682004	7213.48748535229	0	NA	NA	NA	NA	NA	NA	NA	NA
136	7	7	benefit_positive_truncnorm	benefit_positive_truncnorm	continuous	1	increasing	benefit	1	1	NA	1.61478514430062	2.96138112732706	700	252	420	700	700	252	506	0.64	0.277142857142857	7.10562389017944	24	24	0	2	1	10	4	1	5000	2500	1	0.99	14	10000	101135	0.6357	0.993	0.888825765413553	-4.21527800253445	0.904617528067846	5.95161311613068	10.1668911186651	1.62893288723421	0.3503099997766	1.62907157585421	2.91089111172342	2.56058111194682	0.600570300504497	1.33200238664246	-9.70600808611615	1.2954108843831	11.8524614309731	21.5584695170892	0.0882	0.9835	2.67946459946345	0.189296594235722	2.74045041419395	4.91639163279274	4.72709503855701	0	NA	NA	NA	NA	NA	NA	1	-0.725959378887068	0.527017019794097	1	0.0141477429335914	0.000200158630114987	1	-1.6293787406846	2.65487508059493	1	-0.281916527863614	0.0794769286826758	1.00151456113706	4440.92655918643	0	1.0014785785535	11878.1384964424	0	NA	NA	NA	NA	NA	NA	NA	NA
59	7	7	benefit_positive_truncnorm	benefit_positive_truncnorm	continuous	1	increasing	benefit	1	1	NA	2.12353145318365	4.04693792902895	700	252	420	700	700	252	497	0.64	0.29	6.91560753804882	24	24	0	2	1	10	4	1	5000	2500	1	0.99	14	10000	101058	0.6877	0.9999	1.43227732203741	-3.98690463131903	1.4683932765578	6.7752090987605	10.7621137300795	2.48820774598691	1.24774708987391	2.4874700108955	3.73347953917773	2.48573244930382	0.624118165784832	1.74509495534741	-9.7807893798169	1.73364029851185	12.7229724980178	22.5037618778347	0.0928	0.9994	5.54478673802437	2.19966791488213	5.70551852738894	8.13890343403345	5.93923551915132	0	NA	NA	NA	NA	NA	NA	1	-0.691254131146238	0.477832273826741	1	0.364676292803264	0.132988798532732	1	-2.30184297368154	5.29848107548708	1	1.49784880899541	2.24355105460898	1.00158033290455	4357.97143385192	0	1.00322724193226	12757.591749899	0	NA	NA	NA	NA	NA	NA	NA	NA
150	7	7	benefit_positive_truncnorm	benefit_positive_truncnorm	continuous	1	increasing	benefit	1	1	NA	1.54727034671838	2.86631100113809	700	252	420	700	700	252	455	0.64	0.35	7.18257172497256	24	24	0	2	1	10	4	1	5000	2500	1	0.99	14	10000	101149	0.5958	0.9638	0.641842654681367	-4.29017665968039	0.641197993028474	5.47474881738498	9.76492547706537	1.2389166452052	-0.114176502873008	1.23763781933731	2.58895123389589	2.7031277367689	0.553861024594566	0.743016616980739	-9.98380803366065	0.641209243612678	11.4061612712103	21.3899693048709	0.0689	0.9269	2.79322092431379	-1.06230061281283	2.75249215834614	6.84671628118392	7.90901689399676	0	NA	NA	NA	NA	NA	NA	1	-0.905427692037008	0.819799305507464	1	-0.308353701513177	0.0950820052368777	1	-2.12329438415735	4.50837904179416	1	-0.0730900768243008	0.00534215933018219	1.00211436914653	4256.99586692263	0	1.00108755177923	8260.77881415309	0	NA	NA	NA	NA	NA	NA	NA	NA
160	7	7	benefit_positive_truncnorm	benefit_positive_truncnorm	continuous	1	increasing	benefit	1	1	NA	2.16540635375528	4.47331104540523	700	252	420	700	700	252	480	0.64	0.314285714285714	6.79503972939378	24	24	0	2	1	10	4	1	5000	2500	1	0.99	14	10000	101159	0.6852	0.9998	1.31588864253682	-4.18551948720347	1.38464373614276	6.66438768588211	10.8499071730856	2.54061204065871	1.22117465289787	2.54208223863725	3.85684256907885	2.63566791618098	0.631613395876514	1.8252946110712	-9.65053751283478	1.73093669400794	12.8228284139008	22.4733659267356	0.0833	0.999599959996	5.59837139820454	2.59535593442408	5.46209437879543	9.21912984016108	6.623773905737	1e-04	NA	NA	NA	NA	NA	NA	1	-0.849517711218457	0.721680341673846	1	0.375205686903433	0.140779307484677	1	-2.64801643433403	7.01199103650313	1	1.12506035279931	1.2657607974409	1.00152153568434	4687.42463887838	0	1.00195112556052	7594.75648300692	0	NA	NA	NA	NA	NA	NA	NA	NA
148	7	7	benefit_positive_truncnorm	benefit_positive_truncnorm	continuous	1	increasing	benefit	1	1	NA	1.58217637996589	3.11465128211267	700	252	420	700	700	252	472	0.64	0.325714285714286	6.94857210264777	24	24	0	2	1	10	4	1	5000	2500	1	0.99	14	10000	101147	0.4601	0.9696	-0.243469195097605	-5.62357057776484	-0.296513891202535	5.11828065740494	10.7418512351698	1.30754489566802	-0.0579535280485384	1.30180063821616	2.65181245559603	2.70976598364457	0.484039087947883	-0.206664719403298	-11.9295087214653	-0.20311839160442	11.4463309920304	23.3758397134957	0.079	0.9537	2.85433529861161	-0.432352608310369	2.71159964282859	6.70403603069007	7.13638863900044	0	NA	NA	NA	NA	NA	NA	1	-1.8256455750635	3.33298176574893	1	-0.274631484297876	0.0754224521676544	1	-3.32131600151597	11.031139981926	1	-0.260315983501064	0.067764411266126	1.0015548006742	4318.51418201736	0	1.00177956206053	8784.77409778585	0	NA	NA	NA	NA	NA	NA	NA	NA
149	7	7	benefit_positive_truncnorm	benefit_positive_truncnorm	continuous	1	increasing	benefit	1	1	NA	1.93793262153276	3.97379598116993	700	252	420	700	700	252	479	0.64	0.315714285714286	6.19645844599694	24	24	0	2	1	10	4	1	5000	2500	1	0.99	14	10000	101148	0.4318	0.8522	-0.453475305215022	-5.51379158228908	-0.511012206997173	4.87924711406718	10.3930386963563	0.732637478640637	-0.621471741477014	0.726234029538131	2.10212102113123	2.72359276260824	0.453728186144897	-0.564573730235932	-11.5153140841415	-0.560084637493116	10.8983387463653	22.4136528305069	0.0545	0.669	1.00314626219889	-1.9515939708625	0.63605499342238	5.46039831634005	7.41199228720255	0	NA	NA	NA	NA	NA	NA	1	-2.39140792674779	5.71883187211214	1	-1.20529514289213	1.45273638147935	1	-4.53836971140586	20.5967996374061	1	-2.97064971897104	8.82475975282271	1.00162332274355	4286.43639114388	0	1.00173107756294	6354.6456229949	0	NA	NA	NA	NA	NA	NA	NA	NA
137	7	7	benefit_positive_truncnorm	benefit_positive_truncnorm	continuous	1	increasing	benefit	1	1	NA	2.93103915552468	6.10289777632962	700	252	420	700	700	252	461	0.64	0.341428571428571	7.88388758293477	24	24	0	2	1	10	4	1	5000	2500	1	0.99	14	10000	101136	0.8296	1	2.52118345481284	-2.62765442071093	2.58510114969798	7.50182439478017	10.1294788154911	3.68400537939976	2.44519665382414	3.68711352919235	4.92650738632957	2.48131073250543	0.710469231647448	2.92955116643262	-7.55122096939803	2.85291767771748	13.0020572666228	20.5532782360208	0.1241	1	8.10149442719001	4.4821152442037	7.92623588256034	12.6377266715666	8.15561142736288	0.0042	NA	NA	NA	NA	NA	NA	1	-0.409855700711838	0.167981695405992	1	0.752966223875083	0.566958134296702	1	-3.173346609897	10.0701287065448	1	1.99859665086039	3.99438857283036	1.0014747046153	4345.52444924443	0	1.00171875290703	10370.2261881569	0	NA	NA	NA	NA	NA	NA	NA	NA
105	7	7	benefit_positive_truncnorm	benefit_positive_truncnorm	continuous	1	increasing	benefit	1	1	NA	1.7026840292131	3.50353038113125	700	252	420	700	700	252	459	0.64	0.344285714285714	7.46756802337593	24	24	0	2	1	10	4	1	5000	2500	1	0.99	14	10000	101104	0.4445	0.9865	-0.359594854503608	-5.22607429087998	-0.350361414328386	4.36822621350746	9.59430050438744	1.45538447488617	0.160046227988781	1.46055326842689	2.71461307251235	2.55456684452357	0.491606195169501	-0.139067776790043	-10.8542282630547	-0.101137855302687	10.5513660389667	21.4055943020214	0.0767	0.995399079815963	4.73125212322605	0.971811066163141	4.66704646341692	8.87940306993789	7.90759200377475	2e-04	NA	NA	NA	NA	NA	NA	1	-2.06227888371671	4.25299419422383	1	-0.247299554326928	0.0611570695702972	1	-3.64259815792129	13.2685213400916	1	1.2277217420948	1.50730067601229	1.00186087700751	4573.01059612866	0	1.00181851250518	5996.87784308139	0	NA	NA	NA	NA	NA	NA	NA	NA
60	7	7	benefit_positive_truncnorm	benefit_positive_truncnorm	continuous	1	increasing	benefit	1	1	NA	1.81636726620075	3.26197666077583	700	252	420	700	700	252	485	0.64	0.307142857142857	7.54521680174815	24	24	0	2	1	10	4	1	5000	2500	1	0.99	14	10000	101059	0.5772	0.9914	0.479461756785219	-4.68015010280319	0.521493376018574	5.51750660809818	10.1976567109014	1.52856482651933	0.27909356760554	1.53372337441759	2.77890655067275	2.49981298306722	0.540816326530612	0.584116790057713	-10.3699767869852	0.533422913403202	11.4261217040973	21.7960984910824	0.0886	0.9636	3.0130629215694	-0.261777964047828	3.0898723370252	6.46407467362427	6.7258526376721	0	NA	NA	NA	NA	NA	NA	1	-1.33690550941553	1.78731634110561	1	-0.287802439681419	0.0828302442865769	1	-2.67785987071811	7.17093348720243	1	-0.248913739206422	0.0619580495657228	1.00293214445377	4201.9758175475	0	1.00186537756729	12322.0781438678	0	NA	NA	NA	NA	NA	NA	NA	NA
162	7	7	benefit_positive_truncnorm	benefit_positive_truncnorm	continuous	1	increasing	benefit	1	1	NA	2.7583453646623	6.35351119872392	700	252	420	700	700	252	478	0.64	0.317142857142857	7.93881444310778	24	24	0	2	1	10	4	1	5000	2500	1	0.99	14	10000	101161	0.6714	1	1.10380155872662	-3.90614915448309	1.13942032447807	5.92311253910031	9.8292616935834	2.25455118742943	0.983074210807234	2.24946397300188	3.53639712565472	2.55332291484749	0.586390927284857	1.15958475275293	-9.6752859371301	1.0990714154536	11.9963385401924	21.6716244773225	0.1006	0.9924	4.78635443045823	1.0732519852442	4.70622863159612	8.66194389100935	7.58869190576514	0	NA	NA	NA	NA	NA	NA	1	-1.65454380593568	2.73751520576014	1	-0.503794177232866	0.253808573013741	1	-5.19392644597099	26.9768719261568	1	-1.56715676826569	2.45598033632097	1.00116853249186	4319.00286756276	0	1.00130880369895	10761.1159802896	0	NA	NA	NA	NA	NA	NA	NA	NA
100	7	7	benefit_positive_truncnorm	benefit_positive_truncnorm	continuous	1	increasing	benefit	1	1	NA	1.30057449825848	2.01115385107382	700	252	420	700	700	252	489	0.64	0.301428571428571	6.99387305947955	24	24	0	2	1	10	4	1	5000	2500	1	0.99	14	10000	101099	0.547	0.9368	0.333154235683959	-5.06506696480575	0.301732656349666	5.76814834762724	10.833215312433	1.01070892303149	-0.321875126958914	1.01438511451242	2.29998811174829	2.62186323870721	0.517101956070375	0.340411947273006	-10.9371721063787	0.217699798798426	11.7186252611102	22.6557973674888	0.0849	0.8151	1.90157439157729	-2.36137015565715	2.08671564698319	5.39479720770785	7.756167363365	0	NA	NA	NA	NA	NA	NA	1	-0.967420262574516	0.935901964439746	1	-0.28986557522699	0.084022051701674	1	-1.67074190380081	2.79137850911596	1	-0.10957945949653	0.0120076579435517	1.00130982786091	4612.56985335497	0	1.00159544158703	11290.4031209021	0	NA	NA	NA	NA	NA	NA	NA	NA
101	7	7	benefit_positive_truncnorm	benefit_positive_truncnorm	continuous	1	increasing	benefit	1	1	NA	1.19695402629067	1.77489434387263	700	252	420	700	700	252	483	0.64	0.31	6.51899621573364	24	24	0	2	1	10	4	1	5000	2500	1	0.99	14	10000	101100	0.5625	0.9538	0.440179842612745	-4.79693188651893	0.447919014205812	5.63371498814553	10.4306468746645	1.13194550852261	-0.192701233444774	1.1291274191681	2.44517454072679	2.63787577417156	0.543024136811343	0.628007915672752	-10.8054577154638	0.553871860637578	11.8563266161243	22.6617843315881	0.0761	0.936	2.45089131639051	-0.646582837165623	2.53505397241203	5.37890407042288	6.02548690758851	0	NA	NA	NA	NA	NA	NA	1	-0.756774183677926	0.572707165081391	1	-0.0650085177680639	0.00422610738240068	1	-1.14688642819988	1.31534847918907	1	0.675996972517887	0.456971906853348	1.00148494096309	4123.52210331379	0	1.00138698137106	10262.2010400718	0	NA	NA	NA	NA	NA	NA	NA	NA
126	7	7	benefit_positive_truncnorm	benefit_positive_truncnorm	continuous	1	increasing	benefit	1	1	NA	2.23160134182895	4.63583212639858	700	252	420	700	700	252	484	0.64	0.308571428571429	6.91167449005014	24	24	0	2	1	10	4	1	5000	2500	1	0.99	14	10000	101125	0.6812	0.9996	1.33342283820257	-4.13770113942625	1.38457776260543	6.70011210350231	10.8378132429286	2.367136353906	1.03475065918757	2.37036659474149	3.64522045319385	2.61046979400629	0.606915477497256	1.48765216082542	-9.95620023283533	1.39245477534913	12.6290994296609	22.5852996624963	0.089	0.9996	4.78065010133854	2.01502862740422	4.77330463123323	7.92784705660899	5.91281842920477	0	NA	NA	NA	NA	NA	NA	1	-0.898178503626383	0.806724624376529	1	0.135535012077049	0.0183697394987257	1	-3.14817996557316	9.91103709563623	1	0.144817974939959	0.0209722458657105	1.00134003229286	4555.93526942627	0	1.00153358502001	9335.49911233877	0	NA	NA	NA	NA	NA	NA	NA	NA
129	7	7	benefit_positive_truncnorm	benefit_positive_truncnorm	continuous	1	increasing	benefit	1	1	NA	1.60721919647771	2.97010956118939	700	252	420	700	700	252	482	0.64	0.311428571428571	7.00834466148603	24	24	0	2	1	10	4	1	5000	2500	1	0.99	14	10000	101128	0.7335	0.9672	1.68232501747959	-3.66683695678381	1.74792943692709	6.59208134212338	10.2589182989072	1.2545699685031	-0.0727270644204264	1.25892446413105	2.56157251707093	2.63429958149136	0.79656652360515	3.70008177777949	-7.91197873546589	3.58900606217013	13.7530754755121	21.6650542109779	0.068	0.9708	3.00909788444339	-0.0966044541772796	2.8910802045851	6.70210580590967	6.79871026008695	0	NA	NA	NA	NA	NA	NA	1	0.0751058210018818	0.00564088434836671	1	-0.352649227974603	0.124361477991083	1	0.729972216590099	0.532859436993462	1	0.0389883232540016	0.00152008935015852	1.00185129737163	4194.18139768006	0	1.00142766940808	10754.137788416	0	NA	NA	NA	NA	NA	NA	NA	NA
144	7	7	benefit_positive_truncnorm	benefit_positive_truncnorm	continuous	1	increasing	benefit	1	1	NA	1.66141563271937	3.12904530297458	700	252	420	700	700	252	483	0.64	0.31	6.95007189467683	24	24	0	2	1	10	4	1	5000	2500	1	0.99	14	10000	101143	0.4855	0.7093	-0.085174000581563	-5.38696699960948	-0.0951019400745103	5.24705855474162	10.6340255543511	0.366597123527059	-0.910104556795896	0.36930358666925	1.62868866506436	2.53879322186025	0.488611476127902	-0.147559739473534	-11.6730720477947	-0.161825750921953	11.3891304873214	23.0622025351161	0.0868	0.7699	1.11646852348115	-2.05856679448354	1.14850416980824	4.15171581233233	6.21028260681588	0	NA	NA	NA	NA	NA	NA	1	-1.74658963330094	3.0505753471543	0	-1.29481850919231	1.67655497174701	1	-3.27660504244812	10.7361406041964	1	-2.01257677949343	4.05046529335614	1.00113870637779	4298.59395507637	0	1.00206294468219	7041.47420825041	0	NA	NA	NA	NA	NA	NA	NA	NA
151	7	7	benefit_positive_truncnorm	benefit_positive_truncnorm	continuous	1	increasing	benefit	1	1	NA	1.8852825472959	3.5018358244286	700	252	420	700	700	252	496	0.64	0.291428571428571	6.45490511085998	24	24	0	2	1	10	4	1	5000	2500	1	0.99	14	10000	101150	0.7452	0.9999	1.72920644064469	-3.55522350068998	1.76191266473111	6.70191967926314	10.2571431799531	2.70119787372975	1.41557829340538	2.70546545755503	3.98716696075294	2.57158866734757	0.724541968470388	3.00576638276021	-7.81596899014597	2.77058831876426	13.6392385183475	21.4552075084935	0.0612	0.998	4.63965452903771	1.52169315716004	4.60442877824663	8.33056407901705	6.80887092185701	0	NA	NA	NA	NA	NA	NA	1	-0.156076106651214	0.0243597510674013	1	0.815915326433849	0.665717819909655	1	-0.496069441668385	0.246084890957183	1	1.13781870460911	1.29463140455835	1.00133554809498	4235.56329455139	0	1.00125433071023	10403.2728880444	0	NA	NA	NA	NA	NA	NA	NA	NA
88	7	7	benefit_positive_truncnorm	benefit_positive_truncnorm	continuous	1	increasing	benefit	1	1	NA	2.11337945088633	4.45448389477862	700	252	420	700	700	252	486	0.64	0.305714285714286	6.87768644118654	24	24	0	2	1	10	4	1	5000	2500	1	0.99	14	10000	101087	0.5832	0.999	0.556449341672331	-4.83504421666525	0.565883542046062	5.90148880677255	10.7365330234378	2.09777633299862	0.801703636354055	2.09972036208621	3.38753370954026	2.5858300731862	0.534663178548071	0.551987498653505	-10.9961503105274	0.447556066601963	11.8849187152079	22.8810690257353	0.0826	0.9852	3.38793642148663	0.408704925486928	3.36383717301457	6.92985772237698	6.52115279689005	0	NA	NA	NA	NA	NA	NA	1	-1.556930109214	2.42403136497712	1	-0.0156031178877098	0.000243457287817771	1	-3.90249639612511	15.2294781217695	1	-1.06654747329198	1.13752351278551	1.00201253580493	3976.35000222422	0	1.00150382931817	6492.01316532806	0	NA	NA	NA	NA	NA	NA	NA	NA
147	7	7	benefit_positive_truncnorm	benefit_positive_truncnorm	continuous	1	increasing	benefit	1	1	NA	2.0757991070192	3.69940909947866	700	252	420	700	700	252	490	0.64	0.3	6.5581410659177	24	24	0	2	1	10	4	1	5000	2500	1	0.99	14	10000	101146	0.7883	1	2.18493404201682	-3.16239133600317	2.21722522123515	7.27403800371767	10.4364293397208	3.05615817777305	1.75091760890348	3.06057267390973	4.341506261947	2.59058865304352	0.70863900142341	2.93404998458815	-7.85550749174008	2.72875503355964	13.4764314898355	21.3319389815755	0.0867	0.9999	6.47670620101375	2.51852182624829	6.49932645218082	10.3287638228583	7.81024199660996	0	NA	NA	NA	NA	NA	NA	1	0.10913493499762	0.0119104340369347	1	0.980359070753852	0.961103907609356	1	-0.765359114890518	0.585774574745997	1	2.77729710153508	7.71337919019516	1.00159460417519	4069.69850076223	0	1.00118706938034	10674.5427970048	0	NA	NA	NA	NA	NA	NA	NA	NA
89	7	7	benefit_positive_truncnorm	benefit_positive_truncnorm	continuous	1	increasing	benefit	1	1	NA	2.60106856701555	6.17520560526917	700	252	420	700	700	252	471	0.64	0.327142857142857	6.81486301584408	24	24	0	2	1	10	4	1	5000	2500	1	0.99	14	10000	101088	0.7022	0.9995	1.45118034918925	-3.9774791641491	1.48739703068259	6.68434258703067	10.6618217511798	2.23941131302772	0.924331251380523	2.2452564547141	3.56159359387779	2.63726234249726	0.628877238968982	1.82499725600357	-9.69334427074737	1.72052972943263	12.9529511429394	22.6462954136868	0.0844	0.991799179917992	4.28976283533729	0.778585220891212	4.26517864557612	7.92424526965109	7.14566004875988	1e-04	NA	NA	NA	NA	NA	NA	1	-1.1498882178263	1.32224291349574	1	-0.361657253987832	0.130795969362019	1	-4.3502083492656	18.9243126820201	1	-1.88544276993187	3.55489443868838	1.00197516720748	3921.9687197308	0	1.00143078227045	10614.830045784	0	NA	NA	NA	NA	NA	NA	NA	NA
146	7	7	benefit_positive_truncnorm	benefit_positive_truncnorm	continuous	1	increasing	benefit	1	1	NA	2.1402845202456	4.28347362643638	700	252	420	700	700	252	479	0.64	0.315714285714286	6.75451656561926	24	24	0	2	1	10	4	1	5000	2500	1	0.99	14	10000	101145	0.6881	1	1.32305378334135	-4.02792268765197	1.40204924173032	6.51999636215389	10.5479190498059	2.59107076285488	1.27882148575786	2.59347811277418	3.90343176556409	2.62461027980623	0.629685971965663	1.79217455366258	-9.66933093331831	1.70038366946794	12.8208104350511	22.4901413683694	0.0797	0.999699939987998	4.90005304457966	2.10510869474684	4.93026858576083	7.58371296745036	5.47860427270352	2e-04	NA	NA	NA	NA	NA	NA	1	-0.817230736904243	0.667866077341053	1	0.450786242609282	0.203208236525795	1	-2.49129907277381	6.20657107000364	1	0.616579418143273	0.380170178877897	1.00207829055339	4395.20059764498	0	1.00134922209556	6859.34568021972	0	NA	NA	NA	NA	NA	NA	NA	NA
154	7	7	benefit_positive_truncnorm	benefit_positive_truncnorm	continuous	1	increasing	benefit	1	1	NA	1.49726180691793	2.51707803383092	700	252	420	700	700	252	526	0.64	0.248571428571429	6.00702554789986	24	24	0	2	1	10	4	1	5000	2500	1	0.99	14	10000	101153	0.7236	0.94	1.66195456460312	-4.07977027832282	1.73358883201703	6.95618895996155	11.0359592382844	1.03666590237178	-0.261118553161183	1.03708106266796	2.32856901872168	2.58968757188286	0.788546255506608	3.63565693446313	-7.79698784601583	3.45469266645731	14.3055055981014	22.1024934441173	0.0466	0.8617	1.54360446668912	-1.24043555997624	1.62469069644809	4.13876689379256	5.37920245376881	0	NA	NA	NA	NA	NA	NA	1	0.164692757685195	0.0271237044339543	1	-0.460595904546146	0.212148587284682	1	1.11857890063221	1.25121875693956	1	-0.973473567141803	0.947650785923787	1.00147212087532	4206.32786542963	0	1.00134882431327	11324.5692483791	0	NA	NA	NA	NA	NA	NA	NA	NA
86	7	7	benefit_positive_truncnorm	benefit_positive_truncnorm	continuous	1	increasing	benefit	1	1	NA	2.50382600169405	5.26971809936112	700	252	420	700	700	252	487	0.64	0.304285714285714	6.28985317462774	24	24	0	2	1	10	4	1	5000	2500	1	0.99	14	10000	101085	0.7305	0.9997	1.64504641784707	-3.7416100958351	1.67403041297143	6.89237405705711	10.6339841528922	2.49451886827088	1.19080808217082	2.4987013901326	3.79301520697526	2.60220712480444	0.686522391257767	2.53620818662744	-8.39724801581086	2.39351462705163	13.1696879694543	21.5669359852652	0.0666	0.9997	4.70504473279489	1.89330187635369	4.71788865191605	7.53966676373292	5.64636488737923	0	NA	NA	NA	NA	NA	NA	1	-0.858779583846975	0.737502373632383	1	-0.00930713342316425	8.66227325565811e-05	1	-2.73350991273368	7.47207644301331	1	-0.56467336656624	0.318856010909251	1.00204439896155	4357.99559012062	0	1.00136604988982	9819.9779068413	0	NA	NA	NA	NA	NA	NA	NA	NA
145	7	7	benefit_positive_truncnorm	benefit_positive_truncnorm	continuous	1	increasing	benefit	1	1	NA	2.43791889338995	5.20790226801015	700	252	420	700	700	252	455	0.64	0.35	7.32797224011205	24	24	0	2	1	10	4	1	5000	2500	1	0.99	14	10000	101144	0.728	0.9995	1.54753547983312	-3.50281381873687	1.58675746387282	6.44178634449422	9.94460016323108	2.27996993372818	0.961091419251957	2.2845547056564	3.59286928893201	2.63177786968005	0.701043382756727	2.65050753205018	-7.78579253394371	2.41008602525677	12.8180392815236	20.6038318154673	0.0895	0.998999199359488	6.92209671733908	2.12497334533227	6.57893369334864	11.8746746337457	9.74970128841344	8e-04	NA	NA	NA	NA	NA	NA	1	-0.890383413556837	0.792782623137125	1	-0.157948959661773	0.0249478738582364	1	-2.55739473595996	6.54026783551573	1	1.71419444932893	2.93846261011012	1.00149926290388	4088.97935052113	0	1.00146493075835	11042.5824233911	0	NA	NA	NA	NA	NA	NA	NA	NA
161	7	7	benefit_positive_truncnorm	benefit_positive_truncnorm	continuous	1	increasing	benefit	1	1	NA	1.66898799348669	2.90541585369	700	252	420	700	700	252	465	0.64	0.335714285714286	7.25701685443338	24	24	0	2	1	10	4	1	5000	2500	1	0.99	14	10000	101160	0.6788	0.9953	1.19370750886972	-3.88044542097933	1.21494571650906	6.05915586035587	9.9396012813352	1.81560463916239	0.476273425618085	1.81498759224669	3.15901125405448	2.6827378284364	0.633667684256433	1.7556180054331	-9.18060450544493	1.6724005482907	12.1255869367213	21.3061914421662	0.0828	0.969296929692969	4.58349301417817	-0.17946525152645	4.506022414508	9.45139604191883	9.63086129344528	1e-04	NA	NA	NA	NA	NA	NA	1	-0.475280484616976	0.225891539057747	1	0.146616645675702	0.0214964407891944	1	-1.14979784825691	1.32203509185622	1	1.67807716048817	2.81594295655202	1.0015115514621	4269.14233755355	0	1.00170239081931	9939.20793470306	0	NA	NA	NA	NA	NA	NA	NA	NA
84	7	7	benefit_positive_truncnorm	benefit_positive_truncnorm	continuous	1	increasing	benefit	1	1	NA	1.75389930565655	3.15458884726623	700	252	420	700	700	252	476	0.64	0.32	7.41998525518826	24	24	0	2	1	10	4	1	5000	2500	1	0.99	14	10000	101083	0.734	0.9997	1.56121855415513	-3.34397635514317	1.60555511604559	6.32212736462427	9.66610371976744	2.33561907204395	1.04681433833644	2.33330758417699	3.6155505448139	2.56873620647746	0.654937321310754	2.03007074894812	-8.76007148612664	1.93733227182163	12.1878099250202	20.9478814111469	0.0906	0.9896	4.33507334699621	0.606784406997737	4.31217483326662	8.15464682052855	7.54786241353081	0	NA	NA	NA	NA	NA	NA	1	-0.192680751501421	0.0371258719991523	1	0.581719766387394	0.338397886605804	1	-1.12451809831811	1.26454095344498	1	1.18048449972998	1.39354365410273	1.00195002713546	4477.76906999185	0	1.0015758045374	9289.14294531244	0	NA	NA	NA	NA	NA	NA	NA	NA
185	7	7	benefit_positive_truncnorm	benefit_positive_truncnorm	continuous	1	increasing	benefit	1	1	NA	1.32468049725554	2.25892708484772	700	252	420	700	700	252	489	0.64	0.301428571428571	6.04800941617126	24	24	0	2	1	10	4	1	5000	2500	1	0.99	14	10000	101184	0.3092	0.971	-1.26281135036215	-6.09235642737783	-1.34331546563166	4.02964453930248	10.1220009666803	1.23713945232927	-0.0393617191118682	1.23375401078804	2.55204024395708	2.59140196306895	0.173388773388773	-3.97578092422214	-14.211622507578	-3.71216377738175	6.66134288963661	20.8729653972146	0.038	0.8578	1.73578652271804	-1.47187498758478	1.68957033861198	5.20605001876921	6.67792500635399	0	NA	NA	NA	NA	NA	NA	1	-2.58749184761769	6.69511406148801	1	-0.0875410449262657	0.00766343454678247	1	-6.23470800906986	38.8715839583598	1	-0.523140562129683	0.273676047745361	1.00204210897368	4361.94193631601	0	1.00167779829523	9030.8582171596	0	NA	NA	NA	NA	NA	NA	NA	NA
131	7	7	benefit_positive_truncnorm	benefit_positive_truncnorm	continuous	1	increasing	benefit	1	1	NA	1.05842509816547	1.54819088902075	700	252	420	700	700	252	489	0.64	0.301428571428571	7.52697398818477	24	24	0	2	1	10	4	1	5000	2500	1	0.99	14	10000	101130	0.5978	0.9961	0.620195634479549	-4.3273013228739	0.648859957827587	5.64090977505381	9.96821109792771	1.72291709585338	0.463020578923847	1.71533757649603	2.9679002605221	2.50487968159825	0.551946631671041	0.740571352781152	-10.0143306780342	0.6851860285555	11.481701521645	21.4960321996792	0.0856	0.9912	3.03311144178668	0.539982915638364	2.93387237624293	6.0515855814096	5.51160266577124	0	NA	NA	NA	NA	NA	NA	1	-0.438229463685924	0.192045062842453	1	0.664491997687907	0.441549614991266	1	-0.807619536239602	0.65224931531587	1	1.48492055276593	2.20498904802666	1.00171779586623	4035.64434018188	0	1.00176879478178	9336.88128516545	0	NA	NA	NA	NA	NA	NA	NA	NA
85	7	7	benefit_positive_truncnorm	benefit_positive_truncnorm	continuous	1	increasing	benefit	1	1	NA	2.44718474256094	4.57019581225162	700	252	420	700	700	252	475	0.64	0.321428571428571	7.3541760011079	24	24	0	2	1	10	4	1	5000	2500	1	0.99	14	10000	101084	0.6869	1	1.26102727223013	-3.83857974193784	1.30735901890968	6.11535077118935	9.95393051312718	2.33263631585601	1.0470968643258	2.34107711612786	3.6344361323211	2.5873392679953	0.646245919477693	1.86488411354998	-9.03240502400103	1.76813443983218	12.107988800796	21.1403938247971	0.081	0.999799979998	5.07290593523072	1.6965966106718	4.99222438015825	8.90084530929797	7.20424869862617	1e-04	NA	NA	NA	NA	NA	NA	1	-1.18615747033082	1.4069695444216	1	-0.114548426704934	0.0131213420605756	1	-2.70531169870164	7.31871138713197	1	0.5027101229791	0.252717467745662	1.00179508407643	4787.32647632299	0	1.00162481103848	10833.0722078292	0	NA	NA	NA	NA	NA	NA	NA	NA
99	7	7	benefit_positive_truncnorm	benefit_positive_truncnorm	continuous	1	increasing	benefit	1	1	NA	2.12982238521467	4.18187673032018	700	252	420	700	700	252	475	0.64	0.321428571428571	7.0877875263186	24	24	0	2	1	10	4	1	5000	2500	1	0.99	14	10000	101098	0.7003	0.9999	1.30311874720357	-3.52860968103461	1.33117294145182	6.03680122121947	9.56541090225407	2.27572059718531	0.966302658484072	2.27967794386972	3.55382099177772	2.58751833329365	0.687076988155668	2.24631249571922	-8.12737811247008	2.00897407889663	12.5287380605338	20.6561161730039	0.0544	0.998	5.36794293294594	1.59322748773331	5.2659135858768	9.42050661838674	7.82727913065343	0	NA	NA	NA	NA	NA	NA	1	-0.826703638011098	0.683438905100784	1	0.145898211970646	0.0212862882562316	1	-1.93556423460095	3.74640890626637	1	1.18606620262577	1.40675303701111	1.00130791896551	4234.7401805572	0	1.00166117853994	11013.5338002248	0	NA	NA	NA	NA	NA	NA	NA	NA
83	7	7	benefit_positive_truncnorm	benefit_positive_truncnorm	continuous	1	increasing	benefit	1	1	NA	1.85105514351836	3.23747985480806	700	252	420	700	700	252	485	0.64	0.307142857142857	7.0584047233109	24	24	0	2	1	10	4	1	5000	2500	1	0.99	14	10000	101082	0.7843	0.9999	2.04049693754686	-3.03222241283424	2.11666810266523	6.90804166632567	9.94026407915991	2.69906589220728	1.43737550120032	2.70292199289599	3.93949613359723	2.5021206323969	0.72800447177194	3.00614276541632	-7.82982116616881	2.92651883166835	12.9413169329299	20.7711380990987	0.1055	0.9992	5.44053006832655	2.10032086971805	5.56773458646549	8.58324314567955	6.4829222759615	0	NA	NA	NA	NA	NA	NA	1	0.189441794028504	0.0358881933247381	1	0.848010748688926	0.719122229891953	1	-0.231337089391737	0.0535168489282407	1	2.2030502135185	4.85343024328389	1.00126015181851	4541.09467858498	0	1.00123366339624	10426.8634456828	0	NA	NA	NA	NA	NA	NA	NA	NA
98	7	7	benefit_positive_truncnorm	benefit_positive_truncnorm	continuous	1	increasing	benefit	1	1	NA	2.07046333803706	3.70461499278846	700	252	420	700	700	252	497	0.64	0.29	5.95833807330524	24	24	0	2	1	10	4	1	5000	2500	1	0.99	14	10000	101097	0.6196	0.9965	0.847366516389549	-4.78719660791936	0.918211007874161	6.39880101627716	11.1859976241965	1.81626673628912	0.497273623790917	1.81142405734706	3.13284153209684	2.63556790830592	0.578086584714057	1.14712042205989	-10.6302070375091	1.03841329807688	12.6519584725571	23.2821655100662	0.0645	0.9123	2.24049431709878	-0.982110439654758	2.33099256388471	5.09093620729548	6.07304664695023	0	NA	NA	NA	NA	NA	NA	1	-1.22309682164751	1.49596583512423	1	-0.254196601747932	0.0646159123401969	1	-2.55749457072857	6.54077847930611	1	-1.46412067568967	2.14364935298198	1.00133257419867	4357.46026012194	0	1.00228092265935	9737.66606476545	0	NA	NA	NA	NA	NA	NA	NA	NA
133	7	7	benefit_positive_truncnorm	benefit_positive_truncnorm	continuous	1	increasing	benefit	1	1	NA	2.43206076225096	4.91225065351053	700	252	420	700	700	252	484	0.64	0.308571428571429	6.98050476548755	24	24	0	2	1	10	4	1	5000	2500	1	0.99	14	10000	101132	0.5445	0.9621	0.30693047223007	-5.01866690827086	0.325390091207985	5.73095759665248	10.7496245049233	1.19252795942018	-0.121492484534323	1.19584620944785	2.4857052693894	2.60719775392372	0.52791434502349	0.371921489798373	-10.7802764622433	0.386069759372248	11.8535134824677	22.633789944711	0.0847	0.9132	2.16903810711915	-0.828953215484144	2.06713251380401	5.61979557243431	6.44874878791846	0	NA	NA	NA	NA	NA	NA	1	-2.12513029002089	4.51617874956426	1	-1.23953280283078	1.53644156929352	1	-4.54032916371215	20.6145889148551	1	-2.74321254639137	7.52521507467903	1.00205949820369	4276.32985912275	0	1.00180864942801	10509.2927525776	0	NA	NA	NA	NA	NA	NA	NA	NA
130	7	7	benefit_positive_truncnorm	benefit_positive_truncnorm	continuous	1	increasing	benefit	1	1	NA	2.14332871874866	4.69337966864975	700	252	420	700	700	252	469	0.64	0.33	7.38358077074898	24	24	0	2	1	10	4	1	5000	2500	1	0.99	14	10000	101129	0.6863	1	1.21503861918947	-3.71218510742657	1.23169154561647	6.04143787718269	9.75362298460926	2.88425846379006	1.5782885033754	2.89225448336471	4.17388372265088	2.59559521927548	0.603205757278377	1.39930048001507	-9.45701331518102	1.25667367359768	11.7893491224247	21.2463624376057	0.0829	0.999899949974988	6.43458607678422	2.67087628998886	6.3483357308329	10.62529610704	7.9544198170511	5e-04	NA	NA	NA	NA	NA	NA	1	-0.928290099559191	0.861722508939612	1	0.740929745041395	0.548976887087106	1	-3.29407918863468	10.8509577009961	1	1.74120640813447	3.03179975572854	1.00237972966352	4517.90151352383	0	1.00120220824681	10975.3808858947	0	NA	NA	NA	NA	NA	NA	NA	NA
132	7	7	benefit_positive_truncnorm	benefit_positive_truncnorm	continuous	1	increasing	benefit	1	1	NA	2.57825597017149	5.37477095779703	700	252	420	700	700	252	476	0.64	0.32	7.23957124414589	24	24	0	2	1	10	4	1	5000	2500	1	0.99	14	10000	101131	0.7659	0.999	1.82899215154672	-3.22315536796713	1.8538451481078	6.60449512433876	9.82765049230589	2.1827426201605	0.867141753397369	2.18197374181958	3.49468877578234	2.62754702238497	0.718952099090212	2.85016480272989	-7.36136123165506	2.70506203205843	12.8270600483885	20.1884212800436	0.0877	0.9978	5.3497390663974	2.01177246838558	5.29977672214055	8.80958659235016	6.79781412396458	0	NA	NA	NA	NA	NA	NA	1	-0.749263818624771	0.561396269900174	1	-0.395513350010994	0.156430810036919	1	-2.52460615506715	6.37363623820293	1	-0.0250318913996299	0.000626595587042866	1.00113869346059	4487.92784731151	0	1.00159732784824	6080.62604852258	0	NA	NA	NA	NA	NA	NA	NA	NA
155	7	7	benefit_positive_truncnorm	benefit_positive_truncnorm	continuous	1	increasing	benefit	1	1	NA	1.62743631009607	2.70539954385712	700	252	420	700	700	252	476	0.64	0.32	7.310036791669	24	24	0	2	1	10	4	1	5000	2500	1	0.99	14	10000	101154	0.564	0.8921	0.399237929317967	-4.40666529269198	0.417613997840561	5.20740679431482	9.61407208700679	0.812688970519503	-0.461494836554728	0.818230518139249	2.07940483356802	2.54089967012275	0.550080862533693	0.608187846077465	-10.0282375079668	0.548704428569092	11.0045548914183	21.0327923993852	0.0725	0.8431	1.85231744749504	-1.68869589328846	1.84056430580709	5.44598414867904	7.1346800419675	0	NA	NA	NA	NA	NA	NA	1	-1.2281983807781	1.50847126254596	1	-0.814747339576568	0.663813227347095	1	-2.09721169777965	4.39829690530381	1	-0.853082096362074	0.727749063133511	1.00131298366694	4297.92893930018	0	1.00144789710722	12433.4584760774	0	NA	NA	NA	NA	NA	NA	NA	NA
127	7	7	benefit_positive_truncnorm	benefit_positive_truncnorm	continuous	1	increasing	benefit	1	1	NA	1.52431796469817	2.73753276064955	700	252	420	700	700	252	497	0.64	0.29	6.60448582553829	24	24	0	2	1	10	4	1	5000	2500	1	0.99	14	10000	101126	0.6217	0.9997	0.833646941313402	-4.47457563384238	0.8596634756877	6.11592031841157	10.5904959522539	2.31245472957198	1.03158625869672	2.31288550738534	3.6171946131542	2.58560835445748	0.574994596931057	1.00098008081858	-10.3789483712328	0.993007923095938	12.1224108858195	22.5013592570523	0.0746	0.9961	3.79765126230114	1.05549758742419	3.6387932735746	7.17183181789528	6.11633423047109	0	NA	NA	NA	NA	NA	NA	1	-0.690671023384766	0.47702646254336	1	0.788136764873808	0.621159560145751	1	-1.73655267983097	3.01561520982811	1	1.06011850165159	1.12385123754401	1.00149560649299	4404.71164882921	0	1.0020886844846	10862.2689873822	0	NA	NA	NA	NA	NA	NA	NA	NA
157	7	7	benefit_positive_truncnorm	benefit_positive_truncnorm	continuous	1	increasing	benefit	1	1	NA	1.83465567708045	3.10219728956679	700	252	420	700	700	252	477	0.64	0.318571428571429	7.01454822985054	24	24	0	2	1	10	4	1	5000	2500	1	0.99	14	10000	101156	0.8595	0.9876	2.86079712967659	-2.39374645507441	2.935811809005	7.60896264779037	10.0027091028648	1.50799576896702	0.207328071976054	1.51370505160302	2.80240536746782	2.59507729549176	0.916603651290915	5.45075136242111	-4.02409582397915	5.03204686207867	14.7551570950382	18.7792529190173	0.0743	0.9668	3.04631518716107	-0.210720801473841	3.0958354169197	6.36998387058065	6.58070467205449	0	NA	NA	NA	NA	NA	NA	1	1.02614145259614	1.05296628073612	1	-0.326659908113428	0.106706695568673	1	2.34855407285432	5.51570623312061	1	-0.0558821024057177	0.00312280936928312	1.00128395315617	4746.9381492483	0	1.00131414347183	12912.2219063604	0	NA	NA	NA	NA	NA	NA	NA	NA
128	7	7	benefit_positive_truncnorm	benefit_positive_truncnorm	continuous	1	increasing	benefit	1	1	NA	1.46878810931541	2.50311414137508	700	252	420	700	700	252	491	0.64	0.298571428571429	6.42333611443378	24	24	0	2	1	10	4	1	5000	2500	1	0.99	14	10000	101127	0.5442	0.9928	0.327642618180151	-4.92329932571899	0.316639305535292	5.61051068438082	10.5338100100998	1.68110867316569	0.368402830206366	1.68373848436034	2.97234715838387	2.6039443281775	0.54081851296336	0.538743036142552	-10.8671276726757	0.524799170211331	11.694215998047	22.5613436707227	0.0666	0.9206	2.38472128222708	-0.683832779208412	2.25735219447017	6.72831050280357	7.41214328201198	0	NA	NA	NA	NA	NA	NA	1	-1.14114549113526	1.30221303193834	1	0.21232056385028	0.045080021833701	1	-1.96437110523253	3.85875383907246	1	-0.118392859147994	0.0140168690972368	1.00115172985775	4678.86477515203	0	1.00219717353248	11133.4392764797	0	NA	NA	NA	NA	NA	NA	NA	NA
195	7	7	benefit_positive_truncnorm	benefit_positive_truncnorm	continuous	1	increasing	benefit	1	1	NA	2.07120494483332	4.28586567927439	700	252	420	700	700	252	479	0.64	0.315714285714286	6.6199607054483	24	24	0	2	1	10	4	1	5000	2500	1	0.99	14	10000	101194	0.5083	0.9583	0.06846693393884	-5.11146346614441	0.0614079437459596	5.34676306628939	10.4582265324338	1.14630529295706	-0.156146189006502	1.14777489529027	2.43695918787418	2.59310537688068	0.517163698777086	0.213445468261583	-11.0665477884142	0.19723496632781	11.5067562065771	22.5733039949913	0.0678	0.931	2.58255325624627	-0.913648238414561	2.40561214459043	6.76144135745535	7.67508959586991	0	NA	NA	NA	NA	NA	NA	1	-2.00273801089448	4.01095954028157	1	-0.924899651876258	0.855439366040824	1	-4.07242021101281	16.5846063750656	1	-1.70331242302812	2.90127321044194	1.00141566441607	4605.8182400152	0	1.00188688603914	7001.85213065091	0	NA	NA	NA	NA	NA	NA	NA	NA
182	7	7	benefit_positive_truncnorm	benefit_positive_truncnorm	continuous	1	increasing	benefit	1	1	NA	2.22602616303722	4.83775908915674	700	252	420	700	700	252	506	0.64	0.277142857142857	6.36712866669346	24	24	0	2	1	10	4	1	5000	2500	1	0.99	14	10000	101181	0.5581	0.9785	0.383521625328215	-4.78293014435923	0.405696111720313	5.51967568131536	10.3026058256746	1.34032813564664	0.0393926630898878	1.34813178048179	2.61336737369588	2.57397471060599	0.526528013582343	0.423928305211823	-10.5402652360323	0.270700296470869	11.7199814681917	22.2602467042241	0.0576	0.8029	1.92442047216774	-2.10405880307244	2.0182104297743	5.72276667595494	7.82682547902737	0	NA	NA	NA	NA	NA	NA	1	-1.842504537709	3.39482297147827	1	-0.885698027390579	0.784460995723562	1	-4.41383078394492	19.4819021892998	1	-2.913338616989	8.4875418972394	1.00203274399045	4492.61749875779	0	1.00287240024807	10716.4559731413	0	NA	NA	NA	NA	NA	NA	NA	NA
184	7	7	benefit_positive_truncnorm	benefit_positive_truncnorm	continuous	1	increasing	benefit	1	1	NA	1.83872316552788	3.26469509697471	700	252	420	700	700	252	497	0.64	0.29	7.37697241974678	24	24	0	2	1	10	4	1	5000	2500	1	0.99	14	10000	101183	0.7079	0.9952	1.32991331045235	-3.49947072389983	1.35879143860694	5.96015339053581	9.45962411443564	1.67976487468544	0.409229859176746	1.68246256319285	2.93656684181304	2.52733698263629	0.669528818289149	2.12636093638439	-8.50400186696015	2.04880929698982	12.1760271825606	20.6800290495208	0.0683	0.9821	2.58713836972001	0.136641919772405	2.48635193057225	5.50977913390332	5.37313721413091	0	NA	NA	NA	NA	NA	NA	1	-0.508809855075531	0.258887468621983	1	-0.158958290842445	0.0252677382275515	1	-1.13833416059031	1.29580466116685	1	-0.677556727254696	0.459083118648094	1.00137762608932	4408.48298541365	0	1.00183060876211	11030.7135131497	0	NA	NA	NA	NA	NA	NA	NA	NA
183	7	7	benefit_positive_truncnorm	benefit_positive_truncnorm	continuous	1	increasing	benefit	1	1	NA	2.35286588386172	4.45984684603784	700	252	420	700	700	252	468	0.64	0.331428571428571	7.49262160093854	24	24	0	2	1	10	4	1	5000	2500	1	0.99	14	10000	101182	0.6525	1	1.00436618749963	-4.0008768110696	1.00076407988732	5.97589485867372	9.97677166974332	2.35346794300251	1.07208874292174	2.35497148815784	3.6447920235303	2.57270328060856	0.595049504950495	1.25298508288359	-9.60575870123531	1.16590749374638	11.6900621685789	21.2958208698142	0.091	0.999299929992999	5.49293011309346	1.85632016408999	5.32520200543114	10.1703534605903	8.31403329650027	1e-04	NA	NA	NA	NA	NA	NA	1	-1.34849969636209	1.81845143108865	1	0.000602059140791589	3.62475209010706e-07	1	-3.20686176315425	10.2839623679808	1	1.03308326705562	1.06726103667032	1.00145112578911	4481.47993287463	0	1.00179324594603	11120.5490891627	0	NA	NA	NA	NA	NA	NA	NA	NA
135	7	7	benefit_positive_truncnorm	benefit_positive_truncnorm	continuous	1	increasing	benefit	1	1	NA	2.0872309478712	3.98365658029391	700	252	420	700	700	252	489	0.64	0.301428571428571	6.08197542328569	24	24	0	2	1	10	4	1	5000	2500	1	0.99	14	10000	101134	0.6246	0.9998	0.85587137145892	-4.42118448413088	0.858253537024143	5.95460163836918	10.3757861225001	2.56592657628033	1.2558788106548	2.57026525154515	3.85280594354057	2.59692713288576	0.564627994955864	0.88002120076804	-10.3427867460269	0.833815260535609	11.8934707175039	22.2362574635308	0.0484	0.9975	4.28332785663997	1.23204406608284	4.2716092815209	8.06404881551951	6.83200474943667	0	NA	NA	NA	NA	NA	NA	1	-1.23135957641228	1.51624640642223	1	0.478695628409132	0.229149504658014	1	-3.10363537952587	9.63255256904472	1	0.299671276346054	0.0898028738668728	1.00167087000661	4457.27638212635	0	1.00140882254841	11301.9626649451	0	NA	NA	NA	NA	NA	NA	NA	NA
141	7	7	benefit_positive_truncnorm	benefit_positive_truncnorm	continuous	1	increasing	benefit	1	1	NA	1.23287800162588	2.18371483650516	700	252	420	700	700	252	468	0.64	0.331428571428571	7.1418597183693	24	24	0	2	1	10	4	1	5000	2500	1	0.99	14	10000	101140	0.3712	0.5589	-0.788822642193831	-5.5325928791156	-0.780975848098741	4.1423341955507	9.6749270746663	0.104490279437628	-1.22723011358146	0.109387312567771	1.45582031794392	2.68305043152539	0.37323349504324	-1.42948620957252	-11.5978595092719	-1.35311044470102	9.41341958887575	21.0112790981477	0.0518	0.4034	-0.261745246541673	-3.0704261399853	-0.350084371169623	2.90515170560411	5.9755778455894	0	NA	NA	NA	NA	NA	NA	1	-2.02170064381971	4.08727349322104	1	-1.12838772218825	1.27325885158519	1	-3.61320104607768	13.0552217993768	1	-2.44546008304683	5.9802750177754	1.00137269866906	4705.23659654007	0	1.00191258191507	9865.94456719733	0	NA	NA	NA	NA	NA	NA	NA	NA
156	7	7	benefit_positive_truncnorm	benefit_positive_truncnorm	continuous	1	increasing	benefit	1	1	NA	1.6990952127486	3.10209955961056	700	252	420	700	700	252	473	0.64	0.324285714285714	7.03200144173422	24	24	0	2	1	10	4	1	5000	2500	1	0.99	14	10000	101155	0.3389	0.8284	-1.03493755697401	-5.79348336117604	-1.08585011917582	3.93294805964267	9.72643142081871	0.626862984453751	-0.722193479152004	0.628975396556621	1.93594054379943	2.65813402295144	0.250266581360631	-3.02476479395913	-13.2770774515139	-2.86565080124073	7.91136114633101	21.1884385978449	0.0622	0.7602	1.18516101743726	-2.35743950676479	1.20813242843129	4.45300424928921	6.810443756054	0	NA	NA	NA	NA	NA	NA	1	-2.73403276972262	7.47493518591713	1	-1.07223222829485	1.14968195139415	1	-6.12686435356969	37.5384668070429	1	-1.9169385421733	3.67465337446951	1.00160032086528	4579.57217288241	0	1.00186758559062	8428.97910948051	0	NA	NA	NA	NA	NA	NA	NA	NA
192	7	7	benefit_positive_truncnorm	benefit_positive_truncnorm	continuous	1	increasing	benefit	1	1	NA	2.67253324419719	5.23153249122473	700	252	420	700	700	252	486	0.64	0.305714285714286	6.86702402561664	24	24	0	2	1	10	4	1	5000	2500	1	0.99	14	10000	101191	0.8052	1	2.42881493355306	-3.05259034451004	2.46546294089434	7.71201191150493	10.764602256015	3.38409572287852	2.10447675037974	3.38956325870995	4.65126419681388	2.54678744643414	0.719624101713654	3.02931008716763	-8.30045027215242	2.94017913206306	13.6579550533744	21.9584053255268	0.0955	1	6.78046058386555	3.22675589596087	6.55845092052559	10.881824482408	7.65506858644709	0	NA	NA	NA	NA	NA	NA	1	-0.243718310644138	0.0593986149432325	1	0.711562478681326	0.506321161067112	1	-2.2022224040571	4.84978351693102	1	1.54892809264082	2.39917823617192	1.00167146330476	4627.07819585817	0	1.00175999259188	11449.2061868527	0	NA	NA	NA	NA	NA	NA	NA	NA
189	7	7	benefit_positive_truncnorm	benefit_positive_truncnorm	continuous	1	increasing	benefit	1	1	NA	1.3910440825199	2.20138065680481	700	252	420	700	700	252	475	0.64	0.321428571428571	6.50636977593443	24	24	0	2	1	10	4	1	5000	2500	1	0.99	14	10000	101188	0.7113	0.9997	1.49540951179415	-3.73152804411413	1.49364056133074	6.62174860432019	10.3532766484343	2.10144469348849	0.782542551923585	2.10813949409724	3.40740158693818	2.6248590350146	0.660521776627857	2.22612289757519	-8.74126138035535	2.05270038591716	12.8855987030199	21.6268600833753	0.0724	0.9694	3.60895379505307	-0.182807040664896	3.41910403138206	8.38485352245017	8.56766056311506	0	NA	NA	NA	NA	NA	NA	1	0.10436542927425	0.0108921428275984	1	0.710400610968584	0.504669028064538	1	0.024742240770379	0.000612178478339405	1	1.40757313824827	1.98126213951807	1.00118042074585	4208.02038144742	0	1.00347945620278	11050.8152279717	0	NA	NA	NA	NA	NA	NA	NA	NA
193	7	7	benefit_positive_truncnorm	benefit_positive_truncnorm	continuous	1	increasing	benefit	1	1	NA	2.46827562914771	4.94898695299607	700	252	420	700	700	252	461	0.64	0.341428571428571	8.2297168921244	24	24	0	2	1	10	4	1	5000	2500	1	0.99	14	10000	101192	0.6867	1	1.12506044135804	-3.43588260513803	1.13563065546206	5.60834494771643	9.04422755285446	2.90437409750622	1.6259794327534	2.89911717453511	4.1798508616305	2.5538714288771	0.576344323965479	0.961130788137104	-9.13198021611903	0.859242015514641	11.0789707479339	20.210950964053	0.0962	1	6.47847430874743	2.90866492039235	6.51240401328818	9.88787116044709	6.97920624005474	6e-04	NA	NA	NA	NA	NA	NA	1	-1.34321518778967	1.80422704070885	1	0.436098468358511	0.190181874104639	1	-3.98785616485897	15.9029967916037	1	1.52948735575136	2.33933157140328	1.00148534680522	4400.99116426304	0	1.00146102664131	9526.3948810678	0	NA	NA	NA	NA	NA	NA	NA	NA
158	7	7	benefit_positive_truncnorm	benefit_positive_truncnorm	continuous	1	increasing	benefit	1	1	NA	2.28354196506528	4.17267913055382	700	252	420	700	700	252	482	0.64	0.311428571428571	6.81101082794321	24	24	0	2	1	10	4	1	5000	2500	1	0.99	14	10000	101157	0.8021	1	2.30934461921877	-3.31355747880136	2.38953217798382	7.53150581183404	10.8450632906354	2.75902601542261	1.46367922539769	2.7637720737472	4.0306914399311	2.56701221453341	0.756854178044784	3.63380569199546	-7.21459610470417	3.5071106307529	14.0353631785192	21.2499592832234	0.0845	0.9997	4.40323167770046	1.87743086946862	4.3503735393245	7.43935076092888	5.56191989146026	0	NA	NA	NA	NA	NA	NA	1	0.0258026541534915	0.000665776961364691	1	0.475484050357335	0.226085082144217	1	-0.538873438558352	0.290384582783702	1	0.230552547146641	0.0531544769958042	1.00110411293828	4411.68824350322	0	1.00214750561031	6916.00448251237	0	NA	NA	NA	NA	NA	NA	NA	NA
196	7	7	benefit_positive_truncnorm	benefit_positive_truncnorm	continuous	1	increasing	benefit	1	1	NA	2.19251695668932	4.01993802988534	700	252	420	700	700	252	481	0.64	0.312857142857143	7.49894461050488	24	24	0	2	1	10	4	1	5000	2500	1	0.99	14	10000	101195	0.7833	0.9977	1.97378249190584	-3.13379733340834	2.03342346706764	6.77724337025942	9.91104070366776	1.86361768013191	0.574964879376938	1.86632428903298	3.12414571777304	2.5491808383961	0.740521586675433	3.23816185864601	-7.13365839546325	3.02847480623949	13.0696602753913	20.2033186708546	0.0874	0.9774	3.74265098489353	0.0922900171380292	3.83602317628804	6.98945307810241	6.89716306096438	0	NA	NA	NA	NA	NA	NA	1	-0.218734464783475	0.0478447660841132	1	-0.328899276557407	0.108174734119986	1	-0.781776171239329	0.611173981917625	1	-0.277287044991808	0.0768881053202889	1.00151030143553	4209.90402753898	0	1.00180474932386	12301.4787168917	0	NA	NA	NA	NA	NA	NA	NA	NA
174	7	7	benefit_positive_truncnorm	benefit_positive_truncnorm	continuous	1	increasing	benefit	1	1	NA	2.07124519201217	3.84808964829527	700	252	420	700	700	252	478	0.64	0.317142857142857	7.09699943749351	24	24	0	2	1	10	4	1	5000	2500	1	0.99	14	10000	101173	0.7718	0.9999	1.85638162030621	-3.15661643129355	1.88583295242689	6.6524134553938	9.80902988668735	2.49414635455109	1.20049415568249	2.49492609651193	3.78725029131392	2.58675613563144	0.764451647757969	3.44470510052944	-7.00121355861217	3.23082139264503	13.4220316243773	20.4232451829894	0.0745	0.9998	5.80583360693016	2.37917004335544	5.93488568412345	9.08431836145107	6.70514831809563	0	NA	NA	NA	NA	NA	NA	1	-0.214863571705963	0.0461663544462435	1	0.422901162538918	0.178845393276768	1	-0.403384547765831	0.162719093376244	1	1.95774395863489	3.83276140757142	1.00167828651713	4676.39700140653	0	1.00107447384742	9316.33005344586	0	NA	NA	NA	NA	NA	NA	NA	NA
142	7	7	benefit_positive_truncnorm	benefit_positive_truncnorm	continuous	1	increasing	benefit	1	1	NA	2.29407672221259	5.48349019854308	700	252	420	700	700	252	479	0.64	0.315714285714286	7.12565624421666	24	24	0	2	1	10	4	1	5000	2500	1	0.99	14	10000	101141	0.629	0.9997	0.794557725975309	-4.07510818487503	0.80629318828424	5.54456460537451	9.61967279024954	2.29586475396875	1.00604222120247	2.29553631722024	3.54402120365683	2.53797898245436	0.626904097833083	1.58152232781162	-9.20656551952292	1.45127691421097	12.0912760962938	21.2978416158167	0.0678	0.9955	4.80378672416766	0.981680959601242	4.82683965098018	8.86586407408509	7.88418311448384	0	NA	NA	NA	NA	NA	NA	1	-1.49951899623728	2.24855722007646	1	0.00178803175616382	3.19705756105028e-06	1	-3.90196787073146	15.2253532642206	1	-0.67970347437542	0.461996813078017	1.00161162241874	4257.07233506867	0	1.00155291179246	5980.54161153556	0	NA	NA	NA	NA	NA	NA	NA	NA
197	7	7	benefit_positive_truncnorm	benefit_positive_truncnorm	continuous	1	increasing	benefit	1	1	NA	2.29187491153013	4.74994830889083	700	252	420	700	700	252	498	0.64	0.288571428571429	6.67326800974731	24	24	0	2	1	10	4	1	5000	2500	1	0.99	14	10000	101196	0.684	0.9999	1.2950765176591	-4.06739083985756	1.31675968225864	6.52948558160987	10.5968764214674	2.30984674358641	1.00836480264616	2.30624206137584	3.61040846479603	2.60204366214987	0.608823850606094	1.51204992716771	-9.7660930349945	1.49363031430268	12.5518275901837	22.3179206251782	0.0843	0.9968	3.85587721698622	1.17895890540798	3.78696737064619	6.88590416030138	5.70694525489339	0	NA	NA	NA	NA	NA	NA	1	-0.996798393871024	0.993607038023853	1	0.0179718320562827	0.000322986747459231	1	-3.23789838172312	10.4839859303652	1	-0.894071091904612	0.799363117379505	1.00163893974574	4507.19493944304	0	1.00176831692224	9302.46760284119	0	NA	NA	NA	NA	NA	NA	NA	NA
175	7	7	benefit_positive_truncnorm	benefit_positive_truncnorm	continuous	1	increasing	benefit	1	1	NA	1.54903133943886	2.48870867196607	700	252	420	700	700	252	506	0.64	0.277142857142857	5.59999184534166	24	24	0	2	1	10	4	1	5000	2500	1	0.99	14	10000	101174	0.4366	0.9365	-0.435693904562841	-5.896448307436	-0.448993496327849	5.02895382539818	10.9254021328342	1.00297364450099	-0.294164565418934	0.999414515897115	2.31810130480144	2.61226587022037	0.468946705832984	-0.460885268300522	-12.1158691658116	-0.364463451321172	10.9650853471189	23.0809545129305	0.0468	0.6013	0.478420840969856	-1.96470815449944	0.345245441086916	3.47337370303097	5.4380818575304	0	NA	NA	NA	NA	NA	NA	1	-1.9847252440017	3.93913429417763	1	-0.546057694937871	0.298179006200861	1	-2.94959394026659	8.70010441245739	1	-2.01028783099621	4.04125716345145	1.00192262924007	4296.98048939888	0	1.00143613112069	9879.62375336743	0	NA	NA	NA	NA	NA	NA	NA	NA
140	7	7	benefit_positive_truncnorm	benefit_positive_truncnorm	continuous	1	increasing	benefit	1	1	NA	1.89641790732693	3.86878191881524	700	252	420	700	700	252	475	0.64	0.321428571428571	7.04494508698306	24	24	0	2	1	10	4	1	5000	2500	1	0.99	14	10000	101139	0.7851	0.9989	2.05404251885758	-3.19946933202064	2.14867327654382	6.87659540993884	10.0760647419595	2.11854188212887	0.800708470756765	2.12388039248293	3.40949276008475	2.60878428932798	0.772042534337616	3.57328816870825	-7.58842110209369	3.42618026572579	13.8525900626134	21.4410111647071	0.0972	0.9992	4.58250957483278	1.45472223359321	4.49974516496307	7.98412238063731	6.5294001470441	0	NA	NA	NA	NA	NA	NA	1	0.157624611530654	0.0248455181601897	1	0.22212397480194	0.0493390601818128	1	-0.295493750106983	0.087316556352288	1	0.713727656017543	0.509407166964296	1.00187691096697	4496.59192076174	0	1.00147606430913	11337.4954380055	0	NA	NA	NA	NA	NA	NA	NA	NA
166	7	7	benefit_positive_truncnorm	benefit_positive_truncnorm	continuous	1	increasing	benefit	1	1	NA	1.96324287761417	3.52398792453447	700	252	420	700	700	252	498	0.64	0.288571428571429	6.56844724908387	24	24	0	2	1	10	4	1	5000	2500	1	0.99	14	10000	101165	0.6369	0.9994	0.965015867860202	-4.31533297419244	0.977265366753042	6.16499130809231	10.4803242822847	2.29984811735566	1.00715413322541	2.3113040408557	3.59386789252448	2.58671375929907	0.581233243967828	1.09966803147206	-10.5625170270969	1.01240583730269	12.1661038116476	22.7286208387445	0.0675	0.9929	3.65625426534668	0.701578816352544	3.6234623130026	6.89075259920928	6.18917378285674	0	NA	NA	NA	NA	NA	NA	1	-0.998227009753965	0.996457163002343	1	0.33660523974149	0.113303087421426	1	-2.42431989306241	5.87732694389812	1	0.132266340812212	0.0174943849118523	1.00199049624462	4471.52243302715	0	1.00157857827426	11292.5933278167	0	NA	NA	NA	NA	NA	NA	NA	NA
165	7	7	benefit_positive_truncnorm	benefit_positive_truncnorm	continuous	1	increasing	benefit	1	1	NA	2.10181748283379	3.98182360084455	700	252	420	700	700	252	473	0.64	0.324285714285714	6.60867067916227	24	24	0	2	1	10	4	1	5000	2500	1	0.99	14	10000	101164	0.5776	0.9925	0.524106095449923	-4.74797001494174	0.543399199911589	5.65066677278787	10.3986367877296	1.61354200805826	0.281711881425194	1.61335520913417	2.9329775417835	2.65126566035831	0.541437654919711	0.622486107975981	-10.8202903565373	0.55963296463861	11.8611330732317	22.681423429769	0.0721	0.9792	3.11336432379965	0.127612824463306	3.07135403388209	6.19509563675972	6.06748281229642	0	NA	NA	NA	NA	NA	NA	1	-1.57771138738387	2.48917322188073	1	-0.488275474775527	0.238412939267266	1	-3.35933749286857	11.2851483909925	1	-0.868459277044905	0.754221515885359	1.0020680773117	4141.77328940124	0	1.0034018882725	6840.03583410086	1	NA	NA	NA	NA	NA	NA	NA	NA
143	7	7	benefit_positive_truncnorm	benefit_positive_truncnorm	continuous	1	increasing	benefit	1	1	NA	1.35572126008497	1.98694197708562	700	252	420	700	700	252	485	0.64	0.307142857142857	6.78313718632548	24	24	0	2	1	10	4	1	5000	2500	1	0.99	14	10000	101142	0.4698	0.841	-0.191290738731362	-5.38819754213575	-0.207996641594088	5.13562820461945	10.5238257467552	0.649759497820357	-0.633468004905593	0.645726156046154	1.94041456453197	2.57388256943756	0.482497019616343	-0.25957030610229	-11.4510583400467	-0.222050879183076	11.2674379333568	22.7184962734035	0.0773	0.764	0.980161418814326	-1.62209935586736	0.944383182983648	3.9435250363293	5.56562439219667	0	NA	NA	NA	NA	NA	NA	1	-1.54701199881633	2.39324612448169	1	-0.705961762264611	0.498382009779755	1	-2.24651228318791	5.04681743851417	1	-1.0067805582713	1.01360709251306	1.00174676069525	4637.99052520442	0	1.00157660169678	7208.11816112393	0	NA	NA	NA	NA	NA	NA	NA	NA
123	7	7	benefit_positive_truncnorm	benefit_positive_truncnorm	continuous	1	increasing	benefit	1	1	NA	2.82909010344874	6.00948278747374	700	252	420	700	700	252	460	0.64	0.342857142857143	7.88039519071099	24	24	0	2	1	10	4	1	5000	2500	1	0.99	14	10000	101122	0.7402	1	1.67735779832095	-3.55682706080147	1.7528810371777	6.65258932404787	10.2094163848493	2.80003111880935	1.50773322992383	2.80703813739057	4.08091646407623	2.5731832341524	0.660222879235843	2.19950979174991	-8.69085345347573	2.19383403149813	12.4145827850628	21.1054362385385	0.1206	1	6.82274411120103	3.8342906480668	6.67503566386054	11.068283098692	7.2339924506252	0.0014	NA	NA	NA	NA	NA	NA	1	-1.15173230512779	1.32648730267496	1	-0.0290589846393918	0.00084442458827241	1	-3.80997299572383	14.5158942281448	1	0.813261323727287	0.66139398067066	1.00225771362751	4399.68432987078	0	1.00103726560298	6711.01670720297	1	NA	NA	NA	NA	NA	NA	NA	NA
164	7	7	benefit_positive_truncnorm	benefit_positive_truncnorm	continuous	1	increasing	benefit	1	1	NA	1.80615958971643	3.27028741391811	700	252	420	700	700	252	490	0.64	0.3	7.3998700833331	24	24	0	2	1	10	4	1	5000	2500	1	0.99	14	10000	101163	0.6131	0.9932	0.703105619209335	-4.19790270542015	0.730990609677193	5.56502179575611	9.76292450117625	1.57270330047678	0.291655576706505	1.57671157198806	2.84397543092596	2.55231985421945	0.590091066782307	1.13590524427659	-9.52693261138775	1.0285282420034	11.5924049056358	21.1193375170236	0.0776	0.9865	2.36995234557401	0.258442217216581	2.35027684729901	4.64733198032493	4.38888976310835	0	NA	NA	NA	NA	NA	NA	1	-1.1030539705071	1.21672806185147	1	-0.233456289239651	0.0545018389855477	1	-2.13438216964152	4.55558724608362	1	-0.900335068344099	0.810603235290173	1.00140490555507	4402.89922421005	0	1.00163492398441	7445.25779094085	0	NA	NA	NA	NA	NA	NA	NA	NA
121	7	7	benefit_positive_truncnorm	benefit_positive_truncnorm	continuous	1	increasing	benefit	1	1	NA	1.20584020836486	1.84467381563614	700	252	420	700	700	252	505	0.64	0.278571428571429	5.87401378415943	24	24	0	2	1	10	4	1	5000	2500	1	0.99	14	10000	101120	0.6075	0.9816	0.781640474689061	-4.88667730994527	0.789368482096934	6.24941625343634	11.1360935633816	1.37592934382869	0.0922177641783638	1.377397178833	2.68698743919062	2.59476967501226	0.582478632478633	1.15885192778912	-10.5411378784193	1.03968047386563	12.6356669613153	23.1768048397346	0.064	0.952	1.91070073623494	-0.338605382035673	1.78545344625838	4.58162214447553	4.9202275265112	0	NA	NA	NA	NA	NA	NA	1	-0.424199733675797	0.179945414050617	1	0.170089135463836	0.0289303140028353	1	-0.685821887847017	0.470351661850046	1	0.066026920598798	0.00435955424375998	1.00156966452937	4077.57039539003	0	1.00179262693384	9966.97552026887	0	NA	NA	NA	NA	NA	NA	NA	NA
170	7	7	benefit_positive_truncnorm	benefit_positive_truncnorm	continuous	1	increasing	benefit	1	1	NA	2.21583902145771	4.57082250223905	700	252	420	700	700	252	453	0.64	0.352857142857143	7.93337316608468	24	24	0	2	1	10	4	1	5000	2500	1	0.99	14	10000	101169	0.6076	0.9948	0.690482978266501	-4.28377633634352	0.717635344256408	5.67707308242822	9.96084941877174	1.73434426969142	0.409674157222066	1.73389164712176	3.0454162269486	2.63574206972653	0.572473553905019	0.957507439661779	-10.0622748333886	0.887201246985713	11.6557697045076	21.7180445378962	0.1114	0.9967	5.69762533042749	1.58552465994263	5.8853721259675	9.03877905409557	7.45325439415294	0	NA	NA	NA	NA	NA	NA	1	-1.52535604319121	2.32671105849996	1	-0.481494751766298	0.231837195978489	1	-3.61331506257727	13.0560457414478	1	1.12680282818844	1.26968461361346	1.00105648868181	4526.16934303788	0	1.00199025926439	6310.42850013852	0	NA	NA	NA	NA	NA	NA	NA	NA
194	7	7	benefit_positive_truncnorm	benefit_positive_truncnorm	continuous	1	increasing	benefit	1	1	NA	1.84132818425534	3.87488687925697	700	252	420	700	700	252	487	0.64	0.304285714285714	6.48916838295647	24	24	0	2	1	10	4	1	5000	2500	1	0.99	14	10000	101193	0.6193	0.999	0.820655043612232	-4.48861210659095	0.838886521556175	5.97018950163869	10.4588016082296	2.03013412461493	0.742335573613595	2.0331496677861	3.34042501134871	2.59808943773511	0.578533749596297	1.06448665267576	-10.5873302156744	1.02966908549778	12.2449533004959	22.8322835161703	0.0711	0.9934	3.43199534852313	0.63807358737467	3.48032611525329	6.66403995557701	6.02596636820234	0	NA	NA	NA	NA	NA	NA	1	-1.02067314064311	1.04177366003027	1	0.188805940359593	0.0356476831150701	1	-2.81040022658121	7.89834943356772	1	-0.442891530733839	0.196152907995763	1.00127500203442	4234.42518338887	0	1.00136476205784	6466.30898830937	0	NA	NA	NA	NA	NA	NA	NA	NA
201	7	7	benefit_positive_truncnorm	benefit_positive_truncnorm	continuous	1	increasing	benefit	1	1	NA	1.33865805139705	2.01386334482979	700	252	420	700	700	252	496	0.64	0.291428571428571	6.28097020442025	24	24	0	2	1	10	4	1	5000	2500	1	0.99	14	10000	101200	0.5973	0.9965	0.669320333733349	-4.42342310860884	0.637366309529352	5.76722444452548	10.1906475531343	1.85141582915585	0.551722236579789	1.85774558374012	3.13487424222704	2.58315200564725	0.563115014284203	0.87587193410263	-10.3981812438367	0.724819779470723	11.9442340245573	22.342415268394	0.0549	0.9637	2.49057312205838	-0.195316477779088	2.37367620770287	5.97896157424083	6.17427805201992	0	NA	NA	NA	NA	NA	NA	1	-0.669337717663706	0.448012980287258	1	0.512757777758792	0.262920538652135	1	-1.13799141072716	1.29502445088879	1	0.476709777228595	0.227252211705337	1.00137471831815	4289.7873110956	0	1.00144138940212	9089.93763977092	0	NA	NA	NA	NA	NA	NA	NA	NA
171	7	7	benefit_positive_truncnorm	benefit_positive_truncnorm	continuous	1	increasing	benefit	1	1	NA	2.92855183183696	6.69865334476306	700	252	420	700	700	252	485	0.64	0.307142857142857	6.64338433510572	24	24	0	2	1	10	4	1	5000	2500	1	0.99	14	10000	101170	0.598	0.9992	0.682537379727058	-4.6593287922921	0.684520098713706	5.93579031523176	10.5951191075239	2.16498726402341	0.853813477752434	2.1633519048636	3.44251040952894	2.58869693177651	0.535249165859434	0.508721721353467	-10.8305356926566	0.440553418171621	11.8861924840574	22.7167281767139	0.0709	0.9884	3.7129858344249	0.357295108750192	3.56933928843123	7.47807742194179	7.1207823131916	0	NA	NA	NA	NA	NA	NA	1	-2.2460144521099	5.04458091908655	1	-0.76356456781355	0.583030849220293	1	-6.18993162340959	38.3152535024861	1	-2.98566751033816	8.91421048228885	1.00168777464911	4333.85503739432	0	1.0013579925805	10938.7719326104	0	NA	NA	NA	NA	NA	NA	NA	NA
163	7	7	benefit_positive_truncnorm	benefit_positive_truncnorm	continuous	1	increasing	benefit	1	1	NA	1.47411388122568	2.3874659495977	700	252	420	700	700	252	510	0.64	0.271428571428571	6.31556152001184	24	24	0	2	1	10	4	1	5000	2500	1	0.99	14	10000	101162	0.6747	0.9975	1.20378732821749	-4.00214380664501	1.23369654798796	6.38055521866507	10.3826990253101	1.76872716851646	0.517438255445563	1.76873878025195	3.01855084150026	2.50111258605469	0.616641743217261	1.61613695598716	-9.50270880513012	1.44615287895729	12.5988534014982	22.1015622066284	0.0638	0.9552	2.07683331272369	-0.310993654888574	1.99785003976742	4.74866079531477	5.05965445020335	0	NA	NA	NA	NA	NA	NA	1	-0.270326553008182	0.0730764452612852	1	0.294613287290783	0.0867969890482816	1	-0.771328993610544	0.594948416384255	1	-0.310632636874011	0.0964926350913014	1.0016292723107	4335.74662270476	0	1.00201279188242	10835.7135463437	0	NA	NA	NA	NA	NA	NA	NA	NA
125	7	7	benefit_positive_truncnorm	benefit_positive_truncnorm	continuous	1	increasing	benefit	1	1	NA	2.56496134779224	5.54131534683223	700	252	420	700	700	252	451	0.64	0.355714285714286	7.91931311586582	24	24	0	2	1	10	4	1	5000	2500	1	0.99	14	10000	101124	0.7798	1	1.94910410993946	-3.17341752679855	2.00241749301702	6.80298462265726	9.9764021494558	2.96862642819569	1.68633978874015	2.9637536157076	4.2408974825479	2.55455769380775	0.665752485430237	2.2766415391537	-8.71896921451079	2.23079951630081	12.5159080985792	21.23487731309	0.1249	0.999898949070331	7.00605031157093	2.83186631356545	6.79325824973369	12.2000803034404	9.36821398987494	0.0104	NA	NA	NA	NA	NA	NA	1	-0.615857237852774	0.379280137415648	1	0.40366508040345	0.162945497137124	1	-3.26467380767853	10.6580950705422	1	1.46473496473869	2.14544851692806	1.00148509350115	4486.55043215601	0	1.00157096187449	6913.369389378	0	NA	NA	NA	NA	NA	NA	NA	NA
173	7	7	benefit_positive_truncnorm	benefit_positive_truncnorm	continuous	1	increasing	benefit	1	1	NA	1.97842903429584	4.00335999608282	700	252	420	700	700	252	491	0.64	0.298571428571429	7.28748797510389	24	24	0	2	1	10	4	1	5000	2500	1	0.99	14	10000	101172	0.5585	0.9923	0.371080766230969	-4.539178245432	0.383481394907375	5.25954380754064	9.79872205297264	1.58108430404942	0.318711824801708	1.57945058481759	2.85836371429641	2.5396518894947	0.531808278867102	0.391620827197679	-10.4589393547217	0.330471145948091	11.1353525989039	21.5942919536256	0.082	0.9358	2.61120238331285	-0.789506142798429	2.440962728535	6.50045844196273	7.28996458476116	0	NA	NA	NA	NA	NA	NA	1	-1.60734826806487	2.58356845485113	1	-0.397344730246419	0.1578828346546	1	-3.61173916888514	13.0446598240591	1	-1.39215761276996	1.93810281879336	1.00179278784635	4730.10106287048	0	1.00191303534943	8769.88294060569	0	NA	NA	NA	NA	NA	NA	NA	NA
181	7	7	benefit_positive_truncnorm	benefit_positive_truncnorm	continuous	1	increasing	benefit	1	1	NA	1.16138446068124	2.05502741771563	700	252	420	700	700	252	480	0.64	0.314285714285714	6.33721988537677	24	24	0	2	1	10	4	1	5000	2500	1	0.99	14	10000	101180	0.6357	0.9722	0.950766272058134	-4.16161956278528	0.959012792442925	6.08359237009963	10.2452119328849	1.31248801779966	-0.0279705113111342	1.31302134813529	2.65489923677025	2.68286974808138	0.592817561807332	1.28455886565974	-9.78736089174839	1.21267828836481	12.2480205549835	22.0353814467319	0.0616	0.9184	2.45144940897222	-0.932106155886434	2.33867824465273	6.54175247353722	7.47385862942366	0	NA	NA	NA	NA	NA	NA	1	-0.210618188623109	0.0443600213788795	1	0.151103557118422	0.0228322849738401	1	-0.770468552055888	0.593621789707096	1	0.396421991256594	0.157150395151843	1.00163301709201	4497.79838327098	0	1.00231315416636	11673.4287561243	0	NA	NA	NA	NA	NA	NA	NA	NA
124	7	7	benefit_positive_truncnorm	benefit_positive_truncnorm	continuous	1	increasing	benefit	1	1	NA	1.97696177093577	4.00099344128208	700	252	420	700	700	252	488	0.64	0.302857142857143	7.07837187352353	24	24	0	2	1	10	4	1	5000	2500	1	0.99	14	10000	101123	0.679	0.9998	1.16237870838503	-4.0160876145904	1.20484816023018	5.99813742656517	10.0142250411556	2.46359786085764	1.13617880437765	2.46172945864007	3.7663450316622	2.63016622728455	0.68113413304253	2.37843933072948	-8.79206114522178	2.29172999354477	12.7767931705322	21.568854315754	0.083	0.9965	5.37865491932285	1.02873064085459	5.49615849024594	10.5679829604749	9.53925231962036	0	NA	NA	NA	NA	NA	NA	1	-0.814583062550746	0.663545565794553	1	0.486636089921868	0.236814684014444	1	-1.6225541105526	2.63268184167115	1	1.37766147804077	1.89795114807748	1.00107730006855	4494.4212400822	0	1.00148949077513	6682.57237648869	0	NA	NA	NA	NA	NA	NA	NA	NA
180	7	7	benefit_positive_truncnorm	benefit_positive_truncnorm	continuous	1	increasing	benefit	1	1	NA	1.47281402682978	2.5213085180683	700	252	420	700	700	252	491	0.64	0.298571428571429	6.63672374130291	24	24	0	2	1	10	4	1	5000	2500	1	0.99	14	10000	101179	0.6952	1	1.40354828285691	-3.95631991564098	1.44554564202959	6.60184669543438	10.5581666110754	2.64175724456535	1.31793264492829	2.64173933761512	3.9704794236506	2.65254677872231	0.62630840617244	1.80015588885323	-9.66939792356064	1.70906159075618	12.6437941496034	22.3131920731641	0.0733	0.9988	5.33372404083057	1.90944517383959	5.25917054866945	8.96105322060339	7.05160804676379	0	NA	NA	NA	NA	NA	NA	1	-0.0692657439728681	0.00479774328811491	1	1.16894321773557	1.36642824629	1	-0.721152629215065	0.5200611146238	1	2.81241552276228	7.90968107267422	1.00204767420854	4708.22482217291	0	1.00152676964648	12029.7561445796	0	NA	NA	NA	NA	NA	NA	NA	NA
200	7	7	benefit_positive_truncnorm	benefit_positive_truncnorm	continuous	1	increasing	benefit	1	1	NA	1.84443393020638	3.34934129020589	700	252	420	700	700	252	473	0.64	0.324285714285714	6.99612313542212	24	24	0	2	1	10	4	1	5000	2500	1	0.99	14	10000	101199	0.5256	0.9902	0.194003740446618	-5.29195074273535	0.220291934781721	5.63256130732924	10.9245120500646	1.57990208749685	0.256930268982195	1.5867463553205	2.87513343558252	2.61820316660032	0.518673110720562	0.222265736092136	-11.1602492930057	0.232847735151116	11.6410322560421	22.8012815490479	0.0896	0.987798779877988	3.64673709066079	0.509833612904411	3.59666943156103	7.00327556704867	6.49344195414426	1e-04	NA	NA	NA	NA	NA	NA	1	-1.65043018975977	2.72391981127045	1	-0.264531842709537	0.0699770958073033	1	-3.12707555411375	9.77860152113582	1	0.297395800454901	0.0884442621282112	1.00162264901345	4036.23803349057	0	1.00138291527961	10729.2829766241	0	NA	NA	NA	NA	NA	NA	NA	NA
202	7	7	benefit_positive_truncnorm	benefit_positive_truncnorm	continuous	1	increasing	benefit	1	1	NA	1.67259605371226	3.18562045983733	700	252	420	700	700	252	478	0.64	0.317142857142857	7.0794144668473	24	24	0	2	1	10	4	1	5000	2500	1	0.99	14	10000	101201	0.6479	0.9866	0.945873557743257	-4.09659521045191	0.957501364688887	5.7514187333986	9.84801394385051	1.42166438074791	0.141907274687662	1.42740874836874	2.71619646073391	2.57428918604625	0.619254119687771	1.46518517407798	-9.31868558502521	1.39468946781478	11.8067768562129	21.1254624412381	0.0776	0.9544	2.97105383972628	-0.48758458758869	3.00910259654921	6.48161956578963	6.96920415337832	0	NA	NA	NA	NA	NA	NA	1	-0.726722495969006	0.528125586147422	1	-0.250931672964354	0.0629667044966894	1	-1.72043528575936	2.95989757248588	1	-0.214566620111058	0.0460388344658829	1.0013907216868	4661.78608083355	0	1.00163506089724	10700.7780943013	0	NA	NA	NA	NA	NA	NA	NA	NA
169	7	7	benefit_positive_truncnorm	benefit_positive_truncnorm	continuous	1	increasing	benefit	1	1	NA	1.93760097193847	3.91492314336609	700	252	420	700	700	252	475	0.64	0.321428571428571	7.18156172230815	24	24	0	2	1	10	4	1	5000	2500	1	0.99	14	10000	101168	0.709	0.9965	1.34726116217651	-3.68965062150458	1.39466076368632	6.16907572444449	9.85872634594907	1.79734095082871	0.46640699460627	1.79099708530122	3.09787002954077	2.6314630349345	0.677703953817667	2.30935708509673	-8.5574235441673	2.15869748705791	12.5756035521679	21.1330270963352	0.0819	0.9965	4.12967115807313	1.24132781094906	4.19141185271722	7.02816908730963	5.78684127636058	0	NA	NA	NA	NA	NA	NA	1	-0.590339809761958	0.348501090989784	1	-0.140260021109766	0.0196728735217119	1	-1.60556605826935	2.57784236746658	1	0.214748014707047	0.0461167098206182	1.00122265342107	4596.04997397617	0	1.00110735620961	6177.86819840558	0	NA	NA	NA	NA	NA	NA	NA	NA
122	7	7	benefit_positive_truncnorm	benefit_positive_truncnorm	continuous	1	increasing	benefit	1	1	NA	1.19943105477479	2.0297824710809	700	252	420	700	700	252	489	0.64	0.301428571428571	6.95104129840545	24	24	0	2	1	10	4	1	5000	2500	1	0.99	14	10000	101121	0.536	0.9975	0.276219393102982	-5.15345322912257	0.277560735844464	5.6651005780262	10.8185538071488	1.80781277477484	0.50625912478827	1.81367907723892	3.11538150272798	2.60912237793971	0.521937942297224	0.287281713957006	-11.1965615443777	0.282265213820371	11.7312652881513	22.9278268325289	0.0815	0.9878	3.84176424282019	0.703468773681917	3.97468091893895	6.45256965359366	5.74910087991174	0	NA	NA	NA	NA	NA	NA	1	-0.923211661671806	0.852319772246817	1	0.608381720000052	0.370128317230221	1	-1.7425007571239	3.03630888857735	1	1.81198177173928	3.28327794111543	1.00156960595456	4390.02231691251	0	1.0016760935818	11112.1852786247	0	NA	NA	NA	NA	NA	NA	NA	NA
168	7	7	benefit_positive_truncnorm	benefit_positive_truncnorm	continuous	1	increasing	benefit	1	1	NA	2.45628831911575	5.53582883942578	700	252	420	700	700	252	499	0.64	0.287142857142857	7.06299091960537	24	24	0	2	1	10	4	1	5000	2500	1	0.99	14	10000	101167	0.5855	0.9976	0.554602470903157	-4.20451928795662	0.547706483823016	5.38791522150114	9.59243450945775	1.79107432695331	0.519680728659343	1.78374015910827	3.05677766316902	2.53709693450968	0.525775378427014	0.36384621215385	-10.2619482891829	0.288772908838798	11.0587995691794	21.3207478583623	0.0553	0.9936	4.30818919177132	0.956868895756819	4.37610757493667	7.24872841693031	6.29185952117349	0	NA	NA	NA	NA	NA	NA	1	-1.90168584821259	3.61640906529205	1	-0.665213992162439	0.442509655368689	1	-5.17198262727192	26.7494042968026	1	-1.22763964765445	1.50709910449314	1.0017259671159	4761.67540932256	0	1.00183176649743	9567.0886889503	0	NA	NA	NA	NA	NA	NA	NA	NA
172	7	7	benefit_positive_truncnorm	benefit_positive_truncnorm	continuous	1	increasing	benefit	1	1	NA	1.33897831144519	2.08051065758371	700	252	420	700	700	252	497	0.64	0.29	5.97027748896985	24	24	0	2	1	10	4	1	5000	2500	1	0.99	14	10000	101171	0.6251	0.9919	0.937988218484774	-4.84609454568912	0.953779096564213	6.62061462709719	11.4667091727863	1.66997289488063	0.347770402532918	1.67888684908536	2.98984407683279	2.64207367429987	0.567834874220598	0.966614762009774	-10.90933360186	0.882025025828352	12.6975476059162	23.6068812077761	0.0698	0.9736	3.6596035052192	-0.0360215535187959	3.85482430288754	6.29053775607426	6.32655930959306	0	NA	NA	NA	NA	NA	NA	1	-0.400990092960419	0.160793054652405	1	0.330994583435434	0.109557414263597	1	-1.11389589557393	1.24076406617645	1	1.5790928476355	2.49353422145358	1.00248029780623	4292.7772361083	0	1.00221969558874	7039.86074483248	0	NA	NA	NA	NA	NA	NA	NA	NA
205	7	7	benefit_positive_truncnorm	benefit_positive_truncnorm	continuous	1	increasing	benefit	1	1	NA	2.04785249857814	4.06477849246128	700	252	420	700	700	252	483	0.64	0.31	7.24920782163707	24	24	0	2	1	10	4	1	5000	2500	1	0.99	14	10000	101204	0.5925	0.9974	0.615503653711378	-4.3848404105419	0.620480535214242	5.53143878479451	9.91627919533641	1.84300981193188	0.509852268338564	1.84767410350386	3.13717318794956	2.62732091961099	0.577541862755828	0.99201969211569	-9.7437060930407	0.920046763136479	11.7063443117461	21.4500504047868	0.0863	0.9957	4.80053048179233	1.17123124620448	4.80989399015292	8.24557318338874	7.07434193718426	0	NA	NA	NA	NA	NA	NA	1	-1.43234884486676	2.05162321339115	1	-0.204842686646258	0.041960526272457	1	-3.07275880034559	9.44184664510125	1	0.73575198933105	0.541330989804597	1.00107278906362	4643.330852843	0	1.00150894968663	8738.50620925913	0	NA	NA	NA	NA	NA	NA	NA	NA
188	7	7	benefit_positive_truncnorm	benefit_positive_truncnorm	continuous	1	increasing	benefit	1	1	NA	2.65407599056319	5.31334274220591	700	252	420	700	700	252	481	0.64	0.312857142857143	6.9629615164814	24	24	0	2	1	10	4	1	5000	2500	1	0.99	14	10000	101187	0.6732	0.9995	1.28389377016992	-4.14888939779719	1.30910722378125	6.66417446823077	10.813063866028	2.24093409775538	0.956111809225746	2.23578556748643	3.53690415760813	2.58079234838238	0.597859327217125	1.36227810525292	-9.89451246636063	1.21562603247963	12.2542677831382	22.1487802494988	0.0844	0.9981	4.54593963031946	1.47351047691086	4.51583453746775	7.66086330472536	6.18735282781449	0	NA	NA	NA	NA	NA	NA	1	-1.37018222039326	1.87739931708182	1	-0.413141892807809	0.170686223592819	1	-3.95106463695299	15.6109117653805	1	-0.767403111886446	0.588907536133001	1.00087461169369	4430.18929545647	0	1.00165566853608	11009.9703365952	0	NA	NA	NA	NA	NA	NA	NA	NA
206	7	7	benefit_positive_truncnorm	benefit_positive_truncnorm	continuous	1	increasing	benefit	1	1	NA	2.8987883739717	6.80310286456755	700	252	420	700	700	252	462	0.64	0.34	7.63033904745106	24	24	0	2	1	10	4	1	5000	2500	1	0.99	14	10000	101205	0.4831	0.9446	-0.0893833990328872	-5.04187606997259	-0.0902908783406344	4.96384625961073	10.0057223295833	1.07363633568062	-0.26421997201626	1.0779398623768	2.3776258170419	2.64184578905816	0.494630725399956	-0.0483384772883817	-10.9084230351996	-0.0540918337778846	10.9450362117424	21.8534592469421	0.0874	0.794179417941794	2.02979468296012	-2.29923898260725	1.8899557853569	6.74506626297395	9.0443052455812	1e-04	NA	NA	NA	NA	NA	NA	1	-2.98817177300458	8.92917054498136	0	-1.82515203829107	3.33117996287805	1	-6.85144134185593	46.9422484608926	0	-4.77330818160743	22.7844709966004	1.00181388197085	4071.88947104889	0	1.00144346414433	10125.778028329	0	NA	NA	NA	NA	NA	NA	NA	NA
167	7	7	benefit_positive_truncnorm	benefit_positive_truncnorm	continuous	1	increasing	benefit	1	1	NA	2.23994337970023	4.60362268253734	700	252	420	700	700	252	497	0.64	0.29	6.68999919920328	24	24	0	2	1	10	4	1	5000	2500	1	0.99	14	10000	101166	0.6076	0.9984	0.719445096172725	-4.64492595672746	0.784339472740251	5.94697182407957	10.591897780807	1.94974505810247	0.670338076092412	1.95375500921724	3.24064834714231	2.5703102710499	0.56484274019819	0.881638735198529	-10.6697492076652	0.831182541836195	12.0610756605414	22.7308248682065	0.0716	0.9916	3.31824906814279	0.685708529330828	3.21065950870748	6.44969486830996	5.76398633897913	0	NA	NA	NA	NA	NA	NA	1	-1.52049828352751	2.31191503021009	1	-0.29019832159776	0.084215065858157	1	-3.72198394733881	13.8531645042478	1	-1.28537361439455	1.65218532858171	1.00138059792933	4097.34023388968	0	1.00163077551695	8897.26700182137	0	NA	NA	NA	NA	NA	NA	NA	NA
245	7	7	benefit_positive_truncnorm	benefit_positive_truncnorm	continuous	1	increasing	benefit	1	1	NA	1.36319257991451	2.21055733807951	700	252	420	700	700	252	489	0.64	0.301428571428571	6.63821595107132	24	24	0	2	1	10	4	1	5000	2500	1	0.99	14	10000	101244	0.6352	0.9986	0.945418118313946	-4.48671637449827	0.956772091676646	6.25081378591637	10.7375301604146	2.04498621885631	0.752826080692303	2.03831685907651	3.34781411106267	2.59498803037037	0.593945270415859	1.31433965891792	-10.0159832563947	1.20850236028726	12.3249304237399	22.3409136801346	0.0718	0.9965	3.89587210409055	1.15213695440349	3.74633195198583	7.25972047027389	6.1075835158704	0	NA	NA	NA	NA	NA	NA	1	-0.41777446160056	0.174535500765637	1	0.681793638941802	0.464842566101504	1	-0.896217679161588	0.803206128441783	1	1.68531476601104	2.84028586053486	1.00185200879111	4454.40368853618	0	1.00137086916931	11194.0656696776	0	NA	NA	NA	NA	NA	NA	NA	NA
208	7	7	benefit_positive_truncnorm	benefit_positive_truncnorm	continuous	1	increasing	benefit	1	1	NA	2.03636331064453	4.41099351571023	700	252	420	700	700	252	481	0.64	0.312857142857143	6.80343870505065	24	24	0	2	1	10	4	1	5000	2500	1	0.99	14	10000	101207	0.6463	0.9998	1.02315418596056	-4.42706087000482	1.03238771340351	6.28574442873637	10.7128052987412	2.26648274721657	0.959690402647086	2.26751924160722	3.59277559031835	2.63308518767126	0.59109267547211	1.35097825491822	-10.3520408329897	1.21285317063466	12.5780734629079	22.9301142958976	0.0839	0.9961	4.76813509615749	1.47799932028054	4.80662300784696	8.02798659967227	6.54998727939172	0	NA	NA	NA	NA	NA	NA	1	-1.01320912468397	1.02659273034287	1	0.230119436572039	0.0529549550882327	1	-3.06001526079201	9.36369339627999	1	0.357141580447261	0.127550108484368	1.00128558058807	4551.58692646565	0	1.00190371290391	10366.267136808	0	NA	NA	NA	NA	NA	NA	NA	NA
207	7	7	benefit_positive_truncnorm	benefit_positive_truncnorm	continuous	1	increasing	benefit	1	1	NA	1.93948089057896	3.79988921922454	700	252	420	700	700	252	477	0.64	0.318571428571429	7.10205167154993	24	24	0	2	1	10	4	1	5000	2500	1	0.99	14	10000	101206	0.6599	0.9917	1.02562044538244	-4.11978153141835	1.08061536939235	5.92446103499264	10.044242566411	1.60643948479478	0.306343846114155	1.60663634086455	2.91994735834006	2.6136035122259	0.64158611599297	1.87626104143147	-9.15101394270824	1.78081666880587	12.2991474683118	21.45016141102	0.0896	0.9892	3.33987731877957	0.541288742851658	3.17977620951885	7.42588722885911	6.88459848600745	0	NA	NA	NA	NA	NA	NA	1	-0.913860445196512	0.835140913294767	1	-0.333041405784171	0.110916577966697	1	-1.92362817779307	3.7003453663995	1	-0.460011900444971	0.211610948550994	1.0014856785355	4727.02854259051	0	1.0022274554949	6361.77808799352	0	NA	NA	NA	NA	NA	NA	NA	NA
187	7	7	benefit_positive_truncnorm	benefit_positive_truncnorm	continuous	1	increasing	benefit	1	1	NA	1.93309781282141	3.95393430360204	700	252	420	700	700	252	504	0.64	0.28	6.63859448305543	24	24	0	2	1	10	4	1	5000	2500	1	0.99	14	10000	101186	0.6041	0.9977	0.686278428917719	-4.51496339383175	0.721762038447451	5.85517252804244	10.3701359218742	1.76564290095841	0.499135769471869	1.76882231088564	3.00752429409992	2.50838852462805	0.567164179104478	0.926768434533288	-10.2134134904063	0.858416560144528	12.1854180258123	22.3988315162186	0.0687	0.9912	3.07173765249921	0.47361452553883	3.05077983893494	5.88613909927975	5.41252457374092	0	NA	NA	NA	NA	NA	NA	1	-1.24681938390369	1.55455857607798	1	-0.167454911862996	0.0280411475070438	1	-3.02716586906875	9.16373319885478	1	-0.88219665110283	0.778270931217048	1.00132724448183	4437.73417243548	0	1.0019475737379	10138.5983004174	0	NA	NA	NA	NA	NA	NA	NA	NA
191	7	7	benefit_positive_truncnorm	benefit_positive_truncnorm	continuous	1	increasing	benefit	1	1	NA	2.59883719952072	5.74363590256655	700	252	420	700	700	252	462	0.64	0.34	6.7077864334864	24	24	0	2	1	10	4	1	5000	2500	1	0.99	14	10000	101190	0.6736	0.9991	1.18946366296722	-4.06835997337711	1.22306756593742	6.27053312154559	10.3388930949227	2.13192679033053	0.774906556991245	2.13382710371543	3.47412159380085	2.6992150368096	0.600541125541125	1.38285147845782	-10.038652425781	1.29852936995091	12.4439038090486	22.4825562348296	0.076	0.990797239171752	4.49627049152718	0.71009728713468	4.27982749162239	9.11009885458819	8.40000156745351	3e-04	NA	NA	NA	NA	NA	NA	1	-1.4093735365535	1.98633376553733	1	-0.466910409190195	0.218005330210155	1	-4.36078442410873	19.0164407935493	1	-1.24736541103937	1.55592046865742	1.00178205351805	4239.16648443643	0	1.0018382919255	10623.2428589067	0	NA	NA	NA	NA	NA	NA	NA	NA
217	7	7	benefit_positive_truncnorm	benefit_positive_truncnorm	continuous	1	increasing	benefit	1	1	NA	2.62513458553053	5.98458368447864	700	252	420	700	700	252	477	0.64	0.318571428571429	7.26766684476825	24	24	0	2	1	10	4	1	5000	2500	1	0.99	14	10000	101216	0.8438	1	2.67426746114685	-2.42026070936252	2.74444125383602	7.60022833714408	10.0204890465066	4.00278963642992	2.70445289672296	4.01193641315328	5.27213756781785	2.5676846710949	0.786297082821057	3.94304834096588	-6.53982513860499	3.84804846313438	13.6540366332265	20.1938617718315	0.1053	1	8.28347642082024	5.14955954932022	8.21372269735956	12.6479225688956	7.49836301957536	2e-04	NA	NA	NA	NA	NA	NA	1	0.0491328756163218	0.00241403946632895	0	1.37765505089939	1.89793343926859	1	-2.04153534351277	4.16786655881179	1	2.29889273634159	5.28490781320413	1.00119330537231	4728.45853429191	0	1.00119398566185	10321.8723251057	0	NA	NA	NA	NA	NA	NA	NA	NA
204	7	7	benefit_positive_truncnorm	benefit_positive_truncnorm	continuous	1	increasing	benefit	1	1	NA	1.89971374261625	3.47940999297709	700	252	420	700	700	252	490	0.64	0.3	6.29490817149462	24	24	0	2	1	10	4	1	5000	2500	1	0.99	14	10000	101203	0.6618	1	1.1754530432788	-4.24417392334762	1.20395059086993	6.61156119753794	10.8557351208856	2.45358375355695	1.12119072121908	2.4508865789827	3.78093076229747	2.65974004107838	0.605883625351503	1.4970535434247	-9.78716379553182	1.37456217113252	12.422952969943	22.2101167654748	0.0754	0.9923	4.23170236971254	0.730893538613814	4.11867464886707	8.25229595533221	7.5214024167184	0	NA	NA	NA	NA	NA	NA	1	-0.724260699337452	0.524553560604775	1	0.553870010940702	0.306771989019453	1	-1.98235644955239	3.92973709308195	1	0.752292376735454	0.565943820094278	1.00257959081401	4701.73088225424	0	1.00147412095382	10042.8090358644	0	NA	NA	NA	NA	NA	NA	NA	NA
190	7	7	benefit_positive_truncnorm	benefit_positive_truncnorm	continuous	1	increasing	benefit	1	1	NA	2.30957011055965	4.39450334013605	700	252	420	700	700	252	471	0.64	0.327142857142857	8.21653199451375	24	24	0	2	1	10	4	1	5000	2500	1	0.99	14	10000	101189	0.742	0.9996	1.51512032514856	-3.26717797888468	1.58704198210021	6.03569636766554	9.30287434655022	2.15745556787156	0.870797015253997	2.14773188208248	3.45453279526154	2.58373578000754	0.693048483506752	2.35852927606531	-7.99204994118256	2.26529493457869	12.039303149086	20.0313530902686	0.0966	0.985098509850985	4.50195517774854	0.384906630407436	4.5275810554848	8.68095432251706	8.29604769210962	1e-04	NA	NA	NA	NA	NA	NA	1	-0.794449785411083	0.631150461539717	1	-0.152114542688089	0.0231388340972065	1	-2.03597406407075	4.14519038956875	1	0.107451837612487	0.0115458974063003	1.00116754507611	4355.80458197729	0	1.00131008728982	9984.44285071009	0	NA	NA	NA	NA	NA	NA	NA	NA
212	7	7	benefit_positive_truncnorm	benefit_positive_truncnorm	continuous	1	increasing	benefit	1	1	NA	2.27476239551116	4.33736564226676	700	252	420	700	700	252	458	0.64	0.345714285714286	7.12629074403413	24	24	0	2	1	10	4	1	5000	2500	1	0.99	14	10000	101211	0.644	0.937	0.903654353530154	-3.9440589867128	0.915758422075058	5.67754601866592	9.62160500537871	1.0308786290102	-0.292967125408055	1.03219198488314	2.38265018498702	2.67561731039508	0.625597958966727	1.5508148722111	-9.23767002282991	1.3545636954273	11.983796445456	21.2214664682859	0.0593	0.926	2.37530963383412	-0.932967608249916	2.33216160472374	6.06645334660597	6.99942095485589	0	NA	NA	NA	NA	NA	NA	1	-1.37110804198101	1.879937262785	1	-1.24388376650097	1.54724682456463	1	-2.78655077005566	7.76486519409779	1	-1.96205600843264	3.84966378022662	1.00239861946402	4272.45246964665	0	1.00201318912424	12034.4361123298	0	NA	NA	NA	NA	NA	NA	NA	NA
218	7	7	benefit_positive_truncnorm	benefit_positive_truncnorm	continuous	1	increasing	benefit	1	1	NA	1.91547265160061	3.52354534603008	700	252	420	700	700	252	471	0.64	0.327142857142857	6.71992994881364	24	24	0	2	1	10	4	1	5000	2500	1	0.99	14	10000	101217	0.7518	0.9978	1.84045765767352	-3.39659386084693	1.89221330059987	6.98472212173122	10.3813159825781	1.88409111450635	0.582989921141517	1.8909688959906	3.16472009282836	2.58173017168685	0.662293648190664	2.38454433011327	-9.13594940689119	2.24122465187865	13.1891490622551	22.3250984691462	0.0853	0.9905	3.99137939458049	0.622780134515696	4.03590152460488	7.24411587459394	6.62133574007824	0	NA	NA	NA	NA	NA	NA	1	-0.0750149939270928	0.00562724931388176	1	-0.0313815370942572	0.000984800870398239	1	-1.13900101591681	1.29732331425953	1	0.467834048550405	0.218868696983063	1.00138860904702	4169.97887466747	0	1.00183069901265	9256.53011285367	0	NA	NA	NA	NA	NA	NA	NA	NA
211	7	7	benefit_positive_truncnorm	benefit_positive_truncnorm	continuous	1	increasing	benefit	1	1	NA	1.08751994869568	1.49370493232186	700	252	420	700	700	252	499	0.64	0.287142857142857	7.16171523729689	24	24	0	2	1	10	4	1	5000	2500	1	0.99	14	10000	101210	0.6307	0.7713	0.781038783264006	-4.23708857875758	0.823124195097669	5.63219078645777	9.86927936521535	0.492623463335844	-0.818111138453245	0.487758591924872	1.80751505251536	2.62562619096861	0.599248523886205	1.25983613148747	-9.66323157750304	1.17248368559678	11.8364968291427	21.4997284066458	0.0685	0.5744	0.232671196848237	-2.76390666900932	0.41319646296496	2.91590438913578	5.6798110581451	0	NA	NA	NA	NA	NA	NA	1	-0.306481165431671	0.0939307047643552	1	-0.594896485359833	0.353901828293482	1	-0.233868800834393	0.0546946160037169	1	-1.26103373547363	1.59020608200257	1.00142456621449	4430.01134727323	0	1.00126026549172	7140.58637180844	0	NA	NA	NA	NA	NA	NA	NA	NA
199	7	7	benefit_positive_truncnorm	benefit_positive_truncnorm	continuous	1	increasing	benefit	1	1	NA	1.91906940995446	3.5732384887508	700	252	420	700	700	252	497	0.64	0.29	6.90519871628177	24	24	0	2	1	10	4	1	5000	2500	1	0.99	14	10000	101198	0.6177	0.9914	0.782392971805966	-4.66446654637228	0.832314902847576	6.01537802527745	10.6798445716497	1.56633441730502	0.305038520257179	1.56727046940125	2.86852902669938	2.5634905064422	0.567774376912986	1.01346681645984	-10.4762232394239	0.985014356344021	12.1966525419859	22.6728757814098	0.0852	0.9707	2.68896477414435	-0.090100260903765	2.6461365505547	5.94130223879082	6.03140249969458	0	NA	NA	NA	NA	NA	NA	1	-1.1366764381485	1.29203332504195	1	-0.352734992649441	0.124421975039401	1	-2.55977167229096	6.55243101426328	1	-0.884273714606455	0.781940002343898	1.00136123826268	4061.13189529473	0	1.00199757687615	12036.0442082211	0	NA	NA	NA	NA	NA	NA	NA	NA
235	7	7	benefit_positive_truncnorm	benefit_positive_truncnorm	continuous	1	increasing	benefit	1	1	NA	2.58589083370467	5.55120611087438	700	252	420	700	700	252	487	0.64	0.304285714285714	7.10328000606699	24	24	0	2	1	10	4	1	5000	2500	1	0.99	14	10000	101234	0.7571	1	1.76900222637438	-3.09607866218757	1.79377209716914	6.61511647551665	9.71119513770422	3.21872224585768	1.94069796191431	3.22099134753565	4.49361603258439	2.55291807067008	0.695199226721083	2.53898594914494	-8.0241200325639	2.34393235206919	12.7840949783727	20.8082150109366	0.0689	1	6.96731773181048	3.3444910864597	7.14573555858896	9.91692080587899	6.57242971941929	0	NA	NA	NA	NA	NA	NA	1	-0.816888607330288	0.667306996786018	1	0.632831412153018	0.400475596207583	1	-3.01222016172944	9.07347030272934	1	1.4161116209361	2.00537212295026	1.00119615716219	4402.58278758667	0	1.00146022821052	8795.17092847372	0	NA	NA	NA	NA	NA	NA	NA	NA
229	7	7	benefit_positive_truncnorm	benefit_positive_truncnorm	continuous	1	increasing	benefit	1	1	NA	2.45919382097302	5.18527212521995	700	252	420	700	700	252	482	0.64	0.311428571428571	6.76259905304283	24	24	0	2	1	10	4	1	5000	2500	1	0.99	14	10000	101228	0.6508	1	1.02788583027407	-4.36344343131652	1.05399016693101	6.26814868970475	10.6315921210213	2.6777106167943	1.40310110156226	2.67237983469829	3.95486182824269	2.55176072668043	0.602638177259348	1.41015917455964	-10.2302986407068	1.2933312893612	12.5291197737621	22.7594184144689	0.0827	0.9993	5.42383625254875	1.38882310930712	5.37297409066991	9.7940699307673	8.40524682146018	0	NA	NA	NA	NA	NA	NA	1	-1.43130799069895	2.04864256423867	1	0.218516795821285	0.047749590056001	1	-3.77511295066031	14.2514777902432	1	0.238564127328798	0.0569128428481511	1.00119706596122	4657.51897536049	0	1.00221877251061	7089.53660063895	0	NA	NA	NA	NA	NA	NA	NA	NA
209	7	7	benefit_positive_truncnorm	benefit_positive_truncnorm	continuous	1	increasing	benefit	1	1	NA	2.98705426714307	6.93148339852574	700	252	420	700	700	252	451	0.64	0.355714285714286	7.5977486274309	24	24	0	2	1	10	4	1	5000	2500	1	0.99	14	10000	101208	0.6741	0.9998	1.14606788848743	-3.94878473413	1.19246486565277	5.99130367231853	9.94008840644853	2.30565347147092	0.997598597566235	2.30909704478389	3.58244619561278	2.58484759804654	0.620849933598938	1.61733079251227	-9.13431648497778	1.49294334089776	12.0526991572724	21.1870156422502	0.0964	0.999799919967987	6.52600745052161	2.9336687971393	6.48896175852877	10.5219282548924	7.58825945775307	4e-04	NA	NA	NA	NA	NA	NA	1	-1.84098637865564	3.38923084639562	1	-0.681400795672148	0.464307044342637	1	-5.31415260601347	28.2402179199998	1	-0.405475948004134	0.164410744409851	1.00127220726782	4205.09966681743	0	1.00124976606799	10619.1614620761	0	NA	NA	NA	NA	NA	NA	NA	NA
213	7	7	benefit_positive_truncnorm	benefit_positive_truncnorm	continuous	1	increasing	benefit	1	1	NA	2.15693052144366	3.73140839044532	700	252	420	700	700	252	471	0.64	0.327142857142857	7.33324012649122	24	24	0	2	1	10	4	1	5000	2500	1	0.99	14	10000	101212	0.5855	0.9934	0.534229578740001	-4.42244553796439	0.54905708851296	5.45287456873401	9.8753201066984	1.64127302894096	0.336013243744127	1.64052818219632	2.94892358233864	2.61291033859451	0.53968600087222	0.563035618866573	-10.257610566837	0.521372659409646	11.3534232736027	21.6110338404397	0.0828	0.977	3.1218754920499	0.0651997401511828	3.00299254608969	6.86944606141285	6.80424632126166	0	NA	NA	NA	NA	NA	NA	1	-1.62270094270365	2.63315834945133	1	-0.515657492502693	0.265902649574165	1	-3.16837277157874	10.0385860196816	1	-0.609532898395421	0.371530354226323	1.00235693711268	4685.07880734153	0	1.00121312455283	6210.22025482313	0	NA	NA	NA	NA	NA	NA	NA	NA
210	7	7	benefit_positive_truncnorm	benefit_positive_truncnorm	continuous	1	increasing	benefit	1	1	NA	1.56266115956926	2.99614585274048	700	252	420	700	700	252	490	0.64	0.3	5.95416454937218	24	24	0	2	1	10	4	1	5000	2500	1	0.99	14	10000	101209	0.5229	0.9947	0.181273453576501	-5.34784595699123	0.186918547741737	5.69642505471709	11.0442710117083	1.71360341479388	0.412593282866801	1.71620704279324	3.03329764734817	2.62070436448137	0.518383143410019	0.202116699011628	-11.7059245752348	0.269067445488065	11.9345873600598	23.6405119352946	0.0698	0.9837	3.68526674794008	0.334219982455233	3.78508083668718	6.57043330329924	6.23621332084401	0	NA	NA	NA	NA	NA	NA	1	-1.38138770599276	1.90823199426794	1	0.150942255224618	0.0227835644122937	1	-2.79402915372886	7.80659891188679	1	0.689120895199594	0.47488760820069	1.00141774579926	4106.24160397521	0	1.0018077430251	7553.15807183199	0	NA	NA	NA	NA	NA	NA	NA	NA
234	7	7	benefit_positive_truncnorm	benefit_positive_truncnorm	continuous	1	increasing	benefit	1	1	NA	2.06188584631585	4.07460255589488	700	252	420	700	700	252	463	0.64	0.338571428571429	6.98785077901082	24	24	0	2	1	10	4	1	5000	2500	1	0.99	14	10000	101233	0.6662	1	1.22821481606945	-4.18502920200694	1.21597229507509	6.45814032476613	10.6431695267731	2.72635359334326	1.39539864722753	2.73178332066059	4.02910129941649	2.63370265218896	0.59865889853798	1.37033253885844	-9.87808978912183	1.23637901353569	12.4226483560601	22.3007381451819	0.0903	0.999799859901931	6.74193302177817	2.79007076810433	6.48463076209924	11.7707982977984	8.98072752969407	7e-04	NA	NA	NA	NA	NA	NA	1	-0.833671030246397	0.695007386672088	1	0.664467747027409	0.44151738683968	1	-2.70427001703644	7.31307632504226	1	2.66733046588329	7.11465181422918	1.00136899292484	4328.18272720598	0	1.00133177760983	10450.4746398738	0	NA	NA	NA	NA	NA	NA	NA	NA
214	7	7	benefit_positive_truncnorm	benefit_positive_truncnorm	continuous	1	increasing	benefit	1	1	NA	1.73325888417789	3.48955539120985	700	252	420	700	700	252	472	0.64	0.325714285714286	7.03893900171309	24	24	0	2	1	10	4	1	5000	2500	1	0.99	14	10000	101213	0.5125	0.9116	0.0876015410933438	-4.84720195410065	0.0722080284657034	4.86323219392505	9.7104341480257	0.915782920956662	-0.397120042632152	0.918107942366589	2.23523879916647	2.63235884179862	0.545199501246883	0.511197251265491	-10.7573721193686	0.380384418716187	11.4855217459165	22.2428938652852	0.0376	0.7178	1.55044367129123	-2.49630000560524	1.27211204996333	7.96091944100392	10.4572194466092	0	NA	NA	NA	NA	NA	NA	1	-1.64565734308455	2.7081880908481	1	-0.817475963221233	0.668266950444482	1	-2.97835813994436	8.8706172097728	1	-1.93911171991861	3.76015426232571	1.00178466183742	4573.34246136444	0	1.00271708750841	6546.7216148735	0	NA	NA	NA	NA	NA	NA	NA	NA
198	7	7	benefit_positive_truncnorm	benefit_positive_truncnorm	continuous	1	increasing	benefit	1	1	NA	1.18821416992859	1.87268863477213	700	252	420	700	700	252	479	0.64	0.315714285714286	5.89042967599886	24	24	0	2	1	10	4	1	5000	2500	1	0.99	14	10000	101197	0.6119	0.9592	0.802236707269009	-4.80914543249285	0.850006911983375	6.39621862428137	11.2053640567742	1.19987428698262	-0.133783204250631	1.20081520723766	2.53073735325245	2.66452055750308	0.571031830805383	1.00365523765417	-10.7917495774229	0.964187780350966	12.5891057564138	23.3808553338366	0.0638	0.8832	2.00765279565922	-1.31392119010554	2.11151217014541	4.96984048141904	6.28376167152459	0	NA	NA	NA	NA	NA	NA	1	-0.385977462659583	0.14897860168113	1	0.0116601170540229	0.000135958329713516	1	-0.869033397117966	0.755219045306392	1	0.134964160887089	0.0182153247239559	1.00163469818477	4074.85918512139	0	1.00152505137587	6769.00980581946	0	NA	NA	NA	NA	NA	NA	NA	NA
179	7	7	benefit_positive_truncnorm	benefit_positive_truncnorm	continuous	1	increasing	benefit	1	1	NA	2.6666688309026	6.15544529083874	700	252	420	700	700	252	449	0.64	0.358571428571429	8.7506173905887	24	24	0	2	1	10	4	1	5000	2500	1	0.99	14	10000	101178	0.7325	0.9998	1.48992057740563	-3.36195713869352	1.55332219114221	6.07521687203765	9.43717401073117	2.384864976826	1.0885327292647	2.38694955437233	3.67675502501352	2.58822229574883	0.638457109959701	1.74100997256255	-8.84970740923617	1.74635095459769	11.4315736035889	20.2812810128251	0.1315	0.998380074921535	6.39101852784437	1.79029641052092	6.36304648973208	10.984404257033	9.19410784651203	0.0123	NA	NA	NA	NA	NA	NA	1	-1.17674825349697	1.38473645210816	1	-0.281803854076596	0.0794134121724235	1	-4.41443531827619	19.4872391792442	1	0.235573237005627	0.0554947499933094	1.00142632933872	4573.11693698094	0	1.00290207763739	7323.53920399692	0	NA	NA	NA	NA	NA	NA	NA	NA
215	7	7	benefit_positive_truncnorm	benefit_positive_truncnorm	continuous	1	increasing	benefit	1	1	NA	1.24494317016562	2.28609877100758	700	252	420	700	700	252	499	0.64	0.287142857142857	5.66445018752208	24	24	0	2	1	10	4	1	5000	2500	1	0.99	14	10000	101214	0.6076	0.9879	0.778372659426576	-4.78205891932641	0.790395069783278	6.2143987885845	10.9964577079109	1.52377907414106	0.205445493855522	1.52168911112404	2.85898838510415	2.65354289124863	0.584594222833563	1.14193233448696	-10.4361917822967	1.08963995012485	12.7346176644683	23.1708094467651	0.0549	0.964	2.73883637983959	-0.214350678243452	2.63198814367035	6.28037190524042	6.49472258348387	0	NA	NA	NA	NA	NA	NA	1	-0.466570510739045	0.217688041491293	1	0.278835903975438	0.0777494613457999	1	-1.14416643652062	1.30911683446029	1	0.452737608832012	0.204971342450928	1.00134038721196	4175.63652007836	0	1.00223792633757	12141.5632731923	0	NA	NA	NA	NA	NA	NA	NA	NA
233	7	7	benefit_positive_truncnorm	benefit_positive_truncnorm	continuous	1	increasing	benefit	1	1	NA	1.86106905986183	3.41739252232024	700	252	420	700	700	252	479	0.64	0.315714285714286	6.81764097625278	24	24	0	2	1	10	4	1	5000	2500	1	0.99	14	10000	101232	0.636	0.9969	0.919287934852497	-4.61085480249675	0.94887212221638	6.20177713950489	10.8126319420016	1.82805954812795	0.510849199060616	1.83230473238018	3.14346688204622	2.6326176829856	0.58470715835141	1.1312741541424	-10.3291689928164	1.1201144065577	12.0141252968232	22.3432942896396	0.078	0.9519	4.07479152411218	-0.514277029145297	4.41773139527441	7.52512971990093	8.03940674904623	0	NA	NA	NA	NA	NA	NA	1	-0.941781125009331	0.886951687423841	1	-0.0330095117338765	0.00108962786490893	1	-2.28611836817784	5.22633719332012	1	0.657399001791942	0.432173447557041	1.00142107409784	4123.3345634813	0	1.00112439684233	9679.45209488245	0	NA	NA	NA	NA	NA	NA	NA	NA
186	7	7	benefit_positive_truncnorm	benefit_positive_truncnorm	continuous	1	increasing	benefit	1	1	NA	2.20699589595956	4.43470545363156	700	252	420	700	700	252	484	0.64	0.308571428571429	7.56388310063694	24	24	0	2	1	10	4	1	5000	2500	1	0.99	14	10000	101185	0.718	1	1.48213457848011	-3.51550506570955	1.50484236226791	6.35535316012313	9.87085822583268	2.70430628219958	1.47402492825305	2.7037817719598	3.9442321206017	2.47020719234865	0.633715798764342	1.7391878128786	-8.81088079856256	1.67080986368354	11.9869571040319	20.7978379025944	0.0936	0.9984	4.15889007448857	1.49147337956773	4.11751816883168	6.84777504275406	5.35630166318632	0	NA	NA	NA	NA	NA	NA	1	-0.724861317479449	0.525423929578043	1	0.497310386240018	0.247317620262196	1	-2.69551764075296	7.26581535161041	1	-0.275815379142985	0.0760741233717886	1.00215320482119	4380.14929464655	0	1.00190657544788	9802.30076877054	0	NA	NA	NA	NA	NA	NA	NA	NA
216	7	7	benefit_positive_truncnorm	benefit_positive_truncnorm	continuous	1	increasing	benefit	1	1	NA	2.25031521507487	5.01611437288805	700	252	420	700	700	252	485	0.64	0.307142857142857	6.89322145314682	24	24	0	2	1	10	4	1	5000	2500	1	0.99	14	10000	101215	0.6683	0.9999	1.18989134983579	-4.41662935047579	1.22945734434295	6.49135992810846	10.9079892785842	2.39792600046339	1.07812930775467	2.40339535772353	3.68095049340523	2.60282118565056	0.617579784337218	1.64095692914403	-9.63343250217947	1.50068934739653	12.7028713557991	22.3363038579786	0.0819	0.9999	5.3875785502348	2.68728206292133	5.38557597571272	8.08575499811376	5.39847293519243	0	NA	NA	NA	NA	NA	NA	1	-1.06042386523909	1.1244987739686	1	0.147610785388514	0.0217889439630141	1	-3.37515744374401	11.3916877700606	1	0.371464177346748	0.137985635051896	1.00195868724659	4442.3521378709	0	1.00138677818475	9285.83988490629	0	NA	NA	NA	NA	NA	NA	NA	NA
178	7	7	benefit_positive_truncnorm	benefit_positive_truncnorm	continuous	1	increasing	benefit	1	1	NA	1.67174585043492	2.95437334309967	700	252	420	700	700	252	489	0.64	0.301428571428571	6.77996933404209	24	24	0	2	1	10	4	1	5000	2500	1	0.99	14	10000	101177	0.5893	0.9927	0.634441837383212	-4.6755515772221	0.619670687293935	5.92386463756451	10.5994162147866	1.64309284130472	0.325269873589249	1.6429202076084	2.96122115409836	2.63595128050911	0.565772392903505	0.881883981860094	-10.2752847000242	0.863436414949211	11.9777703957476	22.2530550957718	0.0756	0.9525	2.58063674988703	-0.476202193538289	2.4417222501965	6.31466936370181	6.7908715572401	0	NA	NA	NA	NA	NA	NA	1	-1.03730401305171	1.07599961549318	1	-0.0286530091301973	0.00082099493221517	1	-2.07248936123958	4.29521215245123	1	-0.373736593212637	0.139679041106188	1.0012172305531	4157.3251062071	0	1.0014538025505	11154.9891436993	0	NA	NA	NA	NA	NA	NA	NA	NA
236	7	7	benefit_positive_truncnorm	benefit_positive_truncnorm	continuous	1	increasing	benefit	1	1	NA	2.05710931332693	3.8912104932646	700	252	420	700	700	252	486	0.64	0.305714285714286	6.80053947702836	24	24	0	2	1	10	4	1	5000	2500	1	0.99	14	10000	101235	0.7037	0.9999	1.48836887203141	-3.97603663215885	1.50921564062078	6.73963515593647	10.7156717880953	2.55523518553451	1.24588220116004	2.56118041191071	3.83391935806334	2.5880371569033	0.635559921414538	1.95525997658532	-9.05387491875759	1.87285596561022	12.7637714532902	21.8176463720478	0.0838	0.9999	5.42363389196247	2.65589552700888	5.3696997465743	8.51181569609147	5.85592016908259	0	NA	NA	NA	NA	NA	NA	1	-0.568740441295517	0.32346568956502	1	0.498125872207586	0.248129384562568	1	-1.93595051667927	3.74790440303075	1	1.53242339869787	2.34832147287674	1.00180572936155	4653.85409269903	0	1.0016680883151	11813.3352225003	0	NA	NA	NA	NA	NA	NA	NA	NA
203	7	7	benefit_positive_truncnorm	benefit_positive_truncnorm	continuous	1	increasing	benefit	1	1	NA	1.72533912423784	3.42896240948939	700	252	420	700	700	252	500	0.64	0.285714285714286	6.82712972954601	24	24	0	2	1	10	4	1	5000	2500	1	0.99	14	10000	101202	0.5359	0.9467	0.259256256008147	-4.98864205098719	0.265332793990877	5.56487962703602	10.5535216780232	1.0649282661915	-0.209733866924666	1.063535423353	2.35314752854387	2.56288139546853	0.526896850308475	0.471490827676838	-10.9369410925909	0.364048163180591	12.0776546861618	23.0145957787527	0.0761	0.846	1.36947721165183	-1.41991071841597	1.35798863235201	4.66715379446655	6.08706451288251	0	NA	NA	NA	NA	NA	NA	1	-1.46608286822969	2.14939897651661	1	-0.660410858046337	0.436142501425499	1	-2.95747158181256	8.74663815722886	1	-2.05948519783757	4.24147928011205	1.00181260836736	4750.1113731141	0	1.00236596307522	7267.88266720864	0	NA	NA	NA	NA	NA	NA	NA	NA
177	7	7	benefit_positive_truncnorm	benefit_positive_truncnorm	continuous	1	increasing	benefit	1	1	NA	2.43982246066398	4.9382327091099	700	252	420	700	700	252	487	0.64	0.304285714285714	7.52255200371031	24	24	0	2	1	10	4	1	5000	2500	1	0.99	14	10000	101176	0.6389	0.9763	0.890325683680314	-4.15228918248955	0.922707792649895	5.84171941485537	9.99400859734492	1.29451630782267	0.0166932687772511	1.29532473199613	2.57750595544747	2.56081268667022	0.572639356731501	0.944904602922093	-9.87421890478216	0.877341691256145	11.5164737559652	21.3906926607474	0.0797	0.9143	2.29834173451357	-0.97491599330887	2.32110912833607	5.80368077469856	6.77859676800743	0	NA	NA	NA	NA	NA	NA	1	-1.54949677698367	2.40094026188277	1	-1.14530615284131	1.31172618373617	1	-3.99332810618781	15.9466693636695	1	-2.63989097459633	6.96902435775516	1.00102198164148	4134.87642024272	0	1.00203916594181	11472.1001418974	0	NA	NA	NA	NA	NA	NA	NA	NA
226	7	7	benefit_positive_truncnorm	benefit_positive_truncnorm	continuous	1	increasing	benefit	1	1	NA	2.30940937775829	4.06714939073481	700	252	420	700	700	252	458	0.64	0.345714285714286	8.46443139749052	24	24	0	2	1	10	4	1	5000	2500	1	0.99	14	10000	101225	0.8265	1	2.32238736363666	-2.67179212796299	2.39110989444866	6.83006939725251	9.50186152521549	3.02627577993341	1.76421523507886	3.02369119888998	4.2929514707564	2.52873623567754	0.740092699884125	3.13356811019053	-7.19299870510112	3.09355757726454	12.4980633954171	19.6910621005182	0.137	1	5.94504480184287	2.82485455595636	5.80414055197589	10.1148357322406	7.28998117628426	0.0012	NA	NA	NA	NA	NA	NA	1	0.0129779858783756	0.000168428117459317	1	0.716866402175126	0.513897438567509	1	-0.933581280544278	0.871574007382694	1	1.87789541110806	3.52649117506072	1.00135986653603	4893.21569132743	0	1.00190584486849	9962.92979411548	0	NA	NA	NA	NA	NA	NA	NA	NA
232	7	7	benefit_positive_truncnorm	benefit_positive_truncnorm	continuous	1	increasing	benefit	1	1	NA	2.1481700328313	4.3285463509311	700	252	420	700	700	252	477	0.64	0.318571428571429	6.75117180874603	24	24	0	2	1	10	4	1	5000	2500	1	0.99	14	10000	101231	0.7228	1	1.64455390166842	-3.66927446776765	1.66148569117787	6.79302219351626	10.4622966612839	2.86922205497112	1.54313712708441	2.87369666554686	4.18553033067562	2.64239320359121	0.649777101228662	2.0645081201089	-8.8902143386093	1.93449616880406	12.7727801698529	21.6629945084622	0.0803	0.9996	6.32142475715666	2.19144579768065	6.17134432054873	10.4931461710025	8.30170037332188	0	NA	NA	NA	NA	NA	NA	1	-0.503616131162881	0.253629207567468	1	0.721052022139813	0.519916018631914	1	-2.26403823082221	5.12586911062455	1	1.99287840622556	3.97156434200011	1.00180487189849	4432.39283236779	0	1.00139059374246	9532.72331474741	0	NA	NA	NA	NA	NA	NA	NA	NA
239	7	7	benefit_positive_truncnorm	benefit_positive_truncnorm	continuous	1	increasing	benefit	1	1	NA	1.89143132283067	3.54303365537234	700	252	420	700	700	252	487	0.64	0.304285714285714	7.03282511908061	24	24	0	2	1	10	4	1	5000	2500	1	0.99	14	10000	101238	0.5193	0.9986	0.124912169532604	-4.64268443536807	0.139159924365914	5.05633135494955	9.69901579031762	1.96749420849402	0.678564371138791	1.97774013085417	3.26294952450822	2.58438515336943	0.402849604221636	-1.02250094523256	-11.9120797548212	-1.06475200298845	9.93850482411886	21.8505845789401	0.0525	0.9674	2.99089639407501	-0.167286594038085	2.95039934147052	6.20326023141533	6.37054682545341	0	NA	NA	NA	NA	NA	NA	1	-1.76651915329806	3.1205899189689	1	0.0760628856633538	0.00578556257543644	1	-4.56553460060489	20.8441061893205	1	-0.552137261297321	0.304855555312906	1.0017422919021	4705.01151287413	0	1.0023914729636	9369.87266940112	0	NA	NA	NA	NA	NA	NA	NA	NA
231	7	7	benefit_positive_truncnorm	benefit_positive_truncnorm	continuous	1	increasing	benefit	1	1	NA	2.10019820604494	4.65207684908854	700	252	420	700	700	252	492	0.64	0.297142857142857	7.01456393756795	24	24	0	2	1	10	4	1	5000	2500	1	0.99	14	10000	101230	0.6783	0.9815	1.15146560466559	-3.55771234112668	1.17310014360313	5.81846540293492	9.3761777440616	1.34512414376709	0.0791803568496596	1.35113093075507	2.62073247247094	2.54155211562128	0.735534655489675	2.28476448593443	-7.28510084017213	1.5044567013667	12.6327956870153	19.9178965271874	0.0218	0.9021	2.09352127600817	-1.20284994673994	2.06041836271414	5.54695276570941	6.74980271244935	0	NA	NA	NA	NA	NA	NA	1	-0.948732601379352	0.900093548920033	1	-0.75507406227785	0.570136839524775	1	-2.36731236315411	5.60416782474231	1	-2.55855557308037	6.5462066205406	1.00137191726828	4794.5681873969	0	1.0020383225289	13324.8596413217	0	NA	NA	NA	NA	NA	NA	NA	NA
222	7	7	benefit_positive_truncnorm	benefit_positive_truncnorm	continuous	1	increasing	benefit	1	1	NA	1.52945986034538	2.64236142917475	700	252	420	700	700	252	495	0.64	0.292857142857143	6.334593820356	24	24	0	2	1	10	4	1	5000	2500	1	0.99	14	10000	101221	0.4907	0.9881	-0.0371787886755359	-5.32329182632451	-0.0634215281063408	5.31876276359828	10.6420545899228	1.53109400664275	0.198464803982207	1.53413264765703	2.83994482921031	2.6414800252281	0.491162292447777	-0.180076328014409	-11.6019812699694	-0.10198943229738	11.1434508494026	22.745432119372	0.0665	0.9286	2.16216413545599	-0.642967290108168	2.13828466073161	4.97076181672335	5.61372910683152	0	NA	NA	NA	NA	NA	NA	1	-1.56663864902091	2.45435665660607	1	0.00163414629737502	2.67043412122448e-06	1	-2.82243775718916	7.96615489320697	1	-0.480197293718764	0.230589440894825	1.00146386495797	4549.09400957674	0	1.00200529711814	6530.28762849941	0	NA	NA	NA	NA	NA	NA	NA	NA
228	7	7	benefit_positive_truncnorm	benefit_positive_truncnorm	continuous	1	increasing	benefit	1	1	NA	1.77969467413327	3.51154158758157	700	252	420	700	700	252	477	0.64	0.318571428571429	8.17527828637378	24	24	0	2	1	10	4	1	5000	2500	1	0.99	14	10000	101227	0.4734	0.8602	-0.176619249973963	-4.91404015517465	-0.165512238286707	4.49416766686697	9.40820782204162	0.717832406337019	-0.559737702390236	0.719315941148231	2.00158039943482	2.56131810182506	0.495890410958904	-0.101994343808633	-10.6109998267187	-0.0472592579638542	10.369772959428	20.9807727861467	0.124	0.8248	1.76498171624422	-1.39535049122955	1.61473722240847	5.43260343471533	6.82795392594488	0	NA	NA	NA	NA	NA	NA	1	-1.95631392410723	3.82716416965582	1	-1.06186226779625	1.12755147576939	1	-3.6135359313902	13.0576419274481	1	-1.74655987133735	3.05047138416593	1.00105799602118	4649.57346018262	0	1.00206579518302	10727.7491622359	0	NA	NA	NA	NA	NA	NA	NA	NA
225	7	7	benefit_positive_truncnorm	benefit_positive_truncnorm	continuous	1	increasing	benefit	1	1	NA	1.89063127620967	3.45055532614814	700	252	420	700	700	252	494	0.64	0.294285714285714	6.80323696471127	24	24	0	2	1	10	4	1	5000	2500	1	0.99	14	10000	101224	0.6413	0.9952	1.00433551438913	-4.35209753342398	1.00581971065158	6.25073238299666	10.6028299164206	1.70306897770571	0.396661738590425	1.70036375844783	2.99727909877341	2.60061736018299	0.58619939050936	1.17534010486393	-10.4412471784376	1.11117824359463	12.4101326622628	22.8513798407004	0.0812	0.9826	3.13986348512093	0.275065650602629	3.16973490104053	5.97060012321249	5.69553447260986	0	NA	NA	NA	NA	NA	NA	1	-0.886295761820546	0.785520177421062	1	-0.187562298503968	0.0351796158200914	1	-2.27521522128421	5.17660430316335	1	-0.310691841027205	0.0965294200808743	1.00189771126372	4149.62576284755	0	1.00149225967889	6957.82692694088	0	NA	NA	NA	NA	NA	NA	NA	NA
223	7	7	benefit_positive_truncnorm	benefit_positive_truncnorm	continuous	1	increasing	benefit	1	1	NA	1.6812282204593	2.85553364505757	700	252	420	700	700	252	498	0.64	0.288571428571429	5.95766118115128	24	24	0	2	1	10	4	1	5000	2500	1	0.99	14	10000	101222	0.6115	0.9951	0.810291756672692	-4.80135516611406	0.818498790868458	6.5717658909656	11.3731210570797	1.68358305463893	0.369372484018358	1.69064452207487	2.98055239201209	2.61117990799373	0.558594167289819	0.904999208413506	-10.909170122858	0.827411072799462	12.5017806497425	23.4109507726006	0.0639	0.981	2.61799649459635	0.154020272211346	2.6007221850338	5.05796972117465	4.9039494489633	0	NA	NA	NA	NA	NA	NA	1	-0.870936463786613	0.75853032395313	1	0.00235483417962956	5.54524401355163e-06	1	-1.95053443664406	3.80458458853437	1	-0.237537150461223	0.0564238978492375	1.00153218159493	4265.18047750291	0	1.00172012479901	11283.6415838775	0	NA	NA	NA	NA	NA	NA	NA	NA
224	7	7	benefit_positive_truncnorm	benefit_positive_truncnorm	continuous	1	increasing	benefit	1	1	NA	2.21046726351605	4.76559181920692	700	252	420	700	700	252	471	0.64	0.327142857142857	6.92090357490467	24	24	0	2	1	10	4	1	5000	2500	1	0.99	14	10000	101223	0.7455	1	1.86373497393322	-3.68554086723349	1.93967401967396	7.16071110628595	10.8462519735194	3.37437495678948	2.0350338251519	3.38415711008493	4.66160151850795	2.62656769335606	0.659123682750971	2.24333822358754	-9.16843034199282	2.19384612065801	12.9963342531407	22.1647645951335	0.0985	1	9.23842101849865	4.76491080720878	9.47130487924906	12.8399850030219	8.07507419581311	0.0024	NA	NA	NA	NA	NA	NA	1	-0.346732289582824	0.120223280639348	1	1.16390769327343	1.35468111846108	1	-2.52225359561938	6.36176320061491	1	4.47282919929173	20.0062010460367	1.00161901717892	4516.64600120853	0	1.001605074739	11755.924821116	0	NA	NA	NA	NA	NA	NA	NA	NA
255	7	7	benefit_positive_truncnorm	benefit_positive_truncnorm	continuous	1	increasing	benefit	1	1	NA	2.14223984536633	3.99532274886957	700	252	420	700	700	252	477	0.64	0.318571428571429	6.88891049731227	24	24	0	2	1	10	4	1	5000	2500	1	0.99	14	10000	101254	0.6976	1	1.42751842553249	-4.0506648683816	1.44134962376901	6.75545904509015	10.8061239134718	2.81123282428838	1.50115005386729	2.81480310425676	4.12168873431738	2.62053868045009	0.631441048034935	1.81759153489478	-9.56060954991255	1.73369132674794	12.7062913682919	22.2669009182044	0.084	0.999599959996	7.25973618500306	2.90193742334406	7.43398534097908	11.2117795777504	8.3098421544063	1e-04	NA	NA	NA	NA	NA	NA	1	-0.714721419833845	0.510826707969308	1	0.668992978922053	0.447551605847002	1	-2.1777312139748	4.74251324032014	1	3.26441343613348	10.6563950820088	1.00151976699163	4563.04765400298	0	1.00149654283673	10278.5804047387	0	NA	NA	NA	NA	NA	NA	NA	NA
176	7	7	benefit_positive_truncnorm	benefit_positive_truncnorm	continuous	1	increasing	benefit	1	1	NA	2.2350016066705	4.87271158704861	700	252	420	700	700	252	460	0.64	0.342857142857143	6.33149228035772	24	24	0	2	1	10	4	1	5000	2500	1	0.99	14	10000	101175	0.71	0.9996	1.43817907052082	-3.8047006966945	1.4931351936073	6.48878087507897	10.2934815717735	2.43050597746487	1.05578967849186	2.43950678390427	3.75703959027405	2.70124991178219	0.675135537365791	2.35065522172742	-8.29435103117651	2.1746292969696	12.8885561756457	21.1829072068222	0.0593	0.998	6.2713671924291	1.92580483365665	6.36509910924376	11.0364374774863	9.11063264382964	0	NA	NA	NA	NA	NA	NA	1	-0.796822536149676	0.634926154116002	1	0.195504370794377	0.0382219589997053	1	-2.52205636532119	6.36076830985715	1	1.39865560538049	1.95623750246226	1.00129902403483	4161.51677785918	0	1.00185622106081	9946.56735293933	0	NA	NA	NA	NA	NA	NA	NA	NA
254	7	7	benefit_positive_truncnorm	benefit_positive_truncnorm	continuous	1	increasing	benefit	1	1	NA	1.57355562883779	2.95522935380325	700	252	420	700	700	252	476	0.64	0.32	7.12580461367645	24	24	0	2	1	10	4	1	5000	2500	1	0.99	14	10000	101253	0.534	0.9868	0.1891681494737	-4.85133407044455	0.220907445787944	5.31143000007671	10.1627640705213	1.46372269929818	0.179658509920093	1.46120848735716	2.75155460949032	2.57189609957023	0.512731229597388	0.0783923123353047	-10.7674697950564	0.147914443815921	11.0465833150732	21.8140531101296	0.081	0.9571	3.02676769566538	-0.351501940156011	2.98202897770904	6.69728405100414	7.04878599116015	0	NA	NA	NA	NA	NA	NA	1	-1.38438747936409	1.91652869302006	1	-0.109832929539612	0.0120632724112533	1	-2.87683704146794	8.27619136316202	1	0.0715383418621363	0.00511773435638388	1.00138404592397	4642.51654605783	0	1.00128277317414	11755.5692227266	0	NA	NA	NA	NA	NA	NA	NA	NA
238	7	7	benefit_positive_truncnorm	benefit_positive_truncnorm	continuous	1	increasing	benefit	1	1	NA	2.34499410526434	4.80270513971862	700	252	420	700	700	252	489	0.64	0.301428571428571	6.50784581079203	24	24	0	2	1	10	4	1	5000	2500	1	0.99	14	10000	101237	0.5428	0.948	0.276492049013672	-4.93853323640695	0.304788271191034	5.49394702661132	10.4324802630183	1.11451932823538	-0.203257945250658	1.11427497879066	2.42480227307212	2.62806021832278	0.541774332472007	0.575643997558263	-10.7402950276099	0.542818191325896	11.8871662500324	22.6274612776423	0.0712	0.9244	2.67939493709179	-0.950732348005453	2.69259658197639	6.1635499594054	7.11428230741085	0	NA	NA	NA	NA	NA	NA	1	-2.06850205625067	4.27870075671325	1	-1.23047477702896	1.51406817690446	1	-4.22706114216036	17.868045899562	1	-2.12331020262683	4.50844621657919	1.00168628413899	4315.16166963145	0	1.00181715585893	6953.68312729706	0	NA	NA	NA	NA	NA	NA	NA	NA
253	7	7	benefit_positive_truncnorm	benefit_positive_truncnorm	continuous	1	increasing	benefit	1	1	NA	1.7486521619191	3.17177275020441	700	252	420	700	700	252	483	0.64	0.31	6.77407251218487	24	24	0	2	1	10	4	1	5000	2500	1	0.99	14	10000	101252	0.5867	0.997	0.603493127374524	-4.81900197459527	0.572506722078489	5.90097775714671	10.719979731742	1.89137962853553	0.551503325062973	1.89959071559181	3.19690046723309	2.64539714217012	0.546542983496926	0.632579591978786	-10.8424868450825	0.608278864997631	11.954670813913	22.7971576589954	0.0729	0.9554	2.85035335222485	-0.428983714611795	2.84065857639798	6.4603236149447	6.8893073295565	0	NA	NA	NA	NA	NA	NA	1	-1.14515903454458	1.31138921439907	1	0.142727466616434	0.0203711297267453	1	-2.53919315822563	6.44750189477983	1	-0.321419397979568	0.103310429397548	1.00175898557055	4630.40598577433	0	1.00158401988064	13241.8667061771	0	NA	NA	NA	NA	NA	NA	NA	NA
230	7	7	benefit_positive_truncnorm	benefit_positive_truncnorm	continuous	1	increasing	benefit	1	1	NA	1.9573690535421	3.35170798205939	700	252	420	700	700	252	484	0.64	0.308571428571429	6.43303331032334	24	24	0	2	1	10	4	1	5000	2500	1	0.99	14	10000	101229	0.7263	0.9991	1.59975578750674	-3.79897798389492	1.64225381252912	6.68167423196776	10.4806522158627	1.99168378275079	0.686829128982396	1.99095063533929	3.24648842939163	2.55965930040923	0.677897721077309	2.43711238620125	-8.76490364454934	2.26081829975838	13.1971173600802	21.9620210046295	0.0829	0.9822	3.38590625933232	0.197566855291056	3.30769241719547	7.15736725997834	6.95980040468728	0	NA	NA	NA	NA	NA	NA	1	-0.357613266035358	0.127887248044476	1	0.0343147292086901	0.00117750064066573	1	-0.914595595858141	0.836485103963109	1	0.0341982772729237	0.00116952216843577	1.00149489447811	4601.74043717504	0	1.0013566566491	10466.3933875297	0	NA	NA	NA	NA	NA	NA	NA	NA
240	7	7	benefit_positive_truncnorm	benefit_positive_truncnorm	continuous	1	increasing	benefit	1	1	NA	2.27596819472906	4.36941828263415	700	252	420	700	700	252	499	0.64	0.287142857142857	6.70849252329601	24	24	0	2	1	10	4	1	5000	2500	1	0.99	14	10000	101239	0.4579	0.8956	-0.294738955767127	-5.46023936618606	-0.305322995584361	5.05501221959073	10.5152515857768	0.844155212796403	-0.479581487671908	0.846892452944632	2.137483885324	2.61706537299591	0.473439359515309	-0.370675047927129	-11.6668686817749	-0.327853883377294	10.772529849863	22.4393985316379	0.0757	0.678	0.643687172771833	-2.23981971699035	0.739603557805647	3.27036750845749	5.51018722544784	0	NA	NA	NA	NA	NA	NA	1	-2.57070715049619	6.60853525361224	0	-1.43181298193266	2.0500884152309	1	-4.74009333056128	22.4684847824315	0	-3.72573110986232	13.8810723029959	1.00128650455629	4474.37037763634	0	1.00163119559911	5691.2158941465	0	NA	NA	NA	NA	NA	NA	NA	NA
221	7	7	benefit_positive_truncnorm	benefit_positive_truncnorm	continuous	1	increasing	benefit	1	1	NA	2.18266122071899	3.98436259944374	700	252	420	700	700	252	471	0.64	0.327142857142857	7.34143939764055	24	24	0	2	1	10	4	1	5000	2500	1	0.99	14	10000	101220	0.6224	0.9747	0.781223335260539	-3.92132355673711	0.767478355466382	5.55725483559527	9.47857839233238	1.31862932121807	-0.00243030729036997	1.32775558452772	2.62107830964228	2.62350861693265	0.571907077255538	0.935939460845821	-9.80837441529031	0.876055784987701	11.1896297394801	20.9980041547704	0.0745	0.9062	2.38465814909659	-1.20212676895898	2.48242730794362	6.26673262615383	7.46885939511281	0	NA	NA	NA	NA	NA	NA	1	-1.40143788545845	1.96402814679826	1	-0.864031899500921	0.74655112335517	1	-3.04842313859792	9.29288363193917	1	-1.59970445034715	2.55905432846047	1.00125413281449	4810.68756602587	0	1.00144690794969	6363.0339331613	0	NA	NA	NA	NA	NA	NA	NA	NA
227	7	7	benefit_positive_truncnorm	benefit_positive_truncnorm	continuous	1	increasing	benefit	1	1	NA	1.79134471197482	3.43395338553174	700	252	420	700	700	252	491	0.64	0.298571428571429	7.21924130115104	24	24	0	2	1	10	4	1	5000	2500	1	0.99	14	10000	101226	0.7017	1	1.34598109745807	-3.81820321502071	1.35219992033924	6.31374341162957	10.1319466266503	2.53800489239014	1.24059983442674	2.54464851492946	3.82325832941705	2.58265849499031	0.643393725143615	1.93793065831395	-8.75699182120852	1.80661169063045	12.3177276751207	21.0747194963292	0.0948	0.9994	4.14725425446736	1.81630829216504	4.06422969199807	7.03724106573156	5.22093277356653	0	NA	NA	NA	NA	NA	NA	1	-0.445363614516745	0.19834874913542	1	0.746660180415321	0.55750142501784	1	-1.4960227272178	2.23808400035218	1	0.713300868935612	0.508798129624299	1.00117717458137	4329.48783671489	0	1.00115086001399	7030.09487198294	0	NA	NA	NA	NA	NA	NA	NA	NA
220	7	7	benefit_positive_truncnorm	benefit_positive_truncnorm	continuous	1	increasing	benefit	1	1	NA	2.04199589725619	3.83146640406789	700	252	420	700	700	252	457	0.64	0.347142857142857	6.86662533086932	24	24	0	2	1	10	4	1	5000	2500	1	0.99	14	10000	101219	0.504	0.9811	0.060773433275964	-5.26381352373894	0.0250386205387985	5.44511036121829	10.7089238849572	1.44189492865343	0.0873587405874972	1.43987878685781	2.76964268602723	2.68228394543973	0.512558442970534	0.197844268713536	-11.1027445053526	0.124672120000193	11.6819442885977	22.7846887939503	0.0803	0.977697769776978	3.83002745063939	0.0494926123784064	3.45804221422921	9.97541423563704	9.92592162325863	1e-04	NA	NA	NA	NA	NA	NA	1	-1.98122246398023	3.92524245177988	1	-0.600100968602759	0.360121172517969	1	-3.63362213535435	13.2032098225371	1	-0.00143895342849287	2.07058696937139e-06	1.00128821322658	4098.90813523696	0	1.00191355386765	6962.79478173152	0	NA	NA	NA	NA	NA	NA	NA	NA
243	7	7	benefit_positive_truncnorm	benefit_positive_truncnorm	continuous	1	increasing	benefit	1	1	NA	2.77306132889035	6.08031694102576	700	252	420	700	700	252	479	0.64	0.315714285714286	8.12076417235201	24	24	0	2	1	10	4	1	5000	2500	1	0.99	14	10000	101242	0.7902	0.9964	1.92318242819228	-2.80259550120978	1.99866376077005	6.24747358269329	9.05006908390307	1.75043456984525	0.471313723727822	1.74767483096898	3.0477554490457	2.57644172531787	0.809772929652716	3.84361716923836	-6.10351193611522	3.67602007525362	13.1716591233142	19.2751710594294	0.1016	0.9965	3.84729153425311	0.916855727994147	3.73446030284832	6.97262332884733	6.05576760085318	0	NA	NA	NA	NA	NA	NA	1	-0.849878900698071	0.722294145851761	1	-1.0226267590451	1.04576548831508	1	-2.23669977178741	5.00282586911384	1	-2.23302540677266	4.9864024672922	1.00117431863024	4515.13140387082	0	1.00279447711249	11144.4506678748	0	NA	NA	NA	NA	NA	NA	NA	NA
241	7	7	benefit_positive_truncnorm	benefit_positive_truncnorm	continuous	1	increasing	benefit	1	1	NA	2.03498732511862	3.98199182010916	700	252	420	700	700	252	496	0.64	0.291428571428571	6.79943481029498	24	24	0	2	1	10	4	1	5000	2500	1	0.99	14	10000	101240	0.7103	0.9999	1.50271632544125	-3.91168433700186	1.5369193471637	6.75066608062327	10.6623504176251	2.82955886478866	1.50943238602202	2.83066145480487	4.10934205903394	2.59990967301191	0.654279523293608	2.16873871933234	-9.05914363678151	1.95474344350157	12.9255496696572	21.9846933064387	0.077	0.9998	4.33277146479578	1.76607955336889	4.01771045864439	8.32453719262307	6.55845763925419	0	NA	NA	NA	NA	NA	NA	1	-0.532270999677363	0.28331241709754	1	0.794571539670047	0.631343931653629	1	-1.81325310077682	3.28788680747676	1	0.350779644686622	0.123046359126473	1.00157223849978	4757.99115175913	0	1.00250662503457	5819.2307086016	0	NA	NA	NA	NA	NA	NA	NA	NA
242	7	7	benefit_positive_truncnorm	benefit_positive_truncnorm	continuous	1	increasing	benefit	1	1	NA	1.73081590898304	2.854225984694	700	252	420	700	700	252	481	0.64	0.312857142857143	6.97671531975716	24	24	0	2	1	10	4	1	5000	2500	1	0.99	14	10000	101241	0.5082	0.8982	0.0680703136205559	-5.3434398152379	0.0537383153549751	5.37328124131395	10.7167210565518	0.863738457061512	-0.462693293117435	0.858504401806711	2.19086234449005	2.65355563760748	0.496969040917948	-0.0579699274983651	-11.4103229059714	-0.0357718024870808	11.1521695277742	22.5624924337456	0.0762	0.6993	1.14211734091062	-2.51985285113891	0.992964983860501	5.72817356667553	8.24802641781444	0	NA	NA	NA	NA	NA	NA	1	-1.66274559536248	2.76472291489734	1	-0.867077451921526	0.751823307630727	1	-2.91219591219237	8.48088503098993	1	-1.71210864378338	2.93131600811778	1.001112816288	4771.69733939035	0	1.00155994861681	11149.795404939	0	NA	NA	NA	NA	NA	NA	NA	NA
244	7	7	benefit_positive_truncnorm	benefit_positive_truncnorm	continuous	1	increasing	benefit	1	1	NA	2.01271358332554	3.78854786901421	700	252	420	700	700	252	490	0.64	0.3	7.39968620340406	24	24	0	2	1	10	4	1	5000	2500	1	0.99	14	10000	101243	0.5974	0.9951	0.572200721013778	-4.36570458235568	0.628015031855948	5.44860286906793	9.81430745142361	1.71301464564161	0.446526009866709	1.72068386633483	2.96176876283313	2.51524275296642	0.565884769214139	0.818352177799541	-9.91837108376124	0.746718733695962	11.3802617217939	21.2986328055552	0.0749	0.9725	3.1215332703419	-0.0351892368743864	3.01292421678366	6.42936557608949	6.46455481296387	0	NA	NA	NA	NA	NA	NA	1	-1.44051286231176	2.07507730648563	1	-0.299698937683934	0.0898194532488786	1	-2.97019569121467	8.82206244411017	1	-0.66701459867231	0.444908474841983	1.00129309765532	4329.04598104564	0	1.0012838874837	12364.4529758326	0	NA	NA	NA	NA	NA	NA	NA	NA
247	7	7	benefit_positive_truncnorm	benefit_positive_truncnorm	continuous	1	increasing	benefit	1	1	NA	2.79257998557391	6.17866213355086	700	252	420	700	700	252	487	0.64	0.304285714285714	7.08737502201116	24	24	0	2	1	10	4	1	5000	2500	1	0.99	14	10000	101246	0.6787	0.998	1.12893024092962	-3.84396184520991	1.15186823297083	5.79374215892011	9.63770400413002	1.95778000197386	0.635506634868762	1.96212713912803	3.23768188368332	2.60217524881456	0.684762625716449	2.34833687538574	-8.07891109383693	2.23992455531806	12.6934639399316	20.7723750337686	0.0753	0.9984	4.34953488307444	1.36891342880924	4.34183329873321	7.48077232965344	6.11185890084421	0	NA	NA	NA	NA	NA	NA	1	-1.66364974464429	2.76773047285503	1	-0.834799983600053	0.696891012618649	1	-3.83032525816513	14.6713915833377	1	-1.82912725047642	3.34570649843543	1.00140028964528	4711.23361047596	0	1.00185464854027	7151.06393906342	0	NA	NA	NA	NA	NA	NA	NA	NA
252	7	7	benefit_positive_truncnorm	benefit_positive_truncnorm	continuous	1	increasing	benefit	1	1	NA	2.52724209196374	5.3525334547836	700	252	420	700	700	252	482	0.64	0.311428571428571	8.14314377954926	24	24	0	2	1	10	4	1	5000	2500	1	0.99	14	10000	101251	0.7757	0.9998	1.8702535755839	-3.01206640173487	1.89277812839738	6.57577256521884	9.58783896695371	2.41325490460208	1.10431945085379	2.41610576223949	3.7119427281166	2.60762327726281	0.65269811541613	1.97398198096352	-8.51807478981161	1.93745278823086	11.8756934337865	20.3937682235981	0.1457	0.9993	4.88291214770804	1.98718233137391	4.90534544560795	7.78818298333748	5.80100065196357	0	NA	NA	NA	NA	NA	NA	1	-0.656988516379841	0.431633910654984	1	-0.113987187361661	0.0129930788826224	1	-3.37855147382008	11.4146100612518	1	-0.469621307075559	0.220544172059356	1.00167940922999	4791.52882418578	0	1.00090183136997	10521.9514103906	0	NA	NA	NA	NA	NA	NA	NA	NA
246	7	7	benefit_positive_truncnorm	benefit_positive_truncnorm	continuous	1	increasing	benefit	1	1	NA	2.34626664546558	4.37148483305725	700	252	420	700	700	252	482	0.64	0.311428571428571	8.07684175728527	24	24	0	2	1	10	4	1	5000	2500	1	0.99	14	10000	101245	0.8466	1	2.44609424769228	-2.20012777186459	2.49313190100208	6.78479154733237	8.98491931919695	2.75041170879927	1.46336762050443	2.74828965377452	4.02185806703522	2.55849044653079	0.841163556531284	4.27093701112396	-5.61934514175715	4.07391878673725	13.4735216400439	19.0928667818011	0.089	0.9981	5.53861203094913	1.80211962514753	5.62139540219045	8.74940546383841	6.94728583869089	0	NA	NA	NA	NA	NA	NA	1	0.0998276022266968	0.00996555016633161	1	0.404145063333693	0.163333232216995	1	-0.100547821933291	0.0101098644955288	1	1.16712719789188	1.36218589605896	1.00185536230093	4490.16578257882	0	1.00162532441055	12277.364393322	0	NA	NA	NA	NA	NA	NA	NA	NA
274	7	7	benefit_positive_truncnorm	benefit_positive_truncnorm	continuous	1	increasing	benefit	1	1	NA	1.7721239328644	3.22101570766518	700	252	420	700	700	252	472	0.64	0.325714285714286	6.69451391321066	24	24	0	2	1	10	4	1	5000	2500	1	0.99	14	10000	101273	0.5377	0.9644	0.26672030822359	-5.0097067706365	0.280939769313016	5.56864377288385	10.5783505435204	1.24694779952258	-0.106231648760432	1.2447136450328	2.59430031009064	2.70053195885107	0.504380746349378	0.0734202648678645	-11.5437588722643	0.0466749175068717	11.4317760167554	22.9755348890198	0.0755	0.8438	2.16796403525347	-1.79930442954478	2.23817435962047	6.17068479502629	7.96998922457107	0	NA	NA	NA	NA	NA	NA	1	-1.50540362464081	2.2662400730817	1	-0.525176133341829	0.275809971031875	1	-3.14759544279731	9.9073570715184	1	-1.0530516724117	1.10891782476909	1.00163587170403	4433.83357643212	0	1.00149482178363	12339.6934699717	0	NA	NA	NA	NA	NA	NA	NA	NA
271	7	7	benefit_positive_truncnorm	benefit_positive_truncnorm	continuous	1	increasing	benefit	1	1	NA	1.30332162633606	1.92876472989928	700	252	420	700	700	252	505	0.64	0.278571428571429	6.21472397217104	24	24	0	2	1	10	4	1	5000	2500	1	0.99	14	10000	101270	0.5683	0.9942	0.44825938963573	-4.61322735722338	0.45160397841527	5.51127640398415	10.1245037612075	1.64647113924423	0.371104726599884	1.64812810633173	2.93181887506466	2.56071414846477	0.540099729898192	0.522700926968237	-10.5536563392993	0.421651542788391	11.5486782044611	22.1023345437603	0.0374	0.886	1.99744127069811	-1.0353473500313	1.98462262887976	5.1067064089314	6.1420537589627	0	NA	NA	NA	NA	NA	NA	1	-0.855062236700325	0.731131428630962	1	0.343149512908173	0.117751588209116	1	-1.40606380293104	1.97701541791291	1	0.0686765407988297	0.00471646725609332	1.000999302039	4454.2818302388	0	1.00164525312844	6667.39602279542	0	NA	NA	NA	NA	NA	NA	NA	NA
219	7	7	benefit_positive_truncnorm	benefit_positive_truncnorm	continuous	1	increasing	benefit	1	1	NA	2.3695748536621	4.69330050893132	700	252	420	700	700	252	462	0.64	0.34	7.54520899924779	24	24	0	2	1	10	4	1	5000	2500	1	0.99	14	10000	101218	0.676	0.9992	1.15267160182513	-3.90321952905587	1.14538987810516	6.07327580914404	9.97649533819992	2.19191270263116	0.860608259375199	2.19422862431442	3.48178164257239	2.62117338319719	0.604125083166999	1.41196138388428	-9.67962661888437	1.30607617272865	11.9553867491036	21.635013367988	0.0982	0.998498799039231	5.33388692192791	1.65790596415278	4.97961189622926	10.6852475420358	9.02734157788298	8e-04	NA	NA	NA	NA	NA	NA	1	-1.21690325183697	1.4808535243314	1	-0.17766215103094	0.0315638399089405	1	-3.28133912504703	10.7671864535644	1	0.640586412996592	0.410350952515841	1.00187881365749	4537.98320831245	0	1.00177548564745	11593.9071931122	0	NA	NA	NA	NA	NA	NA	NA	NA
263	7	7	benefit_positive_truncnorm	benefit_positive_truncnorm	continuous	1	increasing	benefit	1	1	NA	2.08941466668013	4.13652444601077	700	252	420	700	700	252	500	0.64	0.285714285714286	7.34248571007034	24	24	0	2	1	10	4	1	5000	2500	1	0.99	14	10000	101262	0.6191	0.9987	0.756579028015966	-4.23806050435601	0.793945643101705	5.64198837969078	9.8800488840468	1.91744653489132	0.669475126686431	1.9212039168288	3.18607874991498	2.51660362322855	0.574295010845987	0.96136629442042	-9.86173034467416	0.902316047452273	11.2919013945687	21.1536317392428	0.078	0.9992	4.01896855728449	1.2808978906273	4.17356700469311	6.38621910107215	5.10532121044485	0	NA	NA	NA	NA	NA	NA	1	-1.33283563866416	1.7764508396933	1	-0.171968131788808	0.0295730383509329	1	-3.17515815159035	10.0816292876106	1	-0.117555888726276	0.0138193869742246	1.00133486645146	4539.48979705247	0	1.0017939657333	11675.0213816935	0	NA	NA	NA	NA	NA	NA	NA	NA
262	7	7	benefit_positive_truncnorm	benefit_positive_truncnorm	continuous	1	increasing	benefit	1	1	NA	1.39775039092361	2.08068935316578	700	252	420	700	700	252	478	0.64	0.317142857142857	6.83959295964978	24	24	0	2	1	10	4	1	5000	2500	1	0.99	14	10000	101261	0.5211	0.9937	0.143032692196166	-4.87113584398469	0.138838090076124	5.21096111065726	10.0820969546419	1.64667604739257	0.363701866556824	1.64753160997353	2.94024264099549	2.57654077443867	0.510629019949853	0.147727616381136	-11.117573365104	0.108995225923977	11.4105177011037	22.5280910662077	0.0827	0.9838	3.98645838251799	0.297691220510295	3.9175281946512	8.00325427522704	7.70556305471674	0	NA	NA	NA	NA	NA	NA	1	-1.25471769872744	1.57431650349989	1	0.248925656468961	0.0619639824485032	1	-1.93296173678465	3.73634107587352	1	1.90576902935221	3.63195559323807	1.00157477718399	4156.18818242757	0	1.00215418692912	9895.3569215682	0	NA	NA	NA	NA	NA	NA	NA	NA
261	7	7	benefit_positive_truncnorm	benefit_positive_truncnorm	continuous	1	increasing	benefit	1	1	NA	1.899835967046	3.29984833349273	700	252	420	700	700	252	461	0.64	0.341428571428571	7.24151914173292	24	24	0	2	1	10	4	1	5000	2500	1	0.99	14	10000	101260	0.7585	0.9996	1.71659252126991	-3.11875950619956	1.76865932685685	6.37055843145781	9.48931793765737	2.21691834119846	0.877536157284429	2.22280127249194	3.55098348772664	2.67344733044221	0.729787921197115	2.90600582994941	-7.16160701269271	2.71929128412168	12.8890683692126	20.0506753819053	0.0711	0.9988	4.27404087897153	1.34234747972645	4.14565200652735	7.90561112856822	6.56326364884176	0	NA	NA	NA	NA	NA	NA	1	-0.18324344577609	0.0335781604198947	1	0.317082374152458	0.10054123199816	1	-0.393842503543322	0.155111917597272	1	0.9741925454788	0.949051115666464	1.00173536816325	4457.56781738372	0	1.00158777991109	6960.90713608457	0	NA	NA	NA	NA	NA	NA	NA	NA
275	7	7	benefit_positive_truncnorm	benefit_positive_truncnorm	continuous	1	increasing	benefit	1	1	NA	1.85183832884001	3.67469116239015	700	252	420	700	700	252	462	0.64	0.34	6.974231121921	24	24	0	2	1	10	4	1	5000	2500	1	0.99	14	10000	101274	0.5224	0.988	0.139779922883801	-5.16294349548258	0.155607768913446	5.43136786196217	10.5943113574447	1.48313242483805	0.201979456132927	1.47976354205885	2.78222890662504	2.58024945049212	0.518627131530357	0.314345968831739	-11.1053746687432	0.230779411735758	11.8365147669262	22.9418894356694	0.0793	0.9153	3.68900052889435	-1.41142633172787	3.79557264818656	8.40747614596957	9.81890247769744	0	NA	NA	NA	NA	NA	NA	1	-1.71205840595621	2.9311439854053	1	-0.368705904001956	0.1359440436459	1	-3.36034519355841	11.2919198198711	1	0.0143093665041971	0.000204757969751438	1.00122019529621	4568.2328559174	0	1.00131317271965	12075.8477197873	0	NA	NA	NA	NA	NA	NA	NA	NA
237	7	7	benefit_positive_truncnorm	benefit_positive_truncnorm	continuous	1	increasing	benefit	1	1	NA	1.37274819293414	2.50377418164868	700	252	420	700	700	252	479	0.64	0.315714285714286	6.19712553307809	24	24	0	2	1	10	4	1	5000	2500	1	0.99	14	10000	101236	0.6917	0.9889	1.26238671351883	-3.98811201082727	1.28091916672539	6.22882972241902	10.2169417332463	1.60119493490703	0.250016533350751	1.60343566107399	2.92988599548109	2.67986946213034	0.691988950276243	2.54501564544316	-8.27485783229551	2.34816114208463	13.2358102861392	21.5106681184347	0.0588	0.938693869386939	3.47684500140536	-0.953890641133603	3.54727727618923	7.65824693780473	8.61213757893833	1e-04	NA	NA	NA	NA	NA	NA	1	-0.110361479415317	0.0121796561387374	1	0.228446741972889	0.0521879139180279	1	0.04124146379448	0.00170085833591141	1	0.973070819756684	0.946866820261945	1.00164635710499	4307.74555880088	0	1.00148303646968	10470.1583700623	0	NA	NA	NA	NA	NA	NA	NA	NA
260	7	7	benefit_positive_truncnorm	benefit_positive_truncnorm	continuous	1	increasing	benefit	1	1	NA	1.65825030551116	3.13245029493801	700	252	420	700	700	252	469	0.64	0.33	7.24658276380611	24	24	0	2	1	10	4	1	5000	2500	1	0.99	14	10000	101259	0.7951	1	2.11667909566937	-3.02550567200887	2.16618115773887	6.95724359827305	9.98274927028192	3.18897575484653	1.89094537688695	3.17859348828091	4.46921911989284	2.57827374300588	0.729037267080745	2.97941658485016	-7.69258185410876	2.88670309317749	12.9343775137484	20.6269593678572	0.0984	0.999899849774662	6.66973292000838	3.00246748985404	6.4640481030915	10.6153823908566	7.61291490100257	0.0015	NA	NA	NA	NA	NA	NA	1	0.458428790158206	0.210156955645916	0	1.53072544933536	2.34312040124295	1	-0.15303371008785	0.0234193164232521	1	3.53728262507037	12.5123683696247	1.00128000011284	4495.36586071761	0	1.00243225323274	4995.54717778897	0	NA	NA	NA	NA	NA	NA	NA	NA
256	7	7	benefit_positive_truncnorm	benefit_positive_truncnorm	continuous	1	increasing	benefit	1	1	NA	1.62453761531792	2.89018888741393	700	252	420	700	700	252	495	0.64	0.292857142857143	6.90121085322734	24	24	0	2	1	10	4	1	5000	2500	1	0.99	14	10000	101255	0.7311	1	1.69751314881425	-3.76630349160411	1.7566846864297	6.93818153635176	10.7044850279559	2.86057587531105	1.53030386871096	2.86529903801214	4.15767200136656	2.6273681326556	0.636761487964989	1.93392943676685	-9.5495475452896	1.83195865322504	12.6912919597864	22.240839505076	0.086	0.9999	4.31490936579735	1.90758399381681	4.01137628557737	8.18420689285377	6.27662289903697	0	NA	NA	NA	NA	NA	NA	1	0.0729755334963229	0.00532542848907295	1	1.23603825999313	1.52779058016684	1	-0.956259450647082	0.914432136951859	1	1.42472047838343	2.0298284415251	1.00182016915824	4579.32004454116	0	1.00146008410623	9763.02216524615	0	NA	NA	NA	NA	NA	NA	NA	NA
251	7	7	benefit_positive_truncnorm	benefit_positive_truncnorm	continuous	1	increasing	benefit	1	1	NA	2.27765829718274	4.99016447533939	700	252	420	700	700	252	478	0.64	0.317142857142857	6.92640825694771	24	24	0	2	1	10	4	1	5000	2500	1	0.99	14	10000	101250	0.7533	1	1.91046410330795	-3.67631457761576	1.95780501321316	7.17242850359467	10.8487430812104	2.83893150793784	1.51284224838442	2.84810078955448	4.14278610773268	2.62994385934826	0.683368281646617	2.59748619345767	-8.6819789249005	2.48885034438117	13.1238344244887	21.8058133493892	0.0939	0.999399819945984	6.09178289730071	2.43433775983634	6.1471829534163	10.253035564882	7.81869780504563	3e-04	NA	NA	NA	NA	NA	NA	1	-0.367194193874792	0.134831576015358	1	0.561273210755092	0.315027617111329	1	-2.39267828188171	5.72490936058843	1	1.10161842196132	1.21356314760455	1.00201350489531	4046.61624425978	0	1.0019303005778	7250.16247103993	0	NA	NA	NA	NA	NA	NA	NA	NA
249	7	7	benefit_positive_truncnorm	benefit_positive_truncnorm	continuous	1	increasing	benefit	1	1	NA	1.82383304977532	3.20321959289308	700	252	420	700	700	252	461	0.64	0.341428571428571	6.81084474763652	24	24	0	2	1	10	4	1	5000	2500	1	0.99	14	10000	101248	0.5978	0.9981	0.679255073590505	-4.78069806504862	0.736318076797851	5.98127250686082	10.7619705719094	1.90235886831844	0.538109719212434	1.90404469690413	3.23138039563821	2.69327067642578	0.55886524822695	0.76763271942634	-10.8986367693348	0.820667062975851	11.6305270884724	22.5291638578072	0.0835	0.992999299929993	5.11316153444772	0.79964347997262	5.04498244416622	9.63420769189111	8.83456421191849	1e-04	NA	NA	NA	NA	NA	NA	1	-1.14457797618481	1.31005874356732	1	0.0785258185431221	0.00616630417786734	1	-2.43558687346674	5.93208341820349	1	1.90994194155464	3.64787822010952	1.00137303457478	3896.5420685825	0	1.0013350855649	12036.5466818254	0	NA	NA	NA	NA	NA	NA	NA	NA
273	7	7	benefit_positive_truncnorm	benefit_positive_truncnorm	continuous	1	increasing	benefit	1	1	NA	2.31750011365471	5.2539480390009	700	252	420	700	700	252	471	0.64	0.327142857142857	7.00392864004234	24	24	0	2	1	10	4	1	5000	2500	1	0.99	14	10000	101272	0.8317	1	2.67462032429259	-2.92402637768225	2.76058524609879	7.79804971894385	10.7220760966261	2.74822408180905	1.45749864891762	2.75059324166317	4.04494491926721	2.58744627034959	0.876727115716753	4.97811412126122	-5.52835684974884	4.73920784950261	14.7147709769482	20.243127826697	0.0736	0.999899759422614	7.54555014358001	2.95038167677562	7.74644441734342	11.8488671979072	8.89848552113156	0.0024	NA	NA	NA	NA	NA	NA	1	0.357120210637885	0.127534844846048	1	0.430723968154343	0.185523136742623	1	-0.275833917739678	0.0760843501756192	1	2.29160210457912	5.25144020571143	1.00193017481254	4522.57607986427	0	1.00208461436134	10872.8241303434	0	NA	NA	NA	NA	NA	NA	NA	NA
272	7	7	benefit_positive_truncnorm	benefit_positive_truncnorm	continuous	1	increasing	benefit	1	1	NA	1.69809521625647	3.18308741230972	700	252	420	700	700	252	476	0.64	0.32	7.31099110738102	24	24	0	2	1	10	4	1	5000	2500	1	0.99	14	10000	101271	0.5964	0.958	0.625868837811405	-4.2587994392109	0.662373099388494	5.44249006984386	9.70128950905476	1.19064801327524	-0.161908773762699	1.19143235860089	2.52881571139449	2.69072448515719	0.530357728913686	0.421230787287953	-10.4398526264993	0.408883775939135	11.1726381831972	21.6124908096964	0.0859	0.8628	2.14668900659961	-1.24569508213697	2.26492206439785	5.92501453449581	7.17070961663278	0	NA	NA	NA	NA	NA	NA	1	-1.07222637844506	1.14966940663342	1	-0.507447202981228	0.257502663813472	1	-2.76185662502177	7.62785201717664	1	-1.03639840571011	1.07412165535847	1.00249563858652	4307.00299868913	0	1.0010829971465	12223.181429256	0	NA	NA	NA	NA	NA	NA	NA	NA
258	7	7	benefit_positive_truncnorm	benefit_positive_truncnorm	continuous	1	increasing	benefit	1	1	NA	1.88603916590327	3.66996783581448	700	252	420	700	700	252	478	0.64	0.317142857142857	6.66414296939578	24	24	0	2	1	10	4	1	5000	2500	1	0.99	14	10000	101257	0.7766	1	2.10145664681672	-3.42385482522675	2.14124000798466	7.34609398706249	10.7699488122892	2.91106491939134	1.60632783428798	2.91397852331346	4.19110490117198	2.58477706688401	0.700778764944609	2.83694819987156	-8.06278325984037	2.68112593822665	13.4870493091564	21.5498325689967	0.0883	0.9998	6.75449623306019	3.13956279745458	6.8539373862535	9.94295372165654	6.80339092420196	0	NA	NA	NA	NA	NA	NA	1	0.215417480913449	0.0464046910830962	1	1.02502575348807	1.05067779531379	1	-0.833019635942925	0.693921713866483	1	3.08452839724571	9.51431543341516	1.0019665762353	4221.98587073084	0	1.00191226495787	7029.62333387362	0	NA	NA	NA	NA	NA	NA	NA	NA
248	7	7	benefit_positive_truncnorm	benefit_positive_truncnorm	continuous	1	increasing	benefit	1	1	NA	1.89270828524721	3.12471317496803	700	252	420	700	700	252	487	0.64	0.304285714285714	7.0372645051952	24	24	0	2	1	10	4	1	5000	2500	1	0.99	14	10000	101247	0.8444	1	2.53608164128912	-2.51447559086228	2.59792123791263	7.19193122164385	9.70640681250612	2.76380361057308	1.45234262664962	2.76697625639572	4.04371086718806	2.59136824053845	0.866608353378526	4.91286308020106	-5.30941162658204	4.65887617436635	14.5547208738997	19.8641325004817	0.0854	0.9992	5.17606487676418	2.51462038746123	5.11479429854248	8.35426747903972	5.83964709157849	0	NA	NA	NA	NA	NA	NA	1	0.643373356041908	0.413929275264628	1	0.871095325325867	0.758807065804577	1	1.78814990523303	3.1974800835849	1	2.05135170179615	4.20804380446195	1.001346849104	4355.63520893792	0	1.00148700514494	13579.877627633	0	NA	NA	NA	NA	NA	NA	NA	NA
259	7	7	benefit_positive_truncnorm	benefit_positive_truncnorm	continuous	1	increasing	benefit	1	1	NA	2.18539629645186	4.82147879541198	700	252	420	700	700	252	493	0.64	0.295714285714286	6.98512386549144	24	24	0	2	1	10	4	1	5000	2500	1	0.99	14	10000	101258	0.6163	0.9956	0.812391534733845	-4.55002339511433	0.818813958586554	6.09151880499558	10.6415422001099	1.68228328821432	0.402016346849725	1.68097627985281	2.9667785424876	2.56476219563788	0.563188022897402	0.890472320919695	-10.4929598227069	0.815779880974206	12.1850871359573	22.6780469586642	0.0916	0.9763	2.77034579872696	0.0424407582157525	2.76191050447136	5.59128445873459	5.54884370051884	0	NA	NA	NA	NA	NA	NA	1	-1.37300476171801	1.88514207570033	1	-0.503113008237538	0.253122699057825	1	-3.93100647449228	15.4528119025002	1	-2.05113299668502	4.20714657009005	1.00130119069702	3893.24224080899	0	1.0023038430736	6609.11086798101	0	NA	NA	NA	NA	NA	NA	NA	NA
266	7	7	benefit_positive_truncnorm	benefit_positive_truncnorm	continuous	1	increasing	benefit	1	1	NA	1.7681540501206	3.46215653476914	700	252	420	700	700	252	488	0.64	0.302857142857143	6.50807337493608	24	24	0	2	1	10	4	1	5000	2500	1	0.99	14	10000	101265	0.7661	1	1.97605733201619	-3.38891455011534	2.05666353425759	7.18373500794408	10.5726495580594	2.98589477348417	1.68705185822788	2.99105174935404	4.28266881089383	2.59561695266595	0.691308583179998	2.71694592496896	-8.15889847713093	2.52887056326313	13.2587774518705	21.4176759290014	0.0761	0.999699969997	5.4123538278744	1.91589918377063	5.38897046679301	9.4907607953238	7.57486161155316	1e-04	NA	NA	NA	NA	NA	NA	1	0.207903281895595	0.0432237746229592	1	1.21774072336358	1.48289246933804	1	-0.745210609800183	0.555338852958761	1	1.95019729310526	3.80326948203507	1.00148297925377	4326.49162251433	0	1.0012410669889	10840.3891258124	0	NA	NA	NA	NA	NA	NA	NA	NA
270	7	7	benefit_positive_truncnorm	benefit_positive_truncnorm	continuous	1	increasing	benefit	1	1	NA	1.79035662154675	3.28035753933686	700	252	420	700	700	252	492	0.64	0.297142857142857	6.54157681859143	24	24	0	2	1	10	4	1	5000	2500	1	0.99	14	10000	101269	0.6582	0.9938	1.08795661864727	-4.18412830201137	1.08552057168676	6.36102576770967	10.545154069721	1.67607427612327	0.368660413656393	1.68001915436472	2.94750598554905	2.57884557189266	0.587653258765326	1.28538551945212	-10.2018934824896	1.09188164654541	12.3525199463181	22.5544134288077	0.0702	0.979	3.71147172025196	0.169991126025757	3.79775042293867	6.86979150836735	6.69980038234159	0	NA	NA	NA	NA	NA	NA	1	-0.702400002899481	0.493365764073192	1	-0.114282345423477	0.0130604544754908	1	-1.99497201988474	3.97991336012298	1	0.431114180915102	0.185859436986099	1.00171660896864	4537.3484799535	0	1.00176299300021	6763.80485021986	0	NA	NA	NA	NA	NA	NA	NA	NA
265	7	7	benefit_positive_truncnorm	benefit_positive_truncnorm	continuous	1	increasing	benefit	1	1	NA	2.10405675971869	3.96966979366614	700	252	420	700	700	252	494	0.64	0.294285714285714	6.73827725241599	24	24	0	2	1	10	4	1	5000	2500	1	0.99	14	10000	101264	0.658	1	1.10445938435448	-4.159213923555	1.1524369513289	6.29843708319954	10.4576510067545	2.65074298090767	1.36282058573441	2.6604688074017	3.92638914121028	2.56356855547587	0.615978260869565	1.57041848185864	-9.75668000249994	1.46282402498458	12.6638688815497	22.4205488840496	0.08	1	5.92837819242192	2.97061163429563	5.93237431667909	8.97062829603133	6.00001666173569	0	NA	NA	NA	NA	NA	NA	1	-0.999597375364211	0.99919491283502	1	0.546686221188977	0.298865824437883	1	-2.3992513118075	5.75640685721001	1	1.95870839875579	3.83653859135647	1.00252396449312	4528.56011906796	0	1.00124455523139	6491.00466633142	0	NA	NA	NA	NA	NA	NA	NA	NA
279	7	7	benefit_positive_truncnorm	benefit_positive_truncnorm	continuous	1	increasing	benefit	1	1	NA	2.6479922240321	5.37033392406686	700	252	420	700	700	252	493	0.64	0.295714285714286	7.33385450482361	24	24	0	2	1	10	4	1	5000	2500	1	0.99	14	10000	101278	0.7157	1	1.50040620423894	-3.48699075046764	1.52638621338444	6.31727635564353	9.80426710611117	2.62488190744514	1.3432371849687	2.62492190980557	3.94812942706614	2.60489224209745	0.635874340949033	1.75338033321092	-9.05997957094448	1.67710480111514	12.1142638790171	21.1742434499616	0.0896	0.9991	4.7995721049727	1.7063807023317	4.60061631401354	8.77110620369175	7.06472550136005	0	NA	NA	NA	NA	NA	NA	1	-1.14758601979316	1.31695367282471	1	-0.0231103165869611	0.000534086732749567	1	-3.61695359085594	13.0823532784057	1	-0.570761819094155	0.325769054135669	1.00135235379061	4418.54362318726	0	1.00264343863993	10460.0997397454	0	NA	NA	NA	NA	NA	NA	NA	NA
268	7	7	benefit_positive_truncnorm	benefit_positive_truncnorm	continuous	1	increasing	benefit	1	1	NA	1.80725557617405	3.52214585843172	700	252	420	700	700	252	489	0.64	0.301428571428571	6.98002170893148	24	24	0	2	1	10	4	1	5000	2500	1	0.99	14	10000	101267	0.4169	0.7128	-0.554265515356294	-5.89204079050323	-0.539281423168524	4.83310214190216	10.7251429324054	0.371565283457181	-0.949400907926215	0.368790665694334	1.67434776158559	2.62374866951181	0.458369659982563	-0.574371658894616	-11.6424994053014	-0.562699804767247	10.7847039255211	22.4272033308225	0.0824	0.5981	0.47901000477489	-2.85119192999201	0.449766064217076	3.96689990327078	6.81809183326279	0	NA	NA	NA	NA	NA	NA	1	-2.36152109153035	5.57678186574269	0	-1.43569029271687	2.06120661660146	1	-4.09651751732633	16.7814557697615	1	-3.04313585365683	9.26067582381166	1.00125122883003	4514.43556518342	0	1.00165200514871	8616.39139931363	0	NA	NA	NA	NA	NA	NA	NA	NA
278	7	7	benefit_positive_truncnorm	benefit_positive_truncnorm	continuous	1	increasing	benefit	1	1	NA	2.78574993771254	6.53509020328812	700	252	420	700	700	252	470	0.64	0.328571428571429	7.35851735198604	24	24	0	2	1	10	4	1	5000	2500	1	0.99	14	10000	101277	0.6555	0.9999	1.01082266426252	-4.13102370984781	1.06760204225913	5.87998559196891	10.0110093018167	2.83320293494948	1.51260144885401	2.83978174066103	4.12663394902952	2.61403250017551	0.616653748200642	1.53979592808292	-9.27187202351558	1.43661569827964	11.9193337464531	21.1912057699687	0.0969	0.9996996696366	6.34408030176007	2.80292124723505	6.41151138129346	10.1198972044693	7.31697595723427	0.0011	NA	NA	NA	NA	NA	NA	1	-1.77492727345002	3.15036682603672	1	0.047452997236944	0.00225178694676941	1	-4.9952942752052	24.9529648958978	1	-0.191009901528049	0.0364847824817549	1.00150170700036	4809.39264586411	0	1.00214719935843	10755.3933475743	0	NA	NA	NA	NA	NA	NA	NA	NA
269	7	7	benefit_positive_truncnorm	benefit_positive_truncnorm	continuous	1	increasing	benefit	1	1	NA	2.12791761243081	3.95455217522459	700	252	420	700	700	252	500	0.64	0.285714285714286	6.61661843679977	24	24	0	2	1	10	4	1	5000	2500	1	0.99	14	10000	101268	0.7104	1	1.49731783991265	-3.91361378038913	1.5867951734805	6.61787777792303	10.5314915583122	2.96190105162291	1.67373562433684	2.95937374580609	4.23822439219831	2.56448876786147	0.643979057591623	1.96772307411188	-9.28626398270779	1.917576500392	12.694532711606	21.9807966943138	0.0832	1	5.54950713805869	2.54067893440823	5.37075930907797	9.7076907270355	7.16701179262727	0	NA	NA	NA	NA	NA	NA	1	-0.63059977251816	0.397656073099955	1	0.8339834391921	0.695528376846683	1	-1.98682910111271	3.94748987702835	1	1.5949549628341	2.54388133346912	1.00165965821948	4524.63313870406	0	1.00247103336069	11778.4491476671	0	NA	NA	NA	NA	NA	NA	NA	NA
264	7	7	benefit_positive_truncnorm	benefit_positive_truncnorm	continuous	1	increasing	benefit	1	1	NA	1.57292648506949	2.63648255516993	700	252	420	700	700	252	480	0.64	0.314285714285714	6.27960561226012	24	24	0	2	1	10	4	1	5000	2500	1	0.99	14	10000	101263	0.575	0.9842	0.482353314496869	-4.61975881690649	0.488859797579936	5.66544093725422	10.2851997541607	1.46932053559092	0.137577956200497	1.46445400313229	2.78172954439099	2.64415158819049	0.531677809614772	0.395022265556754	-10.7144755956359	0.387108700688046	11.4993544895488	22.2138300851847	0.0577	0.8591	1.73901002374928	-1.40162879851464	1.67050145753325	5.53252600862195	6.93415480713659	0	NA	NA	NA	NA	NA	NA	1	-1.09057317057262	1.18934984037282	1	-0.103605949478571	0.0107341927673563	1	-2.24146028961317	5.02414422991278	1	-0.897472531420647	0.805456944654584	1.0028300199147	4260.38956984292	0	1.00144714387478	7189.55551566451	0	NA	NA	NA	NA	NA	NA	NA	NA
257	7	7	benefit_positive_truncnorm	benefit_positive_truncnorm	continuous	1	increasing	benefit	1	1	NA	1.97795118537269	3.49567536149045	700	252	420	700	700	252	469	0.64	0.33	7.06244477384179	24	24	0	2	1	10	4	1	5000	2500	1	0.99	14	10000	101256	0.6728	0.9997	1.15729407851034	-3.82429817826244	1.17133091701572	6.00799992124321	9.83229809950565	2.29087978862766	0.985853753488817	2.28711478575425	3.63432297356359	2.64846922007477	0.671189315242739	2.17495859099958	-8.55495361478851	1.98440437028343	12.8208088457049	21.3757624604934	0.0566	0.986894757903161	4.73313841481008	0.513557467317305	4.7516406225366	8.94232833234008	8.42877086502277	4e-04	NA	NA	NA	NA	NA	NA	1	-0.82065710686235	0.673478087043683	1	0.312928603254969	0.0979243107351058	1	-1.32071677049087	1.74429278785583	1	1.23746305331963	1.53131480833115	1.00223683994189	4358.87947586629	0	1.00232720873416	7075.67949828593	0	NA	NA	NA	NA	NA	NA	NA	NA
283	7	7	benefit_positive_truncnorm	benefit_positive_truncnorm	continuous	1	increasing	benefit	1	1	NA	1.48481667343042	2.57968275997531	700	252	420	700	700	252	492	0.64	0.297142857142857	6.73994492474518	24	24	0	2	1	10	4	1	5000	2500	1	0.99	14	10000	101282	0.6536	0.9978	1.03142470060174	-4.27840070326255	1.07938129813356	6.15759710311274	10.4359978063753	1.86204199744658	0.59371844356442	1.85978357672318	3.14629593125935	2.55257748769493	0.599267083423151	1.3149955749668	-10.0011158355191	1.26996935572205	12.2432552441513	22.2443710796703	0.0722	0.9914	3.13714464647449	0.694773274818346	3.06591241374898	6.02705649052467	5.33228321570633	0	NA	NA	NA	NA	NA	NA	1	-0.453391972828677	0.205564281025479	1	0.37722532401616	0.142298945079097	1	-1.26468718500851	1.59943367592474	1	0.557461886499189	0.310763754899234	1.00160631691689	4357.35584614442	0	1.00248585608995	7411.37406055565	0	NA	NA	NA	NA	NA	NA	NA	NA
250	7	7	benefit_positive_truncnorm	benefit_positive_truncnorm	continuous	1	increasing	benefit	1	1	NA	2.52499910015019	5.21628676436126	700	252	420	700	700	252	488	0.64	0.302857142857143	6.75177586971357	24	24	0	2	1	10	4	1	5000	2500	1	0.99	14	10000	101249	0.7662	1	1.99226742738378	-3.37571683228665	2.01225159550237	7.18310610378184	10.5588229360685	2.87565214241609	1.61129977188062	2.88209067680988	4.13231605599899	2.52101628411836	0.683567767964235	2.61849754460017	-8.48144837049902	2.47535631340163	13.371383128269	21.8528314987681	0.0829	0.9998	5.16524226213481	1.91288824872608	5.0372170385244	8.94217152309439	7.02928327436831	0	NA	NA	NA	NA	NA	NA	1	-0.532731672766416	0.283803035168504	1	0.350653042265893	0.122957556050326	1	-2.59778921976109	6.74850883030694	1	-0.0510445022264445	0.0026055412075455	1.00164044855834	4394.81390788894	0	1.00158280445445	10977.7568835721	0	NA	NA	NA	NA	NA	NA	NA	NA
294	7	7	benefit_positive_truncnorm	benefit_positive_truncnorm	continuous	1	increasing	benefit	1	1	NA	1.57314238231307	2.78621888809169	700	252	420	700	700	252	517	0.64	0.261428571428571	6.78754939498291	24	24	0	2	1	10	4	1	5000	2500	1	0.99	14	10000	101293	0.6282	0.9599	0.888976500102333	-4.50894154126881	0.910311856879745	6.16868088530065	10.6776224265695	1.09995736953205	-0.146815413164444	1.10103470179452	2.31567568624834	2.46249109941278	0.569310680662266	0.985352132327145	-10.5318364037446	0.834526350334654	12.2891135972087	22.8209500009533	0.0759	0.8827	1.35370450356311	-1.04585802915903	1.33797664422773	3.75235145875945	4.79820948791848	0	NA	NA	NA	NA	NA	NA	1	-0.684165882210735	0.468082954381193	1	-0.473185012781017	0.223904056320571	1	-1.80086675576454	3.2431210720179	1	-1.43251438452857	2.05209746188127	1.0016584871458	4419.814058605	0	1.00237103009574	8899.49994862628	0	NA	NA	NA	NA	NA	NA	NA	NA
267	7	7	benefit_positive_truncnorm	benefit_positive_truncnorm	continuous	1	increasing	benefit	1	1	NA	2.29251082342493	4.44205787105532	700	252	420	700	700	252	486	0.64	0.305714285714286	6.13548868139828	24	24	0	2	1	10	4	1	5000	2500	1	0.99	14	10000	101266	0.5827	0.9983	0.540897168522637	-4.69212951341743	0.54826353805208	5.76931814378594	10.4614476572034	1.93157292965904	0.639136652642859	1.93472053740955	3.24207579936418	2.60293914672132	0.547379565907888	0.635277341240526	-10.4824242452274	0.579933936306038	11.6039275259631	22.0863517711905	0.0555	0.9931	3.48749329860654	0.688510739317438	3.31786489483097	7.46818063919689	6.77966989987945	0	NA	NA	NA	NA	NA	NA	1	-1.75161365490229	3.06815039604016	1	-0.36093789376589	0.130276163156157	1	-3.80678052981479	14.491578002177	1	-0.954564572448779	0.911193522974319	1.00160891703718	4214.43383529219	0	1.00163667528279	6793.70364390168	0	NA	NA	NA	NA	NA	NA	NA	NA
292	7	7	benefit_positive_truncnorm	benefit_positive_truncnorm	continuous	1	increasing	benefit	1	1	NA	1.9595776794196	3.40483331513768	700	252	420	700	700	252	474	0.64	0.322857142857143	7.14448918693298	24	24	0	2	1	10	4	1	5000	2500	1	0.99	14	10000	101291	0.6822	0.9999	1.21079505115173	-3.888500390785	1.24333148033429	6.14427629615356	10.0327766869386	2.37761213309981	1.0415255120658	2.38192985211467	3.67268007523618	2.63115456317039	0.611007768902506	1.48500448836909	-9.31542878048526	1.44180359606417	12.0076389430251	21.3230677235103	0.0861	0.9993	5.69236809749874	1.89425123555969	5.63354824321779	9.6745510505421	7.7802998149824	0	NA	NA	NA	NA	NA	NA	1	-0.748782628267879	0.560675424395752	1	0.418034453680208	0.17475280446371	1	-1.91982882676859	3.68574272409165	1	2.28753478236106	5.23281538051167	1.00086656604083	4517.26270129704	0	1.00130867446615	9949.79247965475	0	NA	NA	NA	NA	NA	NA	NA	NA
287	7	7	benefit_positive_truncnorm	benefit_positive_truncnorm	continuous	1	increasing	benefit	1	1	NA	1.98611190796324	3.60333103593116	700	252	420	700	700	252	485	0.64	0.307142857142857	7.04453094426359	24	24	0	2	1	10	4	1	5000	2500	1	0.99	14	10000	101286	0.4875	0.9994	-0.0370493992218453	-4.84957081600541	-0.0853088508760935	4.94189445647094	9.79146527247635	2.20120524509537	0.894630391030651	2.20300466104388	3.48762257144897	2.59299218041831	0.400679838538347	-1.18669161424191	-12.0251379536651	-1.13317451094786	9.96879048990742	21.9939284435725	0.0586	0.9781	3.53525546800909	0.117558479067162	3.60895587223071	6.8309169064368	6.71335842736964	0	NA	NA	NA	NA	NA	NA	1	-2.02316130718508	4.09318167489086	1	0.215093337132132	0.0462651436786372	1	-4.79002265017308	22.9443169891711	1	-0.068075567922079	0.00463428294791359	1.00186622363301	4353.11638714359	0	1.00177488389895	10888.6714270571	0	NA	NA	NA	NA	NA	NA	NA	NA
291	7	7	benefit_positive_truncnorm	benefit_positive_truncnorm	continuous	1	increasing	benefit	1	1	NA	2.60627816051156	5.49831167869276	700	252	420	700	700	252	490	0.64	0.3	6.11350158046714	24	24	0	2	1	10	4	1	5000	2500	1	0.99	14	10000	101290	0.5958	1	0.612304216861952	-4.49323630828289	0.609742785740758	5.65077361065846	10.1440099189413	2.5198957350517	1.19581821686455	2.52606589402594	3.83881890510598	2.64300068824143	0.560299158616391	0.78553192996274	-10.2479826576525	0.665699486893378	11.7652941703234	22.013276827976	0.0373	0.9982	5.76034568010435	2.06491589872347	5.8420425037439	9.1985563257246	7.13364042700113	0	NA	NA	NA	NA	NA	NA	1	-1.99397394364961	3.97593208795358	1	-0.0863824254598655	0.00746192342832922	1	-4.71277974873002	22.2102929600398	1	0.262034001411585	0.0686618178957667	1.00131097860416	4323.16793530119	0	1.00135130255488	9542.93646359188	0	NA	NA	NA	NA	NA	NA	NA	NA
282	7	7	benefit_positive_truncnorm	benefit_positive_truncnorm	continuous	1	increasing	benefit	1	1	NA	1.23455135050733	1.88009116938037	700	252	420	700	700	252	479	0.64	0.315714285714286	6.78140477382721	24	24	0	2	1	10	4	1	5000	2500	1	0.99	14	10000	101281	0.647	0.9996	1.02110412821766	-4.31790299177897	1.03567563231005	6.28445339141972	10.6023563831987	2.39402501894893	1.06993635969025	2.39736325099017	3.69420410715849	2.62426774746825	0.59923622476814	1.38457747224766	-10.1185793209258	1.27060333729226	12.6673012163073	22.7858805372331	0.0835	0.9986	5.43060555123466	1.56883579446533	5.3292967157749	9.69837655279397	8.12954075832864	0	NA	NA	NA	NA	NA	NA	1	-0.213447222289666	0.0455597167031741	1	1.15947366844161	1.34437918780944	1	-0.495513697132712	0.245533824046129	1	3.55051438185428	12.6061523757541	1.00152305281399	4308.19907925951	0	1.00179552925601	12172.2651865814	0	NA	NA	NA	NA	NA	NA	NA	NA
276	7	7	benefit_positive_truncnorm	benefit_positive_truncnorm	continuous	1	increasing	benefit	1	1	NA	2.18754257349943	4.30883497843531	700	252	420	700	700	252	503	0.64	0.281428571428571	6.55264526079711	24	24	0	2	1	10	4	1	5000	2500	1	0.99	14	10000	101275	0.6565	0.9975	1.04253146175183	-4.28446688114649	1.08212500728927	6.14202236966619	10.4264892508127	1.85389029440616	0.566517693280913	1.8512094451	3.13586847323298	2.56935077995207	0.60555852485302	1.42702527131807	-9.84610379409708	1.3772587349259	12.432741976499	22.2788457705961	0.0645	0.997	3.83524803604211	1.22579437259713	3.82854905074161	6.40771989853295	5.18192552593582	0	NA	NA	NA	NA	NA	NA	1	-1.1450111117476	1.31105044602547	1	-0.333652279093272	0.111323843344135	1	-2.88180970711723	8.30482718803511	1	-0.473586942393198	0.224284592005338	1.00163886239728	4416.4646693176	0	1.00156166827019	10784.1346081438	0	NA	NA	NA	NA	NA	NA	NA	NA
288	7	7	benefit_positive_truncnorm	benefit_positive_truncnorm	continuous	1	increasing	benefit	1	1	NA	2.02492843727049	4.27959554540795	700	252	420	700	700	252	468	0.64	0.331428571428571	6.91933119860161	24	24	0	2	1	10	4	1	5000	2500	1	0.99	14	10000	101287	0.5355	0.9973	0.191188304477278	-5.19463399169565	0.208775946663731	5.53154336827088	10.7261773599665	1.84660722364261	0.524481363223318	1.84770999508534	3.18557902899031	2.66109766576699	0.515602913993694	0.254772584481087	-11.0939965812664	0.181642533404775	11.6615951480113	22.7555917292777	0.0803	0.992298459691938	4.30048689507572	0.680826862337449	4.06584497166968	9.16701311553362	8.48618625319617	2e-04	NA	NA	NA	NA	NA	NA	1	-1.83374013279321	3.36260287461646	1	-0.178321213627879	0.0317984552297198	1	-4.02482296092686	16.1991998668041	1	0.0208913496677781	0.00043644849094137	1.00135338903383	4668.16647750577	0	1.00133380614563	6610.15353633455	0	NA	NA	NA	NA	NA	NA	NA	NA
280	7	7	benefit_positive_truncnorm	benefit_positive_truncnorm	continuous	1	increasing	benefit	1	1	NA	2.11688237431568	4.2476631598453	700	252	420	700	700	252	487	0.64	0.304285714285714	7.14402960160864	24	24	0	2	1	10	4	1	5000	2500	1	0.99	14	10000	101279	0.692	0.9959	1.20060140775544	-3.52961648735872	1.20273091069554	5.8625062010861	9.39212268844482	1.73758013321944	0.463995637489964	1.73525533984277	3.04251907870788	2.57852344121792	0.658828513928609	2.02292409961604	-8.64248258680996	1.83006710820581	12.4605455171877	21.1030281039977	0.0559	0.9916	3.40425931820871	0.717028980852818	3.25412946162473	6.5498143907789	5.83278540992608	0	NA	NA	NA	NA	NA	NA	1	-0.916280966560245	0.839570809680576	1	-0.379302241096241	0.143870190100631	1	-2.22473906022926	4.94946388610978	1	-0.843403841636595	0.711330040087367	1.00119356017357	4711.79461769352	0	1.00167962844296	11351.7485569438	0	NA	NA	NA	NA	NA	NA	NA	NA
289	7	7	benefit_positive_truncnorm	benefit_positive_truncnorm	continuous	1	increasing	benefit	1	1	NA	2.16162289074396	4.34286844927786	700	252	420	700	700	252	488	0.64	0.302857142857143	6.60193892406876	24	24	0	2	1	10	4	1	5000	2500	1	0.99	14	10000	101288	0.6826	0.974	1.27653131262296	-4.06513895019778	1.31810615689406	6.53705622901925	10.602195179217	1.27773055940683	-0.0116220189205932	1.27662250348671	2.56432030647743	2.57594232539802	0.618894601542416	1.72825274653352	-9.21197893043763	1.56524251606032	12.742741976069	21.9547209065067	0.0664	0.8674	1.71352266254343	-1.14612742317685	1.69934728420765	4.47614012686295	5.62226755003979	0	NA	NA	NA	NA	NA	NA	1	-0.885091578121002	0.783387101660725	1	-0.883892331337133	0.781265653396592	1	-2.61461570274435	6.83621527303731	1	-2.62934578673443	6.9134592662181	1.00118030982998	4328.93432602256	0	1.00165431082071	6780.10038172438	0	NA	NA	NA	NA	NA	NA	NA	NA
290	7	7	benefit_positive_truncnorm	benefit_positive_truncnorm	continuous	1	increasing	benefit	1	1	NA	1.95174629014326	3.86018937121965	700	252	420	700	700	252	488	0.64	0.302857142857143	6.88374979838725	24	24	0	2	1	10	4	1	5000	2500	1	0.99	14	10000	101289	0.6506	0.998	1.02545058044002	-4.42127655447044	1.04606295469095	6.39898933295773	10.8202658874282	1.93835416597212	0.65484817311739	1.94681960557515	3.2215810851914	2.56673291207401	0.610324548028752	1.4979242125648	-9.57067707681432	1.38285305877938	12.398229422223	21.9689064990374	0.0818	0.993	4.20553817334081	0.887510484744296	4.26215868062064	7.31584392454705	6.42833343980275	0	NA	NA	NA	NA	NA	NA	1	-0.926295709703231	0.858023741814613	1	-0.0133921241711339	0.000179348989815069	1	-2.36226515865485	5.58029667979464	1	0.345348802121152	0.119265795126515	1.00203399686928	4566.21314671025	0	1.00148162332153	10908.1952499226	0	NA	NA	NA	NA	NA	NA	NA	NA
300	7	7	benefit_positive_truncnorm	benefit_positive_truncnorm	continuous	1	increasing	benefit	1	1	NA	1.22210426027801	1.91042005149588	700	252	420	700	700	252	477	0.64	0.318571428571429	6.37101168761708	24	24	0	2	1	10	4	1	5000	2500	1	0.99	14	10000	101299	0.5619	0.9488	0.422284636271126	-4.73312748680556	0.433169974574239	5.51685376042564	10.2499812472312	1.11418434441951	-0.229373307954205	1.12356015475625	2.44892034770454	2.67829365565874	0.56921454928835	0.877703704453609	-10.1508061391033	0.798381687284824	11.7897956589768	21.94060179808	0.0515	0.8987	2.32236887284637	-1.10734182955159	2.27689243828352	5.90053940121562	7.00788123076721	0	NA	NA	NA	NA	NA	NA	1	-0.799819624006883	0.639711430946512	1	-0.107919915858503	0.0116467082389063	1	-1.03271634704227	1.06650305344833	1	0.411948821350485	0.169701831412054	1.00140289864724	4255.45150874138	0	1.00109771672163	11731.0577655499	0	NA	NA	NA	NA	NA	NA	NA	NA
302	7	7	benefit_positive_truncnorm	benefit_positive_truncnorm	continuous	1	increasing	benefit	1	1	NA	1.95057253341384	4.09487072791672	700	252	420	700	700	252	481	0.64	0.312857142857143	6.14136826660947	24	24	0	2	1	10	4	1	5000	2500	1	0.99	14	10000	101301	0.5772	0.9956	0.518569317162942	-4.57401863788429	0.50106217921455	5.58441276344442	10.1584314013287	1.80544104300233	0.456045435322336	1.80963252111377	3.11969099100624	2.6636455556839	0.553119730185497	0.781897786392227	-10.1958429443757	0.672052473609337	11.8434740544105	22.0393169987861	0.0512	0.9588	3.58987105073572	-0.306818228398716	3.47894734431646	8.82772255701403	9.13454078541274	0	NA	NA	NA	NA	NA	NA	1	-1.43200321625089	2.0506332113529	1	-0.145131490411507	0.0210631495090654	1	-3.3129729415245	10.9757897112735	1	-0.504999677181	0.255024673952915	1.00162156659636	4216.07497037784	0	1.00125758559501	9483.85115244499	0	NA	NA	NA	NA	NA	NA	NA	NA
301	7	7	benefit_positive_truncnorm	benefit_positive_truncnorm	continuous	1	increasing	benefit	1	1	NA	1.62694700055442	2.4331006807945	700	252	420	700	700	252	479	0.64	0.315714285714286	7.37359275798014	24	24	0	2	1	10	4	1	5000	2500	1	0.99	14	10000	101300	0.7253	0.9975	1.52057279757151	-3.452503366592	1.56237039936459	6.39674578879436	9.84924915538636	1.78416893437472	0.510014680400397	1.77929910291926	3.07344377329521	2.56342909289481	0.633164165931156	1.75136391570893	-9.32312155277072	1.63133609172339	12.1721755605522	21.4952971133229	0.0936	0.9677	3.14199051826287	-0.180567258998967	3.00872831621159	7.10452253123957	7.28508979023854	0	NA	NA	NA	NA	NA	NA	1	-0.106374202982904	0.0113154710602481	1	0.157221933820304	0.024718736474196	1	-0.681736765085576	0.464765016869345	1	0.708889837468368	0.502524801665929	1.00139807752007	4700.93466551135	0	1.00176421270465	9623.200321459	0	NA	NA	NA	NA	NA	NA	NA	NA
299	7	7	benefit_positive_truncnorm	benefit_positive_truncnorm	continuous	1	increasing	benefit	1	1	NA	1.15306623218983	1.91230765241106	700	252	420	700	700	252	517	0.64	0.261428571428571	5.7400438253685	24	24	0	2	1	10	4	1	5000	2500	1	0.99	14	10000	101298	0.5325	0.9493	0.212932982274114	-5.4193130113972	0.22058172427209	5.68900468806057	11.1083176994578	1.09358810726333	-0.2088019060895	1.0897862259689	2.37956459687887	2.58836650296837	0.523925213900919	0.297838415695819	-11.3150062603861	0.30310110101739	11.8604176747608	23.1754239351469	0.0533	0.9125	2.02146364311217	-0.756902337885941	1.90575042147719	4.87050453851581	5.62740687640175	0	NA	NA	NA	NA	NA	NA	1	-0.940133249915711	0.883850527597077	1	-0.0594781249264948	0.00353764734477173	1	-1.61446923671524	2.60651091629989	1	0.109155990701113	0.0119150303059416	1.00126012563085	4616.10856611128	0	1.00173672436242	11488.3528681668	0	NA	NA	NA	NA	NA	NA	NA	NA
293	7	7	benefit_positive_truncnorm	benefit_positive_truncnorm	continuous	1	increasing	benefit	1	1	NA	1.37036044941297	2.51739154275636	700	252	420	700	700	252	483	0.64	0.31	6.0090241499501	24	24	0	2	1	10	4	1	5000	2500	1	0.99	14	10000	101292	0.7081	0.9912	1.50779670272185	-3.99064525159994	1.59853776524092	6.72294590298486	10.7135911545848	1.63624123514751	0.289925807654463	1.64128944574734	2.96099048695648	2.67106467930201	0.779231743351625	3.59326563031683	-8.13244420111896	3.51671925068518	14.2796718655146	22.4121160666335	0.0524	0.954595459545955	3.04770275939894	-0.417444754648228	2.8621212295569	7.24239832524386	7.65984307989209	1e-04	NA	NA	NA	NA	NA	NA	1	0.137436253308877	0.0188887237235817	1	0.265880785734531	0.0706925922228115	1	1.07587408756047	1.15750505228407	1	0.530311216642581	0.281229986496934	1.00186973842607	4331.25541579029	0	1.00113458389017	5944.98273601647	0	NA	NA	NA	NA	NA	NA	NA	NA
295	7	7	benefit_positive_truncnorm	benefit_positive_truncnorm	continuous	1	increasing	benefit	1	1	NA	1.89261793671291	3.42041255434516	700	252	420	700	700	252	481	0.64	0.312857142857143	6.68986072063288	24	24	0	2	1	10	4	1	5000	2500	1	0.99	14	10000	101294	0.5772	0.998	0.505663685233022	-4.82675324381193	0.530221329577149	5.71890420362376	10.5456574474357	1.96017314157265	0.638439699586247	1.95615588132152	3.28379249661124	2.645352797025	0.569183062446535	0.913251543705471	-10.5079546539015	0.877677366219652	12.001290471829	22.5092451257305	0.0648	0.9874	4.45965454252107	0.622896487083076	4.45194850873745	8.03475638082604	7.41185989374296	0	NA	NA	NA	NA	NA	NA	1	-1.38695425147989	1.92364209569813	1	0.0675552048597403	0.00456370570364148	1	-2.50716101063969	6.28585633327183	1	1.03924198817591	1.08002390998781	1.00162192984295	4340.25204998196	0	1.00125597428922	11010.9034927516	0	NA	NA	NA	NA	NA	NA	NA	NA
330	7	7	benefit_positive_truncnorm	benefit_positive_truncnorm	continuous	1	increasing	benefit	1	1	NA	1.25042934600899	1.84618848864319	700	252	420	700	700	252	510	0.64	0.271428571428571	7.08847079161386	24	24	0	2	1	10	4	1	5000	2500	1	0.99	14	10000	101329	0.4868	0.9866	-0.0669167438021459	-5.018902211156	-0.0833644716610813	4.98750301636853	10.0064052275245	1.40616010316492	0.159823507972974	1.40353000792711	2.65481300256705	2.49498949459407	0.459439050701187	-0.461305155322922	-11.0943177695008	-0.43411682652865	10.3970415840333	21.491359353534	0.073	0.9801	2.57579691146208	0.119844935507465	2.61995286082592	4.8100675583492	4.69022262284173	0	NA	NA	NA	NA	NA	NA	1	-1.31734608981113	1.73540072034068	1	0.155730757155933	0.0242520687243603	1	-2.30749364396612	5.32452691694403	1	0.729608422818887	0.532328450648264	1.00227588689468	4005.5837690409	0	1.00126215211919	6865.65860065168	0	NA	NA	NA	NA	NA	NA	NA	NA
286	7	7	benefit_positive_truncnorm	benefit_positive_truncnorm	continuous	1	increasing	benefit	1	1	NA	1.72127162186406	3.45010086730349	700	252	420	700	700	252	493	0.64	0.295714285714286	5.83754040125646	24	24	0	2	1	10	4	1	5000	2500	1	0.99	14	10000	101285	0.6516	0.9948	1.11918607297912	-4.49690741273035	1.12132867834726	6.6436184518203	11.1405258645507	1.6735416993426	0.4297827394621	1.6687209555957	2.971796716507	2.5420139770449	0.608931419457735	1.59138291629624	-10.2847813145663	1.46793091173851	13.1073049633669	23.3920862779332	0.0595	0.9766	3.32372610101744	0.0409602134684997	3.24275848679443	6.73017153847371	6.68921132500521	0	NA	NA	NA	NA	NA	NA	1	-0.602085548884946	0.362507008176087	1	-0.047729922521464	0.00227814550390496	1	-1.85871795100725	3.45483242139659	1	-0.126374766286051	0.0159705815538541	1.00170819639423	4275.75190396613	0	1.00126352431901	7807.84796958893	0	NA	NA	NA	NA	NA	NA	NA	NA
298	7	7	benefit_positive_truncnorm	benefit_positive_truncnorm	continuous	1	increasing	benefit	1	1	NA	1.91727312893808	3.73776043884076	700	252	420	700	700	252	480	0.64	0.314285714285714	7.0384559323419	24	24	0	2	1	10	4	1	5000	2500	1	0.99	14	10000	101297	0.6353	1	0.839378639609715	-3.76268528857847	0.836434980069212	5.47881864168555	9.24150393026402	2.64440371839127	1.33456307497735	2.64441662089023	3.95863418358717	2.62407110860981	0.569874820439154	0.772700745991826	-9.85333067439533	0.427895150808616	11.7307399519341	21.5840706263294	0.0254	0.9999	5.51125475150092	2.31396816142553	5.31053261392368	9.50399928545023	7.1900311240247	0	NA	NA	NA	NA	NA	NA	1	-1.07789448932837	1.16185653012446	1	0.727130589453192	0.528718894118546	1	-2.96505969284894	8.79157898215743	1	1.77349431266016	3.14528207703793	1.00207739351195	4557.20479673053	0	1.00143880668313	13127.9290110784	0	NA	NA	NA	NA	NA	NA	NA	NA
281	7	7	benefit_positive_truncnorm	benefit_positive_truncnorm	continuous	1	increasing	benefit	1	1	NA	1.9594199306819	3.57729297220925	700	252	420	700	700	252	484	0.64	0.308571428571429	6.79608951844049	24	24	0	2	1	10	4	1	5000	2500	1	0.99	14	10000	101280	0.7248	0.9997	1.65586520723944	-3.71911403549153	1.69083940936344	6.85192624231403	10.5710402778056	2.21578976911492	0.920851602351932	2.21624571668583	3.4943713649998	2.57351976264787	0.64266230223677	2.00762439017853	-9.12370414886874	1.86060039185338	12.5820384374096	21.7057425862783	0.0835	0.9947	4.50725619174258	1.09386522477914	4.62376532638468	7.46227358577862	6.36840836099948	0	NA	NA	NA	NA	NA	NA	1	-0.303554723442453	0.0921454701242242	1	0.256369838433022	0.0657254940581738	1	-1.56966858203072	2.46385945741434	1	0.929963219533332	0.8648315896848	1.00143574703522	4215.57618223845	0	1.00145399290809	10105.1665011292	0	NA	NA	NA	NA	NA	NA	NA	NA
296	7	7	benefit_positive_truncnorm	benefit_positive_truncnorm	continuous	1	increasing	benefit	1	1	NA	1.64045942266055	2.67047125280242	700	252	420	700	700	252	466	0.64	0.334285714285714	7.12354140659117	24	24	0	2	1	10	4	1	5000	2500	1	0.99	14	10000	101295	0.6621	0.9933	1.01272566868627	-3.89599663524998	1.03063081051853	5.68398853684332	9.57998517209329	1.63032814659533	0.321510640262168	1.63515179131304	2.91219838180614	2.59068774154397	0.659229861632522	1.97581173141065	-9.01659667141619	1.85683777235281	12.4321111992405	21.4487078706567	0.0677	0.9905	3.85482552820055	0.630093203548168	3.84959611275087	7.07686091357544	6.44676771002727	0	NA	NA	NA	NA	NA	NA	1	-0.627733753974278	0.394049665878639	1	-0.0101312760652166	0.00010264275470963	1	-0.694659521391771	0.482551850660244	1	1.18435427539813	1.40269504965382	1.00165880421769	4515.81223841478	0	1.00131119107694	6152.71058282844	0	NA	NA	NA	NA	NA	NA	NA	NA
277	7	7	benefit_positive_truncnorm	benefit_positive_truncnorm	continuous	1	increasing	benefit	1	1	NA	1.39919059456206	2.79769218659559	700	252	420	700	700	252	476	0.64	0.32	6.50761664710013	24	24	0	2	1	10	4	1	5000	2500	1	0.99	14	10000	101276	0.6502	0.9999	1.03189523674917	-4.21840346550523	1.05336730297153	6.24290352400556	10.4613069895108	2.70433400283835	1.39079950199798	2.70627736304873	3.9910721551488	2.60027265315082	0.59888698630137	1.35261189812473	-9.7505578696529	1.25606702112938	12.3241463275156	22.0747041971685	0.0656	0.9998	6.59025442156529	3.54858260726114	6.48053519139289	9.69751841964129	6.14893581238015	0	NA	NA	NA	NA	NA	NA	1	-0.367295357812889	0.134905879870898	1	1.30514340827629	1.70339931616705	1	-1.44508028847087	2.08825704012704	0	3.7925622349697	14.3835283061184	1.00149452585209	4114.58218302326	0	1.00146404824103	5953.19414756089	0	NA	NA	NA	NA	NA	NA	NA	NA
297	7	7	benefit_positive_truncnorm	benefit_positive_truncnorm	continuous	1	increasing	benefit	1	1	NA	2.58884640543798	5.36804894310595	700	252	420	700	700	252	488	0.64	0.302857142857143	7.03670940045437	24	24	0	2	1	10	4	1	5000	2500	1	0.99	14	10000	101296	0.8967	0.9997	3.26298888160782	-1.888453328623	3.3804237813414	7.86646194454078	9.75491527316378	2.50902814279222	1.22138029890207	2.51262714800127	3.78219929397838	2.56081899507631	0.948848538529672	6.1846309434503	-2.17949212561751	5.77339769251499	15.1211364053501	17.3006285309676	0.0968	0.9993	3.76908742016135	1.38909268190888	3.70598251017547	6.73956155974403	5.35046887783515	0	NA	NA	NA	NA	NA	NA	1	0.674142476169845	0.45446807817641	1	-0.0798182626457566	0.00637095505178699	1	0.816582000344357	0.666806163286391	1	-1.5989615229446	2.55667795185731	1.00133667656511	4472.44005713719	0	1.00224348947307	15636.8154331709	0	NA	NA	NA	NA	NA	NA	NA	NA
312	7	7	benefit_positive_truncnorm	benefit_positive_truncnorm	continuous	1	increasing	benefit	1	1	NA	2.54835713295211	5.32512568778867	700	252	420	700	700	252	506	0.64	0.277142857142857	6.99755885716135	24	24	0	2	1	10	4	1	5000	2500	1	0.99	14	10000	101311	0.8248	1	2.70516255793845	-2.87659661197155	2.77032035294463	8.03856011892923	10.9151567309008	4.12463281111024	2.86304873860263	4.12579834600329	5.39359139983012	2.53054266122748	0.738697403760072	3.40100250626018	-7.55684447163549	3.23045174300877	13.9157861224017	21.4726305940372	0.1064	1	7.6089420421009	5.08817547160794	7.57768224447695	10.2240795872227	5.13590411561474	0	NA	NA	NA	NA	NA	NA	1	0.156805424986341	0.024587941305147	0	1.57627567815813	2.48464501355287	1	-1.9241231815285	3.70225001769534	1	2.28381635431222	5.21581714022398	1.00157013803908	4585.5779546026	0	1.00190681141076	10818.2203877369	0	NA	NA	NA	NA	NA	NA	NA	NA
284	7	7	benefit_positive_truncnorm	benefit_positive_truncnorm	continuous	1	increasing	benefit	1	1	NA	2.05442415415648	4.00796573504172	700	252	420	700	700	252	481	0.64	0.312857142857143	7.20323909818357	24	24	0	2	1	10	4	1	5000	2500	1	0.99	14	10000	101283	0.6881	1	1.24929935752192	-3.87491746024974	1.30191968683838	6.15604999057938	10.0309674508291	2.98761578625064	1.72243395494985	2.98776609089221	4.22869154708837	2.50625759213851	0.603891050583658	1.40114110031975	-9.53376616335077	1.32417498003267	11.9551203159676	21.4888864793184	0.1005	1	7.42461663435505	4.23160828163589	7.43789837234351	10.3346632019387	6.10305492030283	0	NA	NA	NA	NA	NA	NA	1	-0.805124796634558	0.648225938155839	1	0.93319163209416	0.870846622210562	1	-2.60682463472197	6.79553467619331	0	3.41665089931333	11.6735033677786	1.00169425555813	4426.70822483219	0	1.00156016751873	9327.20346669196	0	NA	NA	NA	NA	NA	NA	NA	NA
285	7	7	benefit_positive_truncnorm	benefit_positive_truncnorm	continuous	1	increasing	benefit	1	1	NA	1.98223135372615	3.89088586865213	700	252	420	700	700	252	470	0.64	0.328571428571429	6.84248996762291	24	24	0	2	1	10	4	1	5000	2500	1	0.99	14	10000	101284	0.6223	0.9976	0.822352716371448	-4.60995888486837	0.83135042614744	6.04771742989651	10.6576763147649	2.00157010237001	0.670003176656941	2.0088731036589	3.32408164996352	2.65407847330658	0.575171962004586	1.07943783009152	-10.0055360737703	1.01551282595394	12.4427584381995	22.4482945119698	0.0841	0.977	4.41184948347823	0.0626851382495933	4.43420045234606	8.69733764103472	8.63465250278513	0	NA	NA	NA	NA	NA	NA	1	-1.1598786373547	1.3453184533918	1	0.0193387486438574	0.000373987199110298	1	-2.81144803856061	7.90424007352633	1	0.520963614826097	0.271403087972674	1.00100249426887	4796.65703022438	0	1.00253141652463	6628.44789451422	0	NA	NA	NA	NA	NA	NA	NA	NA
311	7	7	benefit_positive_truncnorm	benefit_positive_truncnorm	continuous	1	increasing	benefit	1	1	NA	1.92388981435769	3.91258642135317	700	252	420	700	700	252	483	0.64	0.31	7.05353389981709	24	24	0	2	1	10	4	1	5000	2500	1	0.99	14	10000	101310	0.8099	0.9975	2.19565408200469	-2.66778004422187	2.23218016791088	6.79987440421644	9.46765444843831	1.89217502586055	0.567783816376791	1.89650154745916	3.18272047638138	2.61493666000459	0.802477113624125	3.87261585207811	-6.70473589326304	3.70385525350138	13.7920066197814	20.4967425130444	0.0715	0.9681	3.27392048169064	-0.170529733137399	3.30542837528789	6.53880896517135	6.70933869830874	0	NA	NA	NA	NA	NA	NA	1	0.271764267647	0.0738558171697104	1	-0.0317147884971329	0.00100582780941788	1	-0.0399705692750678	0.001597646408173	1	-0.638665939662538	0.407894182485033	1.00172981173843	4338.78927301979	0	1.00169921280049	9889.96930343826	0	NA	NA	NA	NA	NA	NA	NA	NA
341	7	7	benefit_positive_truncnorm	benefit_positive_truncnorm	continuous	1	increasing	benefit	1	1	NA	1.82089529126131	3.0879752807346	700	252	420	700	700	252	461	0.64	0.341428571428571	7.98044437622034	24	24	0	2	1	10	4	1	5000	2500	1	0.99	14	10000	101340	0.6283	0.9855	0.843492230894276	-4.31629153730758	0.88072066703125	5.8691494823408	10.1854410196484	1.43286366664881	0.141840515594794	1.41984308112982	2.73048612201281	2.58864560641801	0.559155401631103	0.759834935004358	-10.3396885924297	0.777285256714562	11.4116447648382	21.7513333572679	0.1049	0.947	2.86653977899254	-0.583158194725955	2.89519371701718	6.33612164650633	6.91927984123229	0	NA	NA	NA	NA	NA	NA	1	-0.977403060367032	0.955316742414841	1	-0.388031624612497	0.150568541699414	1	-2.32814034573025	5.42023746941695	1	-0.22143550174206	0.049033681431758	1.00167848857405	4828.27421988877	0	1.00132438302563	10790.5917807226	0	NA	NA	NA	NA	NA	NA	NA	NA
342	7	7	benefit_positive_truncnorm	benefit_positive_truncnorm	continuous	1	increasing	benefit	1	1	NA	1.87229555067888	4.06624307299426	700	252	420	700	700	252	481	0.64	0.312857142857143	6.78518261456077	24	24	0	2	1	10	4	1	5000	2500	1	0.99	14	10000	101341	0.5886	0.9861	0.590340446590586	-4.78893400863712	0.637120968778579	5.80935623190753	10.5982902405446	1.46081511069629	0.159098678233341	1.47114223048916	2.74187439880556	2.58277572057222	0.560938518357593	0.873035042290195	-10.487005455045	0.801961833737244	12.2557846633467	22.7427901183917	0.0794	0.9848	2.7963299278201	0.338714939393842	2.73750470952471	5.70351426040525	5.36479932101141	0	NA	NA	NA	NA	NA	NA	1	-1.28195510408829	1.64340888889803	1	-0.411480439982592	0.169316152488268	1	-3.19320803070407	10.1965775273529	1	-1.26991314517416	1.61267939628612	1.00121397536336	4536.13171635443	0	1.00152824368524	12364.6223107528	0	NA	NA	NA	NA	NA	NA	NA	NA
321	7	7	benefit_positive_truncnorm	benefit_positive_truncnorm	continuous	1	increasing	benefit	1	1	NA	1.97849900988916	3.80138570634769	700	252	420	700	700	252	498	0.64	0.288571428571429	6.6050227479443	24	24	0	2	1	10	4	1	5000	2500	1	0.99	14	10000	101320	0.4537	0.794	-0.326649868883535	-5.69821014977022	-0.306654066212389	4.96137337880115	10.6595835285714	0.549364282457123	-0.749451727268486	0.550999870642477	1.84442924147521	2.5938809687437	0.480771302380696	-0.285932016997301	-11.6713845193525	-0.230490530844914	10.9164483344098	22.5878328537622	0.0717	0.6514	0.723547776584671	-2.35984559659726	0.666734382607759	4.04488915405129	6.40473475064856	0	NA	NA	NA	NA	NA	NA	1	-2.30514887877269	5.313711353307	0	-1.42913472743203	2.04242606915223	1	-4.08731772334499	16.7061661715701	1	-3.07783792976302	9.47308632188789	1.00213776022554	4622.4496638707	0	1.00172746005439	12038.8442684595	0	NA	NA	NA	NA	NA	NA	NA	NA
305	7	7	benefit_positive_truncnorm	benefit_positive_truncnorm	continuous	1	increasing	benefit	1	1	NA	1.73321622649972	3.41635525468991	700	252	420	700	700	252	480	0.64	0.314285714285714	7.20663112691066	24	24	0	2	1	10	4	1	5000	2500	1	0.99	14	10000	101304	0.5814	0.9979	0.487898052622817	-4.3472789635941	0.484204540527355	5.26412242430361	9.61140138789771	1.98408512331335	0.671679309975881	1.98240173954629	3.2752700557302	2.60359074575431	0.513371281280206	0.215622160190916	-10.6009590764562	0.14917983558305	10.9121560394979	21.5131151159541	0.0689	0.9878	3.35174495927077	0.499375765421355	3.32139772467045	6.46323564373946	5.9638598783181	0	NA	NA	NA	NA	NA	NA	1	-1.2453181738769	1.55081735418811	1	0.250868896813631	0.0629352033884883	1	-3.200733094499	10.2446923422211	1	-0.0646102954191417	0.00417449027414876	1.00130855741515	4318.17381348745	0	1.00121602932145	11875.2004347148	0	NA	NA	NA	NA	NA	NA	NA	NA
303	7	7	benefit_positive_truncnorm	benefit_positive_truncnorm	continuous	1	increasing	benefit	1	1	NA	1.56148890665023	3.15145768459907	700	252	420	700	700	252	494	0.64	0.294285714285714	5.92030018047983	24	24	0	2	1	10	4	1	5000	2500	1	0.99	14	10000	101302	0.5904	0.9997	0.638782077782748	-5.05656941011224	0.667179082671989	6.11169070020429	11.1682601103165	2.35094577669736	1.0355930087709	2.35386325625108	3.65558580712655	2.61999279835565	0.565147625160462	0.958783278012067	-11.052329496133	0.900594193863542	12.6955722566011	23.7479017527341	0.0652	0.9897	4.58064308431552	0.668147350412438	4.51893578170536	8.27133453862534	7.6031871882129	0	NA	NA	NA	NA	NA	NA	1	-0.922706828867484	0.851387892038688	1	0.78945687004713	0.623242149664612	1	-2.19267440658701	4.80782105330168	1	1.42918539971645	2.04257090676267	1.0013636966307	4731.95186469171	0	1.00163760109762	6647.45792757368	0	NA	NA	NA	NA	NA	NA	NA	NA
307	7	7	benefit_positive_truncnorm	benefit_positive_truncnorm	continuous	1	increasing	benefit	1	1	NA	1.76949982656163	3.5322184712533	700	252	420	700	700	252	478	0.64	0.317142857142857	6.64931755238721	24	24	0	2	1	10	4	1	5000	2500	1	0.99	14	10000	101306	0.6103	0.9999	0.715804911978629	-4.6814712774761	0.739857842873811	5.92869819788428	10.6101694753604	2.26907923318769	0.944324476777237	2.27620496681675	3.58858844359176	2.64426396681452	0.559465623981753	0.861169754470335	-10.6684527028855	0.761293512367466	12.1402291315193	22.8086818344048	0.0793	0.9991	4.95720814334102	1.63993986009033	4.83488506316203	9.32791902363228	7.68797916354195	0	NA	NA	NA	NA	NA	NA	1	-1.053694914583	1.11027297301807	1	0.499579406626062	0.249579583524848	1	-2.67104871678296	7.13450124742791	1	1.42498967208772	2.03059556555666	1.00129777012829	4716.54599347834	0	1.00224031052347	12896.2991926493	0	NA	NA	NA	NA	NA	NA	NA	NA
306	7	7	benefit_positive_truncnorm	benefit_positive_truncnorm	continuous	1	increasing	benefit	1	1	NA	1.7628404484972	3.18858884687142	700	252	420	700	700	252	502	0.64	0.282857142857143	6.58089699010183	24	24	0	2	1	10	4	1	5000	2500	1	0.99	14	10000	101305	0.6068	0.9442	0.695617999096565	-4.65958939460754	0.735596381131476	5.96445513702276	10.6240445316303	1.06659480046218	-0.246659445331032	1.06622613560377	2.36591774935628	2.61257719468731	0.579791240718821	1.09104142029769	-10.1985710494893	1.02861475103662	12.1524384574507	22.35100950694	0.0707	0.9357	2.17486972188163	-0.586753846076488	2.17411570658079	4.96513553164042	5.55188937771691	0	NA	NA	NA	NA	NA	NA	1	-1.06722244940064	1.1389637565047	1	-0.69624564803502	0.484758002407704	1	-2.09754742657374	4.39970520672611	1	-1.01371912498979	1.02762646437007	1.00192121652679	4612.30857460461	0	1.00139419719395	13079.0823371102	0	NA	NA	NA	NA	NA	NA	NA	NA
313	7	7	benefit_positive_truncnorm	benefit_positive_truncnorm	continuous	1	increasing	benefit	1	1	NA	1.49040063867775	2.25616766220608	700	252	420	700	700	252	464	0.64	0.337142857142857	7.45404758089196	24	24	0	2	1	10	4	1	5000	2500	1	0.99	14	10000	101312	0.5869	0.9693	0.541894729160167	-4.29933185790503	0.54825481137909	5.2957989335084	9.59513079141343	1.23549309404859	-0.0615046500159726	1.23816841260905	2.53601185235228	2.59751650236825	0.534610361340879	0.499678885798901	-10.4303270507159	0.380744458635894	11.2550252909491	21.685352341665	0.0812	0.8581	1.82207193262956	-1.49109635938941	1.66926133429465	5.94429805433505	7.43539441372446	0	NA	NA	NA	NA	NA	NA	1	-0.94850590951758	0.899663460389771	1	-0.254907544629158	0.0649778563088662	1	-1.75648877640718	3.08525282164439	1	-0.434095729576519	0.188439102436571	1.00250298296263	4615.73179490078	0	1.00138792717487	6541.27396362635	0	NA	NA	NA	NA	NA	NA	NA	NA
315	7	7	benefit_positive_truncnorm	benefit_positive_truncnorm	continuous	1	increasing	benefit	1	1	NA	2.15443539277468	4.04206947356459	700	252	420	700	700	252	482	0.64	0.311428571428571	7.25414200750268	24	24	0	2	1	10	4	1	5000	2500	1	0.99	14	10000	101314	0.7467	0.9994	1.66297305349765	-3.46742870043511	1.69114792012244	6.50802847740379	9.9754571778389	2.33568384558234	1.03891762513008	2.33384105809198	3.6366475824841	2.59772995735402	0.670103092783505	2.23347630927856	-8.26546331433662	2.09363350640046	12.4316127254999	20.6970760398366	0.0882	0.9928	3.99949371475932	0.782669728502641	3.82350223132216	8.16845663267541	7.38578690417277	0	NA	NA	NA	NA	NA	NA	1	-0.491462339277038	0.241535230927658	1	0.181248452807656	0.0328510016451692	1	-1.80859316428602	3.27100923390213	1	-0.0425757588052704	0.00181269523784456	1.0017116404817	4686.89984812039	0	1.00157426254755	10242.2181070701	0	NA	NA	NA	NA	NA	NA	NA	NA
304	7	7	benefit_positive_truncnorm	benefit_positive_truncnorm	continuous	1	increasing	benefit	1	1	NA	1.69278535076132	2.99337046235893	700	252	420	700	700	252	480	0.64	0.314285714285714	7.67999280700163	24	24	0	2	1	10	4	1	5000	2500	1	0.99	14	10000	101303	0.729	0.9994	1.62309601843125	-3.52495613247632	1.63026783054782	6.71371801077216	10.2386741432485	2.13443866728963	0.839011133162996	2.13300075040068	3.4156288310988	2.5766176979358	0.627145085803432	1.75582598878889	-9.13857163435528	1.65540218143116	12.0600956195956	21.1986672539509	0.1026	0.9894	3.73632373252978	0.554303420642544	3.69013343814389	7.26197865075831	6.70767523011577	0	NA	NA	NA	NA	NA	NA	1	-0.0696893323300702	0.00485660304061097	1	0.441653316528311	0.195057652000457	1	-1.23754447357004	1.53151632406374	1	0.742953270170851	0.551979561657562	1.00124588547343	4100.75325448637	0	1.0011253788644	6953.25514516805	0	NA	NA	NA	NA	NA	NA	NA	NA
309	7	7	benefit_positive_truncnorm	benefit_positive_truncnorm	continuous	1	increasing	benefit	1	1	NA	2.51882612985441	5.65033630403035	700	252	420	700	700	252	455	0.64	0.35	7.34114420364712	24	24	0	2	1	10	4	1	5000	2500	1	0.99	14	10000	101308	0.7276	1	1.59899050579453	-3.58481133234339	1.67534891642793	6.64665285272889	10.2314641850723	3.12343289437822	1.76864940860648	3.11843934210284	4.45599767549906	2.68734826689259	0.66433255529621	2.16212861652447	-8.58945698868722	2.08342760013961	12.5106735874027	21.1001305760899	0.1003	1	8.8984938517477	5.01440455810066	8.9099287674925	13.1922599480828	8.17785538998214	0.0058	NA	NA	NA	NA	NA	NA	1	-0.919835624059879	0.846097575289627	1	0.60460676452381	0.365549339707949	1	-3.48820768750588	12.1675928711751	1	3.24815754771735	10.5505274547932	1.00117634766125	4421.05601163658	0	1.00167866923465	9679.49554999557	0	NA	NA	NA	NA	NA	NA	NA	NA
314	7	7	benefit_positive_truncnorm	benefit_positive_truncnorm	continuous	1	increasing	benefit	1	1	NA	1.71192274197151	2.7764203114118	700	252	420	700	700	252	482	0.64	0.311428571428571	6.54776414746114	24	24	0	2	1	10	4	1	5000	2500	1	0.99	14	10000	101313	0.4861	0.7882	-0.10711306034081	-5.41419949265743	-0.10682179071275	5.16634170508109	10.5805411977385	0.550213483507596	-0.772056697753911	0.547526576662959	1.8737032624895	2.64575996024341	0.489581095596133	-0.105498784178811	-11.3120920462647	-0.107532596722811	10.9873863433399	22.2994783896046	0.069	0.5444	0.353818776865814	-3.26828686916281	0.224648026917577	4.49152085765312	7.75980772681593	0	NA	NA	NA	NA	NA	NA	1	-1.81903580231232	3.30889125009403	1	-1.16170925846391	1.34956840120078	1	-2.88191909559062	8.30545767352984	1	-2.42260153454599	5.86899819518459	1.00157861106214	4446.53923816347	0	1.00141128124429	6229.77473585886	0	NA	NA	NA	NA	NA	NA	NA	NA
308	7	7	benefit_positive_truncnorm	benefit_positive_truncnorm	continuous	1	increasing	benefit	1	1	NA	1.83609292851866	3.72421712734571	700	252	420	700	700	252	506	0.64	0.277142857142857	6.83056617957406	24	24	0	2	1	10	4	1	5000	2500	1	0.99	14	10000	101307	0.6453	0.9998	1.00779750847147	-4.45569666134876	1.02830302071714	6.46649851583426	10.922195177183	2.56767046062341	1.20607223345732	2.5715036090001	3.91845380796434	2.71238157450702	0.576137976203471	1.06711986358979	-10.3216298304336	1.01299140599109	12.2373699564098	22.5589997868434	0.0839	0.9985	4.44049902361595	1.60688085550536	4.28604146042216	8.22126959391814	6.61438873841278	0	NA	NA	NA	NA	NA	NA	1	-0.828295420047192	0.686073302871155	1	0.731577532104756	0.535205685480485	1	-2.65709726375592	7.0601658690592	1	0.716281896270234	0.513059754924482	1.00130798786124	4101.62507662396	0	1.00149748263676	6802.31128750534	1	NA	NA	NA	NA	NA	NA	NA	NA
322	7	7	benefit_positive_truncnorm	benefit_positive_truncnorm	continuous	1	increasing	benefit	1	1	NA	2.45479609971813	5.74773038922679	700	252	420	700	700	252	491	0.64	0.298571428571429	7.14362637496806	24	24	0	2	1	10	4	1	5000	2500	1	0.99	14	10000	101321	0.6928	1	1.26754757270181	-3.72661678148156	1.28270578829454	6.07510005490198	9.80171683638353	2.51281051341796	1.23154425412468	2.50551688042382	3.80605677294476	2.57451251882009	0.618829682902909	1.55290394063831	-9.34443930021801	1.43807507886282	12.2658723016797	21.6103116018978	0.0823	0.998	4.53335111738638	1.3633941935853	4.47376428883493	7.97500023645809	6.6116060428728	0	NA	NA	NA	NA	NA	NA	1	-1.18724852701632	1.40955906490242	1	0.0580144136998348	0.00336567219693558	1	-4.19482644858848	17.5965689337774	1	-1.21437927184041	1.47471701587565	1.00176965371613	4381.1249571488	0	1.00177550066153	10864.4957646179	0	NA	NA	NA	NA	NA	NA	NA	NA
310	7	7	benefit_positive_truncnorm	benefit_positive_truncnorm	continuous	1	increasing	benefit	1	1	NA	0.931623550148212	1.13130141693542	700	252	420	700	700	252	488	0.64	0.302857142857143	6.32928230812466	24	24	0	2	1	10	4	1	5000	2500	1	0.99	14	10000	101309	0.6292	0.9142	0.892571349005804	-4.3306710181775	0.893722482845216	6.07710824811178	10.4077792662893	0.932868686723734	-0.391328889845187	0.932100112271257	2.26103701459273	2.65236590443792	0.585167770891216	1.22951727165775	-10.2521399416625	1.0347730322427	12.4730062136383	22.7251461553008	0.0642	0.7666	1.31645219106755	-2.09867117368696	1.25338800575455	4.9875507868049	7.08622196049186	0	NA	NA	NA	NA	NA	NA	1	-0.0390522011424077	0.00152507441406707	1	0.00124513657552228	1.55036509170334e-06	1	0.0982158547223364	0.00964635411883909	1	0.185150774132136	0.0342808091617293	1.00151232171255	4401.82722526742	0	1.00185666339019	8762.00832563745	0	NA	NA	NA	NA	NA	NA	NA	NA
337	7	7	benefit_positive_truncnorm	benefit_positive_truncnorm	continuous	1	increasing	benefit	1	1	NA	1.69551360140283	3.19816588112425	700	252	420	700	700	252	482	0.64	0.311428571428571	6.76356619823352	24	24	0	2	1	10	4	1	5000	2500	1	0.99	14	10000	101336	0.6797	0.9999	1.30958100008839	-4.15429055891531	1.35060740694977	6.64691043548981	10.8012009944051	2.40049375502735	1.09167134750526	2.40511624235141	3.65434255142388	2.56267120391863	0.618542031523643	1.6903233666477	-9.48109742784703	1.49265627340189	12.697080365165	22.178177793012	0.0864	1	5.11421543006579	2.58864842331101	4.97048272850874	8.04856523279148	5.45991680948047	0	NA	NA	NA	NA	NA	NA	1	-0.38593260131444	0.148943972757331	1	0.704980153624521	0.496997017004453	1	-1.50784251447654	2.27358904846295	1	1.91604954894155	3.6712458739991	1.00158408333964	4385.74027548235	0	1.00198305607677	6221.32155426208	0	NA	NA	NA	NA	NA	NA	NA	NA
316	7	7	benefit_positive_truncnorm	benefit_positive_truncnorm	continuous	1	increasing	benefit	1	1	NA	1.89093346628585	3.52458449091848	700	252	420	700	700	252	492	0.64	0.297142857142857	6.73244134717097	24	24	0	2	1	10	4	1	5000	2500	1	0.99	14	10000	101315	0.4547	0.7244	-0.291481057220642	-5.58799936746067	-0.316700336424166	5.01987806319567	10.6078774306563	0.398713350071391	-0.934948242036509	0.407051069987507	1.70040721567799	2.63535545771449	0.460662080825451	-0.535242956078269	-11.8124638551963	-0.504579942512136	10.7639876779665	22.5764515331628	0.0696	0.6622	0.632485157889553	-2.82725806209894	0.699779292702485	3.73051958889346	6.55777765099241	0	NA	NA	NA	NA	NA	NA	1	-2.18241452350649	4.76293315241208	0	-1.49222011621446	2.2267208752351	1	-4.05982744699675	16.4821988993882	1	-2.89209933302893	8.36423855210639	1.00155471896151	4607.3782253478	0	1.00186005946929	10066.5288253721	0	NA	NA	NA	NA	NA	NA	NA	NA
327	7	7	benefit_positive_truncnorm	benefit_positive_truncnorm	continuous	1	increasing	benefit	1	1	NA	2.07021707277883	4.59197315715624	700	252	420	700	700	252	475	0.64	0.321428571428571	6.40422887233673	24	24	0	2	1	10	4	1	5000	2500	1	0.99	14	10000	101326	0.6813	1	1.29160624624417	-3.97686868244874	1.3703887416964	6.41099815645826	10.387866838907	2.84987881347533	1.52906410751897	2.84504704501001	4.18440200429225	2.65533789677327	0.638933677308395	1.85951199676121	-9.35130229150314	1.76917025939548	12.6574317771297	22.0087340686329	0.0697	0.999699969997	6.28363332567382	2.62050230266246	6.12873573187598	10.6124371866864	7.99193488402393	1e-04	NA	NA	NA	NA	NA	NA	1	-0.778610826534662	0.606234819196989	1	0.779661740696496	0.60787242990589	1	-2.73246116039503	7.46634399306738	1	1.69166016851758	2.86171412574892	1.00166656131304	4294.90784544118	0	1.00136952225607	8987.01271082392	0	NA	NA	NA	NA	NA	NA	NA	NA
317	7	7	benefit_positive_truncnorm	benefit_positive_truncnorm	continuous	1	increasing	benefit	1	1	NA	2.0044157501329	3.42885310838477	700	252	420	700	700	252	484	0.64	0.308571428571429	7.53518055950546	24	24	0	2	1	10	4	1	5000	2500	1	0.99	14	10000	101316	0.7305	0.9961	1.54718552716727	-3.49747003964298	1.54628582133205	6.42817499602654	9.92564503566952	1.67647915781499	0.399202536363935	1.67746095799379	2.9341591041028	2.53495656773886	0.685830942396822	2.36513811848699	-8.34626882378633	2.17863777364268	12.5865850412622	20.9328538650485	0.0938	0.9989	3.81511973125903	1.49736088319287	3.79667220952749	6.16231087274048	4.66494998954761	0	NA	NA	NA	NA	NA	NA	1	-0.457230222965632	0.209059476793201	1	-0.32793659231791	0.107542408581083	1	-1.06371498989778	1.13148957973323	1	0.386266622874258	0.149201903946684	1.00157530191476	4595.57795389196	0	1.00144399509155	11453.6087503741	0	NA	NA	NA	NA	NA	NA	NA	NA
333	7	7	benefit_positive_truncnorm	benefit_positive_truncnorm	continuous	1	increasing	benefit	1	1	NA	2.38639402203186	5.11779085017611	700	252	420	700	700	252	481	0.64	0.312857142857143	7.04155821700507	24	24	0	2	1	10	4	1	5000	2500	1	0.99	14	10000	101332	0.8654	0.9984	2.86719353845895	-2.33063325196301	2.98158773929038	7.5647783483819	9.89541160034491	1.96302177571711	0.623011307193505	1.96225523531462	3.28089137240929	2.65788006521578	0.937623328217496	5.95497424768664	-2.77055351917217	5.56919892108673	14.8369258378754	17.6074793570476	0.0878	0.9867	4.16955088961535	0.598263879721292	4.11950104436203	7.80344778722956	7.20518390750827	0	NA	NA	NA	NA	NA	NA	1	0.480799516427091	0.231168174996524	1	-0.423372246314747	0.179244058949595	1	0.837183397510527	0.700876041067269	1	-0.948239960560761	0.899159022804273	1.00251423500629	4246.02153524176	0	1.00141492332106	12940.6950966027	0	NA	NA	NA	NA	NA	NA	NA	NA
373	7	7	benefit_positive_truncnorm	benefit_positive_truncnorm	continuous	1	increasing	benefit	1	1	NA	1.7890327296501	3.69059420812892	700	252	420	700	700	252	463	0.64	0.338571428571429	7.44769347249193	24	24	0	2	1	10	4	1	5000	2500	1	0.99	14	10000	101372	0.5894	0.8849	0.561235757147171	-4.36150145914491	0.587391350079492	5.33512032142072	9.69662178056563	0.789569870792669	-0.515735982346088	0.790858826662782	2.06268640226509	2.57842238461117	0.602203856749311	1.30791960433349	-9.48790748191492	1.19744409109312	11.9383416576411	21.426249139556	0.0925	0.9657	3.12571327257338	-0.265594154622247	3.13577451860018	6.25283461750159	6.51842877212384	0	NA	NA	NA	NA	NA	NA	1	-1.22779697250293	1.50748540568737	1	-0.999462858857434	0.998926006235474	1	-2.38267460379543	5.67713826757172	1	-0.564880935555535	0.319090471354097	1.00157599312201	4813.68449653755	0	1.00337892357831	10274.8119567724	0	NA	NA	NA	NA	NA	NA	NA	NA
374	7	7	benefit_positive_truncnorm	benefit_positive_truncnorm	continuous	1	increasing	benefit	1	1	NA	1.8405776184118	3.29349114838537	700	252	420	700	700	252	495	0.64	0.292857142857143	6.8939952342673	24	24	0	2	1	10	4	1	5000	2500	1	0.99	14	10000	101373	0.6847	1	1.3235714086634	-4.04374629674377	1.37948249920646	6.57222783039415	10.6159741271379	2.51951113342999	1.21352195034545	2.53514149341569	3.79530129989115	2.5817793495457	0.61413635373557	1.56038296056245	-9.99976856613644	1.47588837511725	12.4612987069171	22.4610672730535	0.0818	0.998	4.7205213014783	1.44947804207621	4.69810283528328	8.32674137815421	6.87726333607799	0	NA	NA	NA	NA	NA	NA	1	-0.517006209748401	0.267295420918408	1	0.678933515018186	0.460950717814949	1	-1.73310818782293	3.00366399069887	1	1.42703015309292	2.03641505783641	1.00150181568616	4551.20081365042	0	1.00128793123251	11972.488093355	0	NA	NA	NA	NA	NA	NA	NA	NA
334	7	7	benefit_positive_truncnorm	benefit_positive_truncnorm	continuous	1	increasing	benefit	1	1	NA	1.64114400773789	3.13695762538175	700	252	420	700	700	252	484	0.64	0.308571428571429	6.57369449553498	24	24	0	2	1	10	4	1	5000	2500	1	0.99	14	10000	101333	0.6204	1	0.820791459329946	-4.5408194626679	0.814462344466139	6.02940348086006	10.570222943528	2.52290185576873	1.19411464323695	2.52565324865621	3.82357090978133	2.62945626654438	0.585639491398654	1.18813159231076	-10.0771454624302	1.05962766861563	12.3797089628082	22.4568544252384	0.0641	0.9986	5.18123660368213	1.54787623024073	5.0428162129998	9.53850029463905	7.99062406439832	0	NA	NA	NA	NA	NA	NA	1	-0.820352548407948	0.672978303679415	1	0.881757848030838	0.777496902563974	1	-1.94882603307099	3.7979229071752	1	2.04427897830038	4.17907654112085	1.00187655666697	4441.46150394697	0	1.00183730000346	6679.65307953897	0	NA	NA	NA	NA	NA	NA	NA	NA
338	7	7	benefit_positive_truncnorm	benefit_positive_truncnorm	continuous	1	increasing	benefit	1	1	NA	2.05340386355837	4.14966696486783	700	252	420	700	700	252	472	0.64	0.325714285714286	7.42424641965707	24	24	0	2	1	10	4	1	5000	2500	1	0.99	14	10000	101337	0.5433	0.9723	0.265109361365424	-4.92119363542802	0.272327644916185	5.41785311292794	10.339046748356	1.28003537449474	-0.0355472172286476	1.28498372759146	2.56592742547431	2.60147464270296	0.509902615165773	0.135399802318867	-10.7592777187266	0.0915386953920585	11.0463777757207	21.8056554944473	0.0861	0.9419	2.50787395548047	-0.545227870255003	2.38515896749281	6.11900824789418	6.66423611814919	0	NA	NA	NA	NA	NA	NA	1	-1.78829450219294	3.19799722657351	1	-0.773368489063628	0.598098819876558	1	-4.01426716254896	16.1143408523189	1	-1.64179300938737	2.69548428567322	1.00128761336315	4319.81193502018	0	1.00240550457863	9310.75251443858	0	NA	NA	NA	NA	NA	NA	NA	NA
320	7	7	benefit_positive_truncnorm	benefit_positive_truncnorm	continuous	1	increasing	benefit	1	1	NA	2.38236168578622	4.86305889883375	700	252	420	700	700	252	472	0.64	0.325714285714286	8.15108615497497	24	24	0	2	1	10	4	1	5000	2500	1	0.99	14	10000	101319	0.7204	0.999	1.38626560676438	-3.33020533359906	1.38772879253486	5.99052110203414	9.32072643563321	2.08718658285056	0.781475069875729	2.08819491090811	3.35971159203236	2.57823652215663	0.615643586578386	1.43968915281747	-9.0554280839451	1.32357478730994	11.3795310196857	20.4349591036308	0.1089	0.9932	4.51178183643826	0.93258837770607	4.46832377710846	8.36360853229167	7.4310201545856	0	NA	NA	NA	NA	NA	NA	1	-0.996096079021845	0.992207398642694	1	-0.295175102935666	0.0871283413930811	1	-3.42336974601628	11.7194604179396	1	-0.35127706239549	0.123395574565205	1.00138254906998	4774.97225815553	0	1.00193626628964	13512.6360253042	0	NA	NA	NA	NA	NA	NA	NA	NA
323	7	7	benefit_positive_truncnorm	benefit_positive_truncnorm	continuous	1	increasing	benefit	1	1	NA	2.19399158026413	4.60957144023997	700	252	420	700	700	252	473	0.64	0.324285714285714	6.27630330637562	24	24	0	2	1	10	4	1	5000	2500	1	0.99	14	10000	101322	0.6165	0.9985	0.796058893648287	-4.58688579146622	0.829136644000703	5.92030514665521	10.5071909381214	2.01283224440811	0.687253214717945	2.01217455849504	3.33569634487147	2.64844313015352	0.571642750053545	0.920654350790508	-10.4103076110568	0.861950075885372	11.9950940599198	22.4054016709766	0.0662	0.9717	3.42689499668183	-0.136200121503814	3.22671206783972	7.59403255790418	7.73023267940799	0	NA	NA	NA	NA	NA	NA	1	-1.39793268661584	1.95421579630897	1	-0.181159335856014	0.032818704967792	1	-3.68891708944946	13.6081092928323	1	-1.18267644355814	1.39872357014733	1.00119620474098	4705.75160627707	0	1.00116064454866	7506.70483002472	0	NA	NA	NA	NA	NA	NA	NA	NA
326	7	7	benefit_positive_truncnorm	benefit_positive_truncnorm	continuous	1	increasing	benefit	1	1	NA	1.65346192202903	3.14428493529656	700	252	420	700	700	252	449	0.64	0.358571428571429	6.56989507197405	24	24	0	2	1	10	4	1	5000	2500	1	0.99	14	10000	101325	0.5613	0.9994	0.416448738400917	-4.73647570220946	0.415905738270591	5.65854373702718	10.3950194392366	2.2665636774553	0.956770975189277	2.26949457254367	3.58976334903419	2.63299237384492	0.536123300866959	0.545168325588725	-10.60328733625	0.457599057762033	11.6102754069325	22.2135627431825	0.0657	0.997788722484672	6.39035335429825	1.89358353252239	6.26174793161452	11.0223999623286	9.12881642980624	0.0051	NA	NA	NA	NA	NA	NA	1	-1.23701318362811	1.53020161646976	1	0.613101755426267	0.37589376250677	1	-2.59911660970783	6.75540715085914	1	3.24606841900169	10.5369601808401	1.00145636472045	4426.62210147125	0	1.0013649179776	6788.01044847972	0	NA	NA	NA	NA	NA	NA	NA	NA
344	7	7	benefit_positive_truncnorm	benefit_positive_truncnorm	continuous	1	increasing	benefit	1	1	NA	2.68562752658488	5.14885409500049	700	252	420	700	700	252	483	0.64	0.31	8.11993967982387	24	24	0	2	1	10	4	1	5000	2500	1	0.99	14	10000	101343	0.7814	0.9998	1.86059666087104	-2.6937703514745	1.91626974056974	6.27217318627558	8.96594353775009	2.46656835938738	1.17366705799759	2.4615451580231	3.75375812842889	2.5800910704313	0.775539409951563	3.32318905265778	-6.77892066642438	3.13200009505991	12.7081112878267	19.4870319542511	0.0916	0.9994	5.30433336463036	2.21240245997121	5.22724151317924	8.43950183926196	6.22709937929075	0	NA	NA	NA	NA	NA	NA	1	-0.825030865713841	0.68067592938053	1	-0.2190591671975	0.0479869187332622	1	-1.82566504234271	3.33305284683222	1	0.155479269629869	0.0241738032846376	1.0016614295258	4636.7407065123	0	1.00128542436805	11182.414095936	0	NA	NA	NA	NA	NA	NA	NA	NA
319	7	7	benefit_positive_truncnorm	benefit_positive_truncnorm	continuous	1	increasing	benefit	1	1	NA	2.17650797135148	4.50646148379546	700	252	420	700	700	252	501	0.64	0.284285714285714	6.76958068937712	24	24	0	2	1	10	4	1	5000	2500	1	0.99	14	10000	101318	0.6415	0.999	1.00171419583786	-4.44241302484863	1.03480018308443	6.23126839760567	10.6736814224543	2.04941174365801	0.736886610701025	2.04966610674364	3.36084002831036	2.62395341760934	0.594075520833333	1.33409190790522	-9.97661557641279	1.21003347451489	12.6884617849407	22.6650773613535	0.0784	0.9971	4.23229592513713	1.40597277509293	4.22232220795513	7.25128109175459	5.84530831666167	0	NA	NA	NA	NA	NA	NA	1	-1.17479377551362	1.38014041498554	1	-0.127096227693468	0.0161534510939097	1	-3.17236957589024	10.063928726034	1	-0.274165558658334	0.0751667535544363	1.00138590705619	4268.67088746839	0	1.00200316020871	11027.608632815	0	NA	NA	NA	NA	NA	NA	NA	NA
324	7	7	benefit_positive_truncnorm	benefit_positive_truncnorm	continuous	1	increasing	benefit	1	1	NA	2.37536586877886	4.96705497471143	700	252	420	700	700	252	478	0.64	0.317142857142857	6.98624718100873	24	24	0	2	1	10	4	1	5000	2500	1	0.99	14	10000	101323	0.7102	1	1.53431613207939	-3.98393028108568	1.59532623093889	6.93710724910676	10.9210375301924	2.83866234153603	1.55089236410659	2.8402369370073	4.11878775798174	2.56789539387515	0.632156174599693	1.86724032314137	-9.57324261468192	1.7559074856226	12.9395939970362	22.5128366117181	0.0882	0.9986	5.48106599158072	1.73865813837058	5.50306082685576	9.15275731416614	7.41409917579556	0	NA	NA	NA	NA	NA	NA	1	-0.841049736699464	0.707364659602237	1	0.463296472757169	0.214643621669234	1	-3.09981465157005	9.60885087408838	1	0.514011016869293	0.264207325463004	1.00153826455043	4677.22601991469	0	1.00214034267339	12383.5144069007	0	NA	NA	NA	NA	NA	NA	NA	NA
345	7	7	benefit_positive_truncnorm	benefit_positive_truncnorm	continuous	1	increasing	benefit	1	1	NA	2.0441529638542	3.72124822831171	700	252	420	700	700	252	489	0.64	0.301428571428571	7.34306849786026	24	24	0	2	1	10	4	1	5000	2500	1	0.99	14	10000	101344	0.7302	1	1.59664999611823	-3.43753325677637	1.64828837215088	6.5295535879615	9.96708684473787	2.32029039845233	1.0203120487353	2.32853876285499	3.57217102911228	2.55185898037697	0.622614292055038	1.62457737596478	-9.2767022009024	1.5960956313166	11.9877983650793	21.2645005659817	0.0988	0.9966	3.48255523506515	0.773323217899569	3.37580637867112	7.07174632059307	6.2984231026935	0	NA	NA	NA	NA	NA	NA	1	-0.447502967735979	0.200258906132508	1	0.276137434598126	0.0762518827864342	1	-2.09667085234693	4.39602866308122	1	-0.238692993246555	0.056974345025	1.00190216852423	4572.90647321179	0	1.00185921143723	11180.1298618002	0	NA	NA	NA	NA	NA	NA	NA	NA
332	7	7	benefit_positive_truncnorm	benefit_positive_truncnorm	continuous	1	increasing	benefit	1	1	NA	1.8334686905233	3.35225423903896	700	252	420	700	700	252	493	0.64	0.295714285714286	6.42001112478613	24	24	0	2	1	10	4	1	5000	2500	1	0.99	14	10000	101331	0.6885	1	1.30347808351775	-3.93432177981962	1.36572765979994	6.4220934044044	10.356415184224	2.463171910845	1.14762521176479	2.46795169292384	3.7573551854841	2.60972997371931	0.642796066695169	1.94889585073005	-9.04922658851855	1.71706786721169	12.9218130102557	21.9710395987742	0.0644	0.9984	4.45930615928827	1.27333845031137	4.42324643063776	8.2176752759692	6.94433682565782	0	NA	NA	NA	NA	NA	NA	1	-0.529990607005547	0.280890043514108	1	0.6297032203217	0.39652614568352	1	-1.40335838830891	1.96941476603698	1	1.10705192024932	1.2255639541277	1.00164907137437	4074.24164458014	0	1.00123641188148	6302.26433783076	1	NA	NA	NA	NA	NA	NA	NA	NA
343	7	7	benefit_positive_truncnorm	benefit_positive_truncnorm	continuous	1	increasing	benefit	1	1	NA	1.86408678857888	3.73042255219544	700	252	420	700	700	252	470	0.64	0.328571428571429	6.88715985085409	24	24	0	2	1	10	4	1	5000	2500	1	0.99	14	10000	101342	0.693	1	1.40471239619286	-3.81553819524812	1.43570355310731	6.53488106053958	10.3504192557877	2.57807347003964	1.24649996456972	2.57131796777499	3.91711597397312	2.6706160094034	0.628462377317339	1.79522814925889	-9.41956851037294	1.73496577229157	12.8560376930428	22.2756062034157	0.083	0.999099909990999	5.16237740032545	2.20071253884517	5.11174495850569	8.90688899508634	6.70617645624117	1e-04	NA	NA	NA	NA	NA	NA	1	-0.459374392386013	0.211024832380018	1	0.713986681460761	0.509776981303351	1	-1.93519440293655	3.74497737715694	1	1.43195484813001	2.05049468708305	1.00120916008398	4793.12912266491	0	1.00198023807082	7355.31386714358	0	NA	NA	NA	NA	NA	NA	NA	NA
335	7	7	benefit_positive_truncnorm	benefit_positive_truncnorm	continuous	1	increasing	benefit	1	1	NA	1.56469263074174	2.67055206255116	700	252	420	700	700	252	496	0.64	0.291428571428571	6.80692414002684	24	24	0	2	1	10	4	1	5000	2500	1	0.99	14	10000	101334	0.5211	0.972	0.15020159836074	-5.18756493999374	0.124282968475624	5.45833156679516	10.6458965067889	1.25564042306775	-0.0279738721074016	1.24937010079594	2.52895515961242	2.55692903171982	0.502440082420562	0.00214854109897228	-11.2330466567732	0.0239905804769975	11.2701108221801	22.5031574789533	0.0779	0.7854	1.24272617586297	-1.48638480634647	1.14829854004365	4.32678049024435	5.81316529659082	0	NA	NA	NA	NA	NA	NA	1	-1.414491032381	2.00078488068626	1	-0.309052207673984	0.0955132670681635	1	-2.66840352145219	7.12037735329845	1	-1.42782588668819	2.03868676269693	1.00272916167778	4498.87389321527	0	1.00155441499359	7480.98474538282	0	NA	NA	NA	NA	NA	NA	NA	NA
339	7	7	benefit_positive_truncnorm	benefit_positive_truncnorm	continuous	1	increasing	benefit	1	1	NA	1.90402022438476	3.59626170452104	700	252	420	700	700	252	454	0.64	0.351428571428571	7.18818050166882	24	24	0	2	1	10	4	1	5000	2500	1	0.99	14	10000	101338	0.6044	0.9981	0.640312236984129	-4.28416475965008	0.626324449658439	5.57826585132819	9.86243061097827	1.92932961098618	0.609084092675373	1.93451169381763	3.23023261043985	2.62114851776447	0.569267864971504	0.920209337609349	-9.72161625538884	0.811534190672512	11.2828441766218	21.0044604320106	0.0876	0.988893336001601	4.67890364688073	0.498245226899623	4.45172996962469	9.38841872343371	8.89017349653409	6e-04	NA	NA	NA	NA	NA	NA	1	-1.26370798740063	1.59695787742016	1	0.0253093866014162	0.000640565050139948	1	-2.67605236691169	7.16125627045368	1	1.08264194235969	1.17211357535637	1.00161631232157	4516.89360332702	0	1.0020340011047	9887.0115426841	0	NA	NA	NA	NA	NA	NA	NA	NA
340	7	7	benefit_positive_truncnorm	benefit_positive_truncnorm	continuous	1	increasing	benefit	1	1	NA	2.45544638328783	5.08332335977296	700	252	420	700	700	252	485	0.64	0.307142857142857	7.05782683607202	24	24	0	2	1	10	4	1	5000	2500	1	0.99	14	10000	101339	0.7419	1	1.73075783321252	-3.33161500125719	1.76996978828965	6.60903039136572	9.94064539262291	3.37824592275045	2.0923444614094	3.388599332565	4.63879225284096	2.54644779143156	0.65735261889108	2.13591758482408	-8.65733707314296	2.02229524490755	12.6649573356178	21.3222944087607	0.0874	1	7.13884258672855	3.72728495106399	7.21879959277549	10.231932310454	6.50464735939001	0	NA	NA	NA	NA	NA	NA	1	-0.724688550075319	0.525173494610268	1	0.922799539462616	0.851558990032417	1	-2.94740577494888	8.68720080220203	1	2.05551922695559	4.22515929238411	1.00112337654354	4855.18324420453	0	1.00233542012444	11300.8765093601	0	NA	NA	NA	NA	NA	NA	NA	NA
329	7	7	benefit_positive_truncnorm	benefit_positive_truncnorm	continuous	1	increasing	benefit	1	1	NA	1.62924696388047	2.66785225956423	700	252	420	700	700	252	479	0.64	0.315714285714286	6.92190717179021	24	24	0	2	1	10	4	1	5000	2500	1	0.99	14	10000	101328	0.6538	1	1.06756379631258	-4.36630651181478	1.14004207916368	6.33964804294209	10.7059545547569	2.59018907949402	1.27559713355094	2.59794631099724	3.87095373257661	2.59535659902567	0.596141197105898	1.29704044794414	-10.3900829732525	1.23840917262443	12.3681532001927	22.7582361734452	0.0878	1	5.87642925630365	2.70905537547315	5.78368753370874	9.31469605488508	6.60564067941193	0	NA	NA	NA	NA	NA	NA	1	-0.561683167567892	0.315487980729101	1	0.960942115613543	0.923409749559832	1	-1.37081181162009	1.87912502287716	0	3.20857699673942	10.2949663440053	1.00138949219247	4170.17167774031	0	1.00174416707485	6908.16673410421	0	NA	NA	NA	NA	NA	NA	NA	NA
372	7	7	benefit_positive_truncnorm	benefit_positive_truncnorm	continuous	1	increasing	benefit	1	1	NA	1.8054493898596	3.46387076588977	700	252	420	700	700	252	500	0.64	0.285714285714286	6.02447001386684	24	24	0	2	1	10	4	1	5000	2500	1	0.99	14	10000	101371	0.6951	0.9904	1.3544540432984	-3.73604010120294	1.39956684334295	6.3418675220525	10.0779076232554	1.57460916914324	0.253592622994814	1.57525821027474	2.87217317527239	2.61858055227758	0.778505629477994	3.00878972583497	-7.00902748928764	2.50196870761082	13.7713378210597	20.7803653103473	0.023	0.991	2.99903489301275	0.540383838157551	2.98548835956048	5.61600651979753	5.07562268163998	0	NA	NA	NA	NA	NA	NA	1	-0.450995346561201	0.203396802619857	1	-0.230840220716355	0.0532872075003754	1	-0.455081040054802	0.207098753017361	1	-0.464835872877023	0.216072388713344	1.00116615911752	4655.57914248331	0	1.00256274673481	12329.1069006047	0	NA	NA	NA	NA	NA	NA	NA	NA
331	7	7	benefit_positive_truncnorm	benefit_positive_truncnorm	continuous	1	increasing	benefit	1	1	NA	2.20990706865421	4.49533659450806	700	252	420	700	700	252	498	0.64	0.288571428571429	7.3301810942491	24	24	0	2	1	10	4	1	5000	2500	1	0.99	14	10000	101330	0.613	0.9897	0.698153388925523	-4.19556490350185	0.708549822048224	5.59054439740852	9.78610930091036	1.49690617223428	0.209866014177982	1.4961397747762	2.75632301705686	2.54645700287887	0.575895765472313	0.901353655113245	-9.91506264164994	0.90754627906837	11.4558990027057	21.3709616443556	0.079	0.961	2.21078685410969	-0.210107972297598	1.93878661370176	5.50603297641824	5.71614094871584	0	NA	NA	NA	NA	NA	NA	1	-1.51175367972869	2.28539918817323	1	-0.713000896419928	0.50837027829562	1	-3.59398293939482	12.916713368661	1	-2.28454974039837	5.21916751635428	1.00270922957692	4440.9037917226	0	1.00119027547965	7087.32708684412	0	NA	NA	NA	NA	NA	NA	NA	NA
328	7	7	benefit_positive_truncnorm	benefit_positive_truncnorm	continuous	1	increasing	benefit	1	1	NA	1.90704494792561	3.78685328524607	700	252	420	700	700	252	491	0.64	0.298571428571429	5.97473431889789	24	24	0	2	1	10	4	1	5000	2500	1	0.99	14	10000	101327	0.5273	0.9994	0.206147013105271	-5.63502282397828	0.219859360842226	5.88175367767916	11.5167765016574	2.21444289939188	0.862588790517606	2.21327226935358	3.54737030151726	2.68478151099966	0.511550802139037	0.20423264707594	-11.8781120447461	0.128243994781049	12.0254360834877	23.9035481282338	0.065	0.9976	4.23427023921455	1.52416735230882	4.14865956525382	8.07146667490954	6.54729932260072	0	NA	NA	NA	NA	NA	NA	1	-1.70089793482033	2.89305378467608	1	0.307397951466276	0.0944935005656632	1	-3.58262063817013	12.8351706370425	1	0.447416953968484	0.200181930698437	1.0017202552729	4234.10289298318	0	1.00335287098771	11689.3754964195	0	NA	NA	NA	NA	NA	NA	NA	NA
349	7	7	benefit_positive_truncnorm	benefit_positive_truncnorm	continuous	1	increasing	benefit	1	1	NA	1.93608925570414	3.57407026557235	700	252	420	700	700	252	473	0.64	0.324285714285714	7.76782881468321	24	24	0	2	1	10	4	1	5000	2500	1	0.99	14	10000	101348	0.7695	1	1.93112616839777	-3.16216124255269	2.012214033644	6.82003400493853	9.98219524749122	2.86156548692393	1.59362170264242	2.85739814627437	4.16127364263106	2.56765193998865	0.657155746024586	2.21028714449113	-8.7213759745695	2.1001604466589	12.4022081075964	21.1235840821659	0.1133	0.999299859971994	5.6885646711316	2.08956702518304	5.57405034441111	9.65928921656054	7.5697221913775	2e-04	NA	NA	NA	NA	NA	NA	1	-0.00496308730636863	2.46322356106374e-05	1	0.925476231219788	0.856506254552782	1	-1.36378312108122	1.85990440134603	1	2.11449440555925	4.47108659114137	1.00200868960232	4254.75213088036	0	1.00171935231607	9800.39524073966	0	NA	NA	NA	NA	NA	NA	NA	NA
318	7	7	benefit_positive_truncnorm	benefit_positive_truncnorm	continuous	1	increasing	benefit	1	1	NA	2.32832289184909	5.33926800495977	700	252	420	700	700	252	512	0.64	0.268571428571429	5.69348966141788	24	24	0	2	1	10	4	1	5000	2500	1	0.99	14	10000	101317	0.5406	0.9362	0.303372244473312	-5.30869245802305	0.322210998069012	5.91349353790292	11.222185995926	1.01400559811495	-0.263488080084109	1.00961434256413	2.28926040312246	2.55274848320657	0.528151839677659	0.355029295172374	-11.3129757360841	0.339878879796665	11.9681715985356	23.2811473346198	0.0569	0.9008	1.4839347415871	-0.80409789035541	1.42800936411857	4.03898395350114	4.84308184385655	0	NA	NA	NA	NA	NA	NA	1	-2.02495064737577	4.10042512430757	0	-1.31431729373414	1.72742994860863	1	-4.98423870978739	24.8426355161431	0	-3.85533326337267	14.8635945716678	1.00132191521508	4289.34847525225	0	1.0016696270643	7145.71027302298	0	NA	NA	NA	NA	NA	NA	NA	NA
356	7	7	benefit_positive_truncnorm	benefit_positive_truncnorm	continuous	1	increasing	benefit	1	1	NA	1.67412975353362	3.03404710403704	700	252	420	700	700	252	493	0.64	0.295714285714286	6.62223190993606	24	24	0	2	1	10	4	1	5000	2500	1	0.99	14	10000	101355	0.5727	0.9965	0.480323161069819	-4.81111894702941	0.53379793877103	5.60778315768381	10.4189021047132	1.79368554676769	0.478186587731129	1.79211120550355	3.06394754710344	2.58576095937231	0.546210321744764	0.560935393666526	-10.8003287723431	0.63149774912986	11.4840731164699	22.284401888813	0.0738	0.9544	2.84303643195846	-0.46453524286935	2.70996401291732	6.47836598558742	6.94290122845677	0	NA	NA	NA	NA	NA	NA	1	-1.1938065924638	1.42517418021004	1	0.119555793234067	0.0142935876958269	1	-2.47311171037051	6.11628153197175	1	-0.191010672078576	0.0364850768479094	1.00119849460192	4276.2515412486	0	1.0010149517657	11574.7135940695	0	NA	NA	NA	NA	NA	NA	NA	NA
358	7	7	benefit_positive_truncnorm	benefit_positive_truncnorm	continuous	1	increasing	benefit	1	1	NA	2.25500027845283	4.29415592003078	700	252	420	700	700	252	474	0.64	0.322857142857143	8.07941016531342	24	24	0	2	1	10	4	1	5000	2500	1	0.99	14	10000	101357	0.6756	1	1.08341123972379	-3.31405566907541	1.10831124667736	5.4487647670274	8.7628204361028	3.12204570558679	1.8538475287212	3.12358780258559	4.37927580920791	2.52542828048671	0.54777870913663	0.599150556341534	-9.44287716701053	0.410001370193517	10.5223555985878	19.9652327655984	0.0456	1	5.51824098094619	3.09588976980141	5.3671403999851	8.69360237623126	5.59771260642985	0	NA	NA	NA	NA	NA	NA	1	-1.17158903872904	1.37262087567004	1	0.867045427133956	0.751767772713905	1	-3.69500536368925	13.6530646376923	1	1.22408506091541	1.49838423635628	1.00144679866767	4793.48712015244	0	1.00150791096311	7268.05211045589	0	NA	NA	NA	NA	NA	NA	NA	NA
357	7	7	benefit_positive_truncnorm	benefit_positive_truncnorm	continuous	1	increasing	benefit	1	1	NA	1.88939320799696	3.52900198334231	700	252	420	700	700	252	471	0.64	0.327142857142857	6.5706911630254	24	24	0	2	1	10	4	1	5000	2500	1	0.99	14	10000	101356	0.6522	0.9991	1.10035753256768	-4.28409036788184	1.10472730871746	6.33722031768926	10.6213106855711	2.26727409783941	0.958028300099096	2.26515049301399	3.59747118589607	2.63944288579697	0.590142811124235	1.30786796034787	-9.92428328237074	1.14881978954033	12.2881100118915	22.2123932942623	0.0687	0.9968	5.12575707496798	1.5050246666383	5.1462533601409	9.13042776215354	7.62540309551523	0	NA	NA	NA	NA	NA	NA	1	-0.789035675429282	0.622577297100143	1	0.377880889842449	0.142793966908121	1	-2.22113402299444	4.93343634810345	1	1.59675509162568	2.54962682263253	1.00216008933318	4472.96426674561	0	1.00143672180749	12101.2518763579	0	NA	NA	NA	NA	NA	NA	NA	NA
346	7	7	benefit_positive_truncnorm	benefit_positive_truncnorm	continuous	1	increasing	benefit	1	1	NA	2.09689949283251	4.46005969257693	700	252	420	700	700	252	477	0.64	0.318571428571429	6.99330242419369	24	24	0	2	1	10	4	1	5000	2500	1	0.99	14	10000	101345	0.5854	0.9456	0.584067031317604	-4.90976647556372	0.622689171629241	5.97739302598376	10.8871595015475	1.08365924082055	-0.253126087352418	1.08656378210266	2.41076317130511	2.66388925865752	0.569445962189925	0.97964883374039	-10.594689514083	0.935617686110376	12.2954774423232	22.8901669564062	0.0849	0.9071	2.51627635850219	-1.30005498735938	2.45810276812746	6.41392674516494	7.71398173252432	0	NA	NA	NA	NA	NA	NA	1	-1.5128324615149	2.28866205661324	1	-1.01324025201196	1.02665580829726	1	-3.48041085883654	12.1132597463073	1	-1.94378333407473	3.77829364982669	1.00284659434572	4305.02386706917	0	1.0015726778226	10094.2866339502	0	NA	NA	NA	NA	NA	NA	NA	NA
336	7	7	benefit_positive_truncnorm	benefit_positive_truncnorm	continuous	1	increasing	benefit	1	1	NA	2.13804601956775	4.60010005391389	700	252	420	700	700	252	470	0.64	0.328571428571429	7.34595145154998	24	24	0	2	1	10	4	1	5000	2500	1	0.99	14	10000	101335	0.5692	0.9998	0.470387349299489	-4.51144196278032	0.446599409109788	5.36997941274866	9.88142137552898	2.53487175429982	1.22075054428469	2.53722027251536	3.83201305787014	2.61126251358545	0.537323248931273	0.628551068559174	-10.1888196586798	0.472280038027394	11.3807661051789	21.5695857638586	0.0877	0.999399759903962	5.47364915221702	1.98716879697487	5.33644848996386	9.52386759837248	7.53669880139761	4e-04	NA	NA	NA	NA	NA	NA	1	-1.66765867026827	2.78108544052092	1	0.396825734732066	0.157470663745644	1	-3.97154898535471	15.773201343072	1	0.873549098303138	0.763088027146225	1.00109251206742	4777.76793275383	0	1.00200906576128	9967.21243243312	0	NA	NA	NA	NA	NA	NA	NA	NA
347	7	7	benefit_positive_truncnorm	benefit_positive_truncnorm	continuous	1	increasing	benefit	1	1	NA	2.61285904644769	5.81757158634659	700	252	420	700	700	252	454	0.64	0.351428571428571	7.45884699802566	24	24	0	2	1	10	4	1	5000	2500	1	0.99	14	10000	101346	0.6427	0.9944	0.919761059795326	-4.10801474316473	0.91685760108221	5.90272106509506	10.0107358082598	1.74883935935471	0.42269377202528	1.75050885296227	3.0387390615026	2.61604528947732	0.562389964788732	0.916900694429257	-9.98874225212572	0.796145694649647	11.5766853743786	21.5654276265043	0.0912	0.967473979183347	3.89278561480488	-0.223300008284699	3.72014675224712	9.61363826557069	9.83693827385539	8e-04	NA	NA	NA	NA	NA	NA	1	-1.69309798665236	2.86658079240628	1	-0.864019687092973	0.746530019684239	1	-4.90067089191733	24.0165751908858	1	-1.92478597154171	3.70480103624378	1.0016590347064	3873.00035684592	0	1.00167214253026	11406.5632265212	0	NA	NA	NA	NA	NA	NA	NA	NA
351	7	7	benefit_positive_truncnorm	benefit_positive_truncnorm	continuous	1	increasing	benefit	1	1	NA	1.69247939127816	3.23719248360144	700	252	420	700	700	252	472	0.64	0.325714285714286	6.36386951410808	24	24	0	2	1	10	4	1	5000	2500	1	0.99	14	10000	101350	0.3793	0.911	-0.810828528797335	-5.93592092921991	-0.84462523959693	4.45950628690058	10.3954272161205	0.914116025291667	-0.407113878071596	0.910191415702771	2.26737144648273	2.67448532455432	0.422560715807414	-1.04800549149118	-12.0243492762783	-0.92431859553685	9.96767647618299	21.9920257524613	0.0612	0.9186	1.92926072555867	-0.793805482139999	1.90083993492285	4.79514947769345	5.58895495983345	0	NA	NA	NA	NA	NA	NA	1	-2.50330792007549	6.26655054271269	1	-0.77836336598649	0.605849529509818	1	-4.28519797509262	18.3629216857379	1	-1.30793175804277	1.71068548369686	1.00174934674931	4447.13980361631	0	1.00174712276678	6444.07886820625	0	NA	NA	NA	NA	NA	NA	NA	NA
364	7	7	benefit_positive_truncnorm	benefit_positive_truncnorm	continuous	1	increasing	benefit	1	1	NA	1.35348405295667	2.11161649121556	700	252	420	700	700	252	490	0.64	0.3	6.20177157241862	24	24	0	2	1	10	4	1	5000	2500	1	0.99	14	10000	101363	0.5665	0.9587	0.440994389785642	-4.63570266368029	0.488979922135062	5.58234317399262	10.2180458376729	1.15236621273356	-0.152796538136095	1.15115903223676	2.48168558290532	2.63448212104142	0.56282887813092	0.863897847900219	-10.2597745357139	0.779784645050355	11.8123868064076	22.0721613421215	0.0498	0.8044	1.32087784583905	-1.85936008676403	1.31950214648438	4.27980275885846	6.13916284562249	0	NA	NA	NA	NA	NA	NA	1	-0.912489663171026	0.832637385393973	1	-0.201117840223113	0.0404483856560095	1	-1.24771864331534	1.55680181287666	1	-0.790738645376506	0.625267605291872	1.00185946896954	4374.7731510749	0	1.00194800730065	7496.68242233803	0	NA	NA	NA	NA	NA	NA	NA	NA
398	7	7	benefit_positive_truncnorm	benefit_positive_truncnorm	continuous	1	increasing	benefit	1	1	NA	1.77850053921687	3.16367289865	700	252	420	700	700	252	482	0.64	0.311428571428571	6.70939404934329	24	24	0	2	1	10	4	1	5000	2500	1	0.99	14	10000	101397	0.7067	0.9999	1.46938907008447	-3.97887588493334	1.52504373112145	6.60789660693634	10.5867724918697	2.46403601857331	1.14507557648152	2.45963658149383	3.78842515861686	2.64334958213534	0.631207980915203	1.85474060671249	-9.73526847682291	1.74745323199329	12.7716612124912	22.5069296893142	0.0778	0.9929	4.0071003374667	0.65216542127177	3.78201461797849	8.45583691002659	7.80367148875482	0	NA	NA	NA	NA	NA	NA	1	-0.309111469132398	0.0955499003491893	1	0.685535479356441	0.469958893456465	1	-1.3089322919375	1.71330374487677	1	0.843427438816705	0.711369844548907	1.00121737389865	4285.51989720711	0	1.00169703204202	13008.9596705297	0	NA	NA	NA	NA	NA	NA	NA	NA
425	7	7	benefit_positive_truncnorm	benefit_positive_truncnorm	continuous	1	increasing	benefit	1	1	NA	2.53500502190497	5.09519775414137	700	252	420	700	700	252	461	0.64	0.341428571428571	7.50092208878041	24	24	0	2	1	10	4	1	5000	2500	1	0.99	14	10000	101424	0.7483	1	1.72623622442488	-3.49882941979177	1.79757222315631	6.72587725883483	10.2247066786266	3.2597011216522	1.94855209032853	3.26420453841507	4.57063099541903	2.6220789050905	0.650629246018488	1.98371327992436	-9.24460035596325	1.91631174757476	12.3503826772785	21.5949830332418	0.1021	1	8.13104632811431	4.68398628302784	7.69009756558177	13.6745441768484	8.99055789382058	0.0083	NA	NA	NA	NA	NA	NA	1	-0.808768797480088	0.654106967777388	1	0.724696099747232	0.525184436988849	1	-3.11148447421701	9.68133563329352	1	3.03584857397294	9.21637656409352	1.00178629992188	4560.42009545572	0	1.00148827265913	6452.30261737712	0	NA	NA	NA	NA	NA	NA	NA	NA
353	7	7	benefit_positive_truncnorm	benefit_positive_truncnorm	continuous	1	increasing	benefit	1	1	NA	2.16992372211076	4.49710933816236	700	252	420	700	700	252	456	0.64	0.348571428571429	7.95391547749556	24	24	0	2	1	10	4	1	5000	2500	1	0.99	14	10000	101352	0.7312	0.9999	1.60330789095205	-3.53456926952032	1.64169269487211	6.50852535855974	10.0430946280801	2.52641610641239	1.24500050727197	2.5310272785984	3.82293616622826	2.57793565895629	0.627658364608211	1.8292006679166	-9.28530768898663	1.74096780119534	12.4367363076185	21.7220439966051	0.1207	0.99939185080073	6.14599897137863	2.22379844164642	5.97056653101501	11.4239154021564	9.20011696050996	0.0134	NA	NA	NA	NA	NA	NA	1	-0.566615831158707	0.321053500119673	1	0.356492384301639	0.127086820065067	1	-2.66790867024576	7.1177366727725	1	1.64888963321627	2.71883702252809	1.0012064240038	4149.70222733356	0	1.00210038221855	9908.14874047916	0	NA	NA	NA	NA	NA	NA	NA	NA
348	7	7	benefit_positive_truncnorm	benefit_positive_truncnorm	continuous	1	increasing	benefit	1	1	NA	2.03180932294131	3.8729676545069	700	252	420	700	700	252	504	0.64	0.28	7.06113066556313	24	24	0	2	1	10	4	1	5000	2500	1	0.99	14	10000	101347	0.6412	0.9922	0.899724225818087	-3.89806250499441	0.914991048805857	5.60712846718119	9.5051909721756	1.54073986973424	0.30223329317832	1.53810426433298	2.78914769807556	2.48691440489724	0.643126571668064	1.63222772635373	-9.25413232033137	1.43958636393337	12.3157612062926	21.569893526624	0.0456	0.938	2.31090495814669	-0.536294484628224	2.32061383939007	5.20540759300113	5.74170207762935	0	NA	NA	NA	NA	NA	NA	1	-1.13208509712322	1.2816166671285	1	-0.491069453207074	0.241149207873094	1	-2.24073992815318	5.0209154256199	1	-1.56206269636021	2.44003986736013	1.00167335447427	4761.86720366896	0	1.00125605128179	14278.2430069833	0	NA	NA	NA	NA	NA	NA	NA	NA
397	7	7	benefit_positive_truncnorm	benefit_positive_truncnorm	continuous	1	increasing	benefit	1	1	NA	1.29949941645143	2.16200972129554	700	252	420	700	700	252	504	0.64	0.28	6.5785817991035	24	24	0	2	1	10	4	1	5000	2500	1	0.99	14	10000	101396	0.6006	0.9664	0.690555318241968	-4.57037590886332	0.730531739020155	5.90968345864872	10.480059367512	1.22147125587496	-0.0930610860788547	1.22129690694117	2.49307867902234	2.5861397651012	0.582486902598097	1.10338369674364	-9.95955296536518	0.985372061146665	12.1278695158705	22.0874224812357	0.0647	0.9042	2.11098101569633	-0.989112952786774	2.16955088252388	4.97954773222873	5.96866068501551	0	NA	NA	NA	NA	NA	NA	1	-0.608944098209466	0.37081291474414	1	-0.0780281605764701	0.0060883938429474	1	-1.0586260245519	1.12068905985856	1	-0.0510287055992129	0.00260392879513114	1.00210537264742	4200.70035251287	0	1.00142920115777	12021.1767604956	0	NA	NA	NA	NA	NA	NA	NA	NA
367	7	7	benefit_positive_truncnorm	benefit_positive_truncnorm	continuous	1	increasing	benefit	1	1	NA	1.93766853707867	3.58518393687932	700	252	420	700	700	252	471	0.64	0.327142857142857	7.5685132853971	24	24	0	2	1	10	4	1	5000	2500	1	0.99	14	10000	101366	0.6542	0.9981	0.981984629402803	-4.13629743587314	1.0368661388168	5.87168484658417	10.0079822824573	1.93212104763949	0.629711143851118	1.93309246872797	3.23278761413809	2.60307647028697	0.584922394678492	1.15976089726982	-9.52608574059856	1.08220159286759	11.7154987024011	21.2415844429997	0.098	0.979495899179836	3.57785163768831	0.114077369289678	3.2503802584358	7.74154511782493	7.62746774853525	2e-04	NA	NA	NA	NA	NA	NA	1	-0.955683907675869	0.913331731390619	1	-0.0055474894391776	3.0774639077787e-05	1	-2.4254230396095	5.88267692106857	1	-0.00733229919100298	5.37626114263829e-05	1.00158401328451	4089.92756980596	0	1.00197755426802	11159.2577972679	0	NA	NA	NA	NA	NA	NA	NA	NA
354	7	7	benefit_positive_truncnorm	benefit_positive_truncnorm	continuous	1	increasing	benefit	1	1	NA	2.50375874010719	5.69804194022774	700	252	420	700	700	252	478	0.64	0.317142857142857	6.70952225721248	24	24	0	2	1	10	4	1	5000	2500	1	0.99	14	10000	101353	0.6887	0.9992	1.29546188141204	-4.03624419537002	1.29917846364171	6.60911158753088	10.6453557829009	2.18493427067144	0.868851132766928	2.18945599872573	3.44492501461548	2.57607388184855	0.605649103747963	1.42102906453151	-9.96401803829892	1.32731972664105	12.2455459062284	22.2095639445273	0.0795	0.9925	4.04511814850566	0.879385720932028	4.13918811663636	7.25723809578277	6.37785237485074	0	NA	NA	NA	NA	NA	NA	1	-1.20829685869515	1.45998129873257	1	-0.318824469435746	0.101649042310985	1	-4.27701287569623	18.2928391388713	1	-1.65292379172207	2.73215706124088	1.00142761917575	4687.50881774425	0	1.00147891861742	10596.1488784005	0	NA	NA	NA	NA	NA	NA	NA	NA
355	7	7	benefit_positive_truncnorm	benefit_positive_truncnorm	continuous	1	increasing	benefit	1	1	NA	1.45231220953541	2.80932620919	700	252	420	700	700	252	508	0.64	0.274285714285714	5.84931691156719	24	24	0	2	1	10	4	1	5000	2500	1	0.99	14	10000	101354	0.6963	1	1.46113450732381	-4.37201536130368	1.50484407292819	7.01063502576731	11.382650387071	2.73290323898388	1.43275096692661	2.73798090566636	4.02272585240649	2.58997488547988	0.62781954887218	1.83701641389841	-10.034049666545	1.78725662629375	13.209798798695	23.24384846524	0.069	0.9997	4.87873947380198	1.90185030528989	4.80578281871379	8.02594131819257	6.12409101290268	0	NA	NA	NA	NA	NA	NA	1	0.00882229778839805	7.78329382671731e-05	1	1.28059102944847	1.63991338470389	1	-0.97230979529159	0.945386338019973	1	2.06941326461198	4.28247125975203	1.00120830232122	4468.68706546458	0	1.00157936370789	12199.4088411836	0	NA	NA	NA	NA	NA	NA	NA	NA
399	7	7	benefit_positive_truncnorm	benefit_positive_truncnorm	continuous	1	increasing	benefit	1	1	NA	1.8521963663054	3.41537440794249	700	252	420	700	700	252	468	0.64	0.331428571428571	7.36143905535874	24	24	0	2	1	10	4	1	5000	2500	1	0.99	14	10000	101398	0.5407	0.9753	0.245900120032603	-4.66077707373344	0.261456519675584	5.14697579698445	9.80775287071789	1.27902027601371	0.0032667301944112	1.28019996427999	2.57868261349775	2.57541588330334	0.510262008733624	0.165068981551222	-10.6611258692203	0.11329162272499	10.7650420751122	21.4261679443325	0.084	0.9479	2.62272513110939	-0.599089774437096	2.60323964817195	6.1394883440339	6.738578118471	0	NA	NA	NA	NA	NA	NA	1	-1.6062962462728	2.58018763079008	1	-0.573176090291691	0.328530830482068	1	-3.25030542639126	10.5644853648285	1	-0.792649276833096	0.628292876064031	1.00123363144317	3977.72071942531	0	1.00131573376959	6297.62320974584	0	NA	NA	NA	NA	NA	NA	NA	NA
396	7	7	benefit_positive_truncnorm	benefit_positive_truncnorm	continuous	1	increasing	benefit	1	1	NA	1.92926045290766	3.9255224864557	700	252	420	700	700	252	496	0.64	0.291428571428571	6.32418268557543	24	24	0	2	1	10	4	1	5000	2500	1	0.99	14	10000	101395	0.5289	0.9749	0.181203140470368	-5.00064080415395	0.201606871728328	5.30807056216064	10.3087113663146	1.3160798738859	-0.00282970810885811	1.31078077941604	2.62946271860004	2.6322924267089	0.53312	0.474883528196901	-10.5876923074173	0.419873860381557	11.4243440347788	22.0120363421961	0.0625	0.9852	3.60186820011459	0.364759370742688	3.56492939061595	6.9408184631692	6.57605909242651	0	NA	NA	NA	NA	NA	NA	1	-1.74805731243729	3.05570436756547	1	-0.613180579021754	0.375990422489454	1	-3.4506389582588	11.9069092202534	1	-0.323654286341112	0.104752097066974	1.00157804728866	4667.86797168495	0	1.00202489356048	6821.1993259586	0	NA	NA	NA	NA	NA	NA	NA	NA
325	7	7	benefit_positive_truncnorm	benefit_positive_truncnorm	continuous	1	increasing	benefit	1	1	NA	1.68439457561559	2.95601843396281	700	252	420	700	700	252	486	0.64	0.305714285714286	6.88181995811021	24	24	0	2	1	10	4	1	5000	2500	1	0.99	14	10000	101324	0.6488	0.9952	1.05928737868787	-4.35642156736314	1.1147444940595	6.21437002731422	10.5707915946774	1.66477229914172	0.417632291063202	1.66972376743818	2.91793701033571	2.50030471927251	0.588254593175853	1.167251235603	-10.0525320211012	1.13362020713179	12.0930463365577	22.1455783576589	0.0856	0.9257	2.06668350729144	-0.583668747779394	1.99811497717602	5.17087835541852	5.75454710319792	0	NA	NA	NA	NA	NA	NA	1	-0.625107196927722	0.390759007650834	1	-0.0196222764738676	0.000385033734016898	1	-1.78876719835981	3.19968808992799	1	-0.889334926671374	0.790916611797578	1.00156936775368	4426.91087413203	0	1.00129401185409	10464.5930707391	0	NA	NA	NA	NA	NA	NA	NA	NA
363	7	7	benefit_positive_truncnorm	benefit_positive_truncnorm	continuous	1	increasing	benefit	1	1	NA	2.06383020955399	3.94141369324154	700	252	420	700	700	252	476	0.64	0.32	7.54832648680161	24	24	0	2	1	10	4	1	5000	2500	1	0.99	14	10000	101362	0.6503	0.9996	0.999098614530447	-4.17452756060664	1.00847809047958	5.94925649473631	10.1237840553429	2.37587913437793	1.03378711803311	2.37199087670684	3.69418333497393	2.66039621694082	0.592576128028451	1.22579572501974	-9.87537970650466	1.10333952897124	11.7481996747104	21.6235793812151	0.1002	0.997699079631853	5.51203323954718	1.42802892298655	5.43233864519503	10.0631904037373	8.63516148075073	4e-04	NA	NA	NA	NA	NA	NA	1	-1.06473159502354	1.13365336944138	1	0.312048924823944	0.0973745314837794	1	-2.7156179682218	7.37458094932909	1	1.57061954630565	2.46684575923736	1.00221324141182	4353.94926566235	0	1.00121315910148	12747.186719873	0	NA	NA	NA	NA	NA	NA	NA	NA
375	7	7	benefit_positive_truncnorm	benefit_positive_truncnorm	continuous	1	increasing	benefit	1	1	NA	1.95814886998732	4.12025744943973	700	252	420	700	700	252	470	0.64	0.328571428571429	7.17271055072863	24	24	0	2	1	10	4	1	5000	2500	1	0.99	14	10000	101374	0.4935	0.9402	-0.00721329169029569	-4.85544691157467	-0.0401642447337824	4.95756696627879	9.81301387785346	1.02429461085462	-0.268585958902039	1.01548408486426	2.32888622255908	2.59747218146112	0.497790710205841	0.0479397643824175	-10.6446362321197	-0.0268301179270676	10.7556281034196	21.4002643355393	0.0721	0.8997	2.29132564278016	-1.06099247742844	2.10522095781323	6.23068100695267	7.29167348438112	0	NA	NA	NA	NA	NA	NA	1	-1.96536216167761	3.86264842655409	1	-0.933854259132696	0.872083777300277	1	-4.07231768505731	16.5837713280305	1	-1.82893180665956	3.34499155341101	1.00162678848517	4420.2460859217	0	1.00210765121752	12026.5772953936	0	NA	NA	NA	NA	NA	NA	NA	NA
352	7	7	benefit_positive_truncnorm	benefit_positive_truncnorm	continuous	1	increasing	benefit	1	1	NA	1.59259587225503	3.06446261840357	700	252	420	700	700	252	483	0.64	0.31	5.45623133006408	24	24	0	2	1	10	4	1	5000	2500	1	0.99	14	10000	101351	0.7005	0.9998	1.48041441906502	-4.02316122339004	1.53046295828841	6.85833694049193	10.881498163882	2.51665228465012	1.21145669172984	2.515155922309	3.81787471740919	2.60641802567935	0.671603893355904	2.52481634849665	-8.6579725031692	2.2844980967918	13.7915313621533	22.4495038653225	0.0548	0.9992	5.39197738723062	1.98459873508427	5.47039697511785	8.68716307901869	6.70256434393442	0	NA	NA	NA	NA	NA	NA	1	-0.112181453190016	0.0125846784398237	1	0.924056412395086	0.853880253288477	1	-0.539646269906923	0.291218096624456	1	2.32751476882705	5.41732499910804	1.00140165393556	4206.86953170096	0	1.00179628938733	5480.57944521676	1	NA	NA	NA	NA	NA	NA	NA	NA
427	7	7	benefit_positive_truncnorm	benefit_positive_truncnorm	continuous	1	increasing	benefit	1	1	NA	2.48002045772223	5.38855845289099	700	252	420	700	700	252	488	0.64	0.302857142857143	7.15925947769373	24	24	0	2	1	10	4	1	5000	2500	1	0.99	14	10000	101426	0.7291	0.9997	1.53493456962385	-3.26532877231377	1.57490706360586	6.26367254675439	9.52900131906815	2.25999427219663	0.994203952723894	2.25371174482422	3.5298867201357	2.53568276741181	0.67676335224232	2.22177426093521	-8.34979403845094	2.00704532749251	12.6015357658119	20.9513298042628	0.0657	0.9928	3.80109070836828	0.822966983326331	3.74155433594233	6.97080298225244	6.14783599892611	0	NA	NA	NA	NA	NA	NA	1	-0.945085888098383	0.89318733588271	1	-0.220026185525595	0.0484115223169434	1	-3.16678419195578	10.0285221184211	1	-1.58746774452271	2.52005383990003	1.00087475794877	4390.1183160529	0	1.00212891868722	10945.1896237496	0	NA	NA	NA	NA	NA	NA	NA	NA
360	7	7	benefit_positive_truncnorm	benefit_positive_truncnorm	continuous	1	increasing	benefit	1	1	NA	2.21132186793939	4.3405946490083	700	252	420	700	700	252	473	0.64	0.324285714285714	7.6401577715652	24	24	0	2	1	10	4	1	5000	2500	1	0.99	14	10000	101359	0.6852	0.9975	1.23941952464746	-3.80918738777049	1.25376034376935	6.27926200058956	10.08844938836	1.9123406563573	0.541670036741453	1.91501195792666	3.22993171253667	2.68826167579521	0.601514645283439	1.36705694930319	-9.47462467078239	1.34371649137011	11.9908269739085	21.4654516446909	0.1021	0.9693	3.47373958577163	-0.218329360752898	3.46260214229892	7.14446320322446	7.36279256397736	0	NA	NA	NA	NA	NA	NA	1	-0.971902343291927	0.944594164896339	1	-0.298981211582093	0.0893897648790963	1	-2.97353769970511	8.84192645156756	1	-0.866855063236665	0.751437700659043	1.00121983189101	4643.06422431696	0	1.00262560482863	10992.1228583968	0	NA	NA	NA	NA	NA	NA	NA	NA
385	7	7	benefit_positive_truncnorm	benefit_positive_truncnorm	continuous	1	increasing	benefit	1	1	NA	2.23614535195712	4.14147815153666	700	252	420	700	700	252	487	0.64	0.304285714285714	7.32152615184369	24	24	0	2	1	10	4	1	5000	2500	1	0.99	14	10000	101384	0.7839	1	1.99379225289858	-3.03518725562116	2.04736868134572	6.72011606384618	9.75530331946734	3.06841886012438	1.8105362478566	3.07960680002222	4.29381526697747	2.48327901912087	0.705060506050605	2.65794854337764	-8.19321862565317	2.55233395333912	12.7932794399535	20.9864980656066	0.091	1	5.0375981001512	2.54038324282897	4.93302054025173	7.90259571779766	5.36221247496869	0	NA	NA	NA	NA	NA	NA	1	-0.242353099058541	0.0587350246232789	1	0.832273508167262	0.692679192397041	1	-1.48352960815902	2.20086009828447	1	0.896119948614539	0.803030962304925	1.00140483497196	4306.54775959608	0	1.00150157750291	10587.9053900358	0	NA	NA	NA	NA	NA	NA	NA	NA
359	7	7	benefit_positive_truncnorm	benefit_positive_truncnorm	continuous	1	increasing	benefit	1	1	NA	1.92769827305556	3.10369727820434	700	252	420	700	700	252	468	0.64	0.331428571428571	7.97753802384556	24	24	0	2	1	10	4	1	5000	2500	1	0.99	14	10000	101358	0.7031	0.9996	1.37668473713343	-3.90282395665574	1.46274021182679	6.44858853805076	10.3514124947065	2.29153175293286	1.04457875521291	2.28731705081972	3.56270533797668	2.51812658276376	0.614813969413376	1.50685341158919	-9.46573623231984	1.43651028377206	12.0744665096629	21.5402027419828	0.1238	0.9983	4.71188541728777	1.28034622786629	4.19605782524867	9.65452865702861	8.37418242916232	0	NA	NA	NA	NA	NA	NA	1	-0.551013535922128	0.303615916769407	1	0.363833479877306	0.13237480107963	1	-1.59684386661515	2.54991033434641	1	1.60818813908343	2.58626909068863	1.00159905190489	4273.40209431589	0	1.00102809025048	10190.2928243209	0	NA	NA	NA	NA	NA	NA	NA	NA
361	7	7	benefit_positive_truncnorm	benefit_positive_truncnorm	continuous	1	increasing	benefit	1	1	NA	2.36584642510191	5.16695670765041	700	252	420	700	700	252	462	0.64	0.34	6.64483903776687	24	24	0	2	1	10	4	1	5000	2500	1	0.99	14	10000	101360	0.8125	1	2.42116861553482	-2.98319895951492	2.48964369436771	7.58203840248968	10.5652373620046	3.1660455508594	1.85453335597119	3.16124113157507	4.48256467441056	2.62803131843937	0.749423520368947	3.48115790999368	-7.05285766977497	3.35777498310392	13.6795833227678	20.7324409925428	0.0893	0.999797959389837	7.63723462567994	2.55268125359961	7.68147385980316	12.8020258917031	10.2493446381035	0.0101	NA	NA	NA	NA	NA	NA	1	0.0553221904329035	0.00306054475429444	1	0.80019912575749	0.640318640863051	1	-1.68579879765674	2.8419175861809	1	2.47027791802953	6.1022729923043	1.00130755172282	4341.09708055911	0	1.00120841928167	9889.10509157514	0	NA	NA	NA	NA	NA	NA	NA	NA
362	7	7	benefit_positive_truncnorm	benefit_positive_truncnorm	continuous	1	increasing	benefit	1	1	NA	1.8188667067658	3.76695218975755	700	252	420	700	700	252	485	0.64	0.307142857142857	7.57578185268251	24	24	0	2	1	10	4	1	5000	2500	1	0.99	14	10000	101361	0.75	1	1.69190712518874	-3.46709695254536	1.78394821347015	6.49264583412463	9.95974278666998	2.74318277849551	1.45294057457856	2.74427861534272	4.01500101812085	2.56206044354229	0.689969271290606	2.47446678921405	-8.15508710506367	2.36998322180127	12.6062976695098	20.7613847745734	0.0888	0.9998	5.19163504529094	2.41382800013141	5.22061428540603	8.06192485074752	5.64809685061611	0	NA	NA	NA	NA	NA	NA	1	-0.126959581577061	0.0161187353542225	1	0.92431607172971	0.854360200457842	1	-1.2924854005435	1.67051851061808	1	1.42468285553339	2.02972123885078	1.00156407141289	4789.24011373197	0	1.00268878757184	6380.44813161299	0	NA	NA	NA	NA	NA	NA	NA	NA
370	7	7	benefit_positive_truncnorm	benefit_positive_truncnorm	continuous	1	increasing	benefit	1	1	NA	2.52928068498241	5.1841212312423	700	252	420	700	700	252	491	0.64	0.298571428571429	6.86112269176447	24	24	0	2	1	10	4	1	5000	2500	1	0.99	14	10000	101369	0.7547	1	1.90542984321151	-3.72640380461979	1.98924937942317	7.16854868645838	10.8949524910782	3.11221770937314	1.81667292406368	3.11392720597512	4.38592443919403	2.56925151513036	0.663035105095191	2.29216716865095	-8.78101904941596	2.20467705080603	12.9761076064371	21.7571266558531	0.0913	0.9999	6.63500109981717	2.89558146986768	6.69162234989853	10.1380574725247	7.24247600265704	0	NA	NA	NA	NA	NA	NA	1	-0.6238508417709	0.38918987277826	1	0.582937024390726	0.339815574405514	1	-2.89195406259135	8.36339830013859	1	1.45087986857487	2.10505239303585	1.00197808989715	4932.64427597549	0	1.00184979474456	10174.9997260141	0	NA	NA	NA	NA	NA	NA	NA	NA
350	7	7	benefit_positive_truncnorm	benefit_positive_truncnorm	continuous	1	increasing	benefit	1	1	NA	1.92628040858474	3.44997800811079	700	252	420	700	700	252	477	0.64	0.318571428571429	6.51914252192981	24	24	0	2	1	10	4	1	5000	2500	1	0.99	14	10000	101349	0.6368	0.998	0.94319198497457	-4.33145848931238	0.942687465764453	6.02308997592251	10.3545484652349	1.99927390037565	0.703942455905964	2.0078493264349	3.29975879681113	2.59581634090517	0.599173104123599	1.40257346214237	-9.77962590236293	1.30175364610407	12.5125080503472	22.2921339527101	0.0809	0.9877	4.03878723775917	0.396606331847888	4.02243873224741	8.06316560211686	7.66655927026897	0	NA	NA	NA	NA	NA	NA	1	-0.983088423610167	0.966462848636324	1	0.0729934917909134	0.00532804984383014	1	-2.04740454596842	4.19186537485215	1	0.588809229648381	0.34669630891912	1.00118591885053	4066.93432716049	0	1.00182684613084	9622.24980340644	0	NA	NA	NA	NA	NA	NA	NA	NA
371	7	7	benefit_positive_truncnorm	benefit_positive_truncnorm	continuous	1	increasing	benefit	1	1	NA	2.05624417999696	4.06043270930435	700	252	420	700	700	252	495	0.64	0.292857142857143	6.06340043384569	24	24	0	2	1	10	4	1	5000	2500	1	0.99	14	10000	101370	0.6818	0.9971	1.23080241617445	-3.87710518679654	1.23324613543234	6.30927123834723	10.1863764251438	1.82709227036023	0.528648776456989	1.82808921689431	3.14399551969576	2.61534674323877	0.685324947589099	2.32140030304291	-8.98637201617717	2.15030882648628	13.3060215216516	22.2923935378288	0.046	0.992	3.02170806497019	0.784085139853563	2.97718951567659	5.47042512232393	4.68633998247037	0	NA	NA	NA	NA	NA	NA	1	-0.825441763822508	0.681354105462412	1	-0.22915190963673	0.05251059769016	1	-1.73903240626145	3.02423371002747	1	-1.03872464433416	1.07894888674713	1.00180572921477	4389.59434434908	0	1.0017676644467	7201.49873470411	0	NA	NA	NA	NA	NA	NA	NA	NA
426	7	7	benefit_positive_truncnorm	benefit_positive_truncnorm	continuous	1	increasing	benefit	1	1	NA	1.55629889010953	2.85264039200318	700	252	420	700	700	252	486	0.64	0.305714285714286	7.43381128818317	24	24	0	2	1	10	4	1	5000	2500	1	0.99	14	10000	101425	0.6388	0.9914	0.910042741830081	-4.20157301456422	0.949761414461436	5.96152660626138	10.1630996208256	1.55951543075115	0.26799915045885	1.55554221899265	2.88955255651276	2.62155340605391	0.5837023914969	1.14961696694282	-9.63389065939546	1.06052528423471	11.8235238828668	21.4574145422622	0.0968	0.9946	3.48092842911302	0.779439960819766	3.52452155094915	6.04724970447479	5.26780974365502	0	NA	NA	NA	NA	NA	NA	1	-0.646256148279448	0.417647009188988	1	0.00321654064162002	1.03461336991934e-05	1	-1.70302342506036	2.90028878630434	1	0.628288037109831	0.394745857575324	1.00110566710013	4693.42283928219	0	1.00107438429726	7007.30613256192	0	NA	NA	NA	NA	NA	NA	NA	NA
378	7	7	benefit_positive_truncnorm	benefit_positive_truncnorm	continuous	1	increasing	benefit	1	1	NA	1.90112068106565	3.68471397926937	700	252	420	700	700	252	465	0.64	0.335714285714286	7.16648331820955	24	24	0	2	1	10	4	1	5000	2500	1	0.99	14	10000	101377	0.4948	0.9989	-0.0489705339764094	-4.82079294707821	-0.0332580304101695	4.61063953975782	9.43143248683603	2.10030410143437	0.731631299023365	2.1071453108194	3.41907654931867	2.6874452502953	0.517922300922945	0.199239013394338	-10.5539933079971	0.178220538818467	10.8901278437082	21.4441211517053	0.0682	0.997691226661313	7.49436055767542	2.52128502349179	7.57442868385055	11.5805920694715	9.05930704597974	0.0038	NA	NA	NA	NA	NA	NA	1	-1.95009121504206	3.80285574698422	1	0.199183420368717	0.039674034949781	1	-3.48547496587503	12.1485357377415	1	3.80964657840606	14.513407052361	1.0010744994615	4636.72154414858	0	1.00278032020341	11381.6116205094	0	NA	NA	NA	NA	NA	NA	NA	NA
376	7	7	benefit_positive_truncnorm	benefit_positive_truncnorm	continuous	1	increasing	benefit	1	1	NA	2.0193260388208	3.61507140933861	700	252	420	700	700	252	478	0.64	0.317142857142857	6.62617383122789	24	24	0	2	1	10	4	1	5000	2500	1	0.99	14	10000	101375	0.6338	0.9989	0.910489177397487	-4.46383022942475	0.940381930938628	6.15884069857759	10.6226709280023	2.09505429024113	0.774653662136955	2.09212542268217	3.43570614117905	2.66105247904209	0.582488678024585	1.10393871436427	-10.1851826948231	1.07142607808639	12.2539903495207	22.4391730443438	0.0726	0.9916	4.05359935499953	0.58778483067544	3.83202394571683	8.5654428269825	7.97765799630706	0	NA	NA	NA	NA	NA	NA	1	-1.10883686142332	1.22951918525111	1	0.075728251420327	0.00573476806318026	1	-2.51113269497435	6.30578741176913	1	0.438527945660915	0.192306759125582	1.00140801042974	4291.30044437778	0	1.00141594018194	14093.2920715092	0	NA	NA	NA	NA	NA	NA	NA	NA
380	7	7	benefit_positive_truncnorm	benefit_positive_truncnorm	continuous	1	increasing	benefit	1	1	NA	1.88284166648312	3.90509003786048	700	252	420	700	700	252	470	0.64	0.328571428571429	6.6543085460048	24	24	0	2	1	10	4	1	5000	2500	1	0.99	14	10000	101379	0.6535	0.9906	1.05007064503088	-4.20998946293421	1.05370364970375	6.26150462954695	10.4714940924812	1.55076699255081	0.243304892852391	1.55759672832186	2.85331745328746	2.61001256043507	0.617452574525745	1.61825111426061	-9.829584773088	1.48946249622833	12.9193947090158	22.7489794821038	0.0775	0.9948	4.51687335351	0.944889799239304	4.51792479256686	7.96995449760122	7.02506469836191	0	NA	NA	NA	NA	NA	NA	1	-0.83277102145224	0.693507574170607	1	-0.332074673932309	0.110273589067249	1	-2.28683892359987	5.2296322624914	1	0.611783315649522	0.374278825307122	1.00150260440453	4690.98596104899	0	1.00145814700676	11295.0184606721	0	NA	NA	NA	NA	NA	NA	NA	NA
368	7	7	benefit_positive_truncnorm	benefit_positive_truncnorm	continuous	1	increasing	benefit	1	1	NA	2.14204084588544	4.14401348051713	700	252	420	700	700	252	474	0.64	0.322857142857143	6.78440546007055	24	24	0	2	1	10	4	1	5000	2500	1	0.99	14	10000	101367	0.6577	0.9998	1.08706860800447	-4.18403907634951	1.11931582853551	6.27950540737346	10.463544483723	2.31675238772169	1.01627775616319	2.31859671235899	3.59759435171117	2.58131659554799	0.594059405940594	1.26729876247797	-10.2406733782529	1.20829367916335	12.2220819534038	22.4627553316567	0.0708	0.9975	5.11734319921757	1.57123454032652	5.2069038324957	8.57219562807305	7.00096108774653	0	NA	NA	NA	NA	NA	NA	1	-1.05497223788097	1.11296642269959	1	0.174711541836255	0.0305241228508016	1	-2.87671471803916	8.27548756898312	1	0.973329718700441	0.94737074130548	1.00153725510525	4822.73224834415	0	1.00123276320825	9307.31072398999	0	NA	NA	NA	NA	NA	NA	NA	NA
365	7	7	benefit_positive_truncnorm	benefit_positive_truncnorm	continuous	1	increasing	benefit	1	1	NA	2.53969303096646	5.49490281857718	700	252	420	700	700	252	491	0.64	0.298571428571429	6.15386661594783	24	24	0	2	1	10	4	1	5000	2500	1	0.99	14	10000	101364	0.7282	1	1.62322233819161	-3.66899567816078	1.66989294100087	6.85812479881602	10.5271204769768	3.25923646199525	1.92048464637625	3.26518026100728	4.56552793821001	2.64504329183376	0.695215719777873	2.66691341759833	-8.08841273732595	2.44912610281396	13.4785179533417	21.5669306906677	0.0636	1	6.24362350551655	3.4788344011124	6.13791282817333	9.49250988085238	6.01367547973998	0	NA	NA	NA	NA	NA	NA	1	-0.916470692774855	0.839918530715223	1	0.719543431028784	0.517742749136674	1	-2.82798940097885	7.99752405204874	1	0.748720686939365	0.560582667050954	1.00139918924694	4512.95890947071	0	1.00155750636022	5450.96253938078	0	NA	NA	NA	NA	NA	NA	NA	NA
424	7	7	benefit_positive_truncnorm	benefit_positive_truncnorm	continuous	1	increasing	benefit	1	1	NA	2.29502168940488	4.91940434064932	700	252	420	700	700	252	485	0.64	0.307142857142857	7.23282050551231	24	24	0	2	1	10	4	1	5000	2500	1	0.99	14	10000	101423	0.8001	1	2.17275700187925	-3.06004065733815	2.26225570081874	6.94961238646927	10.0096530438074	2.9494198224079	1.65565736822801	2.95169823729942	4.22063743089016	2.56498006266215	0.737780269058296	3.21709344627175	-7.60408504927377	3.11337132733496	13.1096035290993	20.713688578373	0.108	1	5.07785545552153	2.44174010618991	4.87210077534369	8.98495963353997	6.54321952735006	0	NA	NA	NA	NA	NA	NA	1	-0.122264687525638	0.0149486538157419	1	0.654398133003013	0.428236916477829	1	-1.70231089437757	2.89786238111656	1	0.158451114872208	0.0251067558042457	1.00184051536195	4503.7450883399	0	1.00170662176624	6497.8081417278	0	NA	NA	NA	NA	NA	NA	NA	NA
418	7	7	benefit_positive_truncnorm	benefit_positive_truncnorm	continuous	1	increasing	benefit	1	1	NA	1.88478813117858	3.45660405541636	700	252	420	700	700	252	470	0.64	0.328571428571429	7.55827454356315	24	24	0	2	1	10	4	1	5000	2500	1	0.99	14	10000	101417	0.7432	0.9999	1.67621800456022	-3.41891968734525	1.69793469974567	6.55487336838147	9.97379305572672	2.36985982269358	1.05556674811461	2.37040838601877	3.66958945318278	2.61402270506818	0.65638179800222	2.12460872295889	-8.78401133322691	1.99420398852809	12.4945633793384	21.2785747125653	0.099	0.994698409522857	4.70488304606269	1.0527121601796	4.6795023111942	8.38740026825424	7.33468810807464	3e-04	NA	NA	NA	NA	NA	NA	1	-0.208570126618357	0.0435014977175973	1	0.485071691515004	0.235294545909227	1	-1.33199533245747	1.77421156568849	1	1.24827899064633	1.55820043848901	1.00161183062553	4295.75474758929	0	1.0016826077455	9896.4632648554	0	NA	NA	NA	NA	NA	NA	NA	NA
369	7	7	benefit_positive_truncnorm	benefit_positive_truncnorm	continuous	1	increasing	benefit	1	1	NA	2.05574157294956	3.80072716705005	700	252	420	700	700	252	492	0.64	0.297142857142857	6.37241966321819	24	24	0	2	1	10	4	1	5000	2500	1	0.99	14	10000	101368	0.4784	0.8615	-0.141176408931372	-5.37211796102144	-0.135445681697432	5.13194452207803	10.5040624830995	0.739904488787349	-0.598528046952819	0.744243283393892	2.04259328846831	2.64112133542113	0.480261746406351	-0.176869508996913	-11.3806875892489	-0.227055763678329	11.3464112234993	22.7270988127482	0.0678	0.7433	1.02414424451087	-2.16208007287031	1.15514566689728	3.78298434565227	5.94506441852258	0	NA	NA	NA	NA	NA	NA	1	-2.19691798188093	4.82644861911179	0	-1.31583708416221	1.73142723205651	1	-3.97759667604696	15.8212753172999	0	-2.77658292253918	7.70941272573619	1.00172881450327	4734.17980459251	0	1.00109821631704	11180.8800584774	0	NA	NA	NA	NA	NA	NA	NA	NA
377	7	7	benefit_positive_truncnorm	benefit_positive_truncnorm	continuous	1	increasing	benefit	1	1	NA	2.10233065326812	4.44417311880686	700	252	420	700	700	252	481	0.64	0.312857142857143	6.679798994568	24	24	0	2	1	10	4	1	5000	2500	1	0.99	14	10000	101376	0.6937	0.9997	1.34121491020667	-4.03507462118943	1.33918565167841	6.53485004502713	10.5699246662166	2.38191795928756	1.04985613958	2.38402461484252	3.70002250988915	2.65016637030916	0.631247283789657	1.77456800741062	-9.09581050655782	1.60049252736202	12.6675967226756	21.7634072292334	0.0796	0.9988	5.73515802229357	2.21836916614984	5.71252557582933	9.40107829104772	7.18270912489788	0	NA	NA	NA	NA	NA	NA	1	-0.761115743061442	0.579297174335971	1	0.27958730601944	0.0781690616872079	1	-2.66960511139624	7.12679145079295	1	1.2909849034867	1.66664202103057	1.00178358781283	4530.17109864282	0	1.00247329156617	6878.3125538858	0	NA	NA	NA	NA	NA	NA	NA	NA
379	7	7	benefit_positive_truncnorm	benefit_positive_truncnorm	continuous	1	increasing	benefit	1	1	NA	1.89975447732401	3.6273555836388	700	252	420	700	700	252	491	0.64	0.298571428571429	7.10607612024369	24	24	0	2	1	10	4	1	5000	2500	1	0.99	14	10000	101378	0.6653	0.9836	1.0856015420562	-3.88373709793779	1.1154240183744	5.95746611593537	9.84120321387316	1.42282764691254	0.109314289853277	1.42573642065779	2.71034828495858	2.6010339951053	0.651920586965904	1.93376239844464	-8.60337868894743	1.85412359793125	12.3571858410843	20.9605645300318	0.0732	0.9687	2.78907787986217	-0.12549008506877	2.81022458742683	5.72291832749224	5.84840841256101	0	NA	NA	NA	NA	NA	NA	1	-0.814152935267811	0.662845002005193	1	-0.47692683041147	0.227459201566331	1	-1.69359318519416	2.86825787693609	1	-0.838277703776628	0.702709508649016	1.00171694529411	4582.84069433441	0	1.00196497796773	13382.6495802783	0	NA	NA	NA	NA	NA	NA	NA	NA
382	7	7	benefit_positive_truncnorm	benefit_positive_truncnorm	continuous	1	increasing	benefit	1	1	NA	1.18454746016904	1.86247094578379	700	252	420	700	700	252	493	0.64	0.295714285714286	6.23975141805026	24	24	0	2	1	10	4	1	5000	2500	1	0.99	14	10000	101381	0.5339	0.9759	0.236634089165193	-4.79398723207571	0.211852889256249	5.38571852354828	10.179705755624	1.33930363727354	0.015428824879467	1.35054425701466	2.64067100720083	2.62524218232136	0.511485127553721	0.147914276172392	-11.2838213732168	0.12905334026426	11.398498144849	22.6823195180658	0.0553	0.9633	2.26854876093751	-0.223055887288418	2.311531858544	4.83206456992633	5.05512045721475	0	NA	NA	NA	NA	NA	NA	1	-0.947913371003849	0.898539758927881	1	0.154756177104494	0.0239494743519975	1	-1.7145566696114	2.93970457330893	1	0.406077815153716	0.164899191960016	1.00174454349312	4263.12835585051	0	1.00183134802516	6973.06888193049	0	NA	NA	NA	NA	NA	NA	NA	NA
401	7	7	benefit_positive_truncnorm	benefit_positive_truncnorm	continuous	1	increasing	benefit	1	1	NA	2.33503932767738	4.30040364711049	700	252	420	700	700	252	476	0.64	0.32	8.11352979796347	24	24	0	2	1	10	4	1	5000	2500	1	0.99	14	10000	101400	0.5695	0.9963	0.40192555212925	-3.97281196363113	0.396788834878159	4.86743723223704	8.84024919586817	1.69834803611394	0.456449601788156	1.69964000202288	2.96208139171037	2.50563178992222	0.510299003322259	0.108296207296663	-10.2547571159731	0.108482026347356	10.2761575231902	20.5309146391633	0.097	0.9836	3.37130175268429	0.260814506593833	3.42543826087463	6.550399153712	6.28958464711817	0	NA	NA	NA	NA	NA	NA	1	-1.93311377554812	3.73692886921393	1	-0.636691291563438	0.405375800752718	1	-4.19210743981383	17.5737647869424	1	-0.929101894426201	0.863230330226355	1.00182726933274	4177.38082994007	0	1.00139436915844	12725.2500470236	0	NA	NA	NA	NA	NA	NA	NA	NA
405	7	7	benefit_positive_truncnorm	benefit_positive_truncnorm	continuous	1	increasing	benefit	1	1	NA	1.55699947836046	2.73955012938247	700	252	420	700	700	252	485	0.64	0.307142857142857	6.4672915371871	24	24	0	2	1	10	4	1	5000	2500	1	0.99	14	10000	101404	0.6918	0.996	1.32926091871929	-3.89076970701343	1.39973438997243	6.3793548599897	10.2701245670031	1.76343002207126	0.430242658637678	1.76911630859968	3.05334022750521	2.62309756886753	0.666382616105667	2.25669081021584	-8.7240463577863	2.05936774893923	12.9239826342322	21.6480289920185	0.0612	0.9861	3.19356595463533	0.34337223952995	3.27057057660242	5.86228121440774	5.51890897487779	0	NA	NA	NA	NA	NA	NA	1	-0.22773855964117	0.0518648515474349	1	0.206430543710798	0.0426135693767357	1	-0.482859319166632	0.233153122106063	1	0.454015825252863	0.206130369580038	1.00112702569705	4696.7540612758	0	1.00139370874915	10076.9682752786	0	NA	NA	NA	NA	NA	NA	NA	NA
392	7	7	benefit_positive_truncnorm	benefit_positive_truncnorm	continuous	1	increasing	benefit	1	1	NA	2.1997447103302	5.04112925183724	700	252	420	700	700	252	477	0.64	0.318571428571429	6.30290458732028	24	24	0	2	1	10	4	1	5000	2500	1	0.99	14	10000	101391	0.6571	0.9997	1.04086293436642	-4.1397387429918	1.04659555099896	6.05369672842936	10.1934354714212	2.30566056920963	0.992938548233957	2.30066174213468	3.63000110378234	2.63706255554839	0.63302752293578	1.65173101650117	-9.27507204830575	1.54260123167924	12.2857650099197	21.5608370582254	0.0517	0.9757	3.75327954638529	0.0184096928444216	3.21082065315786	9.09545048081155	9.07704078796712	0	NA	NA	NA	NA	NA	NA	1	-1.15888177596378	1.34300697066096	1	0.105915858879428	0.0112181691621669	1	-3.38939823533606	11.4880203976992	1	-1.28784970545195	1.65855686383267	1.00117544480995	4538.92893330425	0	1.00280791587479	11856.3332744301	0	NA	NA	NA	NA	NA	NA	NA	NA
429	7	7	benefit_positive_truncnorm	benefit_positive_truncnorm	continuous	1	increasing	benefit	1	1	NA	2.71023871754519	6.04832477398451	700	252	420	700	700	252	473	0.64	0.324285714285714	7.32610994367021	24	24	0	2	1	10	4	1	5000	2500	1	0.99	14	10000	101428	0.5505	0.8988	0.286147212595625	-4.68162715107157	0.314112601806761	5.19959061921842	9.88121777028999	0.864526897532622	-0.456060387078711	0.857673094270769	2.20960980323798	2.66567019031669	0.536869909751266	0.463513061727705	-10.395754053397	0.480411862986228	11.2130059488953	21.6087600022923	0.0914	0.867	1.78901727373621	-1.2713286414869	1.70284109151353	5.57840097357829	6.84972961506519	0	NA	NA	NA	NA	NA	NA	1	-2.42409150494956	5.87621962436864	0	-1.84571182001257	3.4066521225341	1	-5.5848117122568	31.1901218613608	0	-4.2593075002483	18.1417003816714	1.00158634787828	4872.12979852779	0	1.00287201443894	14299.232098012	0	NA	NA	NA	NA	NA	NA	NA	NA
406	7	7	benefit_positive_truncnorm	benefit_positive_truncnorm	continuous	1	increasing	benefit	1	1	NA	1.92708566228568	3.40175971258479	700	252	420	700	700	252	479	0.64	0.315714285714286	7.47990303434177	24	24	0	2	1	10	4	1	5000	2500	1	0.99	14	10000	101405	0.7092	0.999	1.34653744845761	-3.67881867487681	1.38842237899172	6.16046562456046	9.83928429943727	2.07901244844375	0.78737003923598	2.08220002769606	3.36246993762286	2.57509989838688	0.622865954400264	1.62590492226567	-9.13367365792124	1.54114651209285	12.0269909532345	21.1606646111558	0.0921	0.9907	4.53003731740157	0.674263881341819	4.37472662280476	8.78526813474395	8.11100425340214	0	NA	NA	NA	NA	NA	NA	1	-0.580548213828062	0.337036228578954	1	0.151926786158071	0.0230817483523201	1	-1.77585479031912	3.15366023629936	1	1.12827760481678	1.27301035353109	1.00162654686363	4815.08710915909	0	1.00107313361642	11912.8449163053	0	NA	NA	NA	NA	NA	NA	NA	NA
400	7	7	benefit_positive_truncnorm	benefit_positive_truncnorm	continuous	1	increasing	benefit	1	1	NA	2.26147248887342	4.66803075689705	700	252	420	700	700	252	486	0.64	0.305714285714286	7.72010843349253	24	24	0	2	1	10	4	1	5000	2500	1	0.99	14	10000	101399	0.6603	0.9953	1.03196648608958	-3.98674172466708	1.0559196756931	6.00580997112647	9.99255169579355	1.68229055771613	0.442039348733845	1.68488438063318	2.9054620195703	2.46342267083645	0.589774601429357	1.17466226127768	-9.57695477414401	1.08058866268322	11.621324711474	21.198279485618	0.0905	0.9905	3.59406537804023	0.600441061439722	3.6148105225049	6.37665385032692	5.7762127888872	0	NA	NA	NA	NA	NA	NA	1	-1.22950600278384	1.5116850108815	1	-0.579181931157288	0.335451709379085	1	-3.49336849561936	12.2036234461859	1	-1.07396537885682	1.15340163498307	1.00165164738769	4431.74882886716	0	1.0030402053013	11552.2043389971	0	NA	NA	NA	NA	NA	NA	NA	NA
381	7	7	benefit_positive_truncnorm	benefit_positive_truncnorm	continuous	1	increasing	benefit	1	1	NA	2.46471938362396	4.43864124488624	700	252	420	700	700	252	501	0.64	0.284285714285714	7.03664761011716	24	24	0	2	1	10	4	1	5000	2500	1	0.99	14	10000	101380	0.7075	0.9999	1.40821435505966	-3.57263218765782	1.43078701358804	6.29995632282547	9.87258851048329	2.33941469073351	1.08230367846363	2.33292019944551	3.59242025185012	2.5101165733865	0.672087585034014	2.07425420050528	-8.85328147678045	1.89210650325496	12.6586508920215	21.511932368802	0.0592	0.9893	3.33875594846977	0.575782833753913	3.29870001933095	6.40312948806192	5.82734665430801	0	NA	NA	NA	NA	NA	NA	1	-1.05650502856431	1.11620287538167	1	-0.125304692890452	0.0157012660603705	1	-2.36438704438096	5.59032609563651	1	-1.09988529641647	1.20974766527315	1.00154792250395	4781.4422249988	0	1.00141969969463	13035.9905213018	0	NA	NA	NA	NA	NA	NA	NA	NA
428	7	7	benefit_positive_truncnorm	benefit_positive_truncnorm	continuous	1	increasing	benefit	1	1	NA	2.32335254650187	4.42990386756224	700	252	420	700	700	252	489	0.64	0.301428571428571	7.21695700214695	24	24	0	2	1	10	4	1	5000	2500	1	0.99	14	10000	101427	0.6364	0.9992	0.797564376598599	-3.87907366931705	0.813412437695606	5.39230453210306	9.27137820142011	1.9883028301412	0.731090830254311	1.98637810757119	3.25653573721798	2.52544490696367	0.611450864614087	1.31817975822837	-9.00778796745511	1.14380157269178	11.6139385591415	20.6217265265966	0.0516	0.9922	3.75807553201652	0.617973788125915	3.65686332697255	7.56931829468272	6.9513445065568	0	NA	NA	NA	NA	NA	NA	1	-1.52578816990327	2.32802953941676	1	-0.335049716360662	0.11225831243336	1	-3.11172410933387	9.68282693260965	1	-0.671828335545721	0.451353312442133	1.00162186760263	4364.18047088611	0	1.00154683718181	9884.77552051732	0	NA	NA	NA	NA	NA	NA	NA	NA
384	7	7	benefit_positive_truncnorm	benefit_positive_truncnorm	continuous	1	increasing	benefit	1	1	NA	2.33342335038128	4.96905547702503	700	252	420	700	700	252	470	0.64	0.328571428571429	7.14793343103561	24	24	0	2	1	10	4	1	5000	2500	1	0.99	14	10000	101383	0.7442	1	1.67808913864951	-3.36237899631925	1.75802810967384	6.50942710208503	9.87180609840428	3.10720765370926	1.77299915904062	3.10717354639451	4.4193705495987	2.64637139055808	0.719239130434783	2.78208528065366	-7.97727330616874	2.6308420056127	12.7882798585283	20.7655531646971	0.08	1	7.16193224655451	3.25931459075561	6.91847698377736	12.7413347848322	9.48202019407659	0.0061	NA	NA	NA	NA	NA	NA	1	-0.65533421173177	0.429462929066101	1	0.77378430332798	0.598742148076767	1	-2.18697019637137	4.78283863981664	1	2.19287676952948	4.80870852634206	1.00229268323616	4248.50866887059	0	1.00182561501462	10889.7400918804	0	NA	NA	NA	NA	NA	NA	NA	NA
386	7	7	benefit_positive_truncnorm	benefit_positive_truncnorm	continuous	1	increasing	benefit	1	1	NA	2.7679149297818	6.15444101621253	700	252	420	700	700	252	466	0.64	0.334285714285714	7.48317693530444	24	24	0	2	1	10	4	1	5000	2500	1	0.99	14	10000	101385	0.8088	1	2.26482610506082	-2.90684716548145	2.29601126883886	7.20641373972374	10.1132609052052	3.53381082429844	2.23738119923987	3.52812002798627	4.82830932009718	2.5909281208573	0.737787196074058	3.1362356903808	-7.2405590057758	3.00193348262359	13.0005188884399	20.2410778942157	0.1034	1	9.58399785326449	5.54236429076342	9.63953953553442	13.2476738911643	7.70530960040085	0.001	NA	NA	NA	NA	NA	NA	1	-0.503088824720976	0.253098365559133	1	0.765895894516645	0.586596521237452	1	-3.01820532583173	9.10956338887901	1	3.42955683705197	11.7618600985699	1.00146718941809	4615.18502088343	0	1.00119780747203	9224.39008993966	0	NA	NA	NA	NA	NA	NA	NA	NA
410	7	7	benefit_positive_truncnorm	benefit_positive_truncnorm	continuous	1	increasing	benefit	1	1	NA	1.47123332850244	2.35408259252959	700	252	420	700	700	252	468	0.64	0.331428571428571	6.17235664255966	24	24	0	2	1	10	4	1	5000	2500	1	0.99	14	10000	101409	0.5385	0.8946	0.241512362833469	-4.88629007860005	0.260015565966478	5.38743044098128	10.2737205195813	0.87300000295197	-0.473730835087952	0.871049607280415	2.23995399920175	2.7136848342897	0.538356738629218	0.408099326726325	-10.7742551683407	0.451695343079627	11.3374447821054	22.1116999504461	0.0458	0.7711	1.75373331101964	-2.421352441617	1.71565763366355	6.13487725912789	8.55622970074489	0	NA	NA	NA	NA	NA	NA	1	-1.22972096566897	1.51221365340582	1	-0.598233325550469	0.357883111799174	1	-1.94598326580326	3.78685087078634	1	-0.600349281509952	0.360419259809516	1.00111301816436	4353.38608526	0	1.00153889537819	11617.5315036882	0	NA	NA	NA	NA	NA	NA	NA	NA
388	7	7	benefit_positive_truncnorm	benefit_positive_truncnorm	continuous	1	increasing	benefit	1	1	NA	1.50091340710277	2.80752545138416	700	252	420	700	700	252	477	0.64	0.318571428571429	6.7188241802194	24	24	0	2	1	10	4	1	5000	2500	1	0.99	14	10000	101387	0.4489	0.943	-0.376321426033809	-5.70711624887175	-0.370692737312377	4.92240264545037	10.6295188943221	1.07899116271599	-0.288906224531042	1.0807474444931	2.41282557199812	2.70173179652916	0.467497291440953	-0.420594108624888	-11.7944638636458	-0.376724855983585	10.9029771163531	22.6974409799989	0.077	0.8442	2.04906990599545	-1.94182770922702	2.06563191564253	6.31273464571268	8.2545623549397	0	NA	NA	NA	NA	NA	NA	1	-1.87723483313658	3.52401061874133	1	-0.42192224438678	0.178018380308378	1	-3.22811956000904	10.420755893713	1	-0.758455545388704	0.575254814330876	1.001214842742	4354.80944737029	0	1.00171034670537	9879.88163796201	0	NA	NA	NA	NA	NA	NA	NA	NA
383	7	7	benefit_positive_truncnorm	benefit_positive_truncnorm	continuous	1	increasing	benefit	1	1	NA	1.5822358007181	2.71505102541782	700	252	420	700	700	252	479	0.64	0.315714285714286	6.79160751960157	24	24	0	2	1	10	4	1	5000	2500	1	0.99	14	10000	101382	0.5534	0.9536	0.375322892312186	-5.02793263662902	0.395723884259439	5.58059470232678	10.6085273389558	1.09731776441897	-0.1896978320069	1.09569286971123	2.38687944835705	2.57657728036395	0.555772569444444	0.826346346061454	-10.6594212013452	0.768454088416901	11.9405952120884	22.6000164134335	0.0784	0.9437	2.25143283745847	-0.586789462100296	2.26647097030342	5.21741574432277	5.80420520642307	0	NA	NA	NA	NA	NA	NA	1	-1.20691290840592	1.45663876847683	1	-0.484918036299135	0.23514550192821	1	-1.88870467935637	3.56720536582263	1	-0.463618187959346	0.214941824206708	1.00143925026384	4133.32091007965	0	1.00138158335584	6442.18599195269	0	NA	NA	NA	NA	NA	NA	NA	NA
408	7	7	benefit_positive_truncnorm	benefit_positive_truncnorm	continuous	1	increasing	benefit	1	1	NA	1.8729108204877	3.53145582975132	700	252	420	700	700	252	460	0.64	0.342857142857143	6.99048294674623	24	24	0	2	1	10	4	1	5000	2500	1	0.99	14	10000	101407	0.6866	1	1.31664277462689	-4.08688607558416	1.33709918226223	6.61281751811724	10.6997035937014	2.85854753600302	1.5662864391907	2.87069349565389	4.13849126420185	2.57220482501115	0.613102459468402	1.55242903926971	-9.8954979751534	1.53991227717343	12.6224292752409	22.5179272503943	0.0933	0.999494336569579	7.71080794033002	3.095515697273	7.62732691436894	12.4141400049212	9.31862430764821	0.0112	NA	NA	NA	NA	NA	NA	1	-0.556268045860804	0.309434138845798	1	0.985636715515323	0.971479734971834	1	-1.97902679048161	3.91654703744395	1	4.1793521105787	17.4669840641986	1.00172945369223	4349.5109891952	0	1.00162422089461	12436.0784736747	0	NA	NA	NA	NA	NA	NA	NA	NA
391	7	7	benefit_positive_truncnorm	benefit_positive_truncnorm	continuous	1	increasing	benefit	1	1	NA	2.33077257283568	4.97829999809021	700	252	420	700	700	252	462	0.64	0.34	7.26648752054338	24	24	0	2	1	10	4	1	5000	2500	1	0.99	14	10000	101390	0.625	0.9959	0.793828119439564	-4.0635397099139	0.830060731893835	5.52930831339674	9.59284802331064	1.79197358275462	0.45565755848775	1.78867574800673	3.11322006483456	2.65756250634681	0.585042874199501	1.1196697575714	-9.6644250507626	1.08024725953603	11.5367317778076	21.2011568285702	0.0787	0.987	5.19972313631299	0.944101615287452	5.34361564658457	8.98684076847907	8.04273915319162	0	NA	NA	NA	NA	NA	NA	1	-1.53694445339611	2.36219825282507	1	-0.538798990081051	0.29030435171236	1	-3.85863024051881	14.8890273330462	1	0.221423138222787	0.0490282061404273	1.00179205684603	4031.73060915531	0	1.00127115981552	6942.06717897451	0	NA	NA	NA	NA	NA	NA	NA	NA
414	7	7	benefit_positive_truncnorm	benefit_positive_truncnorm	continuous	1	increasing	benefit	1	1	NA	2.19874526656316	4.94388139332684	700	252	420	700	700	252	475	0.64	0.321428571428571	7.21591108681726	24	24	0	2	1	10	4	1	5000	2500	1	0.99	14	10000	101413	0.6282	0.9936	0.792236484816574	-4.21231807670141	0.859002547758063	5.63118416165187	9.84350223835328	1.6743856435728	0.351684380438356	1.67016397829847	2.97462063121817	2.62293625077981	0.618917441224713	1.52843624652541	-9.32988762720272	1.47947258514166	12.0542922478946	21.3841798750974	0.0855	0.9906	3.86461927690706	0.67037058333945	3.80025246022612	7.22859466425859	6.55822408091914	0	NA	NA	NA	NA	NA	NA	1	-1.40650878174658	1.97826695313026	1	-0.524359622990354	0.274953014222586	1	-3.41544514680142	11.6652655508094	1	-1.07926211641978	1.1648067159389	1.00191659557114	4365.83140036481	0	1.00158639600488	11272.2542612986	0	NA	NA	NA	NA	NA	NA	NA	NA
389	7	7	benefit_positive_truncnorm	benefit_positive_truncnorm	continuous	1	increasing	benefit	1	1	NA	1.51601297332446	2.51139023131108	700	252	420	700	700	252	471	0.64	0.327142857142857	7.1000499267236	24	24	0	2	1	10	4	1	5000	2500	1	0.99	14	10000	101388	0.7071	0.9982	1.36813058233898	-3.51295946849588	1.40446372751561	6.13745429886424	9.65041376736012	2.01774575568876	0.707730674362788	2.01219765596247	3.31554775180911	2.60781707744632	0.685293803988482	2.27814195165215	-8.47207673139481	2.15063071412506	12.6405773400221	21.1126540714169	0.0623	0.9677	3.61199893060605	-0.134211805759201	3.65397746167791	7.63536710697557	7.76957891273477	0	NA	NA	NA	NA	NA	NA	1	-0.147882390985481	0.0218692015635827	1	0.5017327823643	0.251735784899022	1	-0.233248279658929	0.0544047599638502	1	1.10060869929497	1.21133950896376	1.00127135282072	4263.9522021555	0	1.00221707339943	10430.2620600301	0	NA	NA	NA	NA	NA	NA	NA	NA
387	7	7	benefit_positive_truncnorm	benefit_positive_truncnorm	continuous	1	increasing	benefit	1	1	NA	1.7293772850537	3.26532247302146	700	252	420	700	700	252	471	0.64	0.327142857142857	6.39396230461413	24	24	0	2	1	10	4	1	5000	2500	1	0.99	14	10000	101386	0.6835	0.9999	1.27456908016186	-3.96614318564866	1.33550559544338	6.34885403612429	10.314997221773	2.69191524478473	1.34278651439825	2.69762736824146	3.99384564536662	2.65105913096837	0.665382557517389	2.20970743117468	-8.50005552061998	2.03371751435649	12.974933270776	21.474988791396	0.0655	0.9997	6.86701708030368	3.08983662383763	6.84740654341253	10.790405550799	7.70056892696141	0	NA	NA	NA	NA	NA	NA	1	-0.45480820489184	0.206850503236938	1	0.96253795973103	0.926479323923173	1	-1.05561504184679	1.11432311657319	1	3.60169460728222	12.9722040441258	1.00142679196096	4551.0563578326	0	1.00170367714078	7455.50134314821	0	NA	NA	NA	NA	NA	NA	NA	NA
393	7	7	benefit_positive_truncnorm	benefit_positive_truncnorm	continuous	1	increasing	benefit	1	1	NA	1.85646682802932	4.16122574347577	700	252	420	700	700	252	485	0.64	0.307142857142857	6.79074064741571	24	24	0	2	1	10	4	1	5000	2500	1	0.99	14	10000	101392	0.5259	0.9842	0.177877801989038	-5.30451065157723	0.198404577843441	5.57206572355934	10.8765763751366	1.47073041242664	0.140713347673549	1.46798436420656	2.81953645873564	2.67882311106209	0.521426234870788	0.321048849287053	-11.0745124219495	0.259317649487757	11.7760439170716	22.8505563390211	0.0829	0.9701	2.85770614226857	-0.121372456775173	2.64958619061437	6.77005193014108	6.89142438691626	0	NA	NA	NA	NA	NA	NA	1	-1.67858902604028	2.81766111834286	1	-0.385736415602676	0.148792582322	1	-3.84017689418872	14.7469585786609	1	-1.3035196012072	1.69916335073137	1.0028152817664	4208.77865166356	0	1.00191970617664	12668.8797532344	0	NA	NA	NA	NA	NA	NA	NA	NA
404	7	7	benefit_positive_truncnorm	benefit_positive_truncnorm	continuous	1	increasing	benefit	1	1	NA	2.33514484558814	4.0949556472375	700	252	420	700	700	252	479	0.64	0.315714285714286	7.43693714456274	24	24	0	2	1	10	4	1	5000	2500	1	0.99	14	10000	101403	0.7239	0.9999	1.51072031219498	-3.55370577527421	1.54870766508956	6.31445942965447	9.86816520492867	2.39952170649163	1.09673316322822	2.40373844620017	3.69867995634659	2.60194679311837	0.637564681272707	1.80453913050641	-8.81509941046387	1.68025907959927	12.1562330364253	20.9713324468892	0.0917	0.9995	4.90751635452367	1.77532364924039	4.7728692574583	9.24266520649649	7.4673415572561	0	NA	NA	NA	NA	NA	NA	1	-0.824424533393167	0.679675811260541	1	0.0643768609034865	0.00414438021978685	1	-2.29041651673109	5.24600782011459	1	0.81256070728617	0.6602549030254	1.00146180113378	4577.81048391645	0	1.00146573745059	10515.731204105	0	NA	NA	NA	NA	NA	NA	NA	NA
413	7	7	benefit_positive_truncnorm	benefit_positive_truncnorm	continuous	1	increasing	benefit	1	1	NA	1.98819523969882	3.87077520775491	700	252	420	700	700	252	462	0.64	0.34	7.25711470554522	24	24	0	2	1	10	4	1	5000	2500	1	0.99	14	10000	101412	0.5338	0.6175	0.199530584455671	-4.77672014466546	0.202826617629587	5.13703442240886	9.91375456707432	0.215055152808251	-1.09471002006877	0.207459422763266	1.54540876650021	2.64011878656898	0.526737389045248	0.356801250851783	-10.3787797096297	0.315869892319405	11.1935245240317	21.5723042336614	0.0762	0.6068	0.401186231067052	-2.68719165563143	0.393690970846634	3.35576791093897	6.0429595665704	0	NA	NA	NA	NA	NA	NA	1	-1.78866465524315	3.19932124891609	0	-1.77314008689057	3.1440257677383	1	-3.51397395690312	12.3480129697934	0	-3.46958897668785	12.0380476671539	1.00139018749879	4312.43030425608	0	1.00154228270255	10496.9895818217	0	NA	NA	NA	NA	NA	NA	NA	NA
412	7	7	benefit_positive_truncnorm	benefit_positive_truncnorm	continuous	1	increasing	benefit	1	1	NA	2.54651371197628	5.77885437179982	700	252	420	700	700	252	465	0.64	0.335714285714286	7.7074681134377	24	24	0	2	1	10	4	1	5000	2500	1	0.99	14	10000	101411	0.7543	1	1.76366860520321	-3.30392285624998	1.79888871904741	6.69374872486033	9.99767158111032	3.14239244576646	1.84901506071646	3.14475778853481	4.43368673799903	2.58467167728256	0.625504258180188	1.67832151648603	-9.21100073987543	1.67443679906534	12.1505307111151	21.3615314509906	0.1076	1	7.3183484485256	3.73527261672099	7.06136598287695	11.9561102321618	8.22083761544078	0.0044	NA	NA	NA	NA	NA	NA	1	-0.782845106773076	0.612846461198548	1	0.595878733790177	0.355071465383385	1	-4.10053285531379	16.8143696975078	1	1.53949407672579	2.37004201227378	1.00151154350206	4373.69597754482	0	1.00172930605899	9924.60078204547	0	NA	NA	NA	NA	NA	NA	NA	NA
394	7	7	benefit_positive_truncnorm	benefit_positive_truncnorm	continuous	1	increasing	benefit	1	1	NA	2.49253282906861	5.81029415092466	700	252	420	700	700	252	485	0.64	0.307142857142857	7.20535255544277	24	24	0	2	1	10	4	1	5000	2500	1	0.99	14	10000	101393	0.7003	1	1.34046993853325	-3.55917670503725	1.33699090180191	6.18321054005728	9.74238724509452	2.58906055848401	1.29875480599262	2.59694509852023	3.87114274978437	2.57238794379175	0.602573890282474	1.38701715445853	-9.38895870202427	1.23710510980685	11.9732369149373	21.3621956169616	0.0831	0.9995	5.84581422298688	2.06400017780357	6.02669219825148	8.81567424216624	6.75167406436267	0	NA	NA	NA	NA	NA	NA	1	-1.15206289053536	1.32724890374869	1	0.0965277294154019	0.00931760254609304	1	-4.42327699646613	19.5653793874664	1	0.0355200720622166	0.00126167551930506	1.00168980713717	4780.37333416242	0	1.00142520402008	9570.18076687412	0	NA	NA	NA	NA	NA	NA	NA	NA
411	7	7	benefit_positive_truncnorm	benefit_positive_truncnorm	continuous	1	increasing	benefit	1	1	NA	1.93790276136473	3.83270114274477	700	252	420	700	700	252	465	0.64	0.335714285714286	6.93570268466942	24	24	0	2	1	10	4	1	5000	2500	1	0.99	14	10000	101410	0.6308	0.9507	0.934603703728588	-4.40184067385829	0.958649072858523	6.33825518544013	10.7400958592984	1.0955757013607	-0.192149592124128	1.09182596025437	2.371098626519	2.56324821864312	0.582463011314186	1.18505378053061	-10.4003801076798	1.08110433205294	12.3775426457094	22.7779227533891	0.0808	0.9565	2.75066979938659	-0.377217029408046	2.73031617450427	6.04601313630458	6.42323016571263	0	NA	NA	NA	NA	NA	NA	1	-1.00329905763614	1.00660899905357	1	-0.842327060004025	0.709514876015025	1	-2.64764736221417	7.01003655463963	1	-1.08203134335819	1.17079182800952	1.00218841331726	4252.27874475926	0	1.00105275583298	11189.9652537033	0	NA	NA	NA	NA	NA	NA	NA	NA
366	7	7	benefit_positive_truncnorm	benefit_positive_truncnorm	continuous	1	increasing	benefit	1	1	NA	2.07208811716841	4.21284972616207	700	252	420	700	700	252	498	0.64	0.288571428571429	6.20383590839569	24	24	0	2	1	10	4	1	5000	2500	1	0.99	14	10000	101365	0.6616	1	1.14065780133583	-4.29648050323082	1.17088638520282	6.41975239209671	10.7162328953275	2.6965781824838	1.35600983665508	2.69537103404151	3.99205240623012	2.63604256957505	0.602163331530557	1.42334181291439	-9.98371782531002	1.31499611483174	12.655072476978	22.6387903022881	0.0755	0.998499849984999	4.71020425163483	1.64301408313013	4.52338859090729	8.29745647499881	6.65444239186867	1e-04	NA	NA	NA	NA	NA	NA	1	-0.931430315832578	0.867562433251975	1	0.624490065315396	0.389987841677628	1	-2.78950791324769	7.78135439807146	1	0.497354525472762	0.247361524008236	1.00119813107087	4478.57154722902	0	1.00200795551081	11889.3587075211	0	NA	NA	NA	NA	NA	NA	NA	NA
403	7	7	benefit_positive_truncnorm	benefit_positive_truncnorm	continuous	1	increasing	benefit	1	1	NA	2.48535261352702	5.54491689382328	700	252	420	700	700	252	478	0.64	0.317142857142857	7.35180536027588	24	24	0	2	1	10	4	1	5000	2500	1	0.99	14	10000	101402	0.6471	1	0.90176062176618	-4.04221833585721	0.913184628503243	5.56122202892829	9.6034403647855	2.36676173283041	1.0912684725511	2.36970739828226	3.63486857188443	2.54360009933333	0.595583459623295	1.17901584956632	-9.48285391635395	1.1217521164885	11.6505637980475	21.1334177144014	0.0762	0.9994	5.15622294152708	1.82487958867306	5.20214158066094	7.93468788433407	6.10980829566101	0	NA	NA	NA	NA	NA	NA	1	-1.58359199176084	2.50776359636907	1	-0.118590880696614	0.0140637969843987	1	-4.36590104425696	19.061091928244	1	-0.388693952296201	0.151082988551641	1.00129252957747	4641.16246527712	0	1.00190607460945	9931.93486449291	0	NA	NA	NA	NA	NA	NA	NA	NA
446	7	7	benefit_positive_truncnorm	benefit_positive_truncnorm	continuous	1	increasing	benefit	1	1	NA	2.24467650517514	5.29028320569248	700	252	420	700	700	252	478	0.64	0.317142857142857	6.42109253693082	24	24	0	2	1	10	4	1	5000	2500	1	0.99	14	10000	101445	0.6604	0.999	1.07138223948	-4.23143570104762	1.11784443922622	6.16691974386093	10.3983554449085	2.06861201721085	0.709858430001595	2.07285670116428	3.4041530776612	2.69429464765961	0.634662675077515	1.82170609225015	-9.37410599693225	1.71975435992296	12.6904580453437	22.064564042276	0.0647	0.9984	5.30385482036985	1.42765586244263	5.30241532275213	9.69279147850068	8.26513561605804	0	NA	NA	NA	NA	NA	NA	1	-1.17329426569515	1.37661943391311	1	-0.176064487964294	0.0309987039221291	1	-3.46857711344233	12.0310271918959	1	0.0135716146773648	0.000184188724950863	1.00131054721842	4377.38322139426	0	1.00152540219232	13268.9663529894	0	NA	NA	NA	NA	NA	NA	NA	NA
407	7	7	benefit_positive_truncnorm	benefit_positive_truncnorm	continuous	1	increasing	benefit	1	1	NA	2.10933651301045	3.76654893377843	700	252	420	700	700	252	480	0.64	0.314285714285714	7.32364055684804	24	24	0	2	1	10	4	1	5000	2500	1	0.99	14	10000	101406	0.5547	0.9872	0.327196722891197	-4.52079267460648	0.339309799229703	5.12457377733601	9.64536645194249	1.47338648411468	0.188269634941617	1.4701377402381	2.7623285315779	2.57405889663628	0.531413892753933	0.378703892298145	-10.2917689020629	0.322929924946365	11.0894401634228	21.3812090654857	0.0657	0.8921	1.82615097545958	-0.869169885401038	1.66396814816112	4.99403268634986	5.8632025717509	0	NA	NA	NA	NA	NA	NA	1	-1.78213979011926	3.17602223152631	1	-0.635950028895779	0.404432439252542	1	-3.38784504148029	11.4774940250826	1	-1.94039795831886	3.765144236648	1.00144757812285	3904.89494992889	0	1.00163501983865	10581.2086403447	0	NA	NA	NA	NA	NA	NA	NA	NA
454	7	7	benefit_positive_truncnorm	benefit_positive_truncnorm	continuous	1	increasing	benefit	1	1	NA	1.76878415854479	3.60675757078498	700	252	420	700	700	252	503	0.64	0.281428571428571	6.59152045475963	24	24	0	2	1	10	4	1	5000	2500	1	0.99	14	10000	101453	0.5618	0.993	0.421068986690639	-4.76484929525138	0.402991479296546	5.69348774887419	10.4583370441256	1.59089354683328	0.325135192235901	1.59173881393877	2.86892575580692	2.54379056357102	0.548938934603725	0.695825764623679	-10.4735294995122	0.641343431302684	12.1055273140975	22.5790568136097	0.0764	0.9215	1.90716432866566	-0.65978542242183	1.86428696208497	4.64777765228943	5.30756307471126	0	NA	NA	NA	NA	NA	NA	1	-1.34771517185415	1.81633618444586	1	-0.177890611711511	0.0316450697350956	1	-2.9109318061613	8.47352398012148	1	-1.69959324211931	2.88861718865764	1.00097052786958	4259.96493238355	0	1.00120183013109	7136.55566538396	0	NA	NA	NA	NA	NA	NA	NA	NA
434	7	7	benefit_positive_truncnorm	benefit_positive_truncnorm	continuous	1	increasing	benefit	1	1	NA	2.11448470394209	4.25364041847728	700	252	420	700	700	252	467	0.64	0.332857142857143	7.24720619467081	24	24	0	2	1	10	4	1	5000	2500	1	0.99	14	10000	101433	0.7095	0.9999	1.38715432659376	-3.80704303185506	1.41593337880373	6.24199800220295	10.049041034058	2.6129805372962	1.32700546884775	2.6162682160167	3.89451096788994	2.56750549904219	0.616377883235846	1.52388085904137	-9.10049064287423	1.35410487283201	11.7688784313825	20.8693690742567	0.0939	0.999799939981995	6.52000352849078	2.63281263703472	6.47117724883788	10.5200137368321	7.88720109979741	3e-04	NA	NA	NA	NA	NA	NA	1	-0.727330377348328	0.529009477813661	1	0.49849583335411	0.248498095871408	1	-2.72975955943591	7.45158725233174	1	2.2663631100135	5.13640174643007	1.00150865532522	4592.3018024378	0	1.00128575075227	10126.9263859919	0	NA	NA	NA	NA	NA	NA	NA	NA
420	7	7	benefit_positive_truncnorm	benefit_positive_truncnorm	continuous	1	increasing	benefit	1	1	NA	1.9626380148885	3.86752877810767	700	252	420	700	700	252	478	0.64	0.317142857142857	7.57947865087319	24	24	0	2	1	10	4	1	5000	2500	1	0.99	14	10000	101419	0.5026	0.8468	0.018846431351955	-4.90121931813428	0.0145555489726439	4.90622723185648	9.80744654999076	0.671860955127403	-0.624899094118642	0.670527277334397	1.97894928170427	2.60384837582291	0.511889321227843	0.104543340996103	-10.7530864256808	0.124312113807886	10.9566313575364	21.7097177832172	0.0748	0.8021	1.40227768016768	-1.73654771626052	1.38435764026911	4.59108564671555	6.32763336297607	0	NA	NA	NA	NA	NA	NA	1	-1.94379158353655	3.77832572022753	1	-1.2907770597611	1.66610541800551	1	-3.76298543711157	14.1600593999138	1	-2.46525109794	6.07746297589437	1.00217417338241	4752.76380123582	0	1.00171105462359	9505.23829746958	0	NA	NA	NA	NA	NA	NA	NA	NA
430	7	7	benefit_positive_truncnorm	benefit_positive_truncnorm	continuous	1	increasing	benefit	1	1	NA	2.39734546714395	4.48544738725738	700	252	420	700	700	252	467	0.64	0.332857142857143	6.77575708128037	24	24	0	2	1	10	4	1	5000	2500	1	0.99	14	10000	101429	0.5491	0.9996	0.324240777267386	-5.0956181018772	0.32072119260082	5.57340997040051	10.6690280722777	2.26901720207453	0.961861947629173	2.26751163099855	3.57065707329564	2.60879512566646	0.511478620389512	0.180916283882841	-11.3259404133551	0.143107659510909	11.569624011343	22.8955644246982	0.0809	0.998099049524762	4.81014369146973	1.42268232888003	4.67037980642722	8.93255235953702	7.50987003065699	5e-04	NA	NA	NA	NA	NA	NA	1	-2.07310468987656	4.2977630551882	1	-0.128328265069422	0.0164681436157278	1	-4.30453110337454	18.5289880199188	1	0.324696304212354	0.105427689969162	1.00183528666871	4615.38589223118	0	1.00132289967771	6862.98719399937	0	NA	NA	NA	NA	NA	NA	NA	NA
402	7	7	benefit_positive_truncnorm	benefit_positive_truncnorm	continuous	1	increasing	benefit	1	1	NA	3.06103658801476	7.13782944651602	700	252	420	700	700	252	493	0.64	0.295714285714286	7.07747338136331	24	24	0	2	1	10	4	1	5000	2500	1	0.99	14	10000	101401	0.7292	1	1.55812907769668	-3.45688340805444	1.61051260388976	6.57504098369084	10.0319243917453	3.23266212116339	1.92973552829867	3.23892987672677	4.51131953319679	2.58158400489812	0.649237472766884	1.88661618502382	-8.91318435629019	1.84482971347805	12.0258823171439	20.9390666734341	0.082	0.999899989999	7.86086715455528	3.17635979235389	8.06941638228245	11.3053842530548	8.12902446070092	1e-04	NA	NA	NA	NA	NA	NA	1	-1.50290751031808	2.25873098457049	1	0.171625533148634	0.029455323628553	1	-5.2512132614922	27.5752407176715	1	0.723037708039268	0.522783527246678	1.00139820139059	4201.95814562544	0	1.00153492053671	12120.3202874131	0	NA	NA	NA	NA	NA	NA	NA	NA
409	7	7	benefit_positive_truncnorm	benefit_positive_truncnorm	continuous	1	increasing	benefit	1	1	NA	1.69971968053193	3.11799750342766	700	252	420	700	700	252	490	0.64	0.3	6.7770563639916	24	24	0	2	1	10	4	1	5000	2500	1	0.99	14	10000	101408	0.677	0.9998	1.24587778429325	-4.25813127917124	1.24907804481374	6.54668105003863	10.8048123292099	2.4893477636013	1.18768901208635	2.49133968507396	3.77507371195108	2.58738469986473	0.593281148075669	1.32169765019274	-10.2420964627806	1.21504577329454	12.3172052880428	22.5593017508234	0.0802	0.9998	4.12214195121981	1.65849446810714	4.0596827503258	6.95909016816642	5.30059570005927	0	NA	NA	NA	NA	NA	NA	1	-0.453841896238687	0.205972466781527	1	0.789628083069364	0.623512509571798	1	-1.79629985323492	3.22669316273179	1	1.00414444779215	1.00830607203179	1.00210412342323	4415.65875385113	0	1.00118552579856	8755.24320926169	0	NA	NA	NA	NA	NA	NA	NA	NA
421	7	7	benefit_positive_truncnorm	benefit_positive_truncnorm	continuous	1	increasing	benefit	1	1	NA	2.29046068328482	4.65069027636518	700	252	420	700	700	252	484	0.64	0.308571428571429	6.55002320582928	24	24	0	2	1	10	4	1	5000	2500	1	0.99	14	10000	101420	0.6596	0.9977	1.06244663884881	-4.0922171409689	1.10363709996411	5.99388963192173	10.0861067728906	1.85375669353613	0.558023161651358	1.8546600823012	3.11643460385039	2.55841144219903	0.615691346050221	1.52896713995957	-9.57032982566333	1.44535090188185	12.5001365275156	22.0704663531789	0.0721	0.9738	2.62806061471189	-0.0331588392863495	2.49516716156316	5.995983891764	6.02914273105034	0	NA	NA	NA	NA	NA	NA	1	-1.22801404443601	1.50801849333209	1	-0.436703989748692	0.190710374662426	1	-3.12172313640561	9.74515534037007	1	-2.02262966165328	4.09103074819967	1.00120372140191	4335.7046511599	0	1.00136794703053	6189.32713855407	0	NA	NA	NA	NA	NA	NA	NA	NA
435	7	7	benefit_positive_truncnorm	benefit_positive_truncnorm	continuous	1	increasing	benefit	1	1	NA	1.94351076259009	3.64136495132173	700	252	420	700	700	252	489	0.64	0.301428571428571	6.63803098906633	24	24	0	2	1	10	4	1	5000	2500	1	0.99	14	10000	101434	0.6452	0.9995	1.01955597952545	-4.38820275475798	1.07965483741028	6.22264059160521	10.6108433463632	2.23335878815632	0.931319071701179	2.23219630515689	3.54046942663213	2.60915035493095	0.587567567567568	1.25461637584707	-10.0231665290488	1.14594582028696	12.3996338437444	22.4228003727932	0.075	0.9942	3.65325019850489	0.781796020555106	3.45150840114473	7.18486453179865	6.40306851124355	0	NA	NA	NA	NA	NA	NA	1	-0.923954783064635	0.853692441148016	1	0.289848025566233	0.0840118779246438	1	-2.38674857547466	5.6965687625303	1	0.0118852471831596	0.000141259100604804	1.00240154006093	4011.51175387401	0	1.00146827585836	10749.8906051996	0	NA	NA	NA	NA	NA	NA	NA	NA
390	7	7	benefit_positive_truncnorm	benefit_positive_truncnorm	continuous	1	increasing	benefit	1	1	NA	1.9521361122934	3.94726564569794	700	252	420	700	700	252	482	0.64	0.311428571428571	6.95663545713885	24	24	0	2	1	10	4	1	5000	2500	1	0.99	14	10000	101389	0.7261	1	1.6732173988274	-3.77932640789412	1.71599514879929	6.875333504043	10.6546599119371	2.87948874346505	1.56605143069461	2.87792946987924	4.19132117399742	2.62526974330282	0.628634119583105	1.8506738078266	-9.42797255403203	1.73775467531361	12.890228936258	22.31820149029	0.0885	0.998999899989999	5.1780426290563	1.59575324856403	5.05767754344947	9.54879256791888	7.95303931935486	1e-04	NA	NA	NA	NA	NA	NA	1	-0.278918713465997	0.0777956487215267	1	0.927352631171652	0.859982902540986	1	-2.09659183787134	4.39569733462872	1	1.23077698335837	1.51481198276472	1.00209406024805	4231.11111941902	0	1.00157745830001	9853.55220013728	0	NA	NA	NA	NA	NA	NA	NA	NA
415	7	7	benefit_positive_truncnorm	benefit_positive_truncnorm	continuous	1	increasing	benefit	1	1	NA	2.30553351417441	4.53948761570422	700	252	420	700	700	252	494	0.64	0.294285714285714	6.74448318126493	24	24	0	2	1	10	4	1	5000	2500	1	0.99	14	10000	101414	0.6633	1	1.15446991247482	-4.23182757741844	1.16372569338084	6.49736507219619	10.7291926496146	2.50928233674998	1.20373167468439	2.50631094503493	3.82100002188989	2.6172683472055	0.602362631407825	1.43371404172533	-9.92899267044589	1.32927290843309	12.4786910306472	22.4076837010931	0.0773	0.9958	4.95076810361996	1.18773101094284	4.84816302770224	9.01132128438672	7.82359027344389	0	NA	NA	NA	NA	NA	NA	1	-1.15106360169959	1.32494741515762	1	0.203748822575575	0.0415135827009331	1	-3.10577357397889	9.64582949282563	1	0.411280487915741	0.16915163974021	1.00200388480105	4297.63597691774	0	1.00151183764833	11065.0947691829	0	NA	NA	NA	NA	NA	NA	NA	NA
423	7	7	benefit_positive_truncnorm	benefit_positive_truncnorm	continuous	1	increasing	benefit	1	1	NA	1.4121562099668	2.72294468523506	700	252	420	700	700	252	476	0.64	0.32	6.31874592109819	24	24	0	2	1	10	4	1	5000	2500	1	0.99	14	10000	101422	0.5433	0.9875	0.251560145425593	-5.01171333575738	0.279774926821809	5.47441103850231	10.4861243742597	1.54743011568127	0.171310728666965	1.54954267478052	2.8950656014788	2.72375487281184	0.535027765912003	0.472326760951523	-10.7637205249554	0.428101634446126	11.5958447441966	22.3595652691519	0.0636	0.9722	3.50440116084294	-0.0658190108925179	3.44064610056846	7.49684227292432	7.56266128381684	0	NA	NA	NA	NA	NA	NA	1	-1.1605960645412	1.34698322502853	1	0.135273905714479	0.0182990295672498	1	-2.25061792428354	5.06528104110634	1	0.781456475607874	0.61067422326948	1.00156058809479	3937.57099280508	0	1.00146737289074	11553.1518653177	0	NA	NA	NA	NA	NA	NA	NA	NA
422	7	7	benefit_positive_truncnorm	benefit_positive_truncnorm	continuous	1	increasing	benefit	1	1	NA	1.59270319791808	2.89996286578781	700	252	420	700	700	252	495	0.64	0.292857142857143	6.25228159728237	24	24	0	2	1	10	4	1	5000	2500	1	0.99	14	10000	101421	0.6294	0.9997	0.875964179718586	-4.2985760165572	0.901522324601001	5.99109227853239	10.2896682950896	2.26796334416466	0.974773533251773	2.266566120619	3.5631489090927	2.58837537584092	0.612283865492734	1.49315435193071	-9.88273528780478	1.33069480229442	12.4593148110648	22.3420500988696	0.0573	0.9962	4.3684007677354	1.00746886303018	4.25371052205629	8.23545352631359	7.22798466328341	0	NA	NA	NA	NA	NA	NA	1	-0.716739018199494	0.513714820209575	1	0.675260146246579	0.455976265108951	1	-1.40680851385711	1.97911019466084	1	1.46843790194759	2.15630987187624	1.00152579947687	4511.23045523084	0	1.00179453488243	10699.045834355	0	NA	NA	NA	NA	NA	NA	NA	NA
419	7	7	benefit_positive_truncnorm	benefit_positive_truncnorm	continuous	1	increasing	benefit	1	1	NA	1.78737246746842	3.52726010648966	700	252	420	700	700	252	508	0.64	0.274285714285714	5.34834427101545	24	24	0	2	1	10	4	1	5000	2500	1	0.99	14	10000	101418	0.5714	0.9994	0.489518298134329	-4.7328341187462	0.485936191775192	5.76217887885244	10.4950129975986	2.21494617135574	0.906921957369567	2.21855039434944	3.49841595982317	2.5914940024536	0.545616237706633	0.724053153375321	-10.7836474524815	0.613020244924164	12.1085989075172	22.8922463599988	0.0442	0.99	4.47732500480311	0.797257161275887	4.521170725811	7.97532917334173	7.17807201206584	0	NA	NA	NA	NA	NA	NA	1	-1.29785416933409	1.68442544485789	1	0.427573703887321	0.182819272255922	1	-2.80320695311434	7.85796922198859	1	0.950064898313444	0.902623311007335	1.00148134218808	4458.97779734657	0	1.00185060267745	9411.13661949601	0	NA	NA	NA	NA	NA	NA	NA	NA
416	7	7	benefit_positive_truncnorm	benefit_positive_truncnorm	continuous	1	increasing	benefit	1	1	NA	2.38035596737366	4.58669602903569	700	252	420	700	700	252	477	0.64	0.318571428571429	6.70409133277734	24	24	0	2	1	10	4	1	5000	2500	1	0.99	14	10000	101415	0.7432	1	1.77639978193069	-3.57697175598603	1.85119451879234	6.95127665542267	10.5282484114087	3.58590680794221	2.27132236541713	3.58808609762829	4.88657706590818	2.61525470049105	0.6589821661592	2.23201006027257	-8.87854881501708	2.13016319238489	13.1304410364725	22.0089898514896	0.0804	0.999899809638313	7.37204509968728	3.39526486238298	6.82441304567611	12.6421625916762	9.24689772929317	0.0019	NA	NA	NA	NA	NA	NA	1	-0.603956185442963	0.364763073934814	1	1.20555084056855	1.45335282919554	1	-2.35468596876312	5.54454601148994	1	2.78534907065159	7.75816944537968	1.00149339327589	4576.02786534692	0	1.00172712032526	6478.2083875105	0	NA	NA	NA	NA	NA	NA	NA	NA
458	7	7	benefit_positive_truncnorm	benefit_positive_truncnorm	continuous	1	increasing	benefit	1	1	NA	1.38708641666217	2.45756920157063	700	252	420	700	700	252	480	0.64	0.314285714285714	7.5521317436211	24	24	0	2	1	10	4	1	5000	2500	1	0.99	14	10000	101457	0.6055	0.9982	0.700874212866833	-4.48476363356347	0.70803026892469	5.84808208813464	10.3328457216981	1.9499308155498	0.644790696594617	1.95834189671764	3.26611240703172	2.6213217104371	0.579632721202003	1.03366319035502	-10.0505138808738	0.965326101263816	11.8003723318963	21.8508862127701	0.1015	0.9982	3.82271511899597	1.25003030125851	3.69222042840404	7.43633389042711	6.1863035891686	0	NA	NA	NA	NA	NA	NA	1	-0.686212203795335	0.470887188637651	1	0.562844398887632	0.31679381735918	1	-1.42390601121561	2.02750832877594	1	1.36514591742534	1.86362337586308	1.00134107920978	4546.92690928031	0	1.00185581596469	7094.62179804407	0	NA	NA	NA	NA	NA	NA	NA	NA
432	7	7	benefit_positive_truncnorm	benefit_positive_truncnorm	continuous	1	increasing	benefit	1	1	NA	1.55988399352102	2.31818141071297	700	252	420	700	700	252	483	0.64	0.31	6.80283819024908	24	24	0	2	1	10	4	1	5000	2500	1	0.99	14	10000	101431	0.5644	0.9924	0.41754513373604	-4.95657111646965	0.443686786768096	5.67662589814807	10.6331970146177	1.58485451036485	0.309796563425978	1.59681671148545	2.88657462323297	2.57677805980699	0.551851449668802	0.628600497548683	-10.8471870970299	0.644687031506702	11.7623479816337	22.6095350786636	0.0791	0.9121	2.30886890537994	-0.623262056239537	2.03988440714895	6.33527732652032	6.95853938275986	0	NA	NA	NA	NA	NA	NA	1	-1.14233885978498	1.30493807057486	1	0.0249705168438239	0.000623526711447693	1	-1.68958091316429	2.85468366212908	1	-0.00931250533303274	8.67227555777632e-05	1.00131352719129	4419.44611307227	0	1.00188318855046	11791.8277184458	0	NA	NA	NA	NA	NA	NA	NA	NA
450	7	7	benefit_positive_truncnorm	benefit_positive_truncnorm	continuous	1	increasing	benefit	1	1	NA	1.76316301118883	3.43915442723281	700	252	420	700	700	252	453	0.64	0.352857142857143	7.0484529259325	24	24	0	2	1	10	4	1	5000	2500	1	0.99	14	10000	101449	0.5196	0.9648	0.095835949655357	-4.56005211309253	0.110623210993105	4.77775775843682	9.33780987152936	1.2086813156312	-0.0896811903812206	1.21145584170576	2.54228124941949	2.63196243980071	0.476588799347139	-0.214045698102071	-10.7084094299725	-0.130156349553642	10.3858809302694	21.0942903602419	0.0197	0.9511	3.2399061173792	-0.694811812891975	3.22698872126617	7.18633558887118	7.88114740176316	0	NA	NA	NA	NA	NA	NA	1	-1.66732706153347	2.77997953012185	1	-0.554481695557627	0.307449950708461	1	-3.65320012533489	13.3458711557468	1	-0.199248309853612	0.039699888979521	1.00138128895425	4977.98514864574	0	1.00160611297933	11248.2314235018	0	NA	NA	NA	NA	NA	NA	NA	NA
433	7	7	benefit_positive_truncnorm	benefit_positive_truncnorm	continuous	1	increasing	benefit	1	1	NA	2.12590652860676	4.19045941796552	700	252	420	700	700	252	483	0.64	0.31	6.87864623273807	24	24	0	2	1	10	4	1	5000	2500	1	0.99	14	10000	101432	0.5613	0.9871	0.415536821455179	-5.01824861995348	0.425800244324865	5.71959777412728	10.7378463940808	1.49123243260408	0.195918109037193	1.49560216849162	2.79987945923513	2.60396135019794	0.539568345323741	0.537010405609466	-10.7884459870725	0.50210550109826	11.8337794185349	22.6222254056073	0.0826	0.9657	3.00461347562744	-0.227661335727201	3.01493559229105	6.88280044380202	7.11046177952922	0	NA	NA	NA	NA	NA	NA	1	-1.71036970715158	2.92536453514179	1	-0.63467409600268	0.402811208136819	1	-3.65344901235605	13.3476896858854	1	-1.18584594233808	1.40623059895968	1.00259592840112	4797.51353880791	0	1.00164168575959	6519.47217474977	0	NA	NA	NA	NA	NA	NA	NA	NA
417	7	7	benefit_positive_truncnorm	benefit_positive_truncnorm	continuous	1	increasing	benefit	1	1	NA	1.57258746510618	2.57021204866437	700	252	420	700	700	252	511	0.64	0.27	6.07136996685552	24	24	0	2	1	10	4	1	5000	2500	1	0.99	14	10000	101416	0.7333	1	1.63019796921765	-3.51075755937521	1.64397265735107	6.70198838907945	10.2127459484547	2.65168102813057	1.35590882833992	2.64833711870375	3.91803232339218	2.56212349505226	0.657775434897206	2.09731842670636	-8.93401687676358	1.90991061677446	13.1819582807998	22.1159751575633	0.0515	0.9979	4.08232837583151	0.996354313948168	3.98082724666659	7.51424483777577	6.5178905238276	0	NA	NA	NA	NA	NA	NA	1	0.0576105041114643	0.00331897018397704	1	1.07909356302438	1.16444291776066	1	-0.472893621958012	0.223628377688567	1	1.51211632716714	2.28649578688543	1.00142218305352	4412.03160496619	0	1.00200687192738	12027.2240606377	0	NA	NA	NA	NA	NA	NA	NA	NA
431	7	7	benefit_positive_truncnorm	benefit_positive_truncnorm	continuous	1	increasing	benefit	1	1	NA	2.14170991823689	4.26664336022135	700	252	420	700	700	252	477	0.64	0.318571428571429	6.64584981394774	24	24	0	2	1	10	4	1	5000	2500	1	0.99	14	10000	101430	0.6704	0.999	1.20969589662779	-4.02112643713018	1.24945503182906	6.36720924210337	10.3883356792335	2.03810728814122	0.715849004619569	2.03777721643598	3.34215866032446	2.62630965570489	0.614267129228101	1.64918231618638	-9.5806652864383	1.49490641107474	12.6822318412515	22.2628971276898	0.0776	0.986696008802641	3.78217835307355	0.457466819035789	3.61255108083144	7.88623646022379	7.428769641188	3e-04	NA	NA	NA	NA	NA	NA	1	-0.932014021609105	0.868650136475978	1	-0.103602630095669	0.01073350496274	1	-2.61746104403497	6.85110231704064	1	-0.484465007147801	0.234706343150719	1.00174783511352	4583.23561949088	0	1.00219295696692	11697.6031524763	0	NA	NA	NA	NA	NA	NA	NA	NA
449	7	7	benefit_positive_truncnorm	benefit_positive_truncnorm	continuous	1	increasing	benefit	1	1	NA	1.62322856132754	3.2072150667418	700	252	420	700	700	252	493	0.64	0.295714285714286	6.09468244261885	24	24	0	2	1	10	4	1	5000	2500	1	0.99	14	10000	101448	0.5349	0.9996	0.232611163906018	-5.01366021904234	0.219495866462487	5.57250292473099	10.5861631437733	2.2978620087547	1.00814342264159	2.30247244945921	3.55887571684242	2.55073229420083	0.48059890341628	-0.212908597094756	-11.215565769715	-0.217226711312115	11.0725278844767	22.2880936541917	0.0516	0.9978	5.49666747811987	1.83461469422117	5.62290358711444	8.39862542472568	6.5640107305045	0	NA	NA	NA	NA	NA	NA	1	-1.39061739742153	1.93381674601142	1	0.674633447427157	0.45513028838745	1	-3.42012366383656	11.6972458759348	1	2.28945241137807	5.24159234396484	1.00228852924632	4799.51910646327	0	1.00149606849187	10433.2886241028	0	NA	NA	NA	NA	NA	NA	NA	NA
436	7	7	benefit_positive_truncnorm	benefit_positive_truncnorm	continuous	1	increasing	benefit	1	1	NA	1.76021032737452	2.85588118428071	700	252	420	700	700	252	501	0.64	0.284285714285714	6.51365498854506	24	24	0	2	1	10	4	1	5000	2500	1	0.99	14	10000	101435	0.7657	1	2.02758860213878	-3.42295179505095	2.09563967019821	7.23999208103666	10.6629438760876	2.96446894038188	1.68546287812372	2.96268120090048	4.21974421006305	2.53428133193932	0.692983419347754	2.64342435048528	-8.29332007469676	2.45120866847567	13.3441803333173	21.6375004080141	0.0893	0.9985	4.32355825410193	1.51841738982458	4.21275952498401	7.73872758342695	6.22031019360237	0	NA	NA	NA	NA	NA	NA	1	0.267378274764262	0.0714911418159134	1	1.20425861300736	1.45023880700241	1	-0.212456833795434	0.0451379062263807	1	1.46767706982122	2.154075981279	1.00167137147488	4510.75340091993	0	1.00125405202187	6638.65832487297	0	NA	NA	NA	NA	NA	NA	NA	NA
438	7	7	benefit_positive_truncnorm	benefit_positive_truncnorm	continuous	1	increasing	benefit	1	1	NA	2.10077816643428	4.24320653165862	700	252	420	700	700	252	484	0.64	0.308571428571429	6.71636449186071	24	24	0	2	1	10	4	1	5000	2500	1	0.99	14	10000	101437	0.6032	0.9937	0.686572744998048	-4.69751135167103	0.732683497783475	5.97125304142635	10.6687643930974	1.64258156308065	0.352623180953865	1.64294211639127	2.93720418061443	2.58458099966057	0.561009667024705	0.896055202722573	-10.2354155589627	0.818772090187092	12.0898428980298	22.3252584569926	0.069	0.9748	3.30600754953158	-0.00395371643422964	3.3294404953661	6.4782536868713	6.48220740330553	0	NA	NA	NA	NA	NA	NA	1	-1.41420542143623	1.99997697401962	1	-0.458196603353627	0.209944127324801	1	-3.34715132893604	11.2034220187983	1	-0.937198982127037	0.878341932099955	1.00118173968886	4617.62778314573	0	1.00151548990397	9657.4526642955	0	NA	NA	NA	NA	NA	NA	NA	NA
448	7	7	benefit_positive_truncnorm	benefit_positive_truncnorm	continuous	1	increasing	benefit	1	1	NA	1.86640445280854	3.44397627959533	700	252	420	700	700	252	496	0.64	0.291428571428571	6.13957971659296	24	24	0	2	1	10	4	1	5000	2500	1	0.99	14	10000	101447	0.4701	0.9842	-0.219453722739456	-5.45775325759348	-0.194459241587288	4.98118025120087	10.4389335087943	1.42642979485704	0.133262455264781	1.4297194272249	2.72243337481121	2.58917091954643	0.443450815360337	-0.720503798860509	-11.564574558406	-0.659781802892494	10.3063883531138	21.8709629115198	0.0495	0.9916	2.81637138959493	0.648098559170302	2.80728823808796	5.08421307773024	4.43611451855994	0	NA	NA	NA	NA	NA	NA	1	-2.085858175548	4.35080432850042	1	-0.439974657951503	0.193577699639542	1	-4.16448007845584	17.3428943238555	1	-0.627604890000397	0.393887897952411	1.00152553590545	4223.03209075035	0	1.001840043406	8713.02839674424	0	NA	NA	NA	NA	NA	NA	NA	NA
395	7	7	benefit_positive_truncnorm	benefit_positive_truncnorm	continuous	1	increasing	benefit	1	1	NA	1.96692026881501	4.1397312449172	700	252	420	700	700	252	490	0.64	0.3	6.44080777177408	24	24	0	2	1	10	4	1	5000	2500	1	0.99	14	10000	101394	0.7007	0.9993	1.40746264509853	-3.95830883211514	1.47072536995698	6.43316972466226	10.3914785567774	2.11030288578256	0.793834981377519	2.11418135035079	3.42907327108903	2.63523828971152	0.647581869442637	2.02687568670442	-9.11224183489098	1.91520123260927	12.7795021539266	21.8917439888175	0.0778	0.998	3.79095063935248	1.15331893587163	3.55491767869615	7.30012165564871	6.14680271977707	0	NA	NA	NA	NA	NA	NA	1	-0.559457623716479	0.31299283273449	1	0.143382616967551	0.0205585748484634	1	-2.11285555821278	4.46415860987065	1	-0.348780605564719	0.121647910818092	1.0013621376841	4217.27519597185	0	1.00163386710795	10506.8092721557	0	NA	NA	NA	NA	NA	NA	NA	NA
437	7	7	benefit_positive_truncnorm	benefit_positive_truncnorm	continuous	1	increasing	benefit	1	1	NA	1.76036474336578	3.26119365340014	700	252	420	700	700	252	473	0.64	0.324285714285714	7.09997114115213	24	24	0	2	1	10	4	1	5000	2500	1	0.99	14	10000	101436	0.6218	0.8628	0.756293207037373	-4.1933736666333	0.781138599463355	5.50984265992026	9.70321632655357	0.718111386995408	-0.597521794991981	0.711232501366252	2.04310458756807	2.64062638256005	0.555941399891481	0.72990540151505	-10.2388913824652	0.65623132554952	11.3415367232526	21.5804281057178	0.0785	0.5898	0.346609722485261	-2.52440077822512	0.300883022126833	3.43785058460453	5.96225136282965	0	NA	NA	NA	NA	NA	NA	1	-1.0040715363284	1.00815965006488	1	-1.04225335637037	1.0862920588653	1	-2.53128825188509	6.40742021413149	1	-2.91458393091488	8.49479949034725	1.00127539986827	4357.25115189422	0	1.0016702135195	6262.79621116406	0	NA	NA	NA	NA	NA	NA	NA	NA
453	7	7	benefit_positive_truncnorm	benefit_positive_truncnorm	continuous	1	increasing	benefit	1	1	NA	2.34618795973841	4.43831014575136	700	252	420	700	700	252	468	0.64	0.331428571428571	7.87658154806338	24	24	0	2	1	10	4	1	5000	2500	1	0.99	14	10000	101452	0.6558	0.9974	1.04776313307728	-4.10641352767706	1.08392481778635	6.04223248232874	10.1486460100058	1.86885654349684	0.567772258489623	1.87464274609721	3.17035664474118	2.60258438625156	0.591294642857143	1.30219179184579	-9.59476522713769	1.15476237787415	11.861978090171	21.4567433173086	0.104	0.9924	4.17370853810025	0.816544067135428	4.08216819505773	7.5625673885104	6.74602332137497	0	NA	NA	NA	NA	NA	NA	1	-1.29842482666113	1.68590703048999	1	-0.477331416241573	0.227845280931186	1	-3.13611835390558	9.83523832970342	1	-0.264601607651112	0.0700140107715528	1.00157881366101	4916.69523239534	0	1.0017441170303	8659.98743568599	0	NA	NA	NA	NA	NA	NA	NA	NA
452	7	7	benefit_positive_truncnorm	benefit_positive_truncnorm	continuous	1	increasing	benefit	1	1	NA	1.45311254991046	2.35510142598633	700	252	420	700	700	252	478	0.64	0.317142857142857	6.40522632119215	24	24	0	2	1	10	4	1	5000	2500	1	0.99	14	10000	101451	0.4934	0.9676	-0.0933076153324831	-5.40751090538546	-0.047067956221019	5.10123102770256	10.508741933088	1.25490054409657	-0.0774220784156568	1.25543914074107	2.55001928423544	2.62744136265109	0.500268961807423	-0.0121215839961386	-11.0686965741509	0.00366664389330751	11.2057996896254	22.2744962637763	0.0705	0.9233	2.20570186148967	-0.841608749237946	2.10266543887628	5.72454546976051	6.56615421899845	0	NA	NA	NA	NA	NA	NA	1	-1.54642016524294	2.39141532747001	1	-0.198212005813893	0.0392879992487667	1	-2.36722300998247	5.60374477899045	1	-0.149399564496655	0.0223202298717901	1.00120147783742	4652.41853807582	0	1.00133579661121	11251.9701519561	0	NA	NA	NA	NA	NA	NA	NA	NA
451	7	7	benefit_positive_truncnorm	benefit_positive_truncnorm	continuous	1	increasing	benefit	1	1	NA	2.70888034557421	6.01674429451412	700	252	420	700	700	252	467	0.64	0.332857142857143	7.52331616394705	24	24	0	2	1	10	4	1	5000	2500	1	0.99	14	10000	101450	0.6696	0.9979	1.14439464002578	-3.99572750555157	1.18591831243419	6.19330846730911	10.1890359728607	2.07549456197079	0.76444664728854	2.07870295754195	3.35125708311075	2.58681043582221	0.621318681318681	1.66716958081907	-9.18146450367135	1.50601726047821	12.1434450090197	21.3249095126911	0.09	0.9904	5.72824120518206	0.949391188317353	5.95453597600528	9.60255794465899	8.65316675634164	0	NA	NA	NA	NA	NA	NA	1	-1.56448570554843	2.44761552286536	1	-0.63338578360342	0.401177550870918	1	-4.34957471369504	18.9188001900153	1	-0.288503089332052	0.0832340325541382	1.00171334484858	4488.42792517344	0	1.00203135484875	10685.9099068599	0	NA	NA	NA	NA	NA	NA	NA	NA
442	7	7	benefit_positive_truncnorm	benefit_positive_truncnorm	continuous	1	increasing	benefit	1	1	NA	1.89580316950329	3.09280113017948	700	252	420	700	700	252	476	0.64	0.32	7.15845528244823	24	24	0	2	1	10	4	1	5000	2500	1	0.99	14	10000	101441	0.5412	0.993	0.273813266563744	-4.57719399219295	0.255336260005361	5.12352716613077	9.70072115832372	1.63928431437146	0.340320438885153	1.63640285687065	2.95428449228866	2.61396405340351	0.481106971793507	-0.202748104443523	-10.928051444729	-0.195078510437225	10.4386306469293	21.3666820916582	0.0605	0.9793	3.37590774026816	0.147425315788466	3.29554285393337	7.13689225900162	6.98946694321316	0	NA	NA	NA	NA	NA	NA	1	-1.62198990293954	2.63085124523783	1	-0.256518855131828	0.0658019230381439	1	-3.29554923462301	10.8606447578243	1	0.283106610088673	0.0801493526758997	1.00212598925974	4437.94897034188	0	1.00146093872705	12216.4672868437	0	NA	NA	NA	NA	NA	NA	NA	NA
447	7	7	benefit_positive_truncnorm	benefit_positive_truncnorm	continuous	1	increasing	benefit	1	1	NA	1.69488825843594	2.93764825400737	700	252	420	700	700	252	493	0.64	0.295714285714286	7.05898746391751	24	24	0	2	1	10	4	1	5000	2500	1	0.99	14	10000	101446	0.5824	1	0.539662109333924	-4.47335801519195	0.561828336526786	5.47118249025412	9.94454050544607	2.57535360343335	1.2926759262384	2.57517546910043	3.86320129702533	2.57052537078693	0.511588347863066	0.11615554374774	-10.8405169061146	0.149220440412991	10.9711492535653	21.8116661596799	0.0594	0.9935	4.07593730963989	0.741282678028448	3.89425848032779	8.08261186921506	7.34132919118661	0	NA	NA	NA	NA	NA	NA	1	-1.15522614910201	1.33454745556907	1	0.880465344997416	0.775219223741419	1	-2.82149271025963	7.96082111404821	1	1.13828905563253	1.29570197417279	1.00169234787067	4372.77706918651	0	1.00125092470675	6121.64090753137	0	NA	NA	NA	NA	NA	NA	NA	NA
456	7	7	benefit_positive_truncnorm	benefit_positive_truncnorm	continuous	1	increasing	benefit	1	1	NA	1.9119591789567	3.87355071963714	700	252	420	700	700	252	472	0.64	0.325714285714286	6.65805292977261	24	24	0	2	1	10	4	1	5000	2500	1	0.99	14	10000	101455	0.6807	0.9999	1.30030775915712	-4.1640804150803	1.3702578593927	6.56297738223379	10.7270577973141	2.49046240263842	1.17216405497207	2.48313457390784	3.80098782349616	2.6288237685241	0.616867469879518	1.64161778659378	-9.844241368379	1.57921551860468	12.6676451273833	22.5118864957623	0.087	0.9996	5.20893209100623	2.41886094748391	5.11001551132179	8.41914670594462	6.00028575846071	0	NA	NA	NA	NA	NA	NA	1	-0.611651419799581	0.374117459342843	1	0.578503223681712	0.334665979810133	1	-2.23193293304336	4.98152461760353	1	1.33538137136909	1.78324340699959	1.00121278894802	4132.88493953489	0	1.00166032673397	12029.1339578854	0	NA	NA	NA	NA	NA	NA	NA	NA
443	7	7	benefit_positive_truncnorm	benefit_positive_truncnorm	continuous	1	increasing	benefit	1	1	NA	1.87930422179922	3.27510137347919	700	252	420	700	700	252	465	0.64	0.335714285714286	7.57213012239286	24	24	0	2	1	10	4	1	5000	2500	1	0.99	14	10000	101442	0.6497	0.9994	0.98635133592113	-4.05322354248683	0.995797384033121	6.02474465351582	10.0779681960027	2.13052941090874	0.78583504169386	2.12521798837183	3.45107192692449	2.66523688523063	0.583166999334664	1.09538053591563	-9.82978995089903	1.03398647506713	11.6887955482549	21.518585499154	0.0982	0.981292517006803	4.70874053504427	0.308394033342891	4.70126616346255	9.24552263640851	8.93712860306562	4e-04	NA	NA	NA	NA	NA	NA	1	-0.892952885878092	0.797364856398013	1	0.251225189109519	0.0631140956431133	1	-2.17972083756356	4.7511829297088	1	1.43363916156508	2.05532124557304	1.00113799103267	4606.9108927631	0	1.00116455288387	10493.787594148	0	NA	NA	NA	NA	NA	NA	NA	NA
457	7	7	benefit_positive_truncnorm	benefit_positive_truncnorm	continuous	1	increasing	benefit	1	1	NA	2.37213069235301	4.87540957809702	700	252	420	700	700	252	472	0.64	0.325714285714286	7.30170859436563	24	24	0	2	1	10	4	1	5000	2500	1	0.99	14	10000	101456	0.7482	1	1.68921876726086	-3.29316682542464	1.76504652615824	6.32995511515204	9.62312194057668	2.85862957285742	1.58769039128388	2.86208582302922	4.14379573646131	2.55610534517744	0.703252032520325	2.69805414009273	-8.04251687430431	2.53593343033793	12.6748870597492	20.7174039340535	0.0898	0.999899989999	7.01410449539066	3.24408352950095	7.10682069620486	11.109785277545	7.86570174804408	1e-04	NA	NA	NA	NA	NA	NA	1	-0.68291192509215	0.466368697433067	1	0.486498880504408	0.236681160732042	1	-2.17735543800428	4.74087670340682	1	2.13869491729365	4.57401594925768	1.00126475359603	4793.32168045428	0	1.00166732779268	11347.6577548021	0	NA	NA	NA	NA	NA	NA	NA	NA
439	7	7	benefit_positive_truncnorm	benefit_positive_truncnorm	continuous	1	increasing	benefit	1	1	NA	2.2165847965552	4.53825245131411	700	252	420	700	700	252	483	0.64	0.31	6.53242961295862	24	24	0	2	1	10	4	1	5000	2500	1	0.99	14	10000	101438	0.6983	1	1.42928337966685	-3.90756142598859	1.48137311871665	6.64192590437737	10.549487330366	2.58992181191914	1.30110037369299	2.59595294071093	3.87801205845787	2.57691168476488	0.641879512878543	1.9779163037334	-9.29062726906442	1.8017476153451	12.8665067022173	22.1571339712817	0.0721	0.9995	5.89114409338812	2.44923035573301	5.95697068686647	9.19029038710645	6.74106003137344	0	NA	NA	NA	NA	NA	NA	1	-0.787301416888353	0.619843521034409	1	0.373337015363937	0.139380527040852	1	-2.56033614758071	6.55532118860843	1	1.35289164207401	1.83031579519371	1.0022713854226	4513.79730313771	0	1.00168069648378	5577.32087647487	0	NA	NA	NA	NA	NA	NA	NA	NA
440	7	7	benefit_positive_truncnorm	benefit_positive_truncnorm	continuous	1	increasing	benefit	1	1	NA	1.98507439058012	4.24879073115111	700	252	420	700	700	252	489	0.64	0.301428571428571	7.09749973597965	24	24	0	2	1	10	4	1	5000	2500	1	0.99	14	10000	101439	0.6287	0.962	0.784994257627041	-4.05938802943927	0.820863702282743	5.49987676269035	9.55926479212962	1.18477587323699	-0.129923118298976	1.18249544104129	2.47839497882099	2.60831809711997	0.724181492788715	2.59863612305467	-7.78150050425938	2.37302572337473	12.8218405597608	20.6033410640202	0.0501	0.8836	2.32789025970464	-1.25140783456281	2.36881740433599	6.05543573175335	7.30684356631616	0	NA	NA	NA	NA	NA	NA	1	-1.20008013295308	1.44019232550869	1	-0.800298517343129	0.640477716861611	1	-1.65015460809644	2.72301023062191	1	-1.92090047144647	3.68985862120326	1.00118170189648	4831.97819200482	0	1.0029813765843	5405.86187249117	0	NA	NA	NA	NA	NA	NA	NA	NA
441	7	7	benefit_positive_truncnorm	benefit_positive_truncnorm	continuous	1	increasing	benefit	1	1	NA	2.21227802884819	4.93073307393697	700	252	420	700	700	252	461	0.64	0.341428571428571	6.87678229333814	24	24	0	2	1	10	4	1	5000	2500	1	0.99	14	10000	101440	0.752	1	1.9026387291392	-3.67901706167279	1.95865998751241	7.19358108326695	10.8725981449397	3.37674805580273	2.07630612764165	3.38252432823301	4.68039605450255	2.6040899268609	0.681813204861491	2.60710750499355	-8.57959565304217	2.43634532462836	13.3971973730608	21.9767930261029	0.0867	1	8.5152622565202	5.13825887739636	8.59502029072507	11.8449106728883	6.70665179549199	0.0011	NA	NA	NA	NA	NA	NA	1	-0.309639299708988	0.0958764959242727	1	1.16447002695454	1.35599044367551	1	-2.32362556894341	5.39923578464759	0	3.58452918258323	12.8488494607908	1.00126653649814	4332.30578756022	0	1.00065731785395	6792.26539867148	0	NA	NA	NA	NA	NA	NA	NA	NA
455	7	7	benefit_positive_truncnorm	benefit_positive_truncnorm	continuous	1	increasing	benefit	1	1	NA	2.01792828745124	4.21460338593635	700	252	420	700	700	252	456	0.64	0.348571428571429	8.01343561216078	24	24	0	2	1	10	4	1	5000	2500	1	0.99	14	10000	101454	0.4231	1	-0.409033021877768	-4.8662746953934	-0.496304058233778	4.50716208298273	9.37343677837613	3.07126726875715	1.74447023164361	3.0791417047457	4.34860365768316	2.60413342603955	0.252717391304348	-2.39842416439792	-12.2097828235273	-2.30767267729237	8.41509910342404	20.6248819269513	0.0432	1	7.39600809015351	3.23813964163659	7.34810483481992	11.4250149211057	8.18687527946909	0.0077	NA	NA	NA	NA	NA	NA	1	-2.42696130932901	5.89014119697999	1	1.0533389813059	1.10952300953855	1	-6.61302755033427	43.7321333814801	1	3.18140470421716	10.1213358920151	1.00135945995335	4509.90225521527	0	1.00163987439837	7057.54289402451	0	NA	NA	NA	NA	NA	NA	NA	NA
444	7	7	benefit_positive_truncnorm	benefit_positive_truncnorm	continuous	1	increasing	benefit	1	1	NA	2.25599925620083	4.55744210758754	700	252	420	700	700	252	478	0.64	0.317142857142857	6.61113085502924	24	24	0	2	1	10	4	1	5000	2500	1	0.99	14	10000	101443	0.6583	0.9989	1.12850778181435	-4.3204343151298	1.16141543655145	6.40087680767241	10.7213111228022	2.15206683357686	0.826693436608549	2.1579883807997	3.44994917431487	2.62325573770632	0.616837560712358	1.63786688164934	-9.76308633142757	1.58317964269311	12.5256779118693	22.2887642432969	0.0735	0.9983	4.5924670299335	1.26268441810424	4.54497116673968	8.44612326263419	7.18343884452995	0	NA	NA	NA	NA	NA	NA	1	-1.12749147438648	1.2712370248142	1	-0.103932422623975	0.0108019484724885	1	-2.91957522593819	8.52391949991205	1	0.0350249223459658	0.00122674518534093	1.00224219437329	4260.21771355829	0	1.00208311918654	13542.5382267869	0	NA	NA	NA	NA	NA	NA	NA	NA
445	7	7	benefit_positive_truncnorm	benefit_positive_truncnorm	continuous	1	increasing	benefit	1	1	NA	2.13524976819058	4.74568989490254	700	252	420	700	700	252	463	0.64	0.338571428571429	7.34170014453822	24	24	0	2	1	10	4	1	5000	2500	1	0.99	14	10000	101444	0.6888	1	1.18644993150643	-3.89435079034131	1.25384331808812	5.8476529706521	9.74200376099341	2.61068335631362	1.29976146117175	2.61559829303477	3.89825863488574	2.59849717371398	0.662628447809627	2.1056298589967	-8.78820250460148	1.94670456374934	12.3699648484119	21.1581673530134	0.0755	0.998889001110999	8.19777789857091	3.73958246469627	8.13564284828196	12.5315497277617	8.7919672630654	0.0099	NA	NA	NA	NA	NA	NA	1	-0.94879983668415	0.90022113009187	1	0.475433588123034	0.226037096715543	1	-2.64006003590584	6.96991699318716	1	3.45208800366838	11.9169115850711	1.00139537249728	4404.61607299886	0	1.00181524768485	10790.4237046102	0	NA	NA	NA	NA	NA	NA	NA	NA
460	7	7	benefit_positive_truncnorm	benefit_positive_truncnorm	continuous	1	increasing	benefit	1	1	NA	1.40001491031948	2.52466709316567	700	252	420	700	700	252	497	0.64	0.29	6.06058807114436	24	24	0	2	1	10	4	1	5000	2500	1	0.99	14	10000	101459	0.5577	0.9737	0.414919674675205	-4.69389354809305	0.411742937247233	5.50618797143212	10.2000815195252	1.2985509845948	-0.0134678556753068	1.30459320042296	2.5787567959144	2.5922246515897	0.570586410176854	0.832923060018444	-10.0051119583278	0.715344041831704	11.8497893815869	21.8549013399146	0.0331	0.915	1.87169752899183	-0.785713376880641	1.72785822647582	5.05367780693235	5.83939118381299	0	NA	NA	NA	NA	NA	NA	1	-0.985095235644272	0.970412623289044	1	-0.101463925724678	0.0102949282234629	1	-1.69174403314723	2.86199787368924	1	-0.652969564173844	0.42636925173738	1.00122586758698	4137.16195492297	0	1.00144360842729	6347.67782713687	0	NA	NA	NA	NA	NA	NA	NA	NA
469	7	7	benefit_positive_truncnorm	benefit_positive_truncnorm	continuous	1	increasing	benefit	1	1	NA	2.46717936000763	4.84461566856407	700	252	420	700	700	252	495	0.64	0.292857142857143	6.43845061653174	24	24	0	2	1	10	4	1	5000	2500	1	0.99	14	10000	101468	0.7424	1	1.73288087472986	-3.55075359427599	1.78008346980773	6.84657466560708	10.3973282598831	3.04325478234435	1.75834134820493	3.04760401072681	4.34508280562019	2.58674145741526	0.694823478449209	2.71925248044517	-8.3317223465764	2.54358498022675	13.3734906582594	21.7052130048358	0.0766	0.9996	5.24890230612374	1.89430077375607	5.10176853111654	9.0830710633071	7.18877028955103	0	NA	NA	NA	NA	NA	NA	1	-0.734298485277771	0.539194265481228	1	0.576075422336717	0.331862892220426	1	-2.1253631881189	4.51716868141095	1	0.404286637559665	0.1634476853093	1.00137700865135	4271.94465501852	0	1.0015025011679	8575.96936743981	0	NA	NA	NA	NA	NA	NA	NA	NA
470	7	7	benefit_positive_truncnorm	benefit_positive_truncnorm	continuous	1	increasing	benefit	1	1	NA	1.9758153018057	3.79083887680978	700	252	420	700	700	252	488	0.64	0.302857142857143	6.5506986120047	24	24	0	2	1	10	4	1	5000	2500	1	0.99	14	10000	101469	0.6905	0.9991	1.36361149535592	-4.01028994019563	1.38132839935699	6.6333545343664	10.643644474562	2.15525993045948	0.839933895674918	2.15859532108476	3.45619721419901	2.61626331852409	0.637524345379788	1.90468653284939	-9.30594959859505	1.7137837266934	12.9817078398011	22.2876574383962	0.0758	0.9904	3.07896977201664	0.505187334091422	2.98752090934296	6.25666660538594	5.75147927129452	0	NA	NA	NA	NA	NA	NA	1	-0.612203806449789	0.374793500631611	1	0.179444628653773	0.0322003747526906	1	-1.8861523439604	3.5575706646273	1	-0.711869104793143	0.506757622358991	1.00150796949722	4409.46190170605	0	1.00307011121287	6324.04355475265	0	NA	NA	NA	NA	NA	NA	NA	NA
459	7	7	benefit_positive_truncnorm	benefit_positive_truncnorm	continuous	1	increasing	benefit	1	1	NA	2.4242730017832	5.2844110276016	700	252	420	700	700	252	472	0.64	0.325714285714286	6.99815126265338	24	24	0	2	1	10	4	1	5000	2500	1	0.99	14	10000	101458	0.6845	0.9999	1.35333911153899	-4.21973651999424	1.37762891035495	6.78221887786734	11.0019553978616	2.8990064868518	1.58156662032091	2.90257448459076	4.19427848545289	2.61271186513198	0.616782292699042	1.68331466673793	-9.74025485252991	1.52824854975874	12.8430911577774	22.5833460103073	0.0919	0.9999	6.70650467747314	3.02483875719586	6.62389671803676	11.1181683045117	8.09332954731588	0	NA	NA	NA	NA	NA	NA	1	-1.07093389024421	1.1468993972736	1	0.474733485068602	0.22537188184538	1	-3.60109636086367	12.9678950002256	1	1.42209364987155	2.02235034900498	1.00149606982307	4363.16431933894	0	1.00186148392789	6680.40814753258	0	NA	NA	NA	NA	NA	NA	NA	NA
466	7	7	benefit_positive_truncnorm	benefit_positive_truncnorm	continuous	1	increasing	benefit	1	1	NA	1.97520045114396	3.77381410896099	700	252	420	700	700	252	496	0.64	0.291428571428571	6.68035234019987	24	24	0	2	1	10	4	1	5000	2500	1	0.99	14	10000	101465	0.6349	0.9988	0.913782294046332	-4.39461480440697	0.937257588874855	6.23090561548627	10.6255204198932	2.09282613065005	0.811492217072059	2.09466866382504	3.36331236243657	2.55182014536451	0.565839384415303	0.953807629464359	-10.3451173664212	0.890912216377131	12.1443566628706	22.4894740292918	0.0773	0.9975	4.1143580771293	1.46472177430043	4.12464719750856	6.70438886504939	5.23966709074896	0	NA	NA	NA	NA	NA	NA	1	-1.06141815709762	1.12660850421652	1	0.117625679506097	0.0138358004792711	1	-2.82000647949663	7.95243654440299	1	0.340543968168309	0.115970194255818	1.00255804443104	4356.03709725629	0	1.0024952341318	11269.2070490887	0	NA	NA	NA	NA	NA	NA	NA	NA
467	7	7	benefit_positive_truncnorm	benefit_positive_truncnorm	continuous	1	increasing	benefit	1	1	NA	1.8864729487566	3.47984236765666	700	252	420	700	700	252	474	0.64	0.322857142857143	7.17044750682033	24	24	0	2	1	10	4	1	5000	2500	1	0.99	14	10000	101466	0.6405	0.9918	0.879941688221884	-4.00475695350473	0.915206809879845	5.64607310831004	9.65083006181477	1.6381249291895	0.320297876821611	1.63632609598585	2.95904771390667	2.63874983708506	0.609639079707775	1.39429278950572	-9.64805690891052	1.28423135043761	11.740166381976	21.3882232908866	0.0829	0.9407	2.43158224913866	-0.657076966092789	2.39431645969643	5.81271181818451	6.4697887842773	0	NA	NA	NA	NA	NA	NA	1	-1.00653126053471	1.0131051784336	1	-0.248348019567097	0.0616767388228993	1	-2.08554957815093	4.34951704292553	1	-1.048260118518	1.09884927607536	1.00191292406419	4217.34651778031	0	1.00157085959708	7004.90645981108	0	NA	NA	NA	NA	NA	NA	NA	NA
462	7	7	benefit_positive_truncnorm	benefit_positive_truncnorm	continuous	1	increasing	benefit	1	1	NA	1.80925984796996	3.32627894393404	700	252	420	700	700	252	493	0.64	0.295714285714286	7.08156712720005	24	24	0	2	1	10	4	1	5000	2500	1	0.99	14	10000	101461	0.6614	0.9818	1.08232140634854	-3.99630633052897	1.11554247456616	5.98810444140722	9.98441077193619	1.39016910980707	0.0763150854383448	1.39470063936212	2.71053778036181	2.63422269492346	0.577655476059439	1.04084949872781	-9.70168038698772	0.94078729935773	11.642548167795	21.3442285547827	0.0915	0.9327	2.28670556982293	-0.668052178483201	2.17288368453043	5.55079370615117	6.21884588463437	0	NA	NA	NA	NA	NA	NA	1	-0.72693844162142	0.528439497906979	1	-0.419090738162887	0.175637046813914	1	-2.28542944520623	5.22318774901564	1	-1.0395733741111	1.08071280016074	1.00249266587451	4567.07697138328	0	1.00196712729991	13028.4027236932	0	NA	NA	NA	NA	NA	NA	NA	NA
461	7	7	benefit_positive_truncnorm	benefit_positive_truncnorm	continuous	1	increasing	benefit	1	1	NA	1.50473455691719	2.69554219047378	700	252	420	700	700	252	495	0.64	0.292857142857143	5.34192905048401	24	24	0	2	1	10	4	1	5000	2500	1	0.99	14	10000	101460	0.6996	1	1.49634733269301	-3.98925280239635	1.53917939162376	6.79348362230772	10.7827364247041	2.78937944957659	1.44921893594797	2.79633587953183	4.12445780836413	2.67523887241616	0.716196293176074	2.89110581677477	-7.94443108964689	2.64658452034998	13.817546896265	21.7619779859119	0.0504	1	5.51663744863674	2.51987561972018	5.37441735261724	9.15337782457654	6.63350220485636	0	NA	NA	NA	NA	NA	NA	1	-0.0083872242241847	7.03455301867506e-05	1	1.2846448926594	1.65031250023588	1	0.195563626300983	0.0382451319319907	1	2.82109525816296	7.95857845562955	1.00284333437976	4429.62118224494	0	1.00226389024835	6966.3863936843	0	NA	NA	NA	NA	NA	NA	NA	NA
463	7	7	benefit_positive_truncnorm	benefit_positive_truncnorm	continuous	1	increasing	benefit	1	1	NA	2.23045195510065	4.2387684763362	700	252	420	700	700	252	482	0.64	0.311428571428571	6.46294976931876	24	24	0	2	1	10	4	1	5000	2500	1	0.99	14	10000	101462	0.6596	0.9942	1.08328583403566	-4.14066308840468	1.12542528663632	6.26393630510748	10.4045993935122	1.73659464490852	0.410565497485866	1.73946306231943	3.03865341253557	2.62808791504971	0.624331836647424	1.59624125458562	-9.62224520574764	1.47760559681883	12.5491020459766	22.1713472517243	0.0646	0.9889	4.37862470451991	0.577411653001003	4.39213140198322	8.03980283228695	7.46239117928595	0	NA	NA	NA	NA	NA	NA	1	-1.14716612106499	1.31599010931929	1	-0.493857310192136	0.243895042830211	1	-2.64252722175059	6.98295011769287	1	0.139856228183706	0.0195597645617728	1.00175697134099	4185.19244917226	0	1.00117730289182	9509.11481200987	0	NA	NA	NA	NA	NA	NA	NA	NA
464	7	7	benefit_positive_truncnorm	benefit_positive_truncnorm	continuous	1	increasing	benefit	1	1	NA	1.70172019568958	2.8018947539454	700	252	420	700	700	252	479	0.64	0.315714285714286	7.22080973025601	24	24	0	2	1	10	4	1	5000	2500	1	0.99	14	10000	101463	0.6461	0.9995	0.893771053284291	-3.83125190299974	0.919672941283099	5.53895340433939	9.37020530733913	2.1844492725606	0.896723608317634	2.17814599290495	3.49041317050732	2.59368956218969	0.609100642398287	1.29644719308721	-9.26113864221206	1.19535470430621	11.4645491604245	20.7256878026366	0.066	0.997	4.56769922084023	1.42369644686377	4.43663686197389	8.33709413514293	6.91339768827916	0	NA	NA	NA	NA	NA	NA	1	-0.807949142405287	0.652781816713439	1	0.48272907687102	0.233027361656747	1	-1.50544756085818	2.26637235849385	1	1.76580446689483	3.11806541530575	1.00139786119089	4800.68618283003	0	1.00133715222031	10230.8928062753	0	NA	NA	NA	NA	NA	NA	NA	NA
488	7	7	benefit_positive_truncnorm	benefit_positive_truncnorm	continuous	1	increasing	benefit	1	1	NA	2.27138890923782	4.57608639807121	700	252	420	700	700	252	491	0.64	0.298571428571429	7.00937325536891	24	24	0	2	1	10	4	1	5000	2500	1	0.99	14	10000	101487	0.4458	0.9994	-0.314246946855902	-5.22293292978746	-0.381323034645173	4.98686363878605	10.2097965685735	2.15930622147083	0.864368363043411	2.16252748015448	3.42446346334094	2.56009510029753	0.358334218633804	-1.51008809621471	-12.5055571600317	-1.60218694215506	10.2258011896085	22.7313583496402	0.0587	0.9996	4.68358489647758	2.20872542775203	4.58277119987856	7.49296120469404	5.28423577694201	0	NA	NA	NA	NA	NA	NA	1	-2.58563585609372	6.6855127803175	1	-0.11208268776699	0.0125625288970727	1	-6.08617449428592	37.0415199748965	1	0.107498498406365	0.0115559271596232	1.00165568414172	4661.4001209036	0	1.0012912021575	9947.70777318158	0	NA	NA	NA	NA	NA	NA	NA	NA
477	7	7	benefit_positive_truncnorm	benefit_positive_truncnorm	continuous	1	increasing	benefit	1	1	NA	2.0942568734955	3.91854045515848	700	252	420	700	700	252	500	0.64	0.285714285714286	6.21323683422872	24	24	0	2	1	10	4	1	5000	2500	1	0.99	14	10000	101476	0.7784	1	2.10528996517164	-3.29702703430627	2.14675797286989	7.29858924248349	10.5956162767898	3.22784188276224	1.93277611678996	3.23680156587687	4.52256102212435	2.58978490533439	0.750408897612038	3.41725151696944	-7.35128402379571	3.09844470875376	14.0944212876099	21.4457053114056	0.0829	1	5.5891121822703	2.44742607445517	5.5368850129956	8.99685154716267	6.5494254727075	1e-04	NA	NA	NA	NA	NA	NA	1	0.0110330916761345	0.000121729111933989	1	1.13358500926674	1.28501497323427	1	-0.501288938189039	0.251290599550694	1	1.67057172711182	2.79080989542536	1.00119227798193	4513.3526981805	0	1.00223158645048	6320.57205063203	0	NA	NA	NA	NA	NA	NA	NA	NA
478	7	7	benefit_positive_truncnorm	benefit_positive_truncnorm	continuous	1	increasing	benefit	1	1	NA	2.17407001614366	4.36161256731221	700	252	420	700	700	252	481	0.64	0.312857142857143	7.77130644849312	24	24	0	2	1	10	4	1	5000	2500	1	0.99	14	10000	101477	0.6711	0.9914	1.1343104694234	-3.90094518068664	1.18843062374709	5.97519190195107	9.87613708263771	1.55344098032639	0.282482849899319	1.55965989706837	2.80275228140189	2.52026943150257	0.593401694159608	1.27599807649824	-9.82505101141152	1.19836356509146	11.8721131250197	21.6971641364313	0.1028	0.973	3.29043259920469	-0.0510307948023935	3.31234882752123	6.32133166131187	6.37236245611426	0	NA	NA	NA	NA	NA	NA	1	-1.03975954672027	1.08109991499593	1	-0.620629035817269	0.385180400099474	1	-3.08561449081396	9.52101678592111	1	-1.07117996810751	1.14742652407481	1.00159465181938	4453.6858420933	0	1.00227832898313	11878.2607875772	0	NA	NA	NA	NA	NA	NA	NA	NA
465	7	7	benefit_positive_truncnorm	benefit_positive_truncnorm	continuous	1	increasing	benefit	1	1	NA	1.0588396235436	1.485668600538	700	252	420	700	700	252	505	0.64	0.278571428571429	5.96502762567725	24	24	0	2	1	10	4	1	5000	2500	1	0.99	14	10000	101464	0.5233	0.9899	0.192406516116985	-5.43835261508952	0.168137760501367	5.9761621474776	11.4145147625671	1.52550506514195	0.23062302706616	1.52052634930344	2.82810896325225	2.59748593618609	0.511301553294055	0.162084851134518	-11.7412660549969	0.148101340963635	12.2011822728598	23.9424483278566	0.0665	0.9092	1.54404184185615	-0.724942520550425	1.52310616244103	3.9659768372052	4.69091935775563	0	NA	NA	NA	NA	NA	NA	1	-0.866433107426612	0.750706329644934	1	0.466665441598357	0.217776634382189	1	-1.32358374940348	1.75187394168498	1	0.0583732413181524	0.00340743530198725	1.00164793659704	4668.08779709344	0	1.00143773615367	9863.40257838197	0	NA	NA	NA	NA	NA	NA	NA	NA
486	7	7	benefit_positive_truncnorm	benefit_positive_truncnorm	continuous	1	increasing	benefit	1	1	NA	1.75442601321593	3.03884127487021	700	252	420	700	700	252	494	0.64	0.294285714285714	6.22207061633776	24	24	0	2	1	10	4	1	5000	2500	1	0.99	14	10000	101485	0.6784	0.9998	1.24507784781141	-4.05472283745183	1.23903652176901	6.41235236304103	10.4670752004929	2.46669386919324	1.15903842441226	2.46703581939781	3.79875518094511	2.63971675653286	0.637838418564676	1.94858220613748	-9.22535629209161	1.77748976972793	13.0427861336948	22.2681424257864	0.0692	0.9997	4.85370480715357	2.08864973862368	4.64401460971913	8.52388106739282	6.43523132876914	0	NA	NA	NA	NA	NA	NA	1	-0.509348165404521	0.259435553600952	1	0.712267855977305	0.507325498658507	1	-1.09025906873273	1.18866483695395	1	1.81486353228336	3.29372964081205	1.00183556072419	4153.44722648623	0	1.00168203530065	10796.4341013312	0	NA	NA	NA	NA	NA	NA	NA	NA
487	7	7	benefit_positive_truncnorm	benefit_positive_truncnorm	continuous	1	increasing	benefit	1	1	NA	1.90357592901545	3.3058720979559	700	252	420	700	700	252	497	0.64	0.29	5.84874489773612	24	24	0	2	1	10	4	1	5000	2500	1	0.99	14	10000	101486	0.602	0.9778	0.733608340246208	-4.97174562028085	0.762678698489795	6.22011101534801	11.1918566356289	1.38561405305788	0.0369570240728105	1.38987814951384	2.71815816526681	2.681201141194	0.570498452342833	1.01442723044229	-10.8064730321378	0.996905286331476	12.6678133068232	23.4742863389611	0.0631	0.8036	1.65237715278813	-1.71288610350909	1.62804836847415	5.28211249754295	6.99499860105204	0	NA	NA	NA	NA	NA	NA	1	-1.16996758876925	1.36882415877053	1	-0.51796187595757	0.268284504945485	1	-2.2914448675136	5.25071958085443	1	-1.65349494516777	2.73404553369537	1.00149905535657	4165.98123547838	0	1.00140008751173	6284.3002481361	0	NA	NA	NA	NA	NA	NA	NA	NA
504	7	7	benefit_positive_truncnorm	benefit_positive_truncnorm	continuous	1	increasing	benefit	1	1	NA	2.07573857536581	3.95854038925368	700	252	420	700	700	252	484	0.64	0.308571428571429	6.83348256210939	24	24	0	2	1	10	4	1	5000	2500	1	0.99	14	10000	101503	0.4522	0.7466	-0.340516308619172	-5.61266535376697	-0.325615415041674	4.9812445712333	10.5939099250003	0.440818969097327	-0.831010952323724	0.4440041911793	1.71878286876044	2.54979382108417	0.483261339092873	-0.278641364913866	-11.5729211695536	-0.221510682939587	11.03812543054	22.6110466000936	0.074	0.7117	0.85689882625358	-1.89553257668954	0.785113480530794	4.23818802419415	6.1337206008837	0	NA	NA	NA	NA	NA	NA	1	-2.41625488398499	5.8382876643813	0	-1.63491960626849	2.67296211896111	1	-4.23718175416755	17.9537092178504	1	-3.1016415630001	9.62018038532972	1.00114257812719	4800.92793539433	0	1.0020369155864	6558.63349476164	0	NA	NA	NA	NA	NA	NA	NA	NA
503	7	7	benefit_positive_truncnorm	benefit_positive_truncnorm	continuous	1	increasing	benefit	1	1	NA	2.62892099851543	5.74124402855188	700	252	420	700	700	252	464	0.64	0.337142857142857	6.91784614679089	24	24	0	2	1	10	4	1	5000	2500	1	0.99	14	10000	101502	0.7507	1	1.90368001464178	-3.67278674189822	1.96257363619452	7.09273200955746	10.7655187514557	3.31139765135814	2.01402747145346	3.303590109445	4.61619798531866	2.6021705138652	0.655960264900662	2.17160482205988	-9.09463626181083	2.09071696062967	12.9716746385352	22.0663109003461	0.094	0.999899959983994	8.84117677342175	4.49826312635575	8.83704764710676	12.9614488169921	8.46318569063635	4e-04	NA	NA	NA	NA	NA	NA	1	-0.725240983873655	0.525974484690028	1	0.682476652842709	0.465774381675388	1	-3.569639206492	12.7423240645248	1	3.09993274486987	9.60958302271644	1.00162935485597	4525.86421805409	0	1.00188070253216	11770.728566612	0	NA	NA	NA	NA	NA	NA	NA	NA
468	7	7	benefit_positive_truncnorm	benefit_positive_truncnorm	continuous	1	increasing	benefit	1	1	NA	2.34093270548762	5.0561230578003	700	252	420	700	700	252	460	0.64	0.342857142857143	7.87891240070158	24	24	0	2	1	10	4	1	5000	2500	1	0.99	14	10000	101467	0.5768	0.9992	0.479204797268584	-4.4731349914238	0.477543938965387	5.4400015021844	9.91313649360819	2.12667889041496	0.792830364919801	2.13773241985443	3.4631169165731	2.6702865516533	0.541231384752167	0.519459129899164	-10.0745399928187	0.44871601506717	11.448195460781	21.5227354535997	0.1002	0.996791979949875	6.23237383637862	1.73165110082886	6.17993104926251	10.9683181156263	9.23666701479746	0.0025	NA	NA	NA	NA	NA	NA	1	-1.86172790821903	3.46603080424162	1	-0.214253815072659	0.0459046972731893	1	-4.53666392790114	20.5813195947194	1	1.17625077857832	1.3835658941061	1.00194397792561	4523.047938667	0	1.00320629838744	9675.0783231531	0	NA	NA	NA	NA	NA	NA	NA	NA
490	7	7	benefit_positive_truncnorm	benefit_positive_truncnorm	continuous	1	increasing	benefit	1	1	NA	1.91388061676459	3.64520549663042	700	252	420	700	700	252	486	0.64	0.305714285714286	7.02641676922578	24	24	0	2	1	10	4	1	5000	2500	1	0.99	14	10000	101489	0.4654	0.9664	-0.180646264334495	-5.05472496722508	-0.21148014658155	4.91673793632935	9.97146290355442	1.20632263668555	-0.0877535096898876	1.21775729424863	2.46673488547549	2.55448839516538	0.383790737564322	-1.36056448183159	-12.1698671973256	-1.39650408282761	10.0252626147056	22.1951298120312	0.0672	0.881	1.98066653339154	-1.36790927086283	2.03504150710432	5.13061449920393	6.49852377006677	0	NA	NA	NA	NA	NA	NA	1	-2.09452688109908	4.38704285564665	1	-0.707557980079037	0.500638295173527	1	-5.00576997846201	25.0577330772716	1	-1.66453896323889	2.77068996014038	1.00147657945697	4533.65267548512	0	1.00194260488558	12725.5019188257	0	NA	NA	NA	NA	NA	NA	NA	NA
497	7	7	benefit_positive_truncnorm	benefit_positive_truncnorm	continuous	1	increasing	benefit	1	1	NA	2.0912299930395	4.04901940708373	700	252	420	700	700	252	468	0.64	0.331428571428571	7.48415141576021	24	24	0	2	1	10	4	1	5000	2500	1	0.99	14	10000	101496	0.631	0.9997	0.83130119747681	-4.21943167711855	0.855547404619582	5.71009122804851	9.92952290516706	2.45811833815095	1.12851354853471	2.46394074895897	3.76489931905106	2.63638577051635	0.55502867225408	0.769972759437925	-10.1905646704001	0.721563069177725	11.3859742972604	21.5765389676605	0.0932	0.998198017819602	5.66863819534803	1.99471096098955	5.56264638547852	10.2125620893432	8.2178511283536	0.0011	NA	NA	NA	NA	NA	NA	1	-1.25992879556269	1.58742056988804	1	0.366888345111458	0.134607057778625	1	-3.27904664764581	10.7521469174372	1	1.6196187882643	2.62316501929873	1.00141919294782	4430.6151028293	0	1.00151816033606	10429.0983131845	0	NA	NA	NA	NA	NA	NA	NA	NA
500	7	7	benefit_positive_truncnorm	benefit_positive_truncnorm	continuous	1	increasing	benefit	1	1	NA	1.519864820668	2.72625171178503	700	252	420	700	700	252	471	0.64	0.327142857142857	7.33599464390127	24	24	0	2	1	10	4	1	5000	2500	1	0.99	14	10000	101499	0.6741	0.9747	1.09950975743997	-3.75456015168708	1.15045840499293	5.81187088471828	9.56643103640536	1.28450824557402	-0.00510134535097833	1.27962360694153	2.58609951186322	2.5912008572142	0.607704059362724	1.45148704972529	-9.684671948985	1.32889837713824	12.033622467632	21.718294416617	0.0836	0.8931	2.34399506445932	-1.20327431460485	2.39224851945674	5.93455978853185	7.13783410313669	0	NA	NA	NA	NA	NA	NA	1	-0.420355063228026	0.176698379181438	1	-0.235356575093975	0.0553927174399658	1	-1.27476466205974	1.62502494363629	1	-0.382256647325708	0.146120144424691	1.00124373551172	4758.88240433743	0	1.00124109627341	7011.40674666666	1	NA	NA	NA	NA	NA	NA	NA	NA
484	7	7	benefit_positive_truncnorm	benefit_positive_truncnorm	continuous	1	increasing	benefit	1	1	NA	2.37063669005476	4.92197286232381	700	252	420	700	700	252	477	0.64	0.318571428571429	7.35616957574921	24	24	0	2	1	10	4	1	5000	2500	1	0.99	14	10000	101483	0.7411	0.9999	1.63891151241058	-3.56487017563883	1.69285485524648	6.47060307653996	10.0354732521788	2.3978647805611	1.08217230156359	2.39512800471789	3.67561526524171	2.59344296367812	0.68423936869794	2.43246289824384	-8.41597202736789	2.34061420002401	12.7706458777577	21.1866179051256	0.0876	0.9984	4.45904956374764	1.33883554811003	4.28937866105769	8.55410098538639	7.21526543727636	0	NA	NA	NA	NA	NA	NA	1	-0.731725177644181	0.535421735598408	1	0.0272280905063398	0.000741368912621431	1	-2.48950996407997	6.19765986125347	1	-0.462923298576169	0.214297980364641	1.0010492866959	4517.29219722766	0	1.00111849177298	6741.57723474803	0	NA	NA	NA	NA	NA	NA	NA	NA
481	7	7	benefit_positive_truncnorm	benefit_positive_truncnorm	continuous	1	increasing	benefit	1	1	NA	1.62783988476285	2.80655416373151	700	252	420	700	700	252	502	0.64	0.282857142857143	6.40624252834653	24	24	0	2	1	10	4	1	5000	2500	1	0.99	14	10000	101480	0.5496	0.6669	0.328771188770729	-4.93778347290948	0.314201842927381	5.4592472770146	10.3970307499241	0.289898381575274	-1.02886189806234	0.291483513722876	1.59195576403587	2.62081766209822	0.515686483037329	0.230049434767198	-11.1752838130804	0.19559428754228	11.3085228739896	22.48380668707	0.0597	0.5887	0.259692514172103	-2.38841225563551	0.286206011761497	2.74371729211575	5.13212954775126	0	NA	NA	NA	NA	NA	NA	1	-1.29906869599212	1.68757947690667	0	-1.33794150318758	1.79008746595183	1	-2.57650472896431	6.63837661837545	0	-2.5468616495594	6.48650426199645	1.00182327315845	4257.97231565054	0	1.00143697475343	10207.0753368374	0	NA	NA	NA	NA	NA	NA	NA	NA
482	7	7	benefit_positive_truncnorm	benefit_positive_truncnorm	continuous	1	increasing	benefit	1	1	NA	2.64425315966923	5.32357440547953	700	252	420	700	700	252	484	0.64	0.308571428571429	6.78359797616109	24	24	0	2	1	10	4	1	5000	2500	1	0.99	14	10000	101481	0.5998	0.9773	0.686157150702858	-4.67144123990652	0.720817463497205	5.96598466583838	10.6374259057449	1.37040746363138	0.0265380638941401	1.37331469987475	2.7172751459496	2.69073708205546	0.55296052631579	0.720118591631576	-10.7627392085478	0.694380052725353	11.9684407369292	22.7311799454771	0.088	0.8473	1.76998516585764	-1.26965007758689	1.6545493139812	5.53199413118627	6.80164420877316	0	NA	NA	NA	NA	NA	NA	1	-1.95809600896637	3.83413998033004	1	-1.27384569603785	1.62268285731415	1	-4.60345581384795	21.1918054300505	1	-3.55358923962189	12.6279964839565	1.00188150922888	4144.47790301332	0	1.00147045541884	12244.2023078357	0	NA	NA	NA	NA	NA	NA	NA	NA
471	7	7	benefit_positive_truncnorm	benefit_positive_truncnorm	continuous	1	increasing	benefit	1	1	NA	2.95385430736173	7.13731605356194	700	252	420	700	700	252	441	0.64	0.37	8.19839833293148	24	24	0	2	1	10	4	1	5000	2500	1	0.99	14	10000	101470	0.8499	1	2.49618089263319	-2.24352415919664	2.55997076602493	7.0168077793002	9.26033193849685	3.93462158560785	2.63674363605802	3.93505584548418	5.2076754088925	2.57093177283449	0.774341223760607	3.45332699845833	-6.58335219981659	3.29724360674794	12.736898550999	19.3202507508156	0.1044	1	11.1155252976139	6.31581980666659	11.3231628280295	14.4337587753612	8.11793896869459	0.0957	NA	NA	NA	NA	NA	NA	1	-0.457673414728542	0.209464954549284	1	0.980767278246117	0.961904454078296	1	-3.68398905510361	13.5717753581232	1	3.97820924405196	15.8261487894605	1.00140749134743	4549.99914183935	0	1.00161094306091	6387.64683571434	0	NA	NA	NA	NA	NA	NA	NA	NA
474	7	7	benefit_positive_truncnorm	benefit_positive_truncnorm	continuous	1	increasing	benefit	1	1	NA	1.80397380738949	3.29136224502273	700	252	420	700	700	252	483	0.64	0.31	6.86541408686868	24	24	0	2	1	10	4	1	5000	2500	1	0.99	14	10000	101473	0.7261	0.9997	1.66518620761291	-3.68377643133606	1.66757866831147	6.90497120344461	10.5887476347807	2.34595877391208	1.06858553642769	2.34496003706874	3.61969548420017	2.55110994777248	0.641606478441672	2.08155950948738	-9.18697145584221	1.99380819985407	13.2195232255365	22.4064946813787	0.0862	0.9998	5.13182858760053	2.32460036505444	5.18506605339892	7.63915254159716	5.31455217654272	0	NA	NA	NA	NA	NA	NA	1	-0.138787599776588	0.0192619978517465	1	0.541984966522581	0.293747703936483	1	-1.20980273553535	1.46362265890881	1	1.8404663425778	3.38731635816169	1.00137718529455	4556.91698810374	0	1.00147200869289	6873.95826718866	0	NA	NA	NA	NA	NA	NA	NA	NA
472	7	7	benefit_positive_truncnorm	benefit_positive_truncnorm	continuous	1	increasing	benefit	1	1	NA	2.10522430992498	4.52798545095533	700	252	420	700	700	252	474	0.64	0.322857142857143	5.54233176047147	24	24	0	2	1	10	4	1	5000	2500	1	0.99	14	10000	101471	0.63	1	0.942864893781512	-4.6619934750526	0.985122611669354	6.37193520492493	11.0339286799775	2.8816867823197	1.57495247442617	2.88442658347768	4.17475328245957	2.5998008080334	0.608072505005796	1.47929453070303	-10.1291080108536	1.32881557499087	12.9657959175986	23.0949039284522	0.0511	0.999899949974988	6.18353540090952	2.93639382909392	5.86775491230121	10.2127788108639	7.27638498177002	5e-04	NA	NA	NA	NA	NA	NA	1	-1.16235941614347	1.35107941229738	1	0.776462472394719	0.60289397103732	1	-3.0486909202523	9.29451632722879	1	1.65554994995419	2.74084563679331	1.00250672010649	3929.30221669269	0	1.00187465799263	5807.82547092749	0	NA	NA	NA	NA	NA	NA	NA	NA
496	7	7	benefit_positive_truncnorm	benefit_positive_truncnorm	continuous	1	increasing	benefit	1	1	NA	1.89309963551272	3.60974787644785	700	252	420	700	700	252	483	0.64	0.31	6.71366407927519	24	24	0	2	1	10	4	1	5000	2500	1	0.99	14	10000	101495	0.6061	0.9976	0.732673893968113	-4.42952947288949	0.737581832635673	5.93955122516801	10.3690806980575	1.92486930731858	0.60363588320631	1.92006610752237	3.23797548822027	2.63433960501396	0.570105535214301	0.961425587266743	-10.4053031285415	0.933913158846055	12.0427941616388	22.4480972901803	0.0714	0.9896	3.55181729626231	0.564290467371443	3.42076074860158	7.25310593639075	6.68881546901931	0	NA	NA	NA	NA	NA	NA	1	-1.16042574154461	1.34658790163936	1	0.0317696718058587	0.00100931204665197	1	-2.64832228918111	7.01361094737347	1	-0.0579305801855434	0.00335595212063368	1.00089107342547	4358.31843855495	0	1.00167482293188	11658.0433059007	0	NA	NA	NA	NA	NA	NA	NA	NA
507	7	7	benefit_positive_truncnorm	benefit_positive_truncnorm	continuous	1	increasing	benefit	1	1	NA	2.24485156921166	4.42436555601567	700	252	420	700	700	252	469	0.64	0.33	7.05136576942164	24	24	0	2	1	10	4	1	5000	2500	1	0.99	14	10000	101506	0.7154	0.998	1.44161876581862	-3.60432975236862	1.45487802804987	6.3065454181726	9.91087517054121	1.94641891607966	0.616263566942191	1.94545501362089	3.24556089042839	2.62929732348619	0.68713231361643	2.39102671135664	-8.4741609748942	2.2523923343116	12.83469935888	21.3088603337742	0.0651	0.9877	3.73014416902613	0.518651014312616	3.67640936389637	7.36238908164067	6.84373806732805	0	NA	NA	NA	NA	NA	NA	1	-0.803232803393036	0.645182936446636	1	-0.298432653132003	0.0890620484554067	1	-2.03333884465903	4.13446685719933	1	-0.694221386989534	0.481943334153673	1.00148587226795	4591.38587914454	0	1.00107993285661	6535.7076716602	0	NA	NA	NA	NA	NA	NA	NA	NA
483	7	7	benefit_positive_truncnorm	benefit_positive_truncnorm	continuous	1	increasing	benefit	1	1	NA	2.0389374135709	4.15022588061882	700	252	420	700	700	252	483	0.64	0.31	6.46610239276052	24	24	0	2	1	10	4	1	5000	2500	1	0.99	14	10000	101482	0.6847	0.9993	1.3097330612688	-3.99970783721548	1.34616484862673	6.48049807610493	10.4802059133204	2.043671022941	0.724177572459413	2.04146669747046	3.36799329267812	2.64381572021871	0.635905680600214	1.88893634582223	-9.37620546260937	1.75307890095657	12.6385051925098	22.0147106551192	0.067	0.9943	4.16913779510427	1.09886337664323	4.1990026940968	7.26188472462157	6.16302134797834	0	NA	NA	NA	NA	NA	NA	1	-0.729204352302104	0.531738987416331	1	0.00473360937009515	2.24070576686526e-05	1	-2.26128953479659	5.11343036018059	1	0.0189119144854537	0.000357660509505114	1.0015822630443	4319.0958150179	0	1.00122907806139	6569.67815684363	0	NA	NA	NA	NA	NA	NA	NA	NA
502	7	7	benefit_positive_truncnorm	benefit_positive_truncnorm	continuous	1	increasing	benefit	1	1	NA	2.09357051760917	4.09602141777603	700	252	420	700	700	252	465	0.64	0.335714285714286	7.72881292938445	24	24	0	2	1	10	4	1	5000	2500	1	0.99	14	10000	101501	0.679	0.9996	1.16273271104777	-3.86489946739729	1.21173095995014	6.09168696902583	9.95658643642312	2.33479031134905	1.02764969749149	2.33890286502097	3.62468381266739	2.5970341151759	0.594338571269364	1.26315825298491	-9.79264417348646	1.22838236928896	11.9188199636224	21.7114641371089	0.1027	0.995798739621887	5.00021881232453	1.28150985141061	4.9629498097157	9.56297498316737	8.28146513175676	3e-04	NA	NA	NA	NA	NA	NA	1	-0.9308378065614	0.866459022124039	1	0.241219793739873	0.0581869888919067	1	-2.83286316479112	8.02511371043034	1	0.904197394548502	0.8175729283083	1.00155585529564	4450.31874366287	0	1.00225191568078	8763.99564247169	0	NA	NA	NA	NA	NA	NA	NA	NA
498	7	7	benefit_positive_truncnorm	benefit_positive_truncnorm	continuous	1	increasing	benefit	1	1	NA	2.13343528790513	4.1953184037378	700	252	420	700	700	252	477	0.64	0.318571428571429	7.39751262680056	24	24	0	2	1	10	4	1	5000	2500	1	0.99	14	10000	101497	0.6287	0.9796	0.826637382695641	-4.14472859731614	0.857789572705348	5.67539598782376	9.8201245851399	1.37502398117167	0.0711410520409431	1.37454744329401	2.6888667845179	2.61772573247696	0.586079390973355	1.1469964296276	-9.61296522841154	1.06321773414931	11.5613040369377	21.1742692653493	0.0805	0.9531	2.57238801828512	-0.478645917650779	2.5359497801538	5.80145919219075	6.28010510984153	0	NA	NA	NA	NA	NA	NA	1	-1.30679790520949	1.70772076505991	1	-0.758411306733461	0.575187710181157	1	-3.04832197411021	9.29226685784314	1	-1.62293038545269	2.63390303602561	1.00151649641725	4604.47837860983	0	1.00114408421784	12397.3281048997	0	NA	NA	NA	NA	NA	NA	NA	NA
485	7	7	benefit_positive_truncnorm	benefit_positive_truncnorm	continuous	1	increasing	benefit	1	1	NA	2.05944267588761	4.08103321633131	700	252	420	700	700	252	481	0.64	0.312857142857143	6.85061649391614	24	24	0	2	1	10	4	1	5000	2500	1	0.99	14	10000	101484	0.7129	0.9996	1.55739589335797	-3.85892462007253	1.6021135330334	6.90414989969134	10.7630745197639	2.47212309584408	1.13171942969993	2.47967560127735	3.78631227746845	2.65459284776852	0.645949187656744	1.99587484888667	-9.51021724081907	1.94331348716499	13.0022240502008	22.5124412910199	0.0829	0.9978	5.61768201005588	1.86099472084404	5.49557390096813	9.76281426986767	7.90181954902363	0	NA	NA	NA	NA	NA	NA	1	-0.502046782529644	0.252050971848368	1	0.412680419956469	0.170305129015448	1	-2.08515836744464	4.34788541732439	1	1.53664879372457	2.36128951525518	1.00217216185719	4337.1361816174	0	1.00169385563739	11953.8037232747	0	NA	NA	NA	NA	NA	NA	NA	NA
495	7	7	benefit_positive_truncnorm	benefit_positive_truncnorm	continuous	1	increasing	benefit	1	1	NA	1.28029885098289	2.20711312346443	700	252	420	700	700	252	504	0.64	0.28	6.35333153844711	24	24	0	2	1	10	4	1	5000	2500	1	0.99	14	10000	101494	0.5501	0.9876	0.309259409991606	-4.89472147039095	0.346820825886258	5.41237485812878	10.3070963285197	1.50119030993584	0.198954848152277	1.49415954529131	2.8018466146677	2.60289176651542	0.539572931052799	0.61144756453104	-10.4426169838112	0.469710449381004	11.6878117451409	22.1304287289521	0.0587	0.9812	2.75112060902373	0.177990802675802	2.74915944507346	5.41174765569964	5.23375685302384	0	NA	NA	NA	NA	NA	NA	1	-0.971039440991284	0.942917595960665	1	0.220891458952954	0.0487930366383647	1	-1.59566555893339	2.54614857596621	1	0.544007485559297	0.295944144344549	1.00164695133054	4320.04378004911	0	1.00173224227286	11217.6971687156	0	NA	NA	NA	NA	NA	NA	NA	NA
501	7	7	benefit_positive_truncnorm	benefit_positive_truncnorm	continuous	1	increasing	benefit	1	1	NA	2.23649394415904	4.38283598536512	700	252	420	700	700	252	468	0.64	0.331428571428571	7.22972953112067	24	24	0	2	1	10	4	1	5000	2500	1	0.99	14	10000	101500	0.7299	1	1.52103646177486	-3.40830891155688	1.56495736911328	6.197865958099	9.60617486965588	2.74871518154538	1.46928650600643	2.75145688462318	4.00658436100066	2.53729785499423	0.717450320338799	2.76015117274426	-7.78061353038085	2.61853920869424	12.9843787776798	20.7649923080606	0.0791	1	6.10185411930865	3.11756402681385	5.86642369472393	9.67422320514349	6.55665917832964	3e-04	NA	NA	NA	NA	NA	NA	1	-0.715457482384186	0.511879409099518	1	0.51222123738634	0.262370596029593	1	-1.62268481262085	2.63310600111038	1	1.71901813394353	2.95502334482671	1.00174676105329	4178.66880305687	0	1.00128914758916	7074.52496559023	0	NA	NA	NA	NA	NA	NA	NA	NA
505	7	7	benefit_positive_truncnorm	benefit_positive_truncnorm	continuous	1	increasing	benefit	1	1	NA	1.35570330198305	2.64473360308305	700	252	420	700	700	252	469	0.64	0.33	7.81559047583336	24	24	0	2	1	10	4	1	5000	2500	1	0.99	14	10000	101504	0.7079	0.9999	1.38675340845294	-3.68275323765041	1.42951207244213	6.34889356030321	10.0316467979536	2.36357700174656	1.02675296526758	2.35420205592132	3.68138401239682	2.65463104712924	0.613047363717605	1.50934229285141	-9.41038571560626	1.46581767296307	11.8657714821793	21.2761571977856	0.1048	0.9948	5.33608579470484	1.1598036948286	5.3358509022973	9.5410336242148	8.3812299293862	0	NA	NA	NA	NA	NA	NA	1	0.0310501064698896	0.00096410911179148	1	1.00787369976351	1.01580939467498	1	-1.13539131023164	1.28911342734951	1	2.69135219162179	7.24337661934743	1.00101560693293	4750.60708945418	0	1.00183322243428	11469.4688834777	0	NA	NA	NA	NA	NA	NA	NA	NA
476	7	7	benefit_positive_truncnorm	benefit_positive_truncnorm	continuous	1	increasing	benefit	1	1	NA	2.76452613387724	6.04822340155113	700	252	420	700	700	252	464	0.64	0.337142857142857	7.04397894838765	24	24	0	2	1	10	4	1	5000	2500	1	0.99	14	10000	101475	0.8491	0.9998	2.64674632979689	-2.51176525289099	2.74592087740442	7.23932590416289	9.75109115705388	2.49609642130847	1.1602354794804	2.49541518199912	3.82867020525211	2.66843472577171	0.883135444151275	5.19384136246989	-4.81544980961442	4.97294198093025	14.6988301085329	19.5142799181473	0.0904	0.995397698849425	5.29965255850483	1.23473767391003	5.0660556459618	10.5303198747738	9.29558220086381	5e-04	NA	NA	NA	NA	NA	NA	1	-0.117779804080349	0.0138720822492053	1	-0.268429712568768	0.0720545105897515	1	-0.854382039081234	0.729968668704607	1	-0.748570843046302	0.560358307059051	1.00159350986437	3991.79896686417	0	1.00141175585838	10101.2909107915	0	NA	NA	NA	NA	NA	NA	NA	NA
479	7	7	benefit_positive_truncnorm	benefit_positive_truncnorm	continuous	1	increasing	benefit	1	1	NA	2.22067766489478	4.41919815517554	700	252	420	700	700	252	475	0.64	0.321428571428571	6.30678137293837	24	24	0	2	1	10	4	1	5000	2500	1	0.99	14	10000	101478	0.6629	0.9998	1.1103339583155	-4.06042773809612	1.15145596733695	6.14515207202221	10.2055798101183	2.58411161094652	1.2732063021709	2.58007543752968	3.87531040053618	2.60210409836528	0.621315677061085	1.69286671737712	-9.68689960752817	1.56901140647655	12.7655172645242	22.4524168720524	0.0636	0.9984	5.43694025619268	1.95591537868877	5.34597087838144	9.42375304339047	7.46783766470169	0	NA	NA	NA	NA	NA	NA	1	-1.11034370657928	1.23286314674022	1	0.363433946051739	0.132084233142739	1	-2.72633143779842	7.432883108728	1	1.01774210101714	1.03579898418278	1.00117091400701	4324.5399299432	0	1.00148821565662	11469.5808552013	0	NA	NA	NA	NA	NA	NA	NA	NA
508	7	7	benefit_positive_truncnorm	benefit_positive_truncnorm	continuous	1	increasing	benefit	1	1	NA	2.7139401190104	5.9211287896861	700	252	420	700	700	252	463	0.64	0.338571428571429	6.51214487770517	24	24	0	2	1	10	4	1	5000	2500	1	0.99	14	10000	101507	0.6342	1	0.966234544574482	-4.42194995889948	0.970467739667104	6.31574412452725	10.7376940834267	2.88097606432495	1.53544663991561	2.87870475384435	4.23508171862966	2.69963507871406	0.566749006551391	0.918887866007404	-10.6088132492229	0.870732433912526	12.0227293585549	22.6315426077778	0.0689	1	7.8442709379738	3.58742979183071	7.77307051759188	12.2753803367396	8.68795054490888	3e-04	NA	NA	NA	NA	NA	NA	1	-1.74770557443592	3.05447477491437	1	0.167035945314551	0.0279010070271258	1	-5.0022409236787	25.0224142585259	1	1.92314214828769	3.69847572252061	1.00149718946238	4465.61202814973	0	1.00159395127766	7203.93402663643	0	NA	NA	NA	NA	NA	NA	NA	NA
480	7	7	benefit_positive_truncnorm	benefit_positive_truncnorm	continuous	1	increasing	benefit	1	1	NA	1.96654934012841	3.72709607986244	700	252	420	700	700	252	488	0.64	0.302857142857143	7.02747767113456	24	24	0	2	1	10	4	1	5000	2500	1	0.99	14	10000	101479	0.7829	0.996	2.01360664231503	-3.0904061535284	2.09473395747365	6.65998907363421	9.75039522716261	1.75630976519815	0.427149580835532	1.75389932691185	3.06432978786956	2.63718020703403	0.846254071661238	4.4734827379314	-6.05386037700906	4.2531931712492	14.2882534729167	20.3421138499257	0.079	0.9768	3.00121812571926	0.0594301782940421	2.66191953570448	7.13672345132053	7.07729327302649	0	NA	NA	NA	NA	NA	NA	1	0.047057302186627	0.00221438968908353	1	-0.210239574930253	0.0442006788668536	1	0.746386658068967	0.557093043343361	1	-0.725877954143177	0.526898804311084	1.00124990663899	4667.85560568587	0	1.00155259436119	11442.0144968324	0	NA	NA	NA	NA	NA	NA	NA	NA
526	7	7	benefit_positive_truncnorm	benefit_positive_truncnorm	continuous	1	increasing	benefit	1	1	NA	1.74188230063578	3.02849800581337	700	252	420	700	700	252	464	0.64	0.337142857142857	7.73470975720044	24	24	0	2	1	10	4	1	5000	2500	1	0.99	14	10000	101525	0.6381	0.9971	0.910296476632157	-4.12777342977134	0.902919934626274	5.9101809526994	10.0379543824707	1.85843601924479	0.575809231030178	1.8480087124533	3.17861265989944	2.60280342886926	0.581745235707121	1.06542848778137	-9.76743898939762	1.01974878085165	11.6191397548137	21.3865787442113	0.1027	0.9903	3.59688839195519	0.449283503061896	3.40342905677275	7.75320839462516	7.30392489156327	0	NA	NA	NA	NA	NA	NA	1	-0.831585824003625	0.691534982683787	1	0.116553718609008	0.0135847693215878	1	-1.963069518032	3.8536419326264	1	0.568390386141819	0.323067631058446	1.00120304835179	4260.66718726863	0	1.00233480700803	11569.7904636583	0	NA	NA	NA	NA	NA	NA	NA	NA
494	7	7	benefit_positive_truncnorm	benefit_positive_truncnorm	continuous	1	increasing	benefit	1	1	NA	1.65446562662668	2.83756066654062	700	252	420	700	700	252	479	0.64	0.315714285714286	6.30686714003008	24	24	0	2	1	10	4	1	5000	2500	1	0.99	14	10000	101493	0.522	0.8969	0.149110500653101	-5.00043041570475	0.130092435959889	5.35913848901867	10.3595689047234	0.863941837165167	-0.431472544512517	0.864804591100144	2.174661550941	2.60613409545351	0.481650403054731	-0.251726385154536	-11.4680332088943	-0.226422531270571	10.8872545008787	22.355287709773	0.0572	0.7893	1.32849977263388	-2.12121577597875	1.38553967969283	4.41804799478583	6.53926377076458	0	NA	NA	NA	NA	NA	NA	1	-1.50535512597358	2.26609405529494	1	-0.790523789461518	0.624927861704598	1	-3.08928705169515	9.54369448777134	1	-1.50906089390674	2.2772647815186	1.00166787816296	4673.71555126871	0	1.00153959815422	13490.9136627031	0	NA	NA	NA	NA	NA	NA	NA	NA
516	7	7	benefit_positive_truncnorm	benefit_positive_truncnorm	continuous	1	increasing	benefit	1	1	NA	2.77086627743149	5.65406700032029	700	252	420	700	700	252	487	0.64	0.304285714285714	7.67352831608535	24	24	0	2	1	10	4	1	5000	2500	1	0.99	14	10000	101515	0.7411	0.9999	1.68896822813389	-3.46018730246095	1.72085416909789	6.64274507964125	10.1029323821022	2.6186427515779	1.34139153150238	2.62305393895648	3.86084324805913	2.51945171655675	0.637381085618355	1.8117199879831	-9.31210864005116	1.7055922847521	12.2176687719979	21.529777412049	0.1065	0.9859	4.24074623664339	0.467869841410348	4.20759663516686	8.47752340214309	8.00965356073274	0	NA	NA	NA	NA	NA	NA	1	-1.0818980492976	1.17050338907396	1	-0.15222352585359	0.0231720018232987	1	-3.84234701233719	14.7636305632165	1	-1.4133207636769	1.99747558104027	1.00142041363118	4312.91819865797	0	1.00154918488955	10955.2181646135	0	NA	NA	NA	NA	NA	NA	NA	NA
493	7	7	benefit_positive_truncnorm	benefit_positive_truncnorm	continuous	1	increasing	benefit	1	1	NA	1.99815549265896	3.91962160911379	700	252	420	700	700	252	481	0.64	0.312857142857143	6.25135042869163	24	24	0	2	1	10	4	1	5000	2500	1	0.99	14	10000	101492	0.5821	0.9877	0.551423473717088	-4.59112412215558	0.55178559674669	5.66601038667575	10.2571345088313	1.54102447672432	0.211728170295304	1.54165913033185	2.85549325387464	2.64376508357934	0.536575052854123	0.506243493537306	-10.4377790906935	0.422988518947716	11.5780486407842	22.0158277314777	0.054	0.9635	2.4632434092419	-0.249488020979758	2.37098561326202	5.78881216759548	6.03830018857524	0	NA	NA	NA	NA	NA	NA	1	-1.44673201894187	2.09303353463163	1	-0.457131015934641	0.208968765729437	1	-3.41337811557649	11.6511501598965	1	-1.4563781998719	2.12103746106211	1.00134597217227	4870.09266071169	0	1.00226385223011	10122.6681871084	0	NA	NA	NA	NA	NA	NA	NA	NA
491	7	7	benefit_positive_truncnorm	benefit_positive_truncnorm	continuous	1	increasing	benefit	1	1	NA	1.52559880418153	2.97064204889355	700	252	420	700	700	252	505	0.64	0.278571428571429	6.06574214657333	24	24	0	2	1	10	4	1	5000	2500	1	0.99	14	10000	101490	0.4596	0.9619	-0.263652151388352	-5.28452917717506	-0.305772582705504	4.8693124226877	10.1538415998628	1.2059787165027	-0.100128598703268	1.20164338015943	2.50099956188379	2.60112816058706	0.36565445026178	-1.63433675788443	-12.3918475662608	-1.56747723173348	9.51184061084167	21.9036881771025	0.045	0.8938	1.56768206633292	-0.966914610343316	1.58241027740137	4.18606517687958	5.15297978722289	0	NA	NA	NA	NA	NA	NA	1	-1.78925095556989	3.20141898200775	1	-0.319620087678833	0.102157000447825	1	-4.60497880677798	21.2058298108744	1	-1.40295998256063	1.96829671266654	1.00133670290231	4037.25975536633	0	1.00178058965259	10851.3516016228	0	NA	NA	NA	NA	NA	NA	NA	NA
514	7	7	benefit_positive_truncnorm	benefit_positive_truncnorm	continuous	1	increasing	benefit	1	1	NA	1.51373720109124	2.67250711730375	700	252	420	700	700	252	479	0.64	0.315714285714286	6.88841883225494	24	24	0	2	1	10	4	1	5000	2500	1	0.99	14	10000	101513	0.5944	0.9966	0.630331976683963	-4.75845030241299	0.658075863350133	5.89468364855839	10.6531339509714	1.79239475914326	0.474947109413608	1.78972473435207	3.09294164347977	2.61799453406616	0.561732456140351	0.869049697027575	-10.5638727629282	0.791799934581063	12.1078265643381	22.6716993272663	0.088	0.9978	4.41051750012778	1.37467838204359	4.40608742423747	7.64489733289908	6.27021895085548	0	NA	NA	NA	NA	NA	NA	1	-0.883405224407274	0.780404790510066	1	0.278657558052026	0.0776500346595182	1	-1.80345742027618	3.2524586667492	1	1.73801038282403	3.02068009080413	1.00200572570961	4038.59728752586	0	1.00143888321796	8816.9117726321	0	NA	NA	NA	NA	NA	NA	NA	NA
513	7	7	benefit_positive_truncnorm	benefit_positive_truncnorm	continuous	1	increasing	benefit	1	1	NA	2.3896384247582	4.71017096377891	700	252	420	700	700	252	495	0.64	0.292857142857143	7.04580034807334	24	24	0	2	1	10	4	1	5000	2500	1	0.99	14	10000	101512	0.7305	1	1.55293210838865	-3.64917030321995	1.63646990312266	6.38646795468063	10.0356382579006	2.60875870871109	1.33393024229592	2.60503465139785	3.89299145738768	2.55906121509176	0.711869954178486	2.78192161728198	-8.66905630849202	2.66644109443158	13.1905764401945	21.8596327486865	0.0834	0.9999	5.69658853679925	3.07233575334094	5.75871340812468	7.92028996387985	4.84795421053891	0	NA	NA	NA	NA	NA	NA	1	-0.836706316369547	0.700077459852697	1	0.219120283952893	0.0480136988395964	1	-1.92824934649693	3.71814554226582	1	0.986417573020344	0.973019628363346	1.001111291033	4314.20399011358	0	1.00190004072066	10683.9531436028	0	NA	NA	NA	NA	NA	NA	NA	NA
511	7	7	benefit_positive_truncnorm	benefit_positive_truncnorm	continuous	1	increasing	benefit	1	1	NA	2.36896412983825	4.86109277284409	700	252	420	700	700	252	487	0.64	0.304285714285714	7.40301244134289	24	24	0	2	1	10	4	1	5000	2500	1	0.99	14	10000	101510	0.7807	1	2.07599051033488	-3.12786309627957	2.15368834331222	6.90819161218949	10.0360547084691	3.26258469237363	1.96196869893505	3.26676467844156	4.52150532751757	2.55953662858253	0.679707700955593	2.48348592159385	-8.47124090551676	2.48638150737323	12.9148440941788	21.3860849996956	0.1105	1	6.69725060161048	3.49087994260657	6.74371621124279	9.96442650513768	6.47354656253112	0	NA	NA	NA	NA	NA	NA	1	-0.292973619503369	0.0858335417249051	1	0.893620562535383	0.798557709786054	1	-2.37760685125024	5.6530143391121	1	1.83615782876638	3.37147557214008	1.00254992943537	4526.16071631111	0	1.00199540313481	10026.4440783942	0	NA	NA	NA	NA	NA	NA	NA	NA
510	7	7	benefit_positive_truncnorm	benefit_positive_truncnorm	continuous	1	increasing	benefit	1	1	NA	1.98919824161905	3.65627097869421	700	252	420	700	700	252	475	0.64	0.321428571428571	6.42693308222044	24	24	0	2	1	10	4	1	5000	2500	1	0.99	14	10000	101509	0.7088	0.9991	1.47610461788687	-3.77590155784153	1.51721458931838	6.63858560559855	10.4144871634401	2.18206293565579	0.855820265510922	2.18771125940664	3.47597347464051	2.62015320912959	0.640454299621417	1.8960486174233	-9.3664836305767	1.80780245643134	12.606905659992	21.9733892905687	0.0755	0.9737	3.34380820554486	-0.0230998754948315	3.18713434787523	7.81580701451124	7.83890689000607	0	NA	NA	NA	NA	NA	NA	1	-0.513093623732184	0.263265066714624	1	0.192864694036738	0.0371967902058847	1	-1.76022236127091	3.09838276111814	1	-0.312462773149351	0.0976329846041826	1.00156764972513	3968.83026502578	0	1.00126344782347	6326.16362406887	0	NA	NA	NA	NA	NA	NA	NA	NA
492	7	7	benefit_positive_truncnorm	benefit_positive_truncnorm	continuous	1	increasing	benefit	1	1	NA	1.85325837230629	3.34597832056838	700	252	420	700	700	252	486	0.64	0.305714285714286	6.6159555963281	24	24	0	2	1	10	4	1	5000	2500	1	0.99	14	10000	101491	0.6062	0.9923	0.772669610042227	-4.72494169506669	0.76180315430131	6.11458618563457	10.8395278807013	1.60044146964026	0.304543435151427	1.60245564476848	2.88906137084494	2.58451793569351	0.573931855056787	1.0619663348448	-10.456877188696	0.946474875564671	12.3004829169884	22.7573601056844	0.0755	0.9595	2.80312965805348	-0.349029801092717	2.70274709014531	6.41001204840815	6.75904184950086	0	NA	NA	NA	NA	NA	NA	1	-1.08058876226406	1.16767207313138	1	-0.252816902666029	0.0639163862736446	1	-2.28401198572359	5.21671075092901	1	-0.542848662514906	0.294684670394222	1.00260493127919	4448.44523174637	0	1.00138665991802	13496.9968275229	0	NA	NA	NA	NA	NA	NA	NA	NA
499	7	7	benefit_positive_truncnorm	benefit_positive_truncnorm	continuous	1	increasing	benefit	1	1	NA	2.20734677642238	4.28555987363012	700	252	420	700	700	252	489	0.64	0.301428571428571	6.63582094239973	24	24	0	2	1	10	4	1	5000	2500	1	0.99	14	10000	101498	0.5037	0.7934	0.0173839813414968	-5.20208859339084	0.0298760357157954	5.30522109906026	10.5073096924511	0.547770923427517	-0.755301471212148	0.545659563631728	1.86306839222665	2.6183698634388	0.50235646958012	0.0877480796613127	-10.9259336181811	0.0241682473499747	11.3768298408285	22.3027634590096	0.0664	0.5457	0.332608101715942	-2.80619463870557	0.224193176218537	4.12108520841502	6.92727984712059	0	NA	NA	NA	NA	NA	NA	1	-2.18996279508089	4.79593704383848	0	-1.65957585299486	2.75419201184363	1	-4.1978117939688	17.6216238575836	0	-3.95295177191417	15.6258277110794	1.00141964760234	4594.15847910537	0	1.00192789478414	6858.30360045446	1	NA	NA	NA	NA	NA	NA	NA	NA
512	7	7	benefit_positive_truncnorm	benefit_positive_truncnorm	continuous	1	increasing	benefit	1	1	NA	2.18949433833013	4.75642381770594	700	252	420	700	700	252	491	0.64	0.298571428571429	7.14736996644455	24	24	0	2	1	10	4	1	5000	2500	1	0.99	14	10000	101511	0.6484	0.9833	0.960603279522738	-4.02614210031028	1.01264437901234	5.75374730731031	9.77988940762059	1.41478243151029	0.129770534775046	1.41833594277526	2.66557759564493	2.53580706086989	0.604646113764655	1.37632024561577	-9.33998760876399	1.28676524403041	12.0780446469788	21.4180322557428	0.0788	0.9799	2.88638255830332	0.173675804064591	2.93690935104736	5.29240408275953	5.11872827869494	0	NA	NA	NA	NA	NA	NA	1	-1.22889105880739	1.51017323441676	1	-0.774711906819844	0.600178538568439	1	-3.38010357209017	11.4251001580567	1	-1.87004125940262	3.49705431186813	1.00125152314921	4311.02806062315	0	1.00206009777482	12835.9537110676	0	NA	NA	NA	NA	NA	NA	NA	NA
473	7	7	benefit_positive_truncnorm	benefit_positive_truncnorm	continuous	1	increasing	benefit	1	1	NA	3.20558393395565	7.54652272650209	700	252	420	700	700	252	435	0.64	0.378571428571429	8.67793381059251	24	24	0	2	1	10	4	1	5000	2500	1	0.99	14	10000	101472	0.7474	1	1.57844927537529	-3.3827603616417	1.62033688550593	6.16948235299737	9.55224271463907	2.72180296994762	1.47487591386787	2.71527318212635	3.98484526264492	2.50996934877705	0.632145336727609	1.65484673087501	-8.81132349454976	1.62808471077391	11.5400084277395	20.3513319222892	0.1358	0.999890782000874	8.16902174495735	3.25518495671583	8.56298961246361	12.3335181828196	9.07833322610379	0.0844	NA	NA	NA	NA	NA	NA	1	-1.62713465858036	2.64756719715342	1	-0.483780964008031	0.23404402113654	1	-5.89167599562708	34.7118460374484	1	0.622499018455265	0.387505027977769	1.0012392154167	4762.52072015369	0	1.00150422261762	9989.29275881115	0	NA	NA	NA	NA	NA	NA	NA	NA
489	7	7	benefit_positive_truncnorm	benefit_positive_truncnorm	continuous	1	increasing	benefit	1	1	NA	1.86901609739415	3.62062110855934	700	252	420	700	700	252	482	0.64	0.311428571428571	6.46749549451992	24	24	0	2	1	10	4	1	5000	2500	1	0.99	14	10000	101488	0.549	0.937	0.356968732115462	-5.01297986825408	0.361669859853705	5.66659048834688	10.679570356601	1.02452502883006	-0.263592534400002	1.01471220898665	2.32319470020857	2.58678723460858	0.525863919295986	0.400907381649954	-10.7938706344882	0.355970135244557	11.600995756414	22.3948663909022	0.0682	0.8357	1.42140218626315	-1.35918390915742	1.34830164721181	4.65375824420695	6.01294215336437	0	NA	NA	NA	NA	NA	NA	1	-1.51204736527869	2.28628723484623	1	-0.844491068564091	0.71316516488452	1	-3.21971372690938	10.3665564832487	1	-2.19921892229619	4.83656386818561	1.00144212597617	3685.65893282262	0	1.00176440804271	6980.37301068458	0	NA	NA	NA	NA	NA	NA	NA	NA
509	7	7	benefit_positive_truncnorm	benefit_positive_truncnorm	continuous	1	increasing	benefit	1	1	NA	1.79720027441327	3.81136569813247	700	252	420	700	700	252	474	0.64	0.322857142857143	7.46269779454572	24	24	0	2	1	10	4	1	5000	2500	1	0.99	14	10000	101508	0.7312	0.9999	1.60796134188246	-3.36935371979024	1.66154887460279	6.55714787214101	9.92650159193125	2.59131924124072	1.27869888852147	2.59608987091124	3.89819673471111	2.61949784618964	0.637684349548756	1.87800085429711	-8.89393402078072	1.70607519220658	12.3178121327978	21.2117461535785	0.0914	0.9985	5.2743017243535	2.16953635432405	5.06417386200106	9.08452088759566	6.91498453327162	0	NA	NA	NA	NA	NA	NA	1	-0.189238932530807	0.0358113735853994	1	0.79411896682745	0.630624933475096	1	-1.93336484383537	3.73789961937855	1	1.46293602622102	2.14018181681536	1.00111287224974	4376.24568037984	0	1.00184220902312	10924.9195695031	0	NA	NA	NA	NA	NA	NA	NA	NA
506	7	7	benefit_positive_truncnorm	benefit_positive_truncnorm	continuous	1	increasing	benefit	1	1	NA	1.80196653840131	3.17906166256985	700	252	420	700	700	252	480	0.64	0.314285714285714	7.9823474723878	24	24	0	2	1	10	4	1	5000	2500	1	0.99	14	10000	101505	0.5404	0.7242	0.262423279220264	-4.81452830331115	0.243137640645739	5.31603365249397	10.1305619558051	0.391159147564604	-0.886896198493711	0.394450742967952	1.66129329527045	2.54818949376416	0.519892713455521	0.252034540230958	-10.5514465360154	0.230025215611119	11.1433011677911	21.6947477038065	0.1052	0.628	0.484596297450995	-2.52335327423136	0.494385245500261	3.37519637545432	5.89854964968568	0	NA	NA	NA	NA	NA	NA	1	-1.53954325918105	2.37019344688981	0	-1.41080739083671	1.99037749403948	1	-2.92702712233889	8.56748777490751	1	-2.69446536511886	7.2601436038251	1.00116566104052	3937.83123807403	0	1.00139313104127	10594.6252683681	0	NA	NA	NA	NA	NA	NA	NA	NA
517	7	7	benefit_positive_truncnorm	benefit_positive_truncnorm	continuous	1	increasing	benefit	1	1	NA	1.95402733070172	3.70564433441514	700	252	420	700	700	252	471	0.64	0.327142857142857	6.55194273070018	24	24	0	2	1	10	4	1	5000	2500	1	0.99	14	10000	101516	0.6364	0.9886	0.908434115458393	-4.61184774954737	0.944190907146936	6.20021537840559	10.812063127953	1.54422242949789	0.202338892305928	1.5473278287428	2.86438075732376	2.66204186501783	0.604818758739378	1.45598937242433	-9.73907659270485	1.40539756948221	12.460739530743	22.1998161234478	0.0703	0.9779	3.25543515371364	0.0876167870669034	3.14688284515006	7.08116015630067	6.99354336923377	0	NA	NA	NA	NA	NA	NA	1	-1.04559321524332	1.09326517176287	1	-0.409804901203823	0.167940057050675	1	-2.24965496199081	5.06094744800988	1	-0.450209180701503	0.202688306387918	1.00089482109551	4470.69194280362	0	1.00182556745823	11413.9555058292	0	NA	NA	NA	NA	NA	NA	NA	NA
519	7	7	benefit_positive_truncnorm	benefit_positive_truncnorm	continuous	1	increasing	benefit	1	1	NA	1.55899471517418	3.11728719540914	700	252	420	700	700	252	484	0.64	0.308571428571429	7.24146332709114	24	24	0	2	1	10	4	1	5000	2500	1	0.99	14	10000	101518	0.6796	0.9989	1.12562260343205	-3.77151037339693	1.16992951705887	5.92898694908144	9.70049732247838	2.0765444044142	0.785272255949571	2.07409378450219	3.37055897632753	2.58528672037796	0.626342318650011	1.56685237142284	-9.7655150477123	1.55991149994469	12.0018858821096	21.7674009298219	0.0874	0.999	4.89310612261295	1.88438592679902	4.8906264738054	7.95621002622999	6.07182409943097	0	NA	NA	NA	NA	NA	NA	1	-0.433372111742131	0.187811387235834	1	0.517549689240022	0.267857680832443	1	-1.5504348239863	2.40384814342942	1	1.77581892720381	3.15353286221528	1.00134772833912	4885.04472987046	0	1.00267842893718	10039.600901335	0	NA	NA	NA	NA	NA	NA	NA	NA
521	7	7	benefit_positive_truncnorm	benefit_positive_truncnorm	continuous	1	increasing	benefit	1	1	NA	2.57094151622433	5.29069372595124	700	252	420	700	700	252	459	0.64	0.344285714285714	7.35135517132502	24	24	0	2	1	10	4	1	5000	2500	1	0.99	14	10000	101520	0.6933	0.9998	1.26211392209532	-3.6254212413733	1.3006185794741	6.05939567240919	9.68481691378248	2.32708200578552	1.06173579867878	2.33048798803968	3.6377942670427	2.57605846836392	0.618758141554494	1.49798181407893	-9.46660755839067	1.39569010850987	11.9410655647294	21.4076731231201	0.0788	0.9962	5.28865392580991	1.3250423794359	5.37583689949895	9.00295201876736	7.67790963933147	0	NA	NA	NA	NA	NA	NA	1	-1.30882759412901	1.71302967115353	1	-0.243859510438802	0.0594674608314524	1	-3.7927119118723	14.3846636464581	1	-0.00203980014132377	4.16078461654446e-06	1.00124353123825	4181.01147352175	0	1.00147877005966	8615.05780114422	0	NA	NA	NA	NA	NA	NA	NA	NA
520	7	7	benefit_positive_truncnorm	benefit_positive_truncnorm	continuous	1	increasing	benefit	1	1	NA	1.82993406668162	3.23006685614117	700	252	420	700	700	252	473	0.64	0.324285714285714	7.69454212739062	24	24	0	2	1	10	4	1	5000	2500	1	0.99	14	10000	101519	0.7199	0.9996	1.46204224955612	-3.64420648500275	1.50892066977044	6.36095248418652	10.0051589691893	2.12555800947166	0.831862264625171	2.12825112635721	3.40336749885167	2.5715052342265	0.635257686352577	1.828734785227	-9.12995308487213	1.76697889016282	12.2198330064408	21.349786091313	0.0958	0.9977	3.37408971879995	0.964100189108429	3.2889623348021	6.34145119291976	5.37735100381134	0	NA	NA	NA	NA	NA	NA	1	-0.367891817125498	0.135344389107901	1	0.295623942790039	0.0873935155507282	1	-1.40133207091418	1.96373157297261	1	0.144022862658778	0.0207425849684292	1.00099629836061	4614.92667187487	0	1.00136501358002	10307.086760769	0	NA	NA	NA	NA	NA	NA	NA	NA
531	7	7	benefit_positive_truncnorm	benefit_positive_truncnorm	continuous	1	increasing	benefit	1	1	NA	1.72225059865341	3.30789494912035	700	252	420	700	700	252	484	0.64	0.308571428571429	7.11944337186877	24	24	0	2	1	10	4	1	5000	2500	1	0.99	14	10000	101530	0.6348	0.9617	0.873503198647244	-4.07670712994905	0.916755258164152	5.7207033034712	9.79741043342025	1.17231753441009	-0.130973034722478	1.17256259070605	2.48613012941118	2.61710316413366	0.615308696128962	1.54130922380845	-9.47839194839593	1.47235072764641	12.0014441982254	21.4798361466213	0.0881	0.9612	2.6351121125477	-0.289771843974754	2.60768905292123	5.7991591329202	6.08893097689495	0	NA	NA	NA	NA	NA	NA	1	-0.848747400006162	0.72037214901722	1	-0.549933064243316	0.302426375148043	1	-1.76658572531189	3.12082512487575	1	-0.672782836572649	0.452636745186739	1.00154147058046	4584.29069173975	0	1.00183605965415	9725.05547052248	0	NA	NA	NA	NA	NA	NA	NA	NA
518	7	7	benefit_positive_truncnorm	benefit_positive_truncnorm	continuous	1	increasing	benefit	1	1	NA	2.51566232987296	5.37962713998836	700	252	420	700	700	252	486	0.64	0.305714285714286	7.23009540250296	24	24	0	2	1	10	4	1	5000	2500	1	0.99	14	10000	101517	0.7177	1	1.44139399794717	-3.49779829171627	1.43605355619074	6.25936629202249	9.75716458373876	2.66716080012516	1.35470690594402	2.67120922296457	3.95868394058455	2.60397703464052	0.658238789843328	2.07216665032317	-8.24922794876866	1.86653054388419	12.3215329509579	20.5707608997266	0.0745	0.9997	5.32527156220146	2.6563512426711	5.25507119138736	8.37010139266396	5.71375014999286	0	NA	NA	NA	NA	NA	NA	1	-1.07426833192579	1.15405244897862	1	0.151498470252204	0.0229517864887581	1	-3.30746048966519	10.9392948906963	1	-0.0543555777869038	0.00295452883654815	1.00111409912965	4237.17594184359	0	1.00158095926095	6320.66427380021	0	NA	NA	NA	NA	NA	NA	NA	NA
530	7	7	benefit_positive_truncnorm	benefit_positive_truncnorm	continuous	1	increasing	benefit	1	1	NA	1.94659727158794	4.20450799208275	700	252	420	700	700	252	490	0.64	0.3	5.88732678751972	24	24	0	2	1	10	4	1	5000	2500	1	0.99	14	10000	101529	0.566	0.9994	0.517593915365598	-5.08720954491508	0.484094433121738	6.26218140267365	11.3493909475887	2.10837921972822	0.788418327100996	2.1123134220156	3.41320814146568	2.62478981436469	0.546864968970683	0.743988086735148	-11.1360760447622	0.704884826781685	12.4714890298706	23.6075650746329	0.0654	0.9959	4.00556883842534	0.880773249622712	3.71361878674487	8.12161653213043	7.24084328250772	0	NA	NA	NA	NA	NA	NA	1	-1.42900335622234	2.04205059209471	1	0.16178194814028	0.0261733987440644	1	-3.4605199053476	11.975198015307	1	-0.198939153657404	0.0395767868579243	1.00110856647132	4476.89926339742	0	1.00142334888306	11238.6133883911	0	NA	NA	NA	NA	NA	NA	NA	NA
515	7	7	benefit_positive_truncnorm	benefit_positive_truncnorm	continuous	1	increasing	benefit	1	1	NA	1.53538155271692	2.82749044113383	700	252	420	700	700	252	491	0.64	0.298571428571429	6.37514160512961	24	24	0	2	1	10	4	1	5000	2500	1	0.99	14	10000	101514	0.5005	0.9837	-0.00162362399492187	-5.28659317899489	0.00254642893546553	5.23576473704054	10.5223579160354	1.4396102281613	0.132827513344632	1.43475750155819	2.76762875350735	2.63480124016272	0.503530922319709	-0.00139783102290042	-11.500379415714	0.037881894201206	11.2716520235511	22.7720314392651	0.0654	0.9023	2.01676479897234	-0.945946580646829	1.82734629283726	5.9613993355838	6.90734591623063	0	NA	NA	NA	NA	NA	NA	1	-1.53700517671184	2.36238491323899	1	-0.0957713245556153	0.00917214660713701	1	-2.82888827215673	8.00260885634587	1	-0.810725642161481	0.657276066858146	1.00154688482155	4632.01611309792	0	1.00148255479918	9937.30337694668	0	NA	NA	NA	NA	NA	NA	NA	NA
523	7	7	benefit_positive_truncnorm	benefit_positive_truncnorm	continuous	1	increasing	benefit	1	1	NA	1.95635686531809	3.4736526763579	700	252	420	700	700	252	479	0.64	0.315714285714286	7.28117497939789	24	24	0	2	1	10	4	1	5000	2500	1	0.99	14	10000	101522	0.7628	0.9994	1.80457559952298	-3.24500741825109	1.86319870128957	6.73143191039912	9.97643932865021	2.14811171398345	0.857172503802536	2.14598381200231	3.45648932905961	2.59931682525707	0.6808697562047	2.42504306384477	-8.22227616393271	2.2326605062454	12.7731102123925	20.9953863763252	0.0894	0.9892	3.55710459758901	0.479039000583667	3.52362547063779	6.99178225209904	6.51274325151537	0	NA	NA	NA	NA	NA	NA	1	-0.15178126579511	0.0230375526463657	1	0.191754848665355	0.0367699219866731	1	-1.04860961251313	1.09958211945494	1	0.0834519212311156	0.00696422315716431	1.00147073663846	4066.58346944854	0	1.00113045069013	10178.6119481734	0	NA	NA	NA	NA	NA	NA	NA	NA
545	7	7	benefit_positive_truncnorm	benefit_positive_truncnorm	continuous	1	increasing	benefit	1	1	NA	2.19542490262571	4.8363731377061	700	252	420	700	700	252	479	0.64	0.315714285714286	6.23929578886854	24	24	0	2	1	10	4	1	5000	2500	1	0.99	14	10000	101544	0.7423	0.9999	1.74169594567782	-3.54060549503769	1.79063035307241	6.84154587710143	10.3821513721391	2.77041359203467	1.44961335330999	2.77549228055311	4.06498207600861	2.61536872269862	0.730019284336833	3.14013492887875	-7.68855750843722	2.97148978267651	13.8044682006501	21.4930257090873	0.0666	0.999699939987998	6.36719818931583	2.86636889880426	6.20042933610705	10.7688406243708	7.90247172556659	2e-04	NA	NA	NA	NA	NA	NA	1	-0.453728956947892	0.205869966373022	1	0.574988689408962	0.330611992948236	1	-1.69623820882734	2.87722406108579	1	1.53082505160973	2.34342533863594	1.0012170972369	4544.51679758758	0	1.00176323719193	13675.5821176678	0	NA	NA	NA	NA	NA	NA	NA	NA
543	7	7	benefit_positive_truncnorm	benefit_positive_truncnorm	continuous	1	increasing	benefit	1	1	NA	1.75491879650565	3.51451575505516	700	252	420	700	700	252	482	0.64	0.311428571428571	7.21135357494507	24	24	0	2	1	10	4	1	5000	2500	1	0.99	14	10000	101542	0.5485	0.9693	0.315633838000118	-4.63679533066029	0.322702401774158	5.30895988026486	9.94575521092515	1.23104008227371	-0.0591840215169639	1.22744356423405	2.50383222523398	2.56301624675094	0.516037530002182	0.226171916659195	-10.4179172454804	0.196912794058872	10.8492653519301	21.2671825974105	0.0834	0.9253	2.07457910099335	-0.678953739782224	1.99575113762782	5.36779577777383	6.04674951755605	0	NA	NA	NA	NA	NA	NA	1	-1.43928495850553	2.07154119178027	1	-0.523878714231937	0.274448907225308	1	-3.28834383839596	10.8132051995167	1	-1.43993665406181	2.07341756771071	1.00107736280827	4749.03085558708	0	1.00243836667697	13553.1162752408	0	NA	NA	NA	NA	NA	NA	NA	NA
528	7	7	benefit_positive_truncnorm	benefit_positive_truncnorm	continuous	1	increasing	benefit	1	1	NA	2.47399662874299	5.55958836690122	700	252	420	700	700	252	472	0.64	0.325714285714286	6.30785911596722	24	24	0	2	1	10	4	1	5000	2500	1	0.99	14	10000	101527	0.7962	1	2.25381932655515	-3.10747999807639	2.33286082161975	7.27098984836713	10.3784698464435	3.62778636767812	2.33451664425766	3.62139452447245	4.95236272318055	2.61784607892289	0.786115309868279	3.84431684717313	-6.63880636980089	3.63377834812991	14.0712781521766	20.7100845219775	0.0738	1	8.69600248240915	4.44075404076206	8.75769140424624	12.8829301434318	8.44217610266975	0.0017	NA	NA	NA	NA	NA	NA	1	-0.220177302187843	0.0484780443987167	1	1.15378973893513	1.33123076167199	1	-1.71527151972809	2.94215638639032	1	3.13641411550793	9.83709350395738	1.00150519912488	4247.59933802213	0	1.00150019374049	10852.8986016696	0	NA	NA	NA	NA	NA	NA	NA	NA
538	7	7	benefit_positive_truncnorm	benefit_positive_truncnorm	continuous	1	increasing	benefit	1	1	NA	1.63425383320718	3.24988959370046	700	252	420	700	700	252	490	0.64	0.3	6.40668225154396	24	24	0	2	1	10	4	1	5000	2500	1	0.99	14	10000	101537	0.5981	0.9927	0.679388799072132	-4.51186266453815	0.680917648051241	5.97667312319415	10.4885357877323	1.6745037313837	0.31467676048255	1.67571153095359	2.97568276641885	2.6610060059363	0.558257127487897	0.820643611194662	-10.379675630027	0.73835640492385	12.0583852237381	22.4380608537651	0.0705	0.9709	2.98987598614138	-0.0986013819829611	2.94655441705774	6.26262661698682	6.36122799896978	0	NA	NA	NA	NA	NA	NA	1	-0.954865034135049	0.911767233413728	1	0.0402498981765218	0.00162005430322037	1	-2.42924598250579	5.90123604352054	1	-0.260013607559071	0.0676070761158827	1.0024557757087	4799.48493619627	0	1.00139620522576	7743.4755878593	0	NA	NA	NA	NA	NA	NA	NA	NA
522	7	7	benefit_positive_truncnorm	benefit_positive_truncnorm	continuous	1	increasing	benefit	1	1	NA	1.4795018962163	2.8013711582951	700	252	420	700	700	252	502	0.64	0.282857142857143	6.03592118189871	24	24	0	2	1	10	4	1	5000	2500	1	0.99	14	10000	101521	0.6578	0.9937	1.06428631045044	-4.17708937855208	1.06989062752069	6.20642900289046	10.3835183814425	1.70607292309037	0.358556833243252	1.7069470144279	3.06893032525881	2.71037349201555	0.652933179964446	1.86629739321706	-9.23250162624951	1.68279607369193	12.8728780983153	22.1053797245648	0.0437	0.9894	3.26193780000972	0.572888806502725	3.25759336446437	5.96230648844666	5.38941768194393	0	NA	NA	NA	NA	NA	NA	1	-0.415215585765859	0.172403982662886	1	0.226571026874071	0.0513344302187711	1	-0.93507376507804	0.874362946137222	1	0.460566641714624	0.212121631460287	1.0015071695218	4078.73098360887	0	1.00327333927313	7021.14008194882	0	NA	NA	NA	NA	NA	NA	NA	NA
548	7	7	benefit_positive_truncnorm	benefit_positive_truncnorm	continuous	1	increasing	benefit	1	1	NA	1.51036416808458	2.62066355530027	700	252	420	700	700	252	514	0.64	0.265714285714286	6.46999002253742	24	24	0	2	1	10	4	1	5000	2500	1	0.99	14	10000	101547	0.7374	1	1.75861232102541	-3.58417152861072	1.81957917719391	6.86070704933399	10.4448785779447	2.71672549782106	1.46000243046491	2.71578740414667	3.98248574398357	2.52248331351866	0.656836461126005	2.09196004800747	-9.26798648804285	2.00897336106045	13.0202156691496	22.2882021571925	0.0675	1	4.37637864594647	1.93305426295901	4.3684596666457	6.97422433518373	5.04117007222471	0	NA	NA	NA	NA	NA	NA	1	0.248248152940837	0.061627145438537	1	1.20636132973648	1.45530765788357	1	-0.528703507292805	0.279527398623713	1	1.7557150906462	3.08253547952279	1.00140536236119	4390.45558317435	0	1.00153407290379	6503.09249799846	0	NA	NA	NA	NA	NA	NA	NA	NA
527	7	7	benefit_positive_truncnorm	benefit_positive_truncnorm	continuous	1	increasing	benefit	1	1	NA	1.8972178003952	3.8783444440698	700	252	420	700	700	252	463	0.64	0.338571428571429	7.33078623910973	24	24	0	2	1	10	4	1	5000	2500	1	0.99	14	10000	101526	0.6637	0.9996	1.09227528319477	-4.03191057839599	1.1187114571846	6.09653890905519	10.1284494874512	2.36041786765347	1.00165710201803	2.36480885184842	3.6839474791009	2.68229037708288	0.617080503284712	1.45251098178945	-9.62608757729725	1.45356303975916	11.7612373946938	21.3873249719911	0.1019	1	6.1977521341063	2.85848170119	6.33796618287282	9.80317779873884	6.94469609754883	0	NA	NA	NA	NA	NA	NA	1	-0.804942517200429	0.647932455996963	1	0.463200067258271	0.214554302308067	1	-2.42583346228035	5.88466798671908	1	2.3194076900365	5.37965203260044	1.00169588367474	4604.20457787072	0	1.00150521856652	9624.54766113652	0	NA	NA	NA	NA	NA	NA	NA	NA
547	7	7	benefit_positive_truncnorm	benefit_positive_truncnorm	continuous	1	increasing	benefit	1	1	NA	2.28986895541089	4.99910399917603	700	252	420	700	700	252	487	0.64	0.304285714285714	6.8076548226743	24	24	0	2	1	10	4	1	5000	2500	1	0.99	14	10000	101546	0.5498	0.9874	0.328664311221763	-4.97467594122415	0.342330992618193	5.55493890287214	10.5296148440963	1.47915968128347	0.180009973970907	1.47691779297926	2.78817653712975	2.60816656315884	0.531660692951015	0.471503060299236	-10.8702496065161	0.426765122004278	11.5922338727108	22.4624834792269	0.0793	0.9773	3.08919084541798	0.0676584823164873	2.91195581538132	6.73245280418836	6.66479432187187	0	NA	NA	NA	NA	NA	NA	1	-1.96120464418913	3.846323656389	1	-0.810709274127423	0.657249527156214	1	-4.5276009388768	20.499170261718	1	-1.90991315375806	3.64776825489805	1.00208418535115	4194.5503243217	0	1.0018235331349	8884.16944895849	0	NA	NA	NA	NA	NA	NA	NA	NA
546	7	7	benefit_positive_truncnorm	benefit_positive_truncnorm	continuous	1	increasing	benefit	1	1	NA	2.33200984730298	4.10152495720655	700	252	420	700	700	252	491	0.64	0.298571428571429	6.97292199689574	24	24	0	2	1	10	4	1	5000	2500	1	0.99	14	10000	101545	0.6409	0.9988	0.981558100887369	-4.47862615003351	0.992524932569482	6.4505363901776	10.9291625402111	2.02373239594772	0.73951850598528	2.02876290066963	3.31613078756466	2.57661228157938	0.573244220444834	1.05159209306339	-10.3595274729201	1.0121548337956	12.5517009016876	22.9112283746076	0.0873	0.9854	3.43122942092962	0.420522168929732	3.34067238131927	6.8945320449085	6.47400987597877	0	NA	NA	NA	NA	NA	NA	1	-1.35045174641561	1.82371991939698	1	-0.308277451355262	0.0950349870140959	1	-3.04993286414316	9.30209047578048	1	-0.670295536276925	0.449296105952771	1.00149924900795	4556.12802361186	0	1.00129353934442	11246.0089869949	0	NA	NA	NA	NA	NA	NA	NA	NA
544	7	7	benefit_positive_truncnorm	benefit_positive_truncnorm	continuous	1	increasing	benefit	1	1	NA	3.07878142658079	6.88510196087365	700	252	420	700	700	252	483	0.64	0.31	7.41419563298449	24	24	0	2	1	10	4	1	5000	2500	1	0.99	14	10000	101543	0.8182	1	2.40756205134121	-2.81659977951948	2.48027766732178	7.29938372009832	10.1159834996178	3.46726042320891	2.22399761208156	3.47351328376769	4.71248061709579	2.48848300501423	0.716142889441555	2.94535594473578	-7.64678196865679	2.87379496609711	12.9531469316046	20.5999289002614	0.1154	1	6.20955187931627	2.97311407272863	6.13170551040731	9.67655580074031	6.70344172801168	0	NA	NA	NA	NA	NA	NA	1	-0.671219375239576	0.450535449697007	1	0.388478996628128	0.150915930821197	1	-3.93974601613787	15.5215986716742	1	-0.675550081557382	0.456367912692185	1.00188567296086	4848.49593740175	0	1.00151012449026	12723.4275145204	0	NA	NA	NA	NA	NA	NA	NA	NA
475	7	7	benefit_positive_truncnorm	benefit_positive_truncnorm	continuous	1	increasing	benefit	1	1	NA	1.70949592137466	3.12395159917252	700	252	420	700	700	252	477	0.64	0.318571428571429	6.45448329075279	24	24	0	2	1	10	4	1	5000	2500	1	0.99	14	10000	101474	0.6951	1	1.37316333005145	-3.96746687442618	1.381059346777	6.45523798803856	10.4227048624647	2.49526177082006	1.18139256842443	2.49447420798174	3.79329649984421	2.61190393141977	0.613333333333333	1.61176512780356	-9.8880895034685	1.45425600038244	12.7162558132484	22.6043453167169	0.085	0.9929	4.05454564964253	0.823474072922908	4.07677377345217	7.73117788370275	6.90770381077984	0	NA	NA	NA	NA	NA	NA	1	-0.33633259132321	0.113119611986185	1	0.785765849445408	0.617427970154664	1	-1.51218647136896	2.2867079241913	1	0.930594050470008	0.866005286770176	1.00162516214541	4185.55095148034	0	1.00153628677163	6207.06321246436	0	NA	NA	NA	NA	NA	NA	NA	NA
549	7	7	benefit_positive_truncnorm	benefit_positive_truncnorm	continuous	1	increasing	benefit	1	1	NA	1.76625368313678	3.39210818479472	700	252	420	700	700	252	487	0.64	0.304285714285714	6.72230663532437	24	24	0	2	1	10	4	1	5000	2500	1	0.99	14	10000	101548	0.6092	0.9694	0.777021698323306	-4.69897676133748	0.83333442645005	6.04238893808953	10.741365699427	1.26455696729754	-0.0586957802696829	1.26020218512502	2.57338718062789	2.63208296089757	0.593877990946325	1.3436732677189	-10.0878974529334	1.2125006088641	12.5278790496388	22.6157765025723	0.0722	0.9705	3.62336601066936	-0.152438854101374	3.76407736856005	6.55392743506656	6.70636628916793	0	NA	NA	NA	NA	NA	NA	1	-0.989231984813475	0.978579919778008	1	-0.501696715839241	0.25169959468388	1	-2.04843491707582	4.19608560949542	1	0.231257825874639	0.0534801820282649	1.00152200669855	4284.29549952765	0	1.00134198626948	11345.3231218841	0	NA	NA	NA	NA	NA	NA	NA	NA
555	7	7	benefit_positive_truncnorm	benefit_positive_truncnorm	continuous	1	increasing	benefit	1	1	NA	1.88655826399424	4.20738418215293	700	252	420	700	700	252	487	0.64	0.304285714285714	6.77558348876067	24	24	0	2	1	10	4	1	5000	2500	1	0.99	14	10000	101554	0.6902	0.9999	1.37873504362573	-4.14173254271449	1.39883588053484	6.78276502262614	10.9244975653406	2.56261449367718	1.25413615411407	2.55937641474844	3.87769741513807	2.623561261024	0.608994651238948	1.58626055034345	-9.93502920781821	1.39231987910361	12.904594978766	22.8396241865842	0.0839	0.9999	5.15552979469965	2.66982665737303	5.1842560662543	7.46866840942248	4.79884175204945	0	NA	NA	NA	NA	NA	NA	1	-0.507823220368515	0.257884423145449	1	0.676056229682942	0.457052025693114	1	-2.62112363180948	6.87028909323013	1	0.948145612546716	0.898980102591587	1.00193704389358	4384.53508878669	0	1.00216096196147	6591.15258057106	0	NA	NA	NA	NA	NA	NA	NA	NA
540	7	7	benefit_positive_truncnorm	benefit_positive_truncnorm	continuous	1	increasing	benefit	1	1	NA	2.25108779328196	4.64832671940562	700	252	420	700	700	252	468	0.64	0.331428571428571	7.01249523736774	24	24	0	2	1	10	4	1	5000	2500	1	0.99	14	10000	101539	0.4764	0.9993	-0.140977055149531	-5.10765257441461	-0.169818329658848	5.15586788687432	10.2635204612889	2.21363913605121	0.887892914215402	2.22042961891212	3.52440257656982	2.63650966235442	0.395203887597718	-1.02123384713605	-11.7227608131189	-1.20881657554942	10.7757311362462	22.4984919493651	0.0534	0.9996	6.44624794532716	2.51103244351807	6.53882737817875	9.93451803479465	7.42348559127658	0	NA	NA	NA	NA	NA	NA	1	-2.3920648484315	5.72197423910159	1	-0.0374486572307533	0.00140240192838645	1	-5.66956056654167	32.1439170176843	1	1.79792122592155	3.23252073461923	1.00101951186974	4408.32488806788	0	1.00141402516678	10217.7890187278	0	NA	NA	NA	NA	NA	NA	NA	NA
552	7	7	benefit_positive_truncnorm	benefit_positive_truncnorm	continuous	1	increasing	benefit	1	1	NA	1.69368850237402	3.32202954212431	700	252	420	700	700	252	495	0.64	0.292857142857143	7.19515275091881	24	24	0	2	1	10	4	1	5000	2500	1	0.99	14	10000	101551	0.7042	0.9956	1.34606612207541	-3.58714166568018	1.40534378987776	6.10452399050009	9.69166565618027	1.69649172317388	0.427698488668564	1.68853944505222	2.99920826737389	2.57150977870533	0.680832704131162	2.34347320881809	-8.24585414399349	2.09145303870736	12.6997028602817	20.9455570042752	0.0729	0.9982	3.89608078199869	1.38681665724716	3.86969758232055	6.56704449282735	5.18022783558018	0	NA	NA	NA	NA	NA	NA	1	-0.347622380298613	0.120841319284473	1	0.00280322079985562	7.85804685274319e-06	1	-0.978556333306219	0.957572497453713	1	0.574051239874382	0.329534826001316	1.00138557098804	4410.078315447	0	1.00236991987266	11259.5290934588	0	NA	NA	NA	NA	NA	NA	NA	NA
529	7	7	benefit_positive_truncnorm	benefit_positive_truncnorm	continuous	1	increasing	benefit	1	1	NA	1.86775933789369	3.49002949634748	700	252	420	700	700	252	482	0.64	0.311428571428571	6.93934258070463	24	24	0	2	1	10	4	1	5000	2500	1	0.99	14	10000	101528	0.7262	1	1.68156781228232	-3.84313257542442	1.73355156190351	6.99583874400535	10.8389713194298	2.73058016231995	1.43057300471301	2.73266754562764	4.03589783609356	2.60532483138055	0.645353323779076	2.04946669627231	-9.57587694926822	1.97075124946555	12.8933932271788	22.469270176447	0.0929	0.9997	5.16419944311417	2.09436845579123	5.14340322619744	8.50575547883849	6.41138702304726	0	NA	NA	NA	NA	NA	NA	1	-0.186191525611365	0.0346672842094875	1	0.862820824426262	0.744459775063614	1	-1.44056280007517	2.07522118096042	1	1.6741699467667	2.8028450106568	1.00123009200561	4123.71769335021	0	1.00125452976116	11481.2370293447	0	NA	NA	NA	NA	NA	NA	NA	NA
565	7	7	benefit_positive_truncnorm	benefit_positive_truncnorm	continuous	1	increasing	benefit	1	1	NA	2.26067945476986	4.35420058576048	700	252	420	700	700	252	466	0.64	0.334285714285714	6.83706654299459	24	24	0	2	1	10	4	1	5000	2500	1	0.99	14	10000	101564	0.5606	0.9089	0.429531269859156	-4.87756213460508	0.405461086622595	5.86589620668521	10.7434583412903	0.925564404493677	-0.436350455480055	0.933355941336068	2.28706257506819	2.72341303054824	0.529634436513087	0.449656446847792	-10.6936437817964	0.369946183846839	11.9576091124863	22.6512528942826	0.0754	0.9514	2.62791078107289	-0.557013118675095	2.71708686305717	5.45044788191101	6.00746100058611	0	NA	NA	NA	NA	NA	NA	1	-1.8311481849107	3.35310367510175	1	-1.33511505027618	1.78253219747396	1	-3.90454413891269	15.2454649327174	1	-1.72628980468759	2.98007648976833	1.00093603963925	4290.8260352902	0	1.00130885048851	10183.9626492753	0	NA	NA	NA	NA	NA	NA	NA	NA
554	7	7	benefit_positive_truncnorm	benefit_positive_truncnorm	continuous	1	increasing	benefit	1	1	NA	1.41891542031886	2.44063259686441	700	252	420	700	700	252	504	0.64	0.28	6.42875525826136	24	24	0	2	1	10	4	1	5000	2500	1	0.99	14	10000	101553	0.5876	0.9989	0.610235580896124	-4.54651703246588	0.610768646217838	5.67121585999157	10.2177328924574	2.01883160566854	0.743861128256085	2.0268020245095	3.27959548462678	2.53573435637069	0.573933248838192	0.983036676035466	-10.0781687613943	0.82512210275105	12.0361550608907	22.114323822285	0.0532	0.9545	2.56057307953843	-0.408574229047602	2.55870519465463	5.39259230043639	5.80116652948399	0	NA	NA	NA	NA	NA	NA	1	-0.808679839422732	0.653963082688775	1	0.599916185349688	0.359899429444522	1	-1.45759592082895	2.12458586841719	1	0.119940482674018	0.0143857193840765	1.00168469393814	4649.90066850989	0	1.00228024653996	8459.04582372355	0	NA	NA	NA	NA	NA	NA	NA	NA
542	7	7	benefit_positive_truncnorm	benefit_positive_truncnorm	continuous	1	increasing	benefit	1	1	NA	2.25921462090272	5.05511800148367	700	252	420	700	700	252	463	0.64	0.338571428571429	6.90784526527644	24	24	0	2	1	10	4	1	5000	2500	1	0.99	14	10000	101541	0.703	1	1.48901918559464	-3.94831910998226	1.50757760001144	6.81893106159584	10.7672501715781	2.82558496474101	1.53959465103662	2.82943114938796	4.12112971609394	2.58153506505732	0.63082788671024	1.87238171266927	-9.36776901980759	1.72770836499643	12.7806886139549	22.1484576337625	0.082	1	6.63096574542722	2.85966685316838	6.58013269156961	11.2450479360786	8.38538108291026	5e-04	NA	NA	NA	NA	NA	NA	1	-0.770195435308079	0.593201008569402	1	0.566370343838288	0.3207753663795	1	-3.1827362888144	10.129810284136	1	1.57584774394355	2.48329611209197	1.00156185542605	4740.57087679136	0	1.00123729717729	9395.80541121339	0	NA	NA	NA	NA	NA	NA	NA	NA
539	7	7	benefit_positive_truncnorm	benefit_positive_truncnorm	continuous	1	increasing	benefit	1	1	NA	2.15194301998041	4.11491680798875	700	252	420	700	700	252	503	0.64	0.281428571428571	6.74587435489685	24	24	0	2	1	10	4	1	5000	2500	1	0.99	14	10000	101538	0.7532	0.9999	1.87024787489064	-3.70323873869199	1.92913658052725	7.20804677387348	10.9112855125655	2.51754476874586	1.23077798353998	2.51981443058974	3.78231717539098	2.55153919185099	0.67169234130886	2.3582485812778	-8.81781582587838	2.12428281746652	12.8829152441461	21.7007310700245	0.0847	0.9976	4.67278182462569	1.59909576710464	4.72382588295581	7.53961406037501	5.94051829327037	0	NA	NA	NA	NA	NA	NA	1	-0.281695145089773	0.0793521547671481	1	0.36560174876545	0.133664638700355	1	-1.75666822671095	3.0858832587358	1	0.557865016636938	0.311213376787331	1.00189201499255	4334.77327786378	0	1.00095040875182	12791.1147071884	0	NA	NA	NA	NA	NA	NA	NA	NA
541	7	7	benefit_positive_truncnorm	benefit_positive_truncnorm	continuous	1	increasing	benefit	1	1	NA	2.02288832990933	3.9613015979642	700	252	420	700	700	252	460	0.64	0.342857142857143	6.77228345712877	24	24	0	2	1	10	4	1	5000	2500	1	0.99	14	10000	101540	0.7071	0.9974	1.48207621523496	-4.02550754666359	1.54327291273387	6.74822593534567	10.7737334820093	1.92754233697589	0.586827257113056	1.92975522861903	3.26937633517903	2.68254907806597	0.623599782490484	1.67133432740286	-9.95731247618153	1.60046774417306	12.7004531229738	22.6577655991553	0.0805	0.987198719871987	3.60591413536246	0.419821564553891	3.54534949132451	7.34157273037721	6.92175116582332	1e-04	NA	NA	NA	NA	NA	NA	1	-0.540812114674367	0.292477743378561	1	-0.095345992933445	0.00909085836846455	1	-2.28996727056134	5.24395010024214	1	-0.355387462601738	0.126300248574502	1.00193617897896	4492.0232560754	0	1.00146671037465	6689.47049365245	0	NA	NA	NA	NA	NA	NA	NA	NA
533	7	7	benefit_positive_truncnorm	benefit_positive_truncnorm	continuous	1	increasing	benefit	1	1	NA	1.96490267044061	3.63063221368715	700	252	420	700	700	252	488	0.64	0.302857142857143	7.04907652054696	24	24	0	2	1	10	4	1	5000	2500	1	0.99	14	10000	101532	0.7206	0.9756	1.50378746993427	-3.75650617289138	1.56757772937991	6.40736397172359	10.163870144615	1.30989067535199	0.00882319113705553	1.31711285664263	2.57133072384618	2.56250753270912	0.672008781558727	2.23371878388536	-8.79535124696523	2.16238493553118	12.7220567820511	21.5174080290164	0.089	0.7554	1.1979440427164	-2.06007726555023	1.33892131492812	4.06160872369745	6.12168598924768	0	NA	NA	NA	NA	NA	NA	1	-0.461115200506335	0.212627228137998	1	-0.655011995088613	0.429040713709965	1	-1.39691342980179	1.95136713036061	1	-2.43268817097075	5.91797173718099	1.00244284370955	4316.45826097112	0	1.00158475350727	10972.7070531472	0	NA	NA	NA	NA	NA	NA	NA	NA
551	7	7	benefit_positive_truncnorm	benefit_positive_truncnorm	continuous	1	increasing	benefit	1	1	NA	1.42957178680029	2.30052363898552	700	252	420	700	700	252	481	0.64	0.312857142857143	6.33218049961885	24	24	0	2	1	10	4	1	5000	2500	1	0.99	14	10000	101550	0.4147	0.6333	-0.579459580871604	-5.85729063317938	-0.582776363231725	4.70012507636953	10.5574157095489	0.233635864418672	-1.06433881625601	0.232014951996891	1.56365683515293	2.62799565140894	0.435033070194154	-0.858009433493793	-12.0391276172633	-0.791928718965583	10.6405449771173	22.6796725943806	0.0626	0.4575	-0.135166908506993	-3.2440294659685	-0.185237141304707	3.3392523601973	6.58328182616581	0	NA	NA	NA	NA	NA	NA	1	-2.0090313676719	4.03620703628962	1	-1.19593592238162	1.43026273044278	1	-3.15853307247931	9.9763311699456	1	-2.43569054749251	5.93258844314437	1.00129339948598	4553.82015808833	0	1.00185910012738	12327.4608432397	0	NA	NA	NA	NA	NA	NA	NA	NA
534	7	7	benefit_positive_truncnorm	benefit_positive_truncnorm	continuous	1	increasing	benefit	1	1	NA	2.06788150644621	4.58984679768879	700	252	420	700	700	252	473	0.64	0.324285714285714	6.75038446244953	24	24	0	2	1	10	4	1	5000	2500	1	0.99	14	10000	101533	0.5626	0.9986	0.424864783951341	-4.95504072175649	0.412106463165221	5.7989976045138	10.7540383262703	2.05058325586926	0.752384906416369	2.04877087258363	3.38080847025382	2.62842356383745	0.550798652613278	0.676994562112092	-10.5437444404129	0.634085428138587	11.9224246113776	22.4661690517906	0.0797	0.9932	4.46863001445345	0.913725249159106	4.32584496069721	9.07724519169856	8.16351994253945	0	NA	NA	NA	NA	NA	NA	1	-1.64301672249486	2.69950395039777	1	-0.0172982505769461	0.000299229473022817	1	-3.9128522355767	15.3104126174576	1	-0.121216783235337	0.0146935085379226	1.00162718559414	4265.44452939731	0	1.00163926156699	11826.0670680702	0	NA	NA	NA	NA	NA	NA	NA	NA
532	7	7	benefit_positive_truncnorm	benefit_positive_truncnorm	continuous	1	increasing	benefit	1	1	NA	1.47696068307168	3.02301266733983	700	252	420	700	700	252	472	0.64	0.325714285714286	6.25931185406655	24	24	0	2	1	10	4	1	5000	2500	1	0.99	14	10000	101531	0.5107	0.972	0.0693048577388642	-5.20918280661438	0.0666552973886985	5.33312264989731	10.5423054565117	1.30362936313194	-0.0250621002674666	1.30954302513566	2.63426379211492	2.65932589238239	0.521725205508701	0.348216971961797	-10.8731005487569	0.259495714731584	11.7906511998118	22.6637517485687	0.0633	0.9786	3.77126320949923	0.146689429187701	3.73132661517664	7.52019848268471	7.37350905349701	0	NA	NA	NA	NA	NA	NA	1	-1.40765582533281	1.9814949225934	1	-0.173331319939738	0.0300437464720518	1	-2.67479569537804	7.15453201201287	1	0.748250542159402	0.559878873841839	1.00150879554798	4574.56618412499	0	1.0014794220472	5978.70869820601	0	NA	NA	NA	NA	NA	NA	NA	NA
536	7	7	benefit_positive_truncnorm	benefit_positive_truncnorm	continuous	1	increasing	benefit	1	1	NA	2.26831676380768	4.66988401622262	700	252	420	700	700	252	479	0.64	0.315714285714286	6.92250788555536	24	24	0	2	1	10	4	1	5000	2500	1	0.99	14	10000	101535	0.6189	0.9996	0.804927935351789	-4.63444867132906	0.836794952165977	6.03312598503032	10.6675746563594	2.2183218709885	0.885286787487284	2.22444252262017	3.49601667554865	2.61072988806136	0.588633879781421	1.26894373506343	-10.2874477715191	1.19273073547372	12.2270865818692	22.5145343533883	0.085	1	6.07852873152801	2.97317638185328	5.97276569350215	9.63179801020205	6.65862162834876	0	NA	NA	NA	NA	NA	NA	1	-1.46338882845589	2.14150686324949	1	-0.0499948928191762	0.00249948930800092	1	-3.40094028115919	11.5663947960112	1	1.40864471530539	1.9842799339578	1.00158262775178	4378.64338378266	0	1.00155009988727	10722.2980185811	0	NA	NA	NA	NA	NA	NA	NA	NA
535	7	7	benefit_positive_truncnorm	benefit_positive_truncnorm	continuous	1	increasing	benefit	1	1	NA	1.79943180819471	3.05160101323832	700	252	420	700	700	252	483	0.64	0.31	6.98707108013962	24	24	0	2	1	10	4	1	5000	2500	1	0.99	14	10000	101534	0.6456	0.9906	0.980603969933515	-4.40856095335197	1.02103087655293	6.26223934092035	10.6708002942723	1.52158087353978	0.232278101795367	1.52762081294651	2.83033527899614	2.59805717720077	0.576783952647156	1.09288258130624	-10.48731851976	0.974567519951496	12.1266822491687	22.6140007689288	0.0877	0.9555	2.75837433571252	-0.41540943923388	2.80940392081721	5.73090354132262	6.1463129805565	0	NA	NA	NA	NA	NA	NA	1	-0.818827838261193	0.670479028711498	1	-0.277850934654927	0.0772011418886164	1	-1.95871843193209	3.83657789559049	1	-0.293226677525806	0.0859818844128232	1.00142510058782	4362.80298992532	0	1.00108215154599	11252.8045850097	0	NA	NA	NA	NA	NA	NA	NA	NA
556	7	7	benefit_positive_truncnorm	benefit_positive_truncnorm	continuous	1	increasing	benefit	1	1	NA	2.06604972406765	3.6831325750777	700	252	420	700	700	252	481	0.64	0.312857142857143	7.37774285701743	24	24	0	2	1	10	4	1	5000	2500	1	0.99	14	10000	101555	0.67	0.9982	1.12929043551471	-3.89256182810715	1.10681982472004	5.98198536837758	9.87454719648473	1.95805447752044	0.656897401303611	1.96020208816437	3.26017258004039	2.60327517873678	0.604615552881986	1.39742819590985	-9.63143691565912	1.29507736315123	11.8867970215093	21.5182339371684	0.0857	0.9956	4.17509542122309	0.985535839051149	4.13269932671712	7.88832647277973	6.90279063372858	0	NA	NA	NA	NA	NA	NA	1	-0.936759288552943	0.877517964690215	1	-0.107995246547213	0.0116629732767934	1	-2.28570437916785	5.22444450894709	1	0.491962846145393	0.242027441987476	1.0012150043037	4657.59584747699	0	1.00160845842847	11872.9201703389	0	NA	NA	NA	NA	NA	NA	NA	NA
558	7	7	benefit_positive_truncnorm	benefit_positive_truncnorm	continuous	1	increasing	benefit	1	1	NA	2.54598488512515	5.29120276941334	700	252	420	700	700	252	480	0.64	0.314285714285714	7.16116776988626	24	24	0	2	1	10	4	1	5000	2500	1	0.99	14	10000	101557	0.762	1	1.81356269477667	-3.13286848653049	1.83683630057989	6.72951970541813	9.86238819194862	2.95634106773351	1.68427992781857	2.960881240929	4.22720434683779	2.54292441901922	0.668073292615214	2.21475880447049	-8.2304674725374	2.09065033331528	12.4213994171121	20.6518668896495	0.0995	0.9999	5.770151577794	2.49190902166014	5.87931481264322	8.78177447390983	6.28986545224969	0	NA	NA	NA	NA	NA	NA	1	-0.732422190348485	0.536442264914872	1	0.410356182608361	0.168392196604906	1	-3.07644396494285	9.46450746943329	1	0.478948808380661	0.229391961049255	1.00145165229018	4379.07831013509	0	1.00170786190182	10947.9744544892	0	NA	NA	NA	NA	NA	NA	NA	NA
560	7	7	benefit_positive_truncnorm	benefit_positive_truncnorm	continuous	1	increasing	benefit	1	1	NA	2.13003434680113	4.08859116602157	700	252	420	700	700	252	479	0.64	0.315714285714286	6.74864045215162	24	24	0	2	1	10	4	1	5000	2500	1	0.99	14	10000	101559	0.6938	0.9995	1.35947802847891	-4.06846435125264	1.41813042889256	6.57134337680966	10.6398077280623	2.36606106602347	1.01635519771202	2.3738517232243	3.6811312154549	2.66477601774288	0.616123050070907	1.57236444062413	-9.88675608273308	1.58083641379785	12.56611239004	22.4528684727731	0.0833	0.9972	5.20710488227883	1.4731167434001	4.98189366261761	9.1260946046648	7.6529778612647	0	NA	NA	NA	NA	NA	NA	1	-0.770556318322217	0.593757039706291	1	0.236026719222348	0.0557086121868652	1	-2.51622672539744	6.33139693360433	1	1.11851371625726	1.25107293345562	1.00170560116295	4169.61169430958	0	1.00194426675194	10679.5365684011	0	NA	NA	NA	NA	NA	NA	NA	NA
537	7	7	benefit_positive_truncnorm	benefit_positive_truncnorm	continuous	1	increasing	benefit	1	1	NA	1.45524428777337	2.29628218982995	700	252	420	700	700	252	488	0.64	0.302857142857143	6.89058085116648	24	24	0	2	1	10	4	1	5000	2500	1	0.99	14	10000	101536	0.4782	0.6126	-0.113468137879949	-5.34154387656393	-0.139918678398629	5.1989510864079	10.5404949629718	0.181979682058814	-1.12835783102306	0.183081109845891	1.45969103301829	2.58804886404135	0.491740509791051	-0.167703841789994	-11.6707066311093	-0.087261938756976	11.2126641781329	22.8833708092421	0.0859	0.3549	-0.447212323869921	-2.76713475699052	-0.50105562315433	2.16579791052089	4.93293266751141	0	NA	NA	NA	NA	NA	NA	1	-1.56871242565332	2.46085867439913	1	-1.27326460571456	1.62120275616545	1	-2.46398603161995	6.07122716401822	0	-2.74349451369987	7.52676214670131	1.00145639267872	4373.44726522507	0	1.00199151286724	10517.0855113975	0	NA	NA	NA	NA	NA	NA	NA	NA
562	7	7	benefit_positive_truncnorm	benefit_positive_truncnorm	continuous	1	increasing	benefit	1	1	NA	2.22206082861419	4.08923431709332	700	252	420	700	700	252	484	0.64	0.308571428571429	8.11845865535057	24	24	0	2	1	10	4	1	5000	2500	1	0.99	14	10000	101561	0.7269	0.9998	1.41207097613268	-3.20099942710264	1.44007955604901	5.94229193733723	9.14329136443987	2.26562146299489	0.98300863419602	2.26555402181834	3.51951566578423	2.53650703158821	0.623523093447905	1.46253140917598	-8.73699525432107	1.3033603927447	11.318051646584	20.0550469009051	0.069	0.9916	3.74736483046283	0.632816943031022	3.74733325412414	6.96459899067941	6.33178204764838	0	NA	NA	NA	NA	NA	NA	1	-0.809989852481514	0.656083561123025	1	0.0435606343806949	0.00189752886764858	1	-2.62670290791735	6.89956816646144	1	-0.341869486630489	0.116874745888994	1.00078856705972	4624.18841559254	0	1.00247564718101	10977.5351857564	0	NA	NA	NA	NA	NA	NA	NA	NA
550	7	7	benefit_positive_truncnorm	benefit_positive_truncnorm	continuous	1	increasing	benefit	1	1	NA	1.81824474963687	3.35591385603514	700	252	420	700	700	252	499	0.64	0.287142857142857	6.86504232496121	24	24	0	2	1	10	4	1	5000	2500	1	0.99	14	10000	101549	0.6995	1	1.43094120168665	-4.03070221630816	1.46646293591385	6.64819409687995	10.6788963131881	2.633341129083	1.41201944316434	2.63616171070233	3.86956368536718	2.45754424220284	0.636521361960529	1.9334773327617	-9.47508389359097	1.91921897364258	12.5583986734658	22.0334825670568	0.0778	0.9974	3.75158000972385	1.09499967857007	3.6322444820635	7.06391351021251	5.96891383164244	0	NA	NA	NA	NA	NA	NA	1	-0.387303547950221	0.150004038254829	1	0.815096379446131	0.664382107786192	1	-1.42243652327344	2.02332566274224	1	0.39566615368871	0.156551705174818	1.00249573184811	4359.47751486846	0	1.00171459636523	10687.0878031568	0	NA	NA	NA	NA	NA	NA	NA	NA
557	7	7	benefit_positive_truncnorm	benefit_positive_truncnorm	continuous	1	increasing	benefit	1	1	NA	1.98773358105039	4.16509209960779	700	252	420	700	700	252	491	0.64	0.298571428571429	6.69615793737955	24	24	0	2	1	10	4	1	5000	2500	1	0.99	14	10000	101556	0.5365	0.9714	0.248336702083568	-5.11846828662678	0.227677251634918	5.58406840203469	10.7025366886615	1.25989109337724	-0.0313493224782384	1.2613007593349	2.52393298783622	2.55528231031446	0.510787486515642	0.212327748366494	-11.2301987386305	0.131255639282252	11.6116905171243	22.8418892557548	0.073	0.8839	2.17769802431756	-1.45754196258871	2.24070935742873	5.23638056727853	6.69392252986724	0	NA	NA	NA	NA	NA	NA	1	-1.73939687896682	3.0255015025595	1	-0.727842487673148	0.529754686862237	1	-3.9527643512413	15.6243460164441	1	-1.98739407529023	3.94973521049873	1.00139845982215	4388.33511193165	0	1.00199116992669	11693.1396219039	0	NA	NA	NA	NA	NA	NA	NA	NA
561	7	7	benefit_positive_truncnorm	benefit_positive_truncnorm	continuous	1	increasing	benefit	1	1	NA	1.68988257099357	2.78157399756045	700	252	420	700	700	252	493	0.64	0.295714285714286	6.16752593389372	24	24	0	2	1	10	4	1	5000	2500	1	0.99	14	10000	101560	0.6085	0.997	0.704279981821406	-4.43965921812296	0.724853402872889	5.67744029582686	10.1170995139498	1.79819119138081	0.469961538716744	1.80134281127868	3.10442106987622	2.63445953115947	0.571323606591792	0.906696961495747	-9.98207025111317	0.851149756357596	11.7210118853343	21.7030821364475	0.0473	0.9572	3.10644370196707	-0.415419385240328	3.06336314777202	7.03925692886003	7.45467631410036	0	NA	NA	NA	NA	NA	NA	1	-0.985602589172165	0.971412463782876	1	0.108308620387235	0.0117307572501862	1	-1.8748770360647	3.51516390036276	1	0.32486970440662	0.105540324841245	1.00212775980977	4708.15914957996	0	1.00181628227522	11947.2967875919	0	NA	NA	NA	NA	NA	NA	NA	NA
566	7	7	benefit_positive_truncnorm	benefit_positive_truncnorm	continuous	1	increasing	benefit	1	1	NA	2.75346254457519	5.64682906918709	700	252	420	700	700	252	482	0.64	0.311428571428571	7.90899372172971	24	24	0	2	1	10	4	1	5000	2500	1	0.99	14	10000	101565	0.8091	1	2.31407044622633	-3.00032361285501	2.37851302164798	7.24804148773405	10.2483651005891	3.01789489914556	1.79047885783806	3.0245789040772	4.23201278635509	2.44153392851703	0.697289327435636	2.64837793706835	-7.97994699411145	2.52089125477592	12.6239537873116	20.6039007814231	0.1183	0.9998	5.07335719451149	2.59755315154144	5.02519018566999	8.11629447570959	5.51874132416815	0	NA	NA	NA	NA	NA	NA	1	-0.439392098348857	0.193065416091412	1	0.264432354570367	0.0699244701436283	1	-2.99845113211873	8.99070919170411	1	-0.573471874675593	0.328869991043939	1.0016018590519	4640.27783504003	0	1.00162045044234	6737.7921270472	0	NA	NA	NA	NA	NA	NA	NA	NA
553	7	7	benefit_positive_truncnorm	benefit_positive_truncnorm	continuous	1	increasing	benefit	1	1	NA	1.93679175833036	4.26445029876014	700	252	420	700	700	252	475	0.64	0.321428571428571	7.08193315638999	24	24	0	2	1	10	4	1	5000	2500	1	0.99	14	10000	101552	0.5647	0.9956	0.38553783137337	-4.72086618795163	0.421826542054537	5.39990888247305	10.1207750704247	1.744167274604	0.42901104101499	1.74089352429972	3.05224012760675	2.62322908659176	0.571381361533377	0.883801842734107	-10.2024000660806	0.880565159734414	11.4699628617042	21.6723629277847	0.0922	0.9938	4.51524194090231	1.05108335238042	4.50739598444668	8.13777889312764	7.08669554074722	0	NA	NA	NA	NA	NA	NA	1	-1.55125392695699	2.40638874589947	1	-0.192624483726356	0.037104191730845	1	-3.38064845602604	11.4287839832312	1	0.250791642142168	0.0628964477683654	1.00158004279045	4605.81579662099	0	1.00148539749724	9704.01097805719	0	NA	NA	NA	NA	NA	NA	NA	NA
568	7	7	benefit_positive_truncnorm	benefit_positive_truncnorm	continuous	1	increasing	benefit	1	1	NA	1.9743807553833	3.23105850629753	700	252	420	700	700	252	495	0.64	0.292857142857143	7.30482835611159	24	24	0	2	1	10	4	1	5000	2500	1	0.99	14	10000	101567	0.6369	0.9722	0.890166246351285	-4.05362214029143	0.910192671759776	5.78257916446	9.83620130475143	1.23349541578666	-0.0246601302321949	1.22999066520995	2.51644847619915	2.54110860643135	0.598917748917749	1.21915436062795	-9.32678481598728	1.1112400189634	11.4351882255936	20.7619730415809	0.076	0.7975	1.1551018041158	-1.52845992545804	1.15261835914434	3.79148941573852	5.31994934119656	0	NA	NA	NA	NA	NA	NA	1	-1.08421450903201	1.17552110159552	1	-0.740885339596637	0.548911086429224	1	-2.01190414566958	4.04775829136243	1	-2.07595670218173	4.30959622933325	1.00175207548671	4664.94218409042	0	1.00125510009304	12328.7923766095	0	NA	NA	NA	NA	NA	NA	NA	NA
567	7	7	benefit_positive_truncnorm	benefit_positive_truncnorm	continuous	1	increasing	benefit	1	1	NA	1.52049816236218	2.66305649665477	700	252	420	700	700	252	491	0.64	0.298571428571429	6.06043030164135	24	24	0	2	1	10	4	1	5000	2500	1	0.99	14	10000	101566	0.5662	0.8806	0.459456504817836	-4.92731088391901	0.46483213947376	5.77262251523517	10.6999333991542	0.781912509982181	-0.505977935791101	0.776567813975879	2.11007669867087	2.61605463446197	0.568623265741729	0.939126805071607	-10.4486055517644	0.871307819403503	12.0348973296825	22.4835028814469	0.063	0.8343	1.31154453127615	-1.29168849087428	1.29085998832313	3.97220365289395	5.26389214376823	0	NA	NA	NA	NA	NA	NA	1	-1.06104165754434	1.12580939904444	1	-0.738585652379994	0.545508765901581	1	-1.72392969158316	2.97193358152202	1	-1.35151196537862	1.82658459256157	1.00175877133585	4180.84438770582	0	1.00146345468149	6719.8982948288	0	NA	NA	NA	NA	NA	NA	NA	NA
570	7	7	benefit_positive_truncnorm	benefit_positive_truncnorm	continuous	1	increasing	benefit	1	1	NA	2.41256154013227	5.16444279820749	700	252	420	700	700	252	479	0.64	0.315714285714286	7.03265434531431	24	24	0	2	1	10	4	1	5000	2500	1	0.99	14	10000	101569	0.8366	1	2.51254248551889	-2.39391262715067	2.58412208633848	7.19005766209756	9.58397028924823	2.92677250625561	1.63554940689835	2.92262116947305	4.23432086030876	2.59877145341041	0.865347798340779	4.50190304600247	-5.2593225220469	4.09462583173082	14.2828609155255	19.5421834375724	0.0598	0.999299789936981	5.68031609937993	2.09735818383838	5.72698224313027	8.97141014125108	6.8740519574127	3e-04	NA	NA	NA	NA	NA	NA	1	0.0999809453866192	0.00999618944040213	1	0.514210966123335	0.264412917681494	1	-0.662539752205011	0.438958923251877	1	0.515873301172448	0.266125262862559	1.0009289095704	4519.85266078618	0	1.00186196615328	10165.745602585	0	NA	NA	NA	NA	NA	NA	NA	NA
574	7	7	benefit_positive_truncnorm	benefit_positive_truncnorm	continuous	1	increasing	benefit	1	1	NA	2.35480681569989	4.74084604298215	700	252	420	700	700	252	486	0.64	0.305714285714286	6.26047016491608	24	24	0	2	1	10	4	1	5000	2500	1	0.99	14	10000	101573	0.5961	0.9982	0.662789333694907	-4.51608293986326	0.650794617168703	5.87255327217873	10.388636212042	1.91661902569427	0.592487918383238	1.91541515370838	3.21695655591706	2.62446863753382	0.53031751088457	0.467094583403055	-10.81039628497	0.385577214850569	11.6794156933094	22.4898119782794	0.0583	0.9994	4.07189639319303	1.58313373003803	4.07241865508397	6.67676703747822	5.0936333074402	0	NA	NA	NA	NA	NA	NA	1	-1.69201748200498	2.86292315941047	1	-0.438187790005619	0.192008539310009	1	-4.2737514595791	18.2649515382545	1	-0.668949649789121	0.447493633952987	1.00157139596909	4405.04666056693	0	1.00167480156783	6508.26209485723	0	NA	NA	NA	NA	NA	NA	NA	NA
573	7	7	benefit_positive_truncnorm	benefit_positive_truncnorm	continuous	1	increasing	benefit	1	1	NA	2.44648145198213	5.45949041528185	700	252	420	700	700	252	493	0.64	0.295714285714286	7.09805247773783	24	24	0	2	1	10	4	1	5000	2500	1	0.99	14	10000	101572	0.8864	1	3.05292805608867	-2.0433076109602	3.18050894314312	7.58931290594296	9.63262051690317	2.69106916544578	1.42975934473919	2.68988722451631	3.96408950507256	2.53433016033337	0.944126704795425	6.02441068190935	-2.26118682492665	5.69255653932799	14.9593835551094	17.220570380036	0.0908	0.9974	4.74269157363154	1.14092628278984	4.72051374394179	8.3204197708794	7.17949348808956	0	NA	NA	NA	NA	NA	NA	1	0.606446604106539	0.367777483632354	1	0.244587713463654	0.0598231495773785	1	0.564920266627493	0.319134907646478	1	-0.716798841650315	0.513800579391233	1.00135773620861	3678.22623516393	0	1.00167800115041	6712.67646908419	0	NA	NA	NA	NA	NA	NA	NA	NA
569	7	7	benefit_positive_truncnorm	benefit_positive_truncnorm	continuous	1	increasing	benefit	1	1	NA	2.33983736637431	5.27098214436299	700	252	420	700	700	252	473	0.64	0.324285714285714	6.86668206957316	24	24	0	2	1	10	4	1	5000	2500	1	0.99	14	10000	101568	0.5042	0.9904	0.0494914258127375	-5.29096556963343	0.0310041217303434	5.30134756561681	10.5923131352502	1.60176555377952	0.262032109277747	1.60196534530071	2.93675372375819	2.67472161448045	0.529144095341278	0.354885187348005	-11.1652325063069	0.362684966685227	11.5380775444711	22.703310050778	0.077	0.9945	5.17098055248907	1.15850365757761	5.43274669334538	8.65632229147649	7.49781863389888	0	NA	NA	NA	NA	NA	NA	1	-2.29034594056157	5.24568452744686	1	-0.738071812594784	0.54475000054695	1	-4.91609695701499	24.168009290772	1	-0.10000159187392	0.0100003183773181	1.00178846250444	4275.77613371855	0	1.00195510336315	10805.525534198	0	NA	NA	NA	NA	NA	NA	NA	NA
578	7	7	benefit_positive_truncnorm	benefit_positive_truncnorm	continuous	1	increasing	benefit	1	1	NA	2.55604314153704	4.98694931833861	700	252	420	700	700	252	464	0.64	0.337142857142857	8.11237596573063	24	24	0	2	1	10	4	1	5000	2500	1	0.99	14	10000	101577	0.7916	1	1.90396743604451	-2.88432795874853	1.93445007633074	6.46563694833069	9.34996490707923	3.27137911079477	1.97115159708695	3.28480652243152	4.5565643479909	2.58541275090395	0.682225623087014	2.25803222220565	-7.88739865860554	2.12448532183861	11.9925773415678	19.8799760001734	0.0852	0.999899929950966	6.51269133440768	3.10159372572544	6.43052101256001	10.7126717063221	7.61107798059666	7e-04	NA	NA	NA	NA	NA	NA	1	-0.652075705492529	0.425202725693579	1	0.715335969257735	0.511705548913904	1	-2.72891709613296	7.44698851756677	1	1.52574201606906	2.32788869959849	1.00152724319535	4341.53105594706	0	1.00231449066194	10677.277103663	0	NA	NA	NA	NA	NA	NA	NA	NA
563	7	7	benefit_positive_truncnorm	benefit_positive_truncnorm	continuous	1	increasing	benefit	1	1	NA	2.24890257924664	4.88793328670776	700	252	420	700	700	252	493	0.64	0.295714285714286	7.49746447616293	24	24	0	2	1	10	4	1	5000	2500	1	0.99	14	10000	101562	0.644	1	0.914436625924318	-4.15534426355552	0.952902258069949	5.86850532175271	10.0238495853082	2.71273497455563	1.40895487183613	2.71649339318841	3.9888055980405	2.57985072620437	0.597069597069597	1.29959189683096	-9.336694860917	1.21379051519609	11.7574091332764	21.0941039941934	0.0991	0.999899989999	5.61629913066592	2.8728190970246	5.39374230159464	8.9572119279362	6.0843928309116	1e-04	NA	NA	NA	NA	NA	NA	1	-1.33446595332233	1.78079938057647	1	0.463832395308981	0.215140490938067	1	-3.5883413898768	12.8761939303029	1	0.728365843958168	0.530516802644895	1.00136009675455	4577.57659977658	0	1.00167083661063	11369.3221050835	0	NA	NA	NA	NA	NA	NA	NA	NA
571	7	7	benefit_positive_truncnorm	benefit_positive_truncnorm	continuous	1	increasing	benefit	1	1	NA	2.10809626927753	4.23474651840347	700	252	420	700	700	252	456	0.64	0.348571428571429	7.67212789560107	24	24	0	2	1	10	4	1	5000	2500	1	0.99	14	10000	101570	0.5725	0.9911	0.454732459380589	-4.54152346574016	0.466771182397464	5.46847111092125	10.0099945766614	1.53400972660931	0.227756112262155	1.53625209345921	2.80610615230838	2.57835004004623	0.544473800088067	0.559113002023213	-10.398692565407	0.561913082102224	11.2158251941434	21.6145177595504	0.0916	0.914274282284685	2.67338679777646	-0.925799837207823	2.52120073071493	7.00897088024264	7.93477071745047	3e-04	NA	NA	NA	NA	NA	NA	1	-1.65336380989694	2.73361188787693	1	-0.574086542668219	0.329575358472749	1	-3.67563351638025	13.5102817467379	1	-1.56135972062701	2.43784417719645	1.00163486303959	4577.02869624679	0	1.00122510421414	9178.88138360627	0	NA	NA	NA	NA	NA	NA	NA	NA
577	7	7	benefit_positive_truncnorm	benefit_positive_truncnorm	continuous	1	increasing	benefit	1	1	NA	1.84729584890617	2.87576578955999	700	252	420	700	700	252	476	0.64	0.32	6.71698317002148	24	24	0	2	1	10	4	1	5000	2500	1	0.99	14	10000	101576	0.7125	0.9976	1.5196071248138	-3.85519344586376	1.57961317334157	6.67676662151309	10.5319600673769	1.87427429362086	0.553203917658388	1.88189742451873	3.17041427526201	2.61721035760362	0.63351870025079	1.86264209993828	-9.44248678306589	1.79950838302769	12.6536108644256	22.0960976474915	0.0829	0.9647	2.75948978997214	-0.162736744320868	2.74341744127098	5.84566494245555	6.00840168677642	0	NA	NA	NA	NA	NA	NA	1	-0.327688724092369	0.107379899897285	1	0.0269784447146921	0.0007278364792237	1	-1.01312368962171	1.02641961047271	1	-0.116275999587852	0.0135201080801543	1.00159839728313	3949.6606276285	0	1.00185989825463	9436.69762156845	0	NA	NA	NA	NA	NA	NA	NA	NA
572	7	7	benefit_positive_truncnorm	benefit_positive_truncnorm	continuous	1	increasing	benefit	1	1	NA	1.76041976428302	3.04101150525484	700	252	420	700	700	252	493	0.64	0.295714285714286	6.61691655305221	24	24	0	2	1	10	4	1	5000	2500	1	0.99	14	10000	101571	0.5614	0.9931	0.429806816362992	-4.7080838440653	0.435118255798859	5.59952152270163	10.3076053667669	1.62948933055732	0.337057006300386	1.63161444836674	2.91024773564377	2.57319072934338	0.53868378812199	0.49409441660612	-11.0122312249896	0.45918010365417	11.7067716081649	22.7190028331545	0.0655	0.9022	2.06359533074875	-0.857836964145949	2.05406511132964	5.26034397838365	6.1181809425296	0	NA	NA	NA	NA	NA	NA	1	-1.33061294792002	1.77053081717242	1	-0.1309304337257	0.0171427784756	1	-2.54691708864872	6.48678665645085	1	-0.977416174506089	0.955342378186118	1.00139555181945	4854.4153362184	0	1.00180103146017	11249.0383766357	0	NA	NA	NA	NA	NA	NA	NA	NA
576	7	7	benefit_positive_truncnorm	benefit_positive_truncnorm	continuous	1	increasing	benefit	1	1	NA	1.65204755966287	3.09856178961982	700	252	420	700	700	252	504	0.64	0.28	6.36504811656563	24	24	0	2	1	10	4	1	5000	2500	1	0.99	14	10000	101575	0.6556	0.9999	1.03212284594467	-4.3423050583381	1.096273317249	6.22637189115004	10.5686769494881	2.29497889174002	1.00821816499463	2.29352953273213	3.59012043647255	2.58190227147792	0.603183137971825	1.36449231004732	-9.95490026666801	1.28619974775766	12.4178003572379	22.3727006239059	0.0701	0.9986	4.55408610037541	1.43079758141071	4.35553090923608	8.60762987592293	7.17683229451223	0	NA	NA	NA	NA	NA	NA	1	-0.619924713718206	0.3843066506786	1	0.642931332077141	0.413360697766487	1	-1.7340694795725	3.00699695998484	1	1.45552431075559	2.11855101920053	1.00185376982493	4343.48955209572	0	1.00144605342287	11588.8654460043	0	NA	NA	NA	NA	NA	NA	NA	NA
575	7	7	benefit_positive_truncnorm	benefit_positive_truncnorm	continuous	1	increasing	benefit	1	1	NA	2.24061112680048	4.12900398538057	700	252	420	700	700	252	499	0.64	0.287142857142857	6.72009656168575	24	24	0	2	1	10	4	1	5000	2500	1	0.99	14	10000	101574	0.6089	0.9996	0.759369129365658	-4.66778909300906	0.769696043279456	6.01900767280539	10.6867967658144	2.14934324616271	0.884577958365107	2.14424200112326	3.42034228233645	2.53576432397134	0.562852800694746	0.876755312852266	-10.3852781277439	0.811590795991942	12.1344693892832	22.5197475170271	0.0788	0.9952	2.9322231411335	0.901326130525954	2.93822258270433	4.91818684965767	4.01686071913172	0	NA	NA	NA	NA	NA	NA	1	-1.48124199743482	2.19407785496471	1	-0.0912678806377714	0.00832982603611048	1	-3.2522486725283	10.5771214279621	1	-1.19678084424706	1.43228438915671	1.00097686321672	4806.39086878306	0	1.00231169993839	5291.07557128544	0	NA	NA	NA	NA	NA	NA	NA	NA
524	7	7	benefit_positive_truncnorm	benefit_positive_truncnorm	continuous	1	increasing	benefit	1	1	NA	2.22536707530409	4.06042345698141	700	252	420	700	700	252	472	0.64	0.325714285714286	6.77952716324461	24	24	0	2	1	10	4	1	5000	2500	1	0.99	14	10000	101523	0.6982	0.9859	1.36973272145269	-4.0767618772857	1.43608739450207	6.45260223605054	10.5293641133362	1.4612158608958	0.166817222876901	1.45274494220079	2.75825168550201	2.59143446262511	0.650298750678979	2.00948474855258	-9.37564962229474	1.8813644213833	12.9169457747372	22.292595397032	0.0795	0.9602	2.58607147987376	-0.299621838444778	2.51237931024519	5.87523433755866	6.17485617600344	0	NA	NA	NA	NA	NA	NA	1	-0.8556343538514	0.732110147490703	1	-0.76415121440829	0.583927078481664	1	-2.05093870842883	4.20634958573173	1	-1.47435197710765	2.17371375240124	1.00170292225828	4736.79831163694	0	1.00122331156947	9195.31643695102	0	NA	NA	NA	NA	NA	NA	NA	NA
582	7	7	benefit_positive_truncnorm	benefit_positive_truncnorm	continuous	1	increasing	benefit	1	1	NA	1.6169438753703	2.61244232718406	700	252	420	700	700	252	466	0.64	0.334285714285714	7.27595841174444	24	24	0	2	1	10	4	1	5000	2500	1	0.99	14	10000	101581	0.617	0.8977	0.77177704170995	-4.18005638727467	0.761983829413507	5.632745504226	9.81280189150067	0.865130657730243	-0.46090402266996	0.859847418702217	2.18697419326929	2.64787821593925	0.604419410745234	1.32672591490182	-9.41136678234001	1.22476788112613	11.8512977346147	21.2626645169547	0.0768	0.8049	1.52329108738486	-2.26018804352018	1.63778599818121	4.70095647035812	6.96114451387831	0	NA	NA	NA	NA	NA	NA	1	-0.845166833660347	0.714306976719456	1	-0.751813217640053	0.56522311421829	1	-1.28571641228223	1.65306669281189	1	-1.08915123979919	1.18625042315612	1.00178607958767	4745.87985892379	0	1.00193131632082	12557.9375467459	0	NA	NA	NA	NA	NA	NA	NA	NA
525	7	7	benefit_positive_truncnorm	benefit_positive_truncnorm	continuous	1	increasing	benefit	1	1	NA	2.0535837403019	4.44731092133211	700	252	420	700	700	252	480	0.64	0.314285714285714	6.8584054972571	24	24	0	2	1	10	4	1	5000	2500	1	0.99	14	10000	101524	0.6843	1	1.3369351229668	-4.06052362854425	1.37872609031466	6.65897999327261	10.7195036218169	2.98864875304428	1.6690792248455	2.9858857838507	4.29881476757908	2.62973554273358	0.620738481646879	1.70180833380668	-9.6900404414868	1.56776235517939	12.715874845982	22.4059152874688	0.0819	0.997286432160804	5.94254563110311	1.49694179955619	5.88749902985531	10.4129906659719	8.91604886641574	0.005	NA	NA	NA	NA	NA	NA	1	-0.716648617335096	0.513585240728305	1	0.935065012742382	0.874346578054911	1	-2.74550258752543	7.53778445810882	1	1.495234709771	2.23572683730398	1.0019518084717	4480.07772024667	0	1.00160124280038	6266.28703072291	0	NA	NA	NA	NA	NA	NA	NA	NA
579	7	7	benefit_positive_truncnorm	benefit_positive_truncnorm	continuous	1	increasing	benefit	1	1	NA	2.07125612022723	4.4913681516963	700	252	420	700	700	252	486	0.64	0.305714285714286	6.75548889730448	24	24	0	2	1	10	4	1	5000	2500	1	0.99	14	10000	101578	0.5632	0.9836	0.418499932891251	-4.84430420834252	0.439583337966964	5.70666651619969	10.5509707245422	1.41028357745418	0.123500894348881	1.41144867554061	2.66841772179751	2.54491682744863	0.534733617766109	0.557243359233904	-10.8494098516843	0.466076369646441	11.8500504017417	22.6994602534259	0.0859	0.9078	2.38207938322941	-0.900956786639005	2.32699393065509	5.8895829966953	6.7905397833343	0	NA	NA	NA	NA	NA	NA	1	-1.65275618733598	2.73160301477735	1	-0.660972542773049	0.43688470229987	1	-3.9341247924624	15.4773378826673	1	-2.10928876846689	4.44909910878059	1.00156645570201	3735.32473639974	0	1.00145414799744	9684.44227641268	0	NA	NA	NA	NA	NA	NA	NA	NA
588	7	7	benefit_positive_truncnorm	benefit_positive_truncnorm	continuous	1	increasing	benefit	1	1	NA	2.14895775160364	4.12960662941958	700	252	420	700	700	252	487	0.64	0.304285714285714	7.00063658771158	24	24	0	2	1	10	4	1	5000	2500	1	0.99	14	10000	101587	0.383	0.998	-0.853630277980821	-6.15425373327926	-0.941317055731075	5.06789280812291	11.2221465414022	1.94403540681636	0.646402142378936	1.94769713262002	3.25391119494036	2.60750905256142	0.270115540751535	-2.35677144015888	-12.6571284826998	-2.30849039199898	9.44221728966237	22.0993457723621	0.0393	0.9773	3.50290600948621	0.090586664054692	3.37892414492754	7.08975789889685	6.99917123484216	0	NA	NA	NA	NA	NA	NA	1	-3.00258802958446	9.01553487540391	1	-0.20492234478728	0.0419931673931168	1	-6.48637806957845	42.0731004615083	1	-0.626700619933365	0.392753667024864	1.00145157941457	4674.34128915067	0	1.00218575583147	11158.4877117665	0	NA	NA	NA	NA	NA	NA	NA	NA
559	7	7	benefit_positive_truncnorm	benefit_positive_truncnorm	continuous	1	increasing	benefit	1	1	NA	2.0399615903651	4.0155537616182	700	252	420	700	700	252	491	0.64	0.298571428571429	7.14035999050416	24	24	0	2	1	10	4	1	5000	2500	1	0.99	14	10000	101558	0.6254	0.9992	0.821165310204793	-4.17182011394708	0.843440445570343	5.75546712287237	9.92728723681945	2.00217461310382	0.715325880075324	1.99830484937246	3.26983025246396	2.55450437238863	0.586838091087383	1.11745458889655	-9.77949824731305	1.03794068411247	11.6520043381918	21.4315025855049	0.0822	0.9884	3.66901538539901	0.45275819365632	3.6176460218304	7.48979312089435	7.03703492723803	0	NA	NA	NA	NA	NA	NA	1	-1.2187962801603	1.48546437253259	1	-0.0377869772612747	0.00142785565054409	1	-2.89809917272166	8.39897881492995	1	-0.346538376219193	0.120088846192635	1.00140191975268	4147.42314182139	0	1.0013687858592	13573.3016385571	0	NA	NA	NA	NA	NA	NA	NA	NA
584	7	7	benefit_positive_truncnorm	benefit_positive_truncnorm	continuous	1	increasing	benefit	1	1	NA	2.07170343235208	4.27665880875753	700	252	420	700	700	252	485	0.64	0.307142857142857	6.292288125302	24	24	0	2	1	10	4	1	5000	2500	1	0.99	14	10000	101583	0.7993	1	2.17071559514694	-2.90007090013365	2.24132459544645	7.07767471708561	9.97774561721925	3.12350499872986	1.84446422610514	3.12594558036743	4.38283782042761	2.53837359432247	0.784754327491668	3.80626802684737	-6.69635554903971	3.63196144824046	13.9519145249689	20.6482700740086	0.0699	0.9999	6.54854487530791	3.23930017474613	6.63637178864875	9.84612112001617	6.60682094527004	0	NA	NA	NA	NA	NA	NA	1	0.099012162794855	0.00980340838131488	1	1.05180156637778	1.10628653503476	1	-0.470390781910157	0.221267487706049	1	2.27188606655038	5.16146629938574	1.00192894878583	4718.97786442995	0	1.00152858256869	11260.3040490753	0	NA	NA	NA	NA	NA	NA	NA	NA
586	7	7	benefit_positive_truncnorm	benefit_positive_truncnorm	continuous	1	increasing	benefit	1	1	NA	1.9902740173132	3.68716235654305	700	252	420	700	700	252	481	0.64	0.312857142857143	6.98594448341997	24	24	0	2	1	10	4	1	5000	2500	1	0.99	14	10000	101585	0.5767	0.9853	0.550788088651904	-4.81562881391969	0.553925729619227	5.91051196936779	10.7261407832875	1.47172099170576	0.171012493671245	1.47039080307009	2.78850700261361	2.61749450894236	0.554139433551198	0.714581580441577	-10.8395699932708	0.707725617281949	11.9746407405851	22.8142107338558	0.082	0.9365	2.15016551219723	-0.669439534909368	2.23315768784336	4.70329634796349	5.37273588287286	0	NA	NA	NA	NA	NA	NA	1	-1.43948592866129	2.07211973881387	1	-0.518553025607441	0.268897240366632	1	-2.97258077610147	8.83623647044801	1	-1.53699684434582	2.362359299529	1.00229573546208	4560.33088993824	0	1.00192635050689	6781.06418865937	0	NA	NA	NA	NA	NA	NA	NA	NA
589	7	7	benefit_positive_truncnorm	benefit_positive_truncnorm	continuous	1	increasing	benefit	1	1	NA	1.41253558067536	2.40844529355577	700	252	420	700	700	252	498	0.64	0.288571428571429	5.97542103568454	24	24	0	2	1	10	4	1	5000	2500	1	0.99	14	10000	101588	0.6845	0.9999	1.4500847133384	-4.39598460523049	1.46621547929704	7.08650925456639	11.4824938597969	2.70742583974527	1.41018423096591	2.71361486141758	4.00174715684165	2.59156292587574	0.631318563131856	1.86343973320615	-10.035017981217	1.72777828345016	13.3900877867129	23.4251057679299	0.0702	0.9998	4.91926398555114	2.24976109938339	4.74251503651247	9.18105782687178	6.93129672748839	0	NA	NA	NA	NA	NA	NA	1	0.0375491326630466	0.00140993736374707	1	1.29489025906992	1.67674078303416	1	-0.545005560349613	0.297031060811996	1	2.51081869199537	6.30421050407336	1.00137670529077	4134.63278660869	0	1.00159874992887	11832.6694074448	0	NA	NA	NA	NA	NA	NA	NA	NA
585	7	7	benefit_positive_truncnorm	benefit_positive_truncnorm	continuous	1	increasing	benefit	1	1	NA	2.06954232674645	3.70699746176648	700	252	420	700	700	252	479	0.64	0.315714285714286	7.10184051566757	24	24	0	2	1	10	4	1	5000	2500	1	0.99	14	10000	101584	0.841	1	2.5434326768147	-2.40136707956561	2.6114202924586	7.2461128250355	9.64747990460111	2.78342949584325	1.52799949984722	2.78953890658264	4.02194437065483	2.49394487080761	0.825460190729652	4.38828766206231	-6.0973232854246	4.22990801611728	14.0134416801605	20.1107649655851	0.0982	0.9992	4.62108236617137	1.34476272726166	4.4960556751794	8.62340838614881	7.27864565888715	0	NA	NA	NA	NA	NA	NA	1	0.473890350068248	0.224572063887807	1	0.713887169096794	0.509634890201034	1	0.681290200295823	0.464156337019123	1	0.914084904404887	0.835551212460891	1.00159974481974	4306.72295450508	0	1.00195445322144	12496.3432160371	0	NA	NA	NA	NA	NA	NA	NA	NA
580	7	7	benefit_positive_truncnorm	benefit_positive_truncnorm	continuous	1	increasing	benefit	1	1	NA	2.70914480265937	5.97683501411456	700	252	420	700	700	252	489	0.64	0.301428571428571	6.59983102513628	24	24	0	2	1	10	4	1	5000	2500	1	0.99	14	10000	101579	0.7049	1	1.52107074049799	-3.97392032649552	1.56935162557131	6.79556355597731	10.7694838824728	2.72549418791644	1.40769365989624	2.72140181541342	4.03640945299908	2.62871579310283	0.635622690719409	1.90764904632341	-9.59081936772428	1.7642081405413	12.8047435578926	22.3955629256169	0.0798	0.9996	5.52940272860425	1.79294199913329	5.64052813898125	9.39468391943974	7.60174192030646	0	NA	NA	NA	NA	NA	NA	1	-1.18807406216138	1.41151997718064	1	0.0163493852570689	0.000267302398284061	1	-4.06918596779115	16.5582744404684	1	-0.447432285510307	0.200195650116977	1.00273442417997	4537.95135339977	0	1.001684607573	10619.6611939878	0	NA	NA	NA	NA	NA	NA	NA	NA
564	7	7	benefit_positive_truncnorm	benefit_positive_truncnorm	continuous	1	increasing	benefit	1	1	NA	2.5735681709952	5.64453487242855	700	252	420	700	700	252	484	0.64	0.308571428571429	6.93415289107446	24	24	0	2	1	10	4	1	5000	2500	1	0.99	14	10000	101563	0.6496	1	1.06448967045081	-4.38750078852164	1.06738923963171	6.44394227995003	10.8314430684717	2.58183414927818	1.32061101550936	2.58397992828869	3.85852263188151	2.53791161637215	0.586857018308631	1.20933250270761	-10.3923702754182	1.13186951981053	12.5082148961791	22.9005851715972	0.0824	0.9999	4.93447346740326	2.19743911888462	4.85823750938391	8.71397338887887	6.51653426999425	0	NA	NA	NA	NA	NA	NA	1	-1.50907850054439	2.27731792080529	1	0.00826597828298414	6.83263969747655e-05	1	-4.43520236972095	19.6710200603783	1	-0.710061405025292	0.504187198906492	1.0010393526103	4374.72815618857	0	1.00147919093116	11995.1739165948	0	NA	NA	NA	NA	NA	NA	NA	NA
581	7	7	benefit_positive_truncnorm	benefit_positive_truncnorm	continuous	1	increasing	benefit	1	1	NA	1.92636541104419	3.78974377613104	700	252	420	700	700	252	495	0.64	0.292857142857143	6.40925511450473	24	24	0	2	1	10	4	1	5000	2500	1	0.99	14	10000	101580	0.746	1	1.75662329898851	-3.53624284888304	1.80797376579949	6.9131630674337	10.4494059163167	2.29985343375767	1.01908395770629	2.30065276606708	3.59861898297033	2.57953502526404	0.712906340521403	2.91202346147999	-8.29971583624839	2.7543453563105	13.5209827358909	21.8206985721393	0.0679	0.9993	4.01677826104491	1.66648921014678	4.01481913857587	6.44489738128493	4.77840817113815	0	NA	NA	NA	NA	NA	NA	1	-0.169742112055673	0.0288123846051206	1	0.373488022713484	0.139493303110428	1	-0.877720314651056	0.770392950751149	1	0.227034484913863	0.0515446573401033	1.00144798119873	3980.70073613403	0	1.00170322731925	8268.93073241748	0	NA	NA	NA	NA	NA	NA	NA	NA
597	7	7	benefit_positive_truncnorm	benefit_positive_truncnorm	continuous	1	increasing	benefit	1	1	NA	1.84131815378112	3.51160714623419	700	252	420	700	700	252	476	0.64	0.32	7.51495902113014	24	24	0	2	1	10	4	1	5000	2500	1	0.99	14	10000	101596	0.5758	0.9547	0.531642212047722	-4.53656426332311	0.509130609744138	5.56652852203993	10.103092785363	1.126948816912	-0.164981683229015	1.13063319932384	2.43693671807896	2.60191840130798	0.521891418563923	0.262059523457343	-10.4262463538493	0.255522383559656	10.9396582150902	21.3659045689395	0.0864	0.9405	2.58442435380078	-0.657646905655271	2.57937630856018	5.97470606416639	6.63235296982166	0	NA	NA	NA	NA	NA	NA	1	-1.3096759417334	1.71525107235526	1	-0.714369336869123	0.510323549458831	1	-3.24954762277685	10.5595597526947	1	-0.92718279243341	0.859667930584616	1.00159180002563	4453.51474480607	0	1.00137153216096	9947.90987521545	0	NA	NA	NA	NA	NA	NA	NA	NA
609	7	7	benefit_positive_truncnorm	benefit_positive_truncnorm	continuous	1	increasing	benefit	1	1	NA	2.28066807506309	4.78646738934963	700	252	420	700	700	252	501	0.64	0.284285714285714	6.64296608908253	24	24	0	2	1	10	4	1	5000	2500	1	0.99	14	10000	101608	0.5931	0.9877	0.63149251484703	-4.73103501386266	0.659816814845139	5.9122282690527	10.6432632829154	1.47996007229602	0.194031525912126	1.4785010408069	2.74819004753744	2.55415852162531	0.565002683843264	0.849936630433652	-10.7709507473362	0.790186574972952	12.0370213459018	22.807972093238	0.0685	0.9572	2.2454633604412	-0.360011825613572	2.24668674197962	4.94003072868958	5.30004255430315	0	NA	NA	NA	NA	NA	NA	1	-1.64917556021606	2.71978002841396	1	-0.80070800276707	0.641133305695231	1	-3.93653075891598	15.4962744158916	1	-2.54100402890843	6.45670147492886	1.00170374828149	4519.57777861212	0	1.00116399354352	9834.46448986905	0	NA	NA	NA	NA	NA	NA	NA	NA
596	7	7	benefit_positive_truncnorm	benefit_positive_truncnorm	continuous	1	increasing	benefit	1	1	NA	2.11529939448389	3.88925123447869	700	252	420	700	700	252	472	0.64	0.325714285714286	7.53202254647534	24	24	0	2	1	10	4	1	5000	2500	1	0.99	14	10000	101595	0.8472	1	2.71975241049382	-2.4935422667876	2.78419109006598	7.60401618189616	10.0975584486838	3.54332204247991	2.25125882416507	3.53370199557543	4.82319852070632	2.57193969654126	0.765822784810127	3.66800781069926	-6.86378890655846	3.52538953212468	13.6400135430636	20.503802449622	0.1152	1	7.23826582855073	3.67889313831893	7.17229130614493	11.0620913287452	7.3831981904263	0.0012	NA	NA	NA	NA	NA	NA	1	0.604453016009925	0.365363448563494	0	1.42802264799601	2.03924868318955	1	-0.221243423779429	0.0489486525656441	1	3.34901459407203	11.2158987513075	1.00236422185185	4939.21994422333	0	1.00201666050672	11715.8384519356	0	NA	NA	NA	NA	NA	NA	NA	NA
595	7	7	benefit_positive_truncnorm	benefit_positive_truncnorm	continuous	1	increasing	benefit	1	1	NA	1.78421632626065	3.05081404757872	700	252	420	700	700	252	485	0.64	0.307142857142857	6.84334321160945	24	24	0	2	1	10	4	1	5000	2500	1	0.99	14	10000	101594	0.6636	0.9943	1.1310115028585	-4.2471331382463	1.1876778807177	6.34294848974548	10.5900816279918	1.72031236539855	0.363780563992979	1.7212375686859	3.00695333760725	2.64317277361427	0.598821346720506	1.32941187484758	-9.92796269204229	1.3097912158091	12.2301002343506	22.1580629263929	0.0837	0.9778	3.11044498947863	0.0933075999287096	3.05949972508618	6.26728413084529	6.17397653091658	0	NA	NA	NA	NA	NA	NA	1	-0.653204823402156	0.426676541315841	1	-0.0639039608621041	0.00408371621386534	1	-1.72140217273114	2.96322544028349	1	0.0596309418999121	0.0035558492318707	1.0010673182592	4613.03787986004	0	1.00148415878599	10858.1732960402	0	NA	NA	NA	NA	NA	NA	NA	NA
602	7	7	benefit_positive_truncnorm	benefit_positive_truncnorm	continuous	1	increasing	benefit	1	1	NA	1.44914062506568	2.5039658589087	700	252	420	700	700	252	497	0.64	0.29	5.96967204771651	24	24	0	2	1	10	4	1	5000	2500	1	0.99	14	10000	101601	0.5143	0.9946	0.110488276714755	-5.70727249236621	0.113928505339154	5.87831634716619	11.5855888395324	1.67277289844458	0.394827077126579	1.6711682434266	2.99409166019716	2.59926458307058	0.499892634743397	0.0597583981642315	-11.8171787528222	-0.0018895866436921	11.853068030677	23.6702467834992	0.0686	0.9429	2.22494310126591	-0.600546202225273	2.11375841681047	5.61174067771696	6.21228687994223	0	NA	NA	NA	NA	NA	NA	1	-1.33865234835092	1.79199010974544	1	0.223632273378903	0.0500113936966163	1	-2.44420746074446	5.9741501111589	1	-0.279022757642788	0.0778536992825857	1.00127711009911	4291.23630538217	0	1.00199775683923	6782.97034917927	0	NA	NA	NA	NA	NA	NA	NA	NA
608	7	7	benefit_positive_truncnorm	benefit_positive_truncnorm	continuous	1	increasing	benefit	1	1	NA	1.82771898664369	3.34466437453749	700	252	420	700	700	252	490	0.64	0.3	6.25189909569961	24	24	0	2	1	10	4	1	5000	2500	1	0.99	14	10000	101607	0.6063	0.9018	0.656278095606165	-4.41114053140263	0.677537298531164	5.59551617701113	10.0066567084138	0.874525306980497	-0.428933564242829	0.868026317748844	2.16643318004865	2.59536674429148	0.61354079058032	1.45579180497147	-9.34484053500986	1.35888492324379	12.1356002029419	21.4804407379518	0.0488	0.929	1.92905029512508	-0.705508308129453	1.87716466862497	4.87549042648853	5.58099873461799	0	NA	NA	NA	NA	NA	NA	1	-1.17144089103752	1.37227376119478	1	-0.95319367966319	0.908578190949852	1	-1.88887256956602	3.56783958405894	1	-1.41561407941241	2.00396322183064	1.00157150909465	4100.22702820889	0	1.00197708361121	6721.52776834445	0	NA	NA	NA	NA	NA	NA	NA	NA
594	7	7	benefit_positive_truncnorm	benefit_positive_truncnorm	continuous	1	increasing	benefit	1	1	NA	1.6011769889759	3.05873364406245	700	252	420	700	700	252	496	0.64	0.291428571428571	6.8115795537441	24	24	0	2	1	10	4	1	5000	2500	1	0.99	14	10000	101593	0.496	0.8835	-0.0273405936491081	-5.41152384108522	-0.0287327265842254	5.37641558240068	10.7879394234859	0.804676701447352	-0.501181426323331	0.807294958517533	2.08102306083296	2.5822044871563	0.517320261437909	0.202810728702698	-11.1240977761196	0.174445875148366	11.6067702030218	22.7308679791414	0.082	0.8384	1.63843291293242	-1.24927766387956	1.45734045594885	5.69524441197258	6.94452207585215	0	NA	NA	NA	NA	NA	NA	1	-1.62851758262501	2.6520695169188	1	-0.796500287528549	0.634412708033061	1	-2.85592291535975	8.15629569847694	1	-1.42030073113003	2.0172541668485	1.00170457976062	4286.47752831993	0	1.00104166124204	11624.2847838724	0	NA	NA	NA	NA	NA	NA	NA	NA
590	7	7	benefit_positive_truncnorm	benefit_positive_truncnorm	continuous	1	increasing	benefit	1	1	NA	2.66207245784883	5.22921638474363	700	252	420	700	700	252	449	0.64	0.358571428571429	7.65697474934751	24	24	0	2	1	10	4	1	5000	2500	1	0.99	14	10000	101589	0.7401	1	1.64629087233257	-3.38084413256245	1.67928746948957	6.60776294187136	9.98860707443381	2.64169756582897	1.32970600533832	2.64712242462573	3.92049687302042	2.5907908676821	0.641857365029993	1.87829420971838	-8.80201301073764	1.80061236274746	11.9982650902784	20.8002781010161	0.0998	0.999496728736789	6.52019640115709	2.86747160582328	6.4106433375889	10.8908565652242	8.02338495940097	0.0065	NA	NA	NA	NA	NA	NA	1	-1.01578158551627	1.03181222947394	1	-0.0203748920198668	0.00041513622482123	1	-3.35092217502525	11.228679423076	1	1.29098001641346	1.6666294027789	1.00148161279292	4225.59032502364	0	1.00258569287747	9926.98822709507	0	NA	NA	NA	NA	NA	NA	NA	NA
587	7	7	benefit_positive_truncnorm	benefit_positive_truncnorm	continuous	1	increasing	benefit	1	1	NA	2.08036762060789	4.00377270201079	700	252	420	700	700	252	481	0.64	0.312857142857143	6.9654269890772	24	24	0	2	1	10	4	1	5000	2500	1	0.99	14	10000	101586	0.6405	0.9997	0.995688039863407	-4.30991047976368	1.03422054556881	6.15856714984157	10.4684776296053	2.40111515446795	1.09791179628274	2.40317129699166	3.67288108058252	2.57496928429978	0.571583867811719	1.08527943340957	-10.2360843485519	0.965034489501933	12.2302619733908	22.4663463219426	0.0801	0.9993	5.08180174625322	2.22975924591061	4.95911804231651	8.55988998534153	6.33013073943092	0	NA	NA	NA	NA	NA	NA	1	-1.08467958074449	1.17652979288404	1	0.320747533860056	0.102878980477308	1	-2.91849326860121	8.5176029588706	1	1.07802904424243	1.16214662023024	1.00155863719624	4251.44913625728	0	1.00190524344781	15206.3615708567	0	NA	NA	NA	NA	NA	NA	NA	NA
583	7	7	benefit_positive_truncnorm	benefit_positive_truncnorm	continuous	1	increasing	benefit	1	1	NA	1.85724542074496	3.29421757637381	700	252	420	700	700	252	473	0.64	0.324285714285714	6.62962362754639	24	24	0	2	1	10	4	1	5000	2500	1	0.99	14	10000	101582	0.7007	0.9951	1.44968465536079	-3.92811572157604	1.49802231327616	6.61753596741523	10.5456516889913	1.72010354982779	0.389939353734587	1.72499760712909	2.99452393219315	2.60458457845857	0.64793352285152	2.09162490236631	-9.28428258810777	2.01810805608121	12.8387209848724	22.1230035729802	0.0854	0.9899	3.2879670141617	0.533211381595473	3.2560383177027	6.09807242412626	5.56486104253079	0	NA	NA	NA	NA	NA	NA	1	-0.407560765384178	0.166105777480537	1	-0.137141870917171	0.0188078927586619	1	-1.20259267400749	1.44622913957649	1	-0.00625056221210896	3.90695279674444e-05	1.00233531601919	4432.16997565411	0	1.00154925387434	6205.51165353473	0	NA	NA	NA	NA	NA	NA	NA	NA
593	7	7	benefit_positive_truncnorm	benefit_positive_truncnorm	continuous	1	increasing	benefit	1	1	NA	1.28882539265891	1.98588396773298	700	252	420	700	700	252	489	0.64	0.301428571428571	5.63262032980868	24	24	0	2	1	10	4	1	5000	2500	1	0.99	14	10000	101592	0.4749	0.6485	-0.204496982737438	-5.7476633021907	-0.187361471130654	5.43662519242746	11.1842884946182	0.256975390612138	-1.07621337375702	0.259037446947979	1.60522386113432	2.68143723489134	0.48053050397878	-0.320706458205418	-12.0099614238042	-0.210189053171774	11.5527545829589	23.562716006763	0.0575	0.5599	0.14505612500567	-3.49516967172938	0.269428214700476	3.27076696938208	6.76593664111146	0	NA	NA	NA	NA	NA	NA	1	-1.49332237539635	2.23001171685939	1	-1.03185000204677	1.06471442672392	1	-2.3065904259384	5.32035939303069	1	-1.84082784272731	3.38864714656009	1.00174580355313	4398.34881844479	0	1.0016141472398	6629.89177083324	0	NA	NA	NA	NA	NA	NA	NA	NA
601	7	7	benefit_positive_truncnorm	benefit_positive_truncnorm	continuous	1	increasing	benefit	1	1	NA	2.25840413083163	4.60054099196934	700	252	420	700	700	252	452	0.64	0.354285714285714	7.43392375964677	24	24	0	2	1	10	4	1	5000	2500	1	0.99	14	10000	101600	0.5871	0.9948	0.583481657063865	-4.3871277430283	0.567719497871168	5.62108707804848	10.0082148210768	1.73249282643165	0.40563229924931	1.74069827311193	3.05810241272068	2.65247011347137	0.566947207345065	0.903007946262859	-9.90907051205613	0.781883625087954	11.7381451387368	21.647215650793	0.0851	0.990298059611922	5.05744916203479	0.680452789290318	4.96627060391238	9.88561761915594	9.20516482986563	2e-04	NA	NA	NA	NA	NA	NA	1	-1.67492247376777	2.80536529313233	1	-0.52591130439998	0.276582700095688	1	-3.69753304570648	13.6717506240915	1	0.456908170065451	0.208765075872559	1.00127326507469	4222.86704986624	0	1.00148187227382	10333.0788999775	0	NA	NA	NA	NA	NA	NA	NA	NA
592	7	7	benefit_positive_truncnorm	benefit_positive_truncnorm	continuous	1	increasing	benefit	1	1	NA	1.78725035263913	3.18762626067487	700	252	420	700	700	252	488	0.64	0.302857142857143	6.57680957277106	24	24	0	2	1	10	4	1	5000	2500	1	0.99	14	10000	101591	0.6708	0.9993	1.19368248371261	-4.27738882985436	1.24389479738101	6.41815554149378	10.6955443713481	2.19644523715591	0.887330997455446	2.20082734668143	3.50189681932451	2.61456582186906	0.631613183000867	1.72744885217492	-9.70698027761135	1.60447278361351	12.8631815923045	22.5701618699158	0.0776	0.9874	4.03807501680286	0.36898626558156	4.05526316485469	7.77988186417347	7.41089559859191	0	NA	NA	NA	NA	NA	NA	1	-0.59356786892651	0.352322815021959	1	0.409194884516786	0.167440453514706	1	-1.46017740849995	2.13211806429363	1	0.85044875612799	0.723263086799645	1.0021048580416	4315.22833579577	0	1.0020608182102	6933.19044766152	0	NA	NA	NA	NA	NA	NA	NA	NA
591	7	7	benefit_positive_truncnorm	benefit_positive_truncnorm	continuous	1	increasing	benefit	1	1	NA	2.10946693768064	4.02865804914833	700	252	420	700	700	252	488	0.64	0.302857142857143	6.6996657786699	24	24	0	2	1	10	4	1	5000	2500	1	0.99	14	10000	101590	0.6727	0.9999	1.26243127433712	-4.16769185115091	1.28188447314751	6.51331595666401	10.6810078078149	2.6201063886862	1.32168784524924	2.62029457523434	3.88786410699842	2.56617626174917	0.612513601741023	1.63231217178056	-9.75476765959852	1.49677918104603	12.6981015990264	22.4528692586249	0.081	0.9998	4.94965721470222	2.03068877588741	4.91825128705539	7.98561957342149	5.95493079753408	0	NA	NA	NA	NA	NA	NA	1	-0.847035663343521	0.717469414975798	1	0.510639451005564	0.260752648923264	1	-2.39634587736777	5.7424735639775	1	0.920999165553894	0.84823946295097	1.00122422815108	4049.47366286002	0	1.00149151975845	12357.9622604776	0	NA	NA	NA	NA	NA	NA	NA	NA
614	7	7	benefit_positive_truncnorm	benefit_positive_truncnorm	continuous	1	increasing	benefit	1	1	NA	1.57685968041861	2.78010656948066	700	252	420	700	700	252	484	0.64	0.308571428571429	6.51637619237436	24	24	0	2	1	10	4	1	5000	2500	1	0.99	14	10000	101613	0.6203	0.9991	0.82307337048219	-4.46494331968857	0.844881470526767	6.07980613583113	10.5447494555197	2.15981704493574	0.867704149885477	2.16386750938809	3.42304198470059	2.55533783481511	0.553532959931064	0.731162480091257	-10.5588959853145	0.737766366556825	11.7971253399408	22.3560213252553	0.0716	0.9932	4.45100980088499	1.16922759838531	4.40184777012835	7.93709404015864	6.76786644177334	0	NA	NA	NA	NA	NA	NA	1	-0.753786309936419	0.568193801047564	1	0.582957364517133	0.339839288844762	1	-2.0489440893894	4.19817188144376	1	1.67090323140433	2.79191760871744	1.00218217320103	4558.56288582222	0	1.00167894657993	11099.8294489005	0	NA	NA	NA	NA	NA	NA	NA	NA
605	7	7	benefit_positive_truncnorm	benefit_positive_truncnorm	continuous	1	increasing	benefit	1	1	NA	2.54536238252149	5.11641733216733	700	252	420	700	700	252	466	0.64	0.334285714285714	7.14242179693181	24	24	0	2	1	10	4	1	5000	2500	1	0.99	14	10000	101604	0.7749	1	1.9119000254892	-3.14010202466279	1.9401329329409	6.75749786561887	9.89759989028165	2.91954033029454	1.58180128487868	2.91638404241312	4.20819762614398	2.6263963412653	0.758781439722463	3.34851574687492	-7.31096348191358	3.22846619444752	13.4819914862429	20.7929549681565	0.0776	1	6.24480854226146	2.93759604136708	6.13450284558262	9.76379515196924	6.82619911060215	6e-04	NA	NA	NA	NA	NA	NA	1	-0.633462357032292	0.401274557776907	1	0.374177947773053	0.140009136599654	1	-1.76790158529241	3.12547601527941	1	1.12839121009414	1.27326672301771	1.0014366029288	4304.596010319	0	1.00193754939811	6818.13273136657	0	NA	NA	NA	NA	NA	NA	NA	NA
612	7	7	benefit_positive_truncnorm	benefit_positive_truncnorm	continuous	1	increasing	benefit	1	1	NA	1.7549940841577	3.35482017087948	700	252	420	700	700	252	448	0.64	0.36	7.82562780581542	24	24	0	2	1	10	4	1	5000	2500	1	0.99	14	10000	101611	0.6727	0.9998	1.16696324111697	-4.02313671180641	1.20810509785024	6.18310007862064	10.2062367904271	2.38375880448039	1.03174505979814	2.38673117915598	3.69228356695816	2.66053850716001	0.595825852782765	1.28158794530987	-9.45338933317078	1.25929390547749	11.976875674896	21.4302650080668	0.1088	0.999799075748443	6.10794647637352	2.69459210592247	5.97176107523862	9.97277223932519	7.27818013340272	0.0046	NA	NA	NA	NA	NA	NA	1	-0.588030843040727	0.345780272367188	1	0.628764720322691	0.395345073522471	1	-2.07323222556961	4.29829186114033	1	2.75312630549404	7.57970445400324	1.00139600568998	4383.90164313819	0	1.0020443333882	11699.8486994251	0	NA	NA	NA	NA	NA	NA	NA	NA
615	7	7	benefit_positive_truncnorm	benefit_positive_truncnorm	continuous	1	increasing	benefit	1	1	NA	1.7828652077085	2.78225312512928	700	252	420	700	700	252	499	0.64	0.287142857142857	6.78957044989475	24	24	0	2	1	10	4	1	5000	2500	1	0.99	14	10000	101614	0.6116	0.9843	0.754432137693182	-4.46303510189469	0.762769668059897	5.9963565456333	10.459391647528	1.43033078015105	0.118579025984421	1.43447136303445	2.71228697012297	2.59370794413855	0.553443406474039	0.814402441057746	-10.6862594961444	0.698048300513256	12.041737827599	22.7279973237434	0.0794	0.9904	2.76751011738421	0.366092891833965	2.81722757949665	5.36049979604648	4.99440690421251	0	NA	NA	NA	NA	NA	NA	1	-1.02843307001532	1.05767457950113	1	-0.352534427557452	0.124280522613261	1	-1.96785068407153	3.87243631480079	1	-0.0147430077450634	0.000217356277371	1.00151993082562	4424.04478959017	0	1.00174836162613	7009.37321229574	0	NA	NA	NA	NA	NA	NA	NA	NA
618	7	7	benefit_positive_truncnorm	benefit_positive_truncnorm	continuous	1	increasing	benefit	1	1	NA	1.29553767454668	2.28291387621676	700	252	420	700	700	252	513	0.64	0.267142857142857	5.45712416946161	24	24	0	2	1	10	4	1	5000	2500	1	0.99	14	10000	101617	0.5159	0.8179	0.0643590892650848	-5.4051611777764	0.105346069124082	5.38985600446642	10.7950171822428	0.61699473823886	-0.714883717228931	0.615447478245314	1.94294000971047	2.6578237269394	0.531857395281156	0.419897205046068	-11.0039265181133	0.344073797618754	11.5850244746971	22.5889509928105	0.0379	0.6772	0.558147651009714	-1.55589817975388	0.418211252244766	3.2019234737053	4.75782165345918	0	NA	NA	NA	NA	NA	NA	1	-1.2311785852816	1.51580070885599	1	-0.678542936307821	0.46042051641324	1	-1.86301667117069	3.47083111705993	1	-1.72476622520705	2.97481853161496	1.00131994986627	4176.32047282512	0	1.00111612362579	11482.6527833887	0	NA	NA	NA	NA	NA	NA	NA	NA
598	7	7	benefit_positive_truncnorm	benefit_positive_truncnorm	continuous	1	increasing	benefit	1	1	NA	2.13347674139951	4.52271138141298	700	252	420	700	700	252	451	0.64	0.355714285714286	7.8520671184328	24	24	0	2	1	10	4	1	5000	2500	1	0.99	14	10000	101597	0.597	0.9982	0.607249333479606	-4.49454719781315	0.634768887897543	5.59331739449877	10.0878645923119	1.98468826408131	0.64590926122429	1.98339064295249	3.31942919838989	2.6735199371656	0.560592459605027	0.750944981892966	-10.2347865150925	0.739154783429408	11.3017396586956	21.5365261737881	0.1088	0.998190954773869	6.13248486366383	1.54559683928742	6.11570697031115	11.1649992950309	9.61940245574345	0.005	NA	NA	NA	NA	NA	NA	1	-1.52622740791991	2.32937010068592	1	-0.148788477318206	0.0221380109826703	1	-3.77176639952002	14.2262217725482	1	1.60977348225084	2.59137066415801	1.00152535833234	4334.34387441212	0	1.00131024894735	11671.9725087682	0	NA	NA	NA	NA	NA	NA	NA	NA
620	7	7	benefit_positive_truncnorm	benefit_positive_truncnorm	continuous	1	increasing	benefit	1	1	NA	1.72186498682567	3.29488572403346	700	252	420	700	700	252	482	0.64	0.311428571428571	6.46309212819371	24	24	0	2	1	10	4	1	5000	2500	1	0.99	14	10000	101619	0.5728	0.9984	0.531154737972961	-4.73485899274177	0.521408816263567	5.83738841184946	10.5722474045912	2.02257872330207	0.662544660673477	2.02313822105598	3.33746447411454	2.67491981344106	0.542521367521367	0.655057996738146	-10.4223838785757	0.548849975559622	11.7858346661955	22.2082185447711	0.064	0.989	3.87588002201266	0.669180875498897	3.83820514305216	7.8163211438399	7.14714026834101	0	NA	NA	NA	NA	NA	NA	1	-1.19071024885271	1.41779089672288	1	0.300713736476403	0.0904287513055993	1	-2.63982772729531	6.96869042979714	1	0.5809942979792	0.337554374284344	1.0015924189776	4442.46775797575	0	1.00194957528314	10857.2556747754	0	NA	NA	NA	NA	NA	NA	NA	NA
603	7	7	benefit_positive_truncnorm	benefit_positive_truncnorm	continuous	1	increasing	benefit	1	1	NA	2.36491554891239	4.38144106671347	700	252	420	700	700	252	454	0.64	0.351428571428571	8.45765154337407	24	24	0	2	1	10	4	1	5000	2500	1	0.99	14	10000	101602	0.7736	0.9996	1.81765382335519	-2.96050736728072	1.87085811451083	6.55159517825698	9.5121025455377	2.31440300363408	1.01278175485178	2.31828202292867	3.61862036103812	2.60583860618634	0.625317332102469	1.66705269314026	-8.76391149282015	1.54971000065208	11.525623591093	20.2895350839132	0.1334	0.99039903990399	5.25982870820889	0.750393908840244	5.23547317269642	9.84680373967608	9.09640983083584	1e-04	NA	NA	NA	NA	NA	NA	1	-0.547261725557208	0.299495396259852	1	-0.0505125452783122	0.00255151723049354	1	-2.71438837357322	7.36790424258946	1	0.878387641495418	0.771564848731882	1.00183733905971	4729.39525841829	0	1.00136371316807	12156.1717063102	0	NA	NA	NA	NA	NA	NA	NA	NA
613	7	7	benefit_positive_truncnorm	benefit_positive_truncnorm	continuous	1	increasing	benefit	1	1	NA	2.27229285105505	4.3376256490426	700	252	420	700	700	252	474	0.64	0.322857142857143	7.84652392297545	24	24	0	2	1	10	4	1	5000	2500	1	0.99	14	10000	101612	0.6458	0.999	0.923801326057538	-4.22054960009531	0.953724531035495	5.93056914195747	10.1511187420528	2.02985017674529	0.728016096785592	2.02999009905734	3.31704644313414	2.58903034634855	0.584477945281965	1.13017805980625	-9.5918994978381	1.11637623764017	11.6454711252391	21.2373706230772	0.1045	0.9997	4.78782010407138	2.04488484682959	4.73745571486228	7.84485043481225	5.79996558798266	0	NA	NA	NA	NA	NA	NA	1	-1.34849152499751	1.81842939299012	1	-0.242442674309757	0.0587784503264671	1	-3.20744758923634	10.287720037698	1	0.450194455028778	0.202675047338658	1.00158497940173	4366.23793723434	0	1.00230716130101	12672.2083092043	0	NA	NA	NA	NA	NA	NA	NA	NA
616	7	7	benefit_positive_truncnorm	benefit_positive_truncnorm	continuous	1	increasing	benefit	1	1	NA	2.3593008436155	5.17952319968062	700	252	420	700	700	252	443	0.64	0.367142857142857	8.07321279246033	24	24	0	2	1	10	4	1	5000	2500	1	0.99	14	10000	101615	0.7941	1	1.95503334375611	-2.78849754545784	1.98083040738606	6.49733380334914	9.28583134880697	3.12702532956377	1.82595081733493	3.12473990859139	4.4128979824638	2.58694716512887	0.773091707852828	3.4112634922706	-7.04997929608347	3.29489736783996	13.0823697829937	20.1323490790772	0.0895	1	9.14233410705987	5.03337663843205	9.30982983337563	13.1690848461285	8.13570820769648	0.0297	NA	NA	NA	NA	NA	NA	1	-0.404267499859384	0.163432211442557	1	0.76772448594827	0.589400886324535	1	-1.76825970741002	3.12674239284976	1	3.96281090737926	15.703870287644	1.0014875698221	4502.19040730895	0	1.00132230410508	10818.2140585075	0	NA	NA	NA	NA	NA	NA	NA	NA
600	7	7	benefit_positive_truncnorm	benefit_positive_truncnorm	continuous	1	increasing	benefit	1	1	NA	1.65980462296957	3.06739578989782	700	252	420	700	700	252	467	0.64	0.332857142857143	6.78721579727636	24	24	0	2	1	10	4	1	5000	2500	1	0.99	14	10000	101599	0.6297	0.9965	0.89382941882878	-4.57951707101392	0.927533799447823	6.13409004886327	10.7136071198772	1.82862606826042	0.498114411186443	1.8227466114888	3.17870864863503	2.68059423744859	0.589562764456982	1.25383589841997	-10.107036098886	1.17071814682762	12.1304462901306	22.2374823890167	0.0783	0.9988	5.14703755049195	2.08587846654029	5.18386008065065	8.01034894701782	5.92447048047754	0	NA	NA	NA	NA	NA	NA	1	-0.765975204140794	0.586718013358531	1	0.168821445290845	0.0285006803900898	1	-1.81355989147785	3.28899947997715	1	2.07964176059413	4.32490985240707	1.00162705061638	4733.60977562104	0	1.00165596756968	11568.7146459059	0	NA	NA	NA	NA	NA	NA	NA	NA
619	7	7	benefit_positive_truncnorm	benefit_positive_truncnorm	continuous	1	increasing	benefit	1	1	NA	1.65560684663697	3.08035833411605	700	252	420	700	700	252	476	0.64	0.32	6.8709281974129	24	24	0	2	1	10	4	1	5000	2500	1	0.99	14	10000	101618	0.6902	0.9967	1.32087172056678	-3.94916536268984	1.37890989612532	6.35924034243259	10.3084057051224	1.82408224352952	0.53492854711056	1.82515484352677	3.13134244055024	2.59641389343968	0.619078947368421	1.66506754882493	-10.0346459942	1.59300924659487	12.7670849219029	22.8017309161029	0.088	0.9875	3.67769291464747	0.516540609616201	3.48687950723187	7.73276448142916	7.21622387181296	0	NA	NA	NA	NA	NA	NA	1	-0.33473512607019	0.112047604625226	1	0.168475396892554	0.0283839593581035	1	-1.41529078529112	2.00304800692996	1	0.597334580531419	0.356808601098647	1.00158952923095	4690.50845974989	0	1.00132066136039	6835.8827711511	0	NA	NA	NA	NA	NA	NA	NA	NA
604	7	7	benefit_positive_truncnorm	benefit_positive_truncnorm	continuous	1	increasing	benefit	1	1	NA	1.25514751487477	2.2246038844642	700	252	420	700	700	252	503	0.64	0.281428571428571	6.05931744090087	24	24	0	2	1	10	4	1	5000	2500	1	0.99	14	10000	101603	0.5686	0.7457	0.443234187035125	-4.91874019287617	0.481664309685427	5.54800206667709	10.4667422595533	0.441804869848662	-0.8728626289125	0.437600483888996	1.76040062378634	2.63326325269884	0.613169595596019	1.37139075503764	-10.3551047361209	1.34342040769581	12.3017905637015	22.6568952998224	0.0554	0.3577	-0.615234011994602	-3.63728709018999	-0.611852345824227	2.18901381959344	5.82630090978343	0	NA	NA	NA	NA	NA	NA	1	-0.811913327839641	0.65920325192364	1	-0.813342645026104	0.661526258218059	1	-0.853213129426555	0.727972644225855	0	-2.8398378964588	8.06467927816354	1.00131748483425	4285.36274124415	0	1.00170391478312	6628.06970492436	0	NA	NA	NA	NA	NA	NA	NA	NA
617	7	7	benefit_positive_truncnorm	benefit_positive_truncnorm	continuous	1	increasing	benefit	1	1	NA	1.46828526986075	2.28612211123578	700	252	420	700	700	252	483	0.64	0.31	6.51696230703719	24	24	0	2	1	10	4	1	5000	2500	1	0.99	14	10000	101616	0.6913	1	1.38716906390231	-4.01554003508952	1.42654752345283	6.50301003238528	10.5185500674748	2.67007856568824	1.38023142737996	2.67290318692359	3.94436668679534	2.56413525941538	0.645487831143657	2.05702068887966	-9.02840477680749	1.90731517156894	12.8758908947788	21.9042956715863	0.0714	1	5.64839658962726	2.67057906224074	5.6940094189595	8.78476339797925	6.11418433573851	0	NA	NA	NA	NA	NA	NA	1	-0.0811162059584369	0.00657983886909156	1	1.20179329582749	1.44430712589589	1	-0.229101422356113	0.0524874617255942	0	3.36227447839149	11.3048896680427	1.00221352505633	4299.42361437954	0	1.00148007466415	6105.52284110752	0	NA	NA	NA	NA	NA	NA	NA	NA
624	7	7	benefit_positive_truncnorm	benefit_positive_truncnorm	continuous	1	increasing	benefit	1	1	NA	2.10821204528808	4.59282932746706	700	252	420	700	700	252	476	0.64	0.32	6.88443193103503	24	24	0	2	1	10	4	1	5000	2500	1	0.99	14	10000	101623	0.5233	0.9879	0.112353929188745	-5.4238217774318	0.153000520306761	5.43427567491332	10.8580974523451	1.51531663574639	0.201581285804692	1.51958262288493	2.82393051872002	2.62234923291533	0.515799761103269	0.11215486470642	-11.270548664474	0.207049081052924	11.4848378654688	22.7553865299427	0.0791	0.9514	3.10209843762433	-0.487319031417412	3.0503625568553	7.1285650561215	7.61588408753891	0	NA	NA	NA	NA	NA	NA	1	-1.99585811609934	3.98344961959961	1	-0.592895409541698	0.351524966655618	1	-4.48067446276064	20.0764436412354	1	-1.49073088984274	2.22227858593132	1.00230708786249	4453.65104765572	0	1.00219760019304	10433.6088866193	0	NA	NA	NA	NA	NA	NA	NA	NA
636	7	7	benefit_positive_truncnorm	benefit_positive_truncnorm	continuous	1	increasing	benefit	1	1	NA	2.24207569764927	4.81486587513704	700	252	420	700	700	252	489	0.64	0.301428571428571	6.78073591477644	24	24	0	2	1	10	4	1	5000	2500	1	0.99	14	10000	101635	0.6298	0.9986	0.877515927183188	-4.49625130027467	0.953428634986905	6.10885682231157	10.6051081225862	1.92250769366683	0.594846455871487	1.93508883876587	3.21204961345972	2.61720315758824	0.598606120004356	1.31138472271534	-10.2209307729435	1.22825017633854	12.1548653125506	22.375796085494	0.0817	0.9904	4.08863209743727	0.689873706203267	3.98312560398896	7.34917633112755	6.65930262492428	0	NA	NA	NA	NA	NA	NA	1	-1.36455977046608	1.86202336717445	1	-0.319568003982435	0.102123709169318	1	-3.5034811524217	12.2743801853741	1	-0.72623377769977	0.527415499872079	1.00171224629019	4468.21889809271	0	1.00137567240587	7201.87690431199	0	NA	NA	NA	NA	NA	NA	NA	NA
611	7	7	benefit_positive_truncnorm	benefit_positive_truncnorm	continuous	1	increasing	benefit	1	1	NA	2.42317362393198	5.52060855031387	700	252	420	700	700	252	465	0.64	0.335714285714286	6.7638320115684	24	24	0	2	1	10	4	1	5000	2500	1	0.99	14	10000	101610	0.549	0.9995	0.355648727009761	-5.00969535097899	0.362422476748761	5.7852788542015	10.7949742051805	2.12965829250596	0.807764898117696	2.12478040152448	3.42034696831806	2.61258207020036	0.536577435786279	0.597675874018599	-10.725466381272	0.458693055951088	12.0458111327056	22.7712775139776	0.0773	0.991799179917992	5.37088325587322	0.854101018269163	5.25401588229992	11.0477700139793	10.1936689957102	1e-04	NA	NA	NA	NA	NA	NA	1	-2.06752489692222	4.27465919939322	1	-0.293515331426017	0.0861512497821246	1	-4.92293267629527	24.2352661353357	1	-0.149725294440651	0.0224176637953395	1.0013566767926	4329.70850988871	0	1.00142707040101	10651.6048682084	0	NA	NA	NA	NA	NA	NA	NA	NA
628	7	7	benefit_positive_truncnorm	benefit_positive_truncnorm	continuous	1	increasing	benefit	1	1	NA	2.25609545640188	4.58592723286349	700	252	420	700	700	252	482	0.64	0.311428571428571	6.36399874397891	24	24	0	2	1	10	4	1	5000	2500	1	0.99	14	10000	101627	0.7103	0.9974	1.52357819163116	-3.78485024805286	1.58870654429211	6.64038042858814	10.425230676641	1.83030334814379	0.507652560735566	1.83167999519813	3.13582902097942	2.62817646024385	0.693065068493151	2.6880794962761	-8.08337498422104	2.51510590883925	13.2618117306461	21.3451867148671	0.0656	0.9816	3.46385937088569	0.163947315122734	3.36593358314417	7.104140423435	6.94019310831227	0	NA	NA	NA	NA	NA	NA	1	-0.732517264770727	0.536581543187188	1	-0.425792108258096	0.181298919454874	1	-1.89784773658739	3.60182603126989	1	-1.1220678619778	1.25903628688342	1.00213590244665	4509.46784271272	0	1.00116571223825	10331.4808776622	0	NA	NA	NA	NA	NA	NA	NA	NA
599	7	7	benefit_positive_truncnorm	benefit_positive_truncnorm	continuous	1	increasing	benefit	1	1	NA	1.65719161714423	3.01455880917638	700	252	420	700	700	252	476	0.64	0.32	7.97584335970059	24	24	0	2	1	10	4	1	5000	2500	1	0.99	14	10000	101598	0.6279	0.9984	0.816633379011414	-4.42022877396932	0.872647429870934	5.9479671179263	10.3681958918956	1.89981058793501	0.597096954480286	1.90222085305453	3.1672574634408	2.57016050896051	0.599012123933543	1.24314481383862	-9.83509796652901	1.26043660124633	11.6268024967765	21.4619004633055	0.1092	0.9981	4.0546685319574	1.11657522294869	3.98638336765772	7.1182068695214	6.0016316465727	0	NA	NA	NA	NA	NA	NA	1	-0.840558238132816	0.706538151692943	1	0.24261897079078	0.0588639649875776	1	-1.77141399533776	3.13790754287847	1	1.04010972278102	1.08182823542361	1.0018801549461	4816.75363162545	0	1.00111344918462	7077.92026821411	0	NA	NA	NA	NA	NA	NA	NA	NA
637	7	7	benefit_positive_truncnorm	benefit_positive_truncnorm	continuous	1	increasing	benefit	1	1	NA	2.18819282347503	4.19367211839039	700	252	420	700	700	252	493	0.64	0.295714285714286	6.60354865763047	24	24	0	2	1	10	4	1	5000	2500	1	0.99	14	10000	101636	0.5817	0.9875	0.523875786438654	-4.80031402263078	0.53531218594656	5.7540344573458	10.5543484799766	1.47781956920066	0.218847664232578	1.4749595168987	2.75415814079669	2.53531047656411	0.555591854513775	0.790292960494172	-10.6311525227375	0.706541926445838	12.0079940325699	22.6391465553074	0.0817	0.9763	2.73097775180018	0.0395518220566221	2.78544615276771	5.12030063694233	5.08074881488571	0	NA	NA	NA	NA	NA	NA	1	-1.66431703703638	2.76995119976955	1	-0.710373254274373	0.504630160388362	1	-3.40337915789622	11.5829896924024	1	-1.46269436659021	2.13947481005474	1.00139586079234	4647.73113004087	0	1.00154033233682	10256.5702651947	0	NA	NA	NA	NA	NA	NA	NA	NA
627	7	7	benefit_positive_truncnorm	benefit_positive_truncnorm	continuous	1	increasing	benefit	1	1	NA	2.34388621204391	4.71204997339991	700	252	420	700	700	252	487	0.64	0.304285714285714	7.45577222926412	24	24	0	2	1	10	4	1	5000	2500	1	0.99	14	10000	101626	0.6717	0.9985	1.13936248179722	-3.90346850745793	1.15552703641464	5.99702012583669	9.90048863329462	1.90977937412835	0.622196068931764	1.90741930438805	3.19878894380209	2.57659287487032	0.603007353748216	1.37283288233289	-9.37945136412972	1.26245475913741	11.7216469761467	21.1010983402765	0.0889	0.9993	4.14159336996559	1.61357122085	4.0434155772896	7.2650257091793	5.6514544883293	0	NA	NA	NA	NA	NA	NA	1	-1.20452373024668	1.45087741672738	1	-0.434106837915561	0.188448746725047	1	-3.33921709106702	11.1503707812741	1	-0.570456603434319	0.32542073640182	1.00172234430914	4539.6533451704	0	1.00138986698827	11063.5619553868	0	NA	NA	NA	NA	NA	NA	NA	NA
643	7	7	benefit_positive_truncnorm	benefit_positive_truncnorm	continuous	1	increasing	benefit	1	1	NA	1.72538551352947	2.94397427908745	700	252	420	700	700	252	501	0.64	0.284285714285714	6.66932831072239	24	24	0	2	1	10	4	1	5000	2500	1	0.99	14	10000	101642	0.5892	0.9845	0.622343811923106	-4.62171381689902	0.606407677193749	5.82237025882072	10.4440840757197	1.3992258138242	0.138372076819765	1.40657115957245	2.6513118818156	2.51293980499583	0.540289479369194	0.508044454312521	-11.0118937930758	0.508522156702743	11.6938965220451	22.7057903151209	0.0742	0.8696	1.58083708147032	-1.13462263879465	1.6223403275355	4.01898024966006	5.15360288845471	0	NA	NA	NA	NA	NA	NA	1	-1.10304170160637	1.21670099548267	1	-0.326159699705278	0.106380149711837	1	-2.43592982477492	5.933754111228	1	-1.36313719761712	1.85814301952746	1.00145135696611	4554.63454547346	0	1.00145616345378	9240.93199430249	0	NA	NA	NA	NA	NA	NA	NA	NA
622	7	7	benefit_positive_truncnorm	benefit_positive_truncnorm	continuous	1	increasing	benefit	1	1	NA	1.86444843509389	3.31408396541105	700	252	420	700	700	252	473	0.64	0.324285714285714	7.30264425365755	24	24	0	2	1	10	4	1	5000	2500	1	0.99	14	10000	101621	0.6062	0.9947	0.680598951615961	-4.22780016665313	0.669852557253818	5.49783924662449	9.72563941327762	1.77612228124947	0.416942441165851	1.77957301258537	3.09328208424781	2.67633964308196	0.550120113561913	0.705399168399323	-10.1593715038879	0.589851971742241	11.4584875800119	21.6178590838998	0.0842	0.9854	3.94895956476793	0.359462668432194	3.82377744574514	8.00144603873015	7.64198337029795	0	NA	NA	NA	NA	NA	NA	1	-1.18384948347793	1.40149959953096	1	-0.0883261538444171	0.00780150945294764	1	-2.60868479701173	6.80523637016011	1	0.634875599356885	0.403067026658764	1.00156440025129	4330.26753018178	0	1.0020995234251	10189.4350258204	0	NA	NA	NA	NA	NA	NA	NA	NA
623	7	7	benefit_positive_truncnorm	benefit_positive_truncnorm	continuous	1	increasing	benefit	1	1	NA	2.00388555218214	4.00305072415203	700	252	420	700	700	252	482	0.64	0.311428571428571	6.71349814811256	24	24	0	2	1	10	4	1	5000	2500	1	0.99	14	10000	101622	0.5708	0.9923	0.507930653477618	-4.81564229779648	0.497191480967723	5.81692134249172	10.6325636402882	1.64416249684806	0.347181828696976	1.6449984745185	2.94277904088785	2.59559721219087	0.55271943995692	0.697624598683152	-10.5561605447118	0.656945508200184	11.860799219492	22.4169597642038	0.0715	0.9658	3.08410868652605	-0.215844522454692	2.98795749789375	6.65752193258293	6.87336645503762	0	NA	NA	NA	NA	NA	NA	1	-1.49595489870452	2.23788105895805	1	-0.359723055334079	0.129400676538885	1	-3.30542612546888	10.9258418709322	1	-0.91894203762598	0.844454468516187	1.00155081778217	4427.39301462929	0	1.00127920324308	6906.7666094063	0	NA	NA	NA	NA	NA	NA	NA	NA
639	7	7	benefit_positive_truncnorm	benefit_positive_truncnorm	continuous	1	increasing	benefit	1	1	NA	1.7660063323091	3.50959443867634	700	252	420	700	700	252	483	0.64	0.31	6.16260491103603	24	24	0	2	1	10	4	1	5000	2500	1	0.99	14	10000	101638	0.571	0.9222	0.48378497746467	-4.58629800890991	0.481424858232359	5.534731219789	10.1210292286989	0.975380268634464	-0.36361379871279	0.97571615146571	2.31043900908877	2.67405280780156	0.567459482214271	0.889438126062284	-10.1963963810738	0.867285645886432	11.6485368033315	21.8449331844054	0.0498	0.8437	1.7459623485445	-1.39327241658979	1.61803342288952	5.18275533094477	6.57602774753456	0	NA	NA	NA	NA	NA	NA	1	-1.28222135484443	1.6440916028191	1	-0.790626063674639	0.625089572561655	1	-2.62015631261406	6.86521910253132	1	-1.76363209013184	3.1103981493428	1.00199061334956	4499.55360413289	0	1.00171024258706	6634.55531301826	0	NA	NA	NA	NA	NA	NA	NA	NA
645	7	7	benefit_positive_truncnorm	benefit_positive_truncnorm	continuous	1	increasing	benefit	1	1	NA	1.53724435284029	3.12952617328002	700	252	420	700	700	252	490	0.64	0.3	6.63207674785165	24	24	0	2	1	10	4	1	5000	2500	1	0.99	14	10000	101644	0.5419	0.9966	0.221721271116151	-5.15551878381389	0.264343302392588	5.41807089544408	10.573589679258	1.80866878670889	0.532802591738833	1.80544909507058	3.09101541255705	2.55821282081821	0.545425013535463	0.615100342894095	-10.7151509404765	0.576272218480307	11.7809883294294	22.4961392699058	0.0765	0.9973	4.43389833306039	1.50055496517615	4.46690476816329	7.26351658346937	5.76296161829322	0	NA	NA	NA	NA	NA	NA	1	-1.31552308172414	1.73060097854898	1	0.271424433868601	0.0736712233008905	1	-2.51442583038593	6.32233725651197	1	1.30437215978037	1.70138673121011	1.00185483334708	4402.2725715868	0	1.00128254644912	6294.89237123312	0	NA	NA	NA	NA	NA	NA	NA	NA
646	7	7	benefit_positive_truncnorm	benefit_positive_truncnorm	continuous	1	increasing	benefit	1	1	NA	2.24378606665288	4.57626011559694	700	252	420	700	700	252	483	0.64	0.31	7.78837066081684	24	24	0	2	1	10	4	1	5000	2500	1	0.99	14	10000	101645	0.7732	1	2.00375798607341	-3.29606039014709	2.07025420482769	6.99257605444005	10.2886364445871	2.74594834538249	1.44720125886668	2.75007536421806	4.0019234563796	2.55472219751291	0.693552036199095	2.64003375298935	-8.0815338810047	2.5091841494091	12.6497258715559	20.7312597525606	0.116	0.9998	5.65880124265854	2.64223631622021	5.58449729971909	9.18291683315362	6.54068051693341	0	NA	NA	NA	NA	NA	NA	1	-0.240028080579472	0.0576134794666656	1	0.502162278729606	0.252166954178911	1	-1.93622636260759	3.74897252725663	1	1.0825411270616	1.17189529177979	1.00142593138166	4679.25886335165	0	1.00197491659054	10044.5933912915	0	NA	NA	NA	NA	NA	NA	NA	NA
644	7	7	benefit_positive_truncnorm	benefit_positive_truncnorm	continuous	1	increasing	benefit	1	1	NA	2.02849164984896	3.90098269304855	700	252	420	700	700	252	507	0.64	0.275714285714286	6.4462479570518	24	24	0	2	1	10	4	1	5000	2500	1	0.99	14	10000	101643	0.7268	0.9999	1.62810606209017	-3.73890480398989	1.67242395508864	6.80680274881327	10.5457075528032	2.39950674137626	1.10900621964909	2.38989890615593	3.70762812349113	2.59862190384204	0.682478218780252	2.46023404101915	-8.56876174463226	2.32731933322652	13.1415198171662	21.7102815617985	0.0703	0.999	3.86247571806504	1.44519012632368	3.87223031953517	6.28524365901163	4.84005353268795	0	NA	NA	NA	NA	NA	NA	1	-0.400385587758786	0.160308618884949	1	0.371015091527297	0.137652198141008	1	-1.44074865202939	2.07575667832452	1	-0.0385069749835059	0.00148278712238035	1.00223552388246	4291.53556511266	0	1.00165578935622	11601.4906910207	0	NA	NA	NA	NA	NA	NA	NA	NA
610	7	7	benefit_positive_truncnorm	benefit_positive_truncnorm	continuous	1	increasing	benefit	1	1	NA	1.88343848404953	3.47280737671642	700	252	420	700	700	252	470	0.64	0.328571428571429	6.90883697790378	24	24	0	2	1	10	4	1	5000	2500	1	0.99	14	10000	101609	0.7959	1	2.32760000742347	-3.04682878194949	2.36710479525766	7.54510128896747	10.591930070917	3.33496291552357	2.04734933138057	3.33417160366569	4.61966777636095	2.57231844498038	0.699854732372332	2.83556947220716	-8.17861963052093	2.6573780905278	13.4320429479578	21.6106625784788	0.1051	1	5.85326064043189	3.2918513226097	5.64762674232678	9.09876012212487	5.80690879951517	1e-04	NA	NA	NA	NA	NA	NA	1	0.444161523373936	0.197279458845856	0	1.45152443147404	2.10692317516602	1	-0.637237904509262	0.406072146943355	1	2.38045326371547	5.66655774073361	1.00140924163694	4065.67298276736	0	1.00164708807243	7193.41961647797	0	NA	NA	NA	NA	NA	NA	NA	NA
621	7	7	benefit_positive_truncnorm	benefit_positive_truncnorm	continuous	1	increasing	benefit	1	1	NA	2.03988223950779	4.01775593792481	700	252	420	700	700	252	488	0.64	0.302857142857143	7.00596347592685	24	24	0	2	1	10	4	1	5000	2500	1	0.99	14	10000	101620	0.3454	1	-1.08476387723833	-6.22678433626172	-1.1379188240983	4.26054853712946	10.4873328733912	2.43100286448886	1.174119222288	2.43173215855549	3.71406357064223	2.53994434835423	0.262120573355818	-2.80984285012245	-13.3895694746141	-2.72547448702691	8.72277230091687	22.1123417755309	0.0512	0.9998	5.18755734231503	2.62508459156709	4.95593843665233	8.70914480704839	6.0840602154813	0	NA	NA	NA	NA	NA	NA	1	-3.12464611674611	9.76341335489657	1	0.391120624981076	0.152975343285588	1	-6.82759878804726	46.6161052105445	1	1.16980140439022	1.36843532571332	1.0019308551268	3848.32830938306	0	1.00155936671485	5423.41961212191	0	NA	NA	NA	NA	NA	NA	NA	NA
626	7	7	benefit_positive_truncnorm	benefit_positive_truncnorm	continuous	1	increasing	benefit	1	1	NA	1.69678149367986	3.2302394220276	700	252	420	700	700	252	487	0.64	0.304285714285714	7.22609113752044	24	24	0	2	1	10	4	1	5000	2500	1	0.99	14	10000	101625	0.6997	0.9996	1.31541505169236	-3.59656157150004	1.34547628749773	6.11019263442089	9.70675420592092	2.42094774291135	1.15407019700795	2.41821548762853	3.68451102926046	2.53044083225251	0.666809697489809	2.10650912682923	-8.52104806228352	1.92260788485605	12.3041982215681	20.8252462838516	0.0678	0.9993	5.13448338641772	2.02871070122961	5.00260875623946	8.86946396063537	6.84075325940576	0	NA	NA	NA	NA	NA	NA	1	-0.381366441987502	0.145440363074207	1	0.724166249231494	0.524416756526011	1	-1.12373029519837	1.26276977634662	1	1.90424396439012	3.6261450759162	1.00133717183548	4601.2036900358	0	1.00188041137364	14893.2511340357	0	NA	NA	NA	NA	NA	NA	NA	NA
651	7	7	benefit_positive_truncnorm	benefit_positive_truncnorm	continuous	1	increasing	benefit	1	1	NA	1.7731978651254	3.52096333414636	700	252	420	700	700	252	503	0.64	0.281428571428571	5.9486636896779	24	24	0	2	1	10	4	1	5000	2500	1	0.99	14	10000	101650	0.5121	0.976	0.0726464061876816	-5.71725061176123	0.0839868834339956	5.82841619653335	11.5456668082946	1.3138620953411	0.0084569877102421	1.31361168567566	2.62735086515788	2.61889387744764	0.511394030170108	0.177418584603055	-11.7705645696639	0.137735252440741	12.2791088459229	24.0496734155867	0.0653	0.7195	1.10742755589252	-1.72216727049641	0.99346699149979	5.01216548483978	6.73433275533618	0	NA	NA	NA	NA	NA	NA	1	-1.70055145893771	2.89187526449519	1	-0.459335769784291	0.210989349403327	1	-3.34354474954331	11.1792914921986	1	-2.41353577825384	5.82515495291138	1.00116245706938	4508.34320262868	0	1.00145685481357	10313.4061768322	0	NA	NA	NA	NA	NA	NA	NA	NA
642	7	7	benefit_positive_truncnorm	benefit_positive_truncnorm	continuous	1	increasing	benefit	1	1	NA	1.74013647742512	3.3015680703798	700	252	420	700	700	252	490	0.64	0.3	6.93446613819617	24	24	0	2	1	10	4	1	5000	2500	1	0.99	14	10000	101641	0.4885	0.9237	-0.0859348036260412	-5.39941076807613	-0.0843631984742865	5.2252230424894	10.6246338105655	0.947699525997612	-0.361377053885314	0.951923463533788	2.23972478629594	2.60110184018126	0.501364777814172	-1.1143867120962e-06	-11.3256042721668	0.0222343714635809	11.4193975695373	22.745001841704	0.0841	0.812	1.42183767599112	-1.63948424403532	1.36535492685705	5.01682383500358	6.65630807903891	0	NA	NA	NA	NA	NA	NA	1	-1.82607128105116	3.33453632347981	1	-0.792436951427504	0.627956321987717	1	-3.30156918476651	10.9003590817998	1	-1.87973039438867	3.5333863555886	1.00153710534347	4323.10605772545	0	1.00120385275862	10883.9483582483	0	NA	NA	NA	NA	NA	NA	NA	NA
638	7	7	benefit_positive_truncnorm	benefit_positive_truncnorm	continuous	1	increasing	benefit	1	1	NA	1.79621510880285	3.11625991104222	700	252	420	700	700	252	493	0.64	0.295714285714286	6.03142905182167	24	24	0	2	1	10	4	1	5000	2500	1	0.99	14	10000	101637	0.4362	1	-0.377857217866017	-5.24094484110953	-0.444295209130196	4.76052290192041	10.0014677430299	2.94165467853672	1.62388583227022	2.94110796258918	4.24840047389854	2.62451464162832	0.266967397990568	-2.51995267395263	-13.0127076415979	-2.4413704570505	8.94234808371674	21.9550557253146	0.0246	0.9998	5.04659650138028	2.11208941704288	5.02162523925937	8.16936010569517	6.0572706886523	0	NA	NA	NA	NA	NA	NA	1	-2.17407232666887	4.72659048158737	1	1.14543956973387	1.31203180791211	1	-5.63621258499485	31.7668923032544	1	1.93033659033806	3.72619935199796	1.00209565759112	4322.19036898266	0	1.00207169635399	10882.6196103613	0	NA	NA	NA	NA	NA	NA	NA	NA
607	7	7	benefit_positive_truncnorm	benefit_positive_truncnorm	continuous	1	increasing	benefit	1	1	NA	2.69019251212873	5.54566649410266	700	252	420	700	700	252	463	0.64	0.338571428571429	7.62538478660727	24	24	0	2	1	10	4	1	5000	2500	1	0.99	14	10000	101606	0.7171	0.9981	1.39499781699947	-3.61593777547185	1.46806572161871	6.21078250116584	9.82672027663768	1.89514605848343	0.61412193897757	1.89511521750597	3.18543072914035	2.57130879016278	0.653447896012338	2.01070675075533	-8.78943738588929	1.89051873282733	12.3501586312262	21.1395960171155	0.0922	0.989	3.74114638264815	0.606125808751399	3.56586839229963	7.45884405985344	6.85271825110204	0	NA	NA	NA	NA	NA	NA	1	-1.29519469512926	1.67752929829097	1	-0.795046453645303	0.632098863453973	1	-3.53495974334733	12.4959403870862	1	-1.80452011145451	3.25629283264381	1.00151248065062	4446.61815698202	0	1.00214307175167	13766.4417703175	0	NA	NA	NA	NA	NA	NA	NA	NA
606	7	7	benefit_positive_truncnorm	benefit_positive_truncnorm	continuous	1	increasing	benefit	1	1	NA	1.76904152939159	3.10853689910948	700	252	420	700	700	252	491	0.64	0.298571428571429	7.07001482865127	24	24	0	2	1	10	4	1	5000	2500	1	0.99	14	10000	101605	0.4022	0.9643	-0.573174552216282	-5.23465089640729	-0.61690138653425	4.24878593082976	9.48343682723704	1.1827064451878	-0.0957008184135645	1.18493574102899	2.44456012137341	2.54026093978697	0.327123460688349	-1.9531773702578	-12.2555800505833	-1.86822289965966	8.74071108550029	20.9962911360836	0.0499	0.8545	1.84349779677365	-1.53246310379956	1.91899626926785	5.15242400006298	6.68488710386253	0	NA	NA	NA	NA	NA	NA	1	-2.34221608160787	5.48597617294254	1	-0.586335084203795	0.343788830968272	1	-5.06171426936727	25.6209513447163	1	-1.26503910233582	1.60032393043862	1.00190242591812	4626.83383049487	0	1.00166815484547	11181.9927924648	0	NA	NA	NA	NA	NA	NA	NA	NA
635	7	7	benefit_positive_truncnorm	benefit_positive_truncnorm	continuous	1	increasing	benefit	1	1	NA	1.49529319720243	2.65039255018307	700	252	420	700	700	252	471	0.64	0.327142857142857	7.38026514602983	24	24	0	2	1	10	4	1	5000	2500	1	0.99	14	10000	101634	0.3813	0.3227	-0.777036838826945	-5.57842440104509	-0.788153797624403	4.06108531264875	9.63950971369384	-0.304498513210599	-1.58502041464449	-0.310383638170276	0.99163264703433	2.57665306167882	0.449660013160781	-0.684444706952978	-11.4882845986647	-0.67745213671786	10.0766203134849	21.5649049121495	0.0882	0.2633	-1.15446537520256	-4.5417073153658	-1.20496101957529	2.69866334320068	7.24037065856648	0	NA	NA	NA	NA	NA	NA	1	-2.27233003602938	5.16348379264126	0	-1.79979171041303	3.23925020087146	1	-3.33483725713605	11.1211395315827	1	-3.80485792538563	14.4769438323698	1.00168002281105	4686.01337532274	0	1.00147469317981	6345.51297888762	0	NA	NA	NA	NA	NA	NA	NA	NA
631	7	7	benefit_positive_truncnorm	benefit_positive_truncnorm	continuous	1	increasing	benefit	1	1	NA	1.32593729050173	2.10136281592746	700	252	420	700	700	252	496	0.64	0.291428571428571	6.95309098870366	24	24	0	2	1	10	4	1	5000	2500	1	0.99	14	10000	101630	0.5782	0.9136	0.536874630531343	-4.86612354334138	0.555256840543247	5.9825709748818	10.8486945182232	0.920796493084858	-0.40473613641615	0.921742855511782	2.22354218323673	2.62827831965288	0.546157195732637	0.644931141423302	-10.7604189841508	0.615727424362288	12.1056248852962	22.866043869447	0.0814	0.5953	0.507432460813894	-2.47233840308355	0.375584793623008	4.20500987723177	6.67734828031532	0	NA	NA	NA	NA	NA	NA	1	-0.789062659970382	0.622619881359535	1	-0.405140797416868	0.164139065731575	1	-1.45643167450416	2.12119322249898	1	-1.59393035511356	2.54061397695245	1.00158742872168	4453.06336310995	0	1.00239529473772	10693.7915333694	0	NA	NA	NA	NA	NA	NA	NA	NA
632	7	7	benefit_positive_truncnorm	benefit_positive_truncnorm	continuous	1	increasing	benefit	1	1	NA	1.58963883160075	2.54026725326718	700	252	420	700	700	252	502	0.64	0.282857142857143	6.63346726696192	24	24	0	2	1	10	4	1	5000	2500	1	0.99	14	10000	101631	0.7246	0.9983	1.63703222034191	-3.75226336530675	1.66115882631555	6.92326158469771	10.6755249500045	1.92554877036286	0.644694510905987	1.9264175446773	3.196376419303	2.55168190839701	0.654819014391627	2.1563761814492	-8.86947073912937	2.07584665348813	12.8344310019668	21.7039017410962	0.0828	0.9981	3.68037543795623	1.16454362980071	3.72806766384387	5.99477658333898	4.83023295353827	0	NA	NA	NA	NA	NA	NA	1	0.0473933887411606	0.00224613329637077	1	0.335909938762113	0.112835486959167	1	-0.383891071817977	0.147372355021555	1	1.14010818468905	1.29984667279496	1.0015797009709	4685.17040565616	0	1.00178676524717	10062.2665939183	0	NA	NA	NA	NA	NA	NA	NA	NA
634	7	7	benefit_positive_truncnorm	benefit_positive_truncnorm	continuous	1	increasing	benefit	1	1	NA	1.81779094133344	3.23954435444193	700	252	420	700	700	252	481	0.64	0.312857142857143	6.70347938828753	24	24	0	2	1	10	4	1	5000	2500	1	0.99	14	10000	101633	0.6418	0.9996	1.00300937923107	-4.47204914145764	1.0014549299177	6.28839892472595	10.7604480661836	2.21331993200881	0.87776539017183	2.21216984574683	3.51418835622997	2.63642296605814	0.584186451753431	1.16825806339593	-10.2527678466933	1.09649000858622	12.4507050826653	22.7034729293586	0.0818	0.9952	4.43701624919358	0.938891301437816	4.5463642721966	7.66652313967632	6.7276318382385	0	NA	NA	NA	NA	NA	NA	1	-0.814781562102375	0.663868993941986	1	0.395528990675365	0.156443182464673	1	-2.071286291046	4.29022689947511	1	1.19747189475165	1.4339389387201	1.00200645800892	4422.94050139397	0	1.00124736474597	12537.1342228495	0	NA	NA	NA	NA	NA	NA	NA	NA
630	7	7	benefit_positive_truncnorm	benefit_positive_truncnorm	continuous	1	increasing	benefit	1	1	NA	1.69104021308417	2.65205626617967	700	252	420	700	700	252	481	0.64	0.312857142857143	6.37446635832376	24	24	0	2	1	10	4	1	5000	2500	1	0.99	14	10000	101629	0.5088	0.9781	0.0402502173028149	-5.08906667634783	0.0538837175081373	5.11636764200443	10.2054343183523	1.3155702740684	0.0415046442484489	1.31233037497633	2.62996945444142	2.58846481019297	0.490243645185107	-0.0870783847507659	-11.0783678905946	-0.0971168791381372	11.0418296251176	22.1201975157122	0.0519	0.906	2.22588497126569	-1.03852552745782	2.36322938250027	5.2307474830598	6.26927301051762	0	NA	NA	NA	NA	NA	NA	1	-1.65078999578136	2.72510761017181	1	-0.375469939015774	0.140977675104509	1	-2.73913465093043	7.50285863592778	1	-0.426171294913973	0.181621972608652	1.00159420059806	4034.0639994698	0	1.00121903878289	8180.87574549165	0	NA	NA	NA	NA	NA	NA	NA	NA
629	7	7	benefit_positive_truncnorm	benefit_positive_truncnorm	continuous	1	increasing	benefit	1	1	NA	2.12214309094369	5.01671395555956	700	252	420	700	700	252	477	0.64	0.318571428571429	6.69221946430687	24	24	0	2	1	10	4	1	5000	2500	1	0.99	14	10000	101628	0.5967	0.9999	0.667713292705618	-4.57817858282443	0.662078258100124	5.99333846579091	10.5715170486153	2.31414323880138	1.02864656408098	2.31710100959518	3.56789221171715	2.53924564763617	0.547033441208199	0.632325826508383	-10.6765360841415	0.631542371541828	11.828428976517	22.5049650606585	0.073	0.9977	5.26210013397584	1.79973057555573	5.33556730043661	8.44009640467435	6.64036582911862	0	NA	NA	NA	NA	NA	NA	1	-1.45442979823807	2.11536603800284	1	0.19200014785769	0.0368640567773748	1	-4.38438812905118	19.2228592661649	1	0.245386178416277	0.060214376557745	1.00116487082468	4992.92963876499	0	1.00156918806854	7266.24870984558	0	NA	NA	NA	NA	NA	NA	NA	NA
640	7	7	benefit_positive_truncnorm	benefit_positive_truncnorm	continuous	1	increasing	benefit	1	1	NA	2.40221652666137	4.90810981602115	700	252	420	700	700	252	485	0.64	0.307142857142857	7.80154991917156	24	24	0	2	1	10	4	1	5000	2500	1	0.99	14	10000	101639	0.6234	0.9974	0.79893898011196	-4.28049905966545	0.828057510898446	5.7910430783391	10.0715421380046	1.802646498677	0.53934166942614	1.8011145421045	3.06112779720633	2.52178612778019	0.575819209039548	1.02147789251124	-9.8684364152597	0.984405755785954	11.7001031518593	21.568539567119	0.115	0.986498649864986	3.80387874686597	0.409049650337263	3.91239348006206	6.67015543155042	6.26110578121316	1e-04	NA	NA	NA	NA	NA	NA	1	-1.60327754654941	2.57049889126949	1	-0.599570027984372	0.359484218457181	1	-3.88663192350992	15.1059077088464	1	-1.10423106915519	1.21932625408761	1.00193748565404	4093.42643511063	0	1.00179236213369	8770.14461324765	0	NA	NA	NA	NA	NA	NA	NA	NA
641	7	7	benefit_positive_truncnorm	benefit_positive_truncnorm	continuous	1	increasing	benefit	1	1	NA	1.95260132558425	3.90260981440453	700	252	420	700	700	252	484	0.64	0.308571428571429	7.06202043756692	24	24	0	2	1	10	4	1	5000	2500	1	0.99	14	10000	101640	0.7375	1	1.59944418037374	-3.401610304626	1.66229262824182	6.33825870501686	9.73986900964286	2.56876139011149	1.22924967001881	2.56474336412407	3.85888225544875	2.62963258542994	0.710078534031414	2.79982919827189	-8.30152008740383	2.77892245633949	13.1838377767208	21.4853578641246	0.0832	0.99939963978387	6.42881785421439	2.28390050382748	6.36178193881684	11.8205942934545	9.53669378962704	6e-04	NA	NA	NA	NA	NA	NA	1	-0.353157145210502	0.124719969213232	1	0.616160064527241	0.379653225118214	1	-1.10278061613264	1.21612508731789	1	2.52620803980985	6.38172706039994	1.00151072580569	4382.53546377383	0	1.00193756331932	11467.8934414604	0	NA	NA	NA	NA	NA	NA	NA	NA
649	7	7	benefit_positive_truncnorm	benefit_positive_truncnorm	continuous	1	increasing	benefit	1	1	NA	2.39651674003685	4.48992216670453	700	252	420	700	700	252	493	0.64	0.295714285714286	7.06905575595315	24	24	0	2	1	10	4	1	5000	2500	1	0.99	14	10000	101648	0.758	1	1.71555961830081	-3.10548887824892	1.72702333976502	6.45092541591319	9.55641429416211	3.12368029769926	1.85000386170233	3.13430874361663	4.36580349635986	2.51579963465753	0.667980400511291	2.1409664630988	-8.33218414212803	1.98532912395115	12.4178726733448	20.7500568154728	0.0612	0.9996	4.72336151673533	1.90830803193114	4.66066971157906	7.87303953460981	5.96473150267866	0	NA	NA	NA	NA	NA	NA	1	-0.680957121736039	0.463702601643031	1	0.727163557662406	0.528766839592247	1	-2.34895570360573	5.5175928975019	1	0.233439350030801	0.054493930142803	1.00097729764965	4813.35145686811	0	1.00133529568193	13334.1738751739	0	NA	NA	NA	NA	NA	NA	NA	NA
648	7	7	benefit_positive_truncnorm	benefit_positive_truncnorm	continuous	1	increasing	benefit	1	1	NA	1.31375427695247	2.30205286542514	700	252	420	700	700	252	505	0.64	0.278571428571429	6.25372613718566	24	24	0	2	1	10	4	1	5000	2500	1	0.99	14	10000	101647	0.51	0.784	0.0766128889919968	-5.17724765125151	0.0738312707116204	5.34216600624935	10.5194136575009	0.50979350689899	-0.805911987750959	0.509234630478177	1.82078055544873	2.62669254319969	0.507257046697518	0.176017398701412	-10.7891751773169	0.0826080665526359	11.0065637702335	21.7957389475504	0.0492	0.4573	-0.077582860263231	-2.65234135449638	-0.149102906854101	2.94534306724583	5.59768442174221	0	NA	NA	NA	NA	NA	NA	1	-1.23714138796047	1.53051881380476	1	-0.803960770053479	0.646352919784984	1	-2.12603546672373	4.52002680576718	1	-2.37963572568837	5.66266618697242	1.00121750282293	4226.35965107617	0	1.00184833010722	7280.48692070972	0	NA	NA	NA	NA	NA	NA	NA	NA
633	7	7	benefit_positive_truncnorm	benefit_positive_truncnorm	continuous	1	increasing	benefit	1	1	NA	2.18856668959703	3.96993408610206	700	252	420	700	700	252	491	0.64	0.298571428571429	7.0847598843088	24	24	0	2	1	10	4	1	5000	2500	1	0.99	14	10000	101632	0.6514	0.9999	0.99059808139183	-3.68026415475533	1.0100380401275	5.72002386100237	9.4002880157577	2.27681555921971	1.01460930622255	2.26873828627344	3.5822328260938	2.56762351987125	0.603254067584481	1.21423364748489	-9.03943400444234	1.00812689329285	11.933996495003	20.9734304994454	0.0412	0.9878	3.54351445002704	0.444585518346644	3.46820406933183	6.98183723242828	6.53725171408164	0	NA	NA	NA	NA	NA	NA	1	-1.1979686082052	1.43512878624509	1	0.0882488696226811	0.00778786298968096	1	-2.75570043861717	7.59388490739488	1	-0.426419636075027	0.181833706030358	1.00219757873002	4360.08882114346	0	1.0009536734426	9573.29867299954	0	NA	NA	NA	NA	NA	NA	NA	NA
650	7	7	benefit_positive_truncnorm	benefit_positive_truncnorm	continuous	1	increasing	benefit	1	1	NA	2.18364167032769	4.14122206850562	700	252	420	700	700	252	466	0.64	0.334285714285714	6.89009032230232	24	24	0	2	1	10	4	1	5000	2500	1	0.99	14	10000	101649	0.7618	1	1.96737603762405	-3.66279668650385	2.04864861241319	7.25440629867754	10.9172029851814	3.04972614632252	1.69047733928122	3.06129572750083	4.39204619311444	2.70156885383323	0.665998440806326	2.39069750215172	-9.16183659723618	2.27153071490763	13.1547002124511	22.3165368096872	0.1021	1	6.7590380869979	2.80365794018497	6.6566347306944	11.9202043807918	9.11654644060686	0.0022	NA	NA	NA	NA	NA	NA	1	-0.216265632703636	0.046770823888704	1	0.866084475994837	0.750102319559252	1	-1.7505245663539	3.06433625740852	1	2.61781601849228	6.85296070667475	1.00123353693291	4496.16918900067	0	1.00204958028611	6822.73042397768	0	NA	NA	NA	NA	NA	NA	NA	NA
647	7	7	benefit_positive_truncnorm	benefit_positive_truncnorm	continuous	1	increasing	benefit	1	1	NA	1.61262649784873	3.09313569725193	700	252	420	700	700	252	523	0.64	0.252857142857143	6.73345203894111	24	24	0	2	1	10	4	1	5000	2500	1	0.99	14	10000	101646	0.5888	0.9861	0.671216090547171	-4.64293215742777	0.672862176128469	6.00608378834297	10.6490159457707	1.44840907250738	0.160194083210396	1.44519022728317	2.73262929885013	2.57243521563974	0.572567611248788	1.0545748327072	-10.0241008263034	0.99279073723906	12.3228962596952	22.3469970859986	0.0719	0.9561	2.58802358752276	-0.439139826165748	2.65966705223993	5.24562737715494	5.68476720332069	0	NA	NA	NA	NA	NA	NA	1	-0.941410407301563	0.886253554975695	1	-0.164217425341355	0.0269673627857435	1	-2.03856086454473	4.15573039845338	1	-0.505112109729178	0.255138243395061	1.00189304958414	4460.07674099145	0	1.00131349276876	11398.655391793	0	NA	NA	NA	NA	NA	NA	NA	NA
652	7	7	benefit_positive_truncnorm	benefit_positive_truncnorm	continuous	1	increasing	benefit	1	1	NA	1.35479144030541	2.14622559596063	700	252	420	700	700	252	496	0.64	0.291428571428571	6.58828590125187	24	24	0	2	1	10	4	1	5000	2500	1	0.99	14	10000	101651	0.5546	0.9799	0.375399238359812	-4.94442929427573	0.358462186746502	5.70478408070979	10.6492133749855	1.36974300885891	0.0500749368524775	1.37524391505182	2.65763013848471	2.60755520163223	0.530477937210055	0.439824185712468	-10.7477006990167	0.399220105273006	11.8436149544903	22.591315653507	0.0731	0.8866	1.88406237788161	-0.991751982740915	1.93394596005601	4.80144857246905	5.79320055520996	0	NA	NA	NA	NA	NA	NA	1	-0.979392201945602	0.959209085231854	1	0.0149515685534938	0.000223549402209824	1	-1.70640141024816	2.91180577289691	1	-0.262163218079013	0.0687295529135442	1.00159878385131	4384.26547172105	0	1.00122777686608	11300.6452408152	0	NA	NA	NA	NA	NA	NA	NA	NA
654	7	7	benefit_positive_truncnorm	benefit_positive_truncnorm	continuous	1	increasing	benefit	1	1	NA	2.26901744069467	4.210788173476	700	252	420	700	700	252	465	0.64	0.335714285714286	7.93416612883832	24	24	0	2	1	10	4	1	5000	2500	1	0.99	14	10000	101653	0.6337	0.9979	0.902211568198284	-4.35393769795724	0.899508553891887	5.96896575746593	10.3229034554232	1.85307339610732	0.554596762247419	1.86972938955848	3.11237809137745	2.55778132913003	0.582988248461108	1.0422038147618	-10.0008366868241	1.0142558985466	11.6890353347371	21.6898720215611	0.1065	0.9977	4.87470820161017	1.46151331361926	4.84772135473446	8.27075619092757	6.80924287730831	0	NA	NA	NA	NA	NA	NA	1	-1.36680587249639	1.86815829309061	1	-0.415944044587353	0.173009448227686	1	-3.16858435871419	10.0399268382882	1	0.663920028134174	0.440789803757683	1.00120522474489	4263.7398016216	0	1.00120201443012	11397.0873514806	0	NA	NA	NA	NA	NA	NA	NA	NA
655	7	7	benefit_positive_truncnorm	benefit_positive_truncnorm	continuous	1	increasing	benefit	1	1	NA	1.97791018921764	3.77349149961593	700	252	420	700	700	252	468	0.64	0.331428571428571	7.00219064343332	24	24	0	2	1	10	4	1	5000	2500	1	0.99	14	10000	101654	0.8237	0.9987	2.6200368570443	-2.9711136898129	2.68011704312469	7.74976376795425	10.7208774577671	2.08888843219235	0.76341798260919	2.09210029563565	3.40287212473527	2.63945414212608	0.860599571734475	4.61833207299716	-5.83921919358795	4.26504882904618	14.4568461898219	20.2960653834099	0.066	0.9951	5.08258583441886	1.01652317021327	4.91020002655222	9.36967251132134	8.35314934110807	0	NA	NA	NA	NA	NA	NA	1	0.642126667826654	0.412326657534162	1	0.110978242974704	0.0123161704137524	1	0.844840573381225	0.713755594431117	1	1.30909433480293	1.71372797741312	1.00149375032208	4613.39233287642	0	1.0020774313556	11978.0074861506	0	NA	NA	NA	NA	NA	NA	NA	NA
625	7	7	benefit_positive_truncnorm	benefit_positive_truncnorm	continuous	1	increasing	benefit	1	1	NA	2.24245412666605	4.66953813561566	700	252	420	700	700	252	464	0.64	0.337142857142857	7.06788827241678	24	24	0	2	1	10	4	1	5000	2500	1	0.99	14	10000	101624	0.7629	1	1.8223880901079	-3.29821150599135	1.86838914004747	6.76523530846562	10.063446814457	2.90106238039357	1.56727245626624	2.89350378414338	4.23842273556136	2.67115027929512	0.707858958770863	2.75180002506602	-8.20160282908019	2.60638850161752	13.0361225091061	21.2377253381863	0.0953	1	6.82064029172702	2.95622969438851	6.69036238737147	11.8550384216169	8.89880872722841	0.0064	NA	NA	NA	NA	NA	NA	1	-0.420066036558147	0.17645547506967	1	0.658608253727524	0.433764831878019	1	-1.91773811054964	3.67771946065449	1	2.15110215611136	4.62724048602693	1.00142520130647	3826.68105567713	0	1.00207996608835	12268.2297409288	0	NA	NA	NA	NA	NA	NA	NA	NA
674	7	7	benefit_positive_truncnorm	benefit_positive_truncnorm	continuous	1	increasing	benefit	1	1	NA	2.12423253560313	4.03911557671986	700	252	420	700	700	252	468	0.64	0.331428571428571	7.13180567390025	24	24	0	2	1	10	4	1	5000	2500	1	0.99	14	10000	101673	0.5286	0.9321	0.182580772756225	-4.80628884534755	0.184503233591656	5.1184649755962	9.92475382094374	1.01725720761338	-0.33052708037607	1.01567452190007	2.36171638498248	2.69224346535855	0.539112509493328	0.532867150419263	-10.235463875474	0.477095872868269	11.1610199291926	21.3964838046666	0.0783	0.9176	2.41965849311609	-1.07780684839389	2.50425758966967	5.97129188050089	7.04909872889478	0	NA	NA	NA	NA	NA	NA	1	-1.9416517628469	3.77001156816647	1	-1.10697532798974	1.225394376778	1	-3.50624842630059	12.2937780269354	1	-1.61945708360377	2.62264124563442	1.00155448360312	4710.77919627964	0	1.00138976633484	10410.3935395453	0	NA	NA	NA	NA	NA	NA	NA	NA
653	7	7	benefit_positive_truncnorm	benefit_positive_truncnorm	continuous	1	increasing	benefit	1	1	NA	1.53316125059576	2.93537636796899	700	252	420	700	700	252	474	0.64	0.322857142857143	8.05363720096615	24	24	0	2	1	10	4	1	5000	2500	1	0.99	14	10000	101652	0.7239	0.9996	1.48571696393869	-3.30735017819102	1.52861333906279	6.15174838394432	9.45909856213535	2.32490892246109	1.00743631072284	2.3267938117152	3.64174265683975	2.63430634611691	0.676430976430976	2.16982516978058	-8.58877245410345	2.10371789338106	12.1476588542514	20.7364313083549	0.109	0.996597618332833	4.29721351263884	1.07133193773336	4.20181446282323	8.22178936792398	7.15045743019063	7e-04	NA	NA	NA	NA	NA	NA	1	-0.0474442866570661	0.00225096033639786	1	0.79174767186533	0.62686437590417	1	-0.765551198188407	0.586068637047705	1	1.36183714466985	1.85460040860252	1.00163552935025	4936.31194600723	0	1.001302989922	10075.8190984862	0	NA	NA	NA	NA	NA	NA	NA	NA
657	7	7	benefit_positive_truncnorm	benefit_positive_truncnorm	continuous	1	increasing	benefit	1	1	NA	2.13973520918146	3.68552513318511	700	252	420	700	700	252	469	0.64	0.33	7.02905490841349	24	24	0	2	1	10	4	1	5000	2500	1	0.99	14	10000	101656	0.6619	0.9855	1.07158748932382	-3.71866746128091	1.03759091772884	5.91804261253418	9.63671007381509	1.481872816653	0.15663868028209	1.48974372022106	2.79458488454822	2.63794620426613	0.708423104544988	1.97569755752181	-7.74787541758922	1.32068684852506	12.2205080723891	19.9683834899783	0.0253	0.9537	2.87187516376551	-0.487029529621491	2.7402653103662	6.80340103453968	7.29043056416117	0	NA	NA	NA	NA	NA	NA	1	-1.06814771985764	1.14093955143707	1	-0.657862392528461	0.432782927503271	1	-1.7098275756633	2.92351033849863	1	-0.813649969419607	0.662026272736527	1.0013067694305	4468.24401970403	0	1.00125346159302	10631.0758763804	0	NA	NA	NA	NA	NA	NA	NA	NA
660	7	7	benefit_positive_truncnorm	benefit_positive_truncnorm	continuous	1	increasing	benefit	1	1	NA	2.22853912572001	4.12956423042514	700	252	420	700	700	252	486	0.64	0.305714285714286	8.01410991718855	24	24	0	2	1	10	4	1	5000	2500	1	0.99	14	10000	101659	0.8149	0.9978	2.25256013911437	-2.72715791533886	2.33449149004683	6.86723160921046	9.59438952454932	1.92373791591845	0.64619678693958	1.93007605160609	3.17557024359433	2.52937345665475	0.822320932815103	4.18512799315933	-6.42981769873196	4.0556252356833	13.6876871472839	20.1175048460158	0.0995	0.9986	4.38593933805607	1.44384661629822	4.38493435768564	7.24488676620605	5.80104014990783	0	NA	NA	NA	NA	NA	NA	1	0.024021013394357	0.00057700908449188	1	-0.304801209801554	0.0929037774964907	1	0.0555637627341925	0.00308733172918164	1	0.256375107630936	0.0657281958127738	1.00144024957372	4589.41669105978	0	1.0025881065913	12112.9658440461	0	NA	NA	NA	NA	NA	NA	NA	NA
661	7	7	benefit_positive_truncnorm	benefit_positive_truncnorm	continuous	1	increasing	benefit	1	1	NA	1.64483430790158	3.48294813661603	700	252	420	700	700	252	489	0.64	0.301428571428571	6.41239359583404	24	24	0	2	1	10	4	1	5000	2500	1	0.99	14	10000	101660	0.56	0.9832	0.394521451755064	-4.69222576460484	0.39466535475315	5.42498163663505	10.1172074012399	1.37946613265884	0.108979260546496	1.38085263069445	2.66571335630458	2.55673409575809	0.570379827641238	0.879541610057274	-10.4101661798183	0.792467979900412	11.9355177164481	22.3456838962664	0.0601	0.952	2.20927723322957	-0.386186058318766	2.11528364786709	5.35059689234922	5.73678295066799	0	NA	NA	NA	NA	NA	NA	1	-1.25031285614651	1.56328223824526	1	-0.265368175242739	0.070420268431661	1	-2.60340652655876	6.77772554252873	1	-1.27367090338646	1.62223757013328	1.00101201654378	4452.8187299797	0	1.0021446807458	6079.28565622338	0	NA	NA	NA	NA	NA	NA	NA	NA
658	7	7	benefit_positive_truncnorm	benefit_positive_truncnorm	continuous	1	increasing	benefit	1	1	NA	1.85832647453818	3.30400371502725	700	252	420	700	700	252	500	0.64	0.285714285714286	7.09138278135987	24	24	0	2	1	10	4	1	5000	2500	1	0.99	14	10000	101657	0.5956	0.9668	0.608977318672219	-4.43608125820935	0.629296535402568	5.66410902511875	10.1001902833281	1.20203323168039	-0.095113548525774	1.19888509845412	2.48600742328467	2.58112097181045	0.57412101840626	0.960345903489128	-9.9792983246285	0.937921967375063	11.6282887959038	21.6075871205323	0.0927	0.8562	1.5335402191072	-1.32700011122896	1.53439315271008	4.51359522024997	5.84059533147893	0	NA	NA	NA	NA	NA	NA	1	-1.24934915586596	1.56087331326298	1	-0.656293242857784	0.430720820620786	1	-2.34365781153813	5.49273193758367	1	-1.77046349592005	3.13454099038546	1.00137270328978	4370.21172484597	0	1.00140784791765	9145.72161344675	0	NA	NA	NA	NA	NA	NA	NA	NA
662	7	7	benefit_positive_truncnorm	benefit_positive_truncnorm	continuous	1	increasing	benefit	1	1	NA	1.98232493808091	3.66049611148332	700	252	420	700	700	252	470	0.64	0.328571428571429	8.21643946497666	24	24	0	2	1	10	4	1	5000	2500	1	0.99	14	10000	101661	0.6734	0.9876	1.05553299376417	-3.6139932416271	1.10575737965427	5.45872496994146	9.07271821156856	1.52249632250694	0.199799770254753	1.52047934047493	2.85022577450854	2.65042600425379	0.618504155124654	1.51812598509362	-8.73237867871976	1.32730727240672	11.3980975350999	20.1304762138197	0.0975	0.9791	3.07341858344977	0.123116670926162	2.99154802273738	6.36745046904	6.24433379811384	0	NA	NA	NA	NA	NA	NA	1	-0.926791944316734	0.858943308050392	1	-0.459828615573962	0.211442355700666	1	-2.1423701263897	4.58974975844704	1	-0.58707752803355	0.344660023921984	1.00118753827895	4614.96352168476	0	1.00120697941417	9924.60463240494	0	NA	NA	NA	NA	NA	NA	NA	NA
666	7	7	benefit_positive_truncnorm	benefit_positive_truncnorm	continuous	1	increasing	benefit	1	1	NA	2.17573331131026	3.98521238813278	700	252	420	700	700	252	475	0.64	0.321428571428571	6.82696279798537	24	24	0	2	1	10	4	1	5000	2500	1	0.99	14	10000	101665	0.6352	0.9991	0.94702030962545	-4.36269788244419	0.946085873972978	6.2372584223182	10.5999563047624	2.07545458346861	0.747651357921574	2.07869082779559	3.37190405382419	2.62425269590261	0.583224826388889	1.10236298807451	-10.2781842130669	1.02692292847143	12.1424017414626	22.4205859545295	0.0784	0.9901	4.5763074885715	0.723526127001448	4.33319877260666	8.93798522650554	8.21445909950409	0	NA	NA	NA	NA	NA	NA	1	-1.22871300168481	1.50973564050931	1	-0.100278727841654	0.0100558232575405	1	-2.88284940005826	8.3108206634163	1	0.591095100438722	0.349393417762663	1.0011873788351	4332.18162349718	0	1.00128838776745	10579.7882054987	0	NA	NA	NA	NA	NA	NA	NA	NA
659	7	7	benefit_positive_truncnorm	benefit_positive_truncnorm	continuous	1	increasing	benefit	1	1	NA	1.77756277392433	3.25645916595871	700	252	420	700	700	252	506	0.64	0.277142857142857	6.05237724778873	24	24	0	2	1	10	4	1	5000	2500	1	0.99	14	10000	101658	0.6867	0.9997	1.30727985067412	-3.75599868175409	1.36181855570882	6.34132522709405	10.0973239088481	2.26883622292555	0.95455460854321	2.26664106205283	3.54302537411346	2.58847076557025	0.748090005232862	3.06965943683113	-7.84503788200911	2.94226015269688	13.6388422829737	21.4838801649828	0.0445	0.9995	5.03238812601413	2.23539918657773	5.08595212056772	7.54006962753227	5.30467044095455	0	NA	NA	NA	NA	NA	NA	1	-0.470282923250209	0.221166027900762	1	0.491273449001217	0.241349601693551	1	-0.186799729127577	0.034894138802136	1	1.77592896005542	3.15392367116352	1.00178157688011	4367.94659124018	0	1.00147944989883	11229.2319167452	0	NA	NA	NA	NA	NA	NA	NA	NA
656	7	7	benefit_positive_truncnorm	benefit_positive_truncnorm	continuous	1	increasing	benefit	1	1	NA	1.4175875535094	2.36706425979907	700	252	420	700	700	252	504	0.64	0.28	6.34980720761722	24	24	0	2	1	10	4	1	5000	2500	1	0.99	14	10000	101655	0.646	0.9642	0.993327829272883	-4.23296383895288	1.00899153040757	6.0913072798288	10.3242711187817	1.18491659618981	-0.102066290844518	1.19277802081842	2.47228633093238	2.5743526217769	0.620038208448312	1.58933499208839	-9.65183874053109	1.43641021603355	12.2555205693442	21.9073593098752	0.0578	0.8881	1.77678476562537	-1.07548293234501	1.77825196955934	4.78167807621343	5.85716100855844	0	NA	NA	NA	NA	NA	NA	1	-0.424259724236522	0.17999631360925	1	-0.232670957319597	0.0541357743800177	1	-0.777729267710683	0.604862813853795	1	-0.590279494173701	0.348429881241961	1.00214278812145	3951.59769930203	0	1.00227062731633	10049.4678169765	0	NA	NA	NA	NA	NA	NA	NA	NA
663	7	7	benefit_positive_truncnorm	benefit_positive_truncnorm	continuous	1	increasing	benefit	1	1	NA	1.95233649122313	3.81462284647994	700	252	420	700	700	252	474	0.64	0.322857142857143	6.42891369046143	24	24	0	2	1	10	4	1	5000	2500	1	0.99	14	10000	101662	0.6005	1	0.695679875148199	-4.46338089673138	0.665307471571342	5.82538173507549	10.2887626318069	2.68985992970277	1.3655559764862	2.68915024503629	4.02657167159824	2.66101569511204	0.565632714393045	0.905744498400914	-10.2804132141121	0.81348793128582	12.0208188584362	22.3012320725483	0.0683	0.9996996996997	6.0762205854866	2.33350441071364	5.55756627521724	12.6428714801241	10.3093670694105	0.001	NA	NA	NA	NA	NA	NA	1	-1.25665661607493	1.57918585072488	1	0.737523438479647	0.543940822306841	1	-2.90887834807903	8.46157324392297	1	2.26159773900666	5.11482433308002	1.00186056029552	4162.97534393593	0	1.00164735542703	10528.6079600052	0	NA	NA	NA	NA	NA	NA	NA	NA
668	7	7	benefit_positive_truncnorm	benefit_positive_truncnorm	continuous	1	increasing	benefit	1	1	NA	2.0506892968652	3.96072580510783	700	252	420	700	700	252	496	0.64	0.291428571428571	6.90144533850377	24	24	0	2	1	10	4	1	5000	2500	1	0.99	14	10000	101667	0.57	0.9514	0.473942938369747	-4.92939694839351	0.485368656001575	5.79218397174367	10.7215809201372	1.10991575760613	-0.193657189080003	1.1147514228914	2.41546153340491	2.60911872248491	0.545267042987408	0.615123611390162	-10.7738716568925	0.568248462699239	11.8694106194973	22.6432822763897	0.0788	0.8361	1.40195566644922	-1.44488261872809	1.34296299491334	4.47735722469412	5.92223984342221	0	NA	NA	NA	NA	NA	NA	1	-1.57674635849545	2.48612907902866	1	-0.940773539259068	0.885054852170034	1	-3.34560219371767	11.1930540386085	1	-2.55877013865862	6.54730462249104	1.0013807132768	4537.3574581508	0	1.00247049254781	9679.98216647689	0	NA	NA	NA	NA	NA	NA	NA	NA
672	7	7	benefit_positive_truncnorm	benefit_positive_truncnorm	continuous	1	increasing	benefit	1	1	NA	1.80124263645262	3.51861624084852	700	252	420	700	700	252	478	0.64	0.317142857142857	7.33067101178847	24	24	0	2	1	10	4	1	5000	2500	1	0.99	14	10000	101671	0.6991	0.9994	1.3023847347858	-3.55589448217538	1.28359883660435	6.09597734780343	9.65187182997881	2.18403110973391	0.896483791175122	2.18229726601607	3.46822084712894	2.57173705595382	0.630390143737166	1.75917593030786	-8.65047952562393	1.59734697615667	12.1812398834118	20.8317194090357	0.0747	0.9989	4.18760542854928	1.51876666851703	4.07206704073344	7.40541294125631	5.88664627273928	0	NA	NA	NA	NA	NA	NA	1	-0.498857901666816	0.248859206055419	1	0.382788473281292	0.146527015277022	1	-1.75944031054066	3.0956302063554	1	0.668989187700764	0.447546533260528	1.00231031392303	4957.14103813772	0	1.00167494194573	9135.39312963889	0	NA	NA	NA	NA	NA	NA	NA	NA
667	7	7	benefit_positive_truncnorm	benefit_positive_truncnorm	continuous	1	increasing	benefit	1	1	NA	1.58084314203086	2.58255135338757	700	252	420	700	700	252	506	0.64	0.277142857142857	6.61105792563373	24	24	0	2	1	10	4	1	5000	2500	1	0.99	14	10000	101666	0.5066	0.9195	0.0157386888460172	-5.3992813337241	0.051610309773416	5.3302634965749	10.729544830299	0.939564703300311	-0.354496918754422	0.935577368003594	2.21851620145905	2.57301312021348	0.506136635168893	0.0419621502545374	-11.2640022124877	0.0704556729207191	11.2322271442979	22.4962293567856	0.0793	0.9423	2.0925190890653	-0.533436495933514	2.14935925859484	4.3862741256384	4.91971062157191	0	NA	NA	NA	NA	NA	NA	1	-1.56510445318484	2.44955194937903	1	-0.641278438730548	0.41123803598069	1	-2.54058920313303	6.45459349907614	1	-0.490032264322267	0.240131620076809	1.00234629062003	4660.61101893652	0	1.00158005409543	15766.7805012899	0	NA	NA	NA	NA	NA	NA	NA	NA
671	7	7	benefit_positive_truncnorm	benefit_positive_truncnorm	continuous	1	increasing	benefit	1	1	NA	1.87127848242124	3.74529359729419	700	252	420	700	700	252	490	0.64	0.3	7.45202259221223	24	24	0	2	1	10	4	1	5000	2500	1	0.99	14	10000	101670	0.6584	0.9968	1.05474747712192	-3.98634463942844	1.08106611071491	6.02328750238916	10.0096321418176	1.78748201444206	0.497209363344857	1.78675575167085	3.0566351824187	2.55942581907384	0.597536837475258	1.32925128183971	-9.31672684711418	1.19514615981183	11.961182899564	21.2779097466782	0.0906	0.9963	3.95784627069164	1.08093681492027	3.98371357038789	6.69015965581004	5.60922284088977	0	NA	NA	NA	NA	NA	NA	1	-0.816531005299319	0.666722882615116	1	-0.0837964679791812	0.00702184804578593	1	-2.41604231545448	5.83726047006666	1	0.212552673397449	0.0451786389684026	1.00146231540869	4660.96490171289	0	1.00154058922084	10970.8220789204	0	NA	NA	NA	NA	NA	NA	NA	NA
665	7	7	benefit_positive_truncnorm	benefit_positive_truncnorm	continuous	1	increasing	benefit	1	1	NA	2.1498586496882	3.91296600045663	700	252	420	700	700	252	485	0.64	0.307142857142857	6.82345413030708	24	24	0	2	1	10	4	1	5000	2500	1	0.99	14	10000	101664	0.7036	0.9994	1.46490484160266	-4.02469084793777	1.50902861555605	6.75573395364725	10.780424801585	2.234501082522	0.887052701088099	2.23563595281502	3.56613073491965	2.67907803383156	0.623934426229508	1.73744595271912	-9.65426176312196	1.6671521755965	12.5668932627547	22.2211550258767	0.085	0.9961	4.35735613666411	1.28716044071498	4.28640900708392	7.89176884720386	6.60460840648888	0	NA	NA	NA	NA	NA	NA	1	-0.684953808085538	0.46916171921088	1	0.0846424328338009	0.0071643414360245	1	-2.17552004773751	4.7328874781078	1	0.444390136207486	0.197482593158508	1.00253524666074	3975.11028910564	0	1.00164987430533	10758.1518947349	0	NA	NA	NA	NA	NA	NA	NA	NA
664	7	7	benefit_positive_truncnorm	benefit_positive_truncnorm	continuous	1	increasing	benefit	1	1	NA	1.57028499583735	3.00659401898216	700	252	420	700	700	252	496	0.64	0.291428571428571	7.01563255331378	24	24	0	2	1	10	4	1	5000	2500	1	0.99	14	10000	101663	0.2814	0.9996	-1.43964420872598	-6.14879766056273	-1.52996034944425	3.59876757321919	9.74756523378192	2.05032241686267	0.77982227034544	2.04531220766661	3.33008824473339	2.55026597438795	0.174286013181295	-3.70592922422133	-13.7249243605584	-3.46535752255185	7.21874443925181	20.9436687998102	0.0441	0.9854	3.54206162748573	0.289607843648783	3.57007353275311	6.94241047493683	6.65280263128805	0	NA	NA	NA	NA	NA	NA	1	-3.00992920456333	9.05967381648326	1	0.48003742102532	0.230435925584641	1	-6.7125232432035	45.0579682905472	1	0.535467608503565	0.286725559756528	1.00128356543295	3853.14190966743	0	1.00131162056517	9283.45853773736	0	NA	NA	NA	NA	NA	NA	NA	NA
678	7	7	benefit_positive_truncnorm	benefit_positive_truncnorm	continuous	1	increasing	benefit	1	1	NA	1.7215518230924	3.33816783611481	700	252	420	700	700	252	494	0.64	0.294285714285714	7.29323209501668	24	24	0	2	1	10	4	1	5000	2500	1	0.99	14	10000	101677	0.6435	0.977	0.940543419514652	-4.12476985274713	0.979103572227557	5.92645851933129	10.0512283720784	1.31215739839341	0.0280100357877612	1.31421231379228	2.6173638409147	2.58935380512694	0.588920959147424	1.16734379250251	-9.94076713524735	1.14842007570756	11.6907681408581	21.6315352761054	0.0992	0.9235	2.81733084720576	-0.907661688385682	2.80434571544034	6.49251264558717	7.40017433397286	0	NA	NA	NA	NA	NA	NA	1	-0.781008403577753	0.60997412645907	1	-0.409394424698994	0.16760379497462	1	-2.17082404361231	4.71247702832529	1	-0.520836988909053	0.271271169015849	1.0020153054919	4634.07573674131	0	1.00217301092267	9369.24766246235	0	NA	NA	NA	NA	NA	NA	NA	NA
669	7	7	benefit_positive_truncnorm	benefit_positive_truncnorm	continuous	1	increasing	benefit	1	1	NA	1.8485432220704	3.7368692471827	700	252	420	700	700	252	486	0.64	0.305714285714286	6.54607938248181	24	24	0	2	1	10	4	1	5000	2500	1	0.99	14	10000	101668	0.5965	0.9562	0.656280738989928	-4.66120371313037	0.670986169160796	5.91583637199887	10.5770400851292	1.15378453891734	-0.162972924245462	1.15417353078817	2.45439977682027	2.61737270106573	0.562707152785203	0.797032308626658	-10.6372181001633	0.772884611222414	11.9676011079402	22.6048192081034	0.0647	0.8146	1.56274032138136	-1.82801079154555	1.55336571189936	5.01470357655244	6.84271436809799	0	NA	NA	NA	NA	NA	NA	1	-1.19226248308047	1.4214898285612	1	-0.694758683153057	0.48268962781657	1	-2.93983693855604	8.64264122529857	1	-2.17412892580134	4.72683658600608	1.00125195171702	4708.86864098573	0	1.00170081232537	12778.7535215713	0	NA	NA	NA	NA	NA	NA	NA	NA
670	7	7	benefit_positive_truncnorm	benefit_positive_truncnorm	continuous	1	increasing	benefit	1	1	NA	2.24864534443475	4.092502142039	700	252	420	700	700	252	468	0.64	0.331428571428571	6.75066625133277	24	24	0	2	1	10	4	1	5000	2500	1	0.99	14	10000	101669	0.7222	1	1.59222238366264	-3.81351438247942	1.61517920043642	6.81112074352801	10.6246351260074	2.81736529756398	1.54736402763524	2.800380579108	4.1235817889159	2.57621776128065	0.652938606073847	2.06076106941172	-9.55293202405551	1.92271604125566	12.8453054003104	22.398237424366	0.0846	0.999899959983994	5.96814952386964	2.92259478719094	5.7559165740387	10.1230500275511	7.20045524036017	4e-04	NA	NA	NA	NA	NA	NA	1	-0.656422960772107	0.430891103428819	1	0.568719953129235	0.323442385087319	1	-2.03174107262728	4.12797178620063	1	1.87564738183063	3.51805310096811	1.00161766903654	4585.99542306246	0	1.00193820428394	6702.22815179405	0	NA	NA	NA	NA	NA	NA	NA	NA
677	7	7	benefit_positive_truncnorm	benefit_positive_truncnorm	continuous	1	increasing	benefit	1	1	NA	1.37489118446546	2.33791126212614	700	252	420	700	700	252	502	0.64	0.282857142857143	6.32142159511891	24	24	0	2	1	10	4	1	5000	2500	1	0.99	14	10000	101676	0.4861	0.7901	-0.0344574482620915	-5.15841195892392	-0.0851150156790412	5.31612638692766	10.4745383458516	0.519036104491677	-0.776898071210897	0.51050809282312	1.83677760565489	2.61367567686578	0.48066774367259	-0.141436636900657	-11.3455142717286	-0.204812336251798	11.281810756995	22.6273250287236	0.0715	0.6753	0.679488293955041	-1.99974023958297	0.659707951251585	3.46688478219165	5.46662502177462	0	NA	NA	NA	NA	NA	NA	1	-1.40934863272755	1.98626356857101	1	-0.855855079973779	0.732487917916924	1	-2.47934789902679	6.14716600440857	1	-1.6584229681711	2.75036674135743	1.00164034481659	4130.70094241915	0	1.00189234766763	6262.6109400552	0	NA	NA	NA	NA	NA	NA	NA	NA
682	7	7	benefit_positive_truncnorm	benefit_positive_truncnorm	continuous	1	increasing	benefit	1	1	NA	1.54800191846749	2.13670740843997	700	252	420	700	700	252	494	0.64	0.294285714285714	6.3348561646043	24	24	0	2	1	10	4	1	5000	2500	1	0.99	14	10000	101681	0.4472	0.9738	-0.354891629499953	-5.53177317673485	-0.395426217537594	5.01597210345153	10.5477452801864	1.29002910817073	-0.00830711138738432	1.28351661568453	2.58018456739179	2.58849167877918	0.423531896915927	-1.02242444463268	-12.0201785059117	-0.896208016071951	10.4120267977798	22.4322053036914	0.0532	0.7593	1.16910940444233	-1.80176451231281	1.19862990390325	4.20917904543316	6.01094355774597	0	NA	NA	NA	NA	NA	NA	1	-1.90289354796744	3.62100385489612	1	-0.25797281029676	0.0665499708524082	1	-3.15913185307265	9.98011406509826	1	-0.967598003997637	0.936245897340211	1.00132314457891	4414.55109963219	0	1.00167929983598	8860.46333941466	0	NA	NA	NA	NA	NA	NA	NA	NA
673	7	7	benefit_positive_truncnorm	benefit_positive_truncnorm	continuous	1	increasing	benefit	1	1	NA	2.17780550571041	4.43577087679151	700	252	420	700	700	252	467	0.64	0.332857142857143	7.04081272015384	24	24	0	2	1	10	4	1	5000	2500	1	0.99	14	10000	101672	0.4686	0.9384	-0.17979095758927	-4.97254370508161	-0.200650125166813	4.68462770160851	9.65717140669012	1.04794617622713	-0.283406970125895	1.04888050459038	2.38007921992083	2.66348619004673	0.407341745750339	-1.02507662801222	-11.7989438105696	-0.930307631390486	10.0499802178815	21.8489240284511	0.0411	0.9307	2.49534053136462	-0.869193280392342	2.55297748998866	5.56649871740149	6.43569199779383	0	NA	NA	NA	NA	NA	NA	1	-2.35759646329968	5.55826108376315	1	-1.12985932948328	1.27658210442041	1	-5.46084750480373	29.8208554707211	1	-1.94043034542689	3.76526992545352	1.00131199812934	4615.89676178613	0	1.00171239254836	10886.151652586	0	NA	NA	NA	NA	NA	NA	NA	NA
681	7	7	benefit_positive_truncnorm	benefit_positive_truncnorm	continuous	1	increasing	benefit	1	1	NA	2.47552210438037	5.61047995332471	700	252	420	700	700	252	462	0.64	0.34	6.93232471122954	24	24	0	2	1	10	4	1	5000	2500	1	0.99	14	10000	101680	0.6584	0.9998	1.11754501391704	-4.39780929250793	1.15610547985659	6.42276039442472	10.8205696869326	2.46734305630236	1.12882671618523	2.47188287473981	3.78662195273354	2.65779523654831	0.595672604086985	1.31835198062646	-10.0082476534499	1.3104260048208	12.4697378739668	22.4779855274167	0.0849	0.998899889988999	5.59725363495289	2.21434295395861	5.52849103984666	9.70333587940231	7.4889929254437	1e-04	NA	NA	NA	NA	NA	NA	1	-1.35797709046333	1.84410177822326	1	-0.00817904807801639	6.68968274625037e-05	1	-4.29212797269825	18.4223625340188	1	-0.0132263183718129	0.000174935497672555	1.0028364871362	3915.86591540762	0	1.00144625259027	10533.9576515372	0	NA	NA	NA	NA	NA	NA	NA	NA
675	7	7	benefit_positive_truncnorm	benefit_positive_truncnorm	continuous	1	increasing	benefit	1	1	NA	1.42652629179346	2.63479112615712	700	252	420	700	700	252	511	0.64	0.27	6.78957143809439	24	24	0	2	1	10	4	1	5000	2500	1	0.99	14	10000	101674	0.5572	0.8988	0.381542390214978	-4.97337487057686	0.40342581519671	5.6467398996943	10.6201147702712	0.84240250806335	-0.453407584867394	0.850528909296558	2.14587065913619	2.59927824400358	0.540777645402361	0.526488147013627	-10.6543915641038	0.5106017359237	11.6762006471852	22.330592211289	0.0767	0.8867	1.59969245736782	-0.935830404471972	1.58935464550725	4.20926911848415	5.14509952295613	0	NA	NA	NA	NA	NA	NA	1	-1.04498390157848	1.09199135455819	1	-0.584123783730111	0.341200594719181	1	-2.10830297914349	4.44494145186531	1	-1.0350986687893	1.07142925412938	1.00140046825733	4011.11974613587	0	1.00157266852412	9928.44294565321	0	NA	NA	NA	NA	NA	NA	NA	NA
686	7	7	benefit_positive_truncnorm	benefit_positive_truncnorm	continuous	1	increasing	benefit	1	1	NA	2.21960243013168	4.58894464289321	700	252	420	700	700	252	505	0.64	0.278571428571429	5.87840696155045	24	24	0	2	1	10	4	1	5000	2500	1	0.99	14	10000	101685	0.6102	0.9921	0.785569845850903	-4.81554041554627	0.838470090428966	6.18728058462688	11.0028210001731	1.62403293884529	0.340092872820544	1.62317301375927	2.90499154536572	2.56489867254517	0.578958645811014	1.1557208795814	-10.8245165046471	1.07605740192496	12.8301558932595	23.6546723979067	0.0666	0.9871	3.57396747405109	0.480445405633481	3.55038141377634	6.4843968015507	6.00395139591722	0	NA	NA	NA	NA	NA	NA	1	-1.43403258428078	2.056449452779	1	-0.595569491286386	0.354703018951125	1	-3.4332237633118	11.7870254089688	1	-1.01497716884211	1.03017865327075	1.00141644089871	3747.54983894779	0	1.00279746540294	9423.58170330181	0	NA	NA	NA	NA	NA	NA	NA	NA
693	7	7	benefit_positive_truncnorm	benefit_positive_truncnorm	continuous	1	increasing	benefit	1	1	NA	1.65539433723807	3.44624571088219	700	252	420	700	700	252	484	0.64	0.308571428571429	6.89877925855141	24	24	0	2	1	10	4	1	5000	2500	1	0.99	14	10000	101692	0.5701	0.9996	0.520996989185557	-4.86833245646935	0.528984293616062	5.8620583966242	10.7303908530935	2.12919137769446	0.837775471791338	2.1334025974223	3.40963148612769	2.57185601433635	0.542841589548176	0.611066870455717	-11.1027236450464	0.576233676959157	12.0431629182466	23.145886563293	0.0815	0.9971	4.04948919985117	1.08843193881664	4.14325477893109	6.92684400791361	5.83841206909698	0	NA	NA	NA	NA	NA	NA	1	-1.13439734805252	1.28685734326858	1	0.473797040456386	0.22448363554523	1	-2.83517884042648	8.03823905720202	1	0.603243488968977	0.363902706983465	1.00181384471529	4452.40764149969	0	1.00230970211008	8646.15485432345	0	NA	NA	NA	NA	NA	NA	NA	NA
676	7	7	benefit_positive_truncnorm	benefit_positive_truncnorm	continuous	1	increasing	benefit	1	1	NA	1.22255050477632	2.06283909230003	700	252	420	700	700	252	499	0.64	0.287142857142857	6.80520814813534	24	24	0	2	1	10	4	1	5000	2500	1	0.99	14	10000	101675	0.5584	0.9347	0.3972844486263	-4.91377536732923	0.429769473227751	5.66705419891385	10.5808295662431	0.987861262001314	-0.288138233081981	0.996599973964015	2.25475175771192	2.5428899907939	0.528221859706362	0.400578524657966	-11.1661029968237	0.353687192282113	11.6532528411377	22.8193558379613	0.0805	0.7874	0.930486952634088	-1.69003152223884	0.985320995911877	3.29802559839575	4.98805712063459	0	NA	NA	NA	NA	NA	NA	1	-0.82526605615002	0.681064063433408	1	-0.234689242775006	0.0550790406743059	1	-1.66226056764206	2.76311019473772	1	-1.13235213966594	1.28222136820604	1.00186425134549	4212.05298933211	0	1.00152968422017	6486.99775768141	0	NA	NA	NA	NA	NA	NA	NA	NA
709	7	7	benefit_positive_truncnorm	benefit_positive_truncnorm	continuous	1	increasing	benefit	1	1	NA	2.26937832621398	4.68648284158127	700	252	420	700	700	252	483	0.64	0.31	6.84644864085733	24	24	0	2	1	10	4	1	5000	2500	1	0.99	14	10000	101708	0.6885	0.9973	1.37058724401827	-4.14711590735883	1.41982475941281	6.67093966200525	10.8180555693641	1.8206040336543	0.496670026101806	1.82485453251811	3.14150592806481	2.644835901963	0.614276358873608	1.69291558488148	-9.55381710145654	1.62357825510835	12.6251272611049	22.1789443625615	0.0838	0.9276	3.12758648053935	-1.03753788233438	3.19790212130607	7.07968426295959	8.11722214529397	0	NA	NA	NA	NA	NA	NA	1	-0.898791082195715	0.807825409434545	1	-0.448774292559683	0.201398365662444	1	-2.99356725669979	8.96144492038513	1	-1.55889636104192	2.43015786446975	1.00152992772604	4282.32191917276	0	1.00171013687355	11629.7590161554	0	NA	NA	NA	NA	NA	NA	NA	NA
679	7	7	benefit_positive_truncnorm	benefit_positive_truncnorm	continuous	1	increasing	benefit	1	1	NA	2.06281617699264	4.34114679786973	700	252	420	700	700	252	495	0.64	0.292857142857143	5.98310842370685	24	24	0	2	1	10	4	1	5000	2500	1	0.99	14	10000	101678	0.6622	1	1.21672151494263	-4.5004005254676	1.27525542171274	6.76340941751839	11.263809942986	2.68432069233219	1.36436111936898	2.67887269100086	4.02142498732649	2.65706386795751	0.598451446392085	1.38447695235569	-10.2984453573137	1.27677445943228	13.0298704398845	23.3283157971982	0.0701	0.9993	5.94376046674906	2.29146833613421	5.73749967712096	9.99275675025009	7.70128841411588	0	NA	NA	NA	NA	NA	NA	1	-0.846094662050009	0.715876177149519	1	0.621504515339551	0.386267862587451	1	-2.95666984551404	8.74189657537201	1	1.60261366887934	2.56837057167889	1.00123416351916	4238.84364661318	0	1.00133985802802	11786.2177884096	0	NA	NA	NA	NA	NA	NA	NA	NA
708	7	7	benefit_positive_truncnorm	benefit_positive_truncnorm	continuous	1	increasing	benefit	1	1	NA	1.72793206379493	3.00246886065959	700	252	420	700	700	252	490	0.64	0.3	6.02728523261538	24	24	0	2	1	10	4	1	5000	2500	1	0.99	14	10000	101707	0.5598	1	0.463146947868581	-4.60130475260938	0.424087947731849	5.71560482294364	10.316909575553	3.19348282950878	1.88545178246224	3.19142628416593	4.51329258567846	2.62784080321622	0.430226543912279	-0.458666880155848	-11.2111779607308	-0.713875876733757	11.0622187347295	22.2733966954603	0.0333	1	6.23275286667924	3.11490876843418	6.26436682259157	9.63424163891356	6.51933287047938	0	NA	NA	NA	NA	NA	NA	1	-1.26478511592635	1.59968138946882	0	1.46555076571385	2.14783904688447	1	-3.46113574081544	11.97946061635	0	3.23028400601965	10.4347347595464	1.00178550083107	4492.01071216711	0	1.00107318443945	10121.3658872186	0	NA	NA	NA	NA	NA	NA	NA	NA
707	7	7	benefit_positive_truncnorm	benefit_positive_truncnorm	continuous	1	increasing	benefit	1	1	NA	2.12146304153429	4.64410379363891	700	252	420	700	700	252	488	0.64	0.302857142857143	7.40475365105109	24	24	0	2	1	10	4	1	5000	2500	1	0.99	14	10000	101706	0.6362	0.9984	0.903134053020407	-4.15094965292008	0.939636686709404	5.93946167518808	10.0904113281082	1.9884198472911	0.655866126333446	1.98954758089005	3.29281443201971	2.63694830568626	0.568579658763572	0.971827388138422	-9.90466439920322	0.905445189793818	11.6919578806687	21.5966222798719	0.0974	0.9987	4.3481164136179	1.66499395159879	4.26477458525963	7.13157854786001	5.46658459626122	0	NA	NA	NA	NA	NA	NA	1	-1.21832898851388	1.48432552425325	1	-0.133043194243181	0.0177004915344288	1	-3.67227640550049	13.4856139983956	1	-0.295987380021012	0.0876085291317031	1.00165164110985	4820.50786277156	0	1.00154858935492	6935.36447851005	0	NA	NA	NA	NA	NA	NA	NA	NA
706	7	7	benefit_positive_truncnorm	benefit_positive_truncnorm	continuous	1	increasing	benefit	1	1	NA	2.00584525308299	3.77788275564725	700	252	420	700	700	252	486	0.64	0.305714285714286	6.48473410435644	24	24	0	2	1	10	4	1	5000	2500	1	0.99	14	10000	101705	0.6917	0.9993	1.36906055397799	-4.01573668400716	1.39887510438832	6.45999448284965	10.4757311668568	2.12770425339045	0.829841309812833	2.1319431608028	3.4133904599272	2.58354915011437	0.638011505481385	1.87612989732397	-9.51115365565976	1.7216028407396	12.9958946437324	22.5070482993922	0.0787	0.9998	4.70889775185674	2.2037249426468	4.63683832662113	7.47894461811931	5.27521967547251	0	NA	NA	NA	NA	NA	NA	1	-0.636784699104997	0.405494753014242	1	0.12185900030746	0.0148496159559335	1	-1.90175285832329	3.61666393414079	1	0.931014996209487	0.866788923166951	1.00133502047652	4532.73334995939	0	1.00164890920091	9849.80355426296	0	NA	NA	NA	NA	NA	NA	NA	NA
704	7	7	benefit_positive_truncnorm	benefit_positive_truncnorm	continuous	1	increasing	benefit	1	1	NA	3.04476727498596	6.56431015521366	700	252	420	700	700	252	460	0.64	0.342857142857143	7.86708358686204	24	24	0	2	1	10	4	1	5000	2500	1	0.99	14	10000	101703	0.7778	1	2.01177406601543	-3.23898355217995	2.07274242854669	6.93600436209591	10.1749879142759	3.56277551730656	2.23073442183853	3.56944125532158	4.86218174535807	2.63144732351954	0.662452450212575	2.122982909012	-8.97582805402207	2.03303433499929	12.4586089846756	21.4344370386976	0.1062	1	8.11525182998442	4.40765414444468	7.73322818412525	12.8863272475104	8.47867310306573	0.0102	NA	NA	NA	NA	NA	NA	1	-1.03299320897053	1.06707496977923	1	0.518008242320596	0.268332539112073	1	-4.44132724620167	19.7253877078533	1	1.55094167477075	2.40542007854071	1.00215867680346	4509.92631674316	0	1.00269241193969	7276.21497900195	0	NA	NA	NA	NA	NA	NA	NA	NA
705	7	7	benefit_positive_truncnorm	benefit_positive_truncnorm	continuous	1	increasing	benefit	1	1	NA	1.11871560029371	1.62005198424168	700	252	420	700	700	252	488	0.64	0.302857142857143	6.52587141285678	24	24	0	2	1	10	4	1	5000	2500	1	0.99	14	10000	101704	0.5318	0.9669	0.213049850146592	-5.20025023995283	0.217991804836427	5.55634994063156	10.7566001805844	1.25996672951417	-0.0816986722531742	1.25582213525492	2.59117452143345	2.67287319368663	0.527897457992245	0.402477726470371	-10.8789359304701	0.373988104243228	11.6557891575607	22.5347250880309	0.0716	0.925	2.10731594994484	-0.71324036936727	1.95914060338186	5.420133990519	6.13337435988627	0	NA	NA	NA	NA	NA	NA	1	-0.905665750147122	0.820230450989549	1	0.141251129220452	0.0199518815060528	1	-1.21757425777131	1.48248707318735	1	0.487263965703165	0.237426172272775	1.00180939168299	3770.72975659367	0	1.00158024108661	5964.99229095854	0	NA	NA	NA	NA	NA	NA	NA	NA
680	7	7	benefit_positive_truncnorm	benefit_positive_truncnorm	continuous	1	increasing	benefit	1	1	NA	2.39749591664234	4.92740347114699	700	252	420	700	700	252	472	0.64	0.325714285714286	7.56260273520307	24	24	0	2	1	10	4	1	5000	2500	1	0.99	14	10000	101679	0.6124	0.9962	0.761552337904863	-4.29385589371067	0.74908046214486	5.79696578695134	10.090821680662	1.75861207353222	0.467635783761408	1.75284875084987	3.07160079646235	2.60396501270095	0.550884955752212	0.69312463453053	-10.335735080631	0.646244935495143	11.4005052849492	21.7362403655802	0.096	0.9783	3.37865426231706	0.100550675789954	3.16082486625381	7.56171874365202	7.46116806786207	0	NA	NA	NA	NA	NA	NA	1	-1.63594357873748	2.67631139281239	1	-0.638883843110124	0.408172564987161	1	-4.23427883661646	17.929117266218	1	-1.54874920882993	2.39862411185134	1.00127740859269	4236.59498462173	0	1.00160809682758	13939.1561171114	0	NA	NA	NA	NA	NA	NA	NA	NA
684	7	7	benefit_positive_truncnorm	benefit_positive_truncnorm	continuous	1	increasing	benefit	1	1	NA	2.00387957287533	4.0533089802571	700	252	420	700	700	252	487	0.64	0.304285714285714	7.84264828212453	24	24	0	2	1	10	4	1	5000	2500	1	0.99	14	10000	101683	0.5938	0.9943	0.574516268434885	-4.65020881797269	0.645578372067989	5.53953836045895	10.1897471784316	1.6153187032364	0.353060666839556	1.61708169414624	2.88285183929158	2.52979117245202	0.564191456050101	0.840997513260227	-10.2345429799909	0.826319389456378	11.5146154602363	21.7491584402272	0.1058	0.975	2.66928477211753	0.0029322879621314	2.51717893778955	6.10331278415381	6.10038049619168	0	NA	NA	NA	NA	NA	NA	1	-1.42936330444045	2.04307945608092	1	-0.388560869638937	0.150979549414567	1	-3.21231146699688	10.3189449609996	1	-1.38402420813957	1.91552300871636	1.00168633060194	4450.98187762041	0	1.00159612246	11690.7708770805	0	NA	NA	NA	NA	NA	NA	NA	NA
683	7	7	benefit_positive_truncnorm	benefit_positive_truncnorm	continuous	1	increasing	benefit	1	1	NA	1.89581573586529	3.78013175414426	700	252	420	700	700	252	479	0.64	0.315714285714286	7.24750510596439	24	24	0	2	1	10	4	1	5000	2500	1	0.99	14	10000	101682	0.7051	0.9977	1.41855260015148	-3.70254436450219	1.45103870210414	6.47571792000788	10.1782622845101	1.92828838425278	0.627789910896389	1.92871190952453	3.25103713215291	2.62324722125652	0.633858701642235	1.81665048362203	-9.03801132722923	1.71798469994443	12.2697492501926	21.3077605774219	0.0927	0.9545	3.36927576990821	-0.49645742089529	3.20489002252187	7.66876960892298	8.16522702981826	0	NA	NA	NA	NA	NA	NA	1	-0.477263135713818	0.227780100711387	1	0.0324726483874818	0.00105447289329702	1	-1.96348127052223	3.85525869969159	1	-0.410855984236048	0.168802639782571	1.00152747862602	4500.65723769662	0	1.00162364987521	10471.1915409079	0	NA	NA	NA	NA	NA	NA	NA	NA
685	7	7	benefit_positive_truncnorm	benefit_positive_truncnorm	continuous	1	increasing	benefit	1	1	NA	2.02098004999531	3.45689883163319	700	252	420	700	700	252	472	0.64	0.325714285714286	6.54516780643447	24	24	0	2	1	10	4	1	5000	2500	1	0.99	14	10000	101684	0.701	0.9994	1.41028551099222	-3.90463136192446	1.4523469948748	6.57519809039097	10.4798294523154	2.15314218305773	0.831311257263453	2.14433706398984	3.48950553568839	2.65819427842494	0.643385109801821	1.95378445117913	-9.25677814328221	1.74942275391174	12.7977276616624	22.0545058049446	0.0665	0.992298459691938	3.77309729197036	0.787710241499615	3.62710232501146	7.51686397339717	6.72915373189756	2e-04	NA	NA	NA	NA	NA	NA	1	-0.61069453900309	0.372947819968197	1	0.132162133062421	0.0174668294156091	1	-1.50311438045406	2.2593528407278	1	0.316198460337168	0.0999814663195958	1.0018366878807	4089.45004090758	0	1.00181607359696	10228.0597019293	0	NA	NA	NA	NA	NA	NA	NA	NA
696	7	7	benefit_positive_truncnorm	benefit_positive_truncnorm	continuous	1	increasing	benefit	1	1	NA	2.22427361502417	4.62780221462189	700	252	420	700	700	252	489	0.64	0.301428571428571	6.78779462037068	24	24	0	2	1	10	4	1	5000	2500	1	0.99	14	10000	101695	0.5446	0.9895	0.319553967855051	-4.97494939921543	0.3404270920509	5.65136868215452	10.62631808137	1.57638765367495	0.229862814415726	1.58103974048687	2.88742454448615	2.65756173007043	0.527170383199827	0.327116369576156	-10.9338495625462	0.349166585976991	11.6652185663839	22.5990681289302	0.0762	0.9834	3.84718455813842	0.411182125447584	3.90698685072639	6.70131997202245	6.29013784657486	0	NA	NA	NA	NA	NA	NA	1	-1.90471964716912	3.62795693431205	1	-0.647885961349221	0.419756218913404	1	-4.30068584504573	18.4958987377767	1	-0.780617656483463	0.609363925613735	1.00148523690825	4577.58006327489	0	1.00237531174497	8753.03519072995	0	NA	NA	NA	NA	NA	NA	NA	NA
690	7	7	benefit_positive_truncnorm	benefit_positive_truncnorm	continuous	1	increasing	benefit	1	1	NA	1.79913426843337	3.34153692114002	700	252	420	700	700	252	469	0.64	0.33	7.09134282865799	24	24	0	2	1	10	4	1	5000	2500	1	0.99	14	10000	101689	0.4672	0.998	-0.22461456135483	-5.1633459926197	-0.22233397835925	4.86546679184673	10.0288127844664	1.92783710346558	0.610408858944025	1.9339621412184	3.23261681820975	2.62220795926572	0.4574410261985	-0.483292411282225	-11.2024429899648	-0.521445902666327	10.3987965517789	21.6012395417436	0.0801	0.996499299859972	4.55786194568302	1.13028282182348	4.3354589644501	8.74926921927642	7.61898639745294	2e-04	NA	NA	NA	NA	NA	NA	1	-2.0237488297882	4.09555932606912	1	0.128702835032209	0.0165644197453281	1	-3.82482933242224	14.6293194221576	1	1.21632502454301	1.47944656532954	1.00111541344952	4774.4274891755	0	1.00203490224829	11864.3835441209	0	NA	NA	NA	NA	NA	NA	NA	NA
689	7	7	benefit_positive_truncnorm	benefit_positive_truncnorm	continuous	1	increasing	benefit	1	1	NA	1.57746506233832	2.70768649987298	700	252	420	700	700	252	509	0.64	0.272857142857143	6.87593562468731	24	24	0	2	1	10	4	1	5000	2500	1	0.99	14	10000	101688	0.6178	0.9746	0.788276340636433	-4.67120970764175	0.81127887515321	6.0110037448954	10.6822134525372	1.25894354108419	-0.0077844895015624	1.26588044425416	2.50516884753688	2.51295333703844	0.586255872391566	1.26072103347838	-10.2072880648194	1.1201262042872	12.4723293903724	22.6796174551918	0.0847	0.8632	1.58477771620127	-1.00958403690951	1.51497617755536	4.47190928766289	5.4814933245724	0	NA	NA	NA	NA	NA	NA	1	-0.789188721701883	0.622818838461452	1	-0.31852152125413	0.101455959502045	1	-1.4469654663946	2.09370906093856	1	-1.12290878367171	1.26092413644708	1.00181397294676	4637.88932338865	0	1.00133592472861	11011.9456747696	0	NA	NA	NA	NA	NA	NA	NA	NA
710	7	7	benefit_positive_truncnorm	benefit_positive_truncnorm	continuous	1	increasing	benefit	1	1	NA	1.61656219067865	3.06443731268463	700	252	420	700	700	252	494	0.64	0.294285714285714	7.1787018799493	24	24	0	2	1	10	4	1	5000	2500	1	0.99	14	10000	101709	0.6627	0.9921	1.03505728707969	-3.81937053949467	1.04741443481161	5.77140797583229	9.59077851532697	1.61812682428499	0.304940098077502	1.62439008310243	2.91386062855973	2.60892053048222	0.618834080717489	1.5246962707927	-9.02956869468111	1.43715803426521	11.9050944844999	20.9346631791811	0.0634	0.9513	2.31934540462954	-0.451342030443751	2.35802319544741	5.05762447576335	5.5089665062071	0	NA	NA	NA	NA	NA	NA	1	-0.581504903598951	0.338147952909626	1	0.0015646336063404	2.44807832208978e-06	1	-1.53974104189193	2.37080247608644	1	-0.745091908055082	0.555161951449162	1.00186643316387	4746.8120579776	0	1.00200932740331	6124.9098323539	0	NA	NA	NA	NA	NA	NA	NA	NA
692	7	7	benefit_positive_truncnorm	benefit_positive_truncnorm	continuous	1	increasing	benefit	1	1	NA	1.85993823546574	3.55712945322952	700	252	420	700	700	252	466	0.64	0.334285714285714	7.42164588231562	24	24	0	2	1	10	4	1	5000	2500	1	0.99	14	10000	101691	0.4944	0.7888	-0.0341871480800184	-4.88221822016991	-0.0441585129236719	4.85089281246158	9.73311103263149	0.528176009004599	-0.745092309490796	0.531640259648592	1.81963208317732	2.56472439266812	0.514734561213434	0.239744259358235	-10.4103299764514	0.191679168928819	10.8346496611533	21.2449796376047	0.077	0.7385	1.11894086736111	-1.98154838711894	1.05333849913089	4.5753806356128	6.55692902273175	0	NA	NA	NA	NA	NA	NA	1	-1.89412538354576	3.58771096859238	0	-1.33176222646114	1.77359062782874	1	-3.31738519387128	11.0050445245164	1	-2.43818858586841	5.94476358025898	1.00129235860712	4570.19213094765	0	1.00145353287779	11747.4362876636	0	NA	NA	NA	NA	NA	NA	NA	NA
698	7	7	benefit_positive_truncnorm	benefit_positive_truncnorm	continuous	1	increasing	benefit	1	1	NA	2.24270161653387	4.14981553768313	700	252	420	700	700	252	480	0.64	0.314285714285714	6.94359334150202	24	24	0	2	1	10	4	1	5000	2500	1	0.99	14	10000	101697	0.6765	0.9998	1.24939582346399	-4.14149256564847	1.26406786227552	6.47693029783067	10.6184228634791	2.38814734710767	1.06458552635031	2.38904020683883	3.66795243607722	2.60336690972691	0.609234111895709	1.52350092749578	-10.2254954035685	1.4737491428263	12.7611773165052	22.9866727200737	0.0795	0.9947	4.21308448895245	0.926955466790139	4.16589499652778	7.82470718376128	6.89775171697114	0	NA	NA	NA	NA	NA	NA	1	-0.993305793069882	0.986656398546187	1	0.145445730573803	0.0211544605421472	1	-2.62631461018736	6.89752843168358	1	0.0632689512693121	0.00400296019471859	1.00185974785478	4308.35169132868	0	1.00142867684866	6500.49581130327	0	NA	NA	NA	NA	NA	NA	NA	NA
697	7	7	benefit_positive_truncnorm	benefit_positive_truncnorm	continuous	1	increasing	benefit	1	1	NA	1.87958056083905	3.80013777727958	700	252	420	700	700	252	491	0.64	0.298571428571429	6.50010174719983	24	24	0	2	1	10	4	1	5000	2500	1	0.99	14	10000	101696	0.4642	0.9594	-0.234375247303849	-5.29384768621172	-0.258220105420581	4.86752523774555	10.1613729239573	1.1723860656747	-0.141079184997839	1.1787748911488	2.46609656822671	2.60717575322455	0.486606201223371	-0.294275990919269	-11.6099591757783	-0.161252808162984	10.8298881266562	22.4398473024345	0.0518	0.829	2.10044958761226	-1.55339302372421	1.84065768609025	6.4130113129031	7.96640433662731	0	NA	NA	NA	NA	NA	NA	1	-2.1139558081429	4.46880915878109	1	-0.707194495164351	0.500124053990762	1	-4.09441376819885	16.7642241052163	1	-1.69968818966732	2.88893994209456	1.00165047244736	4265.83645928611	0	1.00146408024203	9482.04629556147	0	NA	NA	NA	NA	NA	NA	NA	NA
711	7	7	benefit_positive_truncnorm	benefit_positive_truncnorm	continuous	1	increasing	benefit	1	1	NA	2.13495812644478	4.5411945070039	700	252	420	700	700	252	502	0.64	0.282857142857143	6.45995617206519	24	24	0	2	1	10	4	1	5000	2500	1	0.99	14	10000	101710	0.5996	0.9994	0.645510799193705	-4.66036646000619	0.676795055772989	5.84224170710696	10.5026081671132	2.27954052366669	0.983350552001976	2.28623747587401	3.55956591789107	2.5762153658891	0.574968233799238	1.06196224648693	-10.0040518494977	0.927111606138287	12.1024193929331	22.1064712424308	0.0556	0.9956	3.57688667103669	0.976681623159597	3.38317439223655	7.10206461216704	6.12538298900745	0	NA	NA	NA	NA	NA	NA	1	-1.48944732725108	2.21845334065538	1	0.144582397221908	0.0209040695864336	1	-3.47923226051697	12.105057122622	1	-0.964307835967214	0.929889602507771	1.00161527889754	4503.14665392377	0	1.00148717233079	9311.61633952722	0	NA	NA	NA	NA	NA	NA	NA	NA
687	7	7	benefit_positive_truncnorm	benefit_positive_truncnorm	continuous	1	increasing	benefit	1	1	NA	2.2147378308721	4.46830315677967	700	252	420	700	700	252	474	0.64	0.322857142857143	6.28658663125653	24	24	0	2	1	10	4	1	5000	2500	1	0.99	14	10000	101686	0.6424	0.9995	0.993612548517254	-4.27110860986776	1.01318745969159	6.18078228815791	10.4518908980257	2.32087963698288	1.00949536273595	2.32845930837296	3.64346568062897	2.63397031789303	0.60536811469225	1.44084386270156	-9.89158897587141	1.38795169090312	12.3674446746217	22.2590336504931	0.0723	0.9979	5.26304570760885	1.4239106295937	5.16713658052555	9.39180221112364	7.96789158152994	0	NA	NA	NA	NA	NA	NA	1	-1.22112528235485	1.49114695520621	1	0.106141806110783	0.011266083004459	1	-3.0274592940781	9.16550977729987	1	0.794742550829189	0.631615722098486	1.00160050814747	4625.97003478151	0	1.00174936793763	9296.42953152282	0	NA	NA	NA	NA	NA	NA	NA	NA
688	7	7	benefit_positive_truncnorm	benefit_positive_truncnorm	continuous	1	increasing	benefit	1	1	NA	2.13798332521718	4.00729542018013	700	252	420	700	700	252	471	0.64	0.327142857142857	6.76158723754025	24	24	0	2	1	10	4	1	5000	2500	1	0.99	14	10000	101687	0.6082	0.967	0.754167138867895	-4.54624735550662	0.76916865244537	6.00021534701429	10.5464627025209	1.20770902880805	-0.067820295399892	1.20119755639248	2.48861681456508	2.55643710996497	0.575741181562432	1.03615727639613	-10.4664292060935	0.9688902163175	12.3045926754402	22.7710218815337	0.0758	0.9268	2.04446377525277	-0.763602944145254	2.01854369286772	5.10939046148276	5.87299340562801	0	NA	NA	NA	NA	NA	NA	1	-1.38381618634928	1.91494723760227	1	-0.93027429640913	0.865410266559501	1	-2.971138143784	8.82766186944824	1	-1.96283164492737	3.85270806632828	1.00147231801058	4305.68960757707	0	1.00237517693068	9094.65733299812	0	NA	NA	NA	NA	NA	NA	NA	NA
699	7	7	benefit_positive_truncnorm	benefit_positive_truncnorm	continuous	1	increasing	benefit	1	1	NA	2.18774595476848	4.50284844023211	700	252	420	700	700	252	448	0.64	0.36	7.05694838415546	24	24	0	2	1	10	4	1	5000	2500	1	0.99	14	10000	101698	0.8134	1	2.25511576492238	-2.80593600128107	2.31880873770613	6.93711390273203	9.7430499040131	2.84194767904788	1.52350431772867	2.84436774326953	4.14565950125176	2.62215518352309	0.877684508884771	4.99570422444671	-5.17532500450382	4.75240326031916	14.4071101665089	19.5824351710127	0.0827	1	8.78253050498887	5.0340693935197	8.62224699949343	12.7776116662573	7.74354227273756	0.0114	NA	NA	NA	NA	NA	NA	1	0.0673698101538989	0.00453869132017237	1	0.654201724279404	0.427979896050146	1	0.492855784214595	0.242906824033784	0	4.27968206475675	18.3156785754006	1.00135151429333	4538.88523224294	0	1.00105694418089	6483.50721675826	0	NA	NA	NA	NA	NA	NA	NA	NA
695	7	7	benefit_positive_truncnorm	benefit_positive_truncnorm	continuous	1	increasing	benefit	1	1	NA	2.44641151491745	5.73431090068736	700	252	420	700	700	252	483	0.64	0.31	6.75379259020095	24	24	0	2	1	10	4	1	5000	2500	1	0.99	14	10000	101694	0.6572	1	1.11590583194511	-4.26789206181997	1.11699509050925	6.31395444059992	10.5818465024199	2.54996311688966	1.21800850156483	2.56405211901134	3.86381722579186	2.64580872422703	0.5948406676783	1.34209013842009	-9.92161146520218	1.24817150999296	12.1678191547801	22.0894306199823	0.0774	0.9994	5.09437248231915	1.95591328303048	4.8447445325578	9.05958074916904	7.10366746613856	0	NA	NA	NA	NA	NA	NA	1	-1.33050568297233	1.77024537242167	1	0.103551601972213	0.0107229342710117	1	-4.39222076226726	19.2916032244916	1	-0.639938418368211	0.409521179303608	1.00213373205017	4714.39649597806	0	1.00273957965927	12880.0800215783	0	NA	NA	NA	NA	NA	NA	NA	NA
712	7	7	benefit_positive_truncnorm	benefit_positive_truncnorm	continuous	1	increasing	benefit	1	1	NA	2.26835365303946	4.44923166193127	700	252	420	700	700	252	488	0.64	0.302857142857143	6.5402497233519	24	24	0	2	1	10	4	1	5000	2500	1	0.99	14	10000	101711	0.7009	0.9992	1.40957551472396	-3.89397075306773	1.48609314339204	6.47456821008921	10.3685389631569	2.22226852074428	0.889665960934637	2.21339349028799	3.58045113088569	2.69078516995106	0.663372717508056	2.18897603692886	-9.12950413839075	2.02630954247864	12.8730430505985	22.0025471889893	0.069	0.9944	5.72762201537546	1.2415684987506	5.89453140360218	9.60095914135427	8.35939064260367	0	NA	NA	NA	NA	NA	NA	1	-0.858778138315496	0.73749989084863	1	-0.0460851322951807	0.00212383941866431	1	-2.26025562500241	5.10875549035504	1	1.27839035344419	1.63428189577916	1.00147094011242	4391.18666038172	0	1.00131275804853	7082.08902069785	0	NA	NA	NA	NA	NA	NA	NA	NA
691	7	7	benefit_positive_truncnorm	benefit_positive_truncnorm	continuous	1	increasing	benefit	1	1	NA	2.01570877916694	4.01515564381858	700	252	420	700	700	252	491	0.64	0.298571428571429	7.3371437560018	24	24	0	2	1	10	4	1	5000	2500	1	0.99	14	10000	101690	0.6913	0.9995	1.26990264588882	-3.6523881341159	1.28389543848412	6.04338950064273	9.69577763475864	2.18891252264469	0.918197704839105	2.19229941513777	3.44915110453974	2.53095339970063	0.617753029806748	1.55239513289868	-9.3918843216674	1.48127861767778	11.9432135685905	21.3350978902579	0.0841	0.9925	3.96223979941566	0.746371692369325	3.9134080968214	7.50913720781709	6.76276551544777	0	NA	NA	NA	NA	NA	NA	1	-0.745806133278129	0.556226788435274	1	0.173203743477742	0.0299995367547033	1	-2.4627605109199	6.06518933414647	1	-0.0529158444029223	0.00280008658887428	1.00157778145792	4834.87776106249	0	1.00196003876496	7228.54925978213	0	NA	NA	NA	NA	NA	NA	NA	NA
718	7	7	benefit_positive_truncnorm	benefit_positive_truncnorm	continuous	1	increasing	benefit	1	1	NA	2.04501399324486	3.83467054512806	700	252	420	700	700	252	502	0.64	0.282857142857143	7.49894056738976	24	24	0	2	1	10	4	1	5000	2500	1	0.99	14	10000	101717	0.6193	0.9879	0.800134318118829	-4.25305101607542	0.830906125219482	5.74957776741148	10.0026287834869	1.47166179819483	0.186631206487769	1.47552126966386	2.74575764737655	2.55912644088878	0.590027397260274	1.28291536892678	-9.56474846561493	1.15008683587692	11.8940239523164	21.4587724179314	0.0875	0.9958	3.07044197804302	0.86949145889442	3.0811692982072	5.27661961916331	4.40712816026889	0	NA	NA	NA	NA	NA	NA	1	-1.24487967512603	1.5497254055419	1	-0.573352195050029	0.328732739568686	1	-2.55175517620129	6.51145447927006	1	-0.764228567085041	0.584045302748855	1.00119104635214	4582.10707236197	0	1.00172415391982	9353.90171896455	0	NA	NA	NA	NA	NA	NA	NA	NA
701	7	7	benefit_positive_truncnorm	benefit_positive_truncnorm	continuous	1	increasing	benefit	1	1	NA	2.37974909967302	5.15512436327561	700	252	420	700	700	252	479	0.64	0.315714285714286	7.01479725015473	24	24	0	2	1	10	4	1	5000	2500	1	0.99	14	10000	101700	0.4355	0.9707	-0.382911476539304	-5.24529237195065	-0.422687645455548	4.73160431700689	9.97689668895754	1.24479480580847	-0.0487559206772127	1.24284786297079	2.56303099288554	2.61178691356275	0.350711403695052	-1.62455201777392	-12.2041817871993	-1.69796353351004	10.0333504004866	22.2375321876859	0.0582	0.9426	2.66176419749583	-0.71738567755153	2.70822387702962	5.70799909022061	6.42538476777214	0	NA	NA	NA	NA	NA	NA	1	-2.76266057621232	7.63229345935779	1	-1.13495429386455	1.28812124916158	1	-6.77967638104953	45.9640118317608	1	-2.49336016577978	6.21684491629738	1.00170108497129	4700.0221300532	0	1.00167469646134	7474.49139446827	0	NA	NA	NA	NA	NA	NA	NA	NA
717	7	7	benefit_positive_truncnorm	benefit_positive_truncnorm	continuous	1	increasing	benefit	1	1	NA	1.54875463869606	2.7925518721191	700	252	420	700	700	252	511	0.64	0.27	6.58884582723713	24	24	0	2	1	10	4	1	5000	2500	1	0.99	14	10000	101716	0.4563	0.3718	-0.294180347680161	-5.46086937972672	-0.292171458575897	4.89355623206901	10.3544256117957	-0.213918157773253	-1.48921927641699	-0.212286691297911	1.045429216974	2.53464849339099	0.490173164772124	-0.144417953648418	-11.6183057333243	-0.119540185001048	10.9407969256039	22.5591026589282	0.0587	0.2937	-0.700249890214404	-3.2957964200102	-0.724709261341546	2.01323631445322	5.30903273446342	0	NA	NA	NA	NA	NA	NA	1	-1.84293498637622	3.39640936400952	0	-1.76267279646931	3.10701538741294	1	-2.93696982576752	8.62579175746888	0	-3.4928017623335	12.19966415096	1.00171573453	4179.4866969694	0	1.00126720434471	7609.96614401781	0	NA	NA	NA	NA	NA	NA	NA	NA
720	7	7	benefit_positive_truncnorm	benefit_positive_truncnorm	continuous	1	increasing	benefit	1	1	NA	2.06420923029842	3.7451574937068	700	252	420	700	700	252	482	0.64	0.311428571428571	6.74274922066108	24	24	0	2	1	10	4	1	5000	2500	1	0.99	14	10000	101719	0.6093	0.9993	0.766275229582273	-4.71275705447887	0.774829334025582	6.05658770715586	10.7693447616347	2.27041116924952	0.941869991775911	2.27937915931119	3.56105347333872	2.61918348156281	0.579193899782135	1.10543883316178	-10.0720909011937	1.02318210099719	12.0572431148798	22.1293340160735	0.082	0.997699769976998	3.59298197502783	1.09059810762867	3.4393072129732	6.97001234182815	5.87941423419949	1e-04	NA	NA	NA	NA	NA	NA	1	-1.29793400071615	1.68463267021503	1	0.206201938951098	0.0425192396271923	1	-2.63971866054502	6.96811460682958	1	-0.152175518678971	0.023157388485214	1.00173786759029	4121.80248480356	0	1.00165747338704	6810.84352871648	0	NA	NA	NA	NA	NA	NA	NA	NA
702	7	7	benefit_positive_truncnorm	benefit_positive_truncnorm	continuous	1	increasing	benefit	1	1	NA	2.31780863956495	4.59820403096434	700	252	420	700	700	252	499	0.64	0.287142857142857	7.49169487258545	24	24	0	2	1	10	4	1	5000	2500	1	0.99	14	10000	101701	0.6432	0.9901	0.965688892890136	-4.01292688673491	0.977226420834454	5.8523441436863	9.86527103042121	1.4659258271327	0.214876341957204	1.46526678580704	2.7007247437215	2.4858484017643	0.585875331564987	1.19541224686123	-9.71482161558943	1.10527246264432	11.7474534559334	21.4622750715229	0.0952	0.8294	1.21324689460623	-1.01232215995586	1.14415344312352	3.87091089435359	4.88323305430945	0	NA	NA	NA	NA	NA	NA	1	-1.35211974667481	1.82822780934795	1	-0.851882812432247	0.725704326117474	1	-3.40279178410311	11.5789919259597	0	-3.3849571363581	11.4579348149817	1.0018156495223	4394.61620951627	0	1.00184701435265	11539.196690876	0	NA	NA	NA	NA	NA	NA	NA	NA
694	7	7	benefit_positive_truncnorm	benefit_positive_truncnorm	continuous	1	increasing	benefit	1	1	NA	1.72798659205427	3.15797421955669	700	252	420	700	700	252	491	0.64	0.298571428571429	6.69306521120529	24	24	0	2	1	10	4	1	5000	2500	1	0.99	14	10000	101693	0.4929	0.6565	-0.0700059498502069	-5.32043800702287	-0.0376390192925546	5.15313533444586	10.4735733414687	0.28009967637104	-1.05979482807148	0.277317678776001	1.58149952561954	2.64129435369101	0.505654281098546	0.0325522841666231	-11.3960460353957	0.0648429855391868	11.1371942115796	22.5332402469753	0.0715	0.4781	-0.0692438109361681	-3.06187014627658	-0.0934299288604441	3.00905963548976	6.07092978176634	0	NA	NA	NA	NA	NA	NA	1	-1.79799254190447	3.23277718074411	0	-1.44788691568323	2.09637652060669	1	-3.12542193539007	9.7682622742174	0	-3.22721803049286	10.4149362163382	1.00137754655384	4535.32061343264	0	1.00162517810044	12441.3619879364	0	NA	NA	NA	NA	NA	NA	NA	NA
716	7	7	benefit_positive_truncnorm	benefit_positive_truncnorm	continuous	1	increasing	benefit	1	1	NA	2.60587556827647	5.75603504093869	700	252	420	700	700	252	465	0.64	0.335714285714286	7.49897390436055	24	24	0	2	1	10	4	1	5000	2500	1	0.99	14	10000	101715	0.771	1	1.93930037567842	-3.12542164129269	1.99470350984631	6.83092228637813	9.95634392767083	3.02924255935346	1.72222530041655	3.03266880712303	4.33926859291312	2.61704329249657	0.706647398843931	2.68663391744691	-7.77486865420322	2.55920514549016	12.6637349280166	20.4386035822198	0.1004	1	6.43758951376292	2.35664172789266	6.31504195579208	11.7989000234255	9.44225829553284	0.0084	NA	NA	NA	NA	NA	NA	1	-0.666575192598049	0.444322487387127	1	0.423366991076984	0.179239609133579	1	-3.06940112349178	9.42122325689261	1	0.681554472824221	0.464516499426702	1.00259652549103	4899.07118154481	0	1.00154697950412	7250.71016662654	0	NA	NA	NA	NA	NA	NA	NA	NA
700	7	7	benefit_positive_truncnorm	benefit_positive_truncnorm	continuous	1	increasing	benefit	1	1	NA	1.86380430035109	3.66154918107872	700	252	420	700	700	252	470	0.64	0.328571428571429	7.59861212967743	24	24	0	2	1	10	4	1	5000	2500	1	0.99	14	10000	101699	0.585	0.9842	0.52214377136172	-4.52327370365099	0.590775402294536	5.38434345194599	9.90761715559698	1.41955209610165	0.117393933094399	1.42020700175354	2.71108727850238	2.59369334540798	0.571932921447485	0.906991403298823	-10.0070736191256	0.902507003499436	11.4125828549857	21.4196564741113	0.0936	0.9794	2.99173716144044	0.104423067954633	2.8566805018129	6.86484737801854	6.76042431006391	0	NA	NA	NA	NA	NA	NA	1	-1.34166052898937	1.80005297504803	1	-0.444252204249435	0.197360020980482	1	-2.7545577777799	7.58758855112772	1	-0.669812019638278	0.448648141651909	1.00130980565472	4606.09973445279	0	1.00124054895221	8428.79193041142	0	NA	NA	NA	NA	NA	NA	NA	NA
722	7	7	benefit_positive_truncnorm	benefit_positive_truncnorm	continuous	1	increasing	benefit	1	1	NA	1.97750532773286	3.60009922382903	700	252	420	700	700	252	495	0.64	0.292857142857143	6.59965623573415	24	24	0	2	1	10	4	1	5000	2500	1	0.99	14	10000	101721	0.645	0.9969	1.03331903887865	-4.26458080403145	1.0330860194595	6.26066755846602	10.5252483624975	1.84778100810242	0.541735017512298	1.84967050057419	3.16808922803741	2.62635421052511	0.57752566180443	1.09783668162339	-10.4436183729218	1.01910321547918	11.9466273662325	22.3902457391543	0.0745	0.965	3.2196197838734	-0.294885528408737	3.13414079300871	7.24393001485455	7.53881554326329	0	NA	NA	NA	NA	NA	NA	1	-0.944186288854204	0.891487748060274	1	-0.129724319630437	0.0168283991035798	1	-2.50226254220564	6.26131783012541	1	-0.380479439955627	0.144764604228948	1.00197211765104	4006.97517413882	0	1.00171680783098	9923.80086559134	0	NA	NA	NA	NA	NA	NA	NA	NA
715	7	7	benefit_positive_truncnorm	benefit_positive_truncnorm	continuous	1	increasing	benefit	1	1	NA	2.15399024206465	3.7807303511254	700	252	420	700	700	252	470	0.64	0.328571428571429	6.82690330871642	24	24	0	2	1	10	4	1	5000	2500	1	0.99	14	10000	101714	0.7546	1	1.96144980113867	-3.54774563787153	2.02075851227942	7.12936957437124	10.6771152122428	3.62003215894011	2.29628139357013	3.63431734187046	4.91256396103487	2.61628256746474	0.682129445548929	2.57637646013551	-8.58080621725144	2.48077229988509	13.2548410089701	21.8356472262215	0.0946	1	8.33988594303588	4.5398004142996	8.13020256495802	12.4887237366595	7.94892332235989	0.0055	NA	NA	NA	NA	NA	NA	1	-0.192540440925975	0.0370718213919688	0	1.46604191687546	2.14927890203588	1	-1.2043538909899	1.4504682947425	0	4.55915559191048	20.7858997112486	1.00203009156841	4412.89881227848	0	1.00160048356362	6876.03591558009	0	NA	NA	NA	NA	NA	NA	NA	NA
713	7	7	benefit_positive_truncnorm	benefit_positive_truncnorm	continuous	1	increasing	benefit	1	1	NA	2.11157768157097	4.31324911491383	700	252	420	700	700	252	473	0.64	0.324285714285714	7.19484846770611	24	24	0	2	1	10	4	1	5000	2500	1	0.99	14	10000	101712	0.7854	1	1.97138510978181	-2.92513690653344	2.04335090344081	6.68145684726734	9.60659375380078	3.01275592506543	1.72228520845333	3.0138440583976	4.27908878310497	2.55680357465164	0.768667322619438	3.49752609643712	-6.89450191876315	3.32891278500485	13.4239753650736	20.3184772838367	0.0853	1	6.91552573622385	3.33117349532865	6.90069289109216	10.629716887266	7.29854339193737	2e-04	NA	NA	NA	NA	NA	NA	1	-0.140192571789169	0.0196539571848612	1	0.901178243494452	0.812122226547747	1	-0.815723018476716	0.665404042872765	1	2.60227662131002	6.77184361381669	1.00127919953491	3924.0204723143	0	1.00138403086256	11058.5257457021	0	NA	NA	NA	NA	NA	NA	NA	NA
703	7	7	benefit_positive_truncnorm	benefit_positive_truncnorm	continuous	1	increasing	benefit	1	1	NA	2.3244839312175	5.14746806729207	700	252	420	700	700	252	473	0.64	0.324285714285714	8.18182392625095	24	24	0	2	1	10	4	1	5000	2500	1	0.99	14	10000	101702	0.583	0.9961	0.502362225967627	-4.11027199844422	0.496551199937596	5.12578346875178	9.23605546719601	1.75380957688088	0.498782875576972	1.75306708824395	3.046192205633	2.54740933005603	0.543644208430136	0.487015448286208	-10.0336552302913	0.492649887447241	10.5410222369385	20.5746774672298	0.0961	0.9965	4.31162237427522	1.34454114176308	4.29052105745095	7.28525691515684	5.94071577339376	0	NA	NA	NA	NA	NA	NA	1	-1.82212170524987	3.32012750874269	1	-0.570674354336615	0.325669218697512	1	-4.66045261900587	21.7198186139986	1	-0.835845693016853	0.698638022534823	1.0012474884811	4494.59949310551	0	1.00189495586111	13352.290440802	0	NA	NA	NA	NA	NA	NA	NA	NA
723	7	7	benefit_positive_truncnorm	benefit_positive_truncnorm	continuous	1	increasing	benefit	1	1	NA	1.52152419706721	2.78810548512668	700	252	420	700	700	252	500	0.64	0.285714285714286	6.64612155856112	24	24	0	2	1	10	4	1	5000	2500	1	0.99	14	10000	101722	0.5039	0.7331	0.0234259983663803	-5.30158441554491	0.0270123105225135	5.31965847922799	10.6212428947729	0.413661183569247	-0.912197613044354	0.414296492612642	1.70289387953287	2.61509149257722	0.52625903159711	0.413830106260836	-10.8477547439993	0.319305998360447	11.9347649790423	22.7825197230416	0.0727	0.6738	0.663966576125967	-2.2704630625294	0.712575584357816	3.58381665526411	5.85427971779351	0	NA	NA	NA	NA	NA	NA	1	-1.49809819870083	2.24429821295067	1	-1.10786301349796	1.22736045667678	1	-2.37427537886584	5.63718357468855	1	-2.12413890900071	4.51196610473074	1.00217426281204	4135.87257464974	0	1.00252678074492	12108.9303932639	0	NA	NA	NA	NA	NA	NA	NA	NA
737	7	7	benefit_positive_truncnorm	benefit_positive_truncnorm	continuous	1	increasing	benefit	1	1	NA	2.07751247088517	4.24592302790983	700	252	420	700	700	252	484	0.64	0.308571428571429	6.88755770286717	24	24	0	2	1	10	4	1	5000	2500	1	0.99	14	10000	101736	0.4015	0.6617	-0.667747586158692	-5.99874377499483	-0.678769430946435	4.70867528232999	10.7074190573248	0.277152220470743	-1.04761698456889	0.281689911151708	1.58231480293341	2.62993178750231	0.451328397212544	-0.668558589112548	-11.9970846533903	-0.660862280568583	10.9775390936182	22.9746237470085	0.0816	0.6422	0.874557180655141	-2.72326171481943	1.10708063772454	4.27803458234451	7.00129629716394	0	NA	NA	NA	NA	NA	NA	1	-2.74526005704386	7.53645278080045	0	-1.80036025041442	3.24129703127228	1	-4.91448161702238	24.1521295640509	1	-3.37136584725469	11.3661076760353	1.00109681581611	4093.24528511293	0	1.00179522457336	10104.1248696411	0	NA	NA	NA	NA	NA	NA	NA	NA
765	7	7	benefit_positive_truncnorm	benefit_positive_truncnorm	continuous	1	increasing	benefit	1	1	NA	1.88269893701065	3.41676974443375	700	252	420	700	700	252	467	0.64	0.332857142857143	6.84735204807908	24	24	0	2	1	10	4	1	5000	2500	1	0.99	14	10000	101764	0.622	0.9986	0.860269445953126	-4.48644173727588	0.869428925981908	6.14852074700894	10.6349624842848	1.96643676478612	0.639524667933397	1.96701344007437	3.31589423703818	2.67636956910478	0.574423937970951	1.04760191152429	-10.5259305891687	1.02661685592999	12.3223210923724	22.8482516815411	0.0843	0.987198719871987	4.16993627736522	0.473614263392784	3.73361813835401	8.968604115587	8.49498985219422	1e-04	NA	NA	NA	NA	NA	NA	1	-1.02242949105752	1.04536206418414	1	0.0837378277754712	0.00701202380055448	1	-2.36916783290946	5.61295622049291	1	0.753166532931471	0.567259826328012	1.00153096995854	4408.06571933186	0	1.00182562540066	9831.16631962647	0	NA	NA	NA	NA	NA	NA	NA	NA
729	7	7	benefit_positive_truncnorm	benefit_positive_truncnorm	continuous	1	increasing	benefit	1	1	NA	1.75842631208375	2.93092066443131	700	252	420	700	700	252	460	0.64	0.342857142857143	7.30254730847692	24	24	0	2	1	10	4	1	5000	2500	1	0.99	14	10000	101728	0.6995	0.9999	1.26579612363185	-3.8193314259226	1.30555660453105	6.09869179940582	9.91802322532842	2.87017766497018	1.54529068993686	2.87394369682561	4.15491996848083	2.60962927854397	0.664992904704727	2.12886178887194	-8.61935731932076	1.99993530728183	12.4281552253588	21.0475125446795	0.0839	0.999899234179766	8.35220778194655	4.13503862269215	8.45161970550585	12.9980286234432	8.86299000075106	0.0076	NA	NA	NA	NA	NA	NA	1	-0.492630188451892	0.242684502574147	1	1.11175135288643	1.23599107064481	1	-0.802058875559373	0.643298439863565	0	5.42128711751524	29.3903540105367	1.00169861948054	4201.87380203008	0	1.00174469233986	14793.4355291671	0	NA	NA	NA	NA	NA	NA	NA	NA
730	7	7	benefit_positive_truncnorm	benefit_positive_truncnorm	continuous	1	increasing	benefit	1	1	NA	1.70658566914488	3.22683341399207	700	252	420	700	700	252	486	0.64	0.305714285714286	7.21585509084964	24	24	0	2	1	10	4	1	5000	2500	1	0.99	14	10000	101729	0.6532	0.9951	0.991161971691813	-3.94113218153259	1.0338661752483	5.75386759901359	9.69499978054618	1.67004412691171	0.375939164546553	1.67299942621937	2.96302642132231	2.58708725677576	0.591372464856744	1.23466783684922	-9.37596964771279	1.0690965104656	11.8454728314656	21.2214424791784	0.0681	0.915	2.73554595799974	-0.885317228377784	2.80364598213017	7.07098224271957	7.95629947109735	0	NA	NA	NA	NA	NA	NA	1	-0.715423697453071	0.511831066877424	1	-0.0365415422331756	0.00133528430877896	1	-1.99216557714285	3.9687236867529	1	-0.491287455992331	0.241363364415416	1.00154110358063	4545.28386963759	0	1.00188258265991	12554.7256713756	0	NA	NA	NA	NA	NA	NA	NA	NA
740	7	7	benefit_positive_truncnorm	benefit_positive_truncnorm	continuous	1	increasing	benefit	1	1	NA	2.18803194347261	4.54805413674157	700	252	420	700	700	252	469	0.64	0.33	7.29115588199564	24	24	0	2	1	10	4	1	5000	2500	1	0.99	14	10000	101739	0.6116	0.954	0.705508946163038	-4.22532896929756	0.73549454423118	5.6039933944692	9.82932236376675	1.13853992036291	-0.177651131883313	1.14319910858484	2.45477582234328	2.6324269542266	0.546931606103853	0.638889609428728	-10.3610936456529	0.585816901405687	11.4495259490883	21.8106195947412	0.0891	0.8517	2.16617298221996	-1.96253384466436	2.1178803517101	6.36625414053707	8.32878798520143	0	NA	NA	NA	NA	NA	NA	1	-1.48252299730957	2.19787443755176	1	-1.0494920231097	1.10143350657089	1	-3.90916452731284	15.281567301601	1	-2.3818811545216	5.67335783426516	1.00157025542894	4553.59862564579	0	1.00141006659558	9365.19696717853	0	NA	NA	NA	NA	NA	NA	NA	NA
742	7	7	benefit_positive_truncnorm	benefit_positive_truncnorm	continuous	1	increasing	benefit	1	1	NA	1.94471131984831	3.49591749335781	700	252	420	700	700	252	463	0.64	0.338571428571429	7.56942267021556	24	24	0	2	1	10	4	1	5000	2500	1	0.99	14	10000	101741	0.5777	0.9685	0.50513765926398	-4.38959686422293	0.489528030740972	5.50769628812787	9.8972931523508	1.22827034655304	-0.0635229386471191	1.23505954628366	2.54105234780845	2.60457528645557	0.521796276013143	0.372739224504065	-10.2528331871204	0.259931487885869	11.0494668203722	21.3023000074926	0.087	0.9111	1.89213925619541	-1.02399790857587	1.86087451022706	5.06064688964565	6.08464479822153	0	NA	NA	NA	NA	NA	NA	1	-1.43957366058433	2.07237232424816	1	-0.716440973295266	0.513287668216268	1	-3.12317826885375	9.75424249904028	1	-1.6037782371624	2.57210463399572	1.00160707061061	4721.97262251841	0	1.0014456347659	8606.43801422054	0	NA	NA	NA	NA	NA	NA	NA	NA
734	7	7	benefit_positive_truncnorm	benefit_positive_truncnorm	continuous	1	increasing	benefit	1	1	NA	1.39739407805056	1.8772619561804	700	252	420	700	700	252	483	0.64	0.31	6.47108968166623	24	24	0	2	1	10	4	1	5000	2500	1	0.99	14	10000	101733	0.5495	0.9458	0.338029929117251	-4.83348183055399	0.31974164619206	5.56318079297631	10.3966626235303	1.10669649342777	-0.246816814676306	1.09365298522555	2.45939472226668	2.70621153694299	0.525385843533795	0.324219302486759	-10.8369327433327	0.339839194839049	11.6502125492183	22.487145292551	0.0605	0.7331	1.17423564227658	-2.01352152715152	1.07694001360247	4.66108411319026	6.67460564034179	0	NA	NA	NA	NA	NA	NA	1	-1.05936414893331	1.12225240004519	1	-0.290697584622786	0.0845050857055219	1	-1.55304265369364	2.41194148419177	1	-0.703026313903816	0.494245998041186	1.00111614062292	4787.9219614343	0	1.00124891372473	11397.0805621418	0	NA	NA	NA	NA	NA	NA	NA	NA
714	7	7	benefit_positive_truncnorm	benefit_positive_truncnorm	continuous	1	increasing	benefit	1	1	NA	2.23982981171438	4.38712777999256	700	252	420	700	700	252	474	0.64	0.322857142857143	7.39598238333646	24	24	0	2	1	10	4	1	5000	2500	1	0.99	14	10000	101713	0.6556	0.9996	0.950185276442899	-3.91132934301038	0.958651494977321	5.82127404511893	9.73260338812931	2.42965693340478	1.14102146707205	2.43169919320137	3.72622185578514	2.58520038871309	0.598818768456743	1.255911990329	-9.54012347949504	1.17328316890373	11.783539472099	21.323662951594	0.0857	0.9998	5.44365993749577	1.84143562187534	5.29355234794998	9.62703851286101	7.78560289098567	0	NA	NA	NA	NA	NA	NA	1	-1.28964453527148	1.66318302735558	1	0.189827121690404	0.0360343361292633	1	-3.13121578966356	9.80451232143836	1	1.05653215750322	1.1162601998384	1.00162684697444	4749.5764302541	0	1.00240475696331	11760.4067043342	0	NA	NA	NA	NA	NA	NA	NA	NA
728	7	7	benefit_positive_truncnorm	benefit_positive_truncnorm	continuous	1	increasing	benefit	1	1	NA	2.33945841128105	4.34612319412431	700	252	420	700	700	252	472	0.64	0.325714285714286	7.01757518828644	24	24	0	2	1	10	4	1	5000	2500	1	0.99	14	10000	101727	0.7699	0.999	1.96708970395768	-3.16426504650602	1.99944066327066	6.85661616291798	10.020881209424	2.03915843814772	0.717908070043326	2.04149801003408	3.34025965847395	2.62235158843063	0.794635099913119	3.80214099780105	-7.31674456148179	3.66849393995894	13.9307247798185	21.2474693413003	0.0792	0.9812	3.56756697144859	0.188874166241438	3.34051997111593	8.74479583219426	8.55592166595282	0	NA	NA	NA	NA	NA	NA	1	-0.372368707323375	0.138658454193681	1	-0.300299973133339	0.0901800738638839	1	-0.543982196323268	0.295916629916687	1	-0.778556222675725	0.606149791867094	1.00148018717125	4417.82885427766	0	1.00139405468656	9478.54404277232	0	NA	NA	NA	NA	NA	NA	NA	NA
741	7	7	benefit_positive_truncnorm	benefit_positive_truncnorm	continuous	1	increasing	benefit	1	1	NA	1.86928131722206	3.66350884413275	700	252	420	700	700	252	493	0.64	0.295714285714286	6.42965465914098	24	24	0	2	1	10	4	1	5000	2500	1	0.99	14	10000	101740	0.5848	0.9959	0.605855063495141	-4.54976875738631	0.573953448325015	5.83998294769523	10.3897517050815	1.75596344954952	0.454045720639085	1.7583895710294	3.05615592732429	2.6021102066852	0.540813043011906	0.649478331074246	-10.4535511467021	0.503391616190106	11.631362489914	22.0849136366161	0.0677	0.9861	3.70348994564523	0.378335057487916	3.91022443706186	6.4481621675474	6.06982711005948	0	NA	NA	NA	NA	NA	NA	1	-1.26342625372692	1.59624589860644	1	-0.113317867672539	0.0128409391338511	1	-3.0140305130585	9.08437993364769	1	0.0399811015124834	0.0015984884781515	1.00160073137701	4303.00281082939	0	1.00199772766059	10305.3326963855	0	NA	NA	NA	NA	NA	NA	NA	NA
724	7	7	benefit_positive_truncnorm	benefit_positive_truncnorm	continuous	1	increasing	benefit	1	1	NA	2.01381799162988	4.1805439399987	700	252	420	700	700	252	483	0.64	0.31	6.77416018330298	24	24	0	2	1	10	4	1	5000	2500	1	0.99	14	10000	101723	0.509	0.9372	0.0949537535727751	-5.18227206229063	0.0658610152710786	5.40291829507242	10.585190357363	1.05203593045268	-0.32545323075326	1.05966936397699	2.35853688577545	2.68399011652871	0.50287887017925	0.0405111009260596	-11.4583022948613	0.0398989482510359	11.3372524025221	22.7955546973834	0.0795	0.9095	2.32377582500396	-1.21552698813331	2.2655372485517	6.1133731820242	7.32890017015751	0	NA	NA	NA	NA	NA	NA	1	-1.9188642380571	3.68203996409447	1	-0.961782061177195	0.925024733202254	1	-4.14003283907264	17.1398719085999	1	-1.85676811499475	3.44758783286116	1.00134531450681	4089.31755907542	0	1.00140916786448	6137.59437096688	0	NA	NA	NA	NA	NA	NA	NA	NA
757	7	7	benefit_positive_truncnorm	benefit_positive_truncnorm	continuous	1	increasing	benefit	1	1	NA	1.77854981893046	2.84410879829347	700	252	420	700	700	252	479	0.64	0.315714285714286	7.36602184812137	24	24	0	2	1	10	4	1	5000	2500	1	0.99	14	10000	101756	0.5742	0.9495	0.469479370741568	-4.64378034832913	0.456923336633337	5.498071079298	10.1418514276271	1.08464566020149	-0.229016862836906	1.07584321212782	2.36028745888282	2.58930432171973	0.543406229290921	0.594401415298224	-10.4764682020193	0.584246640206716	11.4625606997453	21.9390289017645	0.0946	0.9323	1.77153586304404	-0.677428421422601	1.85253185002936	3.93637024538569	4.61379866680829	0	NA	NA	NA	NA	NA	NA	1	-1.30907044818889	1.71366543832147	1	-0.693904158728968	0.481502981501357	1	-2.24970738299524	5.06118330910331	1	-1.07257293524943	1.15041270142957	1.00102357216788	4681.64634370367	0	1.00177111854697	6466.78322865408	0	NA	NA	NA	NA	NA	NA	NA	NA
758	7	7	benefit_positive_truncnorm	benefit_positive_truncnorm	continuous	1	increasing	benefit	1	1	NA	1.42233855177337	2.56574340098019	700	252	420	700	700	252	498	0.64	0.288571428571429	5.68997811299742	24	24	0	2	1	10	4	1	5000	2500	1	0.99	14	10000	101757	0.5704	0.9595	0.486909067232431	-5.156465953165	0.521459433673052	6.10765483329586	11.2641207864609	1.15685812828824	-0.132740347941347	1.16143630986659	2.46746351105872	2.60020385900007	0.54748781004876	0.721661263039489	-11.0300374652515	0.588480633363575	12.3815849678998	23.4116224331514	0.0566	0.9117	2.20576308516803	-0.831623335660209	2.23592231788943	5.1840095566721	6.01563289233231	0	NA	NA	NA	NA	NA	NA	1	-0.935429484540942	0.875028320548533	1	-0.265480423485132	0.0704798552538448	1	-1.8440821379407	3.40063893147195	1	-0.359980315812158	0.129585827772221	1.00124186137733	4559.52633240053	0	1.00149300077008	11694.408264669	0	NA	NA	NA	NA	NA	NA	NA	NA
739	7	7	benefit_positive_truncnorm	benefit_positive_truncnorm	continuous	1	increasing	benefit	1	1	NA	2.26678446950633	4.65596335496143	700	252	420	700	700	252	478	0.64	0.317142857142857	6.69363773185201	24	24	0	2	1	10	4	1	5000	2500	1	0.99	14	10000	101738	0.7785	1	2.13621237151155	-3.26700035409773	2.18141565432533	7.36708442406531	10.634084778163	3.61830702466134	2.29978368448234	3.6145952182985	4.93512468709976	2.63534100261742	0.69753563929716	2.82532199333867	-8.33427437466043	2.71118606828641	13.4244140799586	21.758688454619	0.0951	1	8.02221330251055	4.76313119144585	7.70126527438336	12.4092807884515	7.64614959700565	0	NA	NA	NA	NA	NA	NA	1	-0.13057209799478	0.0170490727747585	0	1.35152255515501	1.82661321709272	1	-1.83064136162275	3.351247794884	0	3.36624994754912	11.3316387093745	1.00250481209496	3710.30085853573	0	1.00150456755822	10266.0183107133	0	NA	NA	NA	NA	NA	NA	NA	NA
738	7	7	benefit_positive_truncnorm	benefit_positive_truncnorm	continuous	1	increasing	benefit	1	1	NA	1.2278040644565	2.00561230579831	700	252	420	700	700	252	498	0.64	0.288571428571429	6.52766185293663	24	24	0	2	1	10	4	1	5000	2500	1	0.99	14	10000	101737	0.4389	0.395	-0.416056169582871	-5.63394060131772	-0.409620703578864	4.83798646352549	10.4719270648432	-0.18278517977257	-1.49141077133635	-0.190532553054439	1.13309642781785	2.6245071991542	0.488240324994655	-0.258055683755103	-11.5151043839023	-0.145113858222691	10.9016057748928	22.4167101587951	0.0646	0.1655	-1.54252036271465	-4.29375812242634	-1.62820615864671	1.76773655499434	6.06149467742068	0	NA	NA	NA	NA	NA	NA	1	-1.64386023403937	2.70227646905597	0	-1.41058924422907	1.98976201593473	1	-2.26366798955341	5.12419276692878	0	-3.54813266851295	12.5892454333689	1.00128873376312	4332.23362999168	0	1.00208488583352	7209.11561806889	0	NA	NA	NA	NA	NA	NA	NA	NA
770	7	7	benefit_positive_truncnorm	benefit_positive_truncnorm	continuous	1	increasing	benefit	1	1	NA	2.34354170937868	4.51911393296729	700	252	420	700	700	252	493	0.64	0.295714285714286	6.6344630614205	24	24	0	2	1	10	4	1	5000	2500	1	0.99	14	10000	101769	0.7149	1	1.54463261169768	-3.78203979193335	1.59980076285791	6.70358829996648	10.4856280918998	2.97706425656628	1.68483263320888	2.98051791136671	4.25826643565716	2.57343380244828	0.653691421115581	2.14272017056246	-8.91606914728503	2.03800083897154	12.905412350749	21.821481498034	0.0803	1	6.19993718270614	3.71577394702132	6.03175927172407	9.53901064602272	5.8232366990014	0	NA	NA	NA	NA	NA	NA	1	-0.798909097680998	0.638255746357467	1	0.633522547187608	0.401350817795075	1	-2.37639376240483	5.6472473139966	1	1.68082324973884	2.82516679686265	1.00158306649665	4787.21329118102	0	1.00167327737829	13120.8397875885	0	NA	NA	NA	NA	NA	NA	NA	NA
719	7	7	benefit_positive_truncnorm	benefit_positive_truncnorm	continuous	1	increasing	benefit	1	1	NA	1.76698051833743	3.42916521138731	700	252	420	700	700	252	499	0.64	0.287142857142857	6.02063807579148	24	24	0	2	1	10	4	1	5000	2500	1	0.99	14	10000	101718	0.7607	0.9853	1.87059092083247	-3.5415171482024	1.93976882809748	6.8467311859783	10.3882483341807	1.45422029825214	0.14430665710681	1.44811789798998	2.754634394002	2.61032773689519	0.841746962714705	4.29478983479641	-6.77167760518907	3.98351021899644	14.6087801318095	21.3804577369986	0.0452	0.9324	2.53369715180373	-0.675475431880656	2.47388763750978	6.26680491333447	6.94228034521513	0	NA	NA	NA	NA	NA	NA	1	0.103610402495038	0.0107351155051838	1	-0.312760220085288	0.0978189552677977	1	0.865624623409099	0.749305988652144	1	-0.895468059583586	0.801863045734392	1.00155777791972	4492.71796649631	0	1.00177724006725	10690.7135107138	0	NA	NA	NA	NA	NA	NA	NA	NA
725	7	7	benefit_positive_truncnorm	benefit_positive_truncnorm	continuous	1	increasing	benefit	1	1	NA	1.9844859886028	3.50085793165512	700	252	420	700	700	252	473	0.64	0.324285714285714	7.30596204283467	24	24	0	2	1	10	4	1	5000	2500	1	0.99	14	10000	101724	0.6913	0.9999	1.25696346859812	-3.73974210175362	1.28352322211105	6.16236302169693	9.90210512345054	2.5608059956428	1.26454359777888	2.55905078547114	3.84421258314342	2.57966898536454	0.637137246345189	1.77825875829962	-8.74916490540621	1.64003610762811	12.1526648109239	20.9018297163301	0.0834	0.997899789978998	5.17530718080482	1.43759845652688	4.95559254785004	9.19707353231129	7.75947507578441	1e-04	NA	NA	NA	NA	NA	NA	1	-0.727522520004674	0.529289017113951	1	0.576320007040006	0.332144750514593	1	-1.7225991733555	2.96734791204504	1	1.6744492491497	2.80378028797799	1.00154578206757	4812.49655854472	0	1.00120400182668	7318.48049533838	0	NA	NA	NA	NA	NA	NA	NA	NA
768	7	7	benefit_positive_truncnorm	benefit_positive_truncnorm	continuous	1	increasing	benefit	1	1	NA	1.63991955709153	2.86739545548146	700	252	420	700	700	252	448	0.64	0.36	6.89869159099738	24	24	0	2	1	10	4	1	5000	2500	1	0.99	14	10000	101767	0.5552	0.993	0.339578163799797	-4.98499852034991	0.384118811126429	5.54811197541394	10.5331104957638	1.71057868228044	0.360872969382831	1.71571661399061	3.0309085695808	2.67003560019797	0.536263496564511	0.517790919623354	-11.0587302524511	0.450939587824633	11.9443830849807	23.0031133374318	0.0831	0.992694886420494	5.49967095015303	1.03271773554808	5.42348378119974	10.3451489089814	9.31243117343329	7e-04	NA	NA	NA	NA	NA	NA	1	-1.30034139329173	1.69088773910787	1	0.070659125188911	0.0049927119724622	1	-2.3496045358581	5.52064147492496	1	2.63227549467157	6.92887427984848	1.00114859435071	4398.09306698608	0	1.00240444406066	9808.49671341238	0	NA	NA	NA	NA	NA	NA	NA	NA
769	7	7	benefit_positive_truncnorm	benefit_positive_truncnorm	continuous	1	increasing	benefit	1	1	NA	1.98576977805504	3.47172478786035	700	252	420	700	700	252	475	0.64	0.321428571428571	7.67440751269246	24	24	0	2	1	10	4	1	5000	2500	1	0.99	14	10000	101768	0.7637	1	1.83669548604299	-3.20622502762474	1.88360790421526	6.72928312797661	9.93550815560135	3.12630936823451	1.85534448476536	3.11807883865956	4.44366714650451	2.58832266173916	0.657088762668449	2.03294927484589	-8.61916004440849	1.91895694718474	12.1178841146778	20.7370441590863	0.1021	1	5.86927745938544	2.51668587965544	6.12943137666582	9.08346103807956	6.56677515842413	2e-04	NA	NA	NA	NA	NA	NA	1	-0.149074292012044	0.0222231445388921	1	1.14053959017947	1.30083055676675	1	-1.43877551301446	2.07007497685002	1	2.39755267152509	5.74825881273711	1.00128742492557	4610.30219923018	0	1.00181223511695	11526.3270911601	0	NA	NA	NA	NA	NA	NA	NA	NA
727	7	7	benefit_positive_truncnorm	benefit_positive_truncnorm	continuous	1	increasing	benefit	1	1	NA	1.67447569001433	3.12281759430703	700	252	420	700	700	252	488	0.64	0.302857142857143	6.92030488397866	24	24	0	2	1	10	4	1	5000	2500	1	0.99	14	10000	101726	0.5574	0.973	0.405247883442075	-4.94457526743732	0.400055745564758	5.66516230610595	10.6097375735433	1.26455283146755	-0.0193695377854524	1.26853164423431	2.55550218625258	2.57487172403803	0.538846028468978	0.542626989927864	-10.9603491628346	0.474876792173401	12.0208323716236	22.9811815344582	0.0797	0.9042	1.95403752857373	-0.98564372141797	1.92994266285382	5.08224506482504	6.06788878624301	0	NA	NA	NA	NA	NA	NA	1	-1.26922780657225	1.61093922497621	1	-0.409922858546776	0.16803674995916	1	-2.58019060437917	6.65738355492654	1	-1.1687800657333	1.36604684205554	1.00113047636584	4348.29024722681	0	1.00133381428051	11290.6929658114	0	NA	NA	NA	NA	NA	NA	NA	NA
736	7	7	benefit_positive_truncnorm	benefit_positive_truncnorm	continuous	1	increasing	benefit	1	1	NA	1.72283702376362	3.13547367889742	700	252	420	700	700	252	484	0.64	0.308571428571429	6.89241184866502	24	24	0	2	1	10	4	1	5000	2500	1	0.99	14	10000	101735	0.7194	1	1.63932531493194	-3.91559971200013	1.67680289765902	6.84664335258961	10.7622430645897	2.728826183989	1.43556753174108	2.73334439505292	4.01171113937693	2.57614360763585	0.651070840197694	2.18469212826644	-9.01192534613054	2.04599939300458	12.7565109360543	21.7684362821848	0.0895	1	5.00763255931765	2.20854311988954	4.90015206223697	8.43425319074588	6.22571007085633	0	NA	NA	NA	NA	NA	NA	1	-0.0835117088316795	0.00697420551198721	1	1.00598916022539	1.01201419049098	1	-0.95078155063098	0.90398555702025	1	1.87215888042022	3.5049788735363	1.00121295393829	4508.61578757129	0	1.00221353682413	5937.74864061753	0	NA	NA	NA	NA	NA	NA	NA	NA
726	7	7	benefit_positive_truncnorm	benefit_positive_truncnorm	continuous	1	increasing	benefit	1	1	NA	1.50549704370788	2.7133468465283	700	252	420	700	700	252	482	0.64	0.311428571428571	6.73433292349974	24	24	0	2	1	10	4	1	5000	2500	1	0.99	14	10000	101725	0.5687	0.9714	0.479952856054049	-4.92932342551915	0.481906087944373	5.83651012301437	10.7658335485335	1.2861537063001	-0.0328776355155943	1.28715630959004	2.58617709750316	2.61905473301875	0.534946820056436	0.578274807359289	-10.920971075304	0.504486091476935	11.8605893288796	22.7815604041836	0.0786	0.9799	3.18052757021507	0.112357016009131	3.25438061751476	6.52672367318794	6.41436665717881	0	NA	NA	NA	NA	NA	NA	1	-1.02554418765383	1.05174088083056	1	-0.219343337407786	0.0481114996651858	1	-2.13507203916901	4.55853261244131	1	0.467180723686776	0.2182578285845	1.0016685132393	4199.71170043883	0	1.00218610572051	12058.9672091772	0	NA	NA	NA	NA	NA	NA	NA	NA
774	7	7	benefit_positive_truncnorm	benefit_positive_truncnorm	continuous	1	increasing	benefit	1	1	NA	2.23328500328037	4.72769177757374	700	252	420	700	700	252	491	0.64	0.298571428571429	7.53434955412419	24	24	0	2	1	10	4	1	5000	2500	1	0.99	14	10000	101773	0.5955	0.9973	0.57985372071253	-4.46126595978659	0.60016688678569	5.43901961049954	9.90028557028613	1.73593616275046	0.470658538761963	1.73327799210857	2.9947520469951	2.52409350823314	0.563727629855958	0.807081602941125	-9.98910318870345	0.789775714127175	11.4335439485588	21.4226471372622	0.0836	0.95	2.81948250644555	-0.435471857266	2.62690034204304	6.80652699933478	7.24199885660078	0	NA	NA	NA	NA	NA	NA	1	-1.65343128256784	2.73383500617394	1	-0.497348840529913	0.247355869176449	1	-3.92061017463262	15.3711841414328	1	-1.9082092711282	3.6412626224196	1.00171107149489	4275.21192391898	0	1.00252369128131	11047.6292901509	0	NA	NA	NA	NA	NA	NA	NA	NA
759	7	7	benefit_positive_truncnorm	benefit_positive_truncnorm	continuous	1	increasing	benefit	1	1	NA	1.86945201566158	3.69359632994684	700	252	420	700	700	252	492	0.64	0.297142857142857	6.76790149558534	24	24	0	2	1	10	4	1	5000	2500	1	0.99	14	10000	101758	0.6187	0.9909	0.859856804505607	-4.50112603081767	0.875944223180919	6.13568582991307	10.6368118607307	1.62058731835894	0.300312195387472	1.61806452392638	2.93947184794991	2.63915965256244	0.574521322889469	1.05071751899521	-10.1920326107506	0.971132415360768	12.3002135102661	22.4922461210168	0.0808	0.9475	2.29191657598006	-0.431958039579507	2.24463157664921	5.13991131904736	5.57186935862687	0	NA	NA	NA	NA	NA	NA	1	-1.00959521115597	1.01928249038907	1	-0.248864697302638	0.0619336375635338	1	-2.64287881095163	6.98480840937711	1	-1.40167975396678	1.96470613268037	1.00140182155998	4416.94759490026	0	1.00140426652643	7713.77197753753	0	NA	NA	NA	NA	NA	NA	NA	NA
760	7	7	benefit_positive_truncnorm	benefit_positive_truncnorm	continuous	1	increasing	benefit	1	1	NA	2.12241295458424	3.97371210698828	700	252	420	700	700	252	501	0.64	0.284285714285714	7.27347712330939	24	24	0	2	1	10	4	1	5000	2500	1	0.99	14	10000	101759	0.5554	0.9514	0.35528510475048	-4.55442381105709	0.376316198113041	5.24905140033506	9.80347521139215	1.08101367135967	-0.196993161694257	1.08623872322291	2.37022477649866	2.56721793819292	0.529551593733117	0.411099872558383	-10.3984667490507	0.352277271636822	11.08425591492	21.4827226639707	0.0745	0.9305	2.08580660443009	-0.666100277143665	1.99832613809263	5.33810121722592	6.00420149436958	0	NA	NA	NA	NA	NA	NA	1	-1.76712784983376	3.12274083765808	1	-1.04139928322457	1.08451246710064	1	-3.56261223442989	12.6922059329095	1	-1.88790550255818	3.56418718658947	1.00132548476643	4643.42506218266	0	1.00300647014207	13992.6683884361	0	NA	NA	NA	NA	NA	NA	NA	NA
721	7	7	benefit_positive_truncnorm	benefit_positive_truncnorm	continuous	1	increasing	benefit	1	1	NA	2.17977966437812	4.34007788504952	700	252	420	700	700	252	475	0.64	0.321428571428571	7.41820080859329	24	24	0	2	1	10	4	1	5000	2500	1	0.99	14	10000	101720	0.79	1	2.12697730890029	-3.08508929541309	2.18305787178765	7.07418947182454	10.1592787672376	2.50165963881392	1.20425655634047	2.50257293782589	3.76897746892703	2.56472091258656	0.689016172506739	2.55714880161745	-8.33164117827515	2.46017501845035	12.8051939000784	21.1368350783536	0.1096	0.9999	5.27253140896647	2.80334235516746	5.20814142170751	8.38418874251566	5.5808463873482	0	NA	NA	NA	NA	NA	NA	1	-0.0528023554778292	0.00278808874400704	1	0.321879974435797	0.103606717942789	1	-1.78292908343207	3.1788361165479	1	0.932453523916953	0.869469574265144	1.00229208317503	4545.98197351329	0	1.00131402152156	10500.9603716276	0	NA	NA	NA	NA	NA	NA	NA	NA
761	7	7	benefit_positive_truncnorm	benefit_positive_truncnorm	continuous	1	increasing	benefit	1	1	NA	1.75622830831207	3.42030813719038	700	252	420	700	700	252	495	0.64	0.292857142857143	6.54537236216113	24	24	0	2	1	10	4	1	5000	2500	1	0.99	14	10000	101760	0.6054	0.9979	0.773020616551373	-4.51183996163952	0.744364753896721	6.19174108716997	10.7035810488095	1.90810546064154	0.584843683832912	1.91949101864937	3.18840428478977	2.60356060095686	0.554596460940872	0.725886534982912	-10.7419361351252	0.715947576601896	12.0743843340124	22.8163204691376	0.0732	0.9733	2.91107981863214	-0.0426649408818736	2.77729493291421	6.46624800571969	6.50891294660156	0	NA	NA	NA	NA	NA	NA	1	-0.983207691760694	0.966697365137392	1	0.151877152329473	0.0230666693997098	1	-2.69442160220747	7.25990777044226	1	-0.50922831855824	0.259313480421653	1.00175886917273	4466.36863306121	0	1.00147222637594	11802.1392791467	0	NA	NA	NA	NA	NA	NA	NA	NA
780	7	7	benefit_positive_truncnorm	benefit_positive_truncnorm	continuous	1	increasing	benefit	1	1	NA	1.86238222835325	3.56414820820818	700	252	420	700	700	252	488	0.64	0.302857142857143	6.98706112153316	24	24	0	2	1	10	4	1	5000	2500	1	0.99	14	10000	101779	0.5858	0.9952	0.582226723935512	-4.84895719257378	0.604218247772851	5.85548601275769	10.7044432053315	1.69810811582563	0.393664245002331	1.70369124291751	3.01184600755252	2.61818176255019	0.545971978984238	0.56614749842004	-10.7843577070776	0.553478708726814	11.8342470650106	22.6186047720881	0.0864	0.9961	3.95828442762927	1.07333642945891	3.99323120914421	6.76384611063295	5.69050968117404	0	NA	NA	NA	NA	NA	NA	1	-1.28015550441774	1.63879811549103	1	-0.164274112527615	0.0269859840467357	1	-2.99800070978814	8.9880082558902	1	0.394136219421089	0.155343359459549	1.00179080970588	4411.55339069216	0	1.00181772452488	12985.8959607464	0	NA	NA	NA	NA	NA	NA	NA	NA
752	7	7	benefit_positive_truncnorm	benefit_positive_truncnorm	continuous	1	increasing	benefit	1	1	NA	1.84143137285991	3.67540477049592	700	252	420	700	700	252	463	0.64	0.338571428571429	7.47283525605143	24	24	0	2	1	10	4	1	5000	2500	1	0.99	14	10000	101751	0.7016	0.9991	1.33326081260307	-3.67088276931472	1.37299195875163	6.19441363167567	9.86529640099039	2.18856041861935	0.877354124671971	2.18740432921294	3.49757062350699	2.62021649883502	0.618397887323944	1.60499506579222	-9.12863559135116	1.44908489962439	12.0964345369111	21.2250701282623	0.0912	0.993298659731946	5.40999762230101	1.10090233720006	5.43646221729146	9.60134975411596	8.50044741691591	2e-04	NA	NA	NA	NA	NA	NA	1	-0.508170560256841	0.258237318311752	1	0.347129045759445	0.120498574409863	1	-2.0704097047037	4.28659634533126	1	1.73459285180509	3.00881236153332	1.00120845560395	4073.28069815674	0	1.00174506673481	12630.6667357232	0	NA	NA	NA	NA	NA	NA	NA	NA
748	7	7	benefit_positive_truncnorm	benefit_positive_truncnorm	continuous	1	increasing	benefit	1	1	NA	2.30333543363021	4.25625695695161	700	252	420	700	700	252	469	0.64	0.33	7.90312358147047	24	24	0	2	1	10	4	1	5000	2500	1	0.99	14	10000	101747	0.8082	1	2.32100530632954	-2.88230774849468	2.39728697161269	7.24329130780024	10.1255990562949	3.14214517377283	1.90094615893211	3.15021880035556	4.36738907638717	2.46644291745506	0.697145456613215	2.6699974445955	-8.29168596838734	2.62867339942356	12.660879200718	20.9525651691053	0.1207	1	6.84596621764723	3.24398556855983	7.0244124881614	10.1952720977181	6.9512865291583	2e-04	NA	NA	NA	NA	NA	NA	1	0.0176698726993352	0.000312224401210711	1	0.838809740142623	0.703601780158135	1	-1.58625951235611	2.51621924054026	1	2.58970926069562	6.70659405493266	1.0013446090871	4663.97909572868	0	1.00132272762268	12907.2466333494	0	NA	NA	NA	NA	NA	NA	NA	NA
747	7	7	benefit_positive_truncnorm	benefit_positive_truncnorm	continuous	1	increasing	benefit	1	1	NA	1.77494738287834	3.29011793526558	700	252	420	700	700	252	500	0.64	0.285714285714286	7.16742899077505	24	24	0	2	1	10	4	1	5000	2500	1	0.99	14	10000	101746	0.6461	0.9116	0.948870461844017	-3.96541769950288	1.00059233918025	5.71760190302998	9.68301960253286	0.865358316967606	-0.414964456375654	0.871924354808472	2.13983668526413	2.55480114163979	0.615880297072958	1.51408360258631	-9.29461592445871	1.46751561676638	12.0422128259088	21.3368287503676	0.0844	0.903	2.01623118266787	-1.16749331617715	1.86656885022675	5.18193276117663	6.34942607735378	0	NA	NA	NA	NA	NA	NA	1	-0.826076921034319	0.682403079465541	1	-0.90958906591073	0.827352268824355	1	-1.77603433267927	3.1542979508555	1	-1.27388675259771	1.62278745844395	1.0017677425177	4526.43778186808	0	1.00185267327659	10945.7109607622	0	NA	NA	NA	NA	NA	NA	NA	NA
735	7	7	benefit_positive_truncnorm	benefit_positive_truncnorm	continuous	1	increasing	benefit	1	1	NA	1.73067123183609	3.26308665799584	700	252	420	700	700	252	467	0.64	0.332857142857143	7.51854134784589	24	24	0	2	1	10	4	1	5000	2500	1	0.99	14	10000	101734	0.6402	0.9993	0.913790537776652	-4.08143112789223	0.905505981219878	5.94285984577927	10.0242909736715	2.09771452007032	0.78621713913184	2.1080595309555	3.41253514306002	2.62631800392818	0.587788778877888	1.18202141690439	-9.5832197855501	1.06047062240716	11.7752171627125	21.3584369482626	0.091	0.989	4.29655430007004	0.41996917604995	4.22623358520737	8.51682458929912	8.09685541324917	0	NA	NA	NA	NA	NA	NA	1	-0.816880694059442	0.667294068327036	1	0.367043288234229	0.134720775437795	1	-2.08106524109145	4.33083253767903	1	1.0334676420742	1.06805536721441	1.00143843282257	4599.06818734088	0	1.00168654072297	8542.80755145848	0	NA	NA	NA	NA	NA	NA	NA	NA
779	7	7	benefit_positive_truncnorm	benefit_positive_truncnorm	continuous	1	increasing	benefit	1	1	NA	2.30721360528639	4.29987070811802	700	252	420	700	700	252	480	0.64	0.314285714285714	7.59995942976826	24	24	0	2	1	10	4	1	5000	2500	1	0.99	14	10000	101778	0.6617	0.9967	1.03114128820198	-3.99074887158787	1.06868817127954	5.87270386555621	9.86345273714409	1.76264808273664	0.477147719570137	1.75954645377236	3.05919014483105	2.58204242526091	0.609605640008813	1.48459704916693	-9.30695826155516	1.39322872572109	11.8716779203595	21.1786361819147	0.0922	0.9814	3.40705175827127	0.141755853665339	3.11073996935044	7.86648536690073	7.72472951323539	0	NA	NA	NA	NA	NA	NA	1	-1.27607231708441	1.62836055842917	1	-0.544565522549747	0.296551608349879	1	-2.81527365895109	7.92576577478387	1	-0.892818949846752	0.797125677205456	1.00171903608162	4424.77547529092	0	1.0019423477818	13934.7639815746	0	NA	NA	NA	NA	NA	NA	NA	NA
767	7	7	benefit_positive_truncnorm	benefit_positive_truncnorm	continuous	1	increasing	benefit	1	1	NA	1.73488168962778	3.28914228483411	700	252	420	700	700	252	497	0.64	0.29	7.2031883018946	24	24	0	2	1	10	4	1	5000	2500	1	0.99	14	10000	101766	0.4424	0.993	-0.367142840454324	-5.3313463254805	-0.41766594521731	4.69909603023433	10.0304423557148	1.63291793780118	0.331982921108185	1.62855654036262	2.91452586259266	2.58254294148447	0.429816913687881	-0.873068387866247	-11.62395670928	-0.794610716323311	10.1300482479957	21.7540049572757	0.0824	0.9622	2.9830619550081	-0.280975203283625	2.98098210899651	6.20738309847978	6.48835830176341	0	NA	NA	NA	NA	NA	NA	1	-2.1020245300821	4.41850712506687	1	-0.101963751826597	0.0103966066865558	1	-4.16221067270036	17.3239976839408	1	-0.306080329826007	0.093685168306397	1.00188402555757	4056.46329564601	0	1.00172050281045	12159.0163162068	0	NA	NA	NA	NA	NA	NA	NA	NA
755	7	7	benefit_positive_truncnorm	benefit_positive_truncnorm	continuous	1	increasing	benefit	1	1	NA	2.30992419510987	4.75111063298692	700	252	420	700	700	252	488	0.64	0.302857142857143	6.4927547053499	24	24	0	2	1	10	4	1	5000	2500	1	0.99	14	10000	101754	0.7043	0.9999	1.43252971449914	-3.72104309815595	1.44137032658291	6.50302789340958	10.2240709915655	2.3994920008425	1.10323189571144	2.39815976841641	3.69902511388489	2.59579321817345	0.643230555851915	1.96837959066965	-8.9247484598403	1.81181596649657	12.8427446914129	21.7674931512532	0.0627	0.9998	5.78591310517128	2.61098440116718	5.735845923656	9.23437378959385	6.62338938842666	0	NA	NA	NA	NA	NA	NA	1	-0.877394480610729	0.769821074606171	1	0.0895678057326244	0.00802239182375714	1	-2.78273104231727	7.74359205387616	1	1.03480247218435	1.07081615643884	1.00173687597367	4162.79386744596	0	1.00138500286909	6931.11555329264	0	NA	NA	NA	NA	NA	NA	NA	NA
732	7	7	benefit_positive_truncnorm	benefit_positive_truncnorm	continuous	1	increasing	benefit	1	1	NA	1.7774749862378	3.49743170190528	700	252	420	700	700	252	522	0.64	0.254285714285714	6.23009913104418	24	24	0	2	1	10	4	1	5000	2500	1	0.99	14	10000	101731	0.6324	0.9996	0.8808341018783	-4.28632301466009	0.900981354369305	5.87188064394433	10.1582036586044	2.22178452165339	0.918186192268979	2.21652333626806	3.50336683701743	2.58518064474845	0.609128454940167	1.39982484278934	-9.78651979572445	1.32863700209598	12.181286947719	21.9678067434434	0.0557	0.997	3.95336335608755	0.912982058554985	3.96898829940402	6.80532759488204	5.89234553632705	0	NA	NA	NA	NA	NA	NA	1	-0.896640884359497	0.80396487550498	1	0.44430953541559	0.197410963261218	1	-2.09760685911594	4.39995453541025	1	0.455931654182261	0.207873673285373	1.00179146492234	4603.76844916905	0	1.00179577614713	8940.34940863068	0	NA	NA	NA	NA	NA	NA	NA	NA
754	7	7	benefit_positive_truncnorm	benefit_positive_truncnorm	continuous	1	increasing	benefit	1	1	NA	1.16414912752633	1.64692103579907	700	252	420	700	700	252	510	0.64	0.271428571428571	6.90570522482949	24	24	0	2	1	10	4	1	5000	2500	1	0.99	14	10000	101753	0.5159	0.9686	0.135156913853628	-5.25018740951461	0.108363804754551	5.40725850358017	10.6574459130948	1.23890539580038	-0.0650305502268725	1.24737610516459	2.48575131769121	2.55078186791808	0.517353933195517	0.232552622333308	-11.0690475532839	0.239368042308861	11.3938939392956	22.4629414925796	0.0809	0.8829	1.44132523918066	-0.751226570841432	1.38301973513566	4.11425343243146	4.86548000327289	0	NA	NA	NA	NA	NA	NA	1	-1.02899221367271	1.05882497579905	1	0.0747562682740457	0.00558849964626109	1	-1.41436841346576	2.00043800900966	1	-0.205595796618415	0.0422696315871605	1.00174634593708	4122.10993597278	0	1.00205446290514	11199.2165089181	0	NA	NA	NA	NA	NA	NA	NA	NA
756	7	7	benefit_positive_truncnorm	benefit_positive_truncnorm	continuous	1	increasing	benefit	1	1	NA	2.6222014309587	5.59122562679573	700	252	420	700	700	252	489	0.64	0.301428571428571	7.53003908561504	24	24	0	2	1	10	4	1	5000	2500	1	0.99	14	10000	101755	0.6576	0.9999	1.01670131146345	-4.12136278857916	1.04850192529562	5.95997553849706	10.0813383270762	2.63032700599867	1.35076471106506	2.63572354597756	3.86367557071643	2.51291085965137	0.584264738110892	1.1688929629273	-9.58973404318246	1.09594545274155	11.7700108036295	21.359744846812	0.0874	0.9995	5.32495909613533	2.22054331739843	5.12491611057002	8.72868306874743	6.50813975134899	0	NA	NA	NA	NA	NA	NA	1	-1.60550011949525	2.57763063369926	1	0.00812557503997313	6.60249697302344e-05	1	-4.42233266386843	19.5570261899177	1	-0.266266530660399	0.0708978653499252	1.00236842618444	4235.05441299201	0	1.00227936641401	9337.4102897886	0	NA	NA	NA	NA	NA	NA	NA	NA
763	7	7	benefit_positive_truncnorm	benefit_positive_truncnorm	continuous	1	increasing	benefit	1	1	NA	2.32986711950459	5.05163448964059	700	252	420	700	700	252	504	0.64	0.28	6.15467495287478	24	24	0	2	1	10	4	1	5000	2500	1	0.99	14	10000	101762	0.4222	0.7713	-0.494120648041899	-5.5655127234854	-0.542544754720789	4.63231926791816	10.1978319914036	0.50638394658033	-0.793700155233012	0.516047459589272	1.83294790913359	2.6266480643666	0.421540062434964	-0.990994408231824	-11.7402877438884	-0.862071196620574	9.79259148008682	21.5328792239752	0.039	0.5976	0.34201908722839	-2.64867652414918	0.363863802512721	3.31846267549422	5.9671391996434	0	NA	NA	NA	NA	NA	NA	1	-2.82398776754649	7.97490691125221	0	-1.82348317292426	3.32509088193793	1	-6.04262889787242	36.5133639974028	0	-4.7096154024122	22.1804772386383	1.00148937066204	4543.65288452992	0	1.00126253227782	6262.54939473778	0	NA	NA	NA	NA	NA	NA	NA	NA
733	7	7	benefit_positive_truncnorm	benefit_positive_truncnorm	continuous	1	increasing	benefit	1	1	NA	1.67714433055471	2.90811192877854	700	252	420	700	700	252	490	0.64	0.3	7.05023748691803	24	24	0	2	1	10	4	1	5000	2500	1	0.99	14	10000	101732	0.5741	0.998	0.528915368783269	-4.43464269260457	0.506521859965924	5.5003903298546	9.93503302245917	1.87078178830778	0.581863955498112	1.86683683624757	3.16875953718073	2.58689558168262	0.510820168794633	0.15885425032533	-10.7190142857493	0.114652437123953	11.0856913952468	21.8047056809961	0.0758	0.9822	3.20218452423107	0.250989559320755	3.19122965983186	6.24637264531073	5.99538308598998	0	NA	NA	NA	NA	NA	NA	1	-1.14822896177145	1.31842974865073	1	0.193637457753061	0.0374954650450686	1	-2.74925767845321	7.55841778253395	1	0.294072595452529	0.086478691396187	1.00136255934302	4687.32243843634	0	1.00194444920922	11095.8048427672	0	NA	NA	NA	NA	NA	NA	NA	NA
764	7	7	benefit_positive_truncnorm	benefit_positive_truncnorm	continuous	1	increasing	benefit	1	1	NA	2.11316460995748	4.41188882471209	700	252	420	700	700	252	488	0.64	0.302857142857143	6.80090161024458	24	24	0	2	1	10	4	1	5000	2500	1	0.99	14	10000	101763	0.7752	1	2.10708222939776	-3.28111915523437	2.14744179237545	7.33485269968878	10.6159718549232	3.6156027152829	2.38313676995315	3.61785748758314	4.84877410904975	2.4656373390966	0.705227172474636	2.82916262084462	-8.18810747581092	2.75114969831195	13.2783929991799	21.4665004749908	0.0932	1	7.37841390703848	4.80331501978701	7.33361450693893	10.2846904964749	5.48137547668792	0	NA	NA	NA	NA	NA	NA	1	-0.00608238055972032	3.69953532732637e-05	0	1.50243810532542	2.25732026033382	1	-1.58272620386747	2.50502223640874	0	2.96652508232639	8.80027106407161	1.00180626281202	4636.60084959931	0	1.00124241021592	6688.62776342213	0	NA	NA	NA	NA	NA	NA	NA	NA
731	7	7	benefit_positive_truncnorm	benefit_positive_truncnorm	continuous	1	increasing	benefit	1	1	NA	2.65774004350408	6.35417475705145	700	252	420	700	700	252	492	0.64	0.297142857142857	7.21517625222845	24	24	0	2	1	10	4	1	5000	2500	1	0.99	14	10000	101730	0.6861	0.9989	1.1425774960974	-3.62888351669408	1.18565573993608	5.71557895038713	9.34446246708121	1.94419327463889	0.66690255772688	1.94992733361097	3.21134289171674	2.54444033398986	0.711677282377919	2.51807503298081	-7.83813979868466	2.29096890329228	12.7495756741567	20.5877154728413	0.058	0.9972	4.52766313340959	1.23456414895746	4.5967828534488	7.6573737029403	6.42280955398284	0	NA	NA	NA	NA	NA	NA	1	-1.51516254740668	2.29571754506389	1	-0.713546768865185	0.509148991357945	1	-3.83609972407064	14.7156610930148	1	-1.82651162364186	3.33614471129883	1.00160636654302	4320.85923719961	0	1.00119351151504	15980.9576328782	0	NA	NA	NA	NA	NA	NA	NA	NA
743	7	7	benefit_positive_truncnorm	benefit_positive_truncnorm	continuous	1	increasing	benefit	1	1	NA	1.59341082956592	2.75293724479954	700	252	420	700	700	252	501	0.64	0.284285714285714	7.05251337487182	24	24	0	2	1	10	4	1	5000	2500	1	0.99	14	10000	101742	0.4568	0.5678	-0.263242676632215	-5.3090517336698	-0.26281450737048	4.72819683767663	10.0372485713464	0.106902570667578	-1.17311247793794	0.112053981248425	1.39304754338351	2.56616002132145	0.5	0.0443417126309792	-10.7247995990583	0.000575619619510803	10.9203769019523	21.6451765010106	0.077	0.3701	-0.429837235977538	-3.18002833407739	-0.420314327802883	2.40815677457352	5.58818510865091	0	NA	NA	NA	NA	NA	NA	1	-1.85665350619814	3.44716224207784	0	-1.48650825889834	2.20970680377299	1	-2.70859553216856	7.3364897568835	0	-3.18277448077708	10.1300533954858	1.00144935489272	4527.53032096115	0	1.002021816562	12004.5665569776	0	NA	NA	NA	NA	NA	NA	NA	NA
751	7	7	benefit_positive_truncnorm	benefit_positive_truncnorm	continuous	1	increasing	benefit	1	1	NA	2.19561753742032	4.07596651022294	700	252	420	700	700	252	464	0.64	0.337142857142857	7.48660130607917	24	24	0	2	1	10	4	1	5000	2500	1	0.99	14	10000	101750	0.7345	1	1.61549827209655	-3.55321305485441	1.65096526931095	6.55997620238424	10.1131892572386	2.7065255670077	1.39566528415641	2.70758652094328	4.02262153807848	2.62695625392207	0.646666666666667	1.92904172205127	-8.88869702764898	1.89917417546393	12.1965720478091	21.0852690754581	0.1	0.999599519423308	5.99532938711888	2.33242975718922	6.01578201272922	10.2630399732004	7.93061021601115	0.0012	NA	NA	NA	NA	NA	NA	1	-0.580119265323777	0.336538361999798	1	0.510908029587374	0.261027014696854	1	-2.14692478817167	4.60928604606598	1	1.91936287689594	3.68395385320625	1.00178490612103	4146.45628576898	0	1.00147308421432	11433.8722674139	0	NA	NA	NA	NA	NA	NA	NA	NA
750	7	7	benefit_positive_truncnorm	benefit_positive_truncnorm	continuous	1	increasing	benefit	1	1	NA	2.32806773417888	4.29318394826966	700	252	420	700	700	252	469	0.64	0.33	7.50781435840876	24	24	0	2	1	10	4	1	5000	2500	1	0.99	14	10000	101749	0.6693	0.9566	1.09030970639579	-3.90833651434748	1.1282066506318	5.97917283673939	9.88750935108687	1.12810486192039	-0.159081356160525	1.12285545862047	2.42502272005743	2.58410407621795	0.582191780821918	1.08119014222994	-9.86300013983117	1.02404988961377	11.6370931494156	21.5000932892468	0.0802	0.7686	1.24254859150335	-1.78172337000434	1.24011787592304	4.37211420398075	6.15383757398508	0	NA	NA	NA	NA	NA	NA	1	-1.23775802778309	1.5320449353415	1	-1.1999628722585	1.43991089479886	1	-3.21199380603973	10.3169042100376	1	-3.05063535676632	9.30637607995275	1.00134882676247	4961.82712159796	0	1.0020444570216	6735.32237098802	0	NA	NA	NA	NA	NA	NA	NA	NA
784	7	7	benefit_positive_truncnorm	benefit_positive_truncnorm	continuous	1	increasing	benefit	1	1	NA	2.47316913084228	5.31014126297354	700	252	420	700	700	252	455	0.64	0.35	7.58854960256702	24	24	0	2	1	10	4	1	5000	2500	1	0.99	14	10000	101783	0.6912	0.9993	1.25853906438213	-3.80973324446803	1.28756536407463	6.11804209850465	9.92777534297268	2.21605875641547	0.872793415472899	2.2189705962108	3.57010068590154	2.69730727042864	0.622504136789851	1.61339833533212	-9.16545577203532	1.47639892325509	11.9803090167713	21.1457647888066	0.0935	0.996294812737833	6.12519148478295	1.63323276818667	6.13448911774982	10.8684016524292	9.23516888424253	0.0014	NA	NA	NA	NA	NA	NA	1	-1.21463006646016	1.475326198349	1	-0.257110374426815	0.0661057446378969	1	-3.69674292764142	13.6659082730669	1	0.815050221809413	0.664306864071573	1.00182143201681	4292.3056104046	0	1.00159959467757	9506.22528628355	0	NA	NA	NA	NA	NA	NA	NA	NA
783	7	7	benefit_positive_truncnorm	benefit_positive_truncnorm	continuous	1	increasing	benefit	1	1	NA	3.07030812238215	7.48168638740624	700	252	420	700	700	252	464	0.64	0.337142857142857	6.98531107000262	24	24	0	2	1	10	4	1	5000	2500	1	0.99	14	10000	101782	0.7464	1	1.84317433057219	-3.61833290448817	1.92036085558183	7.04309579063024	10.6614286951184	3.20563937612143	1.91058885536031	3.20675585352815	4.48344930372109	2.57286044836078	0.649911816578483	2.16750812793869	-9.31382827405778	2.08439684653185	13.0424291011943	22.3562573752521	0.0928	1	7.4004468007893	4.12048862881885	7.33651178495942	11.2071113455382	7.08662271671939	9e-04	NA	NA	NA	NA	NA	NA	1	-1.22713379180997	1.50585734300191	1	0.135331253739277	0.0183145482386446	1	-5.31417825946755	28.2404905733976	1	-0.08123958661694	0.00659987043369129	1.00179163392004	3844.7094886805	0	1.00224310699439	9218.99402284754	0	NA	NA	NA	NA	NA	NA	NA	NA
772	7	7	benefit_positive_truncnorm	benefit_positive_truncnorm	continuous	1	increasing	benefit	1	1	NA	2.42763560967472	4.27989061401495	700	252	420	700	700	252	488	0.64	0.302857142857143	6.94923562820162	24	24	0	2	1	10	4	1	5000	2500	1	0.99	14	10000	101771	0.7311	0.9993	1.70521623191149	-3.69325399774522	1.78026953155505	6.96821975810837	10.6614737558536	2.18730210754357	0.852392237166122	2.19708671653104	3.50993601696471	2.65754377979859	0.646754675467547	2.0365718694753	-9.19358784374302	1.93448534065137	12.846187985449	22.039775829192	0.091	0.9976	3.86847592569653	1.10093807787328	3.77101630787056	7.27893776972195	6.17799969184868	0	NA	NA	NA	NA	NA	NA	1	-0.722419377763235	0.521889757367819	1	-0.240333502131156	0.0577601922466263	1	-2.24331874453965	5.03247898960294	1	-0.411414688318424	0.169262045764146	1.0010180757749	4496.39641018819	0	1.00149221267672	9685.13771755051	0	NA	NA	NA	NA	NA	NA	NA	NA
795	7	7	benefit_positive_truncnorm	benefit_positive_truncnorm	continuous	1	increasing	benefit	1	1	NA	2.11678008056555	4.38075582519872	700	252	420	700	700	252	489	0.64	0.301428571428571	6.45431900963199	24	24	0	2	1	10	4	1	5000	2500	1	0.99	14	10000	101794	0.7995	1	2.36917155036629	-2.95188687384707	2.46347077813911	7.37802840200207	10.3299152758491	3.43501904408072	2.12043463641613	3.43174686643118	4.71587527914249	2.59544064272636	0.749809471965161	3.46307788833835	-7.50556968290137	3.24139316019143	13.9912364844074	21.4968061673088	0.0815	1	6.33520872386242	3.54553480835064	6.2562555297549	9.290005347955	5.74447053960436	0	NA	NA	NA	NA	NA	NA	1	0.252391469800738	0.0637014540281767	0	1.31823896351517	1.73775396492955	1	-0.917677936860376	0.842132795800316	1	1.9544528986637	3.81988613309493	1.00173092486619	4449.63278727239	0	1.00229407511107	7033.28761826995	0	NA	NA	NA	NA	NA	NA	NA	NA
794	7	7	benefit_positive_truncnorm	benefit_positive_truncnorm	continuous	1	increasing	benefit	1	1	NA	1.36674855604065	2.23323856664563	700	252	420	700	700	252	489	0.64	0.301428571428571	6.92970115734759	24	24	0	2	1	10	4	1	5000	2500	1	0.99	14	10000	101793	0.4978	0.8762	-0.0227432268697446	-5.34931317685195	-0.0179645628256182	5.31959585942155	10.6689090362735	0.746947557436602	-0.546249703765878	0.748563378501259	2.00887473431871	2.55512443808459	0.534858387799564	0.441767170079341	-10.9068298212717	0.477669172333573	11.7953399192247	22.7021697404964	0.082	0.7883	1.3845759498767	-1.65957884801195	1.32782473474507	4.76274295198836	6.42232180000031	0	NA	NA	NA	NA	NA	NA	1	-1.38949178291039	1.9306874147755	1	-0.619800998604044	0.38415327787057	1	-1.79147139656629	3.20936976471517	1	-0.848662616768927	0.720228237101083	1.00223495386185	4238.28229196568	0	1.00182429622456	7051.2880319847	0	NA	NA	NA	NA	NA	NA	NA	NA
798	7	7	benefit_positive_truncnorm	benefit_positive_truncnorm	continuous	1	increasing	benefit	1	1	NA	2.00693680998466	4.29212786982758	700	252	420	700	700	252	475	0.64	0.321428571428571	6.46481071994657	24	24	0	2	1	10	4	1	5000	2500	1	0.99	14	10000	101797	0.6454	0.9997	1.00436652959501	-4.23886815295792	1.02824353494336	6.07311233029462	10.3119804832525	2.3316182938725	0.996001833372419	2.33952824868621	3.63466761688078	2.63866578350836	0.597267054013342	1.39291609578355	-9.70075614779676	1.29790295636754	12.4106885669017	22.1114447146985	0.0706	0.9987	5.46839125660878	1.68752946803942	5.43780325269205	9.48213259395658	7.79460312591716	0	NA	NA	NA	NA	NA	NA	1	-1.00257028038965	1.00514716712058	1	0.324681483887838	0.105418065979608	1	-2.89921177404403	8.40542891075554	1	1.1762633867812	1.38359555508198	1.00178763308546	4186.32644245845	0	1.00121407006721	11299.1117600981	0	NA	NA	NA	NA	NA	NA	NA	NA
762	7	7	benefit_positive_truncnorm	benefit_positive_truncnorm	continuous	1	increasing	benefit	1	1	NA	1.46754707143721	2.50884009200169	700	252	420	700	700	252	493	0.64	0.295714285714286	7.30278803797647	24	24	0	2	1	10	4	1	5000	2500	1	0.99	14	10000	101761	0.6093	0.9956	0.68990839830501	-4.30738168551544	0.707005871617076	5.5620682757966	9.86944996131204	1.72080917215604	0.448824965853495	1.72734595258641	2.98047008101731	2.53164511516382	0.584875040571243	1.06933699270401	-9.83433193305784	1.06451729181203	11.5635415950452	21.3978735281031	0.0757	0.9607	2.91673883054294	-0.355708601729516	2.88509253472734	6.31798100833056	6.67368961006008	0	NA	NA	NA	NA	NA	NA	1	-0.7776386731322	0.604721905950808	1	0.253262100718829	0.0641416916605143	1	-1.43950309929767	2.0721691728876	1	0.407898738541255	0.166381380903547	1.00199425243579	4792.60533634095	0	1.00168746020871	6988.32522367408	0	NA	NA	NA	NA	NA	NA	NA	NA
749	7	7	benefit_positive_truncnorm	benefit_positive_truncnorm	continuous	1	increasing	benefit	1	1	NA	2.08209825729015	4.09704746500368	700	252	420	700	700	252	469	0.64	0.33	7.47208338261438	24	24	0	2	1	10	4	1	5000	2500	1	0.99	14	10000	101748	0.6082	0.971	0.701242921268906	-4.34553157206109	0.71838523629757	5.63885800550755	9.98438957756863	1.28055665584686	-0.0462510083798294	1.27943481394813	2.59412160974023	2.64037261812006	0.536393442622951	0.578875607676645	-10.3712557453402	0.456978957015351	11.545863274562	21.9171190199022	0.085	0.9096	1.8721298952325	-0.867157698391673	1.82495688695093	4.86233958355311	5.72949728194478	0	NA	NA	NA	NA	NA	NA	1	-1.38085533602125	1.90676145901835	1	-0.801541601443292	0.642468938844278	1	-3.51817185732703	12.377533217688	1	-2.22491756977118	4.95025819227651	1.00198032616341	4561.94795642586	0	1.00133097845937	10911.2840647944	0	NA	NA	NA	NA	NA	NA	NA	NA
819	7	7	benefit_positive_truncnorm	benefit_positive_truncnorm	continuous	1	increasing	benefit	1	1	NA	1.77596690833341	3.30176383631888	700	252	420	700	700	252	469	0.64	0.33	7.10799605819239	24	24	0	2	1	10	4	1	5000	2500	1	0.99	14	10000	101818	0.6193	0.9987	0.775220438818384	-4.27060924965097	0.802450088880743	5.64610506778715	9.91671431743812	2.0363521896028	0.738113203151114	2.04338472763828	3.33448038705499	2.59636718390387	0.590140691460356	1.19527677822772	-9.72392882250811	1.12361287373351	11.9953671368834	21.7192959593915	0.0831	0.9961	3.56631274497053	0.963287989539295	3.48973847952309	6.6271092872881	5.66382129774881	0	NA	NA	NA	NA	NA	NA	1	-1.00074646951503	1.00149349624679	1	0.260385281269391	0.0678004947017397	1	-2.10648705809116	4.43728772590555	1	0.264548908651646	0.0699861250687769	1.00151477664759	4616.27186459089	0	1.00118052003163	10476.3822489697	0	NA	NA	NA	NA	NA	NA	NA	NA
753	7	7	benefit_positive_truncnorm	benefit_positive_truncnorm	continuous	1	increasing	benefit	1	1	NA	2.03271041464077	4.08555865538915	700	252	420	700	700	252	490	0.64	0.3	6.68361023490971	24	24	0	2	1	10	4	1	5000	2500	1	0.99	14	10000	101752	0.5374	0.9605	0.247700697344601	-4.98977685930347	0.269895805732355	5.5700794092212	10.5598562685247	1.15931468824993	-0.135372108101062	1.16452009819075	2.43166270101762	2.56703480911868	0.514805642295682	0.251602790167112	-11.2132965168086	0.147280434396585	11.6441721968478	22.8574687136565	0.0713	0.9076	2.08989163765762	-1.07974139599533	2.1528793604689	5.01053149439729	6.09027289039262	0	NA	NA	NA	NA	NA	NA	1	-1.78500971729617	3.18625969084177	1	-0.873395726390841	0.762820094877785	1	-3.83395586522204	14.6992175764705	1	-1.99566701773154	3.98268684566148	1.00154639842581	4552.72222384122	0	1.0019512593911	6762.79687437827	0	NA	NA	NA	NA	NA	NA	NA	NA
782	7	7	benefit_positive_truncnorm	benefit_positive_truncnorm	continuous	1	increasing	benefit	1	1	NA	2.52689879531095	5.64154359100425	700	252	420	700	700	252	472	0.64	0.325714285714286	7.37915069477385	24	24	0	2	1	10	4	1	5000	2500	1	0.99	14	10000	101781	0.6195	0.9881	0.76786930779684	-4.23358956314102	0.785993780696963	5.66830261803356	9.90189218117458	1.56054621904412	0.218462714407053	1.5615773455997	2.90452191188184	2.68605919747478	0.576055273669438	0.994550970472757	-9.99862579615668	0.897223197289403	11.6165309591192	21.6151567552758	0.0737	0.9797	4.14245913456575	0.184521460323107	4.18753838741597	7.91663326024206	7.73211179991895	0	NA	NA	NA	NA	NA	NA	1	-1.75902948751411	3.09418473794414	1	-0.966352576266829	0.933837301657537	1	-4.6469926205315	21.5945404152742	1	-1.49908445643851	2.24725420753554	1.00170193667189	4337.64745801797	0	1.00146047441242	14755.0880196195	0	NA	NA	NA	NA	NA	NA	NA	NA
801	7	7	benefit_positive_truncnorm	benefit_positive_truncnorm	continuous	1	increasing	benefit	1	1	NA	2.36209936553251	4.93855284068403	700	252	420	700	700	252	492	0.64	0.297142857142857	7.61717765169436	24	24	0	2	1	10	4	1	5000	2500	1	0.99	14	10000	101800	0.7248	1	1.50462977158731	-3.4929935775268	1.56382143359153	6.24826757195146	9.74126114947826	2.92320292545546	1.63185411845148	2.92010299482683	4.1956476809393	2.56379356248782	0.640576150066994	1.91527819072357	-8.84997985925213	1.8960219679578	12.1290676268399	20.979047486092	0.1044	1	5.54381203818211	2.81769959617748	5.29263227651271	9.07798658219081	6.26028698601333	0	NA	NA	NA	NA	NA	NA	1	-0.857469593945202	0.735254104540549	1	0.561103559922945	0.314837204958202	1	-3.02327464996046	9.14018960909354	1	0.605259197498081	0.366338696156021	1.00104577122202	4594.1663371814	0	1.00145167691001	10209.8328548501	0	NA	NA	NA	NA	NA	NA	NA	NA
791	7	7	benefit_positive_truncnorm	benefit_positive_truncnorm	continuous	1	increasing	benefit	1	1	NA	1.3669635532621	1.9556895868111	700	252	420	700	700	252	494	0.64	0.294285714285714	6.02529798218915	24	24	0	2	1	10	4	1	5000	2500	1	0.99	14	10000	101790	0.4387	0.9955	-0.322550343910963	-5.19492026757083	-0.404694806776297	4.87751274776229	10.0724330153331	1.73362288132024	0.427479017503346	1.73869837696845	3.0210944216289	2.59361540412556	0.312525837122778	-2.13884582776671	-12.9371452612103	-2.13846152531086	9.6004452439719	22.5375905051822	0.0324	0.9707	2.92420883299683	-0.0797654204567632	2.93894058244654	5.99066824433433	6.07043366479109	0	NA	NA	NA	NA	NA	NA	1	-1.68951389717306	2.8544572087409	1	0.36665932805814	0.134439062852047	1	-4.09453541457781	16.7652202612318	1	0.968519246185729	0.938029530232172	1.00111372269905	4135.31567389512	0	1.00264365977093	6544.63508020944	0	NA	NA	NA	NA	NA	NA	NA	NA
796	7	7	benefit_positive_truncnorm	benefit_positive_truncnorm	continuous	1	increasing	benefit	1	1	NA	1.32950013750449	2.11270961161793	700	252	420	700	700	252	489	0.64	0.301428571428571	6.93396996128638	24	24	0	2	1	10	4	1	5000	2500	1	0.99	14	10000	101795	0.6344	0.9998	0.920049387269992	-4.51985264574926	0.963606272977399	6.18951972051919	10.7093723662685	2.56406641810247	1.28090652293909	2.5657061136919	3.8380961823515	2.55718965941241	0.584648884050082	1.12250656333524	-10.3309015008956	1.05883957630556	12.0662096623417	22.3971111632373	0.0815	0.999	4.12876571067288	1.12804737474629	4.00271647079326	8.09603409559587	6.96798672084958	0	NA	NA	NA	NA	NA	NA	1	-0.409450750234497	0.167649916867592	1	1.23456628059798	1.52415390118953	1	-0.99020304828269	0.980502076828332	1	2.01605609905494	4.06448219453663	1.0018834175704	4262.74721315163	0	1.00144302227189	10994.8683106765	0	NA	NA	NA	NA	NA	NA	NA	NA
813	7	7	benefit_positive_truncnorm	benefit_positive_truncnorm	continuous	1	increasing	benefit	1	1	NA	1.65861498946927	2.80232958244564	700	252	420	700	700	252	489	0.64	0.301428571428571	6.98328191522594	24	24	0	2	1	10	4	1	5000	2500	1	0.99	14	10000	101812	0.6033	0.9029	0.737460306001423	-4.69837902840746	0.742860474905013	6.11597903006392	10.8143580584714	0.860582846381264	-0.421407407854488	0.865401066367152	2.15743243253267	2.57883984038716	0.556964793352285	0.813323181274114	-10.6336081691961	0.803173807641804	12.0734775268626	22.7070856960587	0.0854	0.8009	1.19571747342487	-1.52138446118481	1.15197457323126	4.29111944118229	5.8125039023671	0	NA	NA	NA	NA	NA	NA	1	-0.921154683467848	0.848525950874752	1	-0.798032143088007	0.636855301401637	1	-1.98900640117153	3.95614646390131	1	-1.60661210902077	2.58120246885216	1.0011595362281	4310.32828205924	0	1.0020553730977	11245.2748408848	0	NA	NA	NA	NA	NA	NA	NA	NA
818	7	7	benefit_positive_truncnorm	benefit_positive_truncnorm	continuous	1	increasing	benefit	1	1	NA	1.49600895948061	2.37725466833991	700	252	420	700	700	252	496	0.64	0.291428571428571	6.14282082881781	24	24	0	2	1	10	4	1	5000	2500	1	0.99	14	10000	101817	0.6167	0.8781	0.770325178019961	-4.3751810330392	0.789890104073681	5.83316774268562	10.2083487757248	0.794735405379806	-0.538461292694286	0.79936757110352	2.14537396890571	2.6838352616	0.580801687763713	1.07584853243583	-9.83674798215756	0.984271411791144	12.0432052023123	21.8799531844699	0.052	0.5589	0.262648843996239	-2.63123168464152	0.227511125061095	3.42350673508802	6.05473841972954	0	NA	NA	NA	NA	NA	NA	1	-0.725683781460646	0.526616950675023	1	-0.701273554100801	0.491784597681169	1	-1.30140613590408	1.69365793056878	1	-2.11460582434367	4.47155779234818	1.00192774747102	3999.11119006534	0	1.00177460485974	10489.5743755495	0	NA	NA	NA	NA	NA	NA	NA	NA
771	7	7	benefit_positive_truncnorm	benefit_positive_truncnorm	continuous	1	increasing	benefit	1	1	NA	1.48416009475083	2.4859566973127	700	252	420	700	700	252	474	0.64	0.322857142857143	7.15200219835205	24	24	0	2	1	10	4	1	5000	2500	1	0.99	14	10000	101770	0.5295	0.8886	0.153139708391264	-4.49425708636737	0.161681237537197	4.83652743697327	9.33078452334064	0.805525162595947	-0.475362972602028	0.803645830330402	2.10963509067767	2.5849980632797	0.554585612116113	0.715755413978252	-9.84854575927233	0.582004546191504	11.3664731888492	21.2150189481215	0.0492	0.5418	0.293787341674352	-2.562759624669	0.172801532081379	3.85278724420923	6.41554686887823	0	NA	NA	NA	NA	NA	NA	1	-1.33102038635957	1.77161526890477	1	-0.678634932154884	0.460545371140864	1	-1.77020128333445	3.13361258351892	1	-2.19216935563835	4.80560648379984	1.00169057982024	4466.76834011493	0	1.00152230055485	10552.1241637233	0	NA	NA	NA	NA	NA	NA	NA	NA
802	7	7	benefit_positive_truncnorm	benefit_positive_truncnorm	continuous	1	increasing	benefit	1	1	NA	2.01171934437285	3.63780713581374	700	252	420	700	700	252	473	0.64	0.324285714285714	6.07934838744596	24	24	0	2	1	10	4	1	5000	2500	1	0.99	14	10000	101801	0.7415	0.9989	1.74273626247097	-3.50027552122421	1.74923599392592	6.76441106540421	10.2646865866284	2.11901523907256	0.788762902573648	2.1182415949502	3.43933099195052	2.65056808937688	0.770860077021823	3.60219843776416	-7.18992965987061	3.30575628857234	14.2606880322061	21.4506176920767	0.0652	0.9981	5.1477980281145	1.61951740749161	4.9785626453994	10.1183423756258	8.49882496813414	0	NA	NA	NA	NA	NA	NA	1	-0.268983081901887	0.0723518983494374	1	0.107295894699706	0.0115124090194104	1	-0.0356086980495864	0.00126797937678662	1	1.50999089230076	2.28007249483123	1.00171313609673	4066.22895001122	0	1.00206415576599	10267.2896869279	0	NA	NA	NA	NA	NA	NA	NA	NA
745	7	7	benefit_positive_truncnorm	benefit_positive_truncnorm	continuous	1	increasing	benefit	1	1	NA	1.85249057420824	3.20965578274191	700	252	420	700	700	252	488	0.64	0.302857142857143	5.91690319170544	24	24	0	2	1	10	4	1	5000	2500	1	0.99	14	10000	101744	0.5528	0.9615	0.34909689941329	-5.31548277793494	0.376580012758804	5.941100464425	11.2565832423599	1.23147474429181	-0.121674897436081	1.23391666429515	2.57458379034108	2.69625868777716	0.537489288774636	0.618252638062961	-11.0648810152221	0.484235322486456	12.6456147047758	23.7104957199979	0.0664	0.8575	1.53786819705474	-1.16767265605392	1.4841920723049	4.50761529723939	5.6752879532933	0	NA	NA	NA	NA	NA	NA	1	-1.50339367479495	2.26019254141346	1	-0.621015829916429	0.385660661006792	1	-2.59140314467895	6.71537025825197	1	-1.67178758568717	2.79487373165774	1.00179156887292	4433.90693527211	0	1.00176382502431	10247.0259145508	0	NA	NA	NA	NA	NA	NA	NA	NA
807	7	7	benefit_positive_truncnorm	benefit_positive_truncnorm	continuous	1	increasing	benefit	1	1	NA	2.43825083523321	4.62360056725782	700	252	420	700	700	252	479	0.64	0.315714285714286	7.38932314442002	24	24	0	2	1	10	4	1	5000	2500	1	0.99	14	10000	101806	0.8182	1	2.3579678724382	-2.85226734230528	2.41214524364306	7.20457813097095	10.0568454732762	3.06640223541672	1.77904914725006	3.08359387997905	4.31871385568941	2.53966470843935	0.727385099449376	2.99280117303886	-7.90973295976046	2.93615280092924	13.0046801843684	20.9144131441289	0.1101	0.9998	6.10121443758823	2.77149967213665	6.01709741161764	10.2133738629747	7.44187419083808	0	NA	NA	NA	NA	NA	NA	1	-0.0802829627950108	0.00644535411514509	1	0.62815140018351	0.394574181552504	1	-1.63079939421896	2.65950666418493	1	1.47761387033041	2.18334274979281	1.00119893162441	4603.7190998521	0	1.00146887547292	10839.5130884642	0	NA	NA	NA	NA	NA	NA	NA	NA
810	7	7	benefit_positive_truncnorm	benefit_positive_truncnorm	continuous	1	increasing	benefit	1	1	NA	2.41567801936548	4.95678548436766	700	252	420	700	700	252	489	0.64	0.301428571428571	7.69037697803377	24	24	0	2	1	10	4	1	5000	2500	1	0.99	14	10000	101809	0.6656	0.9995	1.03014090372899	-4.00922348612269	1.08790327577187	5.89032056572335	9.89954405184604	2.12170307808535	0.856276904920919	2.11907091903234	3.39059554295172	2.5343186380308	0.596520390070922	1.23466878095173	-9.72825557319422	1.23134761078508	11.7560379905066	21.4842935637009	0.0976	0.9987	3.65312802827281	1.13401236374442	3.60826160052686	6.40575135680318	5.27173899305876	0	NA	NA	NA	NA	NA	NA	1	-1.38553711563649	1.91971309880629	1	-0.293974941280132	0.0864212661006571	1	-3.72211670341593	13.8541527538478	1	-1.30365745609485	1.69952276283169	1.00185495264536	4398.18074471773	0	1.00166796892701	10768.7036870129	0	NA	NA	NA	NA	NA	NA	NA	NA
786	7	7	benefit_positive_truncnorm	benefit_positive_truncnorm	continuous	1	increasing	benefit	1	1	NA	1.57016083348539	2.85520318259026	700	252	420	700	700	252	500	0.64	0.285714285714286	6.37190978076545	24	24	0	2	1	10	4	1	5000	2500	1	0.99	14	10000	101785	0.4963	0.8522	-0.0721408936724793	-5.36191656998527	-0.0266012470330566	5.14208849880393	10.5040050687892	0.700601913177147	-0.610137147056859	0.697272906922808	2.01079545625234	2.6209326033092	0.511680240034291	0.176469364918587	-10.9662914050448	0.146492096828859	11.2217769807384	22.1880683857832	0.0668	0.7578	1.03521703932627	-1.83583302791913	1.00424915144882	3.8212278317659	5.65706085968503	0	NA	NA	NA	NA	NA	NA	1	-1.64230172715786	2.6971549630257	1	-0.869558920308238	0.756132715887629	1	-2.67873381767168	7.17561486593787	1	-1.81998614326399	3.31234956167293	1.0010822283584	4267.91807674437	0	1.00140874757346	9709.54391369341	0	NA	NA	NA	NA	NA	NA	NA	NA
746	7	7	benefit_positive_truncnorm	benefit_positive_truncnorm	continuous	1	increasing	benefit	1	1	NA	1.85866903154928	3.26059452600978	700	252	420	700	700	252	498	0.64	0.288571428571429	6.82426585271285	24	24	0	2	1	10	4	1	5000	2500	1	0.99	14	10000	101745	0.6115	0.9834	0.764551576635745	-4.75820337032383	0.814730997491749	6.08636100191835	10.8445643722422	1.43639112336559	0.110026689413485	1.43179617357777	2.72714192260421	2.61711523319072	0.567284623773173	1.01849811450848	-10.4195344204746	0.9427787733609	12.2470725246953	22.66660694517	0.083	0.9474	2.30853735426496	-0.493120301422197	2.39277360211508	4.70893730380331	5.2020576052255	0	NA	NA	NA	NA	NA	NA	1	-1.09411745491353	1.19709300514647	1	-0.422277908183687	0.17831863173999	1	-2.2420964115013	5.02699631846699	1	-0.952057171744818	0.906412858270742	1.00153059466356	4554.24954592241	0	1.00105193610156	9970.97362359693	0	NA	NA	NA	NA	NA	NA	NA	NA
744	7	7	benefit_positive_truncnorm	benefit_positive_truncnorm	continuous	1	increasing	benefit	1	1	NA	1.56286720019647	2.60876294223645	700	252	420	700	700	252	499	0.64	0.287142857142857	6.4296053658666	24	24	0	2	1	10	4	1	5000	2500	1	0.99	14	10000	101743	0.5568	0.946	0.433708951023011	-4.83057396100537	0.383841937332579	5.74916856976674	10.5797425307721	1.06105744202613	-0.25755982146769	1.05651079614949	2.37011827454791	2.6276780960156	0.557071299158052	0.81857312569878	-10.1762308502653	0.734353294453284	11.9597685132956	22.1359993635609	0.0617	0.9503	2.48266677347044	-0.450484065768205	2.48130070281021	5.53488836063309	5.9853724264013	0	NA	NA	NA	NA	NA	NA	1	-1.12915824917346	1.27499835167646	1	-0.501809758170337	0.251813033394972	1	-1.79018981653767	3.20477957923519	1	-0.126096168766018	0.0159002437774682	1.00125950811748	4494.45490352558	0	1.00141842228525	12214.0147972034	0	NA	NA	NA	NA	NA	NA	NA	NA
800	7	7	benefit_positive_truncnorm	benefit_positive_truncnorm	continuous	1	increasing	benefit	1	1	NA	1.47420642325838	2.35484947114258	700	252	420	700	700	252	494	0.64	0.294285714285714	6.48110035709826	24	24	0	2	1	10	4	1	5000	2500	1	0.99	14	10000	101799	0.5888	0.9995	0.630367498606805	-4.63717074531309	0.654683212730078	5.85144233779798	10.4886130831111	2.18835435379138	0.877393876944673	2.18649022374218	3.49798786819102	2.62059399124635	0.56474428726877	0.858580996381256	-10.597523588687	0.854756886500229	12.0858041206848	22.6833277093718	0.081	0.9983	4.61730734159139	1.56321237372083	4.43865980501433	8.44277110560883	6.879558731888	0	NA	NA	NA	NA	NA	NA	1	-0.843838924651575	0.712064130757126	1	0.714147930532999	0.510007266684565	1	-1.49626847476132	2.23881934856458	1	2.26245787044881	5.11871561555575	1.00179873925376	3865.46026310543	0	1.00209910139367	9157.02687851047	0	NA	NA	NA	NA	NA	NA	NA	NA
773	7	7	benefit_positive_truncnorm	benefit_positive_truncnorm	continuous	1	increasing	benefit	1	1	NA	1.7772625555622	3.01944509194309	700	252	420	700	700	252	484	0.64	0.308571428571429	7.21610655778172	24	24	0	2	1	10	4	1	5000	2500	1	0.99	14	10000	101772	0.4945	0.9651	-0.0551407614276136	-4.9222016762826	-0.0325961242435859	4.90465092384169	9.82685260012429	1.21836839005875	-0.0929012341462112	1.22064096483466	2.52051890521713	2.61342013936334	0.485621269669018	-0.178448085498236	-10.8768044401997	-0.163424937375439	10.4070064336342	21.2838108738339	0.0785	0.8239	1.70470422977637	-1.85096175674982	1.71954279490923	5.28876960226395	7.13973135901377	0	NA	NA	NA	NA	NA	NA	1	-1.83240331698981	3.35770191611526	1	-0.558894165503449	0.312362688233797	1	-3.19789317744132	10.2265207743258	1	-1.31474086216672	1.72854353465088	1.00161732607903	4520.50006177765	0	1.00130512280302	10522.2129806405	0	NA	NA	NA	NA	NA	NA	NA	NA
788	7	7	benefit_positive_truncnorm	benefit_positive_truncnorm	continuous	1	increasing	benefit	1	1	NA	1.58536599751608	2.77089464333154	700	252	420	700	700	252	478	0.64	0.317142857142857	6.448772609931	24	24	0	2	1	10	4	1	5000	2500	1	0.99	14	10000	101787	0.5038	0.6549	0.0404844140290489	-5.17604904201092	0.0279458074480408	5.37620471319343	10.5522537552043	0.26531108838778	-1.09336725040329	0.262881578837101	1.61570730229183	2.70907455269512	0.501657222281621	0.0835412519532112	-11.2204635672638	0.0173866672463543	11.3387546016631	22.5592181689268	0.0647	0.6134	0.489578533665452	-2.63375461723079	0.474817164427726	3.69472735202732	6.32848196925812	0	NA	NA	NA	NA	NA	NA	1	-1.54488158348703	2.3866591069974	1	-1.3200549091283	1.74254496311373	1	-2.68735339137833	7.22186825015263	1	-2.28131610966609	5.20440319222204	1.00209204610055	4659.57894147108	0	1.00162043213125	10242.8231516614	0	NA	NA	NA	NA	NA	NA	NA	NA
824	7	7	benefit_positive_truncnorm	benefit_positive_truncnorm	continuous	1	increasing	benefit	1	1	NA	1.96738934776453	4.07248859228967	700	252	420	700	700	252	485	0.64	0.307142857142857	6.91029686515234	24	24	0	2	1	10	4	1	5000	2500	1	0.99	14	10000	101823	0.634	0.9995	0.959733504474887	-4.50325146213447	1.00474749771812	6.27526422736163	10.7785156894961	2.28621659664522	0.975803675584292	2.28980606578427	3.60918717057432	2.63338349499002	0.585600349612149	1.19847621662952	-10.0205530699041	1.14031969755494	12.2338754615106	22.2544285314147	0.0847	0.9965	4.22445421744316	1.02210430219171	4.14822400525956	8.22909578185041	7.20699147965871	0	NA	NA	NA	NA	NA	NA	1	-1.00765584328964	1.01537029851575	1	0.318827248880694	0.101650814628832	1	-2.87401237566015	8.2599471354477	1	0.151965625153492	0.0230935512282917	1.00216833940025	4368.01225310878	0	1.00190515305318	10300.6553853482	0	NA	NA	NA	NA	NA	NA	NA	NA
785	7	7	benefit_positive_truncnorm	benefit_positive_truncnorm	continuous	1	increasing	benefit	1	1	NA	2.48431168048946	5.06689572797174	700	252	420	700	700	252	470	0.64	0.328571428571429	7.79795824100254	24	24	0	2	1	10	4	1	5000	2500	1	0.99	14	10000	101784	0.7401	0.9999	1.69384141642779	-3.59323941239327	1.74724051814432	6.65501411573167	10.2482535281249	2.66796639751471	1.32154539582449	2.67348667840958	3.94549858226523	2.62395318644074	0.645030425963489	1.95236396405182	-9.23666524731401	1.8949833257984	12.2820431724858	21.5187084197999	0.1126	0.999799939981995	6.31738845050464	2.62166361821188	6.44817254936543	10.0730077542715	7.4513441360596	3e-04	NA	NA	NA	NA	NA	NA	1	-0.790470264061671	0.624843238365728	1	0.183654717025254	0.0337290550856261	1	-3.11453176391992	9.70030810846614	1	1.2504927225329	1.56373204910774	1.00143290270173	4575.553149738	0	1.00271447926706	12128.5906552001	0	NA	NA	NA	NA	NA	NA	NA	NA
777	7	7	benefit_positive_truncnorm	benefit_positive_truncnorm	continuous	1	increasing	benefit	1	1	NA	2.28149599547759	4.30707046590092	700	252	420	700	700	252	480	0.64	0.314285714285714	7.21441259691058	24	24	0	2	1	10	4	1	5000	2500	1	0.99	14	10000	101776	0.6953	0.9999	1.26062485971117	-3.60796044890367	1.30779188476221	6.04376747886934	9.65172792777301	2.31319527954711	1.0392640735802	2.30901803136632	3.56719010325712	2.52792602967692	0.649472323928495	1.87817235445666	-8.75997589911221	1.78339118229256	12.0886570928118	20.848632991924	0.0714	0.9967	4.544604431642	1.22263402113265	4.58991715181291	7.79250162858077	6.56986760744812	0	NA	NA	NA	NA	NA	NA	1	-1.02087113576642	1.04217787584102	1	0.0316992840695178	0.00100484461051999	1	-2.42889811144426	5.89954603577749	1	0.237533965741076	0.0564223848806829	1.00169482814616	4476.7031738657	0	1.0017769788794	10165.4143491332	0	NA	NA	NA	NA	NA	NA	NA	NA
778	7	7	benefit_positive_truncnorm	benefit_positive_truncnorm	continuous	1	increasing	benefit	1	1	NA	1.84120054751126	3.70193239898231	700	252	420	700	700	252	478	0.64	0.317142857142857	6.91025210205185	24	24	0	2	1	10	4	1	5000	2500	1	0.99	14	10000	101777	0.6864	0.9987	1.31961732243008	-3.99044165342798	1.33399974503303	6.52637389378489	10.5168155472129	2.00316837165003	0.706893640322717	2.00153580588247	3.30317824125302	2.5962846009303	0.610675212730688	1.60703167535036	-9.84159821518485	1.49029598171891	12.6863509662059	22.5279491813908	0.0951	0.9921	4.31534638931587	0.816423072725278	4.29968635445626	7.94466536364596	7.12824229092069	0	NA	NA	NA	NA	NA	NA	1	-0.521583225081178	0.272049060686082	1	0.161967824138769	0.0262335760562471	1	-2.09490072363195	4.38860904187367	1	0.613413990333561	0.376276723536943	1.00160462674569	4123.60594741248	0	1.00165631050571	12562.6443687919	0	NA	NA	NA	NA	NA	NA	NA	NA
789	7	7	benefit_positive_truncnorm	benefit_positive_truncnorm	continuous	1	increasing	benefit	1	1	NA	1.51375672582321	2.88844584779822	700	252	420	700	700	252	502	0.64	0.282857142857143	5.53276387243052	24	24	0	2	1	10	4	1	5000	2500	1	0.99	14	10000	101788	0.4943	0.834	-0.00625245490705015	-5.52230271580935	-0.0445858777875561	5.55011792124849	11.0724206370578	0.667817312139859	-0.672343218750868	0.671140424754807	2.01002714795925	2.68237036671012	0.511066610455312	0.304253292115412	-11.4962297948426	0.173040334821408	12.4095348830143	23.9057646778569	0.0512	0.7341	1.02730953358449	-2.13248217864469	0.979695251634664	4.57867221840209	6.71115439704678	0	NA	NA	NA	NA	NA	NA	1	-1.52000918073026	2.31042790950428	1	-0.845939413683352	0.715613491622933	1	-2.58419255568281	6.67805116484644	1	-1.86113631421373	3.46382838008507	1.00179751596978	4303.36869881515	0	1.00144342997823	10347.8676730458	0	NA	NA	NA	NA	NA	NA	NA	NA
776	7	7	benefit_positive_truncnorm	benefit_positive_truncnorm	continuous	1	increasing	benefit	1	1	NA	1.98288008790458	4.18250188610896	700	252	420	700	700	252	470	0.64	0.328571428571429	6.37151907914038	24	24	0	2	1	10	4	1	5000	2500	1	0.99	14	10000	101775	0.5376	0.9777	0.268341618089542	-4.74316838998149	0.264588116570024	5.40790949028798	10.1510778802695	1.40939914572377	0.0298906187873287	1.41096090738377	2.71996312304409	2.69007250425676	0.517648298387946	0.221372168737339	-10.7535653587751	0.194111989683401	11.1362705586227	21.8898359173978	0.0509	0.9429	3.6639945104546	-0.834210043170046	3.75859669694273	7.67809065289965	8.51230069606969	0	NA	NA	NA	NA	NA	NA	1	-1.71453846981504	2.93964216447568	1	-0.573480942180803	0.328880391044582	1	-3.96112971737162	15.6905486378446	1	-0.518507375654364	0.268849898607975	1.00127698723981	4133.85414430028	0	1.00165057775552	10954.9811786558	0	NA	NA	NA	NA	NA	NA	NA	NA
799	7	7	benefit_positive_truncnorm	benefit_positive_truncnorm	continuous	1	increasing	benefit	1	1	NA	1.8542206313609	3.60558881869634	700	252	420	700	700	252	481	0.64	0.312857142857143	6.48427702621524	24	24	0	2	1	10	4	1	5000	2500	1	0.99	14	10000	101798	0.68	0.999	1.24705100405508	-4.08730051928269	1.28347204438951	6.35734913942523	10.4446496587079	2.16078868931007	0.841545919846283	2.17153131491065	3.45426072107201	2.61271480122572	0.623423808506091	1.67566981093495	-9.29587158333004	1.49894591757453	12.2401340011747	21.5360055845047	0.0642	0.9958	4.32171546408329	0.964532388082098	4.23767018573011	8.16662727191617	7.20209488383408	0	NA	NA	NA	NA	NA	NA	1	-0.607169627305822	0.368654956322691	1	0.306568057949166	0.0939839741547231	1	-1.92991900776139	3.7245873765187	1	0.716126645386953	0.51283737223317	1.0016232295078	4356.81494949718	0	1.00179348285176	11366.3354946215	0	NA	NA	NA	NA	NA	NA	NA	NA
834	7	7	benefit_positive_truncnorm	benefit_positive_truncnorm	continuous	1	increasing	benefit	1	1	NA	1.97150590654391	3.97632792693569	700	252	420	700	700	252	502	0.64	0.282857142857143	6.45365583950384	24	24	0	2	1	10	4	1	5000	2500	1	0.99	14	10000	101833	0.6363	0.9934	0.93996138631439	-4.34038263818758	0.959091472834112	6.0785436638622	10.4189263020498	1.60222965360048	0.328393199034952	1.60282612593452	2.87020157473359	2.54180837569864	0.627329854084567	1.74325431606721	-9.266508229625	1.64698404116714	12.662444614061	21.928952843686	0.0611	0.9791	2.98527459954477	0.0945913990324274	2.93251194233296	6.05803825422628	5.96344685519385	0	NA	NA	NA	NA	NA	NA	1	-1.03154452022952	1.06408409721555	1	-0.369276252943429	0.136364950987939	1	-2.23307361086848	4.98661775155721	1	-0.991053327390923	0.98218669773262	1.00164269930161	4260.72730130692	0	1.00217434372426	11351.0952228602	0	NA	NA	NA	NA	NA	NA	NA	NA
814	7	7	benefit_positive_truncnorm	benefit_positive_truncnorm	continuous	1	increasing	benefit	1	1	NA	2.39632125015527	4.81339741278909	700	252	420	700	700	252	475	0.64	0.321428571428571	6.99219240647297	24	24	0	2	1	10	4	1	5000	2500	1	0.99	14	10000	101813	0.5895	0.9977	0.587704713337018	-4.96642640002564	0.642410851877232	5.96605526313809	10.9324816631637	1.88614887438948	0.562847640544565	1.88487374336288	3.18746161920066	2.62461397865609	0.564108155255124	0.818527312932091	-10.8640915357285	0.831371333156112	11.9101603577398	22.7742518934684	0.0828	0.9902	4.62850222353283	0.573752513330194	4.52481120852714	9.26314207532901	8.68938956199882	0	NA	NA	NA	NA	NA	NA	1	-1.80861653681825	3.27109377725244	1	-0.510172375765791	0.260275852994512	1	-3.994870099857	15.9589871147315	1	-0.184895189256261	0.0341862310101087	1.00149519830196	4362.85447158276	0	1.00209549732557	10739.4295849639	0	NA	NA	NA	NA	NA	NA	NA	NA
766	7	7	benefit_positive_truncnorm	benefit_positive_truncnorm	continuous	1	increasing	benefit	1	1	NA	2.32068806047184	4.41696514625072	700	252	420	700	700	252	479	0.64	0.315714285714286	6.67941108049952	24	24	0	2	1	10	4	1	5000	2500	1	0.99	14	10000	101765	0.6635	0.9991	1.15487449875878	-4.13083223584207	1.17814542055285	6.47088170237834	10.6017139382204	2.03055069343704	0.750915376434995	2.0245701069659	3.32661773624912	2.57570235981413	0.624256193876447	1.64211405465486	-9.81668927018399	1.52878172477441	12.3718919307373	22.1885812009213	0.0757	0.9973	4.8887240859625	1.37599065926088	4.89930001866441	8.29477199834801	6.91878133908713	0	NA	NA	NA	NA	NA	NA	1	-1.16581356171306	1.35912126067409	1	-0.290137367034796	0.0841796917498839	1	-2.77485109159586	7.69979858053072	1	0.471758939711789	0.222556497197991	1.00131658729859	4480.26429476473	0	1.00203309497053	7209.49715419607	0	NA	NA	NA	NA	NA	NA	NA	NA
787	7	7	benefit_positive_truncnorm	benefit_positive_truncnorm	continuous	1	increasing	benefit	1	1	NA	2.4242437879892	4.63009933760682	700	252	420	700	700	252	462	0.64	0.34	6.82293896167579	24	24	0	2	1	10	4	1	5000	2500	1	0.99	14	10000	101786	0.7479	0.9999	1.87128974799222	-3.59731793359816	1.94257624190863	7.11076540571939	10.7080833393175	2.54967835833085	1.23135228444034	2.54949147064018	3.88013529415018	2.64878300970984	0.67328797190518	2.45198283332615	-9.01696396028446	2.28893833838265	13.2667695912661	22.2837335515506	0.0888	0.999699969997	4.87555718612724	1.97274193365811	4.73941958024456	8.91383910985946	6.94109717620135	1e-04	NA	NA	NA	NA	NA	NA	1	-0.552954039996976	0.305758170348977	1	0.125434570341648	0.0157338314367937	1	-2.17811650428067	4.74419150621986	1	0.245457848520418	0.0602495554002727	1.00158029337756	4743.32081793659	0	1.00208540530146	5883.38657162052	0	NA	NA	NA	NA	NA	NA	NA	NA
805	7	7	benefit_positive_truncnorm	benefit_positive_truncnorm	continuous	1	increasing	benefit	1	1	NA	2.44280419611313	4.31127833572582	700	252	420	700	700	252	473	0.64	0.324285714285714	7.17404804811875	24	24	0	2	1	10	4	1	5000	2500	1	0.99	14	10000	101804	0.7778	1	1.97430664336192	-3.17630955129066	2.06439445515625	6.76930903599291	9.94561858728357	2.99177516511783	1.67228292860926	2.99146369802948	4.30554513179741	2.63326220318815	0.742090859332239	3.15161734305167	-7.38591217774305	2.92203251278351	13.0162914727479	20.402203650491	0.0865	0.9998	6.54869591367313	2.41957899236618	6.57184884388163	10.8729134178938	8.45333442552761	0	NA	NA	NA	NA	NA	NA	1	-0.468497552751211	0.219489956933874	1	0.5489709690047	0.30136912480996	1	-1.15966099267415	1.34481361792998	1	2.23741757794731	5.00603741810762	1.00151948631737	4534.16248087743	0	1.00181228649787	5939.64968879916	0	NA	NA	NA	NA	NA	NA	NA	NA
806	7	7	benefit_positive_truncnorm	benefit_positive_truncnorm	continuous	1	increasing	benefit	1	1	NA	2.33424309965482	4.36229147067926	700	252	420	700	700	252	493	0.64	0.295714285714286	7.71148997686426	24	24	0	2	1	10	4	1	5000	2500	1	0.99	14	10000	101805	0.6872	1	1.27301229415986	-3.87140624968036	1.33184562951238	6.23491508581781	10.1063213354982	2.73035377536201	1.46305709766313	2.73586987191952	3.97363457799654	2.51057748033342	0.611767327835971	1.5978027524856	-9.35226648985345	1.46483982247216	12.1126047355824	21.4648712254359	0.1026	0.9999	5.26668165702148	2.31503485943287	5.11775280612396	9.59735334808373	7.28231848865087	0	NA	NA	NA	NA	NA	NA	1	-1.06123080549495	1.12621082253147	1	0.396110675707198	0.156903667409213	1	-2.76448871819366	7.64239787302004	1	0.904390186342216	0.817921609152108	1.00125065547935	4884.41640236195	0	1.0010528840082	6728.8719446753	0	NA	NA	NA	NA	NA	NA	NA	NA
792	7	7	benefit_positive_truncnorm	benefit_positive_truncnorm	continuous	1	increasing	benefit	1	1	NA	1.98403789963051	3.50461103913412	700	252	420	700	700	252	481	0.64	0.312857142857143	6.73781604049427	24	24	0	2	1	10	4	1	5000	2500	1	0.99	14	10000	101791	0.7431	1	1.80830100459869	-3.72820356088399	1.89087398057307	7.06133533850961	10.7895388993936	2.88034206101179	1.57248553845797	2.88423178411014	4.20301387035311	2.63052833189514	0.683558068725533	2.63688482354376	-8.46871243653225	2.45939525284267	13.423556793908	21.8922692304403	0.0804	1	6.80214826873491	3.69158406492981	6.52856900781494	10.6474062599022	6.95582219497241	0	NA	NA	NA	NA	NA	NA	1	-0.175736895031825	0.0308834562754268	1	0.896304161381273	0.803361149709387	1	-0.867726215590354	0.752948785222758	0	3.2975372296008	10.8737517806033	1.00154954532258	4424.41665093229	0	1.00181623942377	10064.1583949916	0	NA	NA	NA	NA	NA	NA	NA	NA
790	7	7	benefit_positive_truncnorm	benefit_positive_truncnorm	continuous	1	increasing	benefit	1	1	NA	2.28910125234033	5.19523114037053	700	252	420	700	700	252	499	0.64	0.287142857142857	5.46630335139057	24	24	0	2	1	10	4	1	5000	2500	1	0.99	14	10000	101789	0.5741	0.9987	0.528046789210147	-5.07430048527889	0.544533389322937	5.88703076546168	10.9613312507406	2.13065225219778	0.81893405428983	2.13503925646399	3.42189854796363	2.6029644936738	0.5685843026302	0.933552731998771	-10.4851952102587	0.866032480441838	12.2086137256734	22.6938089359321	0.0457	0.9787	3.90910641183422	0.109432740720856	4.20079189469868	7.34049430287007	7.23106156214922	0	NA	NA	NA	NA	NA	NA	1	-1.76105446313018	3.10131282211073	1	-0.158449000142549	0.0251060856461734	1	-4.26167840837176	18.161902856382	1	-1.28612472853631	1.6541168173526	1.00136358453915	4278.5866442191	0	1.00195476424919	6194.51145452626	0	NA	NA	NA	NA	NA	NA	NA	NA
775	7	7	benefit_positive_truncnorm	benefit_positive_truncnorm	continuous	1	increasing	benefit	1	1	NA	2.07835443573845	4.20375168359897	700	252	420	700	700	252	476	0.64	0.32	7.18940358974688	24	24	0	2	1	10	4	1	5000	2500	1	0.99	14	10000	101774	0.667	0.9977	1.09813129374543	-3.90941238346034	1.11857845456758	6.02857299668449	9.93798538014483	1.92714396972854	0.589251985383677	1.9346401938317	3.24359792023677	2.65434593485309	0.592596672909552	1.19447186166283	-9.76201217515905	1.20851417094145	11.8049971159292	21.5670092910882	0.0923	0.969	3.27141999638164	-0.14040019606226	3.14401281005525	7.39933915387915	7.53973934994141	0	NA	NA	NA	NA	NA	NA	1	-0.980223141993011	0.96083740809865	1	-0.151210466009909	0.0228646050309337	1	-3.00927982193615	9.05576504671204	1	-0.932331687217328	0.869242374989509	1.00343464566918	4592.74684471824	0	1.00171099350509	12521.762811495	0	NA	NA	NA	NA	NA	NA	NA	NA
781	7	7	benefit_positive_truncnorm	benefit_positive_truncnorm	continuous	1	increasing	benefit	1	1	NA	2.21689852883515	4.00854305190504	700	252	420	700	700	252	490	0.64	0.3	7.55997175511103	24	24	0	2	1	10	4	1	5000	2500	1	0.99	14	10000	101780	0.7751	0.9999	1.91897871018157	-3.16604469349091	1.9884699019804	6.66252905637661	9.82857374986752	2.35626790171887	1.07009742079249	2.35834224220433	3.6111217178642	2.5410242970717	0.699511219728949	2.6647964073533	-7.93164177572737	2.51122340269605	12.8206414644174	20.7522832401447	0.0998	0.9982	3.99568698883541	1.4033564390355	3.96295388366714	6.76928075430752	5.36592431527201	0	NA	NA	NA	NA	NA	NA	1	-0.297919818653577	0.0887562183465801	1	0.13936937288372	0.0194238220980014	1	-1.34374664455174	1.80565504474405	1	-0.0128560630696231	0.000165278357650126	1.00213433198361	4659.99453920813	0	1.00131871380743	10587.7732607769	0	NA	NA	NA	NA	NA	NA	NA	NA
853	7	7	benefit_positive_truncnorm	benefit_positive_truncnorm	continuous	1	increasing	benefit	1	1	NA	2.66710991577311	5.62736713999442	700	252	420	700	700	252	477	0.64	0.318571428571429	6.98744908727311	24	24	0	2	1	10	4	1	5000	2500	1	0.99	14	10000	101852	0.6974	1	1.46805962343329	-4.04461374177984	1.52784989436864	6.80677257497605	10.8513863167559	2.6217751430235	1.32683866682051	2.62817775292543	3.91813114741031	2.59129248058981	0.639111111111111	1.96102465358679	-9.63328056293098	1.89798607662783	13.0387906210483	22.6720711839793	0.1	0.9995	5.59519387564164	2.37011881855936	5.3651786054469	9.98341375449082	7.61329493593146	0	NA	NA	NA	NA	NA	NA	1	-1.19905029233983	1.43772160356022	1	-0.0453347727496172	0.00205524162025943	1	-3.66634248640764	13.4420672276377	1	-0.032173264352787	0.00103511893911431	1.00169725288581	4413.82932570148	0	1.00254387671057	10610.8603475432	0	NA	NA	NA	NA	NA	NA	NA	NA
803	7	7	benefit_positive_truncnorm	benefit_positive_truncnorm	continuous	1	increasing	benefit	1	1	NA	1.86748111208562	3.20976058544662	700	252	420	700	700	252	470	0.64	0.328571428571429	7.2998035665293	24	24	0	2	1	10	4	1	5000	2500	1	0.99	14	10000	101802	0.7294	1	1.59732246640446	-3.54624641915116	1.69412229649344	6.47816138680977	10.0244078059609	3.13479060704523	1.81103755675173	3.14179871331592	4.46223686091332	2.65119930416159	0.649190439475713	1.99596503886896	-8.7553367727932	1.88784611547638	12.244597333354	20.9999341061472	0.0921	1	7.14683568202703	3.38498961703187	7.00487198736629	11.8833768891356	8.49838727210374	9e-04	NA	NA	NA	NA	NA	NA	1	-0.270158645681158	0.0729856938362773	1	1.26730949495962	1.60607335601479	1	-1.21379554657765	1.47329962889174	0	3.93707509658041	15.5005603161136	1.00168538152082	4567.05346155866	0	1.00182316387122	10008.2076398379	0	NA	NA	NA	NA	NA	NA	NA	NA
823	7	7	benefit_positive_truncnorm	benefit_positive_truncnorm	continuous	1	increasing	benefit	1	1	NA	1.73761492146163	3.40559326945119	700	252	420	700	700	252	459	0.64	0.344285714285714	7.32549869978218	24	24	0	2	1	10	4	1	5000	2500	1	0.99	14	10000	101822	0.4599	0.8324	-0.258047693069868	-5.0808913419984	-0.254829601650874	4.61426618979319	9.69515753179159	0.648784566360785	-0.640917306127655	0.649435218596129	1.93703067680463	2.57794798293228	0.46122849052494	-0.467357884728031	-11.1046398756011	-0.43557016790106	10.4449243606144	21.5495642362156	0.0818	0.7004	1.18935853859673	-2.12200641285447	0.929660486956191	5.76304731593497	7.88505372878944	0	NA	NA	NA	NA	NA	NA	1	-1.99566261453149	3.98266927103868	1	-1.08883035510084	1.18555154218902	1	-3.87295115417922	14.9997506426582	1	-2.21623473085446	4.91169638224553	1.0014221974404	4493.38299407187	0	1.00202507296829	6206.68578648752	0	NA	NA	NA	NA	NA	NA	NA	NA
852	7	7	benefit_positive_truncnorm	benefit_positive_truncnorm	continuous	1	increasing	benefit	1	1	NA	2.11027082656141	3.67189561238628	700	252	420	700	700	252	479	0.64	0.315714285714286	7.23506753029479	24	24	0	2	1	10	4	1	5000	2500	1	0.99	14	10000	101851	0.6659	0.9996	1.07275316188712	-3.91133084381669	1.08660717586833	5.97710353999893	9.88843438381562	2.29506668990232	0.9934350798654	2.29931827306196	3.59752919913534	2.60409411926994	0.59218058105627	1.16682264153871	-9.66661187615985	1.10059480537341	11.603210689707	21.2698225658669	0.0741	0.9978	4.80274558224588	1.40848062329074	4.71684602002577	8.28750309224978	6.87902246895905	0	NA	NA	NA	NA	NA	NA	1	-1.03751766467428	1.07644290451118	1	0.184795863340911	0.0341495111079128	1	-2.50507297084757	6.27539058927108	1	1.1308499698596	1.27882165433145	1.00186012472378	5096.784154917	0	1.00137475571677	6679.70445789531	0	NA	NA	NA	NA	NA	NA	NA	NA
850	7	7	benefit_positive_truncnorm	benefit_positive_truncnorm	continuous	1	increasing	benefit	1	1	NA	2.5778507758098	5.23546110046222	700	252	420	700	700	252	462	0.64	0.34	7.6173625100135	24	24	0	2	1	10	4	1	5000	2500	1	0.99	14	10000	101849	0.5041	0.9377	-0.00722766002714028	-4.93361965025247	0.0236561191112967	4.92657288510525	9.86019253535772	1.05179951365754	-0.292660251405929	1.05253602151959	2.38791623259004	2.68057648399597	0.511061946902655	0.157861641989665	-10.7385593170816	0.145604660417746	10.9263499655595	21.6649092826411	0.096	0.800780078007801	1.29081717950658	-1.33291657886818	1.02945242541164	5.76965880285481	7.10257538172298	1e-04	NA	NA	NA	NA	NA	NA	1	-2.58507843583694	6.68263051942915	0	-1.52605126215226	2.32883245471649	1	-5.07759945847255	25.7820162606807	1	-3.94464392095563	15.5602156631322	1.00165526419003	4523.73670701643	0	1.00184302543011	6597.82156047457	0	NA	NA	NA	NA	NA	NA	NA	NA
804	7	7	benefit_positive_truncnorm	benefit_positive_truncnorm	continuous	1	increasing	benefit	1	1	NA	1.32226500828994	2.01796518636871	700	252	420	700	700	252	505	0.64	0.278571428571429	6.42426062421332	24	24	0	2	1	10	4	1	5000	2500	1	0.99	14	10000	101803	0.612	0.9983	0.778569718205504	-4.38163069391539	0.771965666226516	5.91059076852742	10.2922214624428	1.94243459676569	0.593579474503563	1.95606828979822	3.24605072205489	2.65247124755133	0.572295570698467	1.09410929508129	-10.130121792882	0.979101596122497	12.3522196359475	22.4823414288294	0.0608	0.964	3.58316396424183	-0.255334650744516	3.57625451726734	7.10094938741208	7.35628403815659	0	NA	NA	NA	NA	NA	NA	1	-0.543695290084437	0.29560456846	1	0.620169588475752	0.384610318470183	1	-0.92385589128742	0.853509707866472	1	1.56519877787311	2.44984721425549	1.00128557238307	4601.99477552046	0	1.00165381895999	10977.8915354784	0	NA	NA	NA	NA	NA	NA	NA	NA
793	7	7	benefit_positive_truncnorm	benefit_positive_truncnorm	continuous	1	increasing	benefit	1	1	NA	2.33744944950759	4.85495774171021	700	252	420	700	700	252	483	0.64	0.31	7.3056661317947	24	24	0	2	1	10	4	1	5000	2500	1	0.99	14	10000	101792	0.7137	0.9999	1.42191654252045	-3.57306788085768	1.43102534044336	6.29185635538389	9.86492423624157	2.5569146170426	1.25676618747257	2.55377175273879	3.84370163098117	2.5869354435086	0.626028583802512	1.58823877546143	-9.39918692752404	1.51026986597852	12.0600957557545	21.4592826832785	0.0764	0.9958	3.78110180648399	0.879110522121381	3.57535544965854	7.31204337808413	6.43293285596275	0	NA	NA	NA	NA	NA	NA	1	-0.915532906987142	0.838200503776326	1	0.219465167535013	0.0481649597611715	1	-3.26671896624878	10.6714528044495	1	-1.07385593522621	1.15316656962056	1.00145783643416	4629.17056943734	0	1.00094302822817	6876.64948341077	0	NA	NA	NA	NA	NA	NA	NA	NA
827	7	7	benefit_positive_truncnorm	benefit_positive_truncnorm	continuous	1	increasing	benefit	1	1	NA	2.46814732820878	5.25060826088679	700	252	420	700	700	252	478	0.64	0.317142857142857	6.76490287988817	24	24	0	2	1	10	4	1	5000	2500	1	0.99	14	10000	101826	0.7515	1	1.87949255939447	-3.49425125305391	1.93058669651589	7.20485510323258	10.6991063562865	3.42572292724817	2.11052129109275	3.42326879454009	4.7424449033807	2.63192361228795	0.669291338582677	2.44892374272348	-8.65350971526838	2.27534775865083	12.9962976943316	21.6498074096	0.0856	0.999899979995999	7.52851463423581	3.66528464835249	7.43969360205648	12.1389713192879	8.47368667093537	2e-04	NA	NA	NA	NA	NA	NA	1	-0.588654768814309	0.346514436847828	1	0.957575599039393	0.916951027875652	1	-2.80168451816332	7.84943613931601	1	2.27790637334902	5.18885744574407	1.00171278375933	4437.82662505124	0	1.00166019873877	6121.87005607416	0	NA	NA	NA	NA	NA	NA	NA	NA
797	7	7	benefit_positive_truncnorm	benefit_positive_truncnorm	continuous	1	increasing	benefit	1	1	NA	1.9059698050182	3.52120239499008	700	252	420	700	700	252	485	0.64	0.307142857142857	6.89685823317318	24	24	0	2	1	10	4	1	5000	2500	1	0.99	14	10000	101796	0.6897	0.997	1.33604052006273	-4.04214093888415	1.36980174186603	6.55862742198895	10.6007683608731	1.79692062111691	0.493433671610169	1.7934044489321	3.08241285081518	2.58897917920501	0.603020024072656	1.4373050096198	-10.2002732091345	1.36115251022748	12.5914108982092	22.7916841073437	0.0861	0.9183	2.57780604217805	-0.810023423305062	2.41211128486304	6.22500598309346	7.03502940639852	0	NA	NA	NA	NA	NA	NA	1	-0.569929284955473	0.324819389849857	1	-0.109049183901295	0.0118917245095384	1	-2.08389738537028	4.34262831275309	1	-0.943396352812026	0.889996678499033	1.0012857655131	4513.82660092673	0	1.00315965577093	9826.56271834073	0	NA	NA	NA	NA	NA	NA	NA	NA
812	7	7	benefit_positive_truncnorm	benefit_positive_truncnorm	continuous	1	increasing	benefit	1	1	NA	2.06040416474397	3.97932421972373	700	252	420	700	700	252	490	0.64	0.3	6.3840064227589	24	24	0	2	1	10	4	1	5000	2500	1	0.99	14	10000	101811	0.6165	0.9992	0.776868781779962	-4.4255785342122	0.803714836098029	5.81153832045272	10.2371168546649	2.13703026372425	0.813106703337863	2.13802307200056	3.45973253502645	2.64662583168859	0.588216594256649	1.13505509040914	-10.0846697868865	1.03447887249973	12.0183038934041	22.1029736802906	0.0563	0.9824	4.38625904534369	0.223785054977351	4.49406810682784	8.511934039777	8.28814898479965	0	NA	NA	NA	NA	NA	NA	1	-1.283535382964	1.64746307932055	1	0.0766260989802809	0.00587155904493581	1	-2.8442691293146	8.08986687997201	1	0.406934825619951	0.16559595230234	1.00203119604715	4576.9458190421	0	1.00152106426357	6944.73337708833	0	NA	NA	NA	NA	NA	NA	NA	NA
851	7	7	benefit_positive_truncnorm	benefit_positive_truncnorm	continuous	1	increasing	benefit	1	1	NA	1.93180582561051	3.3128336285143	700	252	420	700	700	252	467	0.64	0.332857142857143	6.94841554384716	24	24	0	2	1	10	4	1	5000	2500	1	0.99	14	10000	101850	0.4687	0.8495	-0.239192135609537	-5.49305707609928	-0.240334669342858	5.10329518892315	10.5963522650224	0.689148301553282	-0.62460848572709	0.69161689412932	1.9860716118869	2.61068009761399	0.484967320261438	-0.162367096238983	-11.4623301894746	-0.155874055200175	11.3254633052128	22.7877934946874	0.082	0.7949	1.47881389540677	-2.03812397486092	1.35633089811324	5.6537053862329	7.69182936109382	0	NA	NA	NA	NA	NA	NA	1	-2.17099796122005	4.7132321476216	1	-1.24265752405723	1.54419772209604	1	-3.47520072475329	12.0770200773258	1	-1.83401973310753	3.36362838142782	1.00151645197717	4526.94531744152	0	1.00117161327358	6154.04953259529	0	NA	NA	NA	NA	NA	NA	NA	NA
822	7	7	benefit_positive_truncnorm	benefit_positive_truncnorm	continuous	1	increasing	benefit	1	1	NA	1.89895070582648	3.57803065014541	700	252	420	700	700	252	476	0.64	0.32	6.68368268444651	24	24	0	2	1	10	4	1	5000	2500	1	0.99	14	10000	101821	0.7382	1	1.69568468968302	-3.66645131864173	1.77450743216914	6.83101964448016	10.4974709631219	2.9282419131926	1.6021143689392	2.9376550091638	4.22585412942298	2.62373976048378	0.640117672695576	1.93588739275914	-9.09496587374063	1.84687004808499	12.7157006647746	21.8106665385153	0.0822	0.998799639891968	6.02505834321325	1.64959667187497	5.9766413703671	10.7403386993737	9.09074202749876	3e-04	NA	NA	NA	NA	NA	NA	1	-0.203266016143461	0.0413170733188339	1	1.02929120736611	1.05944038956119	1	-1.64214325738627	2.69663447777919	1	2.44702769306784	5.98794453064093	1.00220984782699	4455.61372069689	0	1.00178362556406	6055.44219358894	0	NA	NA	NA	NA	NA	NA	NA	NA
826	7	7	benefit_positive_truncnorm	benefit_positive_truncnorm	continuous	1	increasing	benefit	1	1	NA	1.65962054294218	2.92675898517012	700	252	420	700	700	252	496	0.64	0.291428571428571	6.30712677851946	24	24	0	2	1	10	4	1	5000	2500	1	0.99	14	10000	101825	0.483	0.8264	-0.0797939246881656	-5.04354241430799	-0.111804207081058	4.93127241338951	9.9748148276975	0.617019002573239	-0.663212812925406	0.621388861520302	1.89857234528904	2.56178515821445	0.478402865571007	-0.315285150484816	-11.2739206810146	-0.220982200914755	10.6444456762053	21.9183663572199	0.0508	0.689	0.692246120696636	-2.23781772978157	0.710761530239846	3.37063113106661	5.60844886084818	0	NA	NA	NA	NA	NA	NA	1	-1.73941446763035	3.02556269020177	1	-1.04260154036894	1.08701797197969	1	-3.24204413565494	10.5108501775346	1	-2.23451286447349	4.9930477414975	1.00123055125552	4114.10879328226	0	1.00195988899545	7362.56270909273	0	NA	NA	NA	NA	NA	NA	NA	NA
836	7	7	benefit_positive_truncnorm	benefit_positive_truncnorm	continuous	1	increasing	benefit	1	1	NA	2.44534713726972	5.29325017585259	700	252	420	700	700	252	455	0.64	0.35	7.65332921421004	24	24	0	2	1	10	4	1	5000	2500	1	0.99	14	10000	101835	0.739	1	1.67735939652549	-3.53236197267866	1.72551903519605	6.73164349854618	10.2640054712248	3.24467072457989	1.97889429047936	3.24604128666736	4.52988759934083	2.55099330886147	0.650161344163792	2.05671288717683	-8.89136993163733	2.00729639433767	12.1630249171926	21.05439484883	0.1013	1	8.53874810375955	4.71761606269709	8.77982903823871	12.1649649294029	7.44734886670585	0.0092	NA	NA	NA	NA	NA	NA	1	-0.767987740744232	0.589805169933429	1	0.799323587310172	0.638918197230403	1	-3.23653728867576	10.4751736209887	1	3.24549792790696	10.5332568000484	1.00157095690033	4415.62964819625	0	1.00167687057247	11011.3753224243	0	NA	NA	NA	NA	NA	NA	NA	NA
828	7	7	benefit_positive_truncnorm	benefit_positive_truncnorm	continuous	1	increasing	benefit	1	1	NA	2.01291039334214	3.95435688615494	700	252	420	700	700	252	489	0.64	0.301428571428571	6.44490148852173	24	24	0	2	1	10	4	1	5000	2500	1	0.99	14	10000	101827	0.5484	0.9337	0.281553551167688	-5.07381330396706	0.327106885678582	5.4455896730201	10.5194029769872	0.996716415031891	-0.294944955612613	0.998874077865093	2.32329699235027	2.61824194796289	0.542957521558607	0.546224037601781	-10.527243104736	0.500303490624631	11.7704459158023	22.2976890205383	0.0607	0.8668	1.79032719288223	-1.33813261607099	1.8156105871402	4.90518960756085	6.24332222363183	0	NA	NA	NA	NA	NA	NA	1	-1.73135684217445	2.99759651494428	1	-1.01619397831025	1.03265020155401	1	-3.40813284855316	11.615369513387	1	-2.16402969327271	4.68302451336598	1.0013292900084	4549.39952695959	0	1.00277849986629	9154.59132010254	0	NA	NA	NA	NA	NA	NA	NA	NA
811	7	7	benefit_positive_truncnorm	benefit_positive_truncnorm	continuous	1	increasing	benefit	1	1	NA	1.86394292502883	3.28576655899485	700	252	420	700	700	252	493	0.64	0.295714285714286	5.76410898189429	24	24	0	2	1	10	4	1	5000	2500	1	0.99	14	10000	101810	0.5756	0.9983	0.524114908255362	-5.12065655438674	0.564495665929311	6.05466845768917	11.1753250120759	1.8555590275283	0.547762623721539	1.86498638683325	3.15705265845472	2.60929003473318	0.562798092209857	0.868259871040607	-10.7596474479764	0.78507399990897	12.398457261638	23.1581047096144	0.0565	0.9948	3.14105729625892	0.725849593065388	3.07266294393874	5.59160070230535	4.86575110923997	0	NA	NA	NA	NA	NA	NA	1	-1.33982801677347	1.79513911453112	1	-0.00838389750052615	7.02897372993286e-05	1	-2.41750668795425	5.84433858630351	1	-0.144709262735935	0.020940770721578	1.00139457605183	4642.6051750248	0	1.0017962284534	6118.98108045636	0	NA	NA	NA	NA	NA	NA	NA	NA
808	7	7	benefit_positive_truncnorm	benefit_positive_truncnorm	continuous	1	increasing	benefit	1	1	NA	2.07676298813414	4.2073991219757	700	252	420	700	700	252	487	0.64	0.304285714285714	6.07016316277716	24	24	0	2	1	10	4	1	5000	2500	1	0.99	14	10000	101807	0.7482	0.9997	1.82852871635946	-3.62705608441678	1.89231392620516	6.97244365029949	10.5994997347163	2.25034330610138	0.94875152707697	2.25501482793125	3.52264352320416	2.57389199612719	0.738362068965517	3.2813990141827	-8.25296997295897	3.10343106823631	13.9378400582359	22.1908100311949	0.072	0.9885	3.90573116208172	0.399826711332036	3.91117278072826	8.03918096149981	7.63935425016777	0	NA	NA	NA	NA	NA	NA	1	-0.248234271774673	0.061620253683502	1	0.173580317967241	0.0301301267856084	1	-0.926000107792996	0.85747619963264	1	-0.301667959893978	0.0910035580265948	1.00239644413521	4214.95287210888	0	1.00141583216123	6541.99499452725	0	NA	NA	NA	NA	NA	NA	NA	NA
809	7	7	benefit_positive_truncnorm	benefit_positive_truncnorm	continuous	1	increasing	benefit	1	1	NA	1.95054919475727	4.17372552784913	700	252	420	700	700	252	452	0.64	0.354285714285714	7.73343893193306	24	24	0	2	1	10	4	1	5000	2500	1	0.99	14	10000	101808	0.5741	0.9982	0.491032776528467	-4.62866773912275	0.493412424034005	5.61272979311088	10.2413975322336	1.98736158683386	0.661735276303191	1.99005818259462	3.32994574718225	2.66821047087906	0.539120756816917	0.534568374912267	-10.5274728385211	0.496854809064576	11.5444445833385	22.0719174218597	0.1015	0.999599959996	6.30496008076032	2.72422579588535	6.03783457011035	10.3136109455255	7.58938514964018	1e-04	NA	NA	NA	NA	NA	NA	1	-1.45951641822881	2.13018817507944	1	0.0368123920765846	0.00135515221040019	1	-3.63915715293686	13.2434647837715	1	2.1312345529112	4.54216071952258	1.00246513908131	4189.35757691388	0	1.00219156134222	10122.0332152906	0	NA	NA	NA	NA	NA	NA	NA	NA
832	7	7	benefit_positive_truncnorm	benefit_positive_truncnorm	continuous	1	increasing	benefit	1	1	NA	1.86518308006936	3.39205161096604	700	252	420	700	700	252	504	0.64	0.28	6.44224432152984	24	24	0	2	1	10	4	1	5000	2500	1	0.99	14	10000	101831	0.7089	0.9997	1.4832508483148	-3.76868366273233	1.47857362941548	6.65931021514461	10.4279938778769	2.24198468237469	0.972763256969899	2.24096090147563	3.5261845039416	2.5534212469717	0.644446833673799	2.08601377611888	-8.77602144363543	1.89131667942427	12.9096723360306	21.685693779666	0.0699	0.9995	4.42869820330194	1.66390509858768	4.17834012251171	7.81204331535842	6.14813821677074	0	NA	NA	NA	NA	NA	NA	1	-0.381932231754563	0.145872229653021	1	0.376801602305325	0.14197944749986	1	-1.30603783484716	1.70573482605226	1	1.0366465923359	1.07463615740164	1.0018071458695	4803.44508060686	0	1.00224054844708	10483.2664500329	0	NA	NA	NA	NA	NA	NA	NA	NA
820	7	7	benefit_positive_truncnorm	benefit_positive_truncnorm	continuous	1	increasing	benefit	1	1	NA	1.54064793472856	2.72987939262074	700	252	420	700	700	252	482	0.64	0.311428571428571	6.47281179744888	24	24	0	2	1	10	4	1	5000	2500	1	0.99	14	10000	101819	0.608	0.9948	0.718332720708247	-4.50175390323577	0.770595092100821	5.8627584025142	10.36451230575	1.79449703583594	0.482784102282944	1.80096032174662	3.08075416572101	2.59797006343807	0.562373062533405	0.846021077944538	-10.476509752424	0.804879081786879	12.0066148625528	22.4831246149768	0.0645	0.9911	3.65361473652782	0.754494014720121	3.70527143221841	6.80015723985214	6.04566322513202	0	NA	NA	NA	NA	NA	NA	1	-0.822315214020314	0.676202311209275	1	0.253849101107376	0.0644393661330228	1	-1.8838583146762	3.54892214977465	1	0.923735343907082	0.853286985583135	1.00149188520445	4180.9948800506	0	1.00141138992201	9458.310327098	0	NA	NA	NA	NA	NA	NA	NA	NA
829	7	7	benefit_positive_truncnorm	benefit_positive_truncnorm	continuous	1	increasing	benefit	1	1	NA	2.25548859430591	4.94883600469981	700	252	420	700	700	252	472	0.64	0.325714285714286	6.82466111256477	24	24	0	2	1	10	4	1	5000	2500	1	0.99	14	10000	101828	0.5953	0.9744	0.691849159211965	-4.48711950420306	0.65042655027939	5.84148294195936	10.3286024461624	1.34346034561308	-0.00366641767635531	1.3453907749735	2.65964246421672	2.66330888189307	0.544611692844677	0.768050761281484	-10.6471758883237	0.569125276224339	12.1593793276216	22.8065552159453	0.0832	0.9365	3.12930918121299	-1.09857142468659	3.28096436921368	7.0083460981312	8.10691752281779	0	NA	NA	NA	NA	NA	NA	1	-1.56363943509394	2.44496828298091	1	-0.912028248692833	0.831795526413716	1	-4.18078524341832	17.4789652515844	1	-1.81952682348682	3.31067786138804	1.0014846269312	4102.72893557171	0	1.00174096515867	12302.7726268975	0	NA	NA	NA	NA	NA	NA	NA	NA
825	7	7	benefit_positive_truncnorm	benefit_positive_truncnorm	continuous	1	increasing	benefit	1	1	NA	2.11317524492763	4.2129351685741	700	252	420	700	700	252	505	0.64	0.278571428571429	6.79100809467214	24	24	0	2	1	10	4	1	5000	2500	1	0.99	14	10000	101824	0.5591	0.9892	0.431368826735041	-4.89179058329813	0.436788971016728	5.74205422690019	10.6338448101983	1.53050783952268	0.246338092992005	1.53189009814389	2.82179356831072	2.57545547531872	0.544049291968436	0.603613441005504	-10.6778982078905	0.588286026696011	11.6565946785214	22.3344928864119	0.0749	0.967	2.74033174795294	-0.150999634548191	2.75607142062273	5.76184826581708	5.91284790036527	0	NA	NA	NA	NA	NA	NA	1	-1.68180641819259	2.8284728282738	1	-0.582667405404957	0.339501305321344	1	-3.60932172756859	13.0272033330987	1	-1.47260342062116	2.16856083442515	1.00115008496203	4279.51546784652	0	1.00168243598488	10090.8424480387	0	NA	NA	NA	NA	NA	NA	NA	NA
838	7	7	benefit_positive_truncnorm	benefit_positive_truncnorm	continuous	1	increasing	benefit	1	1	NA	2.30779550719683	4.75100326519789	700	252	420	700	700	252	477	0.64	0.318571428571429	6.28155537660896	24	24	0	2	1	10	4	1	5000	2500	1	0.99	14	10000	101837	0.6408	1	0.937099957987905	-4.17633135724056	0.967467956955218	5.9899417210031	10.1662730782437	3.13528822546165	1.81827117423902	3.14371068676227	4.43953895180233	2.6212677775633	0.585864978902954	1.18120810912601	-9.96286853426165	0.991261320088965	12.1899562199728	22.1528247542345	0.052	1	7.54317452578126	3.23165544434836	7.75761368038987	11.6563175747658	8.42466213041739	0.001	NA	NA	NA	NA	NA	NA	1	-1.37069554920893	1.87880628862117	1	0.827492718264816	0.684744198781295	1	-3.56979515607188	12.7434374563143	1	2.79217126058337	7.79622034842773	1.00153996237668	4676.85919044202	0	1.00124415794796	11302.2054612237	0	NA	NA	NA	NA	NA	NA	NA	NA
906	7	7	benefit_positive_truncnorm	benefit_positive_truncnorm	continuous	1	increasing	benefit	1	1	NA	2.68311125665219	5.92400840244502	700	252	420	700	700	252	466	0.64	0.334285714285714	7.4115378310653	24	24	0	2	1	10	4	1	5000	2500	1	0.99	14	10000	101905	0.8243	1	2.42810003721984	-2.7175399312636	2.49456929397768	7.18561464088084	9.90315457214444	3.46880792892136	2.21297930780595	3.46487988076879	4.76860299069248	2.55562368288653	0.739732193091032	3.29378991238398	-7.3757606818306	3.16175024555563	13.2909237761225	20.6666844579531	0.1113	1	7.77055613748849	4.90029237514669	7.6013874000979	11.2562475613633	6.35595518621665	3e-04	NA	NA	NA	NA	NA	NA	1	-0.255011219432351	0.0650307220363747	1	0.785696672269173	0.617319260814851	1	-2.63021849006104	6.91804930545897	1	1.84654773504348	3.40973853779419	1.00129414001905	4481.87940540319	0	1.00223014849129	10355.6091539685	0	NA	NA	NA	NA	NA	NA	NA	NA
831	7	7	benefit_positive_truncnorm	benefit_positive_truncnorm	continuous	1	increasing	benefit	1	1	NA	2.04947794682523	3.83495931364447	700	252	420	700	700	252	485	0.64	0.307142857142857	6.98300096565166	24	24	0	2	1	10	4	1	5000	2500	1	0.99	14	10000	101830	0.6865	0.9997	1.3383240079682	-4.15872706775395	1.4182354312538	6.69794312114912	10.8566701889031	2.34754376666799	1.0528343798022	2.35978935586304	3.61217104434472	2.55933666454251	0.608728943338438	1.6384622981593	-9.58475157932935	1.52963063082402	12.5667097947974	22.1514613741268	0.0858	0.9851	4.15754304411132	0.40761977654985	4.20808025193609	8.07704047294453	7.66942069639468	0	NA	NA	NA	NA	NA	NA	1	-0.711153938857034	0.505739924751873	1	0.298065819842765	0.0888432329585397	1	-2.19649701548517	4.82459913903527	1	0.322583730466844	0.104060263161906	1.00153592911806	4364.8339552927	0	1.00255926162545	7159.83894512028	0	NA	NA	NA	NA	NA	NA	NA	NA
839	7	7	benefit_positive_truncnorm	benefit_positive_truncnorm	continuous	1	increasing	benefit	1	1	NA	2.55438218583661	5.39792398772436	700	252	420	700	700	252	473	0.64	0.324285714285714	7.48630569167599	24	24	0	2	1	10	4	1	5000	2500	1	0.99	14	10000	101838	0.6152	0.9971	0.722241243918032	-4.26911040732388	0.708000776598848	5.6275880067577	9.89669841408158	1.8795534879626	0.597990709166461	1.87846792311441	3.1740355243717	2.57604481520523	0.545040156283916	0.535924805343658	-10.5450040006771	0.535472694148705	11.2539495413657	21.7989535420428	0.0786	0.9851	4.01229396807833	0.342786744125552	3.83340885001174	7.72442878083319	7.38164203670764	0	NA	NA	NA	NA	NA	NA	1	-1.83214094191858	3.3567404310543	1	-0.674828697874015	0.455393771474338	1	-4.8619991823807	23.6390360494706	1	-1.38563001964603	1.91997055134426	1.00170686994766	4308.93726795466	0	1.00225513073848	11509.182642502	0	NA	NA	NA	NA	NA	NA	NA	NA
885	7	7	benefit_positive_truncnorm	benefit_positive_truncnorm	continuous	1	increasing	benefit	1	1	NA	1.56541012372948	2.86360933964888	700	252	420	700	700	252	509	0.64	0.272857142857143	6.91973700785631	24	24	0	2	1	10	4	1	5000	2500	1	0.99	14	10000	101884	0.6218	0.9991	0.859563210305361	-4.58244094460742	0.872257450573699	6.15747241429928	10.7399133589067	1.94869516347674	0.676326189771256	1.95033663359489	3.22829529554316	2.5519691057719	0.569722861211524	1.04743887363115	-10.2417814163971	0.91644048009422	12.1761459893533	22.4179274057504	0.0871	0.9904	3.28374072987381	0.595747559790843	3.24958715446522	6.32407035077535	5.72832279098451	0	NA	NA	NA	NA	NA	NA	1	-0.705846913424117	0.498219865190353	1	0.383285039747265	0.146907421694062	1	-1.81617046601773	3.29847516163507	1	0.420131390224932	0.176510385052334	1.00164111435678	4021.43363262576	0	1.00101052994616	9507.33271918993	0	NA	NA	NA	NA	NA	NA	NA	NA
830	7	7	benefit_positive_truncnorm	benefit_positive_truncnorm	continuous	1	increasing	benefit	1	1	NA	1.17804564972916	1.98065999956761	700	252	420	700	700	252	496	0.64	0.291428571428571	6.08410919374893	24	24	0	2	1	10	4	1	5000	2500	1	0.99	14	10000	101829	0.7086	0.627	1.43895487903129	-3.76257026445522	1.51143205639771	6.36415992360975	10.126730188065	0.216686875903073	-1.10464783194587	0.215789821533951	1.52587625260869	2.63052408455456	0.794126967360304	3.7513856239592	-7.18825300536008	3.51637532213136	14.1374171165435	21.3256701219036	0.0533	0.7668	0.895639858738684	-1.65507718881037	0.8728179801983	3.55109745356656	5.20617464237692	0	NA	NA	NA	NA	NA	NA	1	0.260909229302134	0.0680736259350337	1	-0.961358773826087	0.924210692012398	1	1.77072562439159	3.13546923687698	1	-1.08502014082893	1.17726870600443	1.00122414910592	4279.78042762886	0	1.00183797308162	12299.3474606819	0	NA	NA	NA	NA	NA	NA	NA	NA
833	7	7	benefit_positive_truncnorm	benefit_positive_truncnorm	continuous	1	increasing	benefit	1	1	NA	1.89653318134558	3.66863700784676	700	252	420	700	700	252	516	0.64	0.262857142857143	5.65567054378057	24	24	0	2	1	10	4	1	5000	2500	1	0.99	14	10000	101832	0.5168	0.8058	0.0782567247545897	-5.48743454693446	0.110928435796712	5.62060026000741	11.1080348069419	0.580434126877243	-0.72510568860213	0.583044863877866	1.88266139962244	2.60776708822457	0.50464527027027	0.0792043258125889	-11.8413636562113	0.0425536791087247	11.7596227044446	23.6009863606559	0.0528	0.7237	0.801476961049564	-1.80539365810336	0.863121763939498	3.47827334872868	5.28366700683204	0	NA	NA	NA	NA	NA	NA	1	-1.81827645659099	3.30612927259307	0	-1.31609905446833	1.73211672117244	1	-3.58943268203417	12.884026978855	0	-2.8671600467972	8.22060673395011	1.00164552681576	4127.3252125527	0	1.00206140537057	7332.16576826464	0	NA	NA	NA	NA	NA	NA	NA	NA
837	7	7	benefit_positive_truncnorm	benefit_positive_truncnorm	continuous	1	increasing	benefit	1	1	NA	1.34812547133921	2.02717898798118	700	252	420	700	700	252	469	0.64	0.33	7.1166499140223	24	24	0	2	1	10	4	1	5000	2500	1	0.99	14	10000	101836	0.6664	0.9969	1.05814878147219	-4.01965447270984	1.11901820418435	5.90874103951259	9.92839551222244	1.84418091101609	0.508078930631563	1.8414647606356	3.16616430230905	2.65808537167749	0.642973767279852	1.84083149927199	-9.24594347013624	1.77905043281653	12.1016411948238	21.34758466496	0.0813	0.9922	3.99740651139373	0.724481932705262	3.84651029470251	7.69980013212022	6.97531819941496	0	NA	NA	NA	NA	NA	NA	1	-0.289976689867023	0.0840864806662354	1	0.496055439676879	0.246070999233022	1	-0.186347488709191	0.034725386548222	1	1.97022752341255	3.88179649401235	1.00173735182747	4208.00231511122	0	1.00163187932314	10839.7996281889	0	NA	NA	NA	NA	NA	NA	NA	NA
835	7	7	benefit_positive_truncnorm	benefit_positive_truncnorm	continuous	1	increasing	benefit	1	1	NA	1.55304911584363	2.18302355729444	700	252	420	700	700	252	465	0.64	0.335714285714286	6.93913850608749	24	24	0	2	1	10	4	1	5000	2500	1	0.99	14	10000	101834	0.6585	0.9995	1.11194183355881	-4.40936248161767	1.16365929906074	6.46467469408451	10.8740371757022	2.1626420161252	0.855595522840636	2.17116397131556	3.46259596106594	2.6070004382253	0.620780359491451	1.62597687139061	-9.71402966508913	1.5591719080872	12.5453721195247	22.2594017846138	0.0876	0.9958	3.87456924854371	0.799043574720013	3.75311609040531	8.16252964190841	7.3634860671884	0	NA	NA	NA	NA	NA	NA	1	-0.441107282284819	0.194575634484699	1	0.609592900281565	0.371603504073689	1	-0.557046685903824	0.310301010276433	1	1.69154569124927	2.86132682558397	1.00175426552111	4264.38745632401	0	1.00129672942819	6402.001127542	0	NA	NA	NA	NA	NA	NA	NA	NA
849	7	7	benefit_positive_truncnorm	benefit_positive_truncnorm	continuous	1	increasing	benefit	1	1	NA	1.62536558086624	3.144160219654	700	252	420	700	700	252	485	0.64	0.307142857142857	6.79632599533742	24	24	0	2	1	10	4	1	5000	2500	1	0.99	14	10000	101848	0.6341	0.9984	0.928067577543719	-4.42227667170873	0.938224776437818	6.1777890488246	10.6000657205333	1.97956842912106	0.671114021633576	1.98415832911148	3.25462277055402	2.58350874892044	0.58903960933261	1.27721045439256	-9.91686003033956	1.12067968969187	12.4355046568233	22.3523646871629	0.0785	0.9939	3.98087883584035	0.910289618941806	3.86284042172061	7.38823721810726	6.47794759916546	0	NA	NA	NA	NA	NA	NA	1	-0.69729800332252	0.486224505437573	1	0.354202848254825	0.12545965771183	1	-1.86694976526143	3.48550142600973	1	0.836718616186356	0.70009804267281	1.00124978308485	4298.94123545267	0	1.00129491066826	6524.11677550439	0	NA	NA	NA	NA	NA	NA	NA	NA
882	7	7	benefit_positive_truncnorm	benefit_positive_truncnorm	continuous	1	increasing	benefit	1	1	NA	1.62698025433165	3.26992396262475	700	252	420	700	700	252	484	0.64	0.308571428571429	7.10245946461838	24	24	0	2	1	10	4	1	5000	2500	1	0.99	14	10000	101881	0.6581	0.9984	1.04387775824868	-4.0158039400156	1.08841756003518	5.96275401398774	9.97855795400333	1.93901748312572	0.577867569408782	1.94866443044674	3.24867440343846	2.67080683402968	0.607834602829162	1.5080611087408	-9.36453198667226	1.35514221849392	12.1639342675895	21.5284662542618	0.081	0.9911	4.01465817362036	0.645232668312631	4.05840399543627	7.20823703530304	6.56300436699041	0	NA	NA	NA	NA	NA	NA	1	-0.583102496082974	0.340008520938195	1	0.312037228794061	0.0973672321534773	1	-1.76186285388395	3.10416071589608	1	0.744734210995609	0.554629045027252	1.00104592357816	4365.38383280715	0	1.00186402161256	11841.4542742565	0	NA	NA	NA	NA	NA	NA	NA	NA
901	7	7	benefit_positive_truncnorm	benefit_positive_truncnorm	continuous	1	increasing	benefit	1	1	NA	2.44694587224829	5.22899522368999	700	252	420	700	700	252	465	0.64	0.335714285714286	7.060641964671	24	24	0	2	1	10	4	1	5000	2500	1	0.99	14	10000	101900	0.6701	1	1.10266120823605	-3.80188142688418	1.10598032291631	6.00537899705013	9.80726042393431	3.11583289723592	1.81255529536652	3.10828838600247	4.4360108390009	2.62345554363438	0.582987772461457	1.08624108191518	-9.61466229510498	1.00063048185918	11.5395823071127	21.1542446022176	0.0595	1	7.04067650125128	3.59091449099469	6.82657342640129	11.6170481588389	8.02613366784422	5e-04	NA	NA	NA	NA	NA	NA	1	-1.34428466401224	1.8071012578985	1	0.668887024987633	0.447409852196806	1	-4.14275414177481	17.1624118791923	1	1.81168127756129	3.2821890514661	1.00112115309916	4456.04529189604	0	1.00105195254571	10022.4344136135	0	NA	NA	NA	NA	NA	NA	NA	NA
848	7	7	benefit_positive_truncnorm	benefit_positive_truncnorm	continuous	1	increasing	benefit	1	1	NA	1.87193942475868	3.54151370786039	700	252	420	700	700	252	459	0.64	0.344285714285714	6.49230035424337	24	24	0	2	1	10	4	1	5000	2500	1	0.99	14	10000	101847	0.6351	0.9991	0.90512479754339	-4.37585772784171	0.932040794020576	6.21198024200321	10.5878379698449	2.13460249794973	0.803654536300944	2.13895892486216	3.46784913623194	2.664194599931	0.610468850353243	1.61215636507461	-9.61083537200872	1.46211573197027	12.5155899784842	22.1264253504929	0.0658	0.997599279783935	5.81523770084366	1.53948106564938	5.53984487872591	11.3694555182316	9.82997445258221	3e-04	NA	NA	NA	NA	NA	NA	1	-0.966814627215287	0.934730523397435	1	0.26266307319105	0.0689918900181669	1	-1.92935734278577	3.72241975616138	1	2.27372399298327	5.16982079626779	1.00181421360655	4042.1218739415	0	1.00145841378158	6399.84513128792	0	NA	NA	NA	NA	NA	NA	NA	NA
889	7	7	benefit_positive_truncnorm	benefit_positive_truncnorm	continuous	1	increasing	benefit	1	1	NA	2.10624928682815	3.82687428601094	700	252	420	700	700	252	492	0.64	0.297142857142857	7.29657424895826	24	24	0	2	1	10	4	1	5000	2500	1	0.99	14	10000	101888	0.6587	0.994	1.05984987738214	-3.80005812758064	1.09156185190619	5.87674826174409	9.67680638932473	1.57043095477409	0.346416358045678	1.57456900307677	2.80946878091474	2.46305242286906	0.620954648771512	1.68741781866729	-9.0844558262401	1.53358953139973	12.2036792264141	21.2881350526542	0.0761	0.9785	2.51979718839724	0.093475004497395	2.42059981003255	5.61089824988385	5.51742324538646	0	NA	NA	NA	NA	NA	NA	1	-1.04639940944601	1.09495172408895	1	-0.535818332054061	0.287101284965196	1	-2.13945646734365	4.57727397565855	1	-1.3070770976137	1.70845053910624	1.00169371163688	4560.04561320375	0	1.00166968787355	9570.64324480787	0	NA	NA	NA	NA	NA	NA	NA	NA
900	7	7	benefit_positive_truncnorm	benefit_positive_truncnorm	continuous	1	increasing	benefit	1	1	NA	2.19453523048149	4.21761881818368	700	252	420	700	700	252	504	0.64	0.28	6.44399349238493	24	24	0	2	1	10	4	1	5000	2500	1	0.99	14	10000	101899	0.7361	1	1.65948316485853	-3.66091782470786	1.66134237355952	6.76186612870907	10.4227839534169	2.73334222789565	1.43009340732327	2.7277121395193	4.00085048416096	2.5707570768377	0.687004923999144	2.44603337367755	-8.54172730224643	2.28236753073048	12.9692146847017	21.5109419869482	0.0658	0.998	4.7778481678532	1.76916231373025	4.65504846574045	8.43607041522219	6.66690810149194	0	NA	NA	NA	NA	NA	NA	1	-0.535052065622964	0.2862807129274	1	0.538806997414159	0.290312980462461	1	-1.77158544450612	3.13851498718596	1	0.560229349669526	0.31385692423114	1.00104161170505	4648.5602450196	0	1.00164440375996	10494.7441305	0	NA	NA	NA	NA	NA	NA	NA	NA
888	7	7	benefit_positive_truncnorm	benefit_positive_truncnorm	continuous	1	increasing	benefit	1	1	NA	1.49906142029645	2.51432273840367	700	252	420	700	700	252	500	0.64	0.285714285714286	6.72131762148048	24	24	0	2	1	10	4	1	5000	2500	1	0.99	14	10000	101887	0.5947	0.9988	0.636814272033482	-4.77860137320699	0.686452291206322	5.78736256261463	10.5659639358216	1.99705341280091	0.722187846420924	1.99253181957186	3.29128799194067	2.56910014551975	0.550421075361693	0.72152157342232	-10.5032292016213	0.643578875924704	11.9471982246282	22.4504274262495	0.0738	0.9901	3.38785808772801	0.632618495504028	3.34981841822114	6.36526769105894	5.73264919555491	0	NA	NA	NA	NA	NA	NA	1	-0.862247148262971	0.743470144687626	1	0.497991992504461	0.247996024598563	1	-1.79280116498135	3.21413601715847	1	0.87353534932434	0.763064006519197	1.00128242797111	4415.97917555727	0	1.00138941306513	12742.6489646396	0	NA	NA	NA	NA	NA	NA	NA	NA
843	7	7	benefit_positive_truncnorm	benefit_positive_truncnorm	continuous	1	increasing	benefit	1	1	NA	1.7152782237456	2.97660203124712	700	252	420	700	700	252	501	0.64	0.284285714285714	6.05284432962442	24	24	0	2	1	10	4	1	5000	2500	1	0.99	14	10000	101842	0.4462	0.9984	-0.346070371388044	-5.51321359270533	-0.345028690373898	4.86347143806022	10.3766850307656	1.98727120234395	0.674301785470526	1.98538648784751	3.2807749031986	2.60647311772807	0.393447803644791	-1.27122561651304	-12.1792039475913	-1.33457334368966	10.2978222278072	22.4770261753985	0.0507	0.9529	2.71033509732301	-0.355675921012044	2.50843033623021	6.23841882346908	6.59409474448112	0	NA	NA	NA	NA	NA	NA	1	-2.06134859513365	4.24915803065947	1	0.271992978598349	0.0739801804068018	1	-4.24782764776016	18.0440397250756	1	-0.266266933924111	0.0708980801013468	1.00129783533899	4557.55649427338	0	1.00192642706985	10628.8386461581	0	NA	NA	NA	NA	NA	NA	NA	NA
886	7	7	benefit_positive_truncnorm	benefit_positive_truncnorm	continuous	1	increasing	benefit	1	1	NA	2.17825120452137	4.05514092842837	700	252	420	700	700	252	440	0.64	0.371428571428571	8.56202474159329	24	24	0	2	1	10	4	1	5000	2500	1	0.99	14	10000	101885	0.7017	0.9998	1.25071871393174	-3.65371350814512	1.29486070270962	5.91342694807959	9.56714045622471	2.40094916535473	1.06656332910182	2.39726567647154	3.7265394507276	2.65997612162578	0.613151927437642	1.44483434481045	-8.67761806822032	1.39415351483606	11.4259228665053	20.1035409347256	0.118	1	6.80859007188389	3.07919013080876	6.50671656998087	11.9525279762952	8.87333784548647	0.019	NA	NA	NA	NA	NA	NA	1	-0.927532490589627	0.860316521099397	1	0.222697960833364	0.0495943817593384	1	-2.61030658361792	6.81370046047906	1	2.75344914345552	7.58148218559594	1.00224838852088	4679.43951661677	0	1.00206074000531	11575.6512282515	0	NA	NA	NA	NA	NA	NA	NA	NA
856	7	7	benefit_positive_truncnorm	benefit_positive_truncnorm	continuous	1	increasing	benefit	1	1	NA	1.64196144029249	3.25505347160785	700	252	420	700	700	252	474	0.64	0.322857142857143	7.38030108520969	24	24	0	2	1	10	4	1	5000	2500	1	0.99	14	10000	101855	0.5737	0.9863	0.493047729656141	-4.48966269545289	0.512941431368067	5.4722520183073	9.96191471376019	1.47515870330572	0.165841685781982	1.48184104039467	2.76482074618998	2.59897906040799	0.534807355516637	0.494138211943152	-10.2712087442189	0.431190297162056	11.1750857699437	21.4462945141625	0.0864	0.9355	2.85843910576593	-0.709812096731615	2.66128357316238	7.2906211465229	8.00043324325452	0	NA	NA	NA	NA	NA	NA	1	-1.14891371063634	1.32000271448817	1	-0.166802736986769	0.0278231530662771	1	-2.7609152596647	7.62265307104939	1	-0.39661436584192	0.157302955192189	1.00130439793038	4496.76362029299	0	1.0010102273264	10409.4898637363	0	NA	NA	NA	NA	NA	NA	NA	NA
854	7	7	benefit_positive_truncnorm	benefit_positive_truncnorm	continuous	1	increasing	benefit	1	1	NA	2.37189076463182	5.01646546729782	700	252	420	700	700	252	454	0.64	0.351428571428571	7.39037219642299	24	24	0	2	1	10	4	1	5000	2500	1	0.99	14	10000	101853	0.7101	0.9999	1.44976737777049	-3.62398479678703	1.49488878201038	6.44860484327305	10.0725896400601	2.6045290674761	1.26438054241933	2.60813629581512	3.91841279233955	2.65403224992023	0.62682736301752	1.69556969429122	-9.04617926366253	1.59434020737415	12.1052005949436	21.1513798586062	0.1039	0.999397106109325	6.29873572110767	2.28144837424288	5.95830496696665	12.8073498066085	10.5259014323657	0.0048	NA	NA	NA	NA	NA	NA	1	-0.92212338686133	0.850311540596611	1	0.232638302844282	0.0541205799502678	1	-3.32089577300659	11.0283487351731	1	1.28227025380985	1.64421700380558	1.00149545140602	4824.87752895035	0	1.00157044230035	11666.5374100421	0	NA	NA	NA	NA	NA	NA	NA	NA
817	7	7	benefit_positive_truncnorm	benefit_positive_truncnorm	continuous	1	increasing	benefit	1	1	NA	2.79189944988256	5.56232652337068	700	252	420	700	700	252	472	0.64	0.325714285714286	7.4713059425022	24	24	0	2	1	10	4	1	5000	2500	1	0.99	14	10000	101816	0.7675	1	1.85698543361589	-3.26489885465945	1.9119673617236	6.6256807273675	9.89057958202695	2.62546679805106	1.33819484794643	2.6324140271398	3.90564708344481	2.56745223549838	0.699466903598401	2.75604889541674	-8.14059140202267	2.63479369694578	12.8706763759509	21.0112677779736	0.0996	0.999599919983997	6.03987265249141	2.12486871271022	5.70887050298493	11.462019999516	9.33715128680581	2e-04	NA	NA	NA	NA	NA	NA	1	-0.934914016266671	0.874064217811877	1	-0.166432651831498	0.0276998275956648	1	-2.80627762795395	7.87519412515483	1	0.477546129120727	0.22805030543819	1.00132553603734	4557.57483098703	0	1.00173241514646	10710.6747242407	0	NA	NA	NA	NA	NA	NA	NA	NA
816	7	7	benefit_positive_truncnorm	benefit_positive_truncnorm	continuous	1	increasing	benefit	1	1	NA	2.33720286752835	4.4595062520271	700	252	420	700	700	252	483	0.64	0.31	7.18642805901238	24	24	0	2	1	10	4	1	5000	2500	1	0.99	14	10000	101815	0.7216	0.9994	1.51986969662296	-3.52481331480003	1.55084463831286	6.36224310272264	9.88705641752266	2.18483608513525	0.874876009060926	2.18402432401196	3.47276462124849	2.59788861218756	0.635862980504461	1.81306015064018	-8.81295407657417	1.70291600467238	12.0588203342983	20.8717744108725	0.0921	0.9955	3.92042631753849	1.00199629949826	3.87597435792955	6.87878882513489	5.87679252563664	0	NA	NA	NA	NA	NA	NA	1	-0.817333170905382	0.668033512262247	1	-0.152366782393099	0.023215636376826	1	-2.64644610138693	7.00367696754607	1	-0.539079934488612	0.290607175768246	1.00144279411907	4564.39622350389	0	1.00096888374666	11226.4377643328	0	NA	NA	NA	NA	NA	NA	NA	NA
883	7	7	benefit_positive_truncnorm	benefit_positive_truncnorm	continuous	1	increasing	benefit	1	1	NA	1.8959607241083	3.98344245760591	700	252	420	700	700	252	494	0.64	0.294285714285714	6.05336588167681	24	24	0	2	1	10	4	1	5000	2500	1	0.99	14	10000	101882	0.6672	1	1.10204755139143	-3.80181853503322	1.1216014665791	5.96657193585563	9.76839047088886	2.48108207313097	1.16356400310225	2.48287437915545	3.7957591773544	2.63219517425215	0.733539094650206	2.56448747622833	-7.52318255330217	2.16901778396646	13.1661793863479	20.6893619396501	0.028	0.9979	5.14871282288565	1.45626909452665	5.01016282746553	9.25534583165215	7.79907673712551	0	NA	NA	NA	NA	NA	NA	1	-0.793913172716876	0.630298125813377	1	0.585121349022665	0.342366993082103	1	-1.41895498137758	2.01343323917624	1	1.16527036527974	1.35785502419919	1.00143654309123	4217.40098381621	0	1.00138241998781	11172.275447363	0	NA	NA	NA	NA	NA	NA	NA	NA
861	7	7	benefit_positive_truncnorm	benefit_positive_truncnorm	continuous	1	increasing	benefit	1	1	NA	1.52934404265266	2.96174312171411	700	252	420	700	700	252	483	0.64	0.31	6.37534706044647	24	24	0	2	1	10	4	1	5000	2500	1	0.99	14	10000	101860	0.562	0.9958	0.433710039904253	-4.76580212697548	0.427176428657332	5.54599246704723	10.3117945940227	1.82696242567692	0.4814837990579	1.83482619158446	3.19441259854473	2.71292879948683	0.550352037550672	0.683396688984437	-10.6593619422113	0.608532295689812	11.9553395684438	22.614701510655	0.0626	0.9786	3.29395035334273	0.130459686479221	3.08335804958046	7.51902553414042	7.3885658476612	0	NA	NA	NA	NA	NA	NA	1	-1.09563400274841	1.2004138679785	1	0.297618383024259	0.0885767019139748	1	-2.27834643272967	5.19086246753201	1	0.332207231628619	0.110361644746351	1.00185883005489	4489.53820546522	0	1.00161524837674	6526.88875012992	0	NA	NA	NA	NA	NA	NA	NA	NA
864	7	7	benefit_positive_truncnorm	benefit_positive_truncnorm	continuous	1	increasing	benefit	1	1	NA	2.14699856557224	4.03735896938888	700	252	420	700	700	252	459	0.64	0.344285714285714	7.69816833768072	24	24	0	2	1	10	4	1	5000	2500	1	0.99	14	10000	101863	0.5813	0.9984	0.519849240623354	-4.48523311084213	0.534776728829885	5.51594970882446	10.0011828196666	1.91507830069625	0.624642327471646	1.91512540869376	3.183179069951	2.55853674247935	0.553571428571429	0.685034452103512	-9.95582350958253	0.644013086347624	11.4540343968998	21.4098579064823	0.0984	0.992897158863545	5.05206016990713	0.887341258391322	5.16654889051677	8.65406376879543	7.76672251040411	4e-04	NA	NA	NA	NA	NA	NA	1	-1.62714932494889	2.64761492568161	1	-0.231920264875986	0.0537870092601475	1	-3.35232451728537	11.2380796691926	1	1.01470120051825	1.02961852633318	1.00167018380261	4382.08179614083	0	1.00156598200033	12249.7647669215	0	NA	NA	NA	NA	NA	NA	NA	NA
860	7	7	benefit_positive_truncnorm	benefit_positive_truncnorm	continuous	1	increasing	benefit	1	1	NA	2.29449703626203	4.29063387591805	700	252	420	700	700	252	465	0.64	0.335714285714286	7.49655691913948	24	24	0	2	1	10	4	1	5000	2500	1	0.99	14	10000	101859	0.7156	0.9999	1.44528310067717	-3.54752207286752	1.46500410011438	6.39035346099218	9.93787553385971	2.45523431390559	1.16969946690222	2.46391249590245	3.74202247918001	2.57232301227779	0.623143768562314	1.64497605221503	-8.94307369624563	1.52278315961227	12.0144898482122	20.9575635444578	0.0909	0.99749899959984	4.32069322417847	1.20826114426942	3.96420388381216	8.65316610218231	7.44490495791289	4e-04	NA	NA	NA	NA	NA	NA	1	-0.849213935584862	0.721164308391529	1	0.160737277643561	0.0258364724242631	1	-2.64565782370302	6.999505320121	1	0.0300593482604228	0.000903564417841382	1.00157768308341	4177.30606968716	0	1.00203484118113	6554.14095107097	0	NA	NA	NA	NA	NA	NA	NA	NA
884	7	7	benefit_positive_truncnorm	benefit_positive_truncnorm	continuous	1	increasing	benefit	1	1	NA	1.7214616461621	3.14649070261819	700	252	420	700	700	252	476	0.64	0.32	7.34796317984821	24	24	0	2	1	10	4	1	5000	2500	1	0.99	14	10000	101883	0.6893	0.9979	1.23697846165378	-3.82802416676894	1.28695462437554	6.06195593923499	9.88998010600392	1.87682866046765	0.564550753857839	1.8793843524032	3.18369597527533	2.61914522141749	0.660312913177611	2.09524335550366	-8.8451089472834	2.00292275449506	12.2900365662167	21.1351455135001	0.0924	0.9952	3.85916639124125	0.820642671420156	3.72565948414045	7.38830578156577	6.56766311014562	0	NA	NA	NA	NA	NA	NA	1	-0.484483184508316	0.234723956071319	1	0.155367014305553	0.0241389091342218	1	-1.05124734711454	1.10512098481535	1	0.712675688623059	0.507906637154351	1.00112789387902	4026.10258759189	0	1.00143836722818	10179.2687743148	0	NA	NA	NA	NA	NA	NA	NA	NA
859	7	7	benefit_positive_truncnorm	benefit_positive_truncnorm	continuous	1	increasing	benefit	1	1	NA	2.43008662192134	4.98849464384837	700	252	420	700	700	252	481	0.64	0.312857142857143	8.09985577777134	24	24	0	2	1	10	4	1	5000	2500	1	0.99	14	10000	101858	0.7637	1	1.71777016120489	-3.04675752321667	1.79153567741696	6.38386169078318	9.43061921399985	3.29470759797989	2.02916027006041	3.29892198566449	4.52791448756316	2.49875421750275	0.633672215394928	1.71397480070049	-8.55899424321163	1.57104413686418	11.7870811783082	20.3460754215198	0.1049	1	6.50031271384878	3.92330548619045	6.48238787125599	9.23009874922899	5.30679326303854	1e-04	NA	NA	NA	NA	NA	NA	1	-0.712316460716448	0.507394740207606	1	0.864620976058551	0.747569432240441	1	-3.27451984314788	10.7224802031692	1	1.51181807000041	2.28559387677976	1.00161208207742	4491.31189922728	0	1.00197201151861	11318.6889158198	0	NA	NA	NA	NA	NA	NA	NA	NA
881	7	7	benefit_positive_truncnorm	benefit_positive_truncnorm	continuous	1	increasing	benefit	1	1	NA	2.29120629374785	5.16437304137124	700	252	420	700	700	252	472	0.64	0.325714285714286	7.05228423830809	24	24	0	2	1	10	4	1	5000	2500	1	0.99	14	10000	101880	0.6279	0.9994	0.771555112514108	-3.88933222307129	0.784700416665465	5.3231265408965	9.21245876396779	2.19709088004907	0.899225602655107	2.20093685224021	3.49484916586192	2.59562356320681	0.627418520434558	1.41679426697584	-9.12352727742153	1.17741225376565	12.0359669870421	21.1594942644637	0.0335	0.994797919167667	5.2684089251913	1.27660934448152	5.38624898425577	8.65626960066019	7.37966025617867	4e-04	NA	NA	NA	NA	NA	NA	1	-1.51965118123374	2.30933971262509	1	-0.0941154136987783	0.00885771109569219	1	-3.74757877439539	14.0443466702989	1	0.104035883820059	0.0108234651222207	1.00187545381922	4353.84368968491	0	1.00142346496695	6753.91405227156	0	NA	NA	NA	NA	NA	NA	NA	NA
842	7	7	benefit_positive_truncnorm	benefit_positive_truncnorm	continuous	1	increasing	benefit	1	1	NA	1.9749611470573	3.84131162504996	700	252	420	700	700	252	481	0.64	0.312857142857143	6.67343229914023	24	24	0	2	1	10	4	1	5000	2500	1	0.99	14	10000	101841	0.6693	0.998	1.13611164788891	-4.12013410569185	1.15899029462234	6.45618038089423	10.5763144865861	1.90456815863585	0.596183985707932	1.91295559621277	3.22062297458183	2.6244389888739	0.599631596055911	1.37666724605105	-9.84321217877141	1.2411368749773	12.3895261666875	22.2327383454589	0.0771	0.9869	3.64531670456918	0.508685811608566	3.47943109397369	7.85373716482767	7.3450513532191	0	NA	NA	NA	NA	NA	NA	1	-0.838849499168392	0.703668482255062	1	-0.0703929884214523	0.00495517281890271	1	-2.46464437899891	6.07447191493092	1	-0.195994920480783	0.0384140088542686	1.00139787765532	4526.18225137825	0	1.00145143418071	10485.748302338	0	NA	NA	NA	NA	NA	NA	NA	NA
815	7	7	benefit_positive_truncnorm	benefit_positive_truncnorm	continuous	1	increasing	benefit	1	1	NA	1.98009194205302	3.95127574796274	700	252	420	700	700	252	489	0.64	0.301428571428571	6.67261259532102	24	24	0	2	1	10	4	1	5000	2500	1	0.99	14	10000	101814	0.6223	0.9994	0.850978284138818	-4.40628692004996	0.859191512184712	6.09449856574993	10.5007854857999	2.10087749209938	0.829805563113597	2.10632467403283	3.39089465390222	2.56108909078862	0.577018970189702	1.13447161230747	-10.140427682531	1.0397864380751	12.2116989785297	22.3521266610607	0.0775	0.9917	3.65582208617888	0.621504109864305	3.46662600990938	7.26374534839279	6.64224123852849	0	NA	NA	NA	NA	NA	NA	1	-1.1291136579142	1.27489765248839	1	0.120785550046355	0.0145891491000005	1	-2.81680413565526	7.9343855386446	1	-0.295453661783858	0.0872928662614904	1.00129165090258	4019.79705429446	0	1.0015983612646	9099.80675849576	0	NA	NA	NA	NA	NA	NA	NA	NA
840	7	7	benefit_positive_truncnorm	benefit_positive_truncnorm	continuous	1	increasing	benefit	1	1	NA	2.42097649851405	4.85197620787596	700	252	420	700	700	252	494	0.64	0.294285714285714	6.08389588863399	24	24	0	2	1	10	4	1	5000	2500	1	0.99	14	10000	101839	0.7418	0.9996	1.64337979749361	-3.37307969577115	1.68970233273561	6.44000134710503	9.81308104287617	2.2111135302367	0.916044230457412	2.21289092865766	3.49227900552452	2.57623477506711	0.81349873843566	3.95059636416567	-6.28068808886216	3.65123683388272	14.4396755292504	20.7203636181126	0.0488	0.9971	3.73549483666809	1.1017719247718	3.68752904792321	6.84715077711711	5.74537885234531	0	NA	NA	NA	NA	NA	NA	1	-0.777596701020441	0.604656629437873	1	-0.20986296827735	0.04404246545418	1	-0.901379843710286	0.812485622647179	1	-1.11648137120786	1.24653065225419	1.0011860043385	4481.57088310251	0	1.0014257535083	11889.7730357669	0	NA	NA	NA	NA	NA	NA	NA	NA
855	7	7	benefit_positive_truncnorm	benefit_positive_truncnorm	continuous	1	increasing	benefit	1	1	NA	1.97997295582915	3.920735625948	700	252	420	700	700	252	490	0.64	0.3	6.13919114164631	24	24	0	2	1	10	4	1	5000	2500	1	0.99	14	10000	101854	0.6577	0.9987	1.10975902621958	-4.18761404740398	1.15937819934984	6.32839821807105	10.516012265475	1.97761472242098	0.657959306259276	1.98237551499282	3.26779108602151	2.60983177976223	0.619527524924144	1.6244962429331	-9.94393453071164	1.59584607952212	12.5498858726606	22.4938204033722	0.0772	0.9778	3.17679404848601	0.0779734306262858	3.05798916616618	6.86679388613478	6.7888204555085	0	NA	NA	NA	NA	NA	NA	1	-0.870213929609565	0.757272283286521	1	-0.00235823340816999	5.56126480740902e-06	1	-2.29623938301489	5.27271530410861	1	-0.743941577461987	0.55344907067663	1.00137949772301	4572.04316893194	0	1.00207103046489	10899.774354029	0	NA	NA	NA	NA	NA	NA	NA	NA
841	7	7	benefit_positive_truncnorm	benefit_positive_truncnorm	continuous	1	increasing	benefit	1	1	NA	1.4676660113622	2.33931247387317	700	252	420	700	700	252	492	0.64	0.297142857142857	6.41878977432197	24	24	0	2	1	10	4	1	5000	2500	1	0.99	14	10000	101840	0.525	0.9913	0.151425951736629	-5.06156276314639	0.177134652415266	5.26140246187273	10.3229652250191	1.58707560344463	0.288567941459109	1.58806265540141	2.89054437862094	2.60197643716184	0.545832002555094	0.648123032104723	-10.7304266080747	0.569138829554477	11.6908644913742	22.4212910994489	0.0607	0.965	2.74344477325464	-0.21773280495937	2.65246233417025	6.30102971494603	6.5187625199054	0	NA	NA	NA	NA	NA	NA	1	-1.31624005962557	1.73248789456313	1	0.119409592082426	0.0142586506812914	1	-1.69118944176844	2.86012172794906	1	0.404132299381478	0.163322915403361	1.00112843369143	4571.5444320454	0	1.00151986059184	7394.46687691018	0	NA	NA	NA	NA	NA	NA	NA	NA
874	7	7	benefit_positive_truncnorm	benefit_positive_truncnorm	continuous	1	increasing	benefit	1	1	NA	2.6154725964228	6.0009818409519	700	252	420	700	700	252	461	0.64	0.341428571428571	8.15889966961746	24	24	0	2	1	10	4	1	5000	2500	1	0.99	14	10000	101873	0.8463	1	2.52014598880935	-2.35774587280281	2.57260160322998	7.12969323192414	9.48743910472696	3.54324852632017	2.24695462521923	3.53700979357199	4.81822816587215	2.57127354065292	0.84130608516954	4.49689498763461	-5.13666964481012	4.33057203650459	13.5267966652429	18.663466310053	0.1241	1	8.91904224498608	5.03920675081795	8.84662891094225	13.3853271555453	8.34612040472738	0.0075	NA	NA	NA	NA	NA	NA	1	-0.0953266076134485	0.00908716211908837	1	0.927775929897371	0.860768176096932	1	-1.50408685331729	2.26227726232192	1	2.91806040403418	8.51507652159212	1.00162102513791	4782.38259593914	0	1.00203036357392	11331.681880574	0	NA	NA	NA	NA	NA	NA	NA	NA
857	7	7	benefit_positive_truncnorm	benefit_positive_truncnorm	continuous	1	increasing	benefit	1	1	NA	2.00564035263514	3.72809166875415	700	252	420	700	700	252	490	0.64	0.3	7.25089152450528	24	24	0	2	1	10	4	1	5000	2500	1	0.99	14	10000	101856	0.5339	0.9645	0.235141152095624	-4.63684976779095	0.221399636899713	5.22935373267605	9.866203500467	1.18013055424079	-0.110318545644078	1.17975401205351	2.46889509431315	2.57921363995723	0.520592020592021	0.27888578941312	-10.1783110899689	0.194646217623291	10.8286709270735	21.0069820170425	0.0676	0.8777	1.77235962413679	-1.12445447623875	1.75372362721056	4.85011656121571	5.97457103745446	0	NA	NA	NA	NA	NA	NA	1	-1.77049920053952	3.13466741911107	1	-0.825509798394356	0.68146642724509	1	-3.44920587934103	11.8970211980807	1	-1.95573204461736	3.82488783034321	1.00200731211477	4540.24900875544	0	1.00137608255962	6921.4950340246	0	NA	NA	NA	NA	NA	NA	NA	NA
862	7	7	benefit_positive_truncnorm	benefit_positive_truncnorm	continuous	1	increasing	benefit	1	1	NA	2.16933719397329	4.36948213480169	700	252	420	700	700	252	481	0.64	0.312857142857143	7.39235100757951	24	24	0	2	1	10	4	1	5000	2500	1	0.99	14	10000	101861	0.4283	0.7534	-0.423525669315619	-5.29821555570018	-0.438210316505663	4.5753727520477	9.87358830774789	0.468835389064929	-0.900804041586584	0.482379940911921	1.78474415084395	2.68554819243053	0.457920522591181	-0.505314926346976	-11.0546231506981	-0.464432583973666	10.2903143901474	21.3449375408455	0.0815	0.743	1.12929102715636	-2.60152698325567	1.14359202333743	4.66629862611771	7.26782560937338	0	NA	NA	NA	NA	NA	NA	1	-2.59286286328891	6.72293782782278	0	-1.70050180490836	2.8917063884966	1	-4.87479706114866	23.7636463873836	1	-3.24019110764532	10.4988384140638	1.00145132165604	4422.13289097092	0	1.0016611689608	12869.9883522267	0	NA	NA	NA	NA	NA	NA	NA	NA
931	7	7	benefit_positive_truncnorm	benefit_positive_truncnorm	continuous	1	increasing	benefit	1	1	NA	2.67702441356836	5.55015097387786	700	252	420	700	700	252	467	0.64	0.332857142857143	7.13902916163468	24	24	0	2	1	10	4	1	5000	2500	1	0.99	14	10000	101930	0.8283	0.9999	2.4585248235139	-2.63077370972702	2.51183572478193	7.20509477762943	9.83586848735646	2.59358792065549	1.27230335623018	2.58776414812435	3.88867989675534	2.61637654052516	0.846662260409782	4.48655599401753	-5.62608405854286	4.26176207834779	14.2309586301846	19.8570426887275	0.0922	0.9997	5.65613211156209	2.04822545090542	5.77269538727678	8.90514459020172	6.85691913929629	0	NA	NA	NA	NA	NA	NA	1	-0.218499590054457	0.0477420708539659	1	-0.0834364929128708	0.00696164834959954	1	-1.06359497986034	1.13123428118411	1	0.105981137684233	0.0112320015448443	1.00234606664713	4536.62469939709	0	1.00216511461778	10103.6764927552	0	NA	NA	NA	NA	NA	NA	NA	NA
876	7	7	benefit_positive_truncnorm	benefit_positive_truncnorm	continuous	1	increasing	benefit	1	1	NA	2.13752457824663	4.19616181311818	700	252	420	700	700	252	465	0.64	0.335714285714286	6.59644040630625	24	24	0	2	1	10	4	1	5000	2500	1	0.99	14	10000	101875	0.7456	1	1.81038668246691	-3.42579251267577	1.87385558299857	6.96575204818112	10.3915445608569	2.52663114312604	1.21220169302833	2.53153972612012	3.84793076337468	2.63572907034634	0.680770067435284	2.50469768353422	-8.4433151260961	2.37012792359963	13.0470761058259	21.490391231922	0.0806	0.999199759927978	6.04617115508995	2.04884112981211	5.95106346020384	10.5135916873792	8.46475055756709	3e-04	NA	NA	NA	NA	NA	NA	1	-0.327137895779718	0.107019202855182	1	0.389106564879411	0.151403918832255	1	-1.69146412958396	2.86105090166924	1	1.85000934197177	3.42253456538281	1.00087937652704	4561.960011694	0	1.00125567090439	11183.2326030548	0	NA	NA	NA	NA	NA	NA	NA	NA
845	7	7	benefit_positive_truncnorm	benefit_positive_truncnorm	continuous	1	increasing	benefit	1	1	NA	1.93696534887879	3.44242884612764	700	252	420	700	700	252	484	0.64	0.308571428571429	7.991831108603	24	24	0	2	1	10	4	1	5000	2500	1	0.99	14	10000	101844	0.5511	0.9862	0.330572916649832	-4.70000136801566	0.341189713624853	5.3425276324502	10.0425290004659	1.44745690118752	0.170915793130384	1.4534503038485	2.72141015073223	2.55049435760185	0.545747996438112	0.627085776078535	-10.3119173575657	0.575614178399984	11.518338204446	21.8302555620117	0.1016	0.973	2.79352677860589	-0.0705647871862344	2.79919843540446	5.92327495268942	5.99383973987566	0	NA	NA	NA	NA	NA	NA	1	-1.60639243222896	2.58049664632247	1	-0.489508447691276	0.239618520361123	1	-2.81534307004911	7.92615660207352	1	-0.648902067521753	0.421073893234005	1.00125924836882	4477.25182513301	0	1.00180734477695	13160.1205607212	0	NA	NA	NA	NA	NA	NA	NA	NA
858	7	7	benefit_positive_truncnorm	benefit_positive_truncnorm	continuous	1	increasing	benefit	1	1	NA	2.20563516942333	4.21787807219835	700	252	420	700	700	252	491	0.64	0.298571428571429	6.38589078184863	24	24	0	2	1	10	4	1	5000	2500	1	0.99	14	10000	101857	0.6871	0.9994	1.30672014333432	-3.88994510985418	1.35532687586821	6.42491053426959	10.3148556441238	2.0941607749902	0.793412239298362	2.09335526434694	3.40963994828743	2.61622770898907	0.623246918827029	1.64414822104143	-9.28184460963578	1.51278565903238	12.5157882884332	21.797632898069	0.0588	0.9898	3.24629603541394	0.534327930183583	3.18719041643419	5.92513662857414	5.39080869839056	0	NA	NA	NA	NA	NA	NA	1	-0.898915026089003	0.808048224128593	1	-0.111474394433127	0.0124265406142324	1	-2.57372985115692	6.62408534673624	1	-0.971582036784412	0.943971654202147	1.00178277730742	4503.78395289387	0	1.00144480349484	11654.3781032105	0	NA	NA	NA	NA	NA	NA	NA	NA
935	7	7	benefit_positive_truncnorm	benefit_positive_truncnorm	continuous	1	increasing	benefit	1	1	NA	2.53349596614823	4.87274267738474	700	252	420	700	700	252	508	0.64	0.274285714285714	6.4989802606587	24	24	0	2	1	10	4	1	5000	2500	1	0.99	14	10000	101934	0.811	1	2.42416602541629	-3.09423185922567	2.52634168537957	7.51596935057037	10.610201209796	2.95463840958994	1.70288854479175	2.96097031675212	4.20519904386717	2.50231049907542	0.791245791245791	4.02843711115757	-6.34747646291178	3.79343619031433	14.2876198906703	20.6350963535821	0.0793	1	4.63739792485906	2.46880277035423	4.59973274198175	7.11182905365516	4.64302628330093	0	NA	NA	NA	NA	NA	NA	1	-0.109329940731933	0.0119530359404481	1	0.421142443441709	0.177360957668053	1	-0.844305566227166	0.712851889162175	1	-0.235344752525676	0.0553871525413717	1.00122615566603	4757.90410191115	0	1.00151551922734	10368.6322017639	0	NA	NA	NA	NA	NA	NA	NA	NA
895	7	7	benefit_positive_truncnorm	benefit_positive_truncnorm	continuous	1	increasing	benefit	1	1	NA	1.68206134911764	2.92652588382387	700	252	420	700	700	252	484	0.64	0.308571428571429	5.96603132671263	24	24	0	2	1	10	4	1	5000	2500	1	0.99	14	10000	101894	0.6699	1	1.2525438240044	-4.37486408175514	1.29774893403342	6.69558892490059	11.0704530066557	2.72093287006815	1.40498631972987	2.71740467665873	4.02977637575377	2.62479005602389	0.615052835885271	1.74845706845848	-10.1960415679931	1.59677961740789	13.3789299846547	23.5749715526479	0.0726	0.9937	5.87228226339582	1.25035860134995	6.07347587974905	9.51583954157885	8.2654809402289	0	NA	NA	NA	NA	NA	NA	1	-0.429517525113247	0.184485304379409	1	1.03887152095051	1.07925403704202	1	-1.17806881536539	1.3878461337364	1	2.94575637957195	8.67748064778885	1.00141412355784	4589.36624211334	0	1.00187041262812	9074.97544935351	0	NA	NA	NA	NA	NA	NA	NA	NA
933	7	7	benefit_positive_truncnorm	benefit_positive_truncnorm	continuous	1	increasing	benefit	1	1	NA	2.10745601580706	4.2643246653174	700	252	420	700	700	252	477	0.64	0.318571428571429	7.15367836809647	24	24	0	2	1	10	4	1	5000	2500	1	0.99	14	10000	101932	0.6224	0.9973	0.827985222101111	-4.25448241153881	0.878193692987809	5.77909239644241	10.0335748079812	1.83727634503843	0.526646998204289	1.83238658200409	3.14338407090261	2.61673707269832	0.59562363238512	1.21796020922703	-9.7319759770208	1.22407754177085	11.7700846066165	21.5020605836373	0.086	0.9666	3.50995353926825	-0.191888255443283	3.38572450001108	8.01548916378632	8.2073774192296	0	NA	NA	NA	NA	NA	NA	1	-1.27947079370595	1.63704551194654	1	-0.270179670768639	0.0729970544966502	1	-3.04636445609038	9.28033639933082	1	-0.754371126049157	0.569075795816673	1.00166900273706	4487.07861736006	0	1.00148554310413	9059.860786645	0	NA	NA	NA	NA	NA	NA	NA	NA
875	7	7	benefit_positive_truncnorm	benefit_positive_truncnorm	continuous	1	increasing	benefit	1	1	NA	1.57168979333269	2.89772159676723	700	252	420	700	700	252	489	0.64	0.301428571428571	7.03136493912878	24	24	0	2	1	10	4	1	5000	2500	1	0.99	14	10000	101874	0.3674	0.9683	-0.844867855513503	-5.71062650194574	-0.867342163073845	4.13001725282812	9.84064375477386	1.20814295816219	-0.0907332337428076	1.20550562977348	2.51928214852997	2.61001538227278	0.365529894236995	-1.66282830068185	-12.5009556516948	-1.68150512886267	9.61337962807882	22.1143352797736	0.0734	0.9619	2.49663635385903	-0.268402192796262	2.51428238937241	5.28532744344507	5.55372963624133	0	NA	NA	NA	NA	NA	NA	1	-2.4165576488462	5.83975087019706	1	-0.363546835170506	0.132166301362491	1	-4.56054989744908	20.7986153671228	1	-0.401085242908199	0.160869372078729	1.00156167242195	4480.03681333702	0	1.0016260921442	6713.68687145351	0	NA	NA	NA	NA	NA	NA	NA	NA
846	7	7	benefit_positive_truncnorm	benefit_positive_truncnorm	continuous	1	increasing	benefit	1	1	NA	2.41432609186308	4.35472499993766	700	252	420	700	700	252	474	0.64	0.322857142857143	8.11182619221905	24	24	0	2	1	10	4	1	5000	2500	1	0.99	14	10000	101845	0.7835	1	1.81348063695642	-2.79314759942711	1.82164944172826	6.24651892167505	9.03966652110216	2.76497146537017	1.49097774691896	2.77096555359115	4.02894427823751	2.53796653131855	0.689428038203974	2.3111529157641	-7.84162438627586	2.17276391224441	12.1204188244463	19.9620432107222	0.0891	0.9995	4.38385078162517	1.70095159541384	4.25391040098216	7.6810749788752	5.98012338346136	0	NA	NA	NA	NA	NA	NA	1	-0.60084545490666	0.361015260681991	1	0.350645373507092	0.122952177961928	1	-2.04357208417355	4.17618686321344	1	0.0291257816875099	0.000848311158908487	1.00140031401679	4657.47038956783	0	1.00128141242051	10049.372255538	0	NA	NA	NA	NA	NA	NA	NA	NA
821	7	7	benefit_positive_truncnorm	benefit_positive_truncnorm	continuous	1	increasing	benefit	1	1	NA	2.84330050529741	6.39482219920736	700	252	420	700	700	252	465	0.64	0.335714285714286	7.4325223656394	24	24	0	2	1	10	4	1	5000	2500	1	0.99	14	10000	101820	0.631	1	0.854283719278323	-4.22208116019325	0.897709835036562	5.80811530052608	10.0301964607193	2.6751690827287	1.31798893283184	2.68555890331801	3.9642275988566	2.64623866602476	0.572621401889695	0.9079982295868	-9.99601996742145	0.845390839474253	11.4898522869109	21.4858722543323	0.0898	0.99839470251831	5.71482570669686	1.93859003627963	5.32555347128053	11.1106973295451	9.17210729326543	0.0033	NA	NA	NA	NA	NA	NA	1	-1.98901678601909	3.95618777506571	1	-0.168131422568709	0.0282681752549778	1	-5.48682396962056	30.1052372736027	1	-0.679996492510494	0.462395229826574	1.00146066259317	4360.57697134976	0	1.00184843112083	6885.55658259402	0	NA	NA	NA	NA	NA	NA	NA	NA
878	7	7	benefit_positive_truncnorm	benefit_positive_truncnorm	continuous	1	increasing	benefit	1	1	NA	2.674567859802	5.37925160509148	700	252	420	700	700	252	454	0.64	0.351428571428571	7.66023997926043	24	24	0	2	1	10	4	1	5000	2500	1	0.99	14	10000	101877	0.7746	0.9997	1.90630044955818	-3.23393550896997	1.95573840355221	6.76805144059685	10.0019869495668	2.56320978532007	1.27565312222701	2.56539736053293	3.87255424344941	2.5969011212224	0.687451024291951	2.50070618213234	-8.42970539778579	2.45373950572482	12.7763997584736	21.2061051562594	0.1067	0.999399939993999	6.75719469994503	2.93216110640409	6.78599442305515	10.5129989637305	7.58083785732637	1e-04	NA	NA	NA	NA	NA	NA	1	-0.768267410243817	0.590234813642741	1	-0.111358074481929	0.0124006207523228	1	-2.87854542295914	8.286023752039	1	1.37794309485355	1.89872717265459	1.00114609293037	4645.67873277869	0	1.00179438197875	6984.33326742317	0	NA	NA	NA	NA	NA	NA	NA	NA
863	7	7	benefit_positive_truncnorm	benefit_positive_truncnorm	continuous	1	increasing	benefit	1	1	NA	2.35085686911321	4.66446569508702	700	252	420	700	700	252	486	0.64	0.305714285714286	6.7421776063942	24	24	0	2	1	10	4	1	5000	2500	1	0.99	14	10000	101862	0.593	0.9997	0.620425679776001	-4.71728977880948	0.66963884285696	5.83739456214501	10.5546843409545	2.10948304511146	0.811786039015312	2.10899319013912	3.40205534367499	2.59026930465968	0.561031084154663	0.828157971628243	-10.6797354445899	0.826779315308345	12.0083673026643	22.6881027472542	0.0767	0.9952	4.23878623443519	0.917032067369767	4.14740121928073	8.28071297229254	7.36368090492277	0	NA	NA	NA	NA	NA	NA	1	-1.73043118933721	2.99439210103098	1	-0.241373824001751	0.0582613229132283	1	-3.83630772345878	14.7172569490695	1	-0.425679460651838	0.18120300322084	1.00233563973164	4553.69456773607	0	1.00220462304553	10994.0792316506	0	NA	NA	NA	NA	NA	NA	NA	NA
911	7	7	benefit_positive_truncnorm	benefit_positive_truncnorm	continuous	1	increasing	benefit	1	1	NA	1.92367059638204	4.00635904372711	700	252	420	700	700	252	473	0.64	0.324285714285714	7.44464907229681	24	24	0	2	1	10	4	1	5000	2500	1	0.99	14	10000	101910	0.4313	0.864	-0.459454026125718	-5.38104162088808	-0.425309653614809	4.51134056893257	9.89238218982065	0.729868255719057	-0.610413824278165	0.739011761628953	2.00741564159083	2.61782946586899	0.487757523460252	-0.124738788547884	-10.9176861782613	-0.115047361275234	10.9059494787782	21.8236356570395	0.0729	0.8442	1.59700535814967	-1.42596158829745	1.5175260490559	5.39313680815324	6.81909839645069	0	NA	NA	NA	NA	NA	NA	1	-2.38312462250776	5.67928296640273	1	-1.19380234066298	1.42516402857241	1	-4.13109783227499	17.0659692998271	1	-2.40935368557744	5.80498518220559	1.00112393217185	4797.16579847593	0	1.00135655219871	8779.24212111502	0	NA	NA	NA	NA	NA	NA	NA	NA
934	7	7	benefit_positive_truncnorm	benefit_positive_truncnorm	continuous	1	increasing	benefit	1	1	NA	1.66400741832801	3.16103579487894	700	252	420	700	700	252	519	0.64	0.258571428571429	6.18691749966541	24	24	0	2	1	10	4	1	5000	2500	1	0.99	14	10000	101933	0.6406	0.9994	0.944553613924229	-4.24928091216971	0.99546135437915	6.08048068249626	10.329761594666	2.04910103390943	0.748838128354946	2.05142899069881	3.35510487451432	2.60626674615938	0.621216948072635	1.56439394333682	-9.3695371351698	1.46795698696148	12.3889732794216	21.7585104145914	0.0583	0.9966	2.72406195175839	0.688719739580514	2.65655664957108	5.34188492642512	4.65316518684461	0	NA	NA	NA	NA	NA	NA	1	-0.719453804403779	0.517613776671072	1	0.385093615581426	0.148297092761575	1	-1.59664185154212	2.54926520209585	1	-0.43697384312055	0.190946139571543	1.00170899657499	4298.77615778052	0	1.00136445513368	7379.10768604572	0	NA	NA	NA	NA	NA	NA	NA	NA
917	7	7	benefit_positive_truncnorm	benefit_positive_truncnorm	continuous	1	increasing	benefit	1	1	NA	2.19214851998231	4.19525051401206	700	252	420	700	700	252	462	0.64	0.34	6.95363492453353	24	24	0	2	1	10	4	1	5000	2500	1	0.99	14	10000	101916	0.7341	0.9999	1.73623258958781	-3.75464008066651	1.79895021814917	6.93751306394127	10.6921531446078	2.61392633044561	1.33404971863156	2.61254373454298	3.91157261225194	2.57752289362037	0.651902203705734	2.16102845485375	-9.1373807045081	2.06459324573904	13.0213628587789	22.158743563287	0.0879	0.999799979998	5.89917478998532	2.46937424951133	5.85745534388787	9.55710630636459	7.08773205685326	1e-04	NA	NA	NA	NA	NA	NA	1	-0.455915930394495	0.207859335587478	1	0.421777810463304	0.177896521399219	1	-2.03422205915831	4.13805938596629	1	1.70392427597325	2.90335793825098	1.00228582613367	4035.35824495273	0	1.00269276594354	11558.8559543594	0	NA	NA	NA	NA	NA	NA	NA	NA
887	7	7	benefit_positive_truncnorm	benefit_positive_truncnorm	continuous	1	increasing	benefit	1	1	NA	1.72415970295408	3.17837076611867	700	252	420	700	700	252	491	0.64	0.298571428571429	6.49316108926111	24	24	0	2	1	10	4	1	5000	2500	1	0.99	14	10000	101886	0.6162	0.9971	0.792729013735013	-4.35934101491703	0.796148732618131	5.9028415400068	10.2621825549238	1.89732327488044	0.568330100086707	1.89816381230565	3.21492114087508	2.64659104078837	0.586122361969729	1.18225487863337	-9.97275205243974	1.03543260141756	12.2387235433734	22.2114755958132	0.0618	0.9467	3.1489042845782	-0.638311318738839	3.07215827856124	7.28063331235859	7.91894463109742	0	NA	NA	NA	NA	NA	NA	1	-0.931430689219071	0.867563128819114	1	0.173163571926358	0.0299856226422949	1	-1.9961158874853	3.98447863627123	1	-0.0294664815404739	0.000868273534375091	1.00112312728195	4369.30712782747	0	1.00260445944188	10395.3388275591	0	NA	NA	NA	NA	NA	NA	NA	NA
932	7	7	benefit_positive_truncnorm	benefit_positive_truncnorm	continuous	1	increasing	benefit	1	1	NA	2.11746504330577	4.03594039921086	700	252	420	700	700	252	488	0.64	0.302857142857143	6.89374044285566	24	24	0	2	1	10	4	1	5000	2500	1	0.99	14	10000	101931	0.7369	1	1.79470144838683	-3.57868404541536	1.82554270927149	7.03814249980748	10.6168265452228	3.3039678297382	2.01710445581422	3.30217688659602	4.58934239587028	2.57223794005606	0.644132792812534	2.01420376948409	-9.13796233774259	1.86707168963501	13.0683832715038	22.2063456092464	0.0873	1	5.73337672764796	2.69955949615841	5.69440499605505	8.85403624767885	6.15447675152044	0	NA	NA	NA	NA	NA	NA	1	-0.322763594918937	0.104176338204996	1	1.18650278643243	1.40778886221193	1	-2.02173662972677	4.08741899997897	1	1.6974363284371	2.88129008909803	1.00254960082055	4188.85323102971	0	1.00121827700037	11755.3922089438	0	NA	NA	NA	NA	NA	NA	NA	NA
847	7	7	benefit_positive_truncnorm	benefit_positive_truncnorm	continuous	1	increasing	benefit	1	1	NA	2.1276672221819	4.42431027264531	700	252	420	700	700	252	482	0.64	0.311428571428571	6.30680419887499	24	24	0	2	1	10	4	1	5000	2500	1	0.99	14	10000	101846	0.7405	1	1.69726888656524	-3.42043986717929	1.72580866919466	6.73314205892466	10.1535819261039	2.9745804641194	1.67664333495267	2.98321846474702	4.25506119803393	2.57841786308126	0.718833457963893	2.84418808005248	-7.91956989541106	2.58109769940754	13.3586684650808	21.2782383604918	0.0639	0.998999699909973	5.62684974891762	1.95047618268386	5.3154615914272	11.1958903910212	9.24541420833733	3e-04	NA	NA	NA	NA	NA	NA	1	-0.43039833561666	0.185242727301591	1	0.846913241937505	0.717262039369094	1	-1.58012219259283	2.49678614352438	1	1.20253947627231	1.44610119199329	1.00116231505937	4540.06783867042	0	1.00126040710979	8507.72902566031	0	NA	NA	NA	NA	NA	NA	NA	NA
867	7	7	benefit_positive_truncnorm	benefit_positive_truncnorm	continuous	1	increasing	benefit	1	1	NA	1.91764168720669	3.49689183307531	700	252	420	700	700	252	471	0.64	0.327142857142857	6.77155855215035	24	24	0	2	1	10	4	1	5000	2500	1	0.99	14	10000	101866	0.7027	1	1.48493210589932	-3.97293975052062	1.52986576527797	6.80542057069554	10.7783603212162	2.27916247256018	0.967879387028349	2.27981953838088	3.57739276500817	2.60951337797983	0.645885558583106	2.08414397533721	-9.19314367106344	2.00135581012549	13.0982367949895	22.2913804660529	0.0825	0.9863	3.7607612731849	0.377159293774085	3.62128923655086	7.98925319920455	7.61209390543046	0	NA	NA	NA	NA	NA	NA	1	-0.43270958130737	0.187237581755199	1	0.361520785353495	0.130697278242608	1	-1.4127478577381	1.99585650954359	1	0.263869440109598	0.0696270814237528	1.00210385699858	4254.10041987873	0	1.00142657252348	6371.37627626746	0	NA	NA	NA	NA	NA	NA	NA	NA
868	7	7	benefit_positive_truncnorm	benefit_positive_truncnorm	continuous	1	increasing	benefit	1	1	NA	1.94777816603715	3.8959561872687	700	252	420	700	700	252	480	0.64	0.314285714285714	6.55751624032258	24	24	0	2	1	10	4	1	5000	2500	1	0.99	14	10000	101867	0.752	1	1.82139213618708	-3.54769560627125	1.88011867744121	6.9781578392814	10.5258534455527	2.92898149502763	1.60443840484818	2.93137883297978	4.2418745610832	2.63743615623502	0.686560662165106	2.60260293533865	-8.41668450733223	2.44326775042232	13.2360753682659	21.6527598755982	0.0818	0.9999	7.07403122028877	2.36626607088043	7.11389030011641	11.6545115668072	9.28824549592679	0	NA	NA	NA	NA	NA	NA	1	-0.126386029850071	0.015973428541263	1	0.98120332899048	0.962759972822001	1	-1.29335325193005	1.67276263427804	1	3.17807503302007	10.1001609155055	1.00159166400044	4373.91807127425	0	1.00160487300777	6382.41668807232	0	NA	NA	NA	NA	NA	NA	NA	NA
905	7	7	benefit_positive_truncnorm	benefit_positive_truncnorm	continuous	1	increasing	benefit	1	1	NA	1.9621500380487	3.7525511692032	700	252	420	700	700	252	485	0.64	0.307142857142857	6.81092127932439	24	24	0	2	1	10	4	1	5000	2500	1	0.99	14	10000	101904	0.7462	1	1.83391938537348	-3.74115770334735	1.86621433640527	7.12941949481609	10.8705771981634	2.60497902407147	1.2903523008899	2.61385811740306	3.90807793052659	2.61772562963669	0.67546464313208	2.55830680831802	-8.54226662948436	2.43028938651213	13.4571911902789	21.9994578197632	0.0907	0.9999	6.0294287408969	2.8150399444971	5.99929606406955	8.99950917412025	6.18446922962315	0	NA	NA	NA	NA	NA	NA	1	-0.128230652675223	0.0164431002855138	1	0.642828986022769	0.413229105271062	1	-1.19424436088518	1.42621959350604	1	2.2768775716937	5.18417147648179	1.00263302353195	4288.3915981181	0	1.00199786599053	10934.320924461	0	NA	NA	NA	NA	NA	NA	NA	NA
865	7	7	benefit_positive_truncnorm	benefit_positive_truncnorm	continuous	1	increasing	benefit	1	1	NA	1.86603184698788	3.96218549028678	700	252	420	700	700	252	505	0.64	0.278571428571429	6.86230156488128	24	24	0	2	1	10	4	1	5000	2500	1	0.99	14	10000	101864	0.6418	0.9986	0.987976610164541	-4.39355423074872	1.03302236137084	6.19146871038902	10.5850229411377	1.95904951184746	0.668337429280923	1.96216604719621	3.24823130217934	2.57989387289842	0.59570291198604	1.35278537110768	-9.78919811295099	1.23295364108585	12.4179825653235	22.2071806782745	0.0831	0.9926	3.26558654999248	0.521369120473783	3.27123674691977	6.5061605438324	5.98479142335862	0	NA	NA	NA	NA	NA	NA	1	-0.878055236823341	0.770980998912894	1	0.0930176648595793	0.00865228597592901	1	-2.6094001191791	6.8089689819719	1	-0.696598940294298	0.485250083619139	1.00123599972511	4517.94721548967	0	1.00148458816202	11916.0549525998	0	NA	NA	NA	NA	NA	NA	NA	NA
871	7	7	benefit_positive_truncnorm	benefit_positive_truncnorm	continuous	1	increasing	benefit	1	1	NA	1.79373626920426	3.04562040916557	700	252	420	700	700	252	495	0.64	0.292857142857143	6.27403447671217	24	24	0	2	1	10	4	1	5000	2500	1	0.99	14	10000	101870	0.5267	0.9823	0.170352179025422	-5.06970370339386	0.167099289454172	5.28006600592304	10.3497697093169	1.41453598077637	0.0980376206261193	1.41183673846557	2.71627895772316	2.61824133709704	0.531065088757396	0.323659200965013	-10.8329165350295	0.357878877237882	11.4072979560347	22.2402144910642	0.0536	0.9563	2.57244160523365	-0.451825125417436	2.60290805829066	5.28672535496038	5.73855048037782	0	NA	NA	NA	NA	NA	NA	1	-1.62338409017884	2.63537590424577	1	-0.379200288427895	0.143792858743798	1	-2.72196120820056	7.40907281894865	1	-0.47317880393192	0.223898180490443	1.00165178671183	4577.67012034466	0	1.00142222642109	6818.24958114207	0	NA	NA	NA	NA	NA	NA	NA	NA
879	7	7	benefit_positive_truncnorm	benefit_positive_truncnorm	continuous	1	increasing	benefit	1	1	NA	2.1791420925178	4.52273650279507	700	252	420	700	700	252	485	0.64	0.307142857142857	7.17179262489599	24	24	0	2	1	10	4	1	5000	2500	1	0.99	14	10000	101878	0.6908	1	1.25743920223511	-3.68176956139907	1.30172810803494	6.09238498418859	9.77415454558767	2.8568131083975	1.57660170071907	2.85969965223914	4.13639677915185	2.55979507843278	0.636790941138767	1.80809678016545	-8.86396219928963	1.58842357570594	12.2659063584695	21.1298685577591	0.0639	0.998899779955991	5.45981064982051	1.66271211700332	5.37232784628289	10.0242298534342	8.36151773643089	2e-04	NA	NA	NA	NA	NA	NA	1	-0.921702890282691	0.849536217955466	1	0.677671015879703	0.459238005763429	1	-2.71463972262962	7.3692688236786	1	0.937074147025443	0.878107957023462	1.00205267290642	4593.31629934845	0	1.00183056972897	10021.0346408141	0	NA	NA	NA	NA	NA	NA	NA	NA
872	7	7	benefit_positive_truncnorm	benefit_positive_truncnorm	continuous	1	increasing	benefit	1	1	NA	1.3934465444632	2.2878832585746	700	252	420	700	700	252	511	0.64	0.27	6.50469068743352	24	24	0	2	1	10	4	1	5000	2500	1	0.99	14	10000	101871	0.7564	0.9999	1.95184623370247	-3.59169271229274	2.01020081554776	7.08939138780207	10.6810841000948	2.53941647438857	1.25320778107023	2.53657273327802	3.80130275082992	2.5480949697597	0.671587528919246	2.40646459130449	-8.86647751187521	2.27238679452253	13.0846720480139	21.9511495598891	0.0923	0.999	4.19204047451267	1.49536637546968	4.15611215827158	7.04698929348613	5.55162291801645	0	NA	NA	NA	NA	NA	NA	1	0.55839968923927	0.311810212942514	1	1.14596992992538	1.31324708029317	1	0.118581332729895	0.0140615324719982	1	1.90415721593807	3.62581470300902	1.0015548598532	4483.68747556542	0	1.00177564549899	6112.03580160285	0	NA	NA	NA	NA	NA	NA	NA	NA
880	7	7	benefit_positive_truncnorm	benefit_positive_truncnorm	continuous	1	increasing	benefit	1	1	NA	1.93880901189642	3.62807339757798	700	252	420	700	700	252	474	0.64	0.322857142857143	6.7602273986363	24	24	0	2	1	10	4	1	5000	2500	1	0.99	14	10000	101879	0.6655	0.9999	1.16188916821335	-4.22658695100168	1.1813359657078	6.43174721950035	10.658334170502	2.71461552361966	1.41787113318194	2.71525484939341	4.04131436589976	2.62344323271783	0.602937999567941	1.44751597023961	-9.72944208621485	1.33989099223565	12.557000629325	22.2864427155399	0.0742	0.997799119647859	4.46797415637191	1.43129277076303	4.14675816844357	9.55579236065199	8.12449958988896	4e-04	NA	NA	NA	NA	NA	NA	1	-0.776919843683067	0.603604443508521	1	0.77580651172324	0.601875743632181	1	-2.18055742733837	4.75483069392051	1	0.83990075879393	0.705433284622619	1.00109807389311	3779.64858426304	0	1.00223345739013	11705.8622386651	0	NA	NA	NA	NA	NA	NA	NA	NA
914	7	7	benefit_positive_truncnorm	benefit_positive_truncnorm	continuous	1	increasing	benefit	1	1	NA	2.1532790392245	4.14026092166942	700	252	420	700	700	252	487	0.64	0.304285714285714	6.97519416798815	24	24	0	2	1	10	4	1	5000	2500	1	0.99	14	10000	101913	0.6888	0.9997	1.32351873000804	-3.99375530324078	1.34973702449249	6.58063735999809	10.5743926632389	2.32801444760858	1.04847502863975	2.3285076834011	3.61351281970274	2.56503779106299	0.616567787299495	1.60668310683357	-9.9588294119434	1.55112400477191	12.5360466576943	22.4948760696377	0.0898	0.9984	5.4723863467386	1.86175923888349	5.49001563233192	8.96790750974766	7.10614827086417	0	NA	NA	NA	NA	NA	NA	1	-0.82976030921646	0.688502170750995	1	0.174735408384073	0.0305324629431489	1	-2.53357781483586	6.41901654382843	1	1.33212542506918	1.77455814811574	1.00193721375652	4524.3342861981	0	1.00166537675563	12187.0466174492	0	NA	NA	NA	NA	NA	NA	NA	NA
844	7	7	benefit_positive_truncnorm	benefit_positive_truncnorm	continuous	1	increasing	benefit	1	1	NA	1.92957962836137	3.5612842409953	700	252	420	700	700	252	482	0.64	0.311428571428571	6.62048645401389	24	24	0	2	1	10	4	1	5000	2500	1	0.99	14	10000	101843	0.6103	0.9975	0.756939091356247	-4.56198105416248	0.794352940511426	6.01115859139816	10.5731396455606	1.85830237835353	0.51627796375494	1.86177304506835	3.17821417116525	2.66193620741031	0.588973506382066	1.16390049504004	-9.93641660440393	1.07674001965558	12.0475029024151	21.983919506819	0.0677	0.9975	3.88518835605714	1.45562703871841	3.76486637333733	7.14766707804634	5.69204003932794	0	NA	NA	NA	NA	NA	NA	1	-1.17264053700513	1.37508582902767	1	-0.0712772500078471	0.00508044636868114	1	-2.39738374595527	5.7474488253705	1	0.323904115061838	0.104913875753992	1.00149811559631	4457.71358232858	0	1.00154626438537	9985.71484825025	0	NA	NA	NA	NA	NA	NA	NA	NA
902	7	7	benefit_positive_truncnorm	benefit_positive_truncnorm	continuous	1	increasing	benefit	1	1	NA	2.78623387347641	6.21694074010609	700	252	420	700	700	252	463	0.64	0.338571428571429	7.4304581239675	24	24	0	2	1	10	4	1	5000	2500	1	0.99	14	10000	101901	0.651	0.9992	0.982033477390693	-4.03362118163076	1.05065009789514	5.89034521533973	9.92396639697048	2.00999854803926	0.740714919085959	2.00536240077521	3.29392821763842	2.55321329855246	0.57908787541713	1.05941951466324	-9.77887190358464	1.02694114064358	11.6676368026463	21.446508706231	0.101	0.958279139569785	4.3593414364526	-0.484445489143611	4.5816649477213	8.57510529899038	9.05955078813399	5e-04	NA	NA	NA	NA	NA	NA	1	-1.80420039608572	3.25513906923586	1	-0.776235325437153	0.602541280456523	1	-5.15752122544285	26.6000251908936	1	-1.85759930365349	3.45067517293393	1.00169448635068	4073.11041629387	0	1.00186458032003	10237.5374202945	0	NA	NA	NA	NA	NA	NA	NA	NA
912	7	7	benefit_positive_truncnorm	benefit_positive_truncnorm	continuous	1	increasing	benefit	1	1	NA	1.66021711620732	2.88326444931277	700	252	420	700	700	252	470	0.64	0.328571428571429	7.11353432593652	24	24	0	2	1	10	4	1	5000	2500	1	0.99	14	10000	101911	0.4955	0.9584	-0.0182360613944135	-4.6901267171662	-0.0250401651241763	4.68293458040201	9.37306129756821	1.13152952454194	-0.138469635159205	1.13428433729016	2.39552417954633	2.53399381470554	0.450988685629692	-0.49975830982166	-11.0526804829478	-0.510723758302706	10.349614908138	21.4022953910859	0.0543	0.9172	2.17396573868864	-0.917913914853425	2.21131912289305	5.09311355773252	6.01102747258595	0	NA	NA	NA	NA	NA	NA	1	-1.67845317760174	2.81720506940136	1	-0.528687591665383	0.279510569580942	1	-3.38302275913443	11.4448429888215	1	-0.709298710624124	0.503104660893045	1.00121849827515	4370.44009943257	0	1.00162566904716	11887.0264677783	0	NA	NA	NA	NA	NA	NA	NA	NA
925	7	7	benefit_positive_truncnorm	benefit_positive_truncnorm	continuous	1	increasing	benefit	1	1	NA	2.33019158635117	4.75896505160442	700	252	420	700	700	252	467	0.64	0.332857142857143	7.26968814415125	24	24	0	2	1	10	4	1	5000	2500	1	0.99	14	10000	101924	0.673	0.9999	1.12631023830461	-3.81970824977597	1.15655800198087	5.99806612096009	9.81777437073605	2.42514513045984	1.06225003513337	2.43304483577349	3.75318746941245	2.69093743427909	0.596990865126276	1.27889466115971	-9.48716220759397	1.19681925065703	11.9049838273167	21.3921460349107	0.0695	0.9945	5.15928175677781	0.97574511696375	4.95865854587804	9.95541062527661	8.97966550831286	0	NA	NA	NA	NA	NA	NA	1	-1.20388134804656	1.4493303001744	1	0.0949535441086691	0.00901617553879696	1	-3.48007039044471	12.11088992245	1	0.400316705173389	0.160253464440878	1.00155267800111	4408.0461176996	0	1.0016564421703	10851.4381579786	0	NA	NA	NA	NA	NA	NA	NA	NA
903	7	7	benefit_positive_truncnorm	benefit_positive_truncnorm	continuous	1	increasing	benefit	1	1	NA	1.27063682726219	2.26742686667984	700	252	420	700	700	252	499	0.64	0.287142857142857	6.92881984369053	24	24	0	2	1	10	4	1	5000	2500	1	0.99	14	10000	101902	0.448	0.4861	-0.34809425868872	-5.80362350152079	-0.373543462257128	5.11211061955062	10.9157341210714	-0.0265795137365655	-1.32723760192708	-0.020482420188106	1.25245584215952	2.5796934440866	0.467605633802817	-0.41595684176762	-11.808867396468	-0.380675439046759	11.0209352635952	22.8298026600632	0.077	0.2856	-0.614127067957084	-2.98172868964977	-0.731746737610356	2.39127050903493	5.3729991986847	0	NA	NA	NA	NA	NA	NA	1	-1.61873108595091	2.62029032862381	0	-1.29721634099875	1.6827702353542	1	-2.68338370844746	7.20054812676126	1	-2.88155393463693	8.30335307822155	1.0018041631361	4129.73731237847	0	1.00155324304311	6816.91975044334	0	NA	NA	NA	NA	NA	NA	NA	NA
899	7	7	benefit_positive_truncnorm	benefit_positive_truncnorm	continuous	1	increasing	benefit	1	1	NA	2.30940342627908	4.30396956477832	700	252	420	700	700	252	507	0.64	0.275714285714286	6.90431688526104	24	24	0	2	1	10	4	1	5000	2500	1	0.99	14	10000	101898	0.6368	0.998	0.93526136114519	-4.44196731788685	0.976930641157404	6.24590101989778	10.6878683377846	1.88152010045599	0.575295515667032	1.87625682103518	3.21445913904138	2.63916362337434	0.578429227740101	1.12154608262085	-10.2382419557406	1.01762878642984	12.2108767855701	22.4491187413108	0.0858	0.9973	3.45521614833805	1.10378874328276	3.45709568619026	5.77225849196353	4.66846974868076	0	NA	NA	NA	NA	NA	NA	1	-1.37414206513389	1.88826641517043	1	-0.427883325823085	0.183084140517425	1	-3.18242348215747	10.1278192197872	1	-0.848753416440263	0.720382361919019	1.0016550871865	4439.83668913134	0	1.00119527621939	6613.50504247702	1	NA	NA	NA	NA	NA	NA	NA	NA
897	7	7	benefit_positive_truncnorm	benefit_positive_truncnorm	continuous	1	increasing	benefit	1	1	NA	2.36196586136742	4.41720041306577	700	252	420	700	700	252	476	0.64	0.32	7.26059575736612	24	24	0	2	1	10	4	1	5000	2500	1	0.99	14	10000	101896	0.7729	1	1.93979020909821	-3.21672934482622	1.99960233299456	6.84976116070201	10.0664905055282	2.80860568001226	1.50091251826035	2.81968955407842	4.12596214945254	2.62504963119219	0.716283716283716	2.83286288087028	-7.98718560257601	2.74808858532735	12.8744632676842	20.8616488702602	0.0991	0.9997	5.75447012185468	2.23680162560367	5.44684111475418	10.991258739633	8.75445711402933	0	NA	NA	NA	NA	NA	NA	1	-0.422175652269211	0.178232281368934	1	0.446639818644842	0.199487127599098	1	-1.58433753219549	2.51012541592329	1	1.33726970878892	1.7882902740444	1.00153586415093	4621.07019076852	0	1.00188378981014	6945.65839886453	0	NA	NA	NA	NA	NA	NA	NA	NA
866	7	7	benefit_positive_truncnorm	benefit_positive_truncnorm	continuous	1	increasing	benefit	1	1	NA	2.02964975396504	4.48059603116851	700	252	420	700	700	252	494	0.64	0.294285714285714	6.47099756683632	24	24	0	2	1	10	4	1	5000	2500	1	0.99	14	10000	101865	0.6708	1	1.17021009710849	-4.11169626845746	1.1840096791244	6.49197487230446	10.6036711407619	2.61164377847547	1.31842876343892	2.6168193134898	3.90758014219291	2.589151378754	0.611087144089733	1.52485163359095	-9.80964708865362	1.44197495703256	12.3218039382082	22.1314510268618	0.0728	0.9994	5.78393627720845	2.05916366764109	5.9638357810897	8.73050897224957	6.67134530460848	0	NA	NA	NA	NA	NA	NA	1	-0.859439656856549	0.738636523777702	1	0.581994024510425	0.338717044565841	1	-2.95574439757756	8.73642494381112	1	1.30334024603994	1.69869579694746	1.00134503655136	3977.46847409515	0	1.00183267398492	6613.95471854408	0	NA	NA	NA	NA	NA	NA	NA	NA
896	7	7	benefit_positive_truncnorm	benefit_positive_truncnorm	continuous	1	increasing	benefit	1	1	NA	2.5239847220105	5.23352504887303	700	252	420	700	700	252	476	0.64	0.32	7.41647244253617	24	24	0	2	1	10	4	1	5000	2500	1	0.99	14	10000	101895	0.5416	0.7932	0.236384194115273	-4.65291203648586	0.25914300294912	5.11197309156997	9.76488512805583	0.539823940037396	-0.806759806459026	0.542442849822438	1.84814363649353	2.65490344295256	0.540729581405359	0.509244713841691	-10.127279403088	0.456242207032117	11.1339355289986	21.2612149320866	0.0707	0.7186	0.871247142442741	-1.95257209357162	0.80699413434621	4.11826899814053	6.07084109171215	0	NA	NA	NA	NA	NA	NA	1	-2.28760052789523	5.23311617522651	0	-1.9841607819731	3.93689400872011	1	-4.72428033503134	22.3188246839639	0	-4.36227790643029	19.0294685329299	1.00161385117503	4584.69374008144	0	1.00149481254775	11186.5424196803	0	NA	NA	NA	NA	NA	NA	NA	NA
918	7	7	benefit_positive_truncnorm	benefit_positive_truncnorm	continuous	1	increasing	benefit	1	1	NA	2.24698732416757	4.50984040488726	700	252	420	700	700	252	468	0.64	0.331428571428571	7.13788292798958	24	24	0	2	1	10	4	1	5000	2500	1	0.99	14	10000	101917	0.6245	0.9989	0.828330682095601	-4.09429696849728	0.817976358186495	5.74238421879794	9.83668118729522	2.07806073386997	0.767397264109058	2.07423814228224	3.38693434151254	2.61953707740348	0.570450097847358	0.906701881800265	-9.77587330428828	0.834011073253881	11.3831124294589	21.1589857337472	0.0802	0.973597359735974	3.63604533999014	-0.022435149234741	3.68217803792262	7.47385819032029	7.49629333955503	1e-04	NA	NA	NA	NA	NA	NA	1	-1.41865664207197	2.01258666809491	1	-0.168926590297596	0.0285361929095717	1	-3.60313852308699	12.9826072165535	1	-0.873795064897116	0.763517815438556	1.0011794545898	4481.94828632378	0	1.00122601956681	6775.86527192796	0	NA	NA	NA	NA	NA	NA	NA	NA
892	7	7	benefit_positive_truncnorm	benefit_positive_truncnorm	continuous	1	increasing	benefit	1	1	NA	2.18698982278465	4.11834003840737	700	252	420	700	700	252	473	0.64	0.324285714285714	7.5129556087369	24	24	0	2	1	10	4	1	5000	2500	1	0.99	14	10000	101891	0.7351	0.9996	1.64373754477636	-3.45600267094977	1.68004578637745	6.61241724675045	10.0684199177002	2.28470454327	1.00517024502333	2.28148700801719	3.60070961114349	2.59553936612016	0.642953020134228	1.88904673356909	-8.79767742073677	1.80373492018473	12.1094845362569	20.9071619569936	0.106	0.9992	5.20486338954907	2.2186604385918	5.22815404598187	8.05430215153956	5.83564171294776	0	NA	NA	NA	NA	NA	NA	1	-0.543252278008291	0.295123037561197	1	0.0977147204853441	0.00954816659952893	1	-2.22929330483828	4.96974863899678	1	1.0865233511417	1.18053299257619	1.00175391402061	4417.00807561313	0	1.00153128783092	9090.57947489126	0	NA	NA	NA	NA	NA	NA	NA	NA
869	7	7	benefit_positive_truncnorm	benefit_positive_truncnorm	continuous	1	increasing	benefit	1	1	NA	2.45020497121802	5.15645675265578	700	252	420	700	700	252	463	0.64	0.338571428571429	7.51323653934076	24	24	0	2	1	10	4	1	5000	2500	1	0.99	14	10000	101868	0.7812	1	2.00090338558721	-3.08508398643705	2.08431186066051	6.83484792882782	9.91993191526488	3.14721979781854	1.82784730494709	3.14641468591719	4.46559946091528	2.63775215596819	0.704492512479201	2.80474164748695	-7.81972313871377	2.70057386083113	12.9525240793589	20.7722472180727	0.0985	1	8.01031221783291	4.59137402056582	7.86937980060922	12.1186811761104	7.5273071555446	9e-04	NA	NA	NA	NA	NA	NA	1	-0.449301585630812	0.201871914850362	1	0.697014826600519	0.485829668500951	1	-2.35171510516883	5.53056393587924	1	2.85385546517712	8.14449101612133	1.00153090311554	4798.28724812713	0	1.00125781613384	12902.5584071306	0	NA	NA	NA	NA	NA	NA	NA	NA
873	7	7	benefit_positive_truncnorm	benefit_positive_truncnorm	continuous	1	increasing	benefit	1	1	NA	1.79209162213595	3.20863704870753	700	252	420	700	700	252	500	0.64	0.285714285714286	6.06303328848732	24	24	0	2	1	10	4	1	5000	2500	1	0.99	14	10000	101872	0.5187	0.9989	0.149556604126505	-5.03326796564855	0.135372025830288	5.42118062110974	10.4544485867583	2.03297013420206	0.693748771893428	2.03936542231247	3.3287692964738	2.63502052458038	0.45624406207115	-0.464468680815913	-11.5148094360781	-0.527725009001404	11.2241104968585	22.7389199329367	0.0527	0.9672	2.57879098624845	-0.141043509494054	2.49331331919577	5.5901044009086	5.73114791040266	0	NA	NA	NA	NA	NA	NA	1	-1.64253501800945	2.6979212853873	1	0.240878512066101	0.058022457575179	1	-3.67310572952344	13.4917057002579	1	-0.629846062459074	0.3967060623952	1.00200985697491	4021.1071344718	0	1.00158634440003	7678.9147731792	0	NA	NA	NA	NA	NA	NA	NA	NA
922	7	7	benefit_positive_truncnorm	benefit_positive_truncnorm	continuous	1	increasing	benefit	1	1	NA	2.56695999934118	5.2719672104122	700	252	420	700	700	252	484	0.64	0.308571428571429	8.03109363765857	24	24	0	2	1	10	4	1	5000	2500	1	0.99	14	10000	101921	0.8312	0.9997	2.35109560579988	-2.54566381042464	2.41986768109686	6.78142940660472	9.32709321702937	2.34481784237678	1.06476758151099	2.34417154804832	3.63796513153377	2.57319755002278	0.831788534157226	4.34140483177351	-5.77599178820326	4.23640009838362	13.5024583430165	19.2784501312198	0.1261	0.9999	5.68152163112469	3.04983718575801	5.65906342455138	8.41302389555099	5.36318670979299	0	NA	NA	NA	NA	NA	NA	1	-0.215864393541303	0.0465974363989547	1	-0.222142156964406	0.0493471379007987	1	-0.930562378638688	0.865946340537692	1	0.409554420712491	0.167734823525144	1.00133904015307	4771.07639877254	0	1.0015347724603	14134.6893091748	0	NA	NA	NA	NA	NA	NA	NA	NA
913	7	7	benefit_positive_truncnorm	benefit_positive_truncnorm	continuous	1	increasing	benefit	1	1	NA	2.15688975655667	4.14379844353212	700	252	420	700	700	252	496	0.64	0.291428571428571	6.62941805332311	24	24	0	2	1	10	4	1	5000	2500	1	0.99	14	10000	101912	0.5202	0.9503	0.0982018487104479	-5.18851412249435	0.138200755149535	5.08784638529455	10.2763605077889	1.07822087441346	-0.213875273884226	1.0765525673176	2.35512304906142	2.56899832294564	0.497376592782953	-0.0785848554562023	-11.2917062384602	-0.0342375870073255	11.0914405154705	22.3831467539307	0.0661	0.6692	0.623071036496955	-1.90435927646862	0.536588849870172	3.78097945181899	5.68533872828761	0	NA	NA	NA	NA	NA	NA	1	-2.05868790784622	4.23819590191227	1	-1.07866888214321	1.16352655730409	1	-4.22238329898832	17.8285207235755	0	-3.52072740703517	12.3955214746486	1.00179886391503	4382.03350782523	0	1.00131282596862	7074.33894676259	0	NA	NA	NA	NA	NA	NA	NA	NA
877	7	7	benefit_positive_truncnorm	benefit_positive_truncnorm	continuous	1	increasing	benefit	1	1	NA	1.59920009423128	2.97984225748354	700	252	420	700	700	252	494	0.64	0.294285714285714	6.19883342197274	24	24	0	2	1	10	4	1	5000	2500	1	0.99	14	10000	101876	0.5841	0.9959	0.541562069875174	-4.64320006168955	0.529427407476963	5.68479034248224	10.3279904041718	1.8053593222661	0.468491888569092	1.80385305874819	3.11668099760061	2.64818910903151	0.594084329767149	1.24888270749442	-9.85231189346719	1.11699470069353	12.1889589017546	22.0412707952218	0.0466	0.9526	2.90397299215189	-0.409719592368744	2.91071562693181	6.32347602860954	6.73319562097828	0	NA	NA	NA	NA	NA	NA	1	-1.05763802435611	1.11859819056389	1	0.206159228034823	0.0425016273039141	1	-1.73095954998912	2.99622096369853	1	-0.0758692653316415	0.00575614542196302	1.00093616803494	4507.80229327831	0	1.00187950251791	7177.37401470824	0	NA	NA	NA	NA	NA	NA	NA	NA
924	7	7	benefit_positive_truncnorm	benefit_positive_truncnorm	continuous	1	increasing	benefit	1	1	NA	2.29812777549363	4.42765500952089	700	252	420	700	700	252	471	0.64	0.327142857142857	7.4117623528005	24	24	0	2	1	10	4	1	5000	2500	1	0.99	14	10000	101923	0.5956	0.9955	0.570375398094174	-4.38371842483573	0.62457551503288	5.46141555511743	9.84513397995316	1.76999837991119	0.429005283583298	1.76755968293961	3.07761330585498	2.64860802227168	0.580248269801164	0.954991119501952	-9.92687814528485	0.950424230835642	11.286986803828	21.2138649491128	0.0897	0.9826	3.82102212452019	0.267591813606182	3.53900074200154	8.91023914338648	8.6426473297803	0	NA	NA	NA	NA	NA	NA	1	-1.72775237739946	2.98512827760948	1	-0.528129395582443	0.278920658478276	1	-3.47266389001894	12.0593944930415	1	-0.6066328850007	0.368003457164273	1.0013192788043	4257.39360761914	0	1.00269584786972	11455.5054259502	0	NA	NA	NA	NA	NA	NA	NA	NA
890	7	7	benefit_positive_truncnorm	benefit_positive_truncnorm	continuous	1	increasing	benefit	1	1	NA	1.82275460581673	3.40789895766897	700	252	420	700	700	252	502	0.64	0.282857142857143	7.09282764546302	24	24	0	2	1	10	4	1	5000	2500	1	0.99	14	10000	101889	0.6142	0.9955	0.705886426177708	-4.04627343508388	0.715339229307496	5.41314631858623	9.4594197536701	1.7178084444818	0.410291761605465	1.72037757535807	3.00203952343134	2.59174776182588	0.609272214681007	1.29123915584135	-9.45303148971072	1.12678402871295	11.7393817204152	21.192413210126	0.0423	0.9892	3.03325973814276	0.481758837419144	2.96323869752807	5.87939844328319	5.39763960586405	0	NA	NA	NA	NA	NA	NA	1	-1.11686817963902	1.24739453069017	1	-0.104946161334923	0.0110136967789357	1	-2.11665980182762	4.48024871667294	1	-0.374639219526217	0.140354544807213	1.00120341035931	4612.5433839207	0	1.00108280340729	11117.7330249992	0	NA	NA	NA	NA	NA	NA	NA	NA
898	7	7	benefit_positive_truncnorm	benefit_positive_truncnorm	continuous	1	increasing	benefit	1	1	NA	2.48417582643681	5.3074383084322	700	252	420	700	700	252	464	0.64	0.337142857142857	7.88194290148903	24	24	0	2	1	10	4	1	5000	2500	1	0.99	14	10000	101897	0.7594	0.9999	1.81471065532647	-3.43466366418729	1.88272337738142	6.74194044594621	10.1766041101335	2.60275303873305	1.31521226006486	2.60175338381028	3.91973384765469	2.60452158758983	0.663682148852826	2.17544158792441	-8.51888504465353	2.10977559521227	12.5399248085517	21.0588098532053	0.1065	0.999699969997	6.63921967825123	3.16231396369717	6.74430588442645	9.64916367185232	6.48684970815515	1e-04	NA	NA	NA	NA	NA	NA	1	-0.669465171110339	0.448183615329796	1	0.118577212296239	0.0140605552759473	1	-3.13199672050779	9.80940345727155	1	1.33178136981903	1.77364161699704	1.00112420652415	4759.82952055332	0	1.00235708137928	12161.2449835243	0	NA	NA	NA	NA	NA	NA	NA	NA
936	7	7	benefit_positive_truncnorm	benefit_positive_truncnorm	continuous	1	increasing	benefit	1	1	NA	1.75905180157857	3.18263798702147	700	252	420	700	700	252	503	0.64	0.281428571428571	6.31833617214395	24	24	0	2	1	10	4	1	5000	2500	1	0.99	14	10000	101935	0.5867	0.9953	0.559159012047082	-4.65136462341365	0.608124589060759	5.62822522282377	10.2795898462374	1.7196411818127	0.419286392841315	1.71959403031287	2.99917265785457	2.57988626501325	0.555520237338419	0.812776316702487	-10.1443229647551	0.692161429275856	11.8036323612642	21.9479553260193	0.0562	0.9902	2.43162374837377	0.457358146104588	2.44451705803063	4.31276569679528	3.85540755069069	0	NA	NA	NA	NA	NA	NA	1	-1.19989278953149	1.43974270636966	1	-0.0394106197658672	0.00155319695032977	1	-2.36986167031899	5.6162443364471	1	-0.751014238647704	0.56402238665159	1.00178292341878	4380.98319750764	0	1.00157328795268	12051.5842289858	0	NA	NA	NA	NA	NA	NA	NA	NA
921	7	7	benefit_positive_truncnorm	benefit_positive_truncnorm	continuous	1	increasing	benefit	1	1	NA	1.87575089201587	3.37828728795865	700	252	420	700	700	252	491	0.64	0.298571428571429	7.11448531106939	24	24	0	2	1	10	4	1	5000	2500	1	0.99	14	10000	101920	0.455	0.9813	-0.24170434627252	-4.99290461233072	-0.289987734634403	4.63221342146851	9.62511803379923	1.36539441331586	0.101003487780326	1.36839807764806	2.65037938813597	2.54937590035565	0.455255833868551	-0.577966557092937	-11.1246163765565	-0.49646743773438	10.1578817114582	21.2824980880148	0.0658	0.9886	2.6623144752839	0.472703859571006	2.66218615551952	4.86596111048469	4.39325725091369	0	NA	NA	NA	NA	NA	NA	1	-2.11745523828839	4.48361668615495	1	-0.510356478700009	0.260463735351073	1	-3.95625384505159	15.6519444864855	1	-0.715972812674749	0.512617068489391	1.00236125991581	4344.8638109173	0	1.00111855200383	10661.1435774091	0	NA	NA	NA	NA	NA	NA	NA	NA
926	7	7	benefit_positive_truncnorm	benefit_positive_truncnorm	continuous	1	increasing	benefit	1	1	NA	1.90173762220273	3.42453765537818	700	252	420	700	700	252	477	0.64	0.318571428571429	6.96186033852641	24	24	0	2	1	10	4	1	5000	2500	1	0.99	14	10000	101925	0.7399	1	1.82960145293565	-3.76975587999966	1.87204445288632	7.2879044444299	11.0576603244296	2.93640635858556	1.63190595127819	2.9380990414884	4.27304057612706	2.64113462484887	0.673236968900569	2.43460046271389	-9.03649175280984	2.35705643807116	13.1389578188783	22.1754495716882	0.0868	0.9995	6.73371360841838	3.13823321923154	6.6332067317234	10.8458191921829	7.70758597295135	0	NA	NA	NA	NA	NA	NA	1	-0.0721361692670794	0.00520362691652874	1	1.03466873638283	1.07053939404805	1	-0.989937192664285	0.979975645420045	1	3.3091759530402	10.9506454881795	1.00165191875048	4737.20690318855	0	1.00155798909441	11534.858061645	0	NA	NA	NA	NA	NA	NA	NA	NA
920	7	7	benefit_positive_truncnorm	benefit_positive_truncnorm	continuous	1	increasing	benefit	1	1	NA	2.38143109650773	4.79838917967088	700	252	420	700	700	252	482	0.64	0.311428571428571	7.29439827812872	24	24	0	2	1	10	4	1	5000	2500	1	0.99	14	10000	101919	0.5897	0.9602	0.582027725057354	-4.35327126583893	0.607220363893299	5.46809726196435	9.82136852780329	1.18180806687907	-0.136928652699342	1.18826522556221	2.45799465601995	2.59492330871929	0.553096380287832	0.750101201835617	-9.90656909532114	0.66533881983577	11.2886044278478	21.1951735231689	0.0828	0.9348	2.54875259313414	-0.822862582782538	2.51080995661023	5.91419004427407	6.73705262705661	0	NA	NA	NA	NA	NA	NA	1	-1.79940337145038	3.23785249318698	1	-1.19962302962867	1.43909541321546	1	-4.04828797783526	16.3886355514855	1	-2.24963658653674	5.06086477148469	1.00112410409824	4378.95658044182	0	1.00159544578829	11760.0727653525	0	NA	NA	NA	NA	NA	NA	NA	NA
915	7	7	benefit_positive_truncnorm	benefit_positive_truncnorm	continuous	1	increasing	benefit	1	1	NA	1.46770807023422	2.63816655706185	700	252	420	700	700	252	485	0.64	0.307142857142857	6.4917287210139	24	24	0	2	1	10	4	1	5000	2500	1	0.99	14	10000	101914	0.4599	0.8151	-0.258973577010089	-5.5438247360437	-0.277066518369904	5.03165552510848	10.5754802611522	0.601830628743685	-0.719240157548383	0.607599226014498	1.8927077889949	2.61194794654329	0.465698924731183	-0.354655731627056	-11.6618731589967	-0.373364668720607	11.0634374809285	22.7253106399252	0.07	0.7793	1.3437653770585	-2.10416003718201	1.43406422987074	4.37882562176769	6.4829856589497	0	NA	NA	NA	NA	NA	NA	1	-1.72668164724431	2.98142951093033	1	-0.865877441490538	0.749743743682201	1	-2.99282228868891	8.9569852516731	1	-1.29440118000335	1.67547441479406	1.00159542485811	4462.04655662909	0	1.00156805333594	6726.12763601091	0	NA	NA	NA	NA	NA	NA	NA	NA
870	7	7	benefit_positive_truncnorm	benefit_positive_truncnorm	continuous	1	increasing	benefit	1	1	NA	2.08466751971309	4.2082010843855	700	252	420	700	700	252	460	0.64	0.342857142857143	6.88028332735719	24	24	0	2	1	10	4	1	5000	2500	1	0.99	14	10000	101869	0.7014	1	1.42802415943843	-4.01205234987157	1.49351807471122	6.62572976304678	10.6377821129184	3.01364148523031	1.70630173458656	3.02371894254014	4.28400614397712	2.57770440939056	0.620211360634082	1.72423899446248	-9.64741108116092	1.60974569445043	12.6751856023305	22.3225966834914	0.0916	0.999798772512325	6.78305900800127	1.97155062158686	7.13950769117862	11.5560720172768	9.58452139568994	0.0061	NA	NA	NA	NA	NA	NA	1	-0.656643360274664	0.431180502592802	1	0.928973965517221	0.862992628608792	1	-2.48396208992302	6.17006766417474	1	2.57485792361577	6.62989332680694	1.0009405304861	4410.28588698369	0	1.00234554744344	6725.4509344146	0	NA	NA	NA	NA	NA	NA	NA	NA
891	7	7	benefit_positive_truncnorm	benefit_positive_truncnorm	continuous	1	increasing	benefit	1	1	NA	2.42921901561518	4.99966380938116	700	252	420	700	700	252	469	0.64	0.33	7.03672165633402	24	24	0	2	1	10	4	1	5000	2500	1	0.99	14	10000	101890	0.7546	0.9936	1.74958261758546	-3.20133280853053	1.82809492694761	6.45262771712342	9.65396052565395	1.67249631547864	0.355750636182747	1.67963827067136	2.96853598253514	2.61278534635239	0.783104540654699	3.36547935152706	-7.20441807159382	3.17715068914683	13.5851797379225	20.7895978095163	0.053	0.9714	2.89775579820533	-0.0880694902552463	2.83279248301336	6.18018348293663	6.26825297319187	0	NA	NA	NA	NA	NA	NA	1	-0.679636398029722	0.461905633526814	1	-0.756722700136538	0.572629244901932	1	-1.6341844578541	2.6705588422919	1	-2.10190801117583	4.41801728744515	1.00087987725744	4462.90183091338	0	1.0013087346499	10991.6100250481	0	NA	NA	NA	NA	NA	NA	NA	NA
944	7	7	benefit_positive_truncnorm	benefit_positive_truncnorm	continuous	1	increasing	benefit	1	1	NA	2.5322897464166	4.79082968523321	700	252	420	700	700	252	495	0.64	0.292857142857143	7.96853545191626	24	24	0	2	1	10	4	1	5000	2500	1	0.99	14	10000	101943	0.6629	1	1.08010771445551	-4.09637357981689	1.12377347476036	6.10288710265298	10.1992606824699	2.75833149826795	1.48482422620278	2.75954910343162	4.01456518851149	2.52974096230871	0.582029503799732	1.10771403074977	-9.84140044284889	1.03179204551718	11.7541699187641	21.595570361613	0.1052	0.997499749974997	5.24103492735681	1.15592977720844	5.31885143510952	9.12963470822042	7.97370493101198	1e-04	NA	NA	NA	NA	NA	NA	1	-1.45218203196109	2.10883265395064	1	0.226041751851345	0.0510948735800251	1	-3.68311565448344	13.565340924301	1	0.450205242123597	0.202684760035567	1.00137600178962	4385.06661942126	0	1.00136955833115	12642.3982824389	0	NA	NA	NA	NA	NA	NA	NA	NA
908	7	7	benefit_positive_truncnorm	benefit_positive_truncnorm	continuous	1	increasing	benefit	1	1	NA	1.84989725410266	3.51440320642452	700	252	420	700	700	252	489	0.64	0.301428571428571	7.13209887814171	24	24	0	2	1	10	4	1	5000	2500	1	0.99	14	10000	101907	0.5727	0.9634	0.429338285963585	-4.57177133431688	0.460536282706475	5.35460563759145	9.92637697190832	1.22460779178062	-0.131441168761753	1.22796742474364	2.56839534127485	2.69983651003661	0.554587056003487	0.692884398251161	-10.3680705433386	0.612130513724797	11.6451944958035	22.0132650391421	0.0822	0.9629	2.57808511124322	-0.303724899856098	2.54627000531303	5.55494881713549	5.85867371699158	0	NA	NA	NA	NA	NA	NA	1	-1.42055896813907	2.01798778196035	1	-0.625289462322043	0.39098691169099	1	-2.82151880817336	7.96096838487599	1	-0.936318095181292	0.876691575363923	1.00177376650437	5074.8723222353	0	1.0018403196368	10792.350373624	0	NA	NA	NA	NA	NA	NA	NA	NA
946	7	7	benefit_positive_truncnorm	benefit_positive_truncnorm	continuous	1	increasing	benefit	1	1	NA	2.33994694238301	4.71263359880824	700	252	420	700	700	252	473	0.64	0.324285714285714	6.69525644297587	24	24	0	2	1	10	4	1	5000	2500	1	0.99	14	10000	101945	0.5854	0.9935	0.547101111411768	-4.64010298018147	0.56594934562025	5.72648908655108	10.3665920667325	1.63428292856155	0.322555141563354	1.63725572616723	2.92850179191364	2.60594665035029	0.53676946301488	0.657548694766998	-10.4939780187076	0.467803769072023	11.8954380307144	22.389416049422	0.0726	0.9853	3.44847978509054	0.520691165953805	3.39183571670238	6.88960033696445	6.36890917101064	0	NA	NA	NA	NA	NA	NA	1	-1.79284583097125	3.21429617363098	1	-0.705664013821459	0.497961700402613	1	-4.05508490404124	16.4437135789832	1	-1.26415381371771	1.59808486473702	1.00165547966982	4152.17371020631	0	1.0015927196601	9688.26423999239	0	NA	NA	NA	NA	NA	NA	NA	NA
927	7	7	benefit_positive_truncnorm	benefit_positive_truncnorm	continuous	1	increasing	benefit	1	1	NA	1.42358016246714	2.49440445063562	700	252	420	700	700	252	505	0.64	0.278571428571429	5.63332154012789	24	24	0	2	1	10	4	1	5000	2500	1	0.99	14	10000	101926	0.6181	0.953	0.865582943887252	-4.65061145682565	0.872289422941591	6.35269935690589	11.0033108137315	1.14054114723014	-0.187884410721997	1.13725190830548	2.5046815235069	2.69256593422889	0.582119484906059	1.17463460936051	-10.682475153325	1.06955287010918	12.7806553871869	23.463130540512	0.0526	0.8858	2.03140636027251	-1.17063973269817	1.98889571616256	5.47169889242166	6.64233862511983	0	NA	NA	NA	NA	NA	NA	1	-0.55799721857989	0.311360895942893	1	-0.283039015237005	0.0801110841463336	1	-1.31976984127511	1.74179243393934	1	-0.462998090363114	0.21436723167989	1.00199456215932	4376.30551143837	0	1.00112468012877	11129.2817636135	0	NA	NA	NA	NA	NA	NA	NA	NA
923	7	7	benefit_positive_truncnorm	benefit_positive_truncnorm	continuous	1	increasing	benefit	1	1	NA	1.74040073983964	3.48043101106395	700	252	420	700	700	252	508	0.64	0.274285714285714	6.13596080781633	24	24	0	2	1	10	4	1	5000	2500	1	0.99	14	10000	101922	0.7309	1	1.67991013160989	-3.69080212461255	1.73797308982574	6.79462995380541	10.485432078418	2.57903017364654	1.26832487763177	2.58136012892464	3.87876705010893	2.61044217247716	0.7254036598493	3.14550971047245	-7.98723744985669	2.89783805943381	13.8390952608861	21.8263327107428	0.071	1	5.41687251143375	2.42164277654564	5.31812813325294	8.84505656497928	6.42341378843364	0	NA	NA	NA	NA	NA	NA	1	-0.0604906082297565	0.00365911368400588	1	0.8386294338069	0.703299327247281	1	-0.334921300591508	0.112172277589907	1	1.9364415003698	3.74980568435443	1.0013560997868	4535.05666943565	0	1.00159146146657	11115.3137279405	0	NA	NA	NA	NA	NA	NA	NA	NA
945	7	7	benefit_positive_truncnorm	benefit_positive_truncnorm	continuous	1	increasing	benefit	1	1	NA	2.60357817584151	5.56814047487677	700	252	420	700	700	252	462	0.64	0.34	6.97920673705225	24	24	0	2	1	10	4	1	5000	2500	1	0.99	14	10000	101944	0.7301	1	1.70317254560368	-3.74478449942583	1.74686595233149	6.87009467719131	10.6148791766171	3.07496969455952	1.75557810635067	3.08167617403682	4.36395020033998	2.6083720939893	0.638943894389439	1.95727322372515	-9.28096135954174	1.89756139359644	12.8009084207447	22.0818697802864	0.091	1	7.15992689022664	3.86985721067341	7.19065040377583	10.5743485908116	6.70449138013816	0	NA	NA	NA	NA	NA	NA	1	-0.900405630237825	0.810730298963974	1	0.471391518718019	0.222209963919281	1	-3.61086725115162	13.0383623054393	1	1.59178641534988	2.53378399209241	1.00172372419306	4472.7394351162	0	1.00172234527246	6300.17171810611	0	NA	NA	NA	NA	NA	NA	NA	NA
957	7	7	benefit_positive_truncnorm	benefit_positive_truncnorm	continuous	1	increasing	benefit	1	1	NA	2.34623764042501	4.62060551896366	700	252	420	700	700	252	481	0.64	0.312857142857143	7.24785699993926	24	24	0	2	1	10	4	1	5000	2500	1	0.99	14	10000	101956	0.6048	0.9958	0.67010269879782	-4.29213406025095	0.686965059008296	5.47798832066798	9.77012238091893	1.83361928335301	0.504012267046543	1.84050970655436	3.13623823640988	2.63222596936333	0.546564390665514	0.60905783471988	-10.2610390344878	0.586544728395527	11.2019109406413	21.4629499751291	0.0744	0.9917	3.63285833596157	0.655716476348959	3.58142930686753	6.84018761104552	6.18447113469657	0	NA	NA	NA	NA	NA	NA	1	-1.67613494162719	2.80942834254358	1	-0.512618357071997	0.262777580007194	1	-4.01154768424378	16.0925148229616	1	-0.987747183002086	0.975644497528556	1.00153916275991	4387.51170264888	0	1.00196734476521	7234.24390960134	0	NA	NA	NA	NA	NA	NA	NA	NA
904	7	7	benefit_positive_truncnorm	benefit_positive_truncnorm	continuous	1	increasing	benefit	1	1	NA	1.90279084657055	3.77900568171301	700	252	420	700	700	252	504	0.64	0.28	6.89778918159705	24	24	0	2	1	10	4	1	5000	2500	1	0.99	14	10000	101903	0.6622	0.9994	1.14882986666271	-4.32886282287523	1.20692485546652	6.48697781844568	10.8158406413209	2.0518739058428	0.82336052769983	2.04751861074913	3.30899554642038	2.48563501872055	0.603257328990228	1.48203257302555	-9.89515703837046	1.3486781111713	12.6565674432495	22.55172448162	0.079	0.9983	4.29959106054124	1.29661770087047	4.40683208501408	6.93209505145064	5.63547735058016	0	NA	NA	NA	NA	NA	NA	1	-0.753960979907844	0.568457159223597	1	0.149083059272249	0.022225758561973	1	-2.29697310868745	5.27608546203331	1	0.52058537882823	0.271009136649731	1.00143403339062	4308.17502670096	0	1.00193048238474	8975.87039333788	0	NA	NA	NA	NA	NA	NA	NA	NA
943	7	7	benefit_positive_truncnorm	benefit_positive_truncnorm	continuous	1	increasing	benefit	1	1	NA	2.49703856987138	5.13132601943895	700	252	420	700	700	252	481	0.64	0.312857142857143	7.27620601352428	24	24	0	2	1	10	4	1	5000	2500	1	0.99	14	10000	101942	0.7734	1	1.95144520293083	-3.20291798455668	2.01334626159453	6.78978230120268	9.99270028575935	3.09596578932468	1.80718226438643	3.0960055650232	4.3548535248542	2.54767126046777	0.763901245551601	3.4582098973587	-7.1460226265329	3.3112338939742	13.4483898181858	20.5944124447187	0.1008	1	6.6940132765559	2.9454392081436	6.68382798654886	10.6564499886523	7.71101078050867	0.0016	NA	NA	NA	NA	NA	NA	1	-0.545593366940555	0.297672122049531	1	0.598927219453297	0.358713814202058	1	-1.67311612208025	2.79931755796486	1	1.56268725711696	2.44199146355572	1.00187255845373	4287.66519488457	0	1.00285880125939	12232.1469224203	0	NA	NA	NA	NA	NA	NA	NA	NA
930	7	7	benefit_positive_truncnorm	benefit_positive_truncnorm	continuous	1	increasing	benefit	1	1	NA	1.71508097076604	3.19531592668524	700	252	420	700	700	252	483	0.64	0.31	6.97690336265844	24	24	0	2	1	10	4	1	5000	2500	1	0.99	14	10000	101929	0.5636	0.9944	0.435885425422824	-5.01374254348866	0.442590104079145	5.76702710214024	10.7807696456289	1.686619467584	0.402775716210319	1.68400440791265	2.96869915265302	2.5659234364427	0.540331371266623	0.57511900745611	-10.8018735173559	0.541402874909156	11.6320715521113	22.4339450694672	0.0826	0.9802	3.40158547662484	0.200384760355206	3.44078722513164	6.76249256078847	6.56210780043327	0	NA	NA	NA	NA	NA	NA	1	-1.27919554534322	1.63634124322594	1	-0.0284615031820412	0.000810057163381342	1	-2.62019691922913	6.86543189553782	1	0.206269549939603	0.0425471272322866	1.00118289848795	4745.22491823567	0	1.00188972524025	10293.7037979654	0	NA	NA	NA	NA	NA	NA	NA	NA
893	7	7	benefit_positive_truncnorm	benefit_positive_truncnorm	continuous	1	increasing	benefit	1	1	NA	1.74871044497221	3.32467566414943	700	252	420	700	700	252	483	0.64	0.31	6.42743876721451	24	24	0	2	1	10	4	1	5000	2500	1	0.99	14	10000	101892	0.5502	0.962	0.299068686835118	-4.90499144068734	0.299102384883252	5.46124316652918	10.3662346072165	1.13853670020576	-0.131110597732175	1.13205431748019	2.43939958029646	2.57051017802863	0.519259259259259	0.29764344914103	-10.6803603968487	0.225220749066303	11.2938437597335	21.9742041565822	0.055	0.9208	1.94213546276218	-0.794123462995432	1.94307665543756	4.66284612251105	5.45696958550649	0	NA	NA	NA	NA	NA	NA	1	-1.4496417581371	2.10146122693481	1	-0.610173744766455	0.37231199880232	1	-3.0270322150084	9.16292403069868	1	-1.38254020138726	1.91141740845192	1.00164344108213	4347.1969277245	0	1.00188751510935	6432.59968467621	0	NA	NA	NA	NA	NA	NA	NA	NA
948	7	7	benefit_positive_truncnorm	benefit_positive_truncnorm	continuous	1	increasing	benefit	1	1	NA	1.70775438314053	2.95015878977236	700	252	420	700	700	252	492	0.64	0.297142857142857	7.00714887832143	24	24	0	2	1	10	4	1	5000	2500	1	0.99	14	10000	101947	0.3926	0.9836	-0.711832932283178	-5.72961003773654	-0.77991341103697	4.59575079220321	10.3253608299398	1.42416393709773	0.124656176965497	1.43161102409794	2.70106636051411	2.57641018354862	0.281276326874473	-2.56392684994479	-13.3616229027652	-2.52459185792393	9.39126727695015	22.7528901797154	0.0504	0.8865	2.08232106317004	-1.14669177249275	2.09648419559086	5.32087592356839	6.46756769606114	0	NA	NA	NA	NA	NA	NA	1	-2.41958731542371	5.8544027769593	1	-0.283590446042799	0.0804235410867536	1	-5.51408563971715	30.4051404421349	1	-0.867837726602322	0.753142319714287	1.00152997466198	4471.21113536372	0	1.00140873298905	10544.2096530512	0	NA	NA	NA	NA	NA	NA	NA	NA
941	7	7	benefit_positive_truncnorm	benefit_positive_truncnorm	continuous	1	increasing	benefit	1	1	NA	1.9554346783636	3.90354138990682	700	252	420	700	700	252	482	0.64	0.311428571428571	6.99088800400063	24	24	0	2	1	10	4	1	5000	2500	1	0.99	14	10000	101940	0.6629	0.9997	1.11118699403137	-4.21052722279982	1.14148061071033	6.29157011812812	10.5020973409279	2.26537724974803	0.956751648407985	2.26615599057821	3.59310168413986	2.63635003573187	0.599277583187391	1.36772074514499	-9.98103072637593	1.26754586081667	12.553482398287	22.5345131246629	0.0864	0.9998	4.62763486469138	1.96940309554793	4.63630795991256	7.31310175130313	5.3436986557552	0	NA	NA	NA	NA	NA	NA	1	-0.844247684332235	0.712754152500341	1	0.309942571384425	0.0960643975563897	1	-2.53582064476183	6.43038634240031	1	0.724093474784556	0.524311360225573	1.00134577213889	4784.96559322471	0	1.0014899924852	10676.278995208	0	NA	NA	NA	NA	NA	NA	NA	NA
909	7	7	benefit_positive_truncnorm	benefit_positive_truncnorm	continuous	1	increasing	benefit	1	1	NA	1.53136757140412	2.72156518081711	700	252	420	700	700	252	515	0.64	0.264285714285714	6.65862987930298	24	24	0	2	1	10	4	1	5000	2500	1	0.99	14	10000	101908	0.5884	0.9965	0.617616792249362	-4.75020141026012	0.604047056308937	6.05135750825923	10.8015589185194	1.78397693432643	0.48785238620382	1.78223422621416	3.06014785137699	2.57229546517317	0.535357871016203	0.529550613955581	-10.8972341388377	0.462830939981687	11.7116036526695	22.6088377915073	0.0681	0.9284	2.47203390570311	-0.736301332564062	2.59908737740642	5.31619120063389	6.05249253319795	0	NA	NA	NA	NA	NA	NA	1	-0.913750779154758	0.834940486405928	1	0.252609362922308	0.0638114902360142	1	-2.19201456686153	4.80492786133315	1	-0.249531275114006	0.0622658572600215	1.00141774063989	4412.05952874698	0	1.00140196146688	9436.06557908983	0	NA	NA	NA	NA	NA	NA	NA	NA
940	7	7	benefit_positive_truncnorm	benefit_positive_truncnorm	continuous	1	increasing	benefit	1	1	NA	1.64174718043791	3.13565255221624	700	252	420	700	700	252	482	0.64	0.311428571428571	6.66129206175164	24	24	0	2	1	10	4	1	5000	2500	1	0.99	14	10000	101939	0.5899	0.9964	0.602915307912119	-4.84842326444567	0.622949783505143	5.83104551299146	10.6794687774371	1.80775434907285	0.461858666304867	1.8077794617414	3.13771864728096	2.6758599809761	0.540286916190271	0.626227351435435	-10.7481782569512	0.496307908970447	11.8581103928264	22.6062886497776	0.0729	0.9655	3.45343937333033	-0.261096657043119	3.45221637315026	7.26160428176177	7.52270093880489	0	NA	NA	NA	NA	NA	NA	1	-1.03883187252579	1.07917165937544	1	0.166007168634937	0.0275583800381885	1	-2.5094252007808	6.29721483831377	1	0.317786821114097	0.100988463673803	1.00144631170682	4514.26455387295	0	1.00131272780176	12543.2398176875	0	NA	NA	NA	NA	NA	NA	NA	NA
907	7	7	benefit_positive_truncnorm	benefit_positive_truncnorm	continuous	1	increasing	benefit	1	1	NA	2.53202760536961	5.40044633986831	700	252	420	700	700	252	485	0.64	0.307142857142857	6.91408066428618	24	24	0	2	1	10	4	1	5000	2500	1	0.99	14	10000	101906	0.5702	0.9912	0.479087278179741	-4.90626742718668	0.498139252648906	5.75813494054596	10.6644023677326	1.59059159237975	0.282618635989128	1.58431384740785	2.90539161451584	2.62277297852672	0.544226579520697	0.622329458727184	-10.9545137082855	0.552386141405226	11.9187689420536	22.873282650339	0.082	0.9708	2.84007224233407	-0.123473779768502	2.77729091993575	5.99868828377168	6.12216206354018	0	NA	NA	NA	NA	NA	NA	1	-2.05294032718987	4.21456398700246	1	-0.941436012989867	0.886301766554258	1	-4.77811688114113	22.8304009298458	1	-2.56037409753424	6.5555155193243	1.00112223815154	4574.88178827647	0	1.00151489126871	6152.05333598159	0	NA	NA	NA	NA	NA	NA	NA	NA
916	7	7	benefit_positive_truncnorm	benefit_positive_truncnorm	continuous	1	increasing	benefit	1	1	NA	2.53299097884159	5.17133165050735	700	252	420	700	700	252	452	0.64	0.354285714285714	8.85124729911491	24	24	0	2	1	10	4	1	5000	2500	1	0.99	14	10000	101915	0.6992	0.9996	1.25119711443656	-3.62428620006705	1.3059530954261	5.87677031624076	9.50105651630781	2.28496174384788	0.996654494065959	2.28581635174075	3.54272437134954	2.54606987728358	0.601499423298731	1.22326615780658	-9.53894870009711	1.22103448494884	11.2538212772178	20.7927699773149	0.133	0.997096806487136	5.90457382643306	1.57047004270835	5.8544062418836	10.4534808876126	8.88301084490424	0.0011	NA	NA	NA	NA	NA	NA	1	-1.28179386440503	1.64299551082639	1	-0.248029234993715	0.0615185014115677	1	-3.94806549270077	15.5872211346546	1	0.733242175925703	0.53764408855626	1.0020973301487	4416.72233893069	0	1.00134189467858	12152.6314193466	0	NA	NA	NA	NA	NA	NA	NA	NA
929	7	7	benefit_positive_truncnorm	benefit_positive_truncnorm	continuous	1	increasing	benefit	1	1	NA	1.06098289824439	1.58984980222386	700	252	420	700	700	252	510	0.64	0.271428571428571	5.26128823968809	24	24	0	2	1	10	4	1	5000	2500	1	0.99	14	10000	101928	0.5962	0.9716	0.663507077513682	-4.82694172318921	0.672533503474837	6.02457355210093	10.8515152752901	1.28188456284061	-0.0375495482983342	1.28130701135509	2.58440753210855	2.62195708040689	0.580520833333333	1.14123884719264	-10.5019917080517	1.03142097240055	12.3564735159323	22.8584652239839	0.04	0.6504	0.700051380161635	-1.99809861544368	0.562391812683072	3.92264191873876	5.92074053418243	0	NA	NA	NA	NA	NA	NA	1	-0.397475820730708	0.15798702806555	1	0.220901664596222	0.0487975454213817	1	-0.448610955031217	0.201251788974021	1	-0.889798422062223	0.791741231904422	1.00146568412444	3806.75241497355	0	1.00107458879973	10468.4025465007	0	NA	NA	NA	NA	NA	NA	NA	NA
947	7	7	benefit_positive_truncnorm	benefit_positive_truncnorm	continuous	1	increasing	benefit	1	1	NA	1.5129184948646	2.77386985372642	700	252	420	700	700	252	483	0.64	0.31	6.77917442841516	24	24	0	2	1	10	4	1	5000	2500	1	0.99	14	10000	101946	0.5564	0.9925	0.415338103396099	-4.97997307031596	0.41129267518468	5.88075877582333	10.8607318461393	1.69250836981867	0.339205268544961	1.70175886234229	3.03316461838022	2.69395934983526	0.537051184110008	0.566403865663826	-10.6492556984522	0.479072889123449	11.8854355374665	22.5346912359187	0.0837	0.9757	3.57189909183015	0.0387830885706937	3.3713740344694	7.72116337759378	7.68238028902309	0	NA	NA	NA	NA	NA	NA	1	-1.0975803914685	1.20468271573615	1	0.179589874954064	0.0322525231860162	1	-2.20746598806259	4.87290608845316	1	0.798029238103728	0.636850664868416	1.0021239910201	4302.45222465624	0	1.00280080839453	7356.34428643436	0	NA	NA	NA	NA	NA	NA	NA	NA
894	7	7	benefit_positive_truncnorm	benefit_positive_truncnorm	continuous	1	increasing	benefit	1	1	NA	1.34756589527277	1.93691574261579	700	252	420	700	700	252	481	0.64	0.312857142857143	6.96079041823492	24	24	0	2	1	10	4	1	5000	2500	1	0.99	14	10000	101893	0.528	0.9596	0.210680807972056	-5.27311074346984	0.186981436294519	5.62640856144246	10.8995193049123	1.14110877777028	-0.146282714070446	1.1316707331622	2.44391121834727	2.59019393241772	0.50551249863552	0.0613666903626073	-11.3156359035873	0.0665407022393314	11.5614378480417	22.877073751629	0.0839	0.8873	2.09936748944491	-0.952728341695219	2.09917986181049	5.23233981594301	6.18506815763822	0	NA	NA	NA	NA	NA	NA	1	-1.13688508730072	1.29250770172675	1	-0.206457117502492	0.0426245413674376	1	-1.87554905225318	3.51768424740781	1	0.162451746829124	0.0263905700478337	1.0013249957523	4241.43817079748	0	1.00191819670598	11730.9262445103	0	NA	NA	NA	NA	NA	NA	NA	NA
955	7	7	benefit_positive_truncnorm	benefit_positive_truncnorm	continuous	1	increasing	benefit	1	1	NA	2.24012058780314	3.59459253141495	700	252	420	700	700	252	489	0.64	0.301428571428571	6.91656531546184	24	24	0	2	1	10	4	1	5000	2500	1	0.99	14	10000	101954	0.5672	0.9452	0.493991213334288	-4.82337290642154	0.498066100275389	5.78729757558169	10.6106704820032	1.05682767647255	-0.229502951282252	1.05768826043453	2.33950733075976	2.56901028204201	0.529552109315692	0.385019148565161	-11.1386838550655	0.345234178476311	11.6316221475843	22.7703060026497	0.0779	0.6948	0.800051906504381	-2.14533167437738	0.800559158282827	3.92135136068707	6.06668303506445	0	NA	NA	NA	NA	NA	NA	1	-1.74612937446885	3.04896779238299	1	-1.1832929113306	1.40018211400524	1	-3.20957338284979	10.3013612998979	1	-2.79454062491057	7.80945730427557	1.0015972298463	4319.25540528659	0	1.00157718349022	9363.36831498138	0	NA	NA	NA	NA	NA	NA	NA	NA
928	7	7	benefit_positive_truncnorm	benefit_positive_truncnorm	continuous	1	increasing	benefit	1	1	NA	2.34679662632899	4.30225427633523	700	252	420	700	700	252	474	0.64	0.322857142857143	7.31806192898826	24	24	0	2	1	10	4	1	5000	2500	1	0.99	14	10000	101927	0.8545	1	2.77224211814825	-2.42033268396777	2.85784421195824	7.59185267176337	10.0121853557311	3.01430924379575	1.73223855941826	3.02141379291729	4.30596520733937	2.57372664792111	0.811424716068818	4.27079600448238	-5.92949152944178	4.08455799483006	13.8952511773926	19.8247427068344	0.1107	1	6.05854336806538	2.94527892520469	5.94850116671907	9.48548768265657	6.54020875745188	0	NA	NA	NA	NA	NA	NA	1	0.425445491819264	0.181003866509335	1	0.667512617466762	0.445573094477327	1	-0.031458271852844	0.000989622867967437	1	1.75628909173015	3.08455137373033	1.00181067268811	4330.36620286234	0	1.00098340926778	9850.92226495419	0	NA	NA	NA	NA	NA	NA	NA	NA
954	7	7	benefit_positive_truncnorm	benefit_positive_truncnorm	continuous	1	increasing	benefit	1	1	NA	1.69168934091766	2.73752836347314	700	252	420	700	700	252	502	0.64	0.282857142857143	6.11067978992738	24	24	0	2	1	10	4	1	5000	2500	1	0.99	14	10000	101953	0.671	1	1.10791950477657	-3.79300746072669	1.14306770967389	5.94251706569894	9.73552452642562	3.04335967334908	1.73302799372885	3.03757269750567	4.34312544160481	2.61009744787596	0.633124550775234	1.55516820880599	-9.08342124384528	1.34888611664785	12.179443510484	21.2628647543293	0.0261	1	5.5287612369045	2.73371699795858	5.4991146385013	8.5814273918556	5.84771039389702	0	NA	NA	NA	NA	NA	NA	1	-0.583769836141085	0.340787221588189	0	1.35167033243142	1.82701268757528	1	-1.18236015466715	1.39797553534452	1	2.79123287343136	7.79098095372389	1.00124181211629	4548.41084016021	0	1.00173870123393	12456.8966474403	0	NA	NA	NA	NA	NA	NA	NA	NA
937	7	7	benefit_positive_truncnorm	benefit_positive_truncnorm	continuous	1	increasing	benefit	1	1	NA	1.87538440640017	3.42286072603985	700	252	420	700	700	252	507	0.64	0.275714285714286	6.68457886839415	24	24	0	2	1	10	4	1	5000	2500	1	0.99	14	10000	101936	0.6501	0.9984	1.03641426430272	-4.35407899980802	1.09043062599361	6.1703534474614	10.5244324472694	1.92426392736918	0.609383866524753	1.9297006912511	3.22293318866471	2.61354932213996	0.610997083288322	1.49608449526623	-9.57915291717336	1.38644210581493	12.3787575208763	21.9579104380496	0.0743	0.9962	3.64233668790986	0.962396170351655	3.58465175604947	6.55150024725237	5.58910407690071	0	NA	NA	NA	NA	NA	NA	1	-0.838970142097451	0.703870899331017	1	0.0488795209690112	0.00238920757016	1	-1.92677623077362	3.71246664347421	1	0.21947596187001	0.0481696978387661	1.00141856877812	4316.11121495226	0	1.00172011251502	10834.742173857	0	NA	NA	NA	NA	NA	NA	NA	NA
910	7	7	benefit_positive_truncnorm	benefit_positive_truncnorm	continuous	1	increasing	benefit	1	1	NA	2.57569266408001	5.52557060161622	700	252	420	700	700	252	477	0.64	0.318571428571429	7.0479672592542	24	24	0	2	1	10	4	1	5000	2500	1	0.99	14	10000	101909	0.7571	1	1.86703342807408	-3.36997881933281	1.91576110706077	6.72098360576513	10.0909624250979	2.49888495884864	1.15793903175639	2.49938588763854	3.78607773489333	2.62813870313694	0.742109909512249	3.24729293528374	-7.78235208204385	3.07312866691168	13.7758472209684	21.5581993030123	0.0938	0.9978	5.29581345403309	1.6339733565646	5.04015904755983	10.2639161048196	8.62994274825496	0	NA	NA	NA	NA	NA	NA	1	-0.708659236005932	0.502197912776512	1	-0.0768077052313769	0.00589942358291009	1	-2.27827766633248	5.19054912490939	1	-0.229757147583134	0.0527883468655382	1.00282513613286	4118.67095556396	0	1.00216978963282	11105.0196897007	0	NA	NA	NA	NA	NA	NA	NA	NA
939	7	7	benefit_positive_truncnorm	benefit_positive_truncnorm	continuous	1	increasing	benefit	1	1	NA	1.73555493716759	3.16017499454926	700	252	420	700	700	252	499	0.64	0.287142857142857	7.2158028921761	24	24	0	2	1	10	4	1	5000	2500	1	0.99	14	10000	101938	0.622	0.9984	0.785697083018764	-4.31427309267719	0.816302102916967	5.66751029094685	9.98178338362404	2.04688445016986	0.765627570665109	2.05782943921671	3.32436168789649	2.55873411723138	0.571552471812663	0.86832267259748	-10.1322447538571	0.87930473805959	11.4174553187471	21.5497000726042	0.0776	0.9916	3.52051004459259	0.636995392178313	3.32118660219293	7.04838831662533	6.41139292444702	0	NA	NA	NA	NA	NA	NA	1	-0.949857854148825	0.90222994308821	1	0.311329513002269	0.0969260656662299	1	-2.29185232195178	5.25258706563578	1	0.360335050043328	0.129841348289728	1.00134265659643	4219.03744384363	0	1.00132204813814	7576.77639932111	0	NA	NA	NA	NA	NA	NA	NA	NA
956	7	7	benefit_positive_truncnorm	benefit_positive_truncnorm	continuous	1	increasing	benefit	1	1	NA	2.5193648700274	5.46415166746853	700	252	420	700	700	252	484	0.64	0.308571428571429	6.32328320192216	24	24	0	2	1	10	4	1	5000	2500	1	0.99	14	10000	101955	0.6613	0.9996	1.0316700712744	-4.04556884703895	1.08412844039055	5.92314278499482	9.96871163203377	2.24326950597318	0.976408290770563	2.23652677913972	3.51954097787246	2.54313268710189	0.668372141589224	2.13207821011525	-8.71376642401055	1.88920719652723	12.7742885754347	21.4880549994452	0.0423	0.9835	3.83481408659062	0.364233892469403	3.81965503201053	7.37847361156446	7.01423971909505	0	NA	NA	NA	NA	NA	NA	1	-1.487694798753	2.21323581423672	1	-0.276095364054222	0.0762286500522334	1	-3.33207345735328	11.1027135251982	1	-1.62933758087791	2.65474095246107	1.0014094545153	4559.54598297946	0	1.00167496119791	11547.0598177844	0	NA	NA	NA	NA	NA	NA	NA	NA
942	7	7	benefit_positive_truncnorm	benefit_positive_truncnorm	continuous	1	increasing	benefit	1	1	NA	1.48573018058929	2.52582852522356	700	252	420	700	700	252	482	0.64	0.311428571428571	6.86631934954873	24	24	0	2	1	10	4	1	5000	2500	1	0.99	14	10000	101941	0.5196	0.9692	0.144172688941413	-5.14178368874015	0.132326493566049	5.44994176578598	10.5917254545261	1.24421824144923	-0.0584494383112638	1.24570812293137	2.52851437230275	2.58696381061401	0.510184182015168	0.18019295539305	-11.4772140213115	0.104138367461331	11.7555627034926	23.232776724804	0.077	0.8178	1.61640663119308	-1.63917074124791	1.61214587513766	4.91033243730026	6.54950317854817	0	NA	NA	NA	NA	NA	NA	1	-1.34155749164788	1.79977650339656	1	-0.241511939140061	0.0583280167471924	1	-2.34563556983051	5.50200622645409	1	-0.909421894030475	0.827048181341977	1.00150227724268	4581.98126549083	0	1.00202241469054	6948.49728589502	0	NA	NA	NA	NA	NA	NA	NA	NA
961	7	7	benefit_positive_truncnorm	benefit_positive_truncnorm	continuous	1	increasing	benefit	1	1	NA	2.57890965875514	5.5211677261032	700	252	420	700	700	252	481	0.64	0.312857142857143	7.39046583394072	24	24	0	2	1	10	4	1	5000	2500	1	0.99	14	10000	101960	0.7658	1	1.86707373005485	-3.30320305555253	1.91998991323784	6.7670576577999	10.0702607133524	3.14328851556614	1.85925121990076	3.1471029909722	4.41504078939716	2.55578956949639	0.683794025858226	2.41773237353764	-8.29479675974392	2.27610170554415	12.7588783765009	21.0536751362448	0.1028	0.999899989999	7.14224212064678	4.24982420401216	7.15422787204612	9.89784314880953	5.64801894479737	1e-04	NA	NA	NA	NA	NA	NA	1	-0.711835928700285	0.506710389388597	1	0.564378856811004	0.318523494015296	1	-3.10343535256556	9.63131098755371	1	1.62107439454358	2.62788219264484	1.00149955033143	4555.13273206396	0	1.00169982480972	9664.72733140576	0	NA	NA	NA	NA	NA	NA	NA	NA
919	7	7	benefit_positive_truncnorm	benefit_positive_truncnorm	continuous	1	increasing	benefit	1	1	NA	2.00369531400587	3.89077067236891	700	252	420	700	700	252	490	0.64	0.3	6.91015303828468	24	24	0	2	1	10	4	1	5000	2500	1	0.99	14	10000	101918	0.6312	0.9989	0.886026951190336	-4.48139736366852	0.941796594893973	6.10912713656594	10.5905245002345	2.0442364243361	0.731309854031393	2.04929370139164	3.31936319170209	2.58805333767069	0.577107907383137	1.11689884978125	-10.1662707609333	1.0462534152606	12.3074689163664	22.4737396772997	0.0844	0.9987	4.69957571887828	1.84916773994196	4.70158170405687	7.42949433500749	5.58032659506553	0	NA	NA	NA	NA	NA	NA	1	-1.11766836281554	1.24918256923876	1	0.0405411103302242	0.00164358162680741	1	-2.77387182258766	7.69436488814579	1	0.808805046509367	0.65416560325902	1.0020820042381	4582.021148479	0	1.00132750071345	6729.71566334755	0	NA	NA	NA	NA	NA	NA	NA	NA
975	7	7	benefit_positive_truncnorm	benefit_positive_truncnorm	continuous	1	increasing	benefit	1	1	NA	2.22039824292871	4.42965722116692	700	252	420	700	700	252	464	0.64	0.337142857142857	7.41544991203716	24	24	0	2	1	10	4	1	5000	2500	1	0.99	14	10000	101974	0.7542	1	1.71278191492313	-3.25277946580059	1.74973171049716	6.42745108741324	9.68023055321383	2.66605277611969	1.37871353377919	2.66728314359496	3.94381497785204	2.56510144407286	0.671771705597179	2.2929132723587	-8.61272966163349	2.14531204947906	12.5758558693786	21.1885855310121	0.0924	0.999299649824912	5.74436075987005	1.93688498684957	5.42964486032233	10.7816729972247	8.84478801037513	5e-04	NA	NA	NA	NA	NA	NA	1	-0.507616328005588	0.257674336457876	1	0.445654533190973	0.198607962953664	1	-2.13674394880821	4.56567470276852	1	1.31470353870313	1.72844539467854	1.00173486625535	4046.71855934202	0	1.00155061278403	6485.19663839281	0	NA	NA	NA	NA	NA	NA	NA	NA
951	7	7	benefit_positive_truncnorm	benefit_positive_truncnorm	continuous	1	increasing	benefit	1	1	NA	1.81380035117849	3.23323000813973	700	252	420	700	700	252	484	0.64	0.308571428571429	6.92704397927466	24	24	0	2	1	10	4	1	5000	2500	1	0.99	14	10000	101950	0.4852	0.8769	-0.11377395161997	-5.44777668642607	-0.112146124603847	5.26788647086196	10.715663157288	0.764583428445592	-0.550464455281448	0.761676207108139	2.08663493545444	2.63709939073589	0.497505422993492	-0.00891490621107152	-11.3320055930272	-0.0242082882366565	11.4846331410289	22.8166387340561	0.078	0.8204	1.61485266393556	-1.66659575349763	1.56628329392915	4.87050947355931	6.53710522705694	0	NA	NA	NA	NA	NA	NA	1	-1.92757430279846	3.71554269280897	1	-1.0492169227329	1.10085615094909	1	-3.2421449143508	10.5115036456507	1	-1.61837734420417	2.61914522823334	1.00115618108201	4332.21213808888	0	1.00167248275529	9826.05558722339	0	NA	NA	NA	NA	NA	NA	NA	NA
950	7	7	benefit_positive_truncnorm	benefit_positive_truncnorm	continuous	1	increasing	benefit	1	1	NA	1.80890142851929	3.44084450215172	700	252	420	700	700	252	510	0.64	0.271428571428571	6.31297290962715	24	24	0	2	1	10	4	1	5000	2500	1	0.99	14	10000	101949	0.5701	0.998	0.449930644091056	-4.6720467577027	0.467003734056473	5.59435996239579	10.2664067200985	1.9099162604869	0.617586137000785	1.90759712368846	3.23038022718977	2.61279409018899	0.57091409808283	0.923228713654779	-10.3813205365214	0.874099079260166	11.974931708037	22.3562522445584	0.0559	0.9996	3.44163051551344	1.21869540995999	3.13536312518446	6.95445314108611	5.73575773112611	0	NA	NA	NA	NA	NA	NA	1	-1.35897078442824	1.84680159292949	1	0.101014831967611	0.0102039962774447	1	-2.51761578849694	6.33838925848909	1	0.000786013361719906	6.17817004802228e-07	1.00320117238404	4161.20883325787	0	1.00136143324135	10624.0226027365	0	NA	NA	NA	NA	NA	NA	NA	NA
960	7	7	benefit_positive_truncnorm	benefit_positive_truncnorm	continuous	1	increasing	benefit	1	1	NA	1.51811828909399	2.88670699732453	700	252	420	700	700	252	482	0.64	0.311428571428571	7.02010759112782	24	24	0	2	1	10	4	1	5000	2500	1	0.99	14	10000	101959	0.6418	0.9683	0.892487769247145	-4.31848897865223	0.920264446580089	5.75483498960786	10.0733239682601	1.22776247816	-0.0702674174574321	1.23079236053606	2.53211744979674	2.60238486725417	0.685229238754325	2.38524305972131	-8.95327836060796	2.25797610296822	13.2921500779577	22.2454284385657	0.0752	0.9489	2.76723418559065	-0.494638268707021	2.57310160584528	6.46980477126625	6.96444303997327	0	NA	NA	NA	NA	NA	NA	1	-0.625630519846849	0.391413547363839	1	-0.290355810933998	0.0843064969431394	1	-0.50146393760322	0.251466080716526	1	-0.119472811733878	0.0142737527435986	1.00139316393047	4450.46852511129	0	1.00171759261283	11632.4429728181	0	NA	NA	NA	NA	NA	NA	NA	NA
976	7	7	benefit_positive_truncnorm	benefit_positive_truncnorm	continuous	1	increasing	benefit	1	1	NA	2.32410575939688	4.81374439579304	700	252	420	700	700	252	492	0.64	0.297142857142857	6.420359648206	24	24	0	2	1	10	4	1	5000	2500	1	0.99	14	10000	101975	0.7199	1	1.61938598154151	-3.85166138584025	1.67290484056243	6.81503236645023	10.6666937522905	3.35291708106346	2.07857997888775	3.35804785363375	4.64303931076641	2.56445933187865	0.653937947494033	2.09522027557313	-9.07893039345445	1.95767527048115	12.9080171831154	21.9869475765698	0.0782	1	6.63755487299103	3.07057163213532	6.7750409142487	9.48212624799289	6.41155461585757	0	NA	NA	NA	NA	NA	NA	1	-0.704719777855369	0.496629965300521	1	1.02881132166659	1.05845273558935	1	-2.71852412021992	7.39037339221748	1	1.82381047719799	3.32628465673714	1.00123182592535	4348.38350747692	0	1.00137090012917	9576.27164860106	0	NA	NA	NA	NA	NA	NA	NA	NA
962	7	7	benefit_positive_truncnorm	benefit_positive_truncnorm	continuous	1	increasing	benefit	1	1	NA	1.61924262783843	3.30103408018812	700	252	420	700	700	252	477	0.64	0.318571428571429	6.87492426145911	24	24	0	2	1	10	4	1	5000	2500	1	0.99	14	10000	101961	0.572	0.9951	0.519907182346789	-4.98920086846627	0.506870175012315	5.95569066180774	10.944891530274	1.76471208188492	0.431355797262721	1.7646918423705	3.1027749883704	2.67141919110768	0.552427714129842	0.65106832119877	-10.7680912257631	0.66997316262192	11.8169246829886	22.5850159087517	0.0835	0.965293058611722	3.97461879322523	-0.255818136635574	3.75235194005645	9.06633879688727	9.32215693352285	2e-04	NA	NA	NA	NA	NA	NA	1	-1.09933544549164	1.2085384217143	1	0.145469454046487	0.0211613620605831	1	-2.64996575898935	7.02231852381598	1	0.673584713037119	0.453716365637298	1.0014311312552	4319.22865344963	0	1.00169670321556	10602.8457461802	0	NA	NA	NA	NA	NA	NA	NA	NA
953	7	7	benefit_positive_truncnorm	benefit_positive_truncnorm	continuous	1	increasing	benefit	1	1	NA	1.48779233734741	2.21855963247157	700	252	420	700	700	252	478	0.64	0.317142857142857	6.65173670871165	24	24	0	2	1	10	4	1	5000	2500	1	0.99	14	10000	101952	0.6746	1	1.2662079764282	-4.05278086357355	1.28560258521795	6.5196376038179	10.5724184673914	2.40620616525378	1.10416736298967	2.41217368111982	3.69725939362629	2.59309203063662	0.620420550617819	1.71540206735867	-9.45779344359963	1.52439788360159	12.7249281717583	22.182721615358	0.0774	0.9992	3.69119669513615	1.1147419733803	3.51972625637557	7.16019012296709	6.04544814958679	0	NA	NA	NA	NA	NA	NA	1	-0.221584360919206	0.0490996290039728	1	0.918413827906374	0.843483959289638	1	-0.503157565112893	0.253167535330335	1	1.47263706266458	2.16865991833336	1.00207475091801	4406.25260846113	0	1.00282038834539	9686.24798574422	0	NA	NA	NA	NA	NA	NA	NA	NA
986	7	7	benefit_positive_truncnorm	benefit_positive_truncnorm	continuous	1	increasing	benefit	1	1	NA	1.80846834942052	3.3417747096694	700	252	420	700	700	252	465	0.64	0.335714285714286	7.97805300951059	24	24	0	2	1	10	4	1	5000	2500	1	0.99	14	10000	101985	0.7398	1	1.70374456071106	-3.47384236034093	1.72356744063184	6.81356041833357	10.2874027786745	2.90335679096676	1.58886179667241	2.90729462065856	4.21119906003702	2.62233726336461	0.64574806730332	1.93990388319838	-9.17952358040558	1.87903919992542	12.2167185666716	21.3962421470772	0.1204	1	6.81009700371161	3.38620456021869	6.74948929117907	10.411994250085	7.02578968986629	3e-04	NA	NA	NA	NA	NA	NA	1	-0.10472378870946	0.0109670719216637	1	1.09488844154624	1.19878069943155	1	-1.40187082647102	1.96524181411055	0	3.46832229404221	12.0292595353502	1.00164805863197	4285.78942180266	0	1.0023155993367	11297.5959079294	0	NA	NA	NA	NA	NA	NA	NA	NA
938	7	7	benefit_positive_truncnorm	benefit_positive_truncnorm	continuous	1	increasing	benefit	1	1	NA	1.70935570799537	3.21685959337051	700	252	420	700	700	252	499	0.64	0.287142857142857	6.13526403860024	24	24	0	2	1	10	4	1	5000	2500	1	0.99	14	10000	101937	0.6689	0.9295	1.12037582218695	-4.04101546449703	1.1813839922892	6.04731640234933	10.0883318668464	1.00108047249963	-0.31649165696341	0.997978767793835	2.31992869099104	2.63642034795445	0.701245681984717	2.5549426317616	-8.26745095396347	2.37248654283576	12.9859255050112	21.2533764589747	0.0447	0.9456	2.20637272611533	-0.536198523251722	2.20148963433252	4.98207120284562	5.51826972609734	0	NA	NA	NA	NA	NA	NA	1	-0.588979885808419	0.346897305886898	1	-0.708275235495742	0.501653809216549	1	-0.661916961608914	0.438134064065577	1	-1.01048686725518	1.02108370889519	1.00176694666628	4210.50700784039	0	1.00143308702128	11413.1007465772	0	NA	NA	NA	NA	NA	NA	NA	NA
959	7	7	benefit_positive_truncnorm	benefit_positive_truncnorm	continuous	1	increasing	benefit	1	1	NA	1.9590013648843	3.84632818546031	700	252	420	700	700	252	500	0.64	0.285714285714286	6.91642042695407	24	24	0	2	1	10	4	1	5000	2500	1	0.99	14	10000	101958	0.6339	0.9939	0.969464713819372	-4.62035990277444	1.00227941243771	6.38142956278427	11.0017894655587	1.68364742696589	0.381152483450846	1.67970785312286	2.93607590130827	2.55492341785742	0.58521919755111	1.23520454719324	-10.1890793551785	1.09992040677445	12.4519605512126	22.6410399063911	0.0853	0.9847	3.01813762638878	0.275436030755897	3.05501797529273	5.82659916446264	5.55116313370675	0	NA	NA	NA	NA	NA	NA	1	-0.989536651064927	0.979182783800791	1	-0.275353937918408	0.0758197911271745	1	-2.61112363826707	6.81796665431706	1	-0.828190559071526	0.685899602135206	1.00127396248888	4706.18055502232	0	1.00140453999068	5885.5044840352	0	NA	NA	NA	NA	NA	NA	NA	NA
966	7	7	benefit_positive_truncnorm	benefit_positive_truncnorm	continuous	1	increasing	benefit	1	1	NA	1.75089842467013	3.19426013285274	700	252	420	700	700	252	490	0.64	0.3	5.61052854770229	24	24	0	2	1	10	4	1	5000	2500	1	0.99	14	10000	101965	0.6617	0.9906	1.19905845529429	-4.38406108581259	1.22775274041516	6.69203283024067	11.0760939160533	1.56833198302604	0.274192487160927	1.56490059107766	2.85645069648578	2.58225820932485	0.626242334531613	1.78127919071094	-9.67382387105007	1.5471024962197	13.183690091997	22.8575139630471	0.0542	0.9854	3.07936881437503	0.35683455195656	3.08388420834594	6.0164336061897	5.65959905423314	0	NA	NA	NA	NA	NA	NA	1	-0.551839969375832	0.304527351800719	1	-0.182566441644083	0.0333305056145824	1	-1.41298094214179	1.99651514285591	1	-0.114891318477709	0.0132000150615464	1.00122806430028	4440.56255194665	0	1.00118941906014	7281.19041921875	0	NA	NA	NA	NA	NA	NA	NA	NA
958	7	7	benefit_positive_truncnorm	benefit_positive_truncnorm	continuous	1	increasing	benefit	1	1	NA	1.75653710158701	2.93155419062825	700	252	420	700	700	252	490	0.64	0.3	6.96300156010542	24	24	0	2	1	10	4	1	5000	2500	1	0.99	14	10000	101957	0.6839	1	1.32994796576043	-4.10844989638314	1.36124013175073	6.57376755537673	10.6822174517599	2.53580702126175	1.26263637649996	2.53723644704787	3.81736378515264	2.55472740865268	0.613732970027248	1.57346139816958	-9.6644048837552	1.46376105679578	12.6088761663555	22.2732810501108	0.0825	0.999	4.38006575351981	1.55318043701163	4.1507183636352	8.02778142720001	6.47460099018838	0	NA	NA	NA	NA	NA	NA	1	-0.426589135826579	0.181978290805267	1	0.779269919674744	0.607261607709881	1	-1.35809279245867	1.8444160329282	1	1.44851156289156	2.09818574783054	1.00134545474632	4615.16201818891	0	1.0024763540143	12189.0693476334	0	NA	NA	NA	NA	NA	NA	NA	NA
949	7	7	benefit_positive_truncnorm	benefit_positive_truncnorm	continuous	1	increasing	benefit	1	1	NA	2.15302209079018	4.38860902754757	700	252	420	700	700	252	470	0.64	0.328571428571429	7.66618204110507	24	24	0	2	1	10	4	1	5000	2500	1	0.99	14	10000	101948	0.657	0.9998	0.997929682945145	-4.01827957675733	1.03908943068541	5.94933454509689	9.96761412185423	2.41583261532696	1.1281121648256	2.41044240645124	3.70766136500441	2.57954920017882	0.590370780298838	1.24213423179513	-9.63488237578712	1.1557799075782	11.6019042520299	21.236786627817	0.0965	0.995598679603881	5.78570185293564	1.05940530405108	5.59303795608103	11.040435023973	9.98102971992187	3e-04	NA	NA	NA	NA	NA	NA	1	-1.15509240784504	1.33423847066125	1	0.262810524536775	0.069069371807295	1	-3.14647479575244	9.90030364030537	1	1.39709282538807	1.95186836275082	1.0013902457373	4305.49392310656	0	1.00157532263277	7279.59067057327	0	NA	NA	NA	NA	NA	NA	NA	NA
970	7	7	benefit_positive_truncnorm	benefit_positive_truncnorm	continuous	1	increasing	benefit	1	1	NA	2.57075689823029	5.50069160939842	700	252	420	700	700	252	472	0.64	0.325714285714286	7.86975581610426	24	24	0	2	1	10	4	1	5000	2500	1	0.99	14	10000	101969	0.6778	0.9999	1.19271954647724	-3.90248137734511	1.23894575376934	6.20613851398831	10.1086198913334	2.5816250365807	1.32208382832487	2.5824051878603	3.84864648315017	2.5265626548253	0.591295591855001	1.27272317782861	-9.78819022005306	1.21648490502207	11.9794545227425	21.7676447427955	0.1062	1	5.4888981200333	2.62784526958798	5.07466270710635	9.57206242757961	6.94421715799163	0	NA	NA	NA	NA	NA	NA	1	-1.37803735175305	1.89898694282657	1	0.0108681383504132	0.000118116431203723	1	-4.22796843156982	17.8757170583509	1	-0.0117934893651217	0.000139086391405239	1.00188331485043	4975.00904623428	0	1.00207516837843	11259.7542005671	0	NA	NA	NA	NA	NA	NA	NA	NA
972	7	7	benefit_positive_truncnorm	benefit_positive_truncnorm	continuous	1	increasing	benefit	1	1	NA	1.57859120073005	2.5534378273001	700	252	420	700	700	252	504	0.64	0.28	7.02891134737305	24	24	0	2	1	10	4	1	5000	2500	1	0.99	14	10000	101971	0.5135	0.9787	0.0950935382992213	-4.68643118342537	0.0833004145854517	4.98782387473881	9.67425505816418	1.31091628752443	0.051640493862473	1.3121584789331	2.5455557691349	2.49391527527243	0.469610979259106	-0.275338559690678	-11.0830803806234	-0.206081101405724	10.6456865856578	21.7287669662811	0.0309	0.916	1.74660938849169	-0.755916004967383	1.76562977099096	4.16308899559283	4.91900500056021	0	NA	NA	NA	NA	NA	NA	1	-1.48349766243083	2.20076531443774	1	-0.267674913205624	0.0716498591596382	1	-2.82877638699077	8.00197584759658	1	-0.806828438808409	0.650972129670015	1.00175812655052	4476.4433251578	0	1.00147745661442	11223.1037188566	0	NA	NA	NA	NA	NA	NA	NA	NA
952	7	7	benefit_positive_truncnorm	benefit_positive_truncnorm	continuous	1	increasing	benefit	1	1	NA	2.14439094638753	4.93567134564006	700	252	420	700	700	252	456	0.64	0.348571428571429	8.00591059651802	24	24	0	2	1	10	4	1	5000	2500	1	0.99	14	10000	101951	0.8805	1	3.12947737241196	-2.11902505140827	3.21228542482343	7.85382092619867	9.97284597760694	2.80704280826426	1.54298827926643	2.80022507586074	4.07233448563568	2.52934620636925	0.90136894075404	5.26222477917706	-4.60800989624077	5.00945803831865	14.1800917067969	18.7881016030376	0.1088	0.999899809638313	7.12665563977342	3.02709062191941	6.95515646312652	11.7263470298082	8.69925640788874	0.0019	NA	NA	NA	NA	NA	NA	1	0.985086426024437	0.970395266737598	1	0.662651861876738	0.439107490048708	1	0.326553433536999	0.106637144954803	1	2.19098429413336	4.80041217713906	1.00202632256798	4349.57155022735	0	1.00098837898054	10370.447322667	0	NA	NA	NA	NA	NA	NA	NA	NA
982	7	7	benefit_positive_truncnorm	benefit_positive_truncnorm	continuous	1	increasing	benefit	1	1	NA	1.47911719359137	2.87342919907716	700	252	420	700	700	252	488	0.64	0.302857142857143	7.20483277597495	24	24	0	2	1	10	4	1	5000	2500	1	0.99	14	10000	101981	0.7856	1	2.03510789644337	-2.94217642264277	2.10193568439348	6.88771031237459	9.82988673501736	2.83562415505265	1.57091343635202	2.84210008236917	4.07151966111651	2.50060622476448	0.726857015391479	3.04517088672726	-7.52250508857491	2.93550378260288	13.0125645843959	20.5350696729708	0.1034	1	5.6857832037676	2.84768755131161	5.63138391227041	9.31686349813463	6.46917594682301	0	NA	NA	NA	NA	NA	NA	1	0.555990702852	0.309125661657861	0	1.35650696146128	1.84011113649292	1	0.1717416876501	0.0294952072769046	1	2.81235400469044	7.90933504769836	1.00136283015943	4501.46069135425	0	1.00134370501304	11946.5246668153	0	NA	NA	NA	NA	NA	NA	NA	NA
969	7	7	benefit_positive_truncnorm	benefit_positive_truncnorm	continuous	1	increasing	benefit	1	1	NA	3.00570813021001	7.11056848552996	700	252	420	700	700	252	464	0.64	0.337142857142857	7.08984588771161	24	24	0	2	1	10	4	1	5000	2500	1	0.99	14	10000	101968	0.7908	1	2.10001414063097	-3.15403386389448	2.19531005537161	6.93456392358316	10.0885977874776	3.57350350516413	2.23963170317698	3.58261221090798	4.86877091371676	2.62913921053979	0.749806522940851	3.37947909225451	-7.1744178655101	3.24030468384838	13.3395388328659	20.513956698376	0.0955	1	9.4029514176627	5.55625733071598	9.19909511553828	13.7559828500006	8.19972551928464	0.0014	NA	NA	NA	NA	NA	NA	1	-0.905693989579045	0.820281602759607	1	0.567795374954115	0.322391587819284	1	-3.73108939327545	13.9210280606126	1	2.29238293213274	5.2550195075335	1.00158831637731	4885.84670094572	0	1.00288555403663	10977.9436190282	0	NA	NA	NA	NA	NA	NA	NA	NA
989	7	7	benefit_positive_truncnorm	benefit_positive_truncnorm	continuous	1	increasing	benefit	1	1	NA	1.32778245161036	2.1166504436161	700	252	420	700	700	252	480	0.64	0.314285714285714	6.61534417474756	24	24	0	2	1	10	4	1	5000	2500	1	0.99	14	10000	101988	0.4351	0.7241	-0.424527945583109	-5.84906003327754	-0.447814251292689	5.02797408245054	10.8770341157281	0.406436062796137	-0.917933887147243	0.403618008966492	1.74358443719868	2.66151832434592	0.459641499185225	-0.526030553072946	-11.673247659196	-0.536421841231547	10.8284549212548	22.5017025804508	0.0795	0.7049	0.772173943236675	-2.59390786803569	0.870434866718078	3.79653792177657	6.39044578981226	0	NA	NA	NA	NA	NA	NA	1	-1.75231039719346	3.07059172811232	1	-0.921346388814219	0.848879168181002	1	-2.64268099668904	6.98376285026139	1	-1.34447650037942	1.8076170600725	1.0012640886354	3988.32964428323	0	1.00156563649292	10141.4241219284	0	NA	NA	NA	NA	NA	NA	NA	NA
974	7	7	benefit_positive_truncnorm	benefit_positive_truncnorm	continuous	1	increasing	benefit	1	1	NA	2.64904727349437	5.70318688443714	700	252	420	700	700	252	492	0.64	0.297142857142857	6.70279929903561	24	24	0	2	1	10	4	1	5000	2500	1	0.99	14	10000	101973	0.7575	1	1.93262434951137	-3.61518248605712	1.98150221147537	7.21922570685427	10.8344081929114	2.95324149051282	1.67399029208261	2.9567340908914	4.2185154574526	2.54452516536999	0.671036818529444	2.39295933234869	-8.85300582700543	2.1862776907487	13.1179008939172	21.9709067209226	0.0847	0.9995	5.248520650546	2.05670507126122	4.99802717067272	9.2536628560227	7.19695778476148	0	NA	NA	NA	NA	NA	NA	1	-0.716422923982997	0.513261806008347	1	0.304194217018452	0.0925341216674688	1	-3.31022755208845	10.9576064466055	1	-0.45466623389114	0.206721384240753	1.00191052843199	4080.81168695294	0	1.00161602554083	13042.1552064465	0	NA	NA	NA	NA	NA	NA	NA	NA
985	7	7	benefit_positive_truncnorm	benefit_positive_truncnorm	continuous	1	increasing	benefit	1	1	NA	2.90118496449705	6.32591618739076	700	252	420	700	700	252	483	0.64	0.31	7.38286102199845	24	24	0	2	1	10	4	1	5000	2500	1	0.99	14	10000	101984	0.7283	1	1.4724458684158	-3.48010694103583	1.52644498451766	6.09607047380516	9.57617741484098	2.3531965787892	1.08342317517253	2.35119846221844	3.61232596361434	2.5289027884418	0.69401782837504	2.37801970302531	-8.24144020509222	2.28502072831958	12.5582164305691	20.7996566356614	0.0689	0.9999	4.08265520133345	1.91611488933819	3.96164168047476	7.31495547912705	5.39884058978886	0	NA	NA	NA	NA	NA	NA	1	-1.42873909608125	2.04129540467107	1	-0.547988385707854	0.3002912708707	1	-3.94789648436545	15.5858866512651	1	-2.24326098605732	5.03221985156685	1.00311002169582	4164.9545289334	0	1.00194443380025	7103.60695823372	0	NA	NA	NA	NA	NA	NA	NA	NA
967	7	7	benefit_positive_truncnorm	benefit_positive_truncnorm	continuous	1	increasing	benefit	1	1	NA	2.31633800241763	4.71310563441009	700	252	420	700	700	252	480	0.64	0.314285714285714	6.37551441623821	24	24	0	2	1	10	4	1	5000	2500	1	0.99	14	10000	101966	0.667	0.9989	1.14362465503786	-4.09455892211585	1.16703437793999	6.25226294458264	10.3468218666985	2.05838819704666	0.733885560919697	2.06279141800739	3.36211170440962	2.62822614348992	0.624483744572699	1.68505378726244	-8.96659576883151	1.48349881749291	12.4834163836822	21.4500121525137	0.0557	0.9887	4.42638916832599	0.461896208244134	4.31631374732444	9.25892750914168	8.79703130089755	0	NA	NA	NA	NA	NA	NA	1	-1.17271334737977	1.37525659512266	1	-0.257949805370967	0.0665381020909196	1	-3.02805184714765	9.1690979890143	1	-0.286716466084097	0.0822063319237531	1.00231976398717	4393.11426382262	0	1.00187911497276	11856.0327285474	0	NA	NA	NA	NA	NA	NA	NA	NA
968	7	7	benefit_positive_truncnorm	benefit_positive_truncnorm	continuous	1	increasing	benefit	1	1	NA	1.75440693676365	3.34872433932045	700	252	420	700	700	252	476	0.64	0.32	8.42811969368091	24	24	0	2	1	10	4	1	5000	2500	1	0.99	14	10000	101967	0.6615	0.9932	0.962473738282816	-3.86457450936481	0.975575165652354	5.52432884509506	9.38890335445987	1.6233817153525	0.356693898415619	1.63237698674164	2.87912363842267	2.52242974000705	0.594098883572568	1.25853577338276	-9.24252802476289	1.13650353965224	11.0887033939428	20.3312314187056	0.1222	0.9763	3.3535370090103	0.0321475081981962	3.35472376152258	6.7042367948896	6.67208928669141	0	NA	NA	NA	NA	NA	NA	1	-0.791933198480839	0.627158190856091	1	-0.131025221411154	0.0171676086458418	1	-2.09018856593769	4.36888824117664	1	0.00481266968984384	2.31617895435416e-05	1.00109164842067	4663.65971145807	0	1.00160241657063	6017.6459557513	0	NA	NA	NA	NA	NA	NA	NA	NA
965	7	7	benefit_positive_truncnorm	benefit_positive_truncnorm	continuous	1	increasing	benefit	1	1	NA	2.73730519648934	5.99004517581989	700	252	420	700	700	252	488	0.64	0.302857142857143	6.71377447275677	24	24	0	2	1	10	4	1	5000	2500	1	0.99	14	10000	101964	0.6692	0.9994	1.23358457457997	-4.24194917071084	1.22649116296515	6.54793769001932	10.7898868607302	2.16208123763411	0.874339409344301	2.16271962533855	3.43343017103835	2.55909076169405	0.617614759499231	1.67774366079923	-9.88558484692781	1.63227601926624	12.9052154852213	22.7908003321491	0.0894	0.9885	3.98552629910769	0.577616240453997	3.87521824611562	8.00596943422826	7.42835319377426	0	NA	NA	NA	NA	NA	NA	1	-1.50372062190937	2.2611757087555	1	-0.575223958855235	0.33088260284109	1	-4.31230151502066	18.5959443564495	1	-2.0045188767122	4.01809592709555	1.00143740512368	4227.17397163845	0	1.00131977255731	9659.12585888651	0	NA	NA	NA	NA	NA	NA	NA	NA
980	7	7	benefit_positive_truncnorm	benefit_positive_truncnorm	continuous	1	increasing	benefit	1	1	NA	1.82931127097108	3.42761054027357	700	252	420	700	700	252	477	0.64	0.318571428571429	6.85088668027537	24	24	0	2	1	10	4	1	5000	2500	1	0.99	14	10000	101979	0.5812	0.9985	0.560971320071449	-4.76316261594292	0.572077489265886	5.78127922379877	10.5444418397417	1.98563282874277	0.665860824972091	1.98460612389013	3.29683996149343	2.63097913652134	0.563410920165325	0.8261463504388	-10.9151851900252	0.806709518226998	12.0436034427152	22.9587886327404	0.0806	0.9957	4.58367197827979	1.22397334683151	4.44947049051498	8.92681095505508	7.70283760822357	0	NA	NA	NA	NA	NA	NA	1	-1.26833995089963	1.60868623104807	1	0.156321557771689	0.0244364294241676	1	-2.60146418983477	6.76761593099267	1	1.15606143800623	1.33647804844502	1.00119034121447	4391.99616752545	0	1.00193281304681	9719.47820363996	0	NA	NA	NA	NA	NA	NA	NA	NA
971	7	7	benefit_positive_truncnorm	benefit_positive_truncnorm	continuous	1	increasing	benefit	1	1	NA	1.8251409161658	3.22969485243391	700	252	420	700	700	252	493	0.64	0.295714285714286	6.74399063648002	24	24	0	2	1	10	4	1	5000	2500	1	0.99	14	10000	101970	0.689	1	1.3320066878717	-4.06464463152581	1.35253868385525	6.49364523206935	10.5582898635952	2.72894737165316	1.45803677347917	2.73401768232557	4.00982108223099	2.55178430875183	0.626018025844283	1.75860429548932	-9.66608801011211	1.66792089807584	12.6371828885751	22.3032708986872	0.0791	0.9998	5.14927802977125	2.08047232097998	5.04668000208651	8.70540147163745	6.62492915065747	0	NA	NA	NA	NA	NA	NA	1	-0.493134228294099	0.243181367115216	1	0.903806455487356	0.816866108980618	1	-1.47109055694459	2.16410742673155	1	1.91958317733734	3.6847995747165	1.00222025386651	4439.67479312773	0	1.00181137454506	11262.0959270777	0	NA	NA	NA	NA	NA	NA	NA	NA
973	7	7	benefit_positive_truncnorm	benefit_positive_truncnorm	continuous	1	increasing	benefit	1	1	NA	2.08913868040059	4.12178684986227	700	252	420	700	700	252	480	0.64	0.314285714285714	6.40012377491908	24	24	0	2	1	10	4	1	5000	2500	1	0.99	14	10000	101972	0.5748	0.9847	0.475625729571346	-4.8920566971754	0.473654745174997	5.76657043745502	10.6586271346304	1.44933583163573	0.134342019849889	1.45752308453239	2.75303416432207	2.61869214447218	0.543208544611069	0.625171331814657	-10.5023998164752	0.565032519019953	11.8533242634859	22.3557240799611	0.0731	0.9215	2.16569520644017	-0.732806782898347	2.08098310844035	5.49138877234081	6.22419555523915	0	NA	NA	NA	NA	NA	NA	1	-1.61351295082924	2.60342404249369	1	-0.639802848764854	0.409347685287623	1	-3.49661551804761	12.2263200810514	1	-1.9560916434221	3.82629451746578	1.00153368262534	3847.56209710029	0	1.00165150296509	6681.85129633361	0	NA	NA	NA	NA	NA	NA	NA	NA
964	7	7	benefit_positive_truncnorm	benefit_positive_truncnorm	continuous	1	increasing	benefit	1	1	NA	1.79046668817634	3.20362141095012	700	252	420	700	700	252	475	0.64	0.321428571428571	6.46027798047449	24	24	0	2	1	10	4	1	5000	2500	1	0.99	14	10000	101963	0.692	1	1.30210893216387	-3.75627967995496	1.35898359108422	6.31323684127133	10.0695165212263	2.63982924515372	1.35379968155765	2.63453930971669	3.92026149543215	2.56646181387451	0.663781126429411	2.24366647770317	-8.4360475220133	2.04231108044949	12.8282860558063	21.2643335778196	0.0643	0.9992	4.93512469152813	1.83394584231309	4.66265011400381	9.26973065005037	7.43578480773728	0	NA	NA	NA	NA	NA	NA	1	-0.488357756012473	0.238493297857538	1	0.849362556977379	0.721416753195151	1	-0.959954933246957	0.92151347386517	1	1.73150328057801	2.99810361065241	1.00151772812387	4401.47790756903	0	1.00131795172601	6186.06324858743	0	NA	NA	NA	NA	NA	NA	NA	NA
987	7	7	benefit_positive_truncnorm	benefit_positive_truncnorm	continuous	1	increasing	benefit	1	1	NA	2.3519725866666	4.87344956284481	700	252	420	700	700	252	492	0.64	0.297142857142857	5.76601078407415	24	24	0	2	1	10	4	1	5000	2500	1	0.99	14	10000	101986	0.6337	1	0.994651484324515	-4.54523943212503	1.02750959571974	6.47718497367879	11.0224244058038	2.92302664957346	1.61681846148768	2.9225251699743	4.22454252715125	2.60772406566357	0.59197181594961	1.3546937275937	-10.2994920057345	1.28534979527688	12.9219355677936	23.2214275735281	0.0633	0.9999	6.15934001098678	2.36630967685459	5.96738389690361	10.5413164005222	8.17500672366765	0	NA	NA	NA	NA	NA	NA	1	-1.35732110234208	1.84232057486313	1	0.571054062906867	0.32610274276244	1	-3.5187558352511	12.3816426281137	1	1.28589044814198	1.65351424462277	1.00208844154404	4131.70377853504	0	1.00165077837554	11296.2030901904	0	NA	NA	NA	NA	NA	NA	NA	NA
981	7	7	benefit_positive_truncnorm	benefit_positive_truncnorm	continuous	1	increasing	benefit	1	1	NA	1.54164581565946	2.62692571249688	700	252	420	700	700	252	497	0.64	0.29	6.16121535718916	24	24	0	2	1	10	4	1	5000	2500	1	0.99	14	10000	101980	0.6707	0.9998	1.187232399183	-4.08447495737023	1.22777028320956	6.33023773848798	10.4147126958582	2.20350733637454	0.888351512250109	2.20787414154561	3.49611131116996	2.60775979891985	0.65340969349878	2.06990008551888	-9.23287508795701	1.87462705045562	13.0450635626264	22.2779386505834	0.0571	0.9948	3.84852075851578	0.977886937972031	3.82724957740304	7.10388302820872	6.12599609023669	0	NA	NA	NA	NA	NA	NA	1	-0.354413416476454	0.125608869778513	1	0.66186152071508	0.438060672603278	1	-0.557025626978003	0.310277549110237	1	1.2215950460189	1.49229445645791	1.00133007423425	4222.57402556801	0	1.00184616688364	13819.0110852794	0	NA	NA	NA	NA	NA	NA	NA	NA
996	7	7	benefit_positive_truncnorm	benefit_positive_truncnorm	continuous	1	increasing	benefit	1	1	NA	2.47781827546251	5.0724819926524	700	252	420	700	700	252	470	0.64	0.328571428571429	6.67680836805684	24	24	0	2	1	10	4	1	5000	2500	1	0.99	14	10000	101995	0.6577	0.9996	1.10329185528829	-4.04337520411972	1.09737300790905	6.31143214589221	10.3548073500119	2.24746416059875	0.912700891235639	2.25165627053207	3.5650942891069	2.65239339787127	0.604215960421596	1.45735851690485	-9.79604357203335	1.29458917461041	12.6783493285858	22.4743929006192	0.0702	0.9959	4.46362718324661	1.01530209984133	4.39563784929801	8.93444828556616	7.91914618572483	0	NA	NA	NA	NA	NA	NA	1	-1.37452642017422	1.88932287975696	1	-0.23035411486376	0.0530630182346665	1	-3.61512347574754	13.069117744901	1	-0.60885480940579	0.37070417893656	1.00199898463622	4217.92853624881	0	1.00159826503431	6750.90362921748	0	NA	NA	NA	NA	NA	NA	NA	NA
990	7	7	benefit_positive_truncnorm	benefit_positive_truncnorm	continuous	1	increasing	benefit	1	1	NA	2.55949642610426	5.65932072751872	700	252	420	700	700	252	466	0.64	0.334285714285714	7.83982365202401	24	24	0	2	1	10	4	1	5000	2500	1	0.99	14	10000	101989	0.6327	0.9994	0.864856978019053	-4.23165449551283	0.908404235510182	5.70288902950406	9.93454352501689	2.2126803927565	0.883008270625279	2.21749385723348	3.52760341761221	2.64459514698693	0.589094558429973	1.24460627998438	-9.75101741553293	1.17048342151153	11.9662359365228	21.7172533520557	0.1032	1	5.90905175732884	2.82683565130952	5.66848127996124	9.97170854143449	7.14487289012497	1e-04	NA	NA	NA	NA	NA	NA	1	-1.69463944808521	2.87180285900654	1	-0.346816033347765	0.120281360987078	1	-4.41471444753434	19.4897036532684	1	0.249731029810111	0.0623655872500188	1.00204929765159	5044.26725487501	0	1.00178010952329	8016.90875684908	0	NA	NA	NA	NA	NA	NA	NA	NA
991	7	7	benefit_positive_truncnorm	benefit_positive_truncnorm	continuous	1	increasing	benefit	1	1	NA	1.83936797117904	3.30720148317383	700	252	420	700	700	252	485	0.64	0.307142857142857	6.7210637194748	24	24	0	2	1	10	4	1	5000	2500	1	0.99	14	10000	101990	0.6971	0.999	1.45407752201512	-3.93416613657135	1.4811891039927	6.67175999613479	10.6059261327061	2.12538148252729	0.792397520597029	2.12340098415778	3.45493475730312	2.66253723670609	0.625902428352658	1.79620466014788	-9.65771067458677	1.6522612514623	12.9218098967638	22.5795205713506	0.0858	0.993	3.63696019513372	0.73503555658761	3.59663020485507	6.88752593484255	6.15249037825494	0	NA	NA	NA	NA	NA	NA	1	-0.385290449163913	0.14844873021693	1	0.286013511348252	0.0818037286737566	1	-1.51099682302595	2.2831113991945	1	0.329758711959895	0.108740808113449	1.0020330140995	3823.18460046294	0	1.00138343088479	10686.0560902282	0	NA	NA	NA	NA	NA	NA	NA	NA
978	7	7	benefit_positive_truncnorm	benefit_positive_truncnorm	continuous	1	increasing	benefit	1	1	NA	1.85809085677796	3.51110246935435	700	252	420	700	700	252	481	0.64	0.312857142857143	7.35296130389363	24	24	0	2	1	10	4	1	5000	2500	1	0.99	14	10000	101977	0.8574	1	2.80318091050781	-2.38371598162775	2.88062027768616	7.54001767243607	9.92373365406383	3.49677439390917	2.23398903180843	3.50206157331571	4.76729305759539	2.53330402578695	0.797651309846432	4.07955020462122	-6.05769086671606	3.90410234450695	13.9399396870654	19.9976305537815	0.1144	1	7.66004022641874	3.91248144969825	7.60617851733232	11.416132028502	7.50365057880372	0	NA	NA	NA	NA	NA	NA	1	0.945090053729851	0.893195209659093	0	1.63868353713121	2.68528373486484	1	0.568447735266863	0.323132827730026	0	4.14893775706439	17.2136845119945	1.00158835649867	4521.95235617585	0	1.00212278568023	12979.7795005706	0	NA	NA	NA	NA	NA	NA	NA	NA
992	7	7	benefit_positive_truncnorm	benefit_positive_truncnorm	continuous	1	increasing	benefit	1	1	NA	2.47629403542135	5.36257910639319	700	252	420	700	700	252	466	0.64	0.334285714285714	8.34988090629118	24	24	0	2	1	10	4	1	5000	2500	1	0.99	14	10000	101991	0.6049	0.9991	0.650918382921453	-3.9205539734472	0.657749855077348	5.3663625393597	9.2869165128069	2.03976593375983	0.784762298931139	2.0362017220008	3.30195868256244	2.5171963836313	0.517976775346137	0.233162549723152	-10.2418774638755	0.192177376848711	10.7711220746637	21.0129995385392	0.1044	0.9718	3.90988401419993	-0.0714934340066052	3.91010533063328	7.9174534534331	7.9889468874397	0	NA	NA	NA	NA	NA	NA	1	-1.8253756524999	3.33199627273942	1	-0.43652810166152	0.19055678354021	1	-5.12941655667004	26.3109142118407	1	-1.45269509219326	2.11032303088239	1.00155392210763	4548.67391537877	0	1.00179051878547	12518.5329555418	0	NA	NA	NA	NA	NA	NA	NA	NA
995	7	7	benefit_positive_truncnorm	benefit_positive_truncnorm	continuous	1	increasing	benefit	1	1	NA	1.84580635332504	3.05115550151014	700	252	420	700	700	252	497	0.64	0.29	6.1417162842342	24	24	0	2	1	10	4	1	5000	2500	1	0.99	14	10000	101994	0.511	0.9482	0.0840287976096433	-4.85616935125509	0.0757158148826846	5.0710263762525	9.92719572750759	1.0992024429713	-0.218833585841303	1.09734688154786	2.43543023738133	2.65426382322264	0.467839300582848	-0.365455586970208	-11.2490311905126	-0.362408763334647	10.5213878611393	21.7704190516519	0.0392	0.7449	1.00966907209525	-1.6639193987092	0.871908425510538	4.25235490800698	5.91627430671618	0	NA	NA	NA	NA	NA	NA	1	-1.7617775557154	3.10386015582253	1	-0.746603910353745	0.557417398955502	1	-3.41661108848035	11.6732313299269	1	-2.04148642941489	4.16766684148517	1.00205871758994	4497.82628962167	0	1.00127736831104	10714.6460641409	0	NA	NA	NA	NA	NA	NA	NA	NA
988	7	7	benefit_positive_truncnorm	benefit_positive_truncnorm	continuous	1	increasing	benefit	1	1	NA	2.10706662225341	4.09950256252612	700	252	420	700	700	252	482	0.64	0.311428571428571	6.20812340626043	24	24	0	2	1	10	4	1	5000	2500	1	0.99	14	10000	101987	0.6528	1	1.0213867402617	-4.05618995234562	1.05189241768511	6.13139620084461	10.1875861531902	2.6154817328592	1.29551796074321	2.62279366081743	3.96335468814215	2.66783672739895	0.59296218487395	1.17589538042312	-9.58593497116665	1.06947365059876	11.8615440689149	21.4474790400816	0.048	0.9917	4.61266478232859	0.845620633155029	4.37495058860228	9.22956571930673	8.3839450861517	0	NA	NA	NA	NA	NA	NA	1	-1.08567988199171	1.17870080616153	1	0.508415110605785	0.258485924692292	1	-2.923607182103	8.54747895524424	1	0.513162219802469	0.263335463832598	1.00175194379466	4286.18450855325	0	1.00164004814989	6737.51884387901	0	NA	NA	NA	NA	NA	NA	NA	NA
993	7	7	benefit_positive_truncnorm	benefit_positive_truncnorm	continuous	1	increasing	benefit	1	1	NA	1.2781157648664	1.99643134199669	700	252	420	700	700	252	493	0.64	0.295714285714286	6.58298842938697	24	24	0	2	1	10	4	1	5000	2500	1	0.99	14	10000	101992	0.5355	0.9396	0.256059849426322	-4.99375106283729	0.233650564094998	5.53995180080542	10.5337028636427	1.03244907668488	-0.282345538843999	1.0368510255419	2.3468129107531	2.6291584495971	0.50155562707864	0.0212039399260827	-11.0915902050545	0.0135363658320653	11.4329790851816	22.5245692902361	0.0679	0.8894	1.33079671742185	-1.01945376112439	1.34947576801955	3.5597573314602	4.57921109258459	0	NA	NA	NA	NA	NA	NA	1	-1.02205591544008	1.04459829428605	1	-0.245666688181517	0.0603521216820747	1	-1.97522740207061	3.90152328989059	1	-0.665634624574839	0.443069453432887	1.0020479237724	4051.77754098468	0	1.00223370885557	11019.4819072935	0	NA	NA	NA	NA	NA	NA	NA	NA
977	7	7	benefit_positive_truncnorm	benefit_positive_truncnorm	continuous	1	increasing	benefit	1	1	NA	2.02437013524705	3.79026105014501	700	252	420	700	700	252	484	0.64	0.308571428571429	6.79678878918038	24	24	0	2	1	10	4	1	5000	2500	1	0.99	14	10000	101976	0.6513	0.996	1.05111511301795	-4.42654214535902	1.10150306323128	6.24245617544016	10.6689983207992	1.79429214535661	0.463303468614566	1.80416187955987	3.08006715827818	2.61676368966362	0.593949216639654	1.30524575726751	-10.2782356084646	1.24181010268811	12.3633355585447	22.6415711670093	0.0745	0.9728	3.16964169259243	-0.0498965123414777	3.24245119817839	6.13558379530155	6.18548030764303	0	NA	NA	NA	NA	NA	NA	1	-0.973255022229095	0.947225338294156	1	-0.230077989890442	0.0529358814320264	1	-2.4850152928775	6.17530100583505	1	-0.62061935755258	0.385168386968977	1.00149422672207	4443.2562513401	0	1.00155534432843	11847.0087161705	0	NA	NA	NA	NA	NA	NA	NA	NA
984	7	7	benefit_positive_truncnorm	benefit_positive_truncnorm	continuous	1	increasing	benefit	1	1	NA	2.34188036112906	4.15556640577382	700	252	420	700	700	252	466	0.64	0.334285714285714	7.90021569401366	24	24	0	2	1	10	4	1	5000	2500	1	0.99	14	10000	101983	0.7804	1	2.01568515681328	-3.2101085956292	2.13809457598197	6.84333468971531	10.0534432853445	3.60537793034121	2.33379543517019	3.59801388092009	4.90005170246283	2.56625626729264	0.659304932735426	2.21501972069912	-8.82105518252531	2.1391090040691	12.4946121264912	21.3156673090165	0.108	1	9.04219886105493	5.06663368082549	9.08742886412464	12.7034669998531	7.63683331902758	0.0121	NA	NA	NA	NA	NA	NA	1	-0.326195204315776	0.106403311318611	1	1.26349756921215	1.59642610740502	1	-1.9405466850747	3.76572143695439	0	4.88663245528111	23.8791767530067	1.00156104745441	4641.04172923107	0	1.00140208771243	12248.1713146068	0	NA	NA	NA	NA	NA	NA	NA	NA
963	7	7	benefit_positive_truncnorm	benefit_positive_truncnorm	continuous	1	increasing	benefit	1	1	NA	2.10793621205872	3.82061305011546	700	252	420	700	700	252	464	0.64	0.337142857142857	6.83127978314426	24	24	0	2	1	10	4	1	5000	2500	1	0.99	14	10000	101962	0.5737	0.9918	0.510948274900726	-4.81619831357458	0.510353413948216	5.88328626922932	10.6994845828039	1.59798257027422	0.285430841091938	1.60020420330146	2.92919721316208	2.64376637207014	0.545927773560351	0.653025259093394	-10.8584678954733	0.566667558318487	11.9052691025118	22.7637369979851	0.0779	0.9751	3.24445666150386	0.010260850531474	3.0364120428544	7.47753676889365	7.46727591836218	0	NA	NA	NA	NA	NA	NA	1	-1.596987937158	2.55037047142816	1	-0.509953641784506	0.26005271676928	1	-3.16758779102207	10.0336124138321	1	-0.576156388611598	0.331956184137959	1.00157334538762	4280.96966166505	0	1.00126944447865	9835.73451994318	0	NA	NA	NA	NA	NA	NA	NA	NA
983	7	7	benefit_positive_truncnorm	benefit_positive_truncnorm	continuous	1	increasing	benefit	1	1	NA	2.54755444097631	5.32689963127622	700	252	420	700	700	252	484	0.64	0.308571428571429	7.27566979389571	24	24	0	2	1	10	4	1	5000	2500	1	0.99	14	10000	101982	0.5906	0.9986	0.598917149095801	-4.45135749478434	0.593338733447864	5.50467822429247	9.95603571907682	1.97227066336458	0.678511644973514	1.97240401342522	3.26161721579476	2.58310557082125	0.561806311207835	0.776575473908837	-10.0045394623933	0.734485925471785	11.4345234440994	21.4390629064927	0.081	0.9979	3.96259591940592	1.26674115582512	3.82729469904122	7.0590634569021	5.79232230107698	0	NA	NA	NA	NA	NA	NA	1	-1.94863729188051	3.79718729530741	1	-0.575283777611727	0.330951424783219	1	-4.55032415736738	20.7054499371212	1	-1.36430371187029	1.86132461822306	1.00121012320626	4583.78182879391	0	1.00136985911743	9128.27123092721	0	NA	NA	NA	NA	NA	NA	NA	NA
999	7	7	benefit_positive_truncnorm	benefit_positive_truncnorm	continuous	1	increasing	benefit	1	1	NA	1.57564445432733	2.47556882380796	700	252	420	700	700	252	509	0.64	0.272857142857143	6.68530594438315	24	24	0	2	1	10	4	1	5000	2500	1	0.99	14	10000	101998	0.5104	0.7175	0.0496795427202672	-5.22450318733692	0.0871547917513977	5.36189678354704	10.586399970884	0.375690398345137	-0.906422182461001	0.369682911496245	1.67677543315798	2.58319761561898	0.502690486439948	0.0955729762182359	-11.2054358009925	0.0247716655304724	11.3707955838739	22.5762313848665	0.0708	0.475	-0.111633627612061	-2.82149207804617	-0.0803672789762837	2.58331035157051	5.40480242961668	0	NA	NA	NA	NA	NA	NA	1	-1.52596491160706	2.32856891145596	1	-1.1999540559822	1.43988973646812	1	-2.37999584758972	5.66438023454431	1	-2.58720245142002	6.69361652463375	1.00107315180514	4466.58177709652	0	1.00187836965889	12807.2548113816	0	NA	NA	NA	NA	NA	NA	NA	NA
1000	7	7	benefit_positive_truncnorm	benefit_positive_truncnorm	continuous	1	increasing	benefit	1	1	NA	1.38715221780274	2.15517261257898	700	252	420	700	700	252	514	0.64	0.265714285714286	5.77732594048919	24	24	0	2	1	10	4	1	5000	2500	1	0.99	14	10000	101999	0.539	0.8693	0.296573920907411	-5.32226179398208	0.302104534561882	6.02689693025663	11.3491587242387	0.730012432784701	-0.518981081500055	0.731624019022702	1.98690167012965	2.50588275162971	0.516289928897379	0.304163656634931	-11.5548388525733	0.246339290614662	11.9591958744876	23.5140347270609	0.0577	0.4477	-0.0081103122795487	-2.06513703623057	-0.124772565592298	2.84258406758117	4.90772110381174	0	NA	NA	NA	NA	NA	NA	1	-1.09057829689533	1.18936102165912	1	-0.657139785018038	0.431832697053554	1	-1.85100895594405	3.42623415498508	1	-2.16328292485853	4.67979301298448	1.00118140961832	3968.13703032982	0	1.00117732141955	10487.4436658773	0	NA	NA	NA	NA	NA	NA	NA	NA
979	7	7	benefit_positive_truncnorm	benefit_positive_truncnorm	continuous	1	increasing	benefit	1	1	NA	2.04927737732549	4.35792918990358	700	252	420	700	700	252	477	0.64	0.318571428571429	6.47320068765219	24	24	0	2	1	10	4	1	5000	2500	1	0.99	14	10000	101978	0.6992	0.9999	1.43620116900093	-3.94469382727171	1.44174841972496	6.69059604162314	10.6352898688949	2.46761138207311	1.12864335695222	2.47557929398644	3.78000038379825	2.65135702684603	0.635760869565217	1.92125350588265	-9.51518252915021	1.7964969896407	12.8965878377582	22.4117703669084	0.08	0.9993	6.71011604321648	2.67394139935072	6.57078819537949	11.2611470732888	8.58720567393806	0	NA	NA	NA	NA	NA	NA	1	-0.61307620832456	0.375862437213619	1	0.418334004747614	0.175003339528177	1	-2.43667568402093	5.93738838909888	1	2.3521868533129	5.53278299289804	1.00118528136002	4396.26496194463	0	1.00114302186336	12104.3308494753	0	NA	NA	NA	NA	NA	NA	NA	NA
994	7	7	benefit_positive_truncnorm	benefit_positive_truncnorm	continuous	1	increasing	benefit	1	1	NA	2.10904401553653	4.52272350833047	700	252	420	700	700	252	483	0.64	0.31	6.03694486298681	24	24	0	2	1	10	4	1	5000	2500	1	0.99	14	10000	101993	0.311	0.82	-1.28392642756028	-6.24446488103119	-1.32365700043867	3.8924145595275	10.1368794405587	0.62436906613822	-0.711926432968371	0.628563517688968	1.97110038032437	2.68302681329274	0.208740894901145	-3.43561783805368	-13.8453607022382	-3.26169124603111	7.45285451089312	21.2982152131313	0.039	0.6916	0.964135246584122	-2.59467492365842	0.817482762792323	4.98410412782974	7.57877905148816	0	NA	NA	NA	NA	NA	NA	1	-3.39297044309682	11.5122484277286	0	-1.48467494939831	2.20425970537088	1	-7.95834134638415	63.3351969855675	1	-3.55858826174635	12.6635504166389	1.00125959816258	4517.52252480221	0	1.00222087393721	9080.67777460153	0	NA	NA	NA	NA	NA	NA	NA	NA
998	7	7	benefit_positive_truncnorm	benefit_positive_truncnorm	continuous	1	increasing	benefit	1	1	NA	2.60289671627036	5.94293565758023	700	252	420	700	700	252	486	0.64	0.305714285714286	6.80981341214916	24	24	0	2	1	10	4	1	5000	2500	1	0.99	14	10000	101997	0.6103	0.9993	0.735372448063471	-4.69146933942242	0.81099931522806	6.00703981018165	10.6985091496041	2.19411426767866	0.866645080864153	2.1936947816309	3.47801138657061	2.61136630570646	0.575632533391248	1.03382185977223	-10.4215944092172	0.99087140726812	12.1355327631681	22.5571271723853	0.0791	0.9932	3.99143241594486	0.79086084755684	3.81434050777819	8.14041584303008	7.34955499547324	0	NA	NA	NA	NA	NA	NA	1	-1.86752426820689	3.48764689234167	1	-0.408782448591697	0.167103090276623	1	-4.909113797808	24.0993982798289	1	-1.95150324163537	3.80836490211335	1.00132673985566	4566.83384136862	0	1.00165126765509	6094.41760376486	0	NA	NA	NA	NA	NA	NA	NA	NA
997	7	7	benefit_positive_truncnorm	benefit_positive_truncnorm	continuous	1	increasing	benefit	1	1	NA	1.96742597636035	4.09232647761861	700	252	420	700	700	252	466	0.64	0.334285714285714	6.47714232898462	24	24	0	2	1	10	4	1	5000	2500	1	0.99	14	10000	101996	0.4108	0.962	-0.609611469482551	-5.85218558276921	-0.635364422960905	4.63120558496966	10.4833911677389	1.1760055578059	-0.138066994158215	1.174456233838	2.46542532754904	2.60349232170725	0.454701220818162	-0.538154230809751	-11.8025607418522	-0.53952217462122	10.7922629084796	22.5948236503318	0.0662	0.9639	3.18166826292293	-0.320745570591251	3.11728524084726	6.88928459280683	7.21003016339808	0	NA	NA	NA	NA	NA	NA	1	-2.57703744584291	6.64112199727653	1	-0.791420418554452	0.626346278904905	1	-4.63048070842836	21.4413515911272	1	-0.910658214695675	0.829298383992714	1.00185745860893	4461.56162620884	0	1.00167484336381	6965.458807213	0	NA	NA	NA	NA	NA	NA	NA	NA
