rep	prior_id	scenario_id	prior_label	design_prior_type	prior_family	omega_D	profile	component	component_id	H_D	true_delta_rmst_lookup	true_delta_rmst_rep	true_delta_med_rep	N_planned	K1	K2	n_interim	n_final	events_interim	events_final	censor_rate_interim	censor_rate_final	calendar_cutoff_interim	calendar_cutoff_final	tau	delta_star	a0_gp	grid_width_gp	B0_median_pfs	chains	parallel_chains	iter_warmup	iter_sampling	thin	adapt_delta	max_treedepth	n_saved_draws	cmdstan_seed	Pi1	Pi2_cf	post_mean_1	post_q025_1	post_q500_1	post_q975_1	post_width_1	post_mean_2	post_q025_2	post_q500_2	post_q975_2	post_width_2	Pi_beneficial_med_1	post_mean_med_1	post_q025_med_1	post_q500_med_1	post_q975_med_1	post_width_med_1	na_rate_med_1	Pi_beneficial_med_2	post_mean_med_2	post_q025_med_2	post_q500_med_2	post_q975_med_2	post_width_med_2	na_rate_med_2	cover_lookup_1	bias_lookup_1	sqerr_lookup_1	cover_lookup_2	bias_lookup_2	sqerr_lookup_2	cover_rep_1	bias_rep_1	sqerr_rep_1	cover_rep_2	bias_rep_2	sqerr_rep_2	cover_med_rep_1	bias_med_rep_1	sqerr_med_rep_1	cover_med_rep_2	bias_med_rep_2	sqerr_med_rep_2	max_Rhat_1	min_ESS_1	n_divergent_1	max_Rhat_2	min_ESS_2	n_divergent_2	post_eta_PH_trt_mean_1	post_eta_PH_trt_q025_1	post_eta_PH_trt_q500_1	post_eta_PH_trt_q975_1	post_eta_PH_trt_mean_2	post_eta_PH_trt_q025_2	post_eta_PH_trt_q500_2	post_eta_PH_trt_q975_2
1	7	7	benefit_positive_truncnorm	benefit_positive_truncnorm	continuous	1	waning	benefit	1	1	NA	1.99213911668294	3.8332155742528	1000	360	600	1000	1000	360	706	0.64	0.294	7.14542087118642	24	24	0	2	1	10	4	1	5000	2500	1	0.99	14	10000	101000	0.6253	0.9797	0.773921533022519	-4.15581885733936	0.786357963158262	5.56661356075013	9.72243241808949	1.14921025301121	0.0519967027050821	1.15090341411042	2.25427141139624	2.20227470869116	0.563522825150732	0.786554384523638	-9.92404512922567	0.709012020624159	11.3407487484878	21.2647938777135	0.0712	0.9237	1.90099596429665	-0.752974284994576	1.96654392528276	4.22745556184087	4.98042984683544	0	NA	NA	NA	NA	NA	NA	1	-1.21821758366042	1.48405408113943	1	-0.842928863671729	0.710529069210913	1	-3.04666118972916	9.2821444050019	1	-1.93221960995614	3.73347262109907	1.00178227713637	4400.21045634953	0	1.00157806711896	10757.7279092558	0	NA	NA	NA	NA	NA	NA	NA	NA
2	7	7	benefit_positive_truncnorm	benefit_positive_truncnorm	continuous	1	waning	benefit	1	1	NA	1.85983403300217	3.49512362279183	1000	360	600	1000	1000	360	720	0.64	0.28	6.83192058101798	24	24	0	2	1	10	4	1	5000	2500	1	0.99	14	10000	101001	0.6399	0.9982	0.945277377197968	-4.33396854287975	0.990937339258048	6.12291833224357	10.4568868751233	1.64840189408913	0.603408041757267	1.64651852800228	2.70716008063208	2.10375203887481	0.584272097053726	1.16014275334432	-9.98500738532838	1.10688261010912	12.166518147626	22.1515255329544	0.0768	0.9978	3.10408615961327	0.914374304525596	3.09060441232037	5.37910365174758	4.46472934722199	0	NA	NA	NA	NA	NA	NA	1	-0.914556655804201	0.836413876675764	1	-0.211432138913043	0.0447035493653443	1	-2.33498086944751	5.45213566068587	1	-0.391037463178565	0.152910297609127	1.00146944483972	4772.66227339017	0	1.00186246442956	12113.6547715659	0	NA	NA	NA	NA	NA	NA	NA	NA
3	7	7	benefit_positive_truncnorm	benefit_positive_truncnorm	continuous	1	waning	benefit	1	1	NA	2.25610177929115	4.60429667610013	1000	360	600	1000	1000	360	690	0.64	0.31	7.63683515359829	24	24	0	2	1	10	4	1	5000	2500	1	0.99	14	10000	101002	0.7856	1	2.0247413601619	-3.01721895282528	2.09441766393686	6.85950729990548	9.87672625273075	2.81063791561121	1.7339452331853	2.80871247415123	3.87123247074041	2.13728723755511	0.681432715911627	2.37629356982887	-8.31350064917081	2.31001840879689	12.3728515896637	20.6863522388345	0.1038	1	5.72284202685594	3.72408112711375	5.69071746495955	7.75261454214915	4.0285334150354	0	NA	NA	NA	NA	NA	NA	1	-0.231360419129248	0.0535276435396614	1	0.554536136320061	0.307510326484781	1	-2.22800310627125	4.96399784155436	1	1.11854535075581	1.25114370169743	1.00163909105331	4456.48127634829	0	1.00123939319222	10415.0780357719	0	NA	NA	NA	NA	NA	NA	NA	NA
5	7	7	benefit_positive_truncnorm	benefit_positive_truncnorm	continuous	1	waning	benefit	1	1	NA	1.7958514528113	3.45428085194305	1000	360	600	1000	1000	360	718	0.64	0.282	6.96572447528289	24	24	0	2	1	10	4	1	5000	2500	1	0.99	14	10000	101004	0.6485	0.9955	1.05961082927963	-4.45110828923969	1.063613004538	6.46861749925521	10.9197257884949	1.41980569906501	0.338309611308316	1.42193569912116	2.47667855910093	2.13836894779261	0.591523207670516	1.31215995294304	-10.2462372164974	1.22187625891981	12.2650944906221	22.5113317071195	0.0822	0.9897	2.68766116708081	0.408647694569259	2.60379592836372	5.376703973458	4.96805627888874	0	NA	NA	NA	NA	NA	NA	1	-0.736240623531668	0.542050255738299	1	-0.376045753746288	0.141410408910614	1	-2.14212089900002	4.58868194593263	1	-0.766619684862244	0.587705741218286	1.00109193815885	4517.66321651699	0	1.00212067030297	12686.5761922335	0	NA	NA	NA	NA	NA	NA	NA	NA
4	7	7	benefit_positive_truncnorm	benefit_positive_truncnorm	continuous	1	waning	benefit	1	1	NA	2.00638171509358	3.94078468728156	1000	360	600	1000	1000	360	717	0.64	0.283	6.66544445745169	24	24	0	2	1	10	4	1	5000	2500	1	0.99	14	10000	101003	0.7673	1	2.02560098398355	-3.33956864087519	2.06446473726683	7.15872558643999	10.4982942273152	2.90184415660018	1.83634674956023	2.90582871077506	3.94096045776284	2.10461370820261	0.705556159617266	2.88985187673407	-7.95623822260189	2.70479191155202	13.5163417435186	21.4725799661205	0.0803	1	5.88082864626308	3.81828950833445	5.93245419872938	7.75756809175237	3.93927858341792	0	NA	NA	NA	NA	NA	NA	1	0.0192192688899726	0.000369380296665069	1	0.8954624415066	0.801852984148962	1	-1.05093281054749	1.10445977228525	1	1.94004395898152	3.76377056278068	1.00176691346867	4231.15818995345	0	1.00160424881605	12131.4090416275	0	NA	NA	NA	NA	NA	NA	NA	NA
6	7	7	benefit_positive_truncnorm	benefit_positive_truncnorm	continuous	1	waning	benefit	1	1	NA	2.27418134774063	4.04526729294162	1000	360	600	1000	1000	360	714	0.64	0.286	7.21019957552146	24	24	0	2	1	10	4	1	5000	2500	1	0.99	14	10000	101005	0.6567	0.9974	0.975599167985365	-3.80368718221396	0.994677045990994	5.76239946413074	9.5660866463447	1.51351690373916	0.432068837101374	1.52145820702077	2.58678590977529	2.15471707267391	0.596875	1.26351253698486	-9.34590880982425	1.09383634982783	11.7007887463	21.0466975561242	0.072	0.9868	2.40983062646288	0.281208764698589	2.40007579600679	4.63020209445745	4.34899332975886	0	NA	NA	NA	NA	NA	NA	1	-1.29858217975526	1.68631567757793	1	-0.760664444001471	0.578610396368067	1	-2.78175475595676	7.73815952228805	1	-1.63543666647874	2.67465309006309	1.00248175875041	4675.84149925362	0	1.00140575336818	14150.6613970137	0	NA	NA	NA	NA	NA	NA	NA	NA
7	7	7	benefit_positive_truncnorm	benefit_positive_truncnorm	continuous	1	waning	benefit	1	1	NA	1.55802642259081	2.86834318483647	1000	360	600	1000	1000	360	704	0.64	0.296	7.3923475432215	24	24	0	2	1	10	4	1	5000	2500	1	0.99	14	10000	101006	0.5846	0.9613	0.530542821797523	-4.41042478669653	0.567746700568319	5.42606488928647	9.836489675983	0.969864799314501	-0.0890208388043229	0.970246123428703	2.01697162822424	2.10599246702857	0.559799760583306	0.732077714212168	-10.0850825816233	0.703651772340294	11.1687270139671	21.2538095955904	0.0811	0.9263	1.91490309242115	-0.724659267959784	1.94838242550666	4.4467252456491	5.17138451360889	0	NA	NA	NA	NA	NA	NA	1	-1.02748360079329	1.05572254989914	1	-0.588161623276311	0.345934095095026	1	-2.1362654706243	4.56363016098167	1	-0.953440092415321	0.909048009824937	1.00159326398593	4376.40347670995	0	1.00138167552091	10915.381699101	0	NA	NA	NA	NA	NA	NA	NA	NA
8	7	7	benefit_positive_truncnorm	benefit_positive_truncnorm	continuous	1	waning	benefit	1	1	NA	2.30602691636509	4.34980712518432	1000	360	600	1000	1000	360	738	0.64	0.262	7.49042391064303	24	24	0	2	1	10	4	1	5000	2500	1	0.99	14	10000	101007	0.8512	1	2.74252533856081	-2.37160483263149	2.81955023771705	7.55280754550559	9.92441237813708	3.3036322698793	2.26919535874026	3.30825594368635	4.30328823926444	2.03409288052418	0.789580743586846	3.84328509743781	-6.29254797761056	3.68156361665846	13.6022141628926	19.8947621405032	0.1151	1	5.38017078857924	3.40507070871625	5.36319496255347	7.47317771590584	4.06810700718958	0	NA	NA	NA	NA	NA	NA	1	0.436498422195716	0.190530872579349	1	0.997605353514209	0.995216441360209	1	-0.506522027746505	0.256564564592431	1	1.03036366339492	1.0616492788446	1.00132191154839	4486.57094468317	0	1.00101986902926	12085.5849324297	0	NA	NA	NA	NA	NA	NA	NA	NA
9	7	7	benefit_positive_truncnorm	benefit_positive_truncnorm	continuous	1	waning	benefit	1	1	NA	2.33472318878014	4.5116130278713	1000	360	600	1000	1000	360	705	0.64	0.295	8.32465909743125	24	24	0	2	1	10	4	1	5000	2500	1	0.99	14	10000	101008	0.7791	1	1.85740830821226	-2.93182354176395	1.90161844007409	6.49477646769892	9.42660000946287	2.74052264211104	1.65971505669001	2.74525999056249	3.81908812515314	2.15937306846314	0.652863335614876	2.02054847815412	-8.09901708427053	1.95138102495314	11.6801470715079	19.7791641557785	0.1234	1	5.12510618191916	2.58015547414475	5.03718043037396	8.47554757596255	5.8953921018178	0	NA	NA	NA	NA	NA	NA	1	-0.477314880567876	0.227829495211526	1	0.405799453330902	0.164673196323659	1	-2.49106454971717	6.20540259085762	1	0.613493154047867	0.3763738500636	1.00162115143955	4858.98558183768	0	1.00330258414043	11308.2951772687	0	NA	NA	NA	NA	NA	NA	NA	NA
10	7	7	benefit_positive_truncnorm	benefit_positive_truncnorm	continuous	1	waning	benefit	1	1	NA	2.29747502422681	4.84102264248217	1000	360	600	1000	1000	360	726	0.64	0.274	7.47221339308611	24	24	0	2	1	10	4	1	5000	2500	1	0.99	14	10000	101009	0.7226	1	1.47699397012352	-3.56696057936377	1.49037866898392	6.34111388196426	9.90807446132803	2.33517380588784	1.29951590210621	2.33688567448754	3.352289358871	2.05277345676479	0.630801687763713	1.70717641973027	-9.19080258091941	1.53957642141558	12.1408874896634	21.3316900705828	0.0994	1	4.55864099177449	2.68557916591207	4.61455839583606	6.15257122663421	3.46699206072214	0	NA	NA	NA	NA	NA	NA	1	-0.820481054103289	0.673189160142445	1	0.0376987816610335	0.00142119813872627	1	-3.1338462227519	9.82099214785633	1	-0.282381650707673	0.07973939665639	1.00138411102305	4618.3401808779	0	1.00156756483751	11095.8152789889	0	NA	NA	NA	NA	NA	NA	NA	NA
12	7	7	benefit_positive_truncnorm	benefit_positive_truncnorm	continuous	1	waning	benefit	1	1	NA	1.14312614202929	1.70014701363916	1000	360	600	1000	1000	360	725	0.64	0.275	6.39954935672162	24	24	0	2	1	10	4	1	5000	2500	1	0.99	14	10000	101011	0.5775	0.9868	0.509809554173332	-4.64165578283298	0.541796406424346	5.62957548920661	10.2712312720396	1.21734058518009	0.127729351129938	1.21317595134189	2.29388566438359	2.16615631325365	0.536964569011105	0.488290206196751	-10.7043954433066	0.446321770198786	11.597706108219	22.3021015515256	0.0545	0.9854	2.23330167481258	0.264397407578859	2.25033706253126	4.15127483283873	3.88687742525987	0	NA	NA	NA	NA	NA	NA	1	-0.633316587855957	0.401089900453512	1	0.0742144431507994	0.00550778357218323	1	-1.21185680744241	1.4685969217445	1	0.533154661173424	0.284253892730949	1.00207194669157	4374.94511433805	0	1.00166242053005	11698.6259515737	0	NA	NA	NA	NA	NA	NA	NA	NA
13	7	7	benefit_positive_truncnorm	benefit_positive_truncnorm	continuous	1	waning	benefit	1	1	NA	1.8540424302274	3.46016695780633	1000	360	600	1000	1000	360	696	0.64	0.304	7.77780064439234	24	24	0	2	1	10	4	1	5000	2500	1	0.99	14	10000	101012	0.6676	0.9999	1.08224970461076	-3.95402058933655	1.11458215852606	5.95823301689825	9.91225360623481	1.9931719210483	0.940628817152423	1.99891082560923	3.01013177837869	2.06950296122627	0.6090334036178	1.48462950186307	-9.73509645621288	1.36857670965143	11.9405366046663	21.6756330608792	0.0989	0.9998	4.3856747247805	2.10574874223118	4.29292398343849	7.17595511351008	5.07020637127889	0	NA	NA	NA	NA	NA	NA	1	-0.771792725616641	0.595664011314764	1	0.139129490820899	0.0193570152160827	1	-1.97553745594327	3.9027482398348	1	0.925507766974161	0.856564626729498	1.00119831546212	4703.34914963326	0	1.00136045406965	14876.087779346	0	NA	NA	NA	NA	NA	NA	NA	NA
50	7	7	benefit_positive_truncnorm	benefit_positive_truncnorm	continuous	1	waning	benefit	1	1	NA	2.14048251967176	4.60907355162102	1000	360	600	1000	1000	360	712	0.64	0.288	6.90196480221534	24	24	0	2	1	10	4	1	5000	2500	1	0.99	14	10000	101049	0.7017	0.9999	1.44251127947474	-4.09746525257008	1.48913915308332	6.63637962458619	10.7338448771563	1.98127977480736	0.902408727974872	1.98448590694753	3.04624254536045	2.14383381738558	0.63574931880109	1.82639606740197	-9.66278369046298	1.77748938666609	12.6236347538608	22.2864184443238	0.0825	0.9995	4.28531864016306	1.83686624583135	4.29787541504221	6.59184359224432	4.75497734641297	0	NA	NA	NA	NA	NA	NA	1	-0.697971240197023	0.48716385214217	1	-0.159202744864406	0.0253455139723613	1	-2.78267748421905	7.74329398117968	1	-0.323754911457969	0.104817242693157	1.00162638234542	4703.9776800901	0	1.00157480004083	13802.8286694899	0	NA	NA	NA	NA	NA	NA	NA	NA
14	7	7	benefit_positive_truncnorm	benefit_positive_truncnorm	continuous	1	waning	benefit	1	1	NA	2.59856980519779	5.04956635090605	1000	360	600	1000	1000	360	702	0.64	0.298	7.48628701295733	24	24	0	2	1	10	4	1	5000	2500	1	0.99	14	10000	101013	0.7845	1	2.02666623092858	-2.96725844837943	2.06728125659172	6.92164586957002	9.88890431794945	3.43057368530084	2.37381739647029	3.428561604412	4.48277073522108	2.10895333875079	0.662639920203923	2.18497048292225	-8.63633559457683	2.0325398975397	12.5601208697895	21.1964564643663	0.0977	1	7.2176967709735	3.93374356218095	7.39658883412509	9.64609206526626	5.71234850308531	0	NA	NA	NA	NA	NA	NA	1	-0.571903574269208	0.327073698261896	1	0.83200388010305	0.69223045650653	1	-2.8645958679838	8.20590948686987	1	2.16813042006745	4.70078951842184	1.00194912472295	4659.06997330567	0	1.00143264616362	7285.51906783506	0	NA	NA	NA	NA	NA	NA	NA	NA
43	7	7	benefit_positive_truncnorm	benefit_positive_truncnorm	continuous	1	waning	benefit	1	1	NA	2.61323831741545	5.34501959315273	1000	360	600	1000	1000	360	694	0.64	0.306	7.47640688280512	24	24	0	2	1	10	4	1	5000	2500	1	0.99	14	10000	101042	0.7343	1	1.55792439888327	-3.46181316953238	1.59611965561907	6.33670896860907	9.79852213814145	2.60446939284972	1.54625595291139	2.59978397080024	3.67860731023342	2.13235135732203	0.641882974043115	1.87986641053614	-8.82554200538685	1.79000837924302	12.2832353944507	21.1087773998375	0.0908	1	5.38876682452713	2.33363902112019	5.42407740084508	8.21194630020572	5.87830727908554	0	NA	NA	NA	NA	NA	NA	1	-1.05531391853218	1.11368746664774	1	-0.0087689245657212	7.68940380393088e-05	1	-3.46515318261659	12.0072865789979	1	0.0437472313743958	0.00191382025292492	1.00109947495997	4585.12621472588	0	1.00200208627044	11469.8615435458	0	NA	NA	NA	NA	NA	NA	NA	NA
11	7	7	benefit_positive_truncnorm	benefit_positive_truncnorm	continuous	1	waning	benefit	1	1	NA	2.01015304244062	4.25023858197482	1000	360	600	1000	1000	360	700	0.64	0.3	7.59317065631283	24	24	0	2	1	10	4	1	5000	2500	1	0.99	14	10000	101010	0.6144	0.9731	0.731820449181992	-4.30900271417031	0.757758913797126	5.71720317037478	10.0262058845451	1.06385734676385	-0.0197915013285964	1.06853120958246	2.14035489782134	2.16014639914994	0.56210665783372	0.814805456015478	-10.0612064622525	0.780189730830067	11.3744228734108	21.4356293356633	0.0943	0.9425	2.44045376636272	-0.580073789080537	2.4739322232941	5.29258831985975	5.87266210894029	0	NA	NA	NA	NA	NA	NA	1	-1.27833259325862	1.63413421898732	1	-0.946295695676762	0.895475543656366	1	-3.43543312595934	11.8022007629388	1	-1.80978481561209	3.27532107882009	1.00115569165243	4816.13789292106	0	1.002108134598	14022.9503048762	0	NA	NA	NA	NA	NA	NA	NA	NA
44	7	7	benefit_positive_truncnorm	benefit_positive_truncnorm	continuous	1	waning	benefit	1	1	NA	2.10434872020981	4.35325944083467	1000	360	600	1000	1000	360	684	0.64	0.316	8.3452349431592	24	24	0	2	1	10	4	1	5000	2500	1	0.99	14	10000	101043	0.7006	0.9999	1.23265298242139	-3.47597510783754	1.27085949833526	5.7780857896181	9.25406089745564	1.95334848089251	0.884798310658656	1.94840171588899	3.04020128229325	2.1554029716346	0.602370203160271	1.23968786816984	-9.2099187196475	1.2299955008041	11.3222349818751	20.5321537015226	0.114	0.9998	4.55265175135603	1.91269321174238	4.53913131029913	7.18195181875006	5.26925860700767	0	NA	NA	NA	NA	NA	NA	1	-0.871695737788419	0.759853459278496	1	-0.151000239317298	0.0228010722738813	1	-3.11357157266483	9.69432793810654	1	0.199392310521358	0.0397572934950458	1.00131330396649	4634.01258671428	0	1.00154538453702	10063.8655165372	0	NA	NA	NA	NA	NA	NA	NA	NA
77	7	7	benefit_positive_truncnorm	benefit_positive_truncnorm	continuous	1	waning	benefit	1	1	NA	2.23739602756824	4.11293945851516	1000	360	600	1000	1000	360	712	0.64	0.288	7.33702481357479	24	24	0	2	1	10	4	1	5000	2500	1	0.99	14	10000	101076	0.7627	1	1.82226936440923	-3.08707185582597	1.85326296835597	6.51370470085465	9.60077655668062	2.05502122861555	0.999411584137508	2.05722402205588	3.12040948667215	2.12099790253464	0.704892966360856	2.72447874320702	-7.78501197186901	2.59078799248047	12.7390712746596	20.5240832465286	0.0844	0.9981	3.86198394101131	1.22840841334922	3.84041870930844	6.50356396973754	5.27515555638832	0	NA	NA	NA	NA	NA	NA	1	-0.41512666315901	0.172330146465534	1	-0.182374798952693	0.0332605672930352	1	-1.38846071530815	1.92782315795401	1	-0.250955517503855	0.0629786717656277	1.00172257985044	4170.58732941748	0	1.00172514823408	10999.3989375318	0	NA	NA	NA	NA	NA	NA	NA	NA
25	7	7	benefit_positive_truncnorm	benefit_positive_truncnorm	continuous	1	waning	benefit	1	1	NA	2.31362031099985	4.30271334853609	1000	360	600	1000	1000	360	704	0.64	0.296	7.84007273713779	24	24	0	2	1	10	4	1	5000	2500	1	0.99	14	10000	101024	0.8114	0.9999	2.31248667209933	-2.93022554105306	2.36319470860607	7.28657911052944	10.2168046515825	2.30559498706339	1.20286358889809	2.30550919878946	3.37806189566275	2.17519830676466	0.669802765812741	2.34390679012095	-8.61120156969082	2.22811996263259	12.6171396995817	21.2283412692725	0.1178	0.9999	4.93414264693258	2.54237709913184	4.91500770053133	7.40899870358449	4.86662160445265	0	NA	NA	NA	NA	NA	NA	1	-0.00113363890052254	1.28513715677795e-06	1	-0.00802532393645983	6.44058242851151e-05	1	-1.95880655841514	3.83692313329018	1	0.631429298396488	0.398702958873481	1.00109630166411	4938.21411107831	0	1.00185974037693	11565.0038811954	0	NA	NA	NA	NA	NA	NA	NA	NA
112	7	7	benefit_positive_truncnorm	benefit_positive_truncnorm	continuous	1	waning	benefit	1	1	NA	2.00278243375981	3.93472741876384	1000	360	600	1000	1000	360	691	0.64	0.309	6.97083376305025	24	24	0	2	1	10	4	1	5000	2500	1	0.99	14	10000	101111	0.7428	0.9998	1.77125709045285	-3.69461879731102	1.82465614979627	6.96972186061587	10.6643406579269	2.08751903310448	1.0069300040448	2.08386692466428	3.17116035657435	2.16423035252956	0.650991189427313	2.21619815227315	-8.99444110958865	2.03174409125439	12.9252030894434	21.9196441990321	0.092	0.9998	4.33091553847101	2.32590142094358	4.27012786960028	6.64403456301617	4.31813314207258	0	NA	NA	NA	NA	NA	NA	1	-0.231525343306962	0.0536039845934068	1	0.0847365993446729	0.00718029126849962	1	-1.71852926649068	2.95334283978501	1	0.396188119707168	0.156965026197101	1.00156275589648	4519.62485478428	0	1.00203433109726	14087.6503235442	0	NA	NA	NA	NA	NA	NA	NA	NA
113	7	7	benefit_positive_truncnorm	benefit_positive_truncnorm	continuous	1	waning	benefit	1	1	NA	2.18724613314723	3.96168848982685	1000	360	600	1000	1000	360	722	0.64	0.278	6.94674647017718	24	24	0	2	1	10	4	1	5000	2500	1	0.99	14	10000	101112	0.724	1	1.67046741643089	-3.87785395093788	1.70726442660608	6.99916356533678	10.8770175162747	2.44981169396803	1.40089828188496	2.44577585907363	3.51729794638955	2.11639966450458	0.638730853391685	1.95379429282804	-9.31856940506781	1.81195245967391	12.8106879156926	22.1292573207604	0.086	0.9998	4.357563962184	2.2648639064751	4.36955404596205	6.56325969618608	4.29839578971098	0	NA	NA	NA	NA	NA	NA	1	-0.516778716716347	0.267060242050994	1	0.262565560820794	0.0689406737291382	1	-2.00789419699881	4.03163910634148	1	0.395875472357154	0.156717389613999	1.00171882847343	4090.48553450663	0	1.00172995624787	13253.6143632108	0	NA	NA	NA	NA	NA	NA	NA	NA
16	7	7	benefit_positive_truncnorm	benefit_positive_truncnorm	continuous	1	waning	benefit	1	1	NA	2.15914894832673	4.66252246484802	1000	360	600	1000	1000	360	732	0.64	0.268	6.221174896655	24	24	0	2	1	10	4	1	5000	2500	1	0.99	14	10000	101015	0.7628	1	1.88265550461703	-3.28597783938312	1.90015174578373	6.94548720437123	10.2314650437544	2.3592794401503	1.28392693823946	2.36737016281496	3.40526519797616	2.1213382597367	0.715953720411846	2.94542351125901	-7.62019720681633	2.69198488639693	13.4982147170239	21.1184119238402	0.0579	1	5.2827090711308	3.22988446064931	5.33721778003344	7.11949006700874	3.88960560635943	0	NA	NA	NA	NA	NA	NA	1	-0.276493443709699	0.0764486244144483	1	0.20013049182357	0.0400522137575442	1	-1.71709895358901	2.94842881641646	1	0.62018660628279	0.384631426612564	1.00122156667063	4591.94638638743	0	1.00173291431104	10469.3652924325	0	NA	NA	NA	NA	NA	NA	NA	NA
49	7	7	benefit_positive_truncnorm	benefit_positive_truncnorm	continuous	1	waning	benefit	1	1	NA	2.06717082673346	4.13007858013688	1000	360	600	1000	1000	360	690	0.64	0.31	7.18878522137675	24	24	0	2	1	10	4	1	5000	2500	1	0.99	14	10000	101048	0.6668	0.9991	1.11262572715932	-3.73428713711434	1.13461196985975	5.99856392299718	9.73285106011152	1.72775913049298	0.627641933740412	1.72878343496659	2.80097303222781	2.1733310984874	0.601516150296638	1.3594227470595	-9.44693859269853	1.22404362076737	11.7677296254074	21.2146682181059	0.0898	0.9976	3.29470306042775	0.735939355868392	3.16662913362479	6.65103909376683	5.91509973789844	0	NA	NA	NA	NA	NA	NA	1	-0.954545099574138	0.911156347121001	1	-0.33941169624048	0.11520029954484	1	-2.77065583307738	7.67653374536571	1	-0.835375519709138	0.697852258929312	1.001721081286	4479.8925690937	0	1.00152824048476	11853.4954680566	0	NA	NA	NA	NA	NA	NA	NA	NA
18	7	7	benefit_positive_truncnorm	benefit_positive_truncnorm	continuous	1	waning	benefit	1	1	NA	1.63913848736694	3.02112067031081	1000	360	600	1000	1000	360	702	0.64	0.298	6.80621932894503	24	24	0	2	1	10	4	1	5000	2500	1	0.99	14	10000	101017	0.6132	0.9999	0.759730490114185	-4.65810147392961	0.758721974538132	6.00062014591626	10.6587216198459	1.93689266382184	0.855418935633719	1.93928896327348	3.0075542518597	2.15213531622598	0.576826471551818	1.07556485004149	-10.5012806168135	0.963439034204791	12.1759439472129	22.6772245640264	0.0843	0.9999	4.41624102242799	2.03626971664584	4.42831401527207	6.73136078330067	4.69509106665483	0	NA	NA	NA	NA	NA	NA	1	-0.879407997252754	0.7733584256321	1	0.297754176454904	0.088657549596338	1	-1.94555582026932	3.78518744978382	1	1.39512035211717	1.94636079689154	1.00168509927307	4436.58793056754	0	1.00195708953792	12438.8015555328	0	NA	NA	NA	NA	NA	NA	NA	NA
78	7	7	benefit_positive_truncnorm	benefit_positive_truncnorm	continuous	1	waning	benefit	1	1	NA	2.17948524091314	4.28484835338858	1000	360	600	1000	1000	360	708	0.64	0.292	6.73701732965326	24	24	0	2	1	10	4	1	5000	2500	1	0.99	14	10000	101077	0.6237	0.999	0.851874795311358	-4.49060446346293	0.880817357427905	6.12181661442097	10.6124210778839	1.67677412835237	0.603614287002105	1.67338308707613	2.7675933194538	2.16397903245169	0.57342278974137	1.03710576181587	-10.1348272596231	0.971946528219066	12.3796314118005	22.5144586714237	0.0759	0.9909	2.99069173687814	0.554605075147451	3.01032429077042	5.34390379199829	4.78929871685084	0	NA	NA	NA	NA	NA	NA	1	-1.32761044560178	1.76254949527095	1	-0.502711112560768	0.252718462692085	1	-3.24774259157271	10.5478319411154	1	-1.29415661651043	1.67484134805773	1.00146719284744	4396.28649358006	0	1.00141409415984	13656.7984677699	0	NA	NA	NA	NA	NA	NA	NA	NA
36	7	7	benefit_positive_truncnorm	benefit_positive_truncnorm	continuous	1	waning	benefit	1	1	NA	1.9837161444938	3.92825701474968	1000	360	600	1000	1000	360	706	0.64	0.294	6.6209937701814	24	24	0	2	1	10	4	1	5000	2500	1	0.99	14	10000	101035	0.506	0.7365	0.0128440315967987	-5.28044856937891	0.0322835149135781	5.3360023555965	10.6164509249754	0.361633983440638	-0.758248148566062	0.356451412298694	1.48781283588405	2.24606098445011	0.493666809789609	-0.0619578209096181	-11.26369219446	-0.0661799877873994	11.2750485080065	22.5387407024665	0.0684	0.5732	0.298351250042193	-2.53534936638891	0.315345889087224	3.31473588569345	5.85008525208236	0	NA	NA	NA	NA	NA	NA	1	-1.970872112897	3.88433688539508	0	-1.62208216105316	2.63115053720689	1	-3.9902148356593	15.9218144347156	0	-3.62990576470749	13.1762158606566	1.00167908557147	4426.86476395636	0	1.00190839104555	12305.0699917274	0	NA	NA	NA	NA	NA	NA	NA	NA
66	7	7	benefit_positive_truncnorm	benefit_positive_truncnorm	continuous	1	waning	benefit	1	1	NA	1.33304639533677	2.42266253769219	1000	360	600	1000	1000	360	739	0.64	0.261	6.35965934896732	24	24	0	2	1	10	4	1	5000	2500	1	0.99	14	10000	101065	0.5685	0.9232	0.491988783042761	-4.59705538632149	0.474475721398949	5.62905713428643	10.2261125206079	0.771401474074602	-0.29117951478	0.77063290336918	1.84239630786512	2.13357582264512	0.543256997455471	0.641760881271184	-10.4230550474669	0.53619303881155	11.7439925777593	22.1670476252262	0.0568	0.9246	1.35447895324616	-0.521243669404291	1.34624656277105	3.29529582647103	3.81653949587532	0	NA	NA	NA	NA	NA	NA	1	-0.841057612294009	0.7073779071977	1	-0.561644921262169	0.315445017579588	1	-1.780901656421	3.17161070984307	1	-1.06818358444603	1.14101617007996	1.00156671180215	4568.37935155841	0	1.00147089582824	11819.5590578813	0	NA	NA	NA	NA	NA	NA	NA	NA
65	7	7	benefit_positive_truncnorm	benefit_positive_truncnorm	continuous	1	waning	benefit	1	1	NA	1.54028402839699	2.99644247857531	1000	360	600	1000	1000	360	712	0.64	0.288	7.85692766550403	24	24	0	2	1	10	4	1	5000	2500	1	0.99	14	10000	101064	0.7526	1	1.7486043653218	-3.38115397717393	1.72579887627013	6.75843503846428	10.1395890156382	2.25136456983726	1.16313307511862	2.26060791417147	3.30314877368537	2.14001569856676	0.646728762204018	1.93811584753619	-8.8869692023057	1.87125822111618	12.2715615791743	21.15853078148	0.1089	1	4.78479040972031	2.21108778469095	4.74973427453652	7.16966642757141	4.95857864288046	0	NA	NA	NA	NA	NA	NA	1	0.208320336924813	0.0433973627764677	1	0.711080541440272	0.50563553641499	1	-1.05832663103912	1.12005525796662	1	1.788347931145	3.1981883228306	1.0021306746767	4511.52210029252	0	1.0030322639036	12408.1505328349	0	NA	NA	NA	NA	NA	NA	NA	NA
27	7	7	benefit_positive_truncnorm	benefit_positive_truncnorm	continuous	1	waning	benefit	1	1	NA	2.30371601635535	4.6276247719981	1000	360	600	1000	1000	360	737	0.64	0.263	7.88900261854364	24	24	0	2	1	10	4	1	5000	2500	1	0.99	14	10000	101026	0.7421	1	1.6936304959373	-3.41356395371845	1.74705611970976	6.63371972583385	10.0472836795523	2.20102713284538	1.15454896906388	2.20334034855889	3.23543031916555	2.08088135010167	0.646240179573513	1.94035407073708	-8.9560050254924	1.88300628000819	12.1814058069838	21.1374108324762	0.109	1	4.46504719762922	2.35274360987362	4.52271833889081	6.28226350477288	3.92951989489926	0	NA	NA	NA	NA	NA	NA	1	-0.610085520418048	0.37220434222376	1	-0.102688883509964	0.0105450067965229	1	-2.68727070126102	7.2214238218559	1	-0.162577574368873	0.0264314676876665	1.00178704273302	4822.33414975817	0	1.00147762474439	11889.2009884543	0	NA	NA	NA	NA	NA	NA	NA	NA
55	7	7	benefit_positive_truncnorm	benefit_positive_truncnorm	continuous	1	waning	benefit	1	1	NA	1.68714515691968	3.40217323619348	1000	360	600	1000	1000	360	704	0.64	0.296	7.51538450040576	24	24	0	2	1	10	4	1	5000	2500	1	0.99	14	10000	101054	0.6791	0.9973	1.17496488678316	-3.92086302727005	1.20717964148912	6.14388848451843	10.0647515117885	1.60196433779519	0.508708050692819	1.61022983885418	2.6855249790466	2.17681692835378	0.598595474306097	1.3267030749654	-9.56893698841696	1.27042839135409	11.6979549947922	21.2668919832092	0.1029	0.9945	3.35676349606775	0.717710217594913	3.34787579812868	6.02532744391689	5.30761722632198	0	NA	NA	NA	NA	NA	NA	1	-0.512180270136517	0.262328629117116	1	-0.0851808191244929	0.00725577194671958	1	-2.07547016122808	4.30757639014811	1	-0.0454097401257365	0.00206204449828692	1.00160214185062	3947.43960189993	0	1.00175711910579	11934.0457475654	0	NA	NA	NA	NA	NA	NA	NA	NA
17	7	7	benefit_positive_truncnorm	benefit_positive_truncnorm	continuous	1	waning	benefit	1	1	NA	1.86405896995465	3.60673066428301	1000	360	600	1000	1000	360	706	0.64	0.294	7.77469271472243	24	24	0	2	1	10	4	1	5000	2500	1	0.99	14	10000	101016	0.7625	1	1.86279919107793	-3.22539192951989	1.88694334827419	6.72943012185445	9.95482205137434	2.18206302107701	1.15442612217774	2.17796665335807	3.2275381427549	2.07311202057716	0.663595505617978	2.19354929635373	-8.66581773838108	2.05977528990157	12.3668178145632	21.0326355529443	0.11	0.9999	4.45194094637959	2.23247384447301	4.41367986651788	6.96624263305192	4.73376878857891	0	NA	NA	NA	NA	NA	NA	1	-0.00125977887671591	1.5870428182196e-06	1	0.318004051122367	0.101126576530237	1	-1.41318136792928	1.99708157866248	1	0.84521028209658	0.71438042096178	1.00181092492427	3911.67738051526	0	1.00105891017761	11387.389920876	0	NA	NA	NA	NA	NA	NA	NA	NA
138	7	7	benefit_positive_truncnorm	benefit_positive_truncnorm	continuous	1	waning	benefit	1	1	NA	1.85509578275755	3.53063415706833	1000	360	600	1000	1000	360	726	0.64	0.274	6.59375520456906	24	24	0	2	1	10	4	1	5000	2500	1	0.99	14	10000	101137	0.7152	0.9994	1.54325518675335	-3.76214484096048	1.56834831731267	6.7361082323146	10.4982530732751	1.74194911934664	0.672341006631141	1.74326362965872	2.81156898927946	2.13922798264832	0.634845383040621	1.85861902310065	-9.09898121387478	1.72594645518232	12.5255801136108	21.6245613274855	0.0719	0.999	3.23986086675508	1.22287561877062	3.25449298677518	5.17731769543432	3.9544420766637	0	NA	NA	NA	NA	NA	NA	1	-0.311840596004203	0.0972445573162563	1	-0.113146663410916	0.0128021674410231	1	-1.67201513396768	2.79563460821695	1	-0.290773290313245	0.0845491063595908	1.00163382414501	4148.98188881911	0	1.00128296302035	10959.2693703412	0	NA	NA	NA	NA	NA	NA	NA	NA
139	7	7	benefit_positive_truncnorm	benefit_positive_truncnorm	continuous	1	waning	benefit	1	1	NA	1.87749409426678	3.58053996368334	1000	360	600	1000	1000	360	721	0.64	0.279	6.88922830800328	24	24	0	2	1	10	4	1	5000	2500	1	0.99	14	10000	101138	0.7028	1	1.46661150854632	-3.90515344442364	1.50488428497588	6.64776782072016	10.5529212651438	1.86554185997163	0.809614118965935	1.86424931982914	2.92684615212176	2.11723203315583	0.618734232752002	1.71507083314969	-9.87619739667363	1.64508439043166	12.7124028004989	22.5886001971725	0.0883	0.9996	3.50171519595132	1.32990222228248	3.57665817729657	5.50925787860473	4.17935565632226	0	NA	NA	NA	NA	NA	NA	1	-0.410882585720462	0.168824499248333	1	-0.0119522342951472	0.000142855904646094	1	-1.86546913053365	3.47997507697398	1	-0.0788247677320162	0.0062133440080063	1.00117617753257	4734.74380792382	0	1.00279220117563	13023.7265867039	0	NA	NA	NA	NA	NA	NA	NA	NA
80	7	7	benefit_positive_truncnorm	benefit_positive_truncnorm	continuous	1	waning	benefit	1	1	NA	1.7829913348686	3.3622528830759	1000	360	600	1000	1000	360	686	0.64	0.314	8.52656367862046	24	24	0	2	1	10	4	1	5000	2500	1	0.99	14	10000	101079	0.7004	0.9996	1.25891131078127	-3.52807079810668	1.32159768541322	5.83031831772879	9.35838911583547	1.75952264269843	0.716048100746043	1.76343720970077	2.83639760482001	2.12034950407397	0.612217347283159	1.42292526684537	-9.02289614233042	1.33700714198893	11.2150482928575	20.2379444351879	0.1111	0.9993	4.42948946495497	1.98427676019008	4.42272418645817	6.94835873652771	4.96408197633762	0	NA	NA	NA	NA	NA	NA	1	-0.524080024087328	0.274659871647374	1	-0.0234686921701699	0.000550779512178194	1	-1.93932761623052	3.76099160307437	1	1.06723658187908	1.13899392170094	1.00181008190707	4719.40117981856	0	1.00182182522675	12970.2127080481	0	NA	NA	NA	NA	NA	NA	NA	NA
42	7	7	benefit_positive_truncnorm	benefit_positive_truncnorm	continuous	1	waning	benefit	1	1	NA	2.20963699242504	4.47242169833055	1000	360	600	1000	1000	360	709	0.64	0.291	8.09447486646357	24	24	0	2	1	10	4	1	5000	2500	1	0.99	14	10000	101041	0.7774	1	1.81322057314252	-2.92205318302317	1.87387810015436	6.36933590880717	9.29138909183034	2.91803930074685	1.89086736025198	2.9245098112096	3.94625616878396	2.05538880853198	0.653040540540541	1.97040798825663	-8.204166808271	1.87676094314853	11.4712494977969	19.6754163060679	0.112	1	5.40776832725595	3.42221501747456	5.34277440258228	7.71802644168082	4.29581142420626	0	NA	NA	NA	NA	NA	NA	1	-0.396416419282523	0.157145977476777	1	0.708402308321802	0.501833830435658	1	-2.50201371007393	6.26007260539789	1	0.935346628925402	0.874873316242115	1.00160827316782	4344.73299471864	0	1.00206948581433	13675.9241897892	0	NA	NA	NA	NA	NA	NA	NA	NA
29	7	7	benefit_positive_truncnorm	benefit_positive_truncnorm	continuous	1	waning	benefit	1	1	NA	1.51816053820125	2.93389169817278	1000	360	600	1000	1000	360	727	0.64	0.273	6.41162874775869	24	24	0	2	1	10	4	1	5000	2500	1	0.99	14	10000	101028	0.5279	0.9729	0.193537733323789	-4.90700676372644	0.196733206707412	5.26605766774877	10.1730644314752	1.06428256550079	-0.0149417433322238	1.06753595058838	2.16517236441621	2.18011410774843	0.508583464981569	0.177315499417012	-10.8207076468432	0.0974330499597329	11.1567962344634	21.9775038813065	0.0505	0.9439	2.0524304126414	-0.382184254014597	1.98906476848427	5.08922249353414	5.47140674754874	0	NA	NA	NA	NA	NA	NA	1	-1.32462280487746	1.75462557520142	1	-0.453877972700453	0.206005214102673	1	-2.75657619875577	7.59871233954679	1	-0.881461285531381	0.776973997890636	1.00159441591079	4622.33121116068	0	1.00126918911708	11815.2111960973	0	NA	NA	NA	NA	NA	NA	NA	NA
24	7	7	benefit_positive_truncnorm	benefit_positive_truncnorm	continuous	1	waning	benefit	1	1	NA	2.007313009397	3.81332279379257	1000	360	600	1000	1000	360	711	0.64	0.289	6.74331679890896	24	24	0	2	1	10	4	1	5000	2500	1	0.99	14	10000	101023	0.7291	1	1.70210708045559	-3.71481322842321	1.73682936413895	7.04562310728712	10.7604363357103	2.527934215801	1.43932064639643	2.52788232613757	3.61707456932114	2.17775392292471	0.657759281568284	2.24939014182411	-8.94426411771952	2.10022724788264	13.0859996613995	22.030263779119	0.0869	1	5.50066052377501	3.38952593568665	5.45444933700717	7.83717662523213	4.44765068954548	0	NA	NA	NA	NA	NA	NA	1	-0.305205928941404	0.0931506590609853	1	0.520621206404003	0.271046440557559	1	-1.56393265196846	2.44588533989311	1	1.68733772998243	2.84710861502227	1.00206494317706	3980.65644391879	0	1.00255671345709	10816.7586352057	0	NA	NA	NA	NA	NA	NA	NA	NA
23	7	7	benefit_positive_truncnorm	benefit_positive_truncnorm	continuous	1	waning	benefit	1	1	NA	2.55396374215826	5.31020868057624	1000	360	600	1000	1000	360	695	0.64	0.305	7.35478744608209	24	24	0	2	1	10	4	1	5000	2500	1	0.99	14	10000	101022	0.7988	1	2.08745631485552	-2.79513148368171	2.14650967339562	6.71021437993865	9.50534586362036	2.40526452826596	1.35984554399277	2.40306661603381	3.45408765663861	2.09424211264584	0.71598356103521	2.86758256153287	-7.68934494550473	2.72263295033887	12.7885691037886	20.4779140492933	0.0997	0.9999	4.65313342691214	1.86298652469863	4.61324674079596	7.57853242041534	5.71554589571671	0	NA	NA	NA	NA	NA	NA	1	-0.466507427302734	0.217629179728616	1	-0.148699213892293	0.0221114562121859	1	-2.44262611904337	5.96642235743287	1	-0.657075253664098	0.431747888977738	1.00135025508384	4219.10435398278	0	1.00195678730057	12588.44311049	0	NA	NA	NA	NA	NA	NA	NA	NA
28	7	7	benefit_positive_truncnorm	benefit_positive_truncnorm	continuous	1	waning	benefit	1	1	NA	1.45275533758404	2.72087367257467	1000	360	600	1000	1000	360	723	0.64	0.277	6.69886444567824	24	24	0	2	1	10	4	1	5000	2500	1	0.99	14	10000	101027	0.7001	0.9999	1.41456525464348	-4.07451804045246	1.45547797177756	6.60799314240506	10.6825111828575	2.47121380277397	1.41398097802149	2.4807946854287	3.52123253800126	2.10725155997976	0.634178321678322	1.89705752065844	-9.3736678854142	1.80617590900528	12.9313741644283	22.3050420498425	0.0848	0.9998	4.96056580573128	2.36838431394057	4.96214172138507	7.65719110103123	5.28880678709066	0	NA	NA	NA	NA	NA	NA	1	-0.0381900829405546	0.00145848243500644	1	1.01845846518994	1.03725764531705	1	-0.823816151916226	0.678673052158059	1	2.23969213315661	5.01622085132361	1.001570684242	4404.12970826019	0	1.00269149684603	12321.3438915731	0	NA	NA	NA	NA	NA	NA	NA	NA
245	7	7	benefit_positive_truncnorm	benefit_positive_truncnorm	continuous	1	waning	benefit	1	1	NA	1.96631540883741	4.58466841954848	1000	360	600	1000	1000	360	692	0.64	0.308	7.01421965358943	24	24	0	2	1	10	4	1	5000	2500	1	0.99	14	10000	101244	0.4255	0.9987	-0.402284036652842	-4.95599802173059	-0.465554472160203	4.54818604933454	9.50418407106513	1.69628034478488	0.603356510384423	1.70193873758226	2.76876620401484	2.16540969363042	0.292596822759838	-2.10616166979437	-12.2469672975814	-2.05913212930205	8.9349740223327	21.1819413199141	0.0369	0.9971	3.62175559893097	1.066374934014	3.63440629305141	6.27041663917005	5.20404170515605	0	NA	NA	NA	NA	NA	NA	1	-2.36859944549026	5.61026333317674	1	-0.270035064052538	0.072918935817858	1	-6.69083008934285	44.7672072844557	1	-0.962912820617511	0.927201100109571	1.00262670587581	4625.81016797583	0	1.00122813783254	10522.5048797161	0	NA	NA	NA	NA	NA	NA	NA	NA
159	7	7	benefit_positive_truncnorm	benefit_positive_truncnorm	continuous	1	waning	benefit	1	1	NA	1.56886931921946	2.73270818647548	1000	360	600	1000	1000	360	717	0.64	0.283	7.04065289764556	24	24	0	2	1	10	4	1	5000	2500	1	0.99	14	10000	101158	0.482	0.9928	-0.084953865872499	-4.92981800708876	-0.125412566143154	4.83014165873639	9.75995966582515	1.27469901465776	0.242500294540401	1.27773246063151	2.31741801962935	2.07491772508895	0.419176919813322	-0.865757529198296	-11.645922412418	-0.931267132735693	10.2516929454147	21.8976153578326	0.0572	0.9902	2.60523343163331	0.457279109102423	2.62694813340695	4.85804954596629	4.40077043686387	0	NA	NA	NA	NA	NA	NA	1	-1.65382318509196	2.73513112754772	1	-0.294170304561701	0.0865361680859241	1	-3.59846571567378	12.9489555068796	1	-0.127474754842172	0.0162498131220718	1.00195656260757	4397.57093029284	0	1.00200432914019	16387.332511968	0	NA	NA	NA	NA	NA	NA	NA	NA
79	7	7	benefit_positive_truncnorm	benefit_positive_truncnorm	continuous	1	waning	benefit	1	1	NA	1.82847748939735	3.54842217298609	1000	360	600	1000	1000	360	710	0.64	0.29	6.83532468388326	24	24	0	2	1	10	4	1	5000	2500	1	0.99	14	10000	101078	0.7032	1	1.42070488229145	-4.11195270100478	1.45387516489133	6.69428240116118	10.806235102166	2.40659645484965	1.33088366332273	2.41571995514677	3.4545176021415	2.12363393881877	0.631191652937946	1.87469270477726	-9.37777922884721	1.8051646752448	12.619856957308	21.9976361861552	0.0895	1	5.6176833217226	3.01436406460205	5.64297489882857	7.98221088626738	4.96784682166533	0	NA	NA	NA	NA	NA	NA	1	-0.407772607105899	0.166278499105942	1	0.578118965452301	0.334221538215639	1	-1.67372946820883	2.80137033275061	1	2.06926114873651	4.28184170167034	1.00136072938242	4547.55679173501	0	1.00174363016654	6284.18698854291	0	NA	NA	NA	NA	NA	NA	NA	NA
195	7	7	benefit_positive_truncnorm	benefit_positive_truncnorm	continuous	1	waning	benefit	1	1	NA	2.55148501948781	4.57504999216837	1000	360	600	1000	1000	360	681	0.64	0.319	7.86142384737807	24	24	0	2	1	10	4	1	5000	2500	1	0.99	14	10000	101194	0.7224	1	1.5699239217086	-3.49702479730325	1.61992410814207	6.53955921469841	10.0365840120017	2.66216889443464	1.61785045740029	2.65925505154255	3.72015423852645	2.10230378112616	0.626045267030884	1.76094101424504	-8.95742937181512	1.62328237873471	12.1625285352761	21.1199579070912	0.1031	0.9999	5.823085581005	2.99472111251675	5.72797900261891	9.19169138435931	6.19697027184256	0	NA	NA	NA	NA	NA	NA	1	-0.981561097779207	0.963462188673523	1	0.110683874946834	0.0122509201732463	1	-2.81410897792333	7.91920933962867	1	1.24803558883663	1.55759283100279	1.00176055352751	4881.92211408085	0	1.00164498978817	11802.216772119	0	NA	NA	NA	NA	NA	NA	NA	NA
64	7	7	benefit_positive_truncnorm	benefit_positive_truncnorm	continuous	1	waning	benefit	1	1	NA	2.03643375958402	3.78774377580597	1000	360	600	1000	1000	360	701	0.64	0.299	7.26269459726972	24	24	0	2	1	10	4	1	5000	2500	1	0.99	14	10000	101063	0.6538	0.9998	0.928310021090399	-3.7500888568253	0.944645291992093	5.570822881907	9.3209117387323	1.76114739369288	0.709985113460298	1.76113593763759	2.78531836646414	2.07533325300384	0.593319816455021	1.15792265778402	-9.63331295436302	1.08415479624161	11.6561295796762	21.2894425340392	0.0629	0.9932	3.17387760501152	0.56173730054578	3.19828311515199	6.00762254301259	5.44588524246681	0	NA	NA	NA	NA	NA	NA	1	-1.10812373849362	1.22793821981308	1	-0.275286365891138	0.0757825832455495	1	-2.62982111802196	6.91595911279425	1	-0.613866170794455	0.376831675645847	1.00111878480604	4439.11483769614	0	1.00218964871936	12634.6249378672	0	NA	NA	NA	NA	NA	NA	NA	NA
160	7	7	benefit_positive_truncnorm	benefit_positive_truncnorm	continuous	1	waning	benefit	1	1	NA	1.50204723270117	2.86551122487615	1000	360	600	1000	1000	360	694	0.64	0.306	7.12279328070708	24	24	0	2	1	10	4	1	5000	2500	1	0.99	14	10000	101159	0.7082	0.9998	1.38789716611658	-3.6831143307411	1.43973273408188	6.27642919996713	9.95954353070822	1.98010276209108	0.899048431812861	1.97711948229451	3.05922450878227	2.16017607696941	0.659991292990858	2.08693822316251	-8.59555642747588	1.96314418159711	12.3537269639225	20.9492833913983	0.0812	0.9999	4.55256772732946	1.7540382803059	4.62559907773484	6.95900236651503	5.20496408620913	0	NA	NA	NA	NA	NA	NA	1	-0.114150066584591	0.0130302377012666	1	0.478055529389908	0.228537089180266	1	-0.778573001713633	0.606175918997377	1	1.68705650245331	2.84615964247	1.00167020173641	4518.0367859131	0	1.00160467058447	11839.0777159096	0	NA	NA	NA	NA	NA	NA	NA	NA
72	7	7	benefit_positive_truncnorm	benefit_positive_truncnorm	continuous	1	waning	benefit	1	1	NA	2.08277924356779	4.63799186037515	1000	360	600	1000	1000	360	697	0.64	0.303	7.39194280170408	24	24	0	2	1	10	4	1	5000	2500	1	0.99	14	10000	101071	0.6641	0.999	1.09066502237695	-3.89336338902453	1.15204627276874	5.89095646355899	9.78431985258352	1.64648985352858	0.562040047122962	1.64438624725126	2.70134295856667	2.1393029114437	0.614086653603309	1.53569745878719	-9.016263536905	1.41974099079851	11.8299430045641	20.8462065414691	0.0814	0.9972	3.53957385357958	0.92186745835477	3.50727047133672	6.26621673004095	5.34434927168618	0	NA	NA	NA	NA	NA	NA	1	-0.992114221190849	0.984290627889124	1	-0.43628939003921	0.190348431860786	1	-3.10229440158796	9.624230554124	1	-1.09841800679556	1.20652211765274	1.00142903805643	4621.14600669079	0	1.00217555354715	15235.6509682108	0	NA	NA	NA	NA	NA	NA	NA	NA
54	7	7	benefit_positive_truncnorm	benefit_positive_truncnorm	continuous	1	waning	benefit	1	1	NA	2.52087774021405	4.86179630481085	1000	360	600	1000	1000	360	706	0.64	0.294	7.22555252136696	24	24	0	2	1	10	4	1	5000	2500	1	0.99	14	10000	101053	0.7307	1	1.5488618232883	-3.46212314732325	1.58978206704158	6.40478507238782	9.86690821971107	2.12155740715718	1.02391668439906	2.12105414803815	3.23214105219434	2.20822436779528	0.661727582043683	2.03756396456859	-8.65273696738227	1.94438983019671	12.2411456355658	20.8938826029481	0.0889	0.9994	4.19235115402812	1.81230556051526	4.202653540863	6.5988807517345	4.78657519121925	0	NA	NA	NA	NA	NA	NA	1	-0.972015916925749	0.944814942757004	1	-0.399320333056874	0.159456728392653	1	-2.82423234024226	7.97628831167028	1	-0.669445150782727	0.448156809906508	1.00164409221834	4595.06277691576	0	1.00242968281928	11923.5085670856	0	NA	NA	NA	NA	NA	NA	NA	NA
74	7	7	benefit_positive_truncnorm	benefit_positive_truncnorm	continuous	1	waning	benefit	1	1	NA	2.27421329317657	4.56124392933956	1000	360	600	1000	1000	360	698	0.64	0.302	7.42287931954475	24	24	0	2	1	10	4	1	5000	2500	1	0.99	14	10000	101073	0.6647	0.9959	1.07724838376724	-3.86495242078725	1.10600573426022	5.914142954984	9.77909537577125	1.41425274525305	0.348273632378135	1.41555593470846	2.46249830083668	2.11422466845854	0.590749671196844	1.21049249287577	-9.47884451545987	1.1451097258152	11.4474947479075	20.9263392633673	0.0876	0.9972	3.40935331885418	0.959447695123254	3.40723735374973	5.83266881612507	4.87322112100181	0	NA	NA	NA	NA	NA	NA	1	-1.19696490940933	1.43272499435728	1	-0.859960547923518	0.739532143984918	1	-3.35075143646379	11.2275351889642	1	-1.15189061048538	1.32685197852439	1.00184377332841	4562.97636989947	0	1.00309113732803	12953.0613170905	0	NA	NA	NA	NA	NA	NA	NA	NA
153	7	7	benefit_positive_truncnorm	benefit_positive_truncnorm	continuous	1	waning	benefit	1	1	NA	1.98841605056559	3.90538564329463	1000	360	600	1000	1000	360	706	0.64	0.294	7.23417036324146	24	24	0	2	1	10	4	1	5000	2500	1	0.99	14	10000	101152	0.7676	1	1.78000784252519	-3.00475941928789	1.84509392940505	6.41501345023344	9.41977286952133	2.32402711507508	1.26040457127689	2.32520245133686	3.40067822706452	2.14027365578763	0.702020202020202	2.63881505479626	-7.92851022130585	2.48016692340561	12.8947146270285	20.8232248483344	0.0694	0.9998	5.02213115820417	2.47906504467998	5.04389982276099	7.60572580195628	5.1266607572763	0	NA	NA	NA	NA	NA	NA	1	-0.208408208040397	0.0434339811786092	1	0.335611064509488	0.112634786621192	1	-1.26657058849836	1.60420105564909	1	1.11674551490954	1.24712054507058	1.00128987017957	4504.14093662828	0	1.00125477231081	10608.5508720025	0	NA	NA	NA	NA	NA	NA	NA	NA
192	7	7	benefit_positive_truncnorm	benefit_positive_truncnorm	continuous	1	waning	benefit	1	1	NA	2.84524933035467	5.99019309922538	1000	360	600	1000	1000	360	707	0.64	0.293	7.63925004330809	24	24	0	2	1	10	4	1	5000	2500	1	0.99	14	10000	101191	0.7094	0.9999	1.36531878150842	-3.66936015213003	1.40345759792045	6.25035900375386	9.91971915588389	2.01916727434015	0.929269811889008	2.01911257820522	3.08064522376716	2.15137541187815	0.613389492352028	1.46429685896544	-9.47403198789116	1.36440953620735	11.8380843868944	21.3121163747856	0.0978	0.9967	3.59336981936743	0.97280294848665	3.67094603250846	6.0309479733852	5.05814502489855	0	NA	NA	NA	NA	NA	NA	1	-1.47993054884624	2.19019442940835	1	-0.826082056014512	0.682411563269164	1	-4.52589624025993	20.483736777599	1	-2.39682327985795	5.74476183486901	1.00144708778627	4552.12980221753	0	1.00218014804082	9949.69307446892	0	NA	NA	NA	NA	NA	NA	NA	NA
189	7	7	benefit_positive_truncnorm	benefit_positive_truncnorm	continuous	1	waning	benefit	1	1	NA	2.08580403283507	4.00532960223302	1000	360	600	1000	1000	360	727	0.64	0.273	7.47175716504467	24	24	0	2	1	10	4	1	5000	2500	1	0.99	14	10000	101188	0.6938	0.9931	1.26172121649357	-3.74885374960423	1.31526927417271	6.02155365819438	9.77040740779861	1.3257519515305	0.265325115370662	1.33260468910132	2.35118502709113	2.08585991172047	0.612998684787374	1.48466681942813	-9.09932018350537	1.39537316379949	11.7019232193618	20.8012434028671	0.0876	0.9195	1.56480315652145	-0.543362767255032	1.54058962884837	3.84184953108877	4.3852122983438	0	NA	NA	NA	NA	NA	NA	1	-0.824082816341503	0.679112488189343	1	-0.76005208130457	0.577679166295409	1	-2.52066278280488	6.35374086461766	0	-2.44052644571156	5.95616933221752	1.00196295137952	4500.85503963867	0	1.00196505821765	13118.6439512763	0	NA	NA	NA	NA	NA	NA	NA	NA
149	7	7	benefit_positive_truncnorm	benefit_positive_truncnorm	continuous	1	waning	benefit	1	1	NA	1.91545353192639	3.68537623658286	1000	360	600	1000	1000	360	706	0.64	0.294	7.90369265000327	24	24	0	2	1	10	4	1	5000	2500	1	0.99	14	10000	101148	0.7089	1	1.41355186282264	-3.79569164992827	1.49642172528449	6.34743312048179	10.1431247704101	2.04890624901462	0.956593066482021	2.04479464675169	3.1189383775987	2.16234531111668	0.632044817927171	1.75681268917351	-9.02358945941815	1.67359048288954	11.9514542584338	20.9750437178519	0.1075	1	4.88563610429745	2.43663410607296	4.95384403583544	6.94814272446243	4.51150861838947	0	NA	NA	NA	NA	NA	NA	1	-0.501901669103753	0.251905285449133	1	0.133452717088231	0.0178096276982313	1	-1.92856354740935	3.71935735639615	1	1.20025986771459	1.44062375004624	1.00160482580878	4390.10479703255	0	1.0028486896393	14516.8520909366	0	NA	NA	NA	NA	NA	NA	NA	NA
185	7	7	benefit_positive_truncnorm	benefit_positive_truncnorm	continuous	1	waning	benefit	1	1	NA	2.09061074661729	3.51940133547166	1000	360	600	1000	1000	360	697	0.64	0.303	7.33428536039946	24	24	0	2	1	10	4	1	5000	2500	1	0.99	14	10000	101184	0.7561	0.9996	1.79495781762986	-3.30648893895657	1.85536878770798	6.64896138649267	9.95545032544923	1.90989740505049	0.833375327361019	1.91454255908773	2.99460826137148	2.16123293401047	0.684563021519543	2.47995744510214	-8.08146044668791	2.35210848085488	12.6052225132012	20.6866829598891	0.0892	0.9983	4.28983970247336	1.58079766828057	4.29980179035297	6.78197878918073	5.20118112090017	0	NA	NA	NA	NA	NA	NA	1	-0.295652928987436	0.0874106544188501	1	-0.180713341566797	0.032657311820238	1	-1.03944389036952	1.08044360122653	1	0.770438367001696	0.59357527734824	1.0023101218919	4532.34587638174	0	1.00213938662477	6595.87380793645	0	NA	NA	NA	NA	NA	NA	NA	NA
147	7	7	benefit_positive_truncnorm	benefit_positive_truncnorm	continuous	1	waning	benefit	1	1	NA	2.29821751192591	4.91298683070319	1000	360	600	1000	1000	360	705	0.64	0.295	7.45543564789681	24	24	0	2	1	10	4	1	5000	2500	1	0.99	14	10000	101146	0.7681	1	1.83570102951124	-3.17517029739792	1.87733951589893	6.60415146017243	9.77932175757035	3.00577525733391	1.9649538159374	3.00991424911167	4.04002287891631	2.07506906297891	0.682862770847013	2.42530506899458	-7.96222954375568	2.2866402587341	12.4069288162515	20.3691583600072	0.0862	1	5.7085734364969	3.314668864642	5.7083867639042	8.04128460293294	4.72661573829094	0	NA	NA	NA	NA	NA	NA	1	-0.46251648241467	0.21392149650524	1	0.707557745408004	0.500637963086858	1	-2.48768176170861	6.18856054753764	1	0.795586605793717	0.632958047318367	1.00147580942744	4514.31718321602	0	1.00133368570742	11077.5079009979	0	NA	NA	NA	NA	NA	NA	NA	NA
193	7	7	benefit_positive_truncnorm	benefit_positive_truncnorm	continuous	1	waning	benefit	1	1	NA	1.61994168735953	3.011875110457	1000	360	600	1000	1000	360	746	0.64	0.254	5.99351309228818	24	24	0	2	1	10	4	1	5000	2500	1	0.99	14	10000	101192	0.6532	0.9974	1.15572647458548	-4.71710669527993	1.22410772283073	6.84027483080581	11.5573815260857	1.57135212435871	0.489802796164978	1.56904822826158	2.6733346246343	2.18353182846933	0.602536543422184	1.47244707836974	-10.5261244156438	1.40507926391429	12.9328393194142	23.4589637350579	0.0696	0.986	2.80360311540047	0.350977567848635	2.79698371477003	5.22332126510917	4.87234369726053	0	NA	NA	NA	NA	NA	NA	1	-0.46421521277405	0.215495763770856	1	-0.0485895630008208	0.00236094563261074	1	-1.53942803208726	2.36983866597607	1	-0.208271995056537	0.04337722392483	1.00153708946866	4242.86147736326	0	1.00183058047028	12677.8757186777	0	NA	NA	NA	NA	NA	NA	NA	NA
134	7	7	benefit_positive_truncnorm	benefit_positive_truncnorm	continuous	1	waning	benefit	1	1	NA	2.25549547143859	4.27657182525519	1000	360	600	1000	1000	360	704	0.64	0.296	7.68596546136347	24	24	0	2	1	10	4	1	5000	2500	1	0.99	14	10000	101133	0.7175	0.9999	1.42351110155919	-3.63393004034266	1.46822174631791	6.24534404058187	9.87927408092453	2.20275358582253	1.13119875406644	2.19856154784458	3.26109005067899	2.12989129661255	0.634626069563285	1.81366434070039	-8.92283355861085	1.70080969655542	12.2545549456079	21.1773885042187	0.1001	0.9994	4.03558072050569	1.36836083048955	3.97428436985331	6.97543566444726	5.60707483395771	0	NA	NA	NA	NA	NA	NA	1	-0.831984369879409	0.692197991723638	1	-0.0527418856160646	0.00278170649833805	1	-2.4629074845548	6.06591327747605	1	-0.240991104749498	0.0580767125683836	1.00114603629478	4270.57068738207	0	1.00154789706738	11961.7279907614	0	NA	NA	NA	NA	NA	NA	NA	NA
144	7	7	benefit_positive_truncnorm	benefit_positive_truncnorm	continuous	1	waning	benefit	1	1	NA	2.3332601481696	4.58154521472442	1000	360	600	1000	1000	360	702	0.64	0.298	7.56978546403979	24	24	0	2	1	10	4	1	5000	2500	1	0.99	14	10000	101143	0.8204	1	2.37608493834311	-2.75563480883241	2.44024244883001	7.08713569315476	9.84277050198717	2.3780685898049	1.32813402783852	2.37692242481785	3.40171419451938	2.07358016668086	0.754085516006268	3.4484989677602	-6.88628731800398	3.34042018469536	13.2976582245936	20.1839455425976	0.1066	0.9994	4.86487057122294	2.10143156157398	4.8747762334327	7.49496087257664	5.39352931100266	0	NA	NA	NA	NA	NA	NA	1	0.042824790173511	0.00183396265340525	1	0.0448084416352961	0.00200779644178373	1	-1.13304624696422	1.2837937977597	1	0.283325356498524	0.0802732576350155	1.00125261994345	4447.44226397527	0	1.00271177887265	14803.7588076277	0	NA	NA	NA	NA	NA	NA	NA	NA
152	7	7	benefit_positive_truncnorm	benefit_positive_truncnorm	continuous	1	waning	benefit	1	1	NA	2.25209426045136	4.63376328001345	1000	360	600	1000	1000	360	683	0.64	0.317	7.77574490430233	24	24	0	2	1	10	4	1	5000	2500	1	0.99	14	10000	101151	0.6856	1	1.20576733517433	-3.87234403206679	1.22471443472851	6.17823928509457	10.0505833171614	2.3463131609113	1.26369951324137	2.35307643568729	3.41675689642878	2.15305738318742	0.596446700507614	1.26043153207281	-9.65078094256446	1.14011024324087	11.7933362030891	21.4441171456535	0.0938	0.9999	5.22120021044971	2.42205714755675	5.32152064910949	7.5828018755963	5.16074472803955	0	NA	NA	NA	NA	NA	NA	1	-1.04632692527704	1.0948000345597	1	0.0942189004599312	0.00887720120387842	1	-3.37333174794064	11.3793670816642	1	0.587436930436257	0.345082147240372	1.00153039078922	4195.77905835171	0	1.00158951526003	13220.4744552507	0	NA	NA	NA	NA	NA	NA	NA	NA
67	7	7	benefit_positive_truncnorm	benefit_positive_truncnorm	continuous	1	waning	benefit	1	1	NA	2.2857094416321	4.03874725398537	1000	360	600	1000	1000	360	702	0.64	0.298	8.44275106469948	24	24	0	2	1	10	4	1	5000	2500	1	0.99	14	10000	101066	0.8424	1	2.34391294418433	-2.28291560675348	2.3883761080838	6.69393927445287	8.97685488120635	3.10152015791073	2.09264027099286	3.09956536179048	4.11290193735036	2.0202616663575	0.742699289660616	3.10834763114516	-6.6217801770344	2.96935553271445	12.4433625919881	19.0651427690225	0.1131	1	5.73864431978412	3.18401404255635	5.69272254513485	8.27286516075874	5.08885111820239	0	NA	NA	NA	NA	NA	NA	1	0.0582035025522285	0.00338764770934727	1	0.815810716278625	0.665547124795043	1	-0.930399622840218	0.865643458181219	1	1.69989706579875	2.88965003431119	1.00185795871476	4628.92067194093	0	1.00206789076465	13632.6450319461	0	NA	NA	NA	NA	NA	NA	NA	NA
76	7	7	benefit_positive_truncnorm	benefit_positive_truncnorm	continuous	1	waning	benefit	1	1	NA	2.0157285898026	4.08080670205991	1000	360	600	1000	1000	360	692	0.64	0.308	8.00129760884979	24	24	0	2	1	10	4	1	5000	2500	1	0.99	14	10000	101075	0.39	1	-0.69981767183546	-5.59294922777028	-0.730994980547351	4.68038910982754	10.2733383375978	2.29900851131894	1.23077836876664	2.29903504682325	3.3809969816557	2.15021861288907	0.268125132107377	-2.43062160236697	-12.4720226707324	-2.35293130826417	8.6515446819785	21.1235673527109	0.0538	1	5.04632556628983	2.67777310581415	4.98333986764994	7.66306675244158	4.98529364662743	0	NA	NA	NA	NA	NA	NA	1	-2.71554626163806	7.37419149909644	1	0.283279921516346	0.080247513934307	1	-6.51142830442688	42.3986985636915	1	0.965518864229914	0.932226677183823	1.00169775305893	4410.82332440201	0	1.00179133550463	11414.1629698236	0	NA	NA	NA	NA	NA	NA	NA	NA
115	7	7	benefit_positive_truncnorm	benefit_positive_truncnorm	continuous	1	waning	benefit	1	1	NA	2.31592940852719	4.73042115076557	1000	360	600	1000	1000	360	726	0.64	0.274	6.84395208964643	24	24	0	2	1	10	4	1	5000	2500	1	0.99	14	10000	101114	0.6743	1	1.23769531357646	-4.22022106656219	1.26719956838578	6.5748951343208	10.795116200883	2.34037386023859	1.24470365156283	2.33527448325379	3.42162903399621	2.17692538243338	0.593205479452055	1.36694488461356	-10.0118266666778	1.2446994805757	12.472516018489	22.4843426851668	0.0875	0.9962	3.88914364256722	0.820030789327026	3.83933351931064	7.36327239492948	6.54324160560245	0	NA	NA	NA	NA	NA	NA	1	-1.07823409495073	1.16258876351421	1	0.0244444517114011	0.000597531219471019	1	-3.36347626615201	11.3129725929679	1	-0.841277508198355	0.707747845800434	1.00124736195424	4772.20670833447	0	1.00205404302896	11813.5183390425	0	NA	NA	NA	NA	NA	NA	NA	NA
150	7	7	benefit_positive_truncnorm	benefit_positive_truncnorm	continuous	1	waning	benefit	1	1	NA	1.20465781659924	2.03640569833939	1000	360	600	1000	1000	360	725	0.64	0.275	6.06626319716857	24	24	0	2	1	10	4	1	5000	2500	1	0.99	14	10000	101149	0.4904	0.9835	-0.052645976847025	-4.96137851931241	-0.0647330537052557	5.00861434742635	9.96999286673875	1.16763433581629	0.0898599923598127	1.16758541420302	2.24158096698629	2.15172097462648	0.465665458311756	-0.361459447864959	-11.4716382216331	-0.382589813821223	10.9987308623456	22.4703690839787	0.0345	0.9642	2.40029603296851	-0.257156898062375	2.46620169947946	4.7934849695155	5.05064186757787	0	NA	NA	NA	NA	NA	NA	1	-1.25730379344626	1.58081282901436	1	-0.0370234807829426	0.00137073812928492	1	-2.39786514620435	5.74975725938159	1	0.363890334629125	0.132416175636497	1.00216619201582	4158.25120889899	0	1.00114756636251	10741.0116149804	0	NA	NA	NA	NA	NA	NA	NA	NA
148	7	7	benefit_positive_truncnorm	benefit_positive_truncnorm	continuous	1	waning	benefit	1	1	NA	1.07838342532029	2.53419163091389	1000	360	600	1000	1000	360	704	0.64	0.296	6.93980497893192	24	24	0	2	1	10	4	1	5000	2500	1	0.99	14	10000	101147	0.5363	0.9817	0.229881873487183	-5.0817084331134	0.244789088115485	5.36323676975132	10.4449452028647	1.1715079804628	0.0863196187934451	1.17392299760945	2.25344664841219	2.16712702961874	0.517645781300901	0.281590293614643	-11.2012185647092	0.240590467607269	11.6167769047611	22.8179954694703	0.0791	0.9883	2.6733443514885	0.417326211258221	2.69869767697077	4.97854844793408	4.56122223667586	0	NA	NA	NA	NA	NA	NA	1	-0.848501551833108	0.719954883463193	1	0.0931245551425111	0.00867218277049058	1	-2.25260133729925	5.07421278480236	1	0.139152720574605	0.0193634796433142	1.00145888777715	4366.64431549708	0	1.00200853837275	12122.1467449409	0	NA	NA	NA	NA	NA	NA	NA	NA
70	7	7	benefit_positive_truncnorm	benefit_positive_truncnorm	continuous	1	waning	benefit	1	1	NA	2.65148148050737	4.38828464453566	1000	360	600	1000	1000	360	689	0.64	0.311	7.3452142711622	24	24	0	2	1	10	4	1	5000	2500	1	0.99	14	10000	101069	0.8142	1	2.24327865316073	-2.64066560356655	2.29058459340003	6.83828230842208	9.47894791198863	2.58125820691281	1.50198882766359	2.58847493476962	3.65138296838138	2.14939414071779	0.720907189254652	2.94768618609018	-7.35168512859214	2.77175606204865	12.8994651147905	20.2511502433827	0.0917	0.9999	4.39587833480247	2.07815860096867	4.23591178037585	7.51518341034875	5.43702480938008	0	NA	NA	NA	NA	NA	NA	1	-0.408202827346649	0.166629548253798	1	-0.0702232735945603	0.00493130815433647	1	-1.44059845844548	2.0753239184755	1	0.00759369026681345	5.76641318682973e-05	1.00152099862877	4840.24819797925	0	1.00127683464754	10833.2056135309	0	NA	NA	NA	NA	NA	NA	NA	NA
117	7	7	benefit_positive_truncnorm	benefit_positive_truncnorm	continuous	1	waning	benefit	1	1	NA	2.61821843707868	5.45947232831201	1000	360	600	1000	1000	360	686	0.64	0.314	7.41321216124889	24	24	0	2	1	10	4	1	5000	2500	1	0.99	14	10000	101116	0.7604	1	1.80894865611988	-3.21263305637064	1.89896831235494	6.62286330958849	9.83549636595913	2.70922422619512	1.64050214761066	2.70638910687027	3.77790589447319	2.13740374686253	0.682476943346509	2.45905171596565	-8.19405658906431	2.33768392543496	12.5432356022248	20.7372921912891	0.0892	1	5.60899532836959	3.12765835245471	5.55232539743463	8.48295594167432	5.35529758921962	0	NA	NA	NA	NA	NA	NA	1	-0.809269780958802	0.654917578373107	1	0.0910057891164429	0.00828205365270647	1	-3.00042061234636	9.00252385099292	1	0.149523000057575	0.0223571275462175	1.00127437214394	4215.67615593436	0	1.00242320150324	11697.5659655217	0	NA	NA	NA	NA	NA	NA	NA	NA
151	7	7	benefit_positive_truncnorm	benefit_positive_truncnorm	continuous	1	waning	benefit	1	1	NA	1.60225720805668	3.11254628249681	1000	360	600	1000	1000	360	738	0.64	0.262	6.70034676937698	24	24	0	2	1	10	4	1	5000	2500	1	0.99	14	10000	101150	0.6507	1	1.04965051630406	-4.29316347598943	1.08719388390204	6.19314678122854	10.486310257218	2.30030845994414	1.23020667682642	2.29568935168019	3.34723449018633	2.11702781335991	0.608611825192802	1.48665784188189	-9.8906957777527	1.3759156022127	12.4395690656551	22.3302648434078	0.0664	0.9999	4.80336170174894	2.25832269635357	4.7975233756644	7.37725091093761	5.11892821458404	0	NA	NA	NA	NA	NA	NA	1	-0.552606691752614	0.305374155769769	1	0.698051251887466	0.487275550261658	1	-1.62588844061492	2.64351322132522	1	1.69081541925213	2.85885678198077	1.00173317706436	4370.67650535287	0	1.00187916199776	11981.1677049487	0	NA	NA	NA	NA	NA	NA	NA	NA
41	7	7	benefit_positive_truncnorm	benefit_positive_truncnorm	continuous	1	waning	benefit	1	1	NA	1.94504666185055	3.49265429890498	1000	360	600	1000	1000	360	695	0.64	0.305	8.601345273752	24	24	0	2	1	10	4	1	5000	2500	1	0.99	14	10000	101040	0.8443	1	2.45243864694172	-2.266883273941	2.50001873453748	7.00316390681502	9.27004718075602	2.79952581724676	1.71067912472817	2.80095407843994	3.87543044158523	2.16475131685706	0.723272602268821	2.93057633026186	-7.12745065379601	2.85651798832326	12.2778385763989	19.4052892301949	0.1273	1	5.60307436190118	2.6526189462285	5.6398647435896	8.36467449559735	5.71205554936884	0	NA	NA	NA	NA	NA	NA	1	0.507391985091166	0.257446626534754	1	0.854479155396204	0.730134627006611	1	-0.562077968643127	0.315931642833984	1	2.1104200629962	4.45387284229689	1.00097817324855	4556.99400543246	0	1.00172262340625	12705.8399834388	0	NA	NA	NA	NA	NA	NA	NA	NA
146	7	7	benefit_positive_truncnorm	benefit_positive_truncnorm	continuous	1	waning	benefit	1	1	NA	2.4224500564393	5.29023292245429	1000	360	600	1000	1000	360	699	0.64	0.301	8.04112566682339	24	24	0	2	1	10	4	1	5000	2500	1	0.99	14	10000	101145	0.6509	1	0.902075399525006	-3.62477573911658	0.89782447133054	5.38157390935348	9.00634964847006	2.24162093344128	1.18039412807779	2.24754767861311	3.27852810713933	2.09813397906154	0.592222580298636	1.05229702087129	-9.30428859513207	0.952318407698888	11.0981952604158	20.4024838555479	0.0691	1	5.09360669119475	2.8605190571773	5.12394378532071	7.13182431877628	4.27130526159898	0	NA	NA	NA	NA	NA	NA	1	-1.5203746569143	2.31153909738726	1	-0.180829122998016	0.0326991717242316	1	-4.237935901583	17.9601007059261	1	-0.196626231259548	0.0386618748193331	1.00218031463674	4478.43936838912	0	1.0016716485258	11295.6540404517	0	NA	NA	NA	NA	NA	NA	NA	NA
51	7	7	benefit_positive_truncnorm	benefit_positive_truncnorm	continuous	1	waning	benefit	1	1	NA	2.49229473035693	5.07448348166918	1000	360	600	1000	1000	360	689	0.64	0.311	6.91549936197176	24	24	0	2	1	10	4	1	5000	2500	1	0.99	14	10000	101050	0.7277	1	1.68577801766305	-3.83360494982835	1.71254159952125	6.99362737404092	10.8272323238693	2.66799182506043	1.56367600775325	2.6674162858522	3.77133670289512	2.20766069514187	0.64738929279577	2.07580367798984	-9.12803380118467	1.98883955076911	12.946972742377	22.0750065435617	0.0922	1	6.11997435730748	3.36255523529482	6.16393657385108	8.61716181037635	5.25460657508154	0	NA	NA	NA	NA	NA	NA	1	-0.80651671269388	0.650469207854543	1	0.175697094703501	0.030869469087251	1	-2.99867980367934	8.99208056499439	1	1.0454908756383	1.09305117104294	1.00170343212204	4567.5453291598	0	1.00155381077369	8500.05953392426	0	NA	NA	NA	NA	NA	NA	NA	NA
37	7	7	benefit_positive_truncnorm	benefit_positive_truncnorm	continuous	1	waning	benefit	1	1	NA	2.17732713735374	4.62634872407803	1000	360	600	1000	1000	360	690	0.64	0.31	7.66941049090219	24	24	0	2	1	10	4	1	5000	2500	1	0.99	14	10000	101036	0.5705	0.9901	0.407931590733395	-4.67024986132704	0.460531341379657	5.39979123444104	10.0700410957681	1.34326542195782	0.22534962809225	1.35392859335091	2.46364283331079	2.23829320521854	0.51796970032069	0.170539969026678	-10.6387666947126	0.198813560204746	10.9363534678622	21.5751201625747	0.0957	0.9768	2.87410036794593	0.0385963233436344	2.8425871116638	5.83389756385596	5.79530124051232	0	NA	NA	NA	NA	NA	NA	1	-1.76939554662035	3.13076060039991	1	-0.834061715395924	0.695658945089191	1	-4.45580875505136	19.8542316615923	1	-1.7522483561321	3.07037430156766	1.00353550878392	4070.14473384693	0	1.00133234819952	13269.9385453301	0	NA	NA	NA	NA	NA	NA	NA	NA
22	7	7	benefit_positive_truncnorm	benefit_positive_truncnorm	continuous	1	waning	benefit	1	1	NA	1.74316760234869	2.99563492091512	1000	360	600	1000	1000	360	728	0.64	0.272	7.04731493411547	24	24	0	2	1	10	4	1	5000	2500	1	0.99	14	10000	101021	0.5777	0.7782	0.500803824032747	-4.3288491983905	0.520828740451587	5.3381742699691	9.6670234683596	0.41135337319429	-0.663749301081083	0.409216026761589	1.4939661475721	2.15771544865318	0.577416958505784	0.897178314270386	-10.1862692403271	0.84951099147886	11.5245594502004	21.7108286905275	0.0577	0.725	0.587490332375597	-1.1579992001057	0.54527289837223	2.52699760633787	3.68499680644357	0	NA	NA	NA	NA	NA	NA	1	-1.24236377831594	1.54346775767147	0	-1.3318142291544	1.77372914097813	1	-2.09845660664474	4.40352012997095	0	-2.40814458853953	5.79916035931221	1.00157552506526	4390.74033759946	0	1.00171589247663	10236.6036534704	0	NA	NA	NA	NA	NA	NA	NA	NA
145	7	7	benefit_positive_truncnorm	benefit_positive_truncnorm	continuous	1	waning	benefit	1	1	NA	1.78804490424808	3.46838476179996	1000	360	600	1000	1000	360	724	0.64	0.276	7.04544230068685	24	24	0	2	1	10	4	1	5000	2500	1	0.99	14	10000	101144	0.7824	0.9999	2.01836676016572	-3.05635691554004	2.11460559876867	6.7149656300803	9.77132254562035	2.11219384122127	1.06943271200333	2.11842422078066	3.15232901171089	2.08289629970756	0.785964528136632	3.84709563985616	-6.90081447734549	3.69124899764119	13.8323857078637	20.7332001852091	0.0866	0.9995	3.90508602716565	1.76507758316926	3.83728258131483	6.32886679764933	4.56378921448008	0	NA	NA	NA	NA	NA	NA	1	0.230321855917634	0.0530481573133434	1	0.324148936973184	0.105072533340846	1	0.378710878056195	0.143421929158094	1	0.436701265365688	0.190707995171993	1.00155449406448	4503.22504602863	0	1.00248568344463	12305.5351948251	0	NA	NA	NA	NA	NA	NA	NA	NA
19	7	7	benefit_positive_truncnorm	benefit_positive_truncnorm	continuous	1	waning	benefit	1	1	NA	2.064783329359	4.04134067682637	1000	360	600	1000	1000	360	710	0.64	0.29	6.89732019373151	24	24	0	2	1	10	4	1	5000	2500	1	0.99	14	10000	101018	0.6147	0.9537	0.788326262939888	-4.62043981809306	0.815214445835907	6.14185598266792	10.762295800761	0.918813638462834	-0.153927466201118	0.919738769512718	1.98711676446993	2.14104423067105	0.571554187733568	1.00725696445484	-10.6799377366462	0.941333791746007	12.3277651108502	23.0077028474964	0.0902	0.9055	1.58796107566994	-0.794587929009263	1.60583940767813	3.98361768398506	4.77820561299432	0	NA	NA	NA	NA	NA	NA	1	-1.27645706641912	1.6293426424113	0	-1.14596969089617	1.31324653245266	1	-3.03408371237154	9.20566397367826	0	-2.45337960115644	6.01907146737051	1.00131872544257	4050.50448588442	0	1.0020154638404	12122.1359420159	0	NA	NA	NA	NA	NA	NA	NA	NA
21	7	7	benefit_positive_truncnorm	benefit_positive_truncnorm	continuous	1	waning	benefit	1	1	NA	2.34742027967737	4.74765055854725	1000	360	600	1000	1000	360	707	0.64	0.293	7.21432513082642	24	24	0	2	1	10	4	1	5000	2500	1	0.99	14	10000	101020	0.6614	0.9965	1.01864271267468	-3.80281499512211	1.03667501887349	5.72487924536413	9.52769424048625	1.49962396277013	0.397693033799299	1.50981736320388	2.59268586569248	2.19499283189318	0.621095860801902	1.55322086656839	-8.68260582173272	1.37662146052938	11.9681875970673	20.6507934188	0.0747	0.9966	3.1531845266699	0.905899487974709	3.17332396162126	5.38015685598702	4.47425736801231	0	NA	NA	NA	NA	NA	NA	1	-1.32877756700269	1.76564982256959	1	-0.84779631690724	0.718758594961481	1	-3.19442969197886	10.2043810569962	1	-1.59446603187735	2.5423219268107	1.00152401226629	4456.85439921084	0	1.00138343959276	12643.9431803118	0	NA	NA	NA	NA	NA	NA	NA	NA
157	7	7	benefit_positive_truncnorm	benefit_positive_truncnorm	continuous	1	waning	benefit	1	1	NA	1.74236785493406	3.1131723540217	1000	360	600	1000	1000	360	705	0.64	0.295	6.93179897129771	24	24	0	2	1	10	4	1	5000	2500	1	0.99	14	10000	101156	0.7074	1	1.50516923555248	-3.97958562844379	1.55028572685972	6.83351256148408	10.8130981899279	2.16149053776753	1.0812180754339	2.16049050069232	3.23071047196593	2.14949239653203	0.616328767123288	1.64673552889005	-9.67699541055501	1.59566390003986	12.7540107098515	22.4310061204065	0.0875	0.9999	4.17664553567774	1.75253950709215	4.19635976562838	6.59679530991783	4.84425580282568	0	NA	NA	NA	NA	NA	NA	1	-0.23719861938158	0.0562631850365278	1	0.419122682833474	0.175663823265529	1	-1.46643682513165	2.1504369621022	1	1.06347318165603	1.13097520810161	1.00137359084413	4220.65890216907	0	1.00188915940586	9632.58148984431	0	NA	NA	NA	NA	NA	NA	NA	NA
92	7	7	benefit_positive_truncnorm	benefit_positive_truncnorm	continuous	1	waning	benefit	1	1	NA	2.52693014859543	5.29881680834488	1000	360	600	1000	1000	360	709	0.64	0.291	6.97032123336493	24	24	0	2	1	10	4	1	5000	2500	1	0.99	14	10000	101091	0.7858	1	2.18807211809192	-3.31062125556176	2.22260038362404	7.49620111030428	10.806822365866	3.20323987595874	2.13940006864481	3.20487969744388	4.24627454525916	2.10687447661435	0.696167478954364	2.81046092085581	-8.19438584876816	2.62996191642315	13.3636941284568	21.558079977225	0.0972	1	6.2758626383159	4.00361037418111	6.19334490242157	8.92402628127465	4.92041590709353	0	NA	NA	NA	NA	NA	NA	1	-0.338858030503502	0.114824764836713	1	0.676309727363311	0.457394847326236	1	-2.48835588748907	6.19191502280152	1	0.977045829971023	0.954618553863765	1.00161148639528	4705.32077698355	0	1.00193769804123	11606.7752242574	0	NA	NA	NA	NA	NA	NA	NA	NA
110	7	7	benefit_positive_truncnorm	benefit_positive_truncnorm	continuous	1	waning	benefit	1	1	NA	2.38587152927579	5.12406352069504	1000	360	600	1000	1000	360	705	0.64	0.295	6.87501580053992	24	24	0	2	1	10	4	1	5000	2500	1	0.99	14	10000	101109	0.8018	1	2.39825676117877	-3.19974993646242	2.4930509543381	7.67692989561669	10.8766798320791	3.19010910620522	2.12845350264394	3.19561321287325	4.24568459169991	2.11723108905597	0.723509933774834	3.13042689995522	-7.90308108148663	3.01651142490416	13.6727196055488	21.5758006870354	0.094	1	6.15164760998441	3.85242393005569	6.10702786182883	8.68211574700038	4.8296918169447	0	NA	NA	NA	NA	NA	NA	1	0.012385231902976	0.000153393969290495	1	0.804237576929429	0.64679808014532	1	-1.99363662073981	3.97458697555486	1	1.02758408928937	1.05592906056067	1.00161159351349	3699.21469146625	0	1.00161245250681	9764.93429290042	0	NA	NA	NA	NA	NA	NA	NA	NA
114	7	7	benefit_positive_truncnorm	benefit_positive_truncnorm	continuous	1	waning	benefit	1	1	NA	1.16245250867693	1.66900911370872	1000	360	600	1000	1000	360	743	0.64	0.257	6.78397639084229	24	24	0	2	1	10	4	1	5000	2500	1	0.99	14	10000	101113	0.6643	0.9961	1.12104049661313	-4.27492089658195	1.13993766420569	6.29944944455348	10.5743703411354	1.44004936331926	0.401389590944607	1.44317777266563	2.46604834291946	2.06465875197486	0.596303501945525	1.31906071968632	-10.1407842681812	1.21758877587564	12.4864102024292	22.6271944706104	0.0748	0.9617	1.7488180790635	-0.162754258010152	1.72749973421446	3.73703878013322	3.89979303814337	0	NA	NA	NA	NA	NA	NA	1	-0.0414120120637993	0.00171495474317226	1	0.277596854642325	0.0770600137073122	1	-0.349948394022401	0.122463878478857	1	0.0798089653547815	0.00636947095100072	1.00174333302831	4397.99804297247	0	1.00202442176625	11626.2336182767	0	NA	NA	NA	NA	NA	NA	NA	NA
33	7	7	benefit_positive_truncnorm	benefit_positive_truncnorm	continuous	1	waning	benefit	1	1	NA	1.13859158781957	2.09230906301586	1000	360	600	1000	1000	360	727	0.64	0.273	7.07777418390306	24	24	0	2	1	10	4	1	5000	2500	1	0.99	14	10000	101032	0.6082	0.9148	0.671795361534401	-4.16975694471755	0.694527566281554	5.29602615148273	9.46578309620028	0.728271026685521	-0.321025033247884	0.721654442248227	1.78698106159449	2.10800609484237	0.611310403038616	1.30716076059899	-9.39850470748706	1.22283630536002	11.768837286508	21.167341993995	0.0522	0.784	0.944670881266382	-1.45420168295122	0.985803865293071	3.28479236292719	4.73899404587841	0	NA	NA	NA	NA	NA	NA	1	-0.466796226285166	0.217898716874072	1	-0.410320561134046	0.168362962889358	1	-0.785148302416877	0.616457856788104	1	-1.14763818174948	1.31707339620926	1.00151597800096	4392.6321567108	0	1.0022496072238	12750.4809644609	0	NA	NA	NA	NA	NA	NA	NA	NA
39	7	7	benefit_positive_truncnorm	benefit_positive_truncnorm	continuous	1	waning	benefit	1	1	NA	2.37183171430863	4.88476750274754	1000	360	600	1000	1000	360	706	0.64	0.294	7.13079914820502	24	24	0	2	1	10	4	1	5000	2500	1	0.99	14	10000	101038	0.7088	0.998	1.42713482156798	-3.64827337770813	1.49313801143849	6.3451055742619	9.99337895197004	1.64441665031238	0.577071617343631	1.64625318700349	2.72464999108438	2.14757837374075	0.623572458143918	1.60125474312567	-9.28436671820449	1.50523301374706	12.0274088583643	21.3117755765687	0.0981	0.9681	2.82383878091414	-0.14660560834027	2.82421937876643	5.77190667648728	5.91851228482755	0	NA	NA	NA	NA	NA	NA	1	-0.944696892740652	0.892452219153843	1	-0.727415063996251	0.52913267532867	1	-3.28351275962187	10.7814560425996	1	-2.0609287218334	4.24742719647784	1.00152775628316	4250.5173522862	0	1.00130133503752	10843.30346401	0	NA	NA	NA	NA	NA	NA	NA	NA
20	7	7	benefit_positive_truncnorm	benefit_positive_truncnorm	continuous	1	waning	benefit	1	1	NA	2.18413988568042	3.84491999111088	1000	360	600	1000	1000	360	710	0.64	0.29	7.8588388993108	24	24	0	2	1	10	4	1	5000	2500	1	0.99	14	10000	101019	0.7582	1	1.85292649562529	-3.41527355592749	1.92105809674183	6.72754470252066	10.1428182584482	2.51160773494766	1.47947735965889	2.50764089556976	3.55759163723234	2.07811427757346	0.648102123813827	2.04122506673429	-8.8666096962953	1.90359040371836	12.3124653069868	21.1790750032821	0.1148	1	4.40775334036279	2.33095136171755	4.36819768658428	6.70495362370959	4.37400226199204	0	NA	NA	NA	NA	NA	NA	1	-0.331213390055135	0.109702309751815	1	0.327467849267234	0.107235192303708	1	-1.8036949243766	3.2533153802219	1	0.56283334925191	0.316781379030123	1.00194340111158	4654.94165561467	0	1.00155342972747	12158.2170683439	0	NA	NA	NA	NA	NA	NA	NA	NA
108	7	7	benefit_positive_truncnorm	benefit_positive_truncnorm	continuous	1	waning	benefit	1	1	NA	1.86671365199866	3.47858670663384	1000	360	600	1000	1000	360	702	0.64	0.298	7.17664877565937	24	24	0	2	1	10	4	1	5000	2500	1	0.99	14	10000	101107	0.7221	0.9972	1.48792136509805	-3.42952380581706	1.52958184332509	6.20573044094818	9.63525424676523	1.54297746248886	0.449762568612579	1.54408718911222	2.62363985942759	2.17387729081501	0.69056644644211	2.41893388973005	-8.05413653241868	2.2281875323236	12.5727275975426	20.6268641299612	0.0767	0.994	3.01399079228263	0.645713768509252	2.99177561671789	5.41080944680161	4.76509567829236	0	NA	NA	NA	NA	NA	NA	1	-0.378792286900612	0.143483596615396	1	-0.323736189509802	0.104805120398326	1	-1.05965281690379	1.12286409237214	1	-0.46459591435121	0.215849363631837	1.00132939423111	4462.02020895172	0	1.00141101254248	10475.143152019	0	NA	NA	NA	NA	NA	NA	NA	NA
30	7	7	benefit_positive_truncnorm	benefit_positive_truncnorm	continuous	1	waning	benefit	1	1	NA	1.72093359194063	3.3445403259075	1000	360	600	1000	1000	360	713	0.64	0.287	7.32739480381019	24	24	0	2	1	10	4	1	5000	2500	1	0.99	14	10000	101029	0.8047	1	2.22535837654076	-2.79298168790768	2.30191529709642	7.0748012438875	9.86778293179519	2.10651532618815	1.04379653253801	2.10824510098442	3.16146226733554	2.11766573479753	0.728683889566471	3.06425381334461	-7.08222552613669	2.91148665174175	13.0512910438462	20.1335165699829	0.0981	1	4.22444521489635	1.82725805472244	4.24656337389957	6.4196476484961	4.59238959377367	0	NA	NA	NA	NA	NA	NA	1	0.504424784600127	0.254444363318885	1	0.385581734247519	0.148673273785324	1	-0.280286512562887	0.0785605291246652	1	0.879904888988856	0.77423261366649	1.00146607546447	4642.73030857968	0	1.00163921468752	11029.7705739628	0	NA	NA	NA	NA	NA	NA	NA	NA
81	7	7	benefit_positive_truncnorm	benefit_positive_truncnorm	continuous	1	waning	benefit	1	1	NA	1.66050452214516	2.94186161074789	1000	360	600	1000	1000	360	724	0.64	0.276	6.75055847559435	24	24	0	2	1	10	4	1	5000	2500	1	0.99	14	10000	101080	0.6349	0.9956	0.974318321402119	-4.2801508662974	0.992492407915435	6.32370698461452	10.6038578509119	1.44324897902625	0.355070745187897	1.44194178785094	2.50777008558864	2.15269934040074	0.573161485974223	1.06021329164764	-10.0396554728962	0.887145724128361	12.4733428596767	22.5129983325729	0.0767	0.9932	2.63015159041993	0.589406105815926	2.63103342437884	4.63219697209256	4.04279086627664	0	NA	NA	NA	NA	NA	NA	1	-0.686186200743043	0.470851502090171	1	-0.21725554311891	0.0471999710158928	1	-1.88164831910025	3.54060039677278	1	-0.311710020327957	0.0971631367728555	1.00308681024577	4626.25616897039	0	1.00137934844489	11745.456154054	0	NA	NA	NA	NA	NA	NA	NA	NA
97	7	7	benefit_positive_truncnorm	benefit_positive_truncnorm	continuous	1	waning	benefit	1	1	NA	1.84753604401303	3.54814822099375	1000	360	600	1000	1000	360	722	0.64	0.278	7.51627793597496	24	24	0	2	1	10	4	1	5000	2500	1	0.99	14	10000	101096	0.7957	1	2.14966468910245	-2.9133859328507	2.17666882283048	7.1123070832239	10.0256930160746	2.56961858831141	1.51668368919879	2.577232991918	3.60941998273147	2.09273629353267	0.674006323396567	2.37190795346092	-8.42374861173833	2.30340047229806	12.6038331102687	21.0275817220071	0.1144	1	5.02797917785289	2.95274263585417	5.0715597122839	6.86553106947844	3.91278843362427	0	NA	NA	NA	NA	NA	NA	1	0.302128645089419	0.0912817181835678	1	0.72208254429837	0.521403200780408	1	-1.17624026753283	1.3835411669657	1	1.47983095685914	2.18989966087865	1.00296054854453	4169.16461899476	0	1.00159578801764	12239.1862876957	0	NA	NA	NA	NA	NA	NA	NA	NA
62	7	7	benefit_positive_truncnorm	benefit_positive_truncnorm	continuous	1	waning	benefit	1	1	NA	2.25857688991013	4.45567345297889	1000	360	600	1000	1000	360	691	0.64	0.309	7.45300924631574	24	24	0	2	1	10	4	1	5000	2500	1	0.99	14	10000	101061	0.8448	1	2.62549286216378	-2.42162594926901	2.71130772851776	7.43899316581978	9.86061911508879	2.94849995894812	1.85817302344963	2.94829340911702	4.00915757439947	2.15098455094985	0.793659684104402	4.00127906643565	-6.17002432100994	3.83047727645843	13.7103828638746	19.8804071848846	0.1073	1	6.12953798552637	3.7160325257354	6.11148468442151	8.62025353577576	4.90422101004036	0	NA	NA	NA	NA	NA	NA	1	0.366915972253649	0.134627330694841	1	0.689923069037991	0.475993841190801	1	-0.454394386543235	0.206474258522003	1	1.67386453254749	2.80182247332041	1.00240916162755	4204.62087600029	0	1.00175524705184	10916.8920508224	0	NA	NA	NA	NA	NA	NA	NA	NA
75	7	7	benefit_positive_truncnorm	benefit_positive_truncnorm	continuous	1	waning	benefit	1	1	NA	1.71193947187272	3.53746647314809	1000	360	600	1000	1000	360	715	0.64	0.285	7.12015926763282	24	24	0	2	1	10	4	1	5000	2500	1	0.99	14	10000	101074	0.6772	0.9992	1.11361134858486	-3.8410447089477	1.14091782286482	6.0062029762376	9.84724768518529	1.7141438505032	0.641467193830928	1.71359009493615	2.78588527124641	2.14441807741548	0.591814520518123	1.25007760481788	-9.63633760551477	1.1398059538891	11.8023503411895	21.4386879467043	0.0813	0.9976	4.02787287669698	1.19659161570535	4.05517687997742	6.7178195305538	5.52122791484845	0	NA	NA	NA	NA	NA	NA	1	-0.598328123287853	0.357996543117165	1	0.00220437863048062	4.85928514651961e-06	1	-2.2873888683302	5.23214783496093	1	0.490406403548893	0.24049844064176	1.00182994183032	4413.52384070883	0	1.00152097972673	7055.02333180524	0	NA	NA	NA	NA	NA	NA	NA	NA
116	7	7	benefit_positive_truncnorm	benefit_positive_truncnorm	continuous	1	waning	benefit	1	1	NA	2.55673569104711	5.38303911177281	1000	360	600	1000	1000	360	687	0.64	0.313	7.80484179294717	24	24	0	2	1	10	4	1	5000	2500	1	0.99	14	10000	101115	0.8046	1	2.26587073753409	-2.79786676861355	2.31299155848234	7.17900068090935	9.9768674495229	3.01511827353679	1.92949796305196	3.01615848190951	4.05674504671195	2.12724708365999	0.696836654283463	2.65742472394095	-8.01278925119889	2.51008526694576	12.7314330858649	20.7442223370638	0.1117	1	6.8398595075001	4.01681120429646	6.88489028246105	9.50779069421373	5.49097948991727	0	NA	NA	NA	NA	NA	NA	1	-0.290864953513021	0.0846024211821316	1	0.45838258248968	0.210114591929908	1	-2.72561438783187	7.42897379115608	1	1.45682039572729	2.12232566540701	1.00126359562838	4705.47951983129	0	1.00141149643279	12964.5221415353	0	NA	NA	NA	NA	NA	NA	NA	NA
63	7	7	benefit_positive_truncnorm	benefit_positive_truncnorm	continuous	1	waning	benefit	1	1	NA	1.63161905261522	3.00937736163488	1000	360	600	1000	1000	360	721	0.64	0.279	7.69262590942546	24	24	0	2	1	10	4	1	5000	2500	1	0.99	14	10000	101062	0.7636	1	1.85441667266561	-3.34879270467036	1.90863636046549	6.83231454237989	10.1811072470503	2.43778633609722	1.40844646749622	2.43786523747687	3.48154177377592	2.0730953062797	0.645524066576698	2.00473075177081	-8.73962505660258	1.88298576970668	12.1360659148318	20.8756909714344	0.1108	0.9997	4.51943389058959	2.0451173156098	4.50336983033274	7.09818594613719	5.05306863052739	0	NA	NA	NA	NA	NA	NA	1	0.222797620050393	0.0496387795001193	1	0.806167283482004	0.649905688956753	1	-1.00464660986407	1.00931481071137	1	1.51005652895471	2.28027072063876	1.00143817245833	4303.45904987296	0	1.00176717047124	11220.9861907477	0	NA	NA	NA	NA	NA	NA	NA	NA
107	7	7	benefit_positive_truncnorm	benefit_positive_truncnorm	continuous	1	waning	benefit	1	1	NA	1.96739576464972	3.45820244742432	1000	360	600	1000	1000	360	681	0.64	0.319	7.45901140919235	24	24	0	2	1	10	4	1	5000	2500	1	0.99	14	10000	101106	0.7959	1	2.08669814394433	-2.97498112837942	2.13055764633911	6.8779977754222	9.85297890380162	2.34024850763646	1.24293380139563	2.34322150986715	3.41450666378585	2.17157286239022	0.733731079438736	3.10349484968959	-7.36393180052238	2.99576097091403	13.1362509332257	20.500182733748	0.0949	1	4.97372785106964	2.11754077802361	4.9007314213864	8.33640792641146	6.21886714838785	0	NA	NA	NA	NA	NA	NA	1	0.119302379294605	0.0142330577053538	1	0.372852742986735	0.139019167952732	1	-0.354707597734737	0.125817479890748	1	1.51552540364532	2.2968172490943	1.00149384059452	4548.57320495093	0	1.00128566177613	14728.2330540304	0	NA	NA	NA	NA	NA	NA	NA	NA
96	7	7	benefit_positive_truncnorm	benefit_positive_truncnorm	continuous	1	waning	benefit	1	1	NA	1.32544186396314	2.80501054560763	1000	360	600	1000	1000	360	710	0.64	0.29	7.89206935760864	24	24	0	2	1	10	4	1	5000	2500	1	0.99	14	10000	101095	0.7296	1	1.63972484095905	-3.519461754513	1.70994039090231	6.61555902936534	10.1350207838783	2.13517830494381	1.05681908725574	2.12986762711806	3.20377336105895	2.14695427380321	0.631063590320765	1.82149909198741	-9.10007968523195	1.72955890331017	12.1596585540982	21.2597382393302	0.1115	1	4.5561250171567	2.44713668609737	4.53456491382142	6.80240804576278	4.35527135966542	0	NA	NA	NA	NA	NA	NA	1	0.314282976995908	0.0987737896294105	1	0.809736440980675	0.65567310385205	1	-0.98351145362022	0.967294779402158	1	1.75111447154906	3.06640189246856	1.00187986732871	4457.90190937993	0	1.00180256891551	12814.3273853089	0	NA	NA	NA	NA	NA	NA	NA	NA
111	7	7	benefit_positive_truncnorm	benefit_positive_truncnorm	continuous	1	waning	benefit	1	1	NA	0.897497308662626	1.57922680992325	1000	360	600	1000	1000	360	726	0.64	0.274	5.88636568829989	24	24	0	2	1	10	4	1	5000	2500	1	0.99	14	10000	101110	0.619	0.9969	0.846822262330654	-4.87515757912266	0.864750823033591	6.41116866234384	11.2863262414665	1.53072437004873	0.440115796323856	1.53128621663252	2.61313533020601	2.17301953388216	0.570636528414543	0.96219402429688	-11.111683429145	0.941727994044683	12.7731206783021	23.8848041074472	0.0621	0.9714	2.02159098854023	-0.0681445902065078	1.99196995361981	4.29963274758673	4.36777733779324	0	NA	NA	NA	NA	NA	NA	1	-0.0506750463319712	0.00256796032074743	1	0.633227061386109	0.400976511271687	1	-0.617032785626372	0.38072945853784	1	0.442364178616981	0.195686066523476	1.00116947364841	4331.32668840968	0	1.00249932171346	14509.9473647397	0	NA	NA	NA	NA	NA	NA	NA	NA
38	7	7	benefit_positive_truncnorm	benefit_positive_truncnorm	continuous	1	waning	benefit	1	1	NA	1.85792377083251	3.39590233481118	1000	360	600	1000	1000	360	722	0.64	0.278	7.20197588594144	24	24	0	2	1	10	4	1	5000	2500	1	0.99	14	10000	101037	0.6112	0.9579	0.707733744350413	-4.29734837335192	0.738515074464552	5.62835624960148	9.9257046229534	0.929900326205421	-0.166126073727565	0.926104195736164	1.99468194755486	2.16080802128242	0.567945774570898	0.90240145899687	-9.96923855251972	0.798968045867367	11.421588685414	21.3908272379338	0.0853	0.926	1.70340781448558	-0.605825810523537	1.64426572687618	4.18044212618328	4.78626793670682	0	NA	NA	NA	NA	NA	NA	1	-1.1501900264821	1.32293709701888	1	-0.928023444627087	0.861227513777525	1	-2.49350087581431	6.21754661768672	1	-1.6924945203256	2.86453770133217	1.00173255556536	4565.59521993612	0	1.0011885775617	12500.5173660838	0	NA	NA	NA	NA	NA	NA	NA	NA
155	7	7	benefit_positive_truncnorm	benefit_positive_truncnorm	continuous	1	waning	benefit	1	1	NA	1.94304643345123	3.9024230614349	1000	360	600	1000	1000	360	688	0.64	0.312	7.34506402942512	24	24	0	2	1	10	4	1	5000	2500	1	0.99	14	10000	101154	0.6852	0.9995	1.20914622870416	-3.87660336632339	1.25721642677075	6.01792563931087	9.89452900563426	1.8175095307062	0.699696316366812	1.82105781880407	2.9500077708593	2.25031145449249	0.6182677511541	1.53152991373129	-9.39343414780306	1.43239229156636	11.8724396123322	21.2658737601353	0.0902	0.9862	3.32019383448815	0.261174420230424	3.21275216685698	7.11511994009934	6.85394551986891	0	NA	NA	NA	NA	NA	NA	1	-0.733900204747065	0.538609510527784	1	-0.12553690274503	0.015759513950815	1	-2.37089314770361	5.62113431782794	1	-0.582229226946747	0.338990872711006	1.00194807486723	3828.1302867784	0	1.00146671240888	12093.2219121973	0	NA	NA	NA	NA	NA	NA	NA	NA
40	7	7	benefit_positive_truncnorm	benefit_positive_truncnorm	continuous	1	waning	benefit	1	1	NA	1.59544828216541	3.00141202683281	1000	360	600	1000	1000	360	749	0.64	0.251	6.16596474167295	24	24	0	2	1	10	4	1	5000	2500	1	0.99	14	10000	101039	0.5763	0.9661	0.510718492801101	-4.78196772012029	0.514173485064978	5.70260411083851	10.4845718309588	1.00582887428728	-0.0752450549110562	1.0043088613372	2.07361447602936	2.14885953094042	0.538330312400043	0.612541047943619	-10.4762824672494	0.489740879863421	11.6872563902645	22.163538857514	0.0621	0.9833	1.99187767872028	0.189800814914318	2.01485748029817	3.67409316775946	3.48429235284514	0	NA	NA	NA	NA	NA	NA	1	-1.08472978936431	1.17663871593434	1	-0.589619407878126	0.347651046146552	1	-2.38887097888919	5.70670455377902	1	-1.00953434811253	1.019159600019	1.00245353418369	4565.7694821006	0	1.00225569657389	14032.3530601301	0	NA	NA	NA	NA	NA	NA	NA	NA
183	7	7	benefit_positive_truncnorm	benefit_positive_truncnorm	continuous	1	waning	benefit	1	1	NA	2.78821773604947	6.233642109513	1000	360	600	1000	1000	360	706	0.64	0.294	7.32350911828977	24	24	0	2	1	10	4	1	5000	2500	1	0.99	14	10000	101182	0.7674	1	1.88334003812561	-3.13912173199065	1.94499719119242	6.74755042254627	9.88667215453692	2.78380797959479	1.68671439737002	2.78524681221597	3.86250933880863	2.17579494143861	0.662801070472792	2.1755873320066	-8.64342069195222	2.01508605909115	12.4843614993869	21.1277821913391	0.1032	1	5.91924453518915	3.4740713518938	5.93238449307542	8.2436364290907	4.76956507719691	0	NA	NA	NA	NA	NA	NA	1	-0.904877697923862	0.818803648199988	1	-0.00440975645468233	1.94459519896125e-05	1	-4.0580547775064	16.4678085772425	1	-0.314397574323844	0.0988458347407171	1.00145633475571	4758.9454486198	0	1.00200505820393	12985.445672348	0	NA	NA	NA	NA	NA	NA	NA	NA
106	7	7	benefit_positive_truncnorm	benefit_positive_truncnorm	continuous	1	waning	benefit	1	1	NA	2.23046100908276	4.57396281110981	1000	360	600	1000	1000	360	710	0.64	0.29	6.69263269316137	24	24	0	2	1	10	4	1	5000	2500	1	0.99	14	10000	101105	0.7177	1	1.56729566603115	-3.72688608216184	1.62189640019457	6.65748408968994	10.3843701718518	2.48974323813938	1.40301728440486	2.49154303728848	3.53990659798307	2.13688931357821	0.651323608860076	2.11144322396423	-8.88461595707393	1.96293264206876	12.8734318939727	21.7580478510466	0.0745	1	5.03352390387683	2.71232306765351	5.00751375442486	7.32484518768013	4.61252212002661	0	NA	NA	NA	NA	NA	NA	1	-0.663165343051614	0.439788272224765	1	0.259282229056615	0.0672272743045671	1	-2.46251958714558	6.06400271707564	1	0.459561092767022	0.211196397985219	1.00155435689711	4409.35552947418	0	1.00163267755788	14054.9626126912	0	NA	NA	NA	NA	NA	NA	NA	NA
235	7	7	benefit_positive_truncnorm	benefit_positive_truncnorm	continuous	1	waning	benefit	1	1	NA	1.77815419279499	3.27560638182395	1000	360	600	1000	1000	360	701	0.64	0.299	8.15817966435417	24	24	0	2	1	10	4	1	5000	2500	1	0.99	14	10000	101234	0.5914	0.9073	0.51676263093974	-4.15442805744736	0.551297535355463	5.02356126838049	9.17798932582786	0.72387085834246	-0.353408501105357	0.728536785840841	1.77671735367075	2.13012585477611	0.570847084708471	0.883428985476666	-9.37524540602849	0.871468500596638	10.8572103614426	20.2324557674711	0.091	0.9763	2.34338307294502	0.0263543120712519	2.43633236108641	4.20211024937247	4.17575593730122	0	NA	NA	NA	NA	NA	NA	1	-1.26139156185525	1.59110867231962	0	-1.05428333445253	1.11151334930434	1	-2.39217739634728	5.72251269559485	1	-0.932223308878923	0.869040297617169	1.00182735185423	4569.13908078369	0	1.00136642473758	12639.4687110758	0	NA	NA	NA	NA	NA	NA	NA	NA
102	7	7	benefit_positive_truncnorm	benefit_positive_truncnorm	continuous	1	waning	benefit	1	1	NA	1.88371537490172	3.51168834052155	1000	360	600	1000	1000	360	699	0.64	0.301	7.52978521007896	24	24	0	2	1	10	4	1	5000	2500	1	0.99	14	10000	101101	0.7512	0.9999	1.7579838052273	-3.22443588373831	1.76470491478432	6.58107256448425	9.80550844822255	2.2522517814432	1.1899940745372	2.25147567809113	3.31774097883774	2.12774690430054	0.657947462154942	2.14766722283675	-8.57186821434074	2.01975030399079	12.288987606619	20.8608558209597	0.1016	1	4.19170998568587	2.1195033553851	4.05981611658316	6.66231280222591	4.5428094468408	0	NA	NA	NA	NA	NA	NA	1	-0.12573156967442	0.0158084276127935	1	0.368536406541488	0.135819082946513	1	-1.36402111768481	1.86055360949011	1	0.680021645164321	0.46242943789199	1.00138382183898	4294.48316280711	0	1.0023293636567	13512.3403819322	0	NA	NA	NA	NA	NA	NA	NA	NA
233	7	7	benefit_positive_truncnorm	benefit_positive_truncnorm	continuous	1	waning	benefit	1	1	NA	2.092184342632	3.84335412959716	1000	360	600	1000	1000	360	701	0.64	0.299	7.10918679993523	24	24	0	2	1	10	4	1	5000	2500	1	0.99	14	10000	101232	0.8211	1	2.28030178930291	-2.56617383279076	2.34367435488644	6.87586905177715	9.44204288456791	2.26878604800725	1.18853836014541	2.27453837942817	3.3398713470406	2.15133298689519	0.830253178079265	4.0905121622691	-5.55315134495557	3.77615737140496	13.7682989932501	19.3214503382056	0.0639	0.9949	3.91549337024825	0.865001407654311	3.85634295990738	7.08109939937798	6.21609799172367	0	NA	NA	NA	NA	NA	NA	1	0.188117446670909	0.0353881737419824	1	0.176601705375253	0.0311881623414477	1	0.247158032671944	0.0610870931142658	1	0.0721392406510897	0.00520407004171583	1.00118660231292	4727.38816147896	0	1.00139402571839	10431.5173826128	0	NA	NA	NA	NA	NA	NA	NA	NA
184	7	7	benefit_positive_truncnorm	benefit_positive_truncnorm	continuous	1	waning	benefit	1	1	NA	2.25722064149341	4.63246206472976	1000	360	600	1000	1000	360	711	0.64	0.289	7.14533937789689	24	24	0	2	1	10	4	1	5000	2500	1	0.99	14	10000	101183	0.6243	1	0.776707216025628	-4.17439823097035	0.790232951728948	5.53971030525272	9.71410853622308	1.9584846789306	0.902735205829977	1.95590005584412	3.00055504410465	2.09781983827467	0.582417582417582	1.10446048106197	-9.88542782561227	1.02485717492108	11.7021649121758	21.5875927377881	0.0809	0.9999	3.9039564228245	1.45790511033814	3.72162697082451	7.0980150027276	5.64010989238946	0	NA	NA	NA	NA	NA	NA	1	-1.48051342546778	2.19192000299034	1	-0.298735962562811	0.0892431753283293	1	-3.52800158366779	12.4467951743625	1	-0.728505641905262	0.530720470287798	1.00165806594186	4034.95530281824	0	1.00182056463786	11751.4270433714	0	NA	NA	NA	NA	NA	NA	NA	NA
182	7	7	benefit_positive_truncnorm	benefit_positive_truncnorm	continuous	1	waning	benefit	1	1	NA	1.5853134921904	3.09840285939225	1000	360	600	1000	1000	360	742	0.64	0.258	6.85672426396689	24	24	0	2	1	10	4	1	5000	2500	1	0.99	14	10000	101181	0.714	0.9999	1.51962503253829	-3.78984066665468	1.56827152157758	6.66192258728428	10.451763253939	2.17555477994972	1.14274682130742	2.17591022824993	3.21449820066937	2.07175137936195	0.630448997384481	1.7868120971216	-9.3183617284539	1.66296389177498	12.6449258141639	21.9632875426178	0.0824	0.9998	4.14386177814696	1.78667495349655	4.14736978428503	6.38012398840915	4.5934490349126	0	NA	NA	NA	NA	NA	NA	1	-0.0656884596521121	0.00431497373146716	1	0.590241287759322	0.348384777775783	1	-1.31159076227065	1.72027032767371	1	1.04545891875471	1.09298435080377	1.00157073542479	4453.56789390315	0	1.00089568102145	13025.2780424389	0	NA	NA	NA	NA	NA	NA	NA	NA
34	7	7	benefit_positive_truncnorm	benefit_positive_truncnorm	continuous	1	waning	benefit	1	1	NA	2.10590258467711	4.18437935465483	1000	360	600	1000	1000	360	731	0.64	0.269	6.7377534189952	24	24	0	2	1	10	4	1	5000	2500	1	0.99	14	10000	101033	0.6448	0.9999	1.04584314058352	-4.28821510234649	1.07412859553579	6.34037436677121	10.6285894691177	1.96013668395181	0.903644906706671	1.96020351628272	3.02211380310833	2.11846889640166	0.588845654993515	1.22050455372921	-9.98124783502369	1.07193526139758	12.3636508679012	22.3448987029249	0.0748	0.9978	3.04609899137751	1.02841309948767	3.01649338423808	5.24845124735593	4.22003814786826	0	NA	NA	NA	NA	NA	NA	1	-1.06005944409359	1.123726025012	1	-0.145765900725303	0.0212476978142589	1	-2.96387480092562	8.78455383556186	1	-1.13828036327731	1.29568218542273	1.0022169600075	3940.96243401909	0	1.00152588297102	11151.2414180103	0	NA	NA	NA	NA	NA	NA	NA	NA
234	7	7	benefit_positive_truncnorm	benefit_positive_truncnorm	continuous	1	waning	benefit	1	1	NA	1.63085222190499	3.36760483598688	1000	360	600	1000	1000	360	715	0.64	0.285	6.66454572536415	24	24	0	2	1	10	4	1	5000	2500	1	0.99	14	10000	101233	0.5703	0.9249	0.484232769781203	-4.89008716274825	0.483619743612362	5.91360947267774	10.803696635426	0.814106938703556	-0.305484770416598	0.810929610268835	1.92871644673914	2.23420121715574	0.551367650226147	0.708643953815399	-10.5923441623051	0.67820379329452	12.0268936580175	22.6192378203225	0.0714	0.9777	2.35825546126359	0.0782298006537169	2.34241621641435	4.72651115907348	4.64828135841976	0	NA	NA	NA	NA	NA	NA	1	-1.14661945212378	1.31473616798864	1	-0.81674528320143	0.667072857631784	1	-2.65896088217148	7.07007297291813	1	-1.00934937472329	1.01878616025429	1.00129343699586	4435.28170603294	0	1.00165612823403	9969.01180759797	0	NA	NA	NA	NA	NA	NA	NA	NA
57	7	7	benefit_positive_truncnorm	benefit_positive_truncnorm	continuous	1	waning	benefit	1	1	NA	2.39131738250145	4.86704258919066	1000	360	600	1000	1000	360	707	0.64	0.293	7.85180219367031	24	24	0	2	1	10	4	1	5000	2500	1	0.99	14	10000	101056	0.7759	1	1.97779554877957	-3.22093412873465	2.01657621321179	6.93801589809173	10.1589500268264	2.64458834452271	1.57762067196645	2.64540360070164	3.6867156809175	2.10909500895105	0.672417707150965	2.46699793488515	-8.3987061400043	2.39486780489498	12.7031176286399	21.1018237686442	0.119	1	6.0418355215937	3.41740219674917	6.15412827338114	8.27827540776894	4.86087321101977	0	NA	NA	NA	NA	NA	NA	1	-0.41352183372188	0.171000306964707	1	0.253270962021263	0.0641461802031759	1	-2.40004465430551	5.76021434266048	1	1.17479293240304	1.38013843402414	1.00125514048317	4693.47304294548	0	1.00154803087702	10988.0561496433	0	NA	NA	NA	NA	NA	NA	NA	NA
56	7	7	benefit_positive_truncnorm	benefit_positive_truncnorm	continuous	1	waning	benefit	1	1	NA	2.1136875537987	3.88850375910224	1000	360	600	1000	1000	360	683	0.64	0.317	8.35005944777384	24	24	0	2	1	10	4	1	5000	2500	1	0.99	14	10000	101055	0.7128	0.9981	1.28822379837879	-3.40270427492356	1.31628561338506	5.84578889419571	9.24849316911928	1.59302504004208	0.508501534412061	1.59747229803774	2.6699626120795	2.16146107766744	0.609266322638546	1.42952815942994	-8.89361735931783	1.3359032786483	11.4120335747741	20.305650934092	0.1086	0.995	3.07188915562534	0.739897339711907	3.06492157093711	5.5613954304488	4.8214980907369	0	NA	NA	NA	NA	NA	NA	1	-0.825463755419908	0.681390411511938	1	-0.520662513756614	0.271089453231356	1	-2.45897559967231	6.04656099978379	1	-0.816614603476908	0.666859410611748	1.00186371938605	4643.181684839	0	1.00148728392744	13083.8083993214	0	NA	NA	NA	NA	NA	NA	NA	NA
236	7	7	benefit_positive_truncnorm	benefit_positive_truncnorm	continuous	1	waning	benefit	1	1	NA	2.37403155874014	4.63556378874287	1000	360	600	1000	1000	360	694	0.64	0.306	7.35515223194647	24	24	0	2	1	10	4	1	5000	2500	1	0.99	14	10000	101235	0.7646	1	1.79882680943994	-3.22151350154033	1.85413896046656	6.55169891760593	9.77321241914626	3.18311032146858	2.11076189723971	3.18198207293204	4.2516698428679	2.14090794562819	0.666920814726065	2.19954291756386	-8.54695326072451	2.03863347305933	12.4679203306091	21.0148735913336	0.0819	1	6.72992852840508	4.22466775397027	6.67810301203518	9.46595862470934	5.24129087073907	0	NA	NA	NA	NA	NA	NA	1	-0.575204749300203	0.330860503617509	1	0.80907876272844	0.654608444298184	1	-2.43602087117901	5.93419768481975	1	2.09436473966221	4.38636366274035	1.00162498220032	4600.40279787153	0	1.00184849631468	12628.7843650898	0	NA	NA	NA	NA	NA	NA	NA	NA
156	7	7	benefit_positive_truncnorm	benefit_positive_truncnorm	continuous	1	waning	benefit	1	1	NA	2.23750039810627	4.87610855013156	1000	360	600	1000	1000	360	697	0.64	0.303	7.62747344736918	24	24	0	2	1	10	4	1	5000	2500	1	0.99	14	10000	101155	0.8102	1	2.22563267959178	-2.73219032091614	2.25078878960811	7.01717969987491	9.74937002079106	2.75775466275274	1.71898387616734	2.75493815534013	3.81747638127583	2.09849250510849	0.694444444444444	2.55639839436906	-8.04093742247606	2.47765722313368	12.5125149629953	20.5534523854713	0.1	1	5.12107067215595	3.14930351356351	5.05864946760564	7.24044981885064	4.09114630528713	0	NA	NA	NA	NA	NA	NA	1	-0.0118677185144915	0.000140842742739205	1	0.520254264646477	0.270664499882846	1	-2.3197101557625	5.38105520674769	1	0.244962122024385	0.0600064412266899	1.00174385222516	3863.51090431961	0	1.00144980751345	10917.0457394632	0	NA	NA	NA	NA	NA	NA	NA	NA
58	7	7	benefit_positive_truncnorm	benefit_positive_truncnorm	continuous	1	waning	benefit	1	1	NA	1.58923706262381	2.94804870421024	1000	360	600	1000	1000	360	734	0.64	0.266	7.16828749976883	24	24	0	2	1	10	4	1	5000	2500	1	0.99	14	10000	101057	0.7147	0.9933	1.41182693789868	-3.45960217550801	1.4905714982005	6.08151895373583	9.54112112924384	1.36703891493413	0.29643930313759	1.37161388095219	2.43599179073903	2.13955248760144	0.708436590884603	2.71641504809728	-7.84262397018091	2.51797088633487	13.0143594058791	20.85698337606	0.0719	0.9937	2.66390099627714	0.574522518590678	2.65675910841827	4.70239551922417	4.1278730006335	0	NA	NA	NA	NA	NA	NA	1	-0.177410124725128	0.0314743523549854	1	-0.222198147689686	0.0493720168367275	1	-0.231633656112951	0.0536541506442529	1	-0.284147707933091	0.080739919923629	1.00117898155244	4665.33909325452	0	1.00143720842418	10769.6937326142	0	NA	NA	NA	NA	NA	NA	NA	NA
68	7	7	benefit_positive_truncnorm	benefit_positive_truncnorm	continuous	1	waning	benefit	1	1	NA	1.50419623315207	2.64995669087945	1000	360	600	1000	1000	360	727	0.64	0.273	6.94297318808298	24	24	0	2	1	10	4	1	5000	2500	1	0.99	14	10000	101067	0.6444	0.9946	1.01619360997225	-4.36178384560158	1.03376562958011	6.31475220060029	10.6765360462019	1.37962934268898	0.32229777908747	1.38493903665578	2.43159885466454	2.10930107557707	0.594385812207594	1.28043838544717	-10.1790858320859	1.21528689112817	12.3141848891882	22.4932707212741	0.0809	0.9929	2.48038195717331	0.469796156720081	2.47233005248641	4.42053623750003	3.95074008077995	0	NA	NA	NA	NA	NA	NA	1	-0.488002623179818	0.238146560230383	1	-0.124566890463089	0.0155169101996432	1	-1.36951830543228	1.87558038891412	1	-0.169574733706145	0.02875559031151	1.00164342714689	4340.45650202853	0	1.00135129476747	14769.7278125905	0	NA	NA	NA	NA	NA	NA	NA	NA
109	7	7	benefit_positive_truncnorm	benefit_positive_truncnorm	continuous	1	waning	benefit	1	1	NA	2.49633980329995	4.74456112808918	1000	360	600	1000	1000	360	705	0.64	0.295	7.43496355049592	24	24	0	2	1	10	4	1	5000	2500	1	0.99	14	10000	101108	0.826	1	2.38423859418186	-2.55314513763847	2.43873494513205	7.10635753358172	9.65950267122019	2.89127962968809	1.81502654337952	2.89290832218972	3.9598915169521	2.14486497357258	0.757886609309508	3.4284435099405	-7.05909488947611	3.30325877139797	13.3679045655211	20.4269994549972	0.0934	1	5.43407173902747	3.27327128185091	5.48735013708631	7.45066095034487	4.17738966849396	0	NA	NA	NA	NA	NA	NA	1	-0.112101209118087	0.012566681085737	1	0.39493982638814	0.155977466467494	1	-1.31611761814869	1.73216558480137	1	0.689510610938286	0.475424882596488	1.00143157423473	4644.06966292558	0	1.00171180951666	13800.4734523407	0	NA	NA	NA	NA	NA	NA	NA	NA
47	7	7	benefit_positive_truncnorm	benefit_positive_truncnorm	continuous	1	waning	benefit	1	1	NA	2.11384435404343	4.51449032231695	1000	360	600	1000	1000	360	689	0.64	0.311	7.05218969688561	24	24	0	2	1	10	4	1	5000	2500	1	0.99	14	10000	101046	0.7657	1	1.78597668709029	-3.00716147842452	1.8088410859216	6.35531968780552	9.36248116623004	2.361444065565	1.26768134182033	2.36108215478789	3.43523379341201	2.16755245159168	0.804468676502031	3.7061890049467	-6.54817578291166	3.48936378810715	13.4151625093759	19.9633382922876	0.0646	1	5.68447403202241	3.06518130397825	5.70473857954406	8.1581246442138	5.09294334023556	0	NA	NA	NA	NA	NA	NA	1	-0.327867666953138	0.107497207033294	1	0.24759971152157	0.0613056171455646	1	-0.808301317370248	0.653351019662478	1	1.16998370970546	1.36886188097615	1.00119119438163	4314.49147680599	0	1.00131574191369	12306.9608781634	0	NA	NA	NA	NA	NA	NA	NA	NA
91	7	7	benefit_positive_truncnorm	benefit_positive_truncnorm	continuous	1	waning	benefit	1	1	NA	2.08442241412716	3.63701453355279	1000	360	600	1000	1000	360	680	0.64	0.32	7.68746339017771	24	24	0	2	1	10	4	1	5000	2500	1	0.99	14	10000	101090	0.6963	0.9999	1.29015251417686	-3.79193958013971	1.30940333614575	6.15215050824238	9.94409008838209	2.00005083007091	0.912228614842378	2.01125045431517	3.07337731672004	2.16114870187766	0.606063959278522	1.43264119734329	-9.53383835134493	1.29762482195366	11.8381690982213	21.3720074495662	0.0963	0.9977	3.56626990312686	0.80241415465528	3.52912941769941	6.70077736310631	5.89836320845103	0	NA	NA	NA	NA	NA	NA	1	-0.794269899950291	0.630864673967046	1	-0.0843715840562438	0.00711856419615981	1	-2.2043733362095	4.85926180539138	1	-0.0707446304259292	0.0050048027341013	1.00149329392529	4671.09601339062	0	1.00284172846236	11976.5534567883	0	NA	NA	NA	NA	NA	NA	NA	NA
82	7	7	benefit_positive_truncnorm	benefit_positive_truncnorm	continuous	1	waning	benefit	1	1	NA	2.27913376317187	4.42571516092591	1000	360	600	1000	1000	360	716	0.64	0.284	7.99756485846978	24	24	0	2	1	10	4	1	5000	2500	1	0.99	14	10000	101081	0.73	1	1.6113295650968	-3.49078825356726	1.64251584678235	6.67318384833132	10.1639721018986	2.2430998334473	1.23812883846727	2.24327158947241	3.27898315063664	2.04085431216938	0.606562922868742	1.41279210076737	-9.61774731591449	1.34000674162786	11.9396997809657	21.5574470968802	0.1132	1	3.80160404941882	1.91621909619367	3.8297583367702	5.79276206359621	3.87654296740254	0	NA	NA	NA	NA	NA	NA	1	-0.667804198075064	0.445962446966679	1	-0.0360339297245651	0.0012984440913949	1	-3.01292306015854	9.0777053664351	1	-0.624111111507093	0.389514679506619	1.00176057714635	4514.27972424908	0	1.00134438281721	11720.792161034	0	NA	NA	NA	NA	NA	NA	NA	NA
69	7	7	benefit_positive_truncnorm	benefit_positive_truncnorm	continuous	1	waning	benefit	1	1	NA	2.04905683238831	4.25859867685027	1000	360	600	1000	1000	360	704	0.64	0.296	7.41314871240506	24	24	0	2	1	10	4	1	5000	2500	1	0.99	14	10000	101068	0.603	0.9577	0.629892892111221	-4.38193608660218	0.672981937806161	5.54804666134004	9.92998274794222	0.963224631619498	-0.129357241689305	0.956812210939387	2.0542898194464	2.1836470611357	0.557692307692308	0.77663900115227	-10.0331436262307	0.705431260650086	11.2353099265093	21.26845355274	0.09	0.9636	2.64847212925033	-0.193108282964767	2.67617864068704	5.25576017476664	5.4488684577314	0	NA	NA	NA	NA	NA	NA	1	-1.41916394027708	2.01402628938278	1	-1.08583220076881	1.17903156822643	1	-3.481959675698	12.1240431831869	1	-1.61012654759994	2.59250749928611	1.00233491421602	4385.16981242468	0	1.00141880479942	12130.849803675	0	NA	NA	NA	NA	NA	NA	NA	NA
196	7	7	benefit_positive_truncnorm	benefit_positive_truncnorm	continuous	1	waning	benefit	1	1	NA	1.62880336944305	2.86861567540184	1000	360	600	1000	1000	360	727	0.64	0.273	7.65659318077602	24	24	0	2	1	10	4	1	5000	2500	1	0.99	14	10000	101195	0.8296	1	2.51910872249356	-2.75503328387258	2.5664190516642	7.49368119600907	10.2487144798817	3.02563872457603	1.98795500425515	3.02932151882977	4.06351549905376	2.07556049479861	0.749550157444894	3.39635858952164	-7.07243521303586	3.2468055098081	13.2634212239322	20.3358564369681	0.1108	1	5.07763779611828	2.41476770128956	5.09185077248184	7.70933223352952	5.29456453223996	0	NA	NA	NA	NA	NA	NA	1	0.890305353050504	0.792643621670383	0	1.39683535513298	1.95114900934948	1	0.527742914119802	0.278512583403661	1	2.20902212071644	4.87977872981458	1.00157793298529	4689.47986624265	0	1.00130125290375	11622.4223940519	0	NA	NA	NA	NA	NA	NA	NA	NA
35	7	7	benefit_positive_truncnorm	benefit_positive_truncnorm	continuous	1	waning	benefit	1	1	NA	2.0003304213831	3.91842966741646	1000	360	600	1000	1000	360	724	0.64	0.276	6.51612590523001	24	24	0	2	1	10	4	1	5000	2500	1	0.99	14	10000	101034	0.6901	0.9999	1.30625189532466	-4.02950331218422	1.35399226930512	6.39780319127651	10.4273065034607	2.23422426785618	1.13853024291541	2.23293049423888	3.32023616053022	2.18170591761481	0.615136182581548	1.5671892284362	-9.36493565392938	1.46045501343357	12.3968501951179	21.7617858490473	0.0711	0.999	4.19122336835478	1.42405999898703	4.30649018486655	6.39483905962053	4.9707790606335	0	NA	NA	NA	NA	NA	NA	1	-0.694078526058437	0.481745000335453	1	0.233893846473075	0.0547063314179703	1	-2.35124043898026	5.52833160189609	1	0.272793700938317	0.0744164032716241	1.00195642518576	4035.88961964048	0	1.00155234603607	11547.0981566602	0	NA	NA	NA	NA	NA	NA	NA	NA
105	7	7	benefit_positive_truncnorm	benefit_positive_truncnorm	continuous	1	waning	benefit	1	1	NA	1.93116557204123	3.85729877412393	1000	360	600	1000	1000	360	707	0.64	0.293	7.44434496912626	24	24	0	2	1	10	4	1	5000	2500	1	0.99	14	10000	101104	0.7763	1	1.92487424915774	-3.06855167783108	1.97379797559384	6.73537122979799	9.80392290762908	2.72177431265638	1.63164144510984	2.71968811346405	3.80702362465681	2.17538217954697	0.666295016166797	2.28135984081886	-8.3130221239017	2.14653517290859	12.4782188183575	20.7912409422592	0.1031	1	5.51349425876734	3.44207612395935	5.50539925301315	7.68783145791195	4.2457553339526	0	NA	NA	NA	NA	NA	NA	1	-0.00629132288349221	3.95807436243528e-05	1	0.790608740615153	0.625062180737078	1	-1.57593893330508	2.48358352150674	1	1.6561954846434	2.7429834833532	1.00128058192338	4046.76290612014	0	1.00302224910949	12215.7384476107	0	NA	NA	NA	NA	NA	NA	NA	NA
15	7	7	benefit_positive_truncnorm	benefit_positive_truncnorm	continuous	1	waning	benefit	1	1	NA	2.30596924463988	4.87263170209823	1000	360	600	1000	1000	360	708	0.64	0.292	7.31212048952232	24	24	0	2	1	10	4	1	5000	2500	1	0.99	14	10000	101014	0.5807	0.9997	0.521694574030241	-4.31194180332115	0.507993123902054	5.30500064705641	9.61694245037755	1.86945577884007	0.791088347691619	1.86990162109749	2.93951688466599	2.14842853697437	0.537517493809883	0.452230106660649	-10.2458359375341	0.422809323457273	11.1021528137392	21.3479887512733	0.0711	0.9964	3.88850552509789	1.06273861045283	3.91180884861568	6.81668092728173	5.7539423168289	0	NA	NA	NA	NA	NA	NA	1	-1.78427467060964	3.18363610017913	1	-0.436513465799805	0.190544005824557	1	-4.42040159543758	19.5399502649471	1	-0.984126177000344	0.968504332257311	1.00141833053645	4511.31602706374	0	1.00162689498963	12617.7732917356	0	NA	NA	NA	NA	NA	NA	NA	NA
136	7	7	benefit_positive_truncnorm	benefit_positive_truncnorm	continuous	1	waning	benefit	1	1	NA	1.95513294509891	3.60950659146267	1000	360	600	1000	1000	360	690	0.64	0.31	7.69882457339017	24	24	0	2	1	10	4	1	5000	2500	1	0.99	14	10000	101135	0.8214	1	2.39263480346227	-2.8402640467434	2.47180648483084	7.24812358224741	10.0883876289908	2.79478809729827	1.71394940920737	2.79276587198869	3.866451337718	2.15250192851063	0.734338094702508	3.14084979387078	-7.72363047205352	3.07062016333849	12.9418267323965	20.66545720445	0.1109	1	6.07016787675688	3.85376189514565	6.08882720207959	8.16212814938282	4.30836625423716	0	NA	NA	NA	NA	NA	NA	1	0.437501858363359	0.191407876071392	1	0.839655152199365	0.705020774614939	1	-0.468656797591888	0.219639193929084	0	2.46066128529422	6.05485396094579	1.0010065809624	3928.11852391057	0	1.00157034983329	12945.282405751	0	NA	NA	NA	NA	NA	NA	NA	NA
104	7	7	benefit_positive_truncnorm	benefit_positive_truncnorm	continuous	1	waning	benefit	1	1	NA	1.87318524197967	3.69767419838916	1000	360	600	1000	1000	360	709	0.64	0.291	7.17642286877895	24	24	0	2	1	10	4	1	5000	2500	1	0.99	14	10000	101103	0.5875	0.995	0.551781426986122	-4.47253966631296	0.562855049840085	5.5434530894587	10.0159927557717	1.46224136114898	0.374787259459724	1.46493378717773	2.53118006975294	2.15639281029321	0.513903975668043	0.196468056634393	-10.6910932641674	0.166974404822036	11.0038794647824	21.6949727289498	0.0794	0.9924	2.8547903869392	0.699616900126983	2.84834861062982	5.10548033696263	4.40586343683565	0	NA	NA	NA	NA	NA	NA	1	-1.32140381499355	1.74610804227951	1	-0.410943880830696	0.168874873192193	1	-3.50120614175477	12.2584444470613	1	-0.84288381144996	0.710453119604411	1.00128844606919	4655.03856006722	0	1.00198017616354	11606.5431197609	0	NA	NA	NA	NA	NA	NA	NA	NA
52	7	7	benefit_positive_truncnorm	benefit_positive_truncnorm	continuous	1	waning	benefit	1	1	NA	1.35074940168183	2.17786069304033	1000	360	600	1000	1000	360	730	0.64	0.27	7.00524073976873	24	24	0	2	1	10	4	1	5000	2500	1	0.99	14	10000	101051	0.4929	0.9992	0.0153675946085242	-4.97190324119896	-0.0467587513350214	5.28610119617327	10.2580044373722	1.73100559095049	0.638853366130928	1.73544375920842	2.80996799696268	2.17111463083175	0.360732984293194	-1.37174470891072	-12.300143133777	-1.4782233617441	10.3723626953317	22.6725058291088	0.045	0.9854	2.36111447702776	0.23647977530877	2.39972781767939	4.34202234743485	4.10554257212608	0	NA	NA	NA	NA	NA	NA	1	-1.33538180707331	1.78324457066238	1	0.380256189268659	0.144594769477122	1	-3.54960540195105	12.59969850956	1	0.183253783987435	0.0335819493457134	1.00128099813488	4426.00242263144	0	1.00187084701112	14813.6061825212	0	NA	NA	NA	NA	NA	NA	NA	NA
103	7	7	benefit_positive_truncnorm	benefit_positive_truncnorm	continuous	1	waning	benefit	1	1	NA	2.26786501225953	4.55748450737707	1000	360	600	1000	1000	360	699	0.64	0.301	7.08424150235957	24	24	0	2	1	10	4	1	5000	2500	1	0.99	14	10000	101102	0.7752	0.9998	1.88657279139962	-3.08303115006981	1.97183451218019	6.46671431907396	9.54974546914377	1.9780082172917	0.877484258777562	1.98781597116026	3.062379189568	2.18489493079044	0.83518858748514	4.22421956740447	-5.65036858930745	3.94686612004104	13.7869727954711	19.4373413847785	0.0747	0.9992	4.16728342834526	1.55165389079713	4.1516602606567	7.01586831833978	5.46421442754265	0	NA	NA	NA	NA	NA	NA	1	-0.381292220859901	0.145383757688275	1	-0.289856794967828	0.0840169615890217	1	-0.333264939972601	0.111065520214941	1	-0.390201079031809	0.152256882077588	1.0011975081207	4684.52929412222	0	1.0020425079178	13070.7055203506	0	NA	NA	NA	NA	NA	NA	NA	NA
71	7	7	benefit_positive_truncnorm	benefit_positive_truncnorm	continuous	1	waning	benefit	1	1	NA	2.40055475363485	4.19142032841571	1000	360	600	1000	1000	360	698	0.64	0.302	7.8435320480281	24	24	0	2	1	10	4	1	5000	2500	1	0.99	14	10000	101070	0.7421	0.9998	1.67504214312078	-3.53352724877954	1.70095604385446	6.63337888356329	10.1669061323428	1.77894482933685	0.715908795289546	1.78284127743873	2.84733207464341	2.13142327935386	0.647058823529412	2.02024028094626	-8.77086294611154	1.91223468235095	12.1963215235633	20.9671844696749	0.1058	0.9961	2.91192387315013	0.837109690585504	2.91945831466008	4.95707954001723	4.11996984943173	0	NA	NA	NA	NA	NA	NA	1	-0.725512610514069	0.526368548014939	1	-0.621609924297999	0.386398897985764	1	-2.17118004746946	4.71402279852947	1	-1.27949645526558	1.63711117903719	1.0010616158557	4266.98010514642	0	1.00214065899565	13772.3840609807	0	NA	NA	NA	NA	NA	NA	NA	NA
208	7	7	benefit_positive_truncnorm	benefit_positive_truncnorm	continuous	1	waning	benefit	1	1	NA	1.93476623097299	4.18174015903839	1000	360	600	1000	1000	360	753	0.64	0.247	6.74280174872412	24	24	0	2	1	10	4	1	5000	2500	1	0.99	14	10000	101207	0.6381	1	0.958532402303064	-4.3217059547388	0.969616690301717	6.25743109348717	10.579137048226	2.17156997968264	1.12465840197152	2.17196225068954	3.2167145380193	2.09205613604779	0.585181994400172	1.17097256612594	-10.0695769506028	1.10308634731155	12.3808813855067	22.4504583361095	0.0714	0.9999	4.1308175978961	1.83977781370524	4.22311500363099	6.10595462983871	4.26617681613346	0	NA	NA	NA	NA	NA	NA	1	-0.976233828669928	0.953032488239546	1	0.236803748709645	0.0560760154029409	1	-3.01076759291245	9.0647214985318	1	-0.0509225611422863	0.00259310723328989	1.00121206431975	4415.82653714694	0	1.00176899589488	12326.8753340759	0	NA	NA	NA	NA	NA	NA	NA	NA
100	7	7	benefit_positive_truncnorm	benefit_positive_truncnorm	continuous	1	waning	benefit	1	1	NA	1.39968723392764	2.48654670554821	1000	360	600	1000	1000	360	711	0.64	0.289	6.82261151199014	24	24	0	2	1	10	4	1	5000	2500	1	0.99	14	10000	101099	0.6755	0.9266	1.22394834352248	-4.25760604203967	1.26479480604836	6.4844806345135	10.7420866765532	0.797501436892278	-0.28035532396563	0.804327041562319	1.87114958228217	2.1515049062478	0.609332609875203	1.54368900910137	-9.84089105406337	1.45837546301923	12.5283643929922	22.3692554470555	0.0785	0.9604	2.48989242096935	-0.279063087860172	2.59330116092357	4.98869148244829	5.26775457030846	0	NA	NA	NA	NA	NA	NA	1	-0.175738890405161	0.0308841576008371	1	-0.602185797035359	0.36262773415111	1	-0.942857696446841	0.888980635749044	1	0.00334571542113782	1.11938116792394e-05	1.00187775314397	4696.56099827265	0	1.0018399039235	11191.0662111391	0	NA	NA	NA	NA	NA	NA	NA	NA
46	7	7	benefit_positive_truncnorm	benefit_positive_truncnorm	continuous	1	waning	benefit	1	1	NA	2.2706234890881	4.52427250585495	1000	360	600	1000	1000	360	727	0.64	0.273	7.55677261879406	24	24	0	2	1	10	4	1	5000	2500	1	0.99	14	10000	101045	0.573	0.9629	0.475095354739279	-4.61006302538714	0.485389647941362	5.47989258293443	10.0899556083216	0.987193082581572	-0.0889454269333999	0.992382698383156	2.05200008690134	2.14094551383474	0.54210236653825	0.546471107981397	-10.4620489537442	0.488262950078285	11.2482121500902	21.7102611038344	0.0915	0.7836	0.961889309638987	-1.12687180212441	0.923460413875761	3.25287195392668	4.37974375605109	0	NA	NA	NA	NA	NA	NA	1	-1.79552813434882	3.22392128123816	0	-1.28343040650653	1.64719360834551	1	-3.97780139787355	15.8229039609248	0	-3.56238319621596	12.6905740366818	1.00206986946647	4707.22631934234	0	1.00143937468805	12327.100343699	0	NA	NA	NA	NA	NA	NA	NA	NA
101	7	7	benefit_positive_truncnorm	benefit_positive_truncnorm	continuous	1	waning	benefit	1	1	NA	1.76780429900642	2.89331611373052	1000	360	600	1000	1000	360	686	0.64	0.314	7.63799830433851	24	24	0	2	1	10	4	1	5000	2500	1	0.99	14	10000	101100	0.7351	0.9995	1.60253706860159	-3.43413270009364	1.64088801322267	6.50137923821461	9.93551193830825	1.80582484596337	0.712780127806831	1.80310620787816	2.89654727139553	2.1837671435887	0.625248728719876	1.63720322425355	-9.2890006640803	1.54681669753335	11.97863414472	21.2676348088003	0.0954	0.9848	2.94214788662418	0.282100936865095	2.92750773622231	5.85766099477282	5.57556005790773	0	NA	NA	NA	NA	NA	NA	1	-0.165267230404838	0.0273132574456857	1	0.0380205469569492	0.00144556199090558	1	-1.25611288947697	1.57781959111018	1	0.0488317728936565	0.00238454204393764	1.00175555988289	4586.73545686415	0	1.00190659447337	10721.8027694291	0	NA	NA	NA	NA	NA	NA	NA	NA
45	7	7	benefit_positive_truncnorm	benefit_positive_truncnorm	continuous	1	waning	benefit	1	1	NA	2.57730561880613	5.31152106683388	1000	360	600	1000	1000	360	705	0.64	0.295	7.51379870903776	24	24	0	2	1	10	4	1	5000	2500	1	0.99	14	10000	101044	0.7911	1	2.12421734863076	-3.04195610019922	2.19687117273799	6.97929527246087	10.0212513726601	2.72521953862356	1.67784740125808	2.72641172966637	3.78303892464912	2.10519152339104	0.691553376420771	2.52396429871333	-8.28487033682281	2.38912731206341	12.5164475351864	20.8013178720092	0.1026	1	5.31065530238033	2.94505735878681	5.34904053581611	7.71676408892686	4.77170673014004	0	NA	NA	NA	NA	NA	NA	1	-0.453088270175375	0.205288980570514	1	0.147913919817428	0.0218785276757564	1	-2.78755676812056	7.77047273549473	1	-0.00086576445355746	7.49548089043648e-07	1.00180372634321	4313.93167981802	0	1.00158277855036	12058.2019428729	0	NA	NA	NA	NA	NA	NA	NA	NA
120	7	7	benefit_positive_truncnorm	benefit_positive_truncnorm	continuous	1	waning	benefit	1	1	NA	2.06041726387109	3.89132370885711	1000	360	600	1000	1000	360	712	0.64	0.288	7.78594904515549	24	24	0	2	1	10	4	1	5000	2500	1	0.99	14	10000	101119	0.7176	0.9999	1.51470718025344	-3.63423169580323	1.53773828791412	6.54964844130808	10.1838801371113	2.10253559685407	1.0454963367455	2.0973513203209	3.14753685855952	2.10204052181402	0.628462058095024	1.75277183309805	-9.07192235107219	1.67567618186207	12.1461659010795	21.2180882521517	0.1118	0.9967	3.21801202792937	0.815738280469244	3.13352095118269	5.99062142238127	5.17488314191202	0	NA	NA	NA	NA	NA	NA	1	-0.545710083617654	0.297799495361987	1	0.0421183329829793	0.00177395397326512	1	-2.13855187575906	4.57340412531261	1	-0.673311680927746	0.453348619673746	1.00164135611563	5072.55218049075	0	1.0015803251809	11113.4637339994	0	NA	NA	NA	NA	NA	NA	NA	NA
137	7	7	benefit_positive_truncnorm	benefit_positive_truncnorm	continuous	1	waning	benefit	1	1	NA	2.22378026052681	4.25010333021754	1000	360	600	1000	1000	360	689	0.64	0.311	7.02097634347101	24	24	0	2	1	10	4	1	5000	2500	1	0.99	14	10000	101136	0.8382	1	2.59607009407346	-2.49588352874816	2.65039336850665	7.33745080381342	9.83333433256158	2.71836426011576	1.62831986638791	2.71695163052142	3.81895738777578	2.19063752138787	0.81570796460177	4.27778931682926	-6.44720623333284	4.09301720433298	14.1935327388371	20.64073897217	0.096	1	5.25213762006972	2.74049541363522	5.19033971211574	8.15289486389029	5.41239945025507	0	NA	NA	NA	NA	NA	NA	1	0.372289833546645	0.138599720162189	1	0.494583999588953	0.244613332649405	1	0.0276859866117176	0.000766513854664207	1	1.00203428985218	1.00407271803956	1.00157520128633	4581.50081230453	0	1.00142810602011	12395.8778943484	0	NA	NA	NA	NA	NA	NA	NA	NA
197	7	7	benefit_positive_truncnorm	benefit_positive_truncnorm	continuous	1	waning	benefit	1	1	NA	1.74798266443913	3.11206726633722	1000	360	600	1000	1000	360	722	0.64	0.278	6.89992341263257	24	24	0	2	1	10	4	1	5000	2500	1	0.99	14	10000	101196	0.8064	1	2.4464785808912	-3.0377113164529	2.49177198999263	7.73916029819082	10.7768716146437	2.53450131139163	1.47771191558589	2.54004584179539	3.60296418862039	2.1252522730345	0.70947741364039	3.00670303815967	-7.88986214751066	2.83831807906735	13.5177153907124	21.4075775382231	0.0968	0.9999	4.92592513729962	2.57124796306074	4.96834120580965	7.08025671232895	4.50900874926821	0	NA	NA	NA	NA	NA	NA	1	0.698495916452071	0.487896545300219	1	0.7865186469525	0.618611582003991	1	-0.105364228177554	0.0111016205794518	1	1.81385787096239	3.29008037605222	1.0016519948876	4385.83498535214	0	1.00180949088706	12071.7717491461	0	NA	NA	NA	NA	NA	NA	NA	NA
154	7	7	benefit_positive_truncnorm	benefit_positive_truncnorm	continuous	1	waning	benefit	1	1	NA	2.23523927048524	4.73495286015092	1000	360	600	1000	1000	360	698	0.64	0.302	7.36878422281088	24	24	0	2	1	10	4	1	5000	2500	1	0.99	14	10000	101153	0.6639	0.9986	1.06945104583989	-3.99170755390544	1.10060320678303	5.92531245925841	9.91702001316385	1.62300934579806	0.555427598823357	1.62495007273468	2.67761689507965	2.12218929625629	0.596090489786954	1.25312641973153	-9.71288532280952	1.20135934739438	11.7408731307823	21.4537584535919	0.0894	0.9955	3.67972742985224	0.77535403601987	3.75142548996692	6.23222606344845	5.45687202742858	0	NA	NA	NA	NA	NA	NA	1	-1.16578822464535	1.35906218472176	1	-0.612229924687181	0.374825480682471	1	-3.4818264404194	12.1231153612036	1	-1.05522543029868	1.11350070874903	1.00159818488666	4197.33479410316	0	1.00180918542291	13739.6156125223	0	NA	NA	NA	NA	NA	NA	NA	NA
86	7	7	benefit_positive_truncnorm	benefit_positive_truncnorm	continuous	1	waning	benefit	1	1	NA	2.0979925413065	4.33250150038223	1000	360	600	1000	1000	360	714	0.64	0.286	6.86669883443133	24	24	0	2	1	10	4	1	5000	2500	1	0.99	14	10000	101085	0.6802	1	1.23759678986791	-4.17472781823566	1.27086027438356	6.42844249664147	10.6031703148771	2.14634920229171	1.06013105564851	2.14405133961066	3.20950949673034	2.14937844108182	0.606820897143478	1.58570354731167	-9.43501095412492	1.41320639144929	12.7600163611781	22.195027315303	0.0793	0.9996	4.11613191995875	1.7223376795796	4.12519526740224	6.4556590059408	4.73332132636121	0	NA	NA	NA	NA	NA	NA	1	-0.860395751438594	0.740280849093582	1	0.0483566609852102	0.00233836666163855	1	-2.74679795307055	7.54489899499259	1	-0.216369580423478	0.0468157953326321	1.00091934321957	4377.09541812089	0	1.00133226618511	12191.9189207225	0	NA	NA	NA	NA	NA	NA	NA	NA
90	7	7	benefit_positive_truncnorm	benefit_positive_truncnorm	continuous	1	waning	benefit	1	1	NA	1.89035874161167	3.51659653118112	1000	360	600	1000	1000	360	709	0.64	0.291	6.80045181652087	24	24	0	2	1	10	4	1	5000	2500	1	0.99	14	10000	101089	0.6884	0.9996	1.33125831970439	-3.92277127157252	1.34236078444615	6.43201099642613	10.3547822679986	1.77674739375314	0.71101723100451	1.7769884717618	2.85176263878385	2.14074540777934	0.61802016697387	1.67269746491477	-9.71791036744122	1.5593947463275	12.4079572281932	22.1258675956344	0.0777	0.9996	3.78350209112077	1.62708705745018	3.73317911190681	6.1914153061949	4.56432824874471	0	NA	NA	NA	NA	NA	NA	1	-0.559100421907283	0.312593281776902	1	-0.113611347858529	0.0129075383622316	1	-1.84389906626635	3.39996376657792	1	0.266905559939655	0.0712385779267005	1.00146164057862	4680.01495720975	0	1.00225157650206	9731.31687807813	0	NA	NA	NA	NA	NA	NA	NA	NA
207	7	7	benefit_positive_truncnorm	benefit_positive_truncnorm	continuous	1	waning	benefit	1	1	NA	2.06395089989349	4.16869160772156	1000	360	600	1000	1000	360	686	0.64	0.314	7.55329723997722	24	24	0	2	1	10	4	1	5000	2500	1	0.99	14	10000	101206	0.6883	1	1.24485647554684	-3.84561039694082	1.30647815723053	6.06067716512561	9.90628756206642	2.10683198372031	1.04147756144219	2.10563576358474	3.16828785944294	2.12681029800075	0.633274492497793	1.81187060452133	-8.79642312946491	1.70027461734532	12.0357068708474	20.8321300003123	0.0936	1	5.37118875958768	2.95277113247365	5.33341651276684	7.85659620571826	4.90382507324461	0	NA	NA	NA	NA	NA	NA	1	-0.819094424346652	0.670915675995773	1	0.0428810838268214	0.00183878735016289	1	-2.35682100320023	5.55460524112575	1	1.20249715186611	1.44599940024611	1.00182560150387	4248.40245048874	0	1.00198381108125	11495.5161337619	0	NA	NA	NA	NA	NA	NA	NA	NA
158	7	7	benefit_positive_truncnorm	benefit_positive_truncnorm	continuous	1	waning	benefit	1	1	NA	1.74035316890186	3.47179316668754	1000	360	600	1000	1000	360	725	0.64	0.275	7.57104469111235	24	24	0	2	1	10	4	1	5000	2500	1	0.99	14	10000	101157	0.7683	0.9999	1.87914697125873	-3.22290771993893	1.9455568886713	6.79962843354951	10.0225361534884	2.20129621324392	1.12341130522857	2.20424029181489	3.25162467657199	2.12821337134341	0.666666666666667	2.27840581750062	-8.56916625701973	2.23749584750146	12.348986787934	20.9181530449537	0.1027	0.9999	4.83205944749975	2.59207976545751	4.90599958181105	6.73583463216593	4.14375486670842	0	NA	NA	NA	NA	NA	NA	1	0.138793802356866	0.0192637195726767	1	0.460943044342053	0.21246849012732	1	-1.19338734918692	1.42417336519938	1	1.36026628081221	1.85032435471468	1.00100497338143	4619.29851864366	0	1.00214892155604	14870.6584193836	0	NA	NA	NA	NA	NA	NA	NA	NA
26	7	7	benefit_positive_truncnorm	benefit_positive_truncnorm	continuous	1	waning	benefit	1	1	NA	2.38814216321534	4.52053071199973	1000	360	600	1000	1000	360	727	0.64	0.273	7.47264269463397	24	24	0	2	1	10	4	1	5000	2500	1	0.99	14	10000	101025	0.81	1	2.28391866014322	-2.75545208310083	2.34704291153305	7.16026551795117	9.915717601052	3.09367837695844	2.01312698286387	3.09978146558838	4.13715659177488	2.12402960891102	0.720298407749694	3.06593969401125	-7.4210600591091	2.95431550442769	12.949571936211	20.3706319953201	0.1019	1	6.33718654725182	4.17035409348284	6.38383652240219	8.24541784358946	4.07506375010662	0	NA	NA	NA	NA	NA	NA	1	-0.104223503072118	0.0108625385926239	1	0.705536213743095	0.497781348902942	1	-1.45459101798848	2.11583502961276	1	1.81665583525209	3.30023842375549	1.00088686531254	4361.4841907461	0	1.00130528098004	9925.69666605858	0	NA	NA	NA	NA	NA	NA	NA	NA
212	7	7	benefit_positive_truncnorm	benefit_positive_truncnorm	continuous	1	waning	benefit	1	1	NA	2.67485166338437	5.10788981365256	1000	360	600	1000	1000	360	697	0.64	0.303	7.5421738356973	24	24	0	2	1	10	4	1	5000	2500	1	0.99	14	10000	101211	0.8083	1	2.24687421386434	-2.82245900474899	2.30814559593974	7.01389468696958	9.83635369171858	3.0917142474882	2.02712886538426	3.09754708305714	4.12103779289489	2.09390892751063	0.711463332961268	2.82459428536955	-7.66791796323304	2.72859690155001	12.7917610210107	20.4596789842438	0.1041	1	6.28712872766638	3.85234039982756	6.29909144797008	8.57935202928662	4.72701162945907	0	NA	NA	NA	NA	NA	NA	1	-0.427977449520026	0.183164697297667	1	0.416862584103834	0.173774414025726	1	-2.28329552828301	5.2134384694772	1	1.17923891401382	1.39060441632449	1.0016966950432	4675.59277823968	0	1.00113995980394	11011.3683699709	0	NA	NA	NA	NA	NA	NA	NA	NA
181	7	7	benefit_positive_truncnorm	benefit_positive_truncnorm	continuous	1	waning	benefit	1	1	NA	1.92479053336639	4.02060698888589	1000	360	600	1000	1000	360	712	0.64	0.288	7.73351940159511	24	24	0	2	1	10	4	1	5000	2500	1	0.99	14	10000	101180	0.7257	0.9999	1.53122864331996	-3.57175543900035	1.54773799146651	6.45727433278444	10.0290297717848	2.02269986716551	0.957755867884016	2.0197819334522	3.09495436993337	2.13719850204935	0.619845792826014	1.70917953698796	-9.01828957776076	1.57331483573064	12.0399029877785	21.0581925655392	0.1051	0.9999	4.54031679529355	2.11503370179273	4.58858240870195	6.73874448755646	4.62371078576373	0	NA	NA	NA	NA	NA	NA	1	-0.393561890046437	0.154890961296923	1	0.0979093337991164	0.00958623764498679	1	-2.31142745189793	5.34269686538735	1	0.519709806407658	0.270098282876285	1.00123288254057	4606.76354425193	0	1.00148394023998	10510.4231307197	0	NA	NA	NA	NA	NA	NA	NA	NA
84	7	7	benefit_positive_truncnorm	benefit_positive_truncnorm	continuous	1	waning	benefit	1	1	NA	1.75177995564759	3.6020311337942	1000	360	600	1000	1000	360	737	0.64	0.263	6.59275383047886	24	24	0	2	1	10	4	1	5000	2500	1	0.99	14	10000	101083	0.6449	0.9996	1.01779222897783	-4.46441566489602	1.05952067403312	6.34891111967391	10.8133267845699	1.88730235851762	0.806780183301712	1.88219218944138	2.96756823530042	2.16078805199871	0.585737615677735	1.25223516508439	-9.9459453706129	1.10043431219005	12.4492944044957	22.3952397751086	0.0815	0.9965	3.66921627915815	0.994071504095242	3.70403869675718	6.15452248978538	5.16045098569014	0	NA	NA	NA	NA	NA	NA	1	-0.733987726669755	0.538737982901835	1	0.135522402870031	0.0183663216796669	1	-2.34979596870981	5.52154109456486	1	0.0671851453639567	0.00451384375757599	1.0015625413348	4507.54467872384	0	1.00214347277945	10246.8315743478	0	NA	NA	NA	NA	NA	NA	NA	NA
61	7	7	benefit_positive_truncnorm	benefit_positive_truncnorm	continuous	1	waning	benefit	1	1	NA	1.17953752447567	2.48514413129707	1000	360	600	1000	1000	360	732	0.64	0.268	6.56306705925539	24	24	0	2	1	10	4	1	5000	2500	1	0.99	14	10000	101060	0.7063	0.9995	1.46695736106498	-3.94356355300484	1.52575825233003	6.61707485854138	10.5606384115462	1.89717828710732	0.813515074247031	1.89919680564726	2.94956303676425	2.13604796251722	0.630087919244546	1.81629366320245	-9.44025360906024	1.65185756950205	12.7134270763551	22.1536806854154	0.0787	0.9996	3.9065439646842	1.82869046517599	3.89297441688847	6.02772754264693	4.19903707747094	0	NA	NA	NA	NA	NA	NA	1	0.287419836589306	0.0826101624650236	1	0.717640762631649	0.515008264190535	1	-0.668850468094619	0.447360948670391	1	1.42139983338714	2.02037748635298	1.0017166552727	4181.55715862504	0	1.00174412030401	12603.6438241726	0	NA	NA	NA	NA	NA	NA	NA	NA
165	7	7	benefit_positive_truncnorm	benefit_positive_truncnorm	continuous	1	waning	benefit	1	1	NA	1.67429135134687	2.96309360301152	1000	360	600	1000	1000	360	714	0.64	0.286	6.66598048863553	24	24	0	2	1	10	4	1	5000	2500	1	0.99	14	10000	101164	0.6648	0.9928	1.13987429914896	-4.13581450039652	1.15899776797422	6.30284053917378	10.4386550395703	1.32379655374757	0.253536691363632	1.31798626501295	2.4210937873895	2.16755709602587	0.598355334343216	1.40025896888997	-9.85330682378281	1.27570196357178	12.388570064974	22.2418768887569	0.0758	0.9781	2.17971719553495	0.0557066132380039	2.17868061650643	4.28317282629546	4.22746621305745	0	NA	NA	NA	NA	NA	NA	1	-0.534417052197905	0.285601585679899	1	-0.350494797599304	0.122846603144177	1	-1.56283463412155	2.44245209360983	1	-0.783376407476575	0.613678595790905	1.0017647599816	4514.01335082883	0	1.00184494350643	12307.182093613	0	NA	NA	NA	NA	NA	NA	NA	NA
164	7	7	benefit_positive_truncnorm	benefit_positive_truncnorm	continuous	1	waning	benefit	1	1	NA	1.81295731722723	3.57090451866656	1000	360	600	1000	1000	360	721	0.64	0.279	7.19029251263371	24	24	0	2	1	10	4	1	5000	2500	1	0.99	14	10000	101163	0.58	0.9982	0.515289168860257	-4.3982922088751	0.49938911682574	5.42489536906417	9.82318757793927	1.54091968005179	0.483257008246196	1.54326609320337	2.59202705551661	2.10877004727041	0.526871401151631	0.381321533273394	-10.3629673930781	0.338850962389436	11.1552850187528	21.518252411831	0.0622	0.9898	2.72144995758175	0.450720615823123	2.74596968220119	4.8939499107417	4.44322929491858	0	NA	NA	NA	NA	NA	NA	1	-1.29766814836697	1.68394262328617	1	-0.272037637175443	0.0740044760399981	1	-3.18958298539317	10.1734396207096	1	-0.849454561084811	0.721573051347789	1.00155681815764	4470.55192735095	0	1.0020806554069	11692.4183160572	0	NA	NA	NA	NA	NA	NA	NA	NA
85	7	7	benefit_positive_truncnorm	benefit_positive_truncnorm	continuous	1	waning	benefit	1	1	NA	2.3974958258216	4.62491654633359	1000	360	600	1000	1000	360	725	0.64	0.275	8.66596469336488	24	24	0	2	1	10	4	1	5000	2500	1	0.99	14	10000	101084	0.715	0.9999	1.37128220781733	-3.56232739863073	1.4164376424526	6.0941916644576	9.65651906308834	1.82454136714572	0.77655721925884	1.82204604961682	2.85554126828749	2.07898404902865	0.624471126357919	1.6136809984749	-8.79876488256239	1.51846583881261	11.4048430577165	20.2036079402789	0.1255	0.9995	3.03990771080324	1.27740115453491	3.03998091940918	4.76377735323717	3.48637619870226	0	NA	NA	NA	NA	NA	NA	1	-1.02621361800427	1.05311438977742	1	-0.572954458675887	0.328276811716579	1	-3.0112355478587	9.06753952468786	1	-1.58500883553035	2.51225300870928	1.0014204851729	4604.00627598684	0	1.00156767707813	15523.3781399091	0	NA	NA	NA	NA	NA	NA	NA	NA
166	7	7	benefit_positive_truncnorm	benefit_positive_truncnorm	continuous	1	waning	benefit	1	1	NA	1.81117944883206	3.80051886187923	1000	360	600	1000	1000	360	734	0.64	0.266	7.42641691335909	24	24	0	2	1	10	4	1	5000	2500	1	0.99	14	10000	101165	0.7431	0.9978	1.63861993690409	-3.46292298554213	1.66586729944948	6.53239538967718	9.99531837521932	1.47869375257919	0.411901170212748	1.48101383211846	2.52283706916726	2.11093589895452	0.671837183718372	2.28604493256843	-8.47523878987384	2.09834868581876	12.5680509598515	21.0432897497253	0.091	0.9832	2.24858735400281	0.142336036833039	2.19818361837079	4.60363822835425	4.46130219152121	0	NA	NA	NA	NA	NA	NA	1	-0.172559511927964	0.0297767851568171	1	-0.33248569625286	0.110546738212749	1	-1.51447392931081	2.29363128256211	1	-1.55193150787642	2.40849140513958	1.00161276695946	4404.11774527632	0	1.00271260618942	12782.3759359452	0	NA	NA	NA	NA	NA	NA	NA	NA
73	7	7	benefit_positive_truncnorm	benefit_positive_truncnorm	continuous	1	waning	benefit	1	1	NA	1.33200542165279	2.44608002934429	1000	360	600	1000	1000	360	742	0.64	0.258	6.88014916289299	24	24	0	2	1	10	4	1	5000	2500	1	0.99	14	10000	101072	0.6477	0.9984	1.04390859943228	-4.47030007518919	1.07760581918489	6.33208171677263	10.8023817919618	1.7118940372244	0.630733467522872	1.70775854393098	2.80067586497705	2.16994239745417	0.594618150125286	1.26514560723436	-10.0492279303934	1.2551010845112	12.5014895563649	22.5507174867583	0.0821	0.9927	3.21009354418645	0.588715856956359	3.14256897450781	6.07100097620232	5.48228511924596	0	NA	NA	NA	NA	NA	NA	1	-0.28809682222051	0.0829997789735564	1	0.379888615571614	0.144315360240918	1	-1.18093442210992	1.3946061093241	1	0.764013514842162	0.583716650861475	1.00172910841068	4148.47067388137	0	1.00146485012585	10631.6198544767	0	NA	NA	NA	NA	NA	NA	NA	NA
93	7	7	benefit_positive_truncnorm	benefit_positive_truncnorm	continuous	1	waning	benefit	1	1	NA	2.61028652316516	5.11046985057759	1000	360	600	1000	1000	360	691	0.64	0.309	7.66402909755734	24	24	0	2	1	10	4	1	5000	2500	1	0.99	14	10000	101092	0.7089	0.9998	1.35738739861097	-3.68262252109964	1.4356579767139	6.13108878741625	9.81371130851589	1.95305941438669	0.887255463417106	1.95000926934085	3.04760231287097	2.16034684945386	0.612942343732775	1.47217538302844	-9.58137087123243	1.47850480506082	11.8629675176922	21.4443383889247	0.0929	0.9975	4.15235468836714	1.23618259413247	4.16946264068235	6.89758385505988	5.66140126092742	0	NA	NA	NA	NA	NA	NA	1	-1.25289912455419	1.56975621630865	1	-0.657227108778471	0.431947472513308	1	-3.63829446754915	13.2371866325988	1	-0.958115162210443	0.917984664057543	1.00123813707926	4476.74505883413	0	1.00121930924221	13849.8790938864	0	NA	NA	NA	NA	NA	NA	NA	NA
275	7	7	benefit_positive_truncnorm	benefit_positive_truncnorm	continuous	1	waning	benefit	1	1	NA	1.80942481173417	3.15523380650602	1000	360	600	1000	1000	360	717	0.64	0.283	6.90129183360958	24	24	0	2	1	10	4	1	5000	2500	1	0.99	14	10000	101274	0.719	0.9997	1.55998697616727	-3.80680309562779	1.61720996972712	6.77287298308059	10.5796760787084	1.90719432140351	0.840877675091072	1.9043330110356	2.96190581028808	2.12102813519701	0.637782385681545	1.97283760493615	-9.14326295087665	1.84348976568348	12.9111091741444	22.0543721250211	0.0837	0.9848	2.62005639747547	0.215691704336893	2.52748711146554	5.64138305535085	5.42569135101395	0	NA	NA	NA	NA	NA	NA	1	-0.249437835566901	0.0622192338123002	1	0.0977695096693356	0.00955887702098231	1	-1.18239620156987	1.39806077748685	1	-0.535177409030548	0.28641485913665	1.00156210403274	4558.80390917145	0	1.00169063089439	13472.1334080136	0	NA	NA	NA	NA	NA	NA	NA	NA
239	7	7	benefit_positive_truncnorm	benefit_positive_truncnorm	continuous	1	waning	benefit	1	1	NA	2.21463919772896	4.01749181643129	1000	360	600	1000	1000	360	730	0.64	0.27	6.65036080488224	24	24	0	2	1	10	4	1	5000	2500	1	0.99	14	10000	101238	0.7427	1	1.7479792530776	-3.69277269050986	1.80826717644971	6.91693786858351	10.6097105590934	2.46827256781029	1.40175739364022	2.4640229822028	3.51874894657316	2.11699155293294	0.657606930157011	2.21670040701873	-8.76481362597486	2.02004372163147	12.976152001647	21.7409656276219	0.0765	0.9992	3.54894708850843	1.35712396558999	3.53491683005214	5.86712051942209	4.5099965538321	0	NA	NA	NA	NA	NA	NA	1	-0.466659944651361	0.217771503942011	1	0.253633370081329	0.0643298864188126	1	-1.80079140941256	3.24284970021406	1	-0.468544727922856	0.219534162064303	1.00129914849118	4317.77543929493	0	1.00173565016374	10930.8891887579	0	NA	NA	NA	NA	NA	NA	NA	NA
229	7	7	benefit_positive_truncnorm	benefit_positive_truncnorm	continuous	1	waning	benefit	1	1	NA	1.47097794287675	2.57054500396835	1000	360	600	1000	1000	360	723	0.64	0.277	6.95453950832072	24	24	0	2	1	10	4	1	5000	2500	1	0.99	14	10000	101228	0.5164	0.6885	0.117216249582546	-5.19503320482895	0.118852089217977	5.44743995453022	10.6424731593592	0.262327892357474	-0.781629477459457	0.264246244466103	1.29560790244937	2.07723737990883	0.505748373101952	0.110732260712528	-11.4396464137929	0.0777313188089792	11.5460931592193	22.9857395730122	0.078	0.7053	0.587241958300864	-1.47245337279161	0.620964021907547	2.52830675505603	4.00076012784764	0	NA	NA	NA	NA	NA	NA	1	-1.3537616932942	1.83267072223078	0	-1.20865005051927	1.46083494462024	1	-2.45981274325582	6.05067873188374	0	-1.98330304566749	3.93349097095393	1.00175164304992	4118.01481713755	0	1.0016293544833	10131.8691945564	0	NA	NA	NA	NA	NA	NA	NA	NA
206	7	7	benefit_positive_truncnorm	benefit_positive_truncnorm	continuous	1	waning	benefit	1	1	NA	2.10876753496439	4.37989294697391	1000	360	600	1000	1000	360	710	0.64	0.29	7.03610147797582	24	24	0	2	1	10	4	1	5000	2500	1	0.99	14	10000	101205	0.7865	1	2.07818380023379	-3.11712404797985	2.17278306227975	6.8272111026955	9.94433515067535	2.47191224080513	1.399749381411	2.46913237773397	3.56394272274209	2.16419334133109	0.767978592931208	3.60972902851193	-7.32044461629271	3.54717599862618	13.6643670713103	20.984811687603	0.1031	1	5.2998857882286	3.35091740884827	5.27881407664978	7.30463108987601	3.95371368102774	0	NA	NA	NA	NA	NA	NA	1	-0.0305837347306097	0.000935364830072303	1	0.363144705840736	0.131874077380155	1	-0.770163918461975	0.593152461300703	1	0.919992841254692	0.846386827959881	1.00172366027918	4229.03001715926	0	1.00182029958431	11784.0603674074	0	NA	NA	NA	NA	NA	NA	NA	NA
119	7	7	benefit_positive_truncnorm	benefit_positive_truncnorm	continuous	1	waning	benefit	1	1	NA	1.93781883253413	3.75802689339976	1000	360	600	1000	1000	360	741	0.64	0.259	7.23477078093322	24	24	0	2	1	10	4	1	5000	2500	1	0.99	14	10000	101118	0.7921	1	2.04771973375667	-2.8918892203062	2.11415565123046	6.7224116467319	9.6143008670381	2.03299252490661	0.969493038011228	2.03421307650878	3.09008029118916	2.12058725317793	0.726364919136003	3.01371647483035	-7.29893193764279	2.91546310976276	12.8806633519212	20.179595289564	0.0787	0.9935	2.98530581802759	0.619122140471436	2.89760951996312	5.94416917907315	5.32504703860171	0	NA	NA	NA	NA	NA	NA	1	0.109900901222543	0.0120782080895272	1	0.0951736923724829	0.009058031719812	1	-0.744310418569418	0.553997999190982	1	-0.772721075372169	0.597097860324322	1.00160854124901	4728.49921951081	0	1.00132238209598	10568.2929408338	0	NA	NA	NA	NA	NA	NA	NA	NA
118	7	7	benefit_positive_truncnorm	benefit_positive_truncnorm	continuous	1	waning	benefit	1	1	NA	1.56568862687968	2.54685401612445	1000	360	600	1000	1000	360	727	0.64	0.273	6.42511410192426	24	24	0	2	1	10	4	1	5000	2500	1	0.99	14	10000	101117	0.6708	1	1.15458442529026	-4.04721333621502	1.17590797191855	6.27782068082679	10.3250340170418	2.00836455076812	0.91856590077054	2.01264951705762	3.0564984541169	2.13793255334636	0.597019725557461	1.31289515314816	-9.64842035804124	1.20010259054253	12.2339031694676	21.8823235275088	0.0672	0.9953	2.94785187586955	0.579024510327872	2.95914092955173	5.28789052461161	4.70886601428374	0	NA	NA	NA	NA	NA	NA	1	-0.411104201589416	0.169006664564471	1	0.44267592388844	0.195961973590484	1	-1.23395886297629	1.52265447551773	1	0.400997859745105	0.160799283520155	1.001242511337	4346.73272418632	0	1.00179742010075	12508.2044511233	0	NA	NA	NA	NA	NA	NA	NA	NA
126	7	7	benefit_positive_truncnorm	benefit_positive_truncnorm	continuous	1	waning	benefit	1	1	NA	2.18933080541299	4.11731006072547	1000	360	600	1000	1000	360	682	0.64	0.318	7.79042088304033	24	24	0	2	1	10	4	1	5000	2500	1	0.99	14	10000	101125	0.8202	1	2.39326720487768	-2.83302549515759	2.47553272405559	7.26389827825214	10.0969237734097	3.19916717245463	2.14269062948705	3.20254387707052	4.26403729658096	2.1213466670939	0.70731156062832	2.77060754194064	-7.76843960200812	2.75307562120602	12.8753439816123	20.6437835836204	0.1151	1	5.88664528141592	3.57834092791398	5.72031002356178	9.11164748069658	5.5333065527826	0	NA	NA	NA	NA	NA	NA	1	0.203936399464689	0.0415900550266212	1	1.00983636704164	1.01976948819986	1	-1.34670251878482	1.81360767410139	1	1.76933522069046	3.13054712317575	1.00200156259502	4608.98698547509	0	1.00138275901487	12547.2164875019	0	NA	NA	NA	NA	NA	NA	NA	NA
202	7	7	benefit_positive_truncnorm	benefit_positive_truncnorm	continuous	1	waning	benefit	1	1	NA	2.29386707096434	4.34181351113443	1000	360	600	1000	1000	360	702	0.64	0.298	7.44932777196315	24	24	0	2	1	10	4	1	5000	2500	1	0.99	14	10000	101201	0.8017	1	2.22174037701379	-2.97262781502529	2.317587892297	7.11813838050351	10.0907661955288	2.51183284101004	1.41787214800685	2.5141645948435	3.57256638064856	2.15469423264171	0.708366174980295	2.79668629835049	-7.89136642288458	2.69261914301788	12.7072582497221	20.5986246726067	0.1119	1	5.26811155292323	3.1144321523707	5.24525730518024	7.42216942082878	4.30773726845808	0	NA	NA	NA	NA	NA	NA	1	-0.0721266939505498	0.00520225998023628	1	0.217965770045699	0.0475090769116144	1	-1.54512721278394	2.38741810368546	1	0.926298041788798	0.858028062221762	1.00099655605946	4665.8731974218	0	1.00160830107967	12996.5515266405	0	NA	NA	NA	NA	NA	NA	NA	NA
163	7	7	benefit_positive_truncnorm	benefit_positive_truncnorm	continuous	1	waning	benefit	1	1	NA	2.251262423893	4.41802273138424	1000	360	600	1000	1000	360	706	0.64	0.294	7.48668299995906	24	24	0	2	1	10	4	1	5000	2500	1	0.99	14	10000	101162	0.7633	1	1.8411490778227	-3.16078308641887	1.86490400337581	6.66599376994102	9.82677685635989	2.61422485539851	1.53726024807231	2.61277690794358	3.68282166678277	2.14556141871046	0.678323221180364	2.3771788392895	-8.24595939630431	2.26862384569729	12.4930371523386	20.7389965486429	0.0935	0.9999	5.12004792878585	2.40871720396664	5.11223037919808	8.10902548951105	5.70030828554441	0	NA	NA	NA	NA	NA	NA	1	-0.4101133460703	0.168192956624978	1	0.362962431505508	0.13174172668439	1	-2.04084389209475	4.16504379190044	1	0.702025197401601	0.492839377786757	1.00141883677571	4807.47258266165	0	1.00111920715412	11883.5385012742	0	NA	NA	NA	NA	NA	NA	NA	NA
263	7	7	benefit_positive_truncnorm	benefit_positive_truncnorm	continuous	1	waning	benefit	1	1	NA	2.73415978008248	5.34779684164915	1000	360	600	1000	1000	360	696	0.64	0.304	7.44016713285227	24	24	0	2	1	10	4	1	5000	2500	1	0.99	14	10000	101262	0.8577	1	2.78942113625562	-2.32738339338341	2.84541252976609	7.53752990390362	9.86491329728702	3.08152416689094	2.04049677933392	3.08006584165806	4.12920180503448	2.08870502570056	0.806956325979289	4.17373694048784	-5.651676820102	4.01027071239768	13.5827267299612	19.2344035500632	0.1116	1	5.98967712708441	3.23040690994714	6.06782010211679	8.83284268381266	5.60243577386553	0	NA	NA	NA	NA	NA	NA	1	0.0552613561731352	0.00305381748609411	1	0.347364386808459	0.120662017222817	1	-1.17405990116132	1.37841665151492	1	0.641880285435256	0.412010300830446	1.00148409857997	4537.92012506231	0	1.00169281470255	11131.4940657762	0	NA	NA	NA	NA	NA	NA	NA	NA
211	7	7	benefit_positive_truncnorm	benefit_positive_truncnorm	continuous	1	waning	benefit	1	1	NA	1.94864762570514	3.68786848515349	1000	360	600	1000	1000	360	713	0.64	0.287	6.71063459721399	24	24	0	2	1	10	4	1	5000	2500	1	0.99	14	10000	101210	0.61	0.9995	0.734060754663661	-4.70277400349695	0.808849411668166	5.89164083915555	10.5944148426525	1.81585443213938	0.748966056229771	1.81968727010869	2.90404767103075	2.15508161480098	0.56844723183391	0.862681069584827	-10.5742865966991	0.89598327197448	11.8871918099716	22.4614784066708	0.0752	0.9991	3.4223032304856	1.28212021249645	3.41104197312797	5.73748162962334	4.45536141712689	0	NA	NA	NA	NA	NA	NA	1	-1.21458687104148	1.47522126730633	1	-0.132793193565759	0.0176340322573931	1	-2.82518741556866	7.98168393308751	1	-0.265565254667889	0.070524904486821	1.00245793574599	4323.76271270767	0	1.0016573606438	11981.6193938979	0	NA	NA	NA	NA	NA	NA	NA	NA
94	7	7	benefit_positive_truncnorm	benefit_positive_truncnorm	continuous	1	waning	benefit	1	1	NA	2.20480078424113	4.18383825015222	1000	360	600	1000	1000	360	700	0.64	0.3	7.48801915450053	24	24	0	2	1	10	4	1	5000	2500	1	0.99	14	10000	101093	0.8112	1	2.24608515004968	-2.69661067163383	2.32094210782848	6.95720994112869	9.65382061276251	2.9728900847579	1.91517117140418	2.96737421178136	4.0298415196181	2.11467034821392	0.709619686800895	2.84100039946242	-7.72129667752209	2.74799330454272	12.6098729192321	20.3311695967542	0.106	1	6.24994758443229	3.08977320459679	6.34597078160178	8.97577174419754	5.88599853960075	0	NA	NA	NA	NA	NA	NA	1	0.0412843658085569	0.00170439886021474	1	0.768089300516768	0.589961173568338	1	-1.3428378506898	1.8032134932452	1	2.06610933428007	4.26880778119925	1.00130476757215	4237.50454163815	0	1.00124519516968	11632.6072144026	0	NA	NA	NA	NA	NA	NA	NA	NA
161	7	7	benefit_positive_truncnorm	benefit_positive_truncnorm	continuous	1	waning	benefit	1	1	NA	2.44544677408029	4.93227269079523	1000	360	600	1000	1000	360	703	0.64	0.297	7.69541312312201	24	24	0	2	1	10	4	1	5000	2500	1	0.99	14	10000	101160	0.7812	1	2.01929271662466	-3.1035562864847	2.06859774352965	6.90037382923746	10.0039301157222	2.36588364458963	1.29399600105457	2.37056402332398	3.42066022874032	2.12666422768575	0.682237730751914	2.42574458722181	-8.49885945458777	2.36700541811681	12.6317036344395	21.1305630890273	0.1116	1	5.08219199510426	2.32595437000644	5.14600605267833	7.48394718005727	5.15799281005083	0	NA	NA	NA	NA	NA	NA	1	-0.426154057455631	0.181607280685897	1	-0.0795631294906625	0.00633029157434792	1	-2.50652810357342	6.28268313400337	1	0.149919304309031	0.0224757978045038	1.00128655172868	4399.13754045287	0	1.00164407130101	11490.1874565904	0	NA	NA	NA	NA	NA	NA	NA	NA
187	7	7	benefit_positive_truncnorm	benefit_positive_truncnorm	continuous	1	waning	benefit	1	1	NA	2.25836411157018	4.37922479121205	1000	360	600	1000	1000	360	704	0.64	0.296	7.34138192563855	24	24	0	2	1	10	4	1	5000	2500	1	0.99	14	10000	101186	0.7195	0.9971	1.41619962946802	-3.60434546509447	1.44163437140103	6.16121478434222	9.76556024943669	1.50628158854562	0.427540090424874	1.50127983562755	2.57827450436684	2.15073441394196	0.642523618199587	1.84412329421356	-8.77568883117404	1.76790709517354	11.9931662429918	20.7688550741658	0.0791	0.9697	2.53204927740092	-0.0893315282958639	2.3741095782307	5.75619136884097	5.84552289713683	0	NA	NA	NA	NA	NA	NA	1	-0.842164482102166	0.709241014914409	1	-0.752082523024562	0.565628121438991	1	-2.53510149699848	6.42673960008396	1	-1.84717551381113	3.41205737882341	1.00188636474376	4278.85985040218	0	1.00176543926219	13681.8479888327	0	NA	NA	NA	NA	NA	NA	NA	NA
210	7	7	benefit_positive_truncnorm	benefit_positive_truncnorm	continuous	1	waning	benefit	1	1	NA	1.79377483306741	3.29957222730068	1000	360	600	1000	1000	360	701	0.64	0.299	6.82541469101372	24	24	0	2	1	10	4	1	5000	2500	1	0.99	14	10000	101209	0.7124	0.9996	1.54753301980833	-3.8483894721538	1.62228678553216	6.70600501587131	10.5543944880251	1.88087266039608	0.799285663277574	1.88464578443615	2.97866540060465	2.17937973732707	0.641542506573181	1.99190304004265	-9.44956953924767	1.85492953974036	12.8000913891645	22.2496609284122	0.0872	0.9984	3.99187784903367	1.38054494413077	4.02288363389752	6.66314326923477	5.282598325104	0	NA	NA	NA	NA	NA	NA	1	-0.24624181325908	0.0606350305971197	1	0.0870978273286682	0.0075860315253745	1	-1.30766918725802	1.70999870330406	1	0.692305621732991	0.479287073883103	1.00149320978291	4302.44949854125	0	1.00185396395606	11382.1917298013	0	NA	NA	NA	NA	NA	NA	NA	NA
53	7	7	benefit_positive_truncnorm	benefit_positive_truncnorm	continuous	1	waning	benefit	1	1	NA	2.21653758918728	4.18502653017709	1000	360	600	1000	1000	360	703	0.64	0.297	7.34122725231067	24	24	0	2	1	10	4	1	5000	2500	1	0.99	14	10000	101052	0.6837	1	1.19180896200274	-3.62192821686082	1.21038078346733	5.85959317360658	9.48152139046739	2.32301288425703	1.25316147144427	2.32245030241864	3.40291701655956	2.1497555451153	0.619156090682287	1.60247202229338	-9.1434463719601	1.43610130113781	12.1269972752978	21.2704436472579	0.0781	0.9999	4.16856301025921	1.65068509039939	4.19267615544603	6.91355777935861	5.26287268895922	0	NA	NA	NA	NA	NA	NA	1	-1.02472862718454	1.05006875937152	1	0.106475295069749	0.0113369884601902	1	-2.58255450788371	6.66958778619045	1	-0.0164635199178704	0.000271047488086116	1.0013011023775	4463.80180156058	0	1.00172227536742	10970.9665765813	0	NA	NA	NA	NA	NA	NA	NA	NA
205	7	7	benefit_positive_truncnorm	benefit_positive_truncnorm	continuous	1	waning	benefit	1	1	NA	1.63999315980445	3.09323137740054	1000	360	600	1000	1000	360	698	0.64	0.302	7.72102799421161	24	24	0	2	1	10	4	1	5000	2500	1	0.99	14	10000	101204	0.6938	0.9986	1.24862858763957	-3.72311961663386	1.27908238115326	5.94616157372132	9.66928119035517	1.64625383384436	0.59178147767528	1.64320547788801	2.70856849433366	2.11678701665838	0.611425402107598	1.35123896296077	-9.73838990811673	1.30331506150675	11.7599280170204	21.4983179251372	0.0985	0.9766	2.84130588480745	0.0292693691183362	2.83995648359761	5.75802930473174	5.7287599356134	0	NA	NA	NA	NA	NA	NA	1	-0.391364572164876	0.153166228345796	1	0.00626067403990671	3.91960394339618e-05	1	-1.74199241443977	3.03453757196568	1	-0.251925492593084	0.0634664538182678	1.00106661448382	4647.58091695557	0	1.00175359742714	11775.8440544696	0	NA	NA	NA	NA	NA	NA	NA	NA
274	7	7	benefit_positive_truncnorm	benefit_positive_truncnorm	continuous	1	waning	benefit	1	1	NA	2.15985524266667	3.98039153080046	1000	360	600	1000	1000	360	703	0.64	0.297	7.1269405334039	24	24	0	2	1	10	4	1	5000	2500	1	0.99	14	10000	101273	0.7042	0.9994	1.36452657503646	-3.57954074517966	1.38455747738731	6.10122996905808	9.68077071423774	1.82227141038959	0.760333911595644	1.8196450647136	2.91030034321685	2.1499664316212	0.628904983245055	1.70258520578917	-8.98195751679998	1.55986961651856	12.1496538924431	21.1316114092431	0.0749	0.9984	3.50760567675616	1.35958214675969	3.48502410057594	5.84596582644431	4.48638367968462	0	NA	NA	NA	NA	NA	NA	1	-0.795328667630208	0.632547689554443	1	-0.337583832277076	0.113962843814877	1	-2.27780632501129	5.18840165426145	1	-0.472785854044304	0.223526463784402	1.00180954164179	4465.1573411782	0	1.0014920876017	14148.9607737059	0	NA	NA	NA	NA	NA	NA	NA	NA
169	7	7	benefit_positive_truncnorm	benefit_positive_truncnorm	continuous	1	waning	benefit	1	1	NA	2.12705434056305	4.4519622142324	1000	360	600	1000	1000	360	730	0.64	0.27	6.48972497653374	24	24	0	2	1	10	4	1	5000	2500	1	0.99	14	10000	101168	0.6516	0.9993	1.06235901740162	-4.1860714623557	1.08287680074389	6.29058962192646	10.4766610842822	1.83500484487654	0.766324417569828	1.83517485858916	2.89809529227339	2.13177087470356	0.604153286234211	1.44313843476794	-9.47031913692251	1.33023871719709	12.3919841105143	21.8623032474368	0.0658	0.9923	2.70893708156069	0.48424671664314	2.71844233534142	4.8643747870149	4.38012807037176	0	NA	NA	NA	NA	NA	NA	1	-1.06469532316143	1.13357613116183	1	-0.292049495686511	0.0852929079307452	1	-3.00882377946445	9.05302053587075	1	-1.74302513267171	3.03813661312522	1.00164342286793	4702.89686935552	0	1.0023904017485	11389.4653013339	0	NA	NA	NA	NA	NA	NA	NA	NA
48	7	7	benefit_positive_truncnorm	benefit_positive_truncnorm	continuous	1	waning	benefit	1	1	NA	1.98344208203784	3.99479018712988	1000	360	600	1000	1000	360	723	0.64	0.277	6.91383128224268	24	24	0	2	1	10	4	1	5000	2500	1	0.99	14	10000	101047	0.7027	0.9976	1.43286115446244	-4.07060583713866	1.45882597410469	6.66232864607603	10.7329344832147	1.51633010774687	0.464746101098286	1.51994945049982	2.57752362914323	2.11277752804495	0.622139494142122	1.69848708699321	-9.63311237706234	1.54638786118394	12.9182571888432	22.5513695659055	0.0867	0.9898	2.56034837718658	0.469379202639031	2.55136267768631	4.7548364936768	4.28545729103777	0	NA	NA	NA	NA	NA	NA	1	-0.550580927575398	0.303139357809786	1	-0.46711197429097	0.218193596526008	1	-2.29630310013667	5.27300792769729	1	-1.4344418099433	2.05762330611341	1.00204590927087	4481.526394738	0	1.00256368539123	14486.4384131452	0	NA	NA	NA	NA	NA	NA	NA	NA
87	7	7	benefit_positive_truncnorm	benefit_positive_truncnorm	continuous	1	waning	benefit	1	1	NA	2.31768675207131	4.99670340548477	1000	360	600	1000	1000	360	728	0.64	0.272	6.96229280425456	24	24	0	2	1	10	4	1	5000	2500	1	0.99	14	10000	101086	0.7168	0.9997	1.57151165441417	-3.90698350272014	1.59405010510289	6.78049264331127	10.6874761460314	2.02731248165692	0.951769063866022	2.02801721868479	3.08679830098535	2.13502923711933	0.639714755896873	1.93362975028198	-9.38774657595638	1.8208534099486	12.8290105670551	22.2167571430115	0.0885	0.9995	4.79358699844502	2.32224572387336	4.91113264444094	6.65000007663174	4.32775435275838	0	NA	NA	NA	NA	NA	NA	1	-0.746175097657148	0.556777276363654	1	-0.290374270414391	0.0843172169186897	1	-3.06307365520279	9.38242021719741	1	-0.203116407039757	0.0412562748087403	1.00139642477877	4488.64405108376	0	1.00174696603201	10927.5173841402	0	NA	NA	NA	NA	NA	NA	NA	NA
214	7	7	benefit_positive_truncnorm	benefit_positive_truncnorm	continuous	1	waning	benefit	1	1	NA	1.83958889040501	3.63893532788061	1000	360	600	1000	1000	360	690	0.64	0.31	7.38458982731682	24	24	0	2	1	10	4	1	5000	2500	1	0.99	14	10000	101213	0.6218	0.9968	0.739016388803719	-4.13197740401396	0.715765479224404	5.53951754620999	9.67149495022395	1.51110398479332	0.434620084221204	1.504878621375	2.60345046192975	2.16883037770854	0.558855291576674	0.807246082456212	-9.71235400869461	0.672114046989584	11.5341828121308	21.2465368208254	0.074	0.9982	3.17984889510116	1.09877233544421	3.20803055136431	5.11916834130092	4.02039600585672	0	NA	NA	NA	NA	NA	NA	1	-1.10057250160129	1.21125983128092	1	-0.328484905611684	0.107902333214717	1	-2.8316892454244	8.0184639826522	1	-0.459086432779451	0.210760352762162	1.00134342369936	4561.69605833925	0	1.00230149006851	12499.7820967316	0	NA	NA	NA	NA	NA	NA	NA	NA
170	7	7	benefit_positive_truncnorm	benefit_positive_truncnorm	continuous	1	waning	benefit	1	1	NA	1.68630887715992	3.08134290504103	1000	360	600	1000	1000	360	740	0.64	0.26	6.43314035107215	24	24	0	2	1	10	4	1	5000	2500	1	0.99	14	10000	101169	0.6871	1	1.27991672364381	-4.017655647302	1.33685017974142	6.34515344109442	10.3628090883964	2.10172752810577	1.04084810818346	2.09828212328	3.16341915733602	2.12257104915256	0.613316261203585	1.46924372209111	-9.79878304219662	1.33734116935454	12.359499700383	22.1582827425797	0.0628	0.9982	2.94767863534932	0.903031818211449	2.95078819260661	5.07943150215696	4.17639968394551	0	NA	NA	NA	NA	NA	NA	1	-0.406392153516117	0.165154582439467	1	0.415418650945848	0.172572655553668	1	-1.61209918294992	2.59886377566778	1	-0.13366426969171	0.0178661369922181	1.00101227547597	4511.90092320968	0	1.00104312973501	11754.5995050566	0	NA	NA	NA	NA	NA	NA	NA	NA
162	7	7	benefit_positive_truncnorm	benefit_positive_truncnorm	continuous	1	waning	benefit	1	1	NA	1.88456212041844	3.82693672394488	1000	360	600	1000	1000	360	708	0.64	0.292	7.599672210458	24	24	0	2	1	10	4	1	5000	2500	1	0.99	14	10000	101161	0.6627	0.9994	1.04571227174991	-4.07741688012439	1.07334183482455	5.96606130727679	10.0434781874012	1.67056326422653	0.606024408260479	1.67209236336107	2.74114910389169	2.13512469563121	0.589757709251101	1.21763069845231	-9.72733533794181	1.12299414146451	11.9007336677512	21.628069005693	0.092	0.994	2.91951568424783	0.733224004904396	2.82329149090439	5.46912595970563	4.73590195480123	0	NA	NA	NA	NA	NA	NA	1	-0.838849848668526	0.703669068611209	1	-0.213998856191909	0.0457955104514453	1	-2.60930602549258	6.80847793467188	1	-0.907421039697059	0.823412943284892	1.00167613545787	4685.41622353084	0	1.00138937928197	12941.1180234597	0	NA	NA	NA	NA	NA	NA	NA	NA
168	7	7	benefit_positive_truncnorm	benefit_positive_truncnorm	continuous	1	waning	benefit	1	1	NA	2.15387505115632	4.06042705784661	1000	360	600	1000	1000	360	717	0.64	0.283	7.24176095512985	24	24	0	2	1	10	4	1	5000	2500	1	0.99	14	10000	101167	0.7739	1	1.88910421506379	-3.09250535131289	1.93244009395726	6.55731507191913	9.64982042323203	2.26538906037849	1.1977545375456	2.26878306095663	3.33848076048863	2.14072622294303	0.721753246753247	2.93952711690513	-7.22903749378408	2.70733373175209	12.9289741775312	20.1580116713152	0.076	0.9999	4.59717781834338	2.35169219411637	4.66141058576127	6.6545712151018	4.30287902098543	0	NA	NA	NA	NA	NA	NA	1	-0.264770836092525	0.0701035956451346	1	0.111514009222174	0.0124353742528031	1	-1.12089994094148	1.25641667760262	1	0.536750760496774	0.288101378893865	1.00128292831615	4768.06861367196	0	1.00140911862577	10203.8082168086	0	NA	NA	NA	NA	NA	NA	NA	NA
141	7	7	benefit_positive_truncnorm	benefit_positive_truncnorm	continuous	1	waning	benefit	1	1	NA	1.73417321944015	3.109161774777	1000	360	600	1000	1000	360	706	0.64	0.294	7.40655645431123	24	24	0	2	1	10	4	1	5000	2500	1	0.99	14	10000	101140	0.7503	1	1.74155693305276	-3.25509678601588	1.77977011552231	6.54272566203901	9.79782244805489	2.03525275082475	0.946456453385707	2.03898992241512	3.10943408664974	2.16297763326403	0.684967607335017	2.44514902596673	-7.92918641161132	2.26933733204687	12.494678798771	20.4238652103823	0.0893	1	4.24760820141094	2.04035524159514	4.26797937611715	6.3560284692421	4.31567322764696	0	NA	NA	NA	NA	NA	NA	1	0.00738371361260737	5.45192267130033e-05	1	0.301079531384602	0.0906488842187717	1	-0.664012748810265	0.440912930582565	1	1.13844642663394	1.29606026631559	1.00198958960741	3704.10276544203	0	1.00184527493763	12357.5520850612	0	NA	NA	NA	NA	NA	NA	NA	NA
217	7	7	benefit_positive_truncnorm	benefit_positive_truncnorm	continuous	1	waning	benefit	1	1	NA	1.11362208732313	2.21199795154515	1000	360	600	1000	1000	360	706	0.64	0.294	6.68789117300674	24	24	0	2	1	10	4	1	5000	2500	1	0.99	14	10000	101216	0.614	0.9943	0.791929542729248	-4.52193095605979	0.800917368223026	5.98001333360129	10.5019442896611	1.38487971345491	0.291465885073109	1.38590356599859	2.47195290947899	2.18048702440588	0.579647917561185	1.11660196537131	-10.4581983290061	0.980191753340793	12.1315397161474	22.5897380451535	0.0684	0.9909	2.98624836674678	0.508838270212007	2.97419273484298	5.45222937164795	4.94339110143594	0	NA	NA	NA	NA	NA	NA	1	-0.321692544593881	0.103486093247286	1	0.271257626131779	0.0735806997346481	1	-1.09539598617384	1.19989236652576	1	0.774250415201631	0.599463705439898	1.00120851670938	4382.21725468833	0	1.00223965905035	11818.3903225134	0	NA	NA	NA	NA	NA	NA	NA	NA
213	7	7	benefit_positive_truncnorm	benefit_positive_truncnorm	continuous	1	waning	benefit	1	1	NA	2.34152604328908	5.05652349475883	1000	360	600	1000	1000	360	698	0.64	0.302	7.07806485291565	24	24	0	2	1	10	4	1	5000	2500	1	0.99	14	10000	101212	0.6591	1	1.01627251881496	-3.88403129751275	1.04295724098167	5.67414515576156	9.55817645327431	2.38157454622755	1.29498097957157	2.38124244859095	3.46222409580922	2.16724311623764	0.577835554111147	1.02988684412763	-9.98301847574755	0.958274429856331	11.6096818765439	21.5927003522915	0.0769	0.9998	4.82207352262075	1.84641113063805	4.98248417296504	7.44281821238578	5.59640708174773	0	NA	NA	NA	NA	NA	NA	1	-1.32525352447412	1.75629690413109	1	0.0400485029384647	0.00160388258761222	1	-4.0266366506312	16.2138027162064	1	-0.234449972138081	0.0549667894355469	1.00117105662429	3885.69117627961	0	1.0015325212611	11126.8400065718	0	NA	NA	NA	NA	NA	NA	NA	NA
194	7	7	benefit_positive_truncnorm	benefit_positive_truncnorm	continuous	1	waning	benefit	1	1	NA	2.22628952202437	4.36777278062396	1000	360	600	1000	1000	360	720	0.64	0.28	6.64363833359433	24	24	0	2	1	10	4	1	5000	2500	1	0.99	14	10000	101193	0.741	0.9999	1.75303015399383	-3.60122702564904	1.77980349620523	6.82662122733144	10.4278482529805	2.75353642936501	1.67458630556867	2.75730282766629	3.81181099972175	2.13722469415308	0.678843226788432	2.44213688421431	-8.8524144673039	2.32270423620374	13.0015167420858	21.8539312093897	0.0802	0.9999	5.72314969554931	3.32668202382529	5.78707664824532	8.01410850643108	4.6874264826058	0	NA	NA	NA	NA	NA	NA	1	-0.47325936803054	0.223974429428666	1	0.52724690734064	0.277989301300269	1	-1.92563589640965	3.7080736055414	1	1.35537691492536	1.83704658151258	1.0013465139528	4525.6868165686	0	1.00205780736121	13114.8832216982	0	NA	NA	NA	NA	NA	NA	NA	NA
218	7	7	benefit_positive_truncnorm	benefit_positive_truncnorm	continuous	1	waning	benefit	1	1	NA	2.74722083433977	5.45769806552802	1000	360	600	1000	1000	360	702	0.64	0.298	7.39099483206459	24	24	0	2	1	10	4	1	5000	2500	1	0.99	14	10000	101217	0.7331	1	1.55090804201551	-3.40098194716099	1.57093768291216	6.34807564110401	9.749057588265	2.1997737018697	1.11477035043426	2.19935676146941	3.26216904130457	2.14739869087031	0.655621944595329	2.00999208077195	-8.62521717835919	1.94959659301079	12.0612595724503	20.6864767508095	0.0795	0.9994	3.95376379317733	1.51255759064532	3.94287055517133	6.41933955941903	4.90678196877372	0	NA	NA	NA	NA	NA	NA	1	-1.19631279232427	1.43116429707869	1	-0.547447132470079	0.299698362849713	1	-3.44770598475608	11.8866765573229	1	-1.5039342723507	2.26181829555102	1.00203032561976	4576.10548798319	0	1.00180072566515	14679.6390014773	0	NA	NA	NA	NA	NA	NA	NA	NA
167	7	7	benefit_positive_truncnorm	benefit_positive_truncnorm	continuous	1	waning	benefit	1	1	NA	2.45062492413358	4.93148607752481	1000	360	600	1000	1000	360	711	0.64	0.289	6.89289576101555	24	24	0	2	1	10	4	1	5000	2500	1	0.99	14	10000	101166	0.5985	0.9997	0.664234334575446	-4.78804184773942	0.683986318844883	6.02666789636251	10.8147097441019	1.99260189386314	0.904802394558255	1.99066017635647	3.10009250864445	2.19529011408619	0.546086201281077	0.651841674151492	-10.7102671464329	0.636574879216642	12.1366798392727	22.8469469857056	0.0789	0.9997	3.66120967025412	1.70327474320164	3.59098138662038	6.15255164856867	4.44927690536704	0	NA	NA	NA	NA	NA	NA	1	-1.78639058955814	3.19119133846186	1	-0.458023030270445	0.209785096258121	1	-4.27964440337331	18.3153562193245	1	-1.27027640727069	1.61360215086852	1.00149990905466	4363.73928422942	0	1.00162384953342	11909.1478548439	0	NA	NA	NA	NA	NA	NA	NA	NA
330	7	7	benefit_positive_truncnorm	benefit_positive_truncnorm	continuous	1	waning	benefit	1	1	NA	2.27099141804961	4.93648551781573	1000	360	600	1000	1000	360	690	0.64	0.31	7.60539616773499	24	24	0	2	1	10	4	1	5000	2500	1	0.99	14	10000	101329	0.8053	1	2.20196844145332	-2.74305426783409	2.19656683107061	7.06332694388527	9.80638121171936	2.89380297099377	1.82304570768853	2.89077628314756	3.95497951539347	2.13193380770495	0.697169705783645	2.65607051238214	-7.75851364613073	2.46739436417537	12.7132660170415	20.4717796631722	0.1061	1	5.91101458489503	3.06748522322073	5.93274254237252	8.71798152689617	5.65049630367544	0	NA	NA	NA	NA	NA	NA	1	-0.0690229765962891	0.00476417129821187	1	0.622811552944161	0.387894230480717	1	-2.28041500543359	5.20029259700667	1	0.974529067079303	0.949706902582456	1.0011046910151	4822.49433225641	0	1.00128584635727	12031.5734167623	0	NA	NA	NA	NA	NA	NA	NA	NA
95	7	7	benefit_positive_truncnorm	benefit_positive_truncnorm	continuous	1	waning	benefit	1	1	NA	1.78594999960191	3.65421721163962	1000	360	600	1000	1000	360	692	0.64	0.308	7.30776110676796	24	24	0	2	1	10	4	1	5000	2500	1	0.99	14	10000	101094	0.5795	0.999	0.494618782926663	-4.40436921377928	0.492107566847107	5.31373630506517	9.71810551884445	1.80679379710534	0.709646577424207	1.81413726445849	2.87832093102425	2.16867435360004	0.542462501348872	0.578903068033265	-10.2781635893513	0.501046961752994	11.0562877685685	21.3344513579198	0.0733	0.9992	3.79604634200187	1.43401610459436	3.68944124322236	6.95397586265697	5.5199597580626	0	NA	NA	NA	NA	NA	NA	1	-1.29133121667525	1.66753631115999	1	0.0208437975034297	0.000434463894363982	1	-3.07531414360636	9.45755708186529	1	0.141829130362245	0.0201155022193108	1.00155687362547	4644.36451081281	0	1.00142550030523	12181.7745456852	0	NA	NA	NA	NA	NA	NA	NA	NA
204	7	7	benefit_positive_truncnorm	benefit_positive_truncnorm	continuous	1	waning	benefit	1	1	NA	2.64087029609218	5.718570850084	1000	360	600	1000	1000	360	694	0.64	0.306	7.31078405681241	24	24	0	2	1	10	4	1	5000	2500	1	0.99	14	10000	101203	0.7947	1	2.14397871076887	-2.92385678640981	2.18736295929861	7.03881026355679	9.9626670499666	2.72404171479607	1.67242381911749	2.73119911235987	3.7783413960691	2.10591757695161	0.713477537437604	2.91606903922926	-7.58351762021977	2.7679258858088	12.9756224319467	20.5591400521665	0.0985	1	4.86470513240756	2.67897858565372	4.86749689923553	7.0349471581993	4.35596857254558	0	NA	NA	NA	NA	NA	NA	1	-0.496891585323313	0.246901247565115	1	0.0831714187038903	0.00691748488921784	1	-2.80250181085474	7.85401639984412	1	-0.853865717676442	0.729086663823105	1.00179067586092	4303.2498553401	0	1.00121730013045	11147.5453698581	0	NA	NA	NA	NA	NA	NA	NA	NA
89	7	7	benefit_positive_truncnorm	benefit_positive_truncnorm	continuous	1	waning	benefit	1	1	NA	1.92266485307271	3.51358012844734	1000	360	600	1000	1000	360	695	0.64	0.305	7.45983694768876	24	24	0	2	1	10	4	1	5000	2500	1	0.99	14	10000	101088	0.6936	0.9996	1.31304376096032	-3.75056955144452	1.30502431905559	6.25371682782077	10.0042863792653	1.78300374458875	0.709878353331215	1.7843932820607	2.8578541500179	2.14797579668669	0.606568216883403	1.4544457952987	-9.25377335064451	1.35489926837618	12.0172650401572	21.2710383908017	0.0926	0.9967	3.36841415334454	0.898691305036909	3.34177480513079	5.99621296846261	5.0975216634257	0	NA	NA	NA	NA	NA	NA	1	-0.60962109211238	0.371637875948291	1	-0.139661108483959	0.0195052252229682	1	-2.05913433314864	4.24003420195149	1	-0.145165975102801	0.0210731603275471	1.00128230261175	4574.03022422826	0	1.00185598910878	8461.68773734116	0	NA	NA	NA	NA	NA	NA	NA	NA
171	7	7	benefit_positive_truncnorm	benefit_positive_truncnorm	continuous	1	waning	benefit	1	1	NA	1.84175839402227	3.59154599004353	1000	360	600	1000	1000	360	718	0.64	0.282	6.95369105932833	24	24	0	2	1	10	4	1	5000	2500	1	0.99	14	10000	101170	0.6699	0.9992	1.20927252937391	-4.21522286813365	1.22113798742901	6.49859920506834	10.713822073202	1.74831207804931	0.657409136467375	1.74605285837288	2.84794350742473	2.19053437095735	0.583315086490037	1.16202458140494	-10.1370897490078	1.09739045058994	12.2316436622693	22.368733411277	0.0866	0.9992	3.21174600563199	1.27565709765747	3.2237307729768	5.03591484466555	3.76025774700808	0	NA	NA	NA	NA	NA	NA	1	-0.632485864648367	0.400038368979993	1	-0.0934463159729619	0.00873221396891864	1	-2.42952140863859	5.90257427503324	1	-0.379799984411534	0.144248028159001	1.00136836300758	4511.90109800711	0	1.00176298455483	12787.8733216619	0	NA	NA	NA	NA	NA	NA	NA	NA
142	7	7	benefit_positive_truncnorm	benefit_positive_truncnorm	continuous	1	waning	benefit	1	1	NA	1.47864441882562	2.90010223534725	1000	360	600	1000	1000	360	720	0.64	0.28	6.42091194283389	24	24	0	2	1	10	4	1	5000	2500	1	0.99	14	10000	101141	0.5609	0.7732	0.39358065359333	-4.86720917787619	0.404707328064089	5.59964852330108	10.4668577011773	0.426940135531305	-0.683643515889745	0.426891200880893	1.53289783897644	2.21654135486618	0.530365659777424	0.382242870508663	-10.8912937476157	0.327810619512794	11.7145901008394	22.6058838484551	0.0565	0.8471	1.39776380789488	-1.17911283232947	1.42666241589255	3.87614252687829	5.05525535920776	0	NA	NA	NA	NA	NA	NA	1	-1.08506376523229	1.17736337462008	1	-1.05170428329432	1.10608189949961	1	-2.51785936483859	6.33961578110539	1	-1.50233842745238	2.25702075060008	1.00212535706104	4274.52134050103	0	1.00148050729098	10918.0558489781	0	NA	NA	NA	NA	NA	NA	NA	NA
191	7	7	benefit_positive_truncnorm	benefit_positive_truncnorm	continuous	1	waning	benefit	1	1	NA	2.28827089543242	4.64074869003181	1000	360	600	1000	1000	360	726	0.64	0.274	6.92877141342542	24	24	0	2	1	10	4	1	5000	2500	1	0.99	14	10000	101190	0.7364	1	1.74508189957361	-3.53661429765852	1.76128803290141	7.08585216181532	10.6224664594738	2.49054662790169	1.42576283349748	2.49920935886328	3.55388584147716	2.12812300797968	0.650605060506051	2.04951569660382	-9.4695939395207	1.92946994284393	12.8756438417574	22.3452377812781	0.091	1	4.63574059834874	2.18084830023798	4.63751065198448	7.21046444801677	5.02961614777879	0	NA	NA	NA	NA	NA	NA	1	-0.543188995858811	0.295054285222103	1	0.202275732469267	0.0409154719459784	1	-2.59123299342799	6.7144884262298	1	-0.0050080916830737	2.5080982306072e-05	1.00111925959	4375.87842619944	0	1.00193731200175	15368.3670043815	0	NA	NA	NA	NA	NA	NA	NA	NA
140	7	7	benefit_positive_truncnorm	benefit_positive_truncnorm	continuous	1	waning	benefit	1	1	NA	1.85167719420248	3.93626284220993	1000	360	600	1000	1000	360	743	0.64	0.257	7.25158077120914	24	24	0	2	1	10	4	1	5000	2500	1	0.99	14	10000	101139	0.7089	0.9999	1.36578347320549	-3.60659628699703	1.4538438793609	6.11977100134863	9.72636728834565	2.34915397960628	1.29641965282968	2.35523316596901	3.38547542148478	2.0890557686551	0.674378564510922	2.19797742792601	-8.15176681204271	1.99386106561046	12.436120584968	20.5878873970107	0.0707	0.9994	4.09900761318122	1.66655340536213	4.13105626846276	6.47959461260565	4.81304120724351	0	NA	NA	NA	NA	NA	NA	1	-0.485893720996985	0.236092708104296	1	0.497476785403804	0.247483152015702	1	-1.73828541428391	3.02163618151219	1	0.162744770971296	0.0264858604784995	1.00160518731119	4485.98763217291	0	1.00158251553878	13583.4037310905	0	NA	NA	NA	NA	NA	NA	NA	NA
60	7	7	benefit_positive_truncnorm	benefit_positive_truncnorm	continuous	1	waning	benefit	1	1	NA	2.1508697715599	4.40748863129832	1000	360	600	1000	1000	360	714	0.64	0.286	7.33365000679573	24	24	0	2	1	10	4	1	5000	2500	1	0.99	14	10000	101059	0.7648	1	1.90045406479396	-3.09496060074096	1.98300830596986	6.73543082728827	9.83039142802923	2.5843549525867	1.50760213730423	2.58826778499786	3.67446480712168	2.16686266981744	0.699977890780455	2.62526827159604	-8.36677943463631	2.56010704027103	12.6362705048463	21.0030499394826	0.0954	0.9999	4.89013312774705	2.3892170148672	4.88347964502212	7.52080568541538	5.13158867054818	0	NA	NA	NA	NA	NA	NA	1	-0.250415706765944	0.0627080261950871	1	0.433485181026799	0.187909402169836	1	-1.78222035970229	3.17630941053735	1	0.482644496448722	0.23294570995224	1.00151609686424	4569.03062569898	0	1.00183501548702	11287.9325479477	0	NA	NA	NA	NA	NA	NA	NA	NA
261	7	7	benefit_positive_truncnorm	benefit_positive_truncnorm	continuous	1	waning	benefit	1	1	NA	1.65893833569662	3.13714041359817	1000	360	600	1000	1000	360	711	0.64	0.289	7.54612957109972	24	24	0	2	1	10	4	1	5000	2500	1	0.99	14	10000	101260	0.8015	1	2.12892851438216	-2.7528957717586	2.19006451860437	6.85003948681198	9.60293525857058	2.4028772997983	1.35135178371762	2.40318753162265	3.44812241012179	2.09677062640417	0.708435891698367	2.83921683364551	-7.90771855284719	2.78445044454769	12.9043928502023	20.8121114030495	0.1062	1	5.16841121293727	2.89024258879604	5.14699990740321	7.55955423096957	4.66931164217352	0	NA	NA	NA	NA	NA	NA	1	0.469990178685543	0.220890768060869	1	0.743938964101677	0.553445182308676	1	-0.297923579952656	0.0887584594918066	1	2.03127079933911	4.12606106024773	1.00155216212956	4662.44248885517	0	1.0017251898127	12763.4490644038	0	NA	NA	NA	NA	NA	NA	NA	NA
83	7	7	benefit_positive_truncnorm	benefit_positive_truncnorm	continuous	1	waning	benefit	1	1	NA	2.06734451022457	3.73423352394846	1000	360	600	1000	1000	360	718	0.64	0.282	7.01597015058568	24	24	0	2	1	10	4	1	5000	2500	1	0.99	14	10000	101082	0.7207	1	1.50298215144177	-3.4295219126776	1.52857961955428	6.32317609206891	9.75269800474651	2.59630079753279	1.54430234406159	2.60261954535048	3.63696374501751	2.09266140095592	0.712353187919463	2.45966702326159	-7.989022820983	2.13304093584348	13.141077835486	21.130100656469	0.0464	0.9992	3.91895967239316	2.00416057721947	3.8706007811485	6.13759567073389	4.13343509351442	0	NA	NA	NA	NA	NA	NA	1	-0.564362358782799	0.318504872010885	1	0.528956287308215	0.279794753882891	1	-1.27456650068687	1.62451976467316	1	0.184726148444704	0.034123749919215	1.0019460712461	4556.98946893634	0	1.00161731957432	12205.7312345753	0	NA	NA	NA	NA	NA	NA	NA	NA
188	7	7	benefit_positive_truncnorm	benefit_positive_truncnorm	continuous	1	waning	benefit	1	1	NA	1.68060288575531	2.98910379523033	1000	360	600	1000	1000	360	712	0.64	0.288	6.85973839948636	24	24	0	2	1	10	4	1	5000	2500	1	0.99	14	10000	101187	0.5968	0.9975	0.677582599499018	-4.61722249569266	0.698489386900683	5.95260270180133	10.569825197494	1.54380800704118	0.45616909078453	1.54555484470388	2.61408953721539	2.15792044643086	0.545710267229255	0.62725905113453	-10.419622060245	0.583642988978212	11.9253336046102	22.3449556648552	0.0757	0.9867	2.20947290335315	0.286318118976629	2.20832498947624	4.17278758084675	3.88646946187012	0	NA	NA	NA	NA	NA	NA	1	-1.00302028625629	1.00604969464165	1	-0.136794878714131	0.0187128388424138	1	-2.3618447440958	5.57831059521297	1	-0.779630891877186	0.607824327569216	1.00153941705808	4620.87012345803	0	1.00150701174289	9595.00171201163	0	NA	NA	NA	NA	NA	NA	NA	NA
238	7	7	benefit_positive_truncnorm	benefit_positive_truncnorm	continuous	1	waning	benefit	1	1	NA	2.19232082260332	4.00380479619783	1000	360	600	1000	1000	360	701	0.64	0.299	7.1573237796441	24	24	0	2	1	10	4	1	5000	2500	1	0.99	14	10000	101237	0.6481	0.9961	0.958163532056083	-3.99982744637317	0.971190007236995	5.8465187808957	9.84634622726887	1.53777883232355	0.447782700255066	1.53836486648851	2.61050393453639	2.16272123428132	0.594975423265975	1.23059538328214	-9.67325057750043	1.13196031579906	11.6956848995462	21.3689354770467	0.0845	0.9932	3.11821306562385	0.666901041925596	3.14990567956575	5.35825311524179	4.69135207331619	0	NA	NA	NA	NA	NA	NA	1	-1.23415729054724	1.5231442178109	1	-0.654541990279768	0.4284252170394	1	-2.7732094129157	7.69069044788423	1	-0.885591730573979	0.784272713261016	1.0014759836514	4334.94556008421	0	1.00280689695933	11809.0031982386	0	NA	NA	NA	NA	NA	NA	NA	NA
131	7	7	benefit_positive_truncnorm	benefit_positive_truncnorm	continuous	1	waning	benefit	1	1	NA	2.68038111993903	5.83170521845963	1000	360	600	1000	1000	360	693	0.64	0.307	7.69920533788546	24	24	0	2	1	10	4	1	5000	2500	1	0.99	14	10000	101130	0.7602	1	1.80977101291484	-3.37696815217344	1.87735592985445	6.68686510410683	10.0638332562803	2.87025673169107	1.8153164125258	2.87566490770361	3.89340594383829	2.07808953131249	0.655268745111186	2.09228952146961	-8.81409972820611	1.99575491592721	12.4806224186627	21.2947221468688	0.1051	1	5.39102554360124	2.72242731035615	5.36676630264755	8.1274173000659	5.40498998970975	0	NA	NA	NA	NA	NA	NA	1	-0.870610107024185	0.757961958452663	1	0.189875611752037	0.0360527479382104	1	-3.73941569699003	13.9832297548954	1	-0.440679674858396	0.194198575833302	1.00153692803076	4791.37361215278	0	1.00174767943654	11671.308231185	0	NA	NA	NA	NA	NA	NA	NA	NA
260	7	7	benefit_positive_truncnorm	benefit_positive_truncnorm	continuous	1	waning	benefit	1	1	NA	1.76833919480874	3.38618974622056	1000	360	600	1000	1000	360	706	0.64	0.294	7.13786279522156	24	24	0	2	1	10	4	1	5000	2500	1	0.99	14	10000	101259	0.5414	0.9515	0.230582979004586	-4.46670632152374	0.232634095094617	4.94071218764018	9.40741850916392	0.938397348820174	-0.171190175927867	0.94320566934904	2.03287593165627	2.20406610758414	0.495699601426474	-0.0498287427582979	-10.3848526330954	-0.0389770902232822	10.1892381409074	20.5740907740028	0.0466	0.8769	1.63326192911868	-1.20988214639174	1.71124941245433	4.17894009998857	5.38882224638031	0	NA	NA	NA	NA	NA	NA	1	-1.53775621580416	2.36469417924432	1	-0.829941845988566	0.688803467722909	1	-3.43601848897886	11.8062230566046	1	-1.75292781710188	3.07275593196958	1.00131160109777	4472.88514049566	0	1.00175646979775	12761.7081778801	0	NA	NA	NA	NA	NA	NA	NA	NA
173	7	7	benefit_positive_truncnorm	benefit_positive_truncnorm	continuous	1	waning	benefit	1	1	NA	2.04417812343128	4.47157801638945	1000	360	600	1000	1000	360	698	0.64	0.302	7.02039652221468	24	24	0	2	1	10	4	1	5000	2500	1	0.99	14	10000	101172	0.6841	1	1.26234464529734	-3.66402356862568	1.26223619566766	6.22683386233933	9.89085743096501	2.88752829048075	1.84024829212463	2.89523833482412	3.95570814435822	2.11545985223359	0.56642446589307	0.978481333873157	-9.94536454887543	0.803389853076554	11.7065609889762	21.6519255378516	0.0779	1	5.64223961199645	3.15472325553914	5.65701248982708	8.04441088892035	4.8896876333812	0	NA	NA	NA	NA	NA	NA	1	-0.781833478133938	0.611263587531011	1	0.84335016704947	0.711239504262369	1	-3.49309668251629	12.2017244334063	1	1.170661595607	1.37044857142913	1.00126675243434	4564.78142432645	0	1.00127646495249	10477.4771027217	0	NA	NA	NA	NA	NA	NA	NA	NA
246	7	7	benefit_positive_truncnorm	benefit_positive_truncnorm	continuous	1	waning	benefit	1	1	NA	1.74851163993267	3.49098209836835	1000	360	600	1000	1000	360	725	0.64	0.275	6.87121367867268	24	24	0	2	1	10	4	1	5000	2500	1	0.99	14	10000	101245	0.6782	0.9999	1.2837293324824	-3.98754957297877	1.29098973754642	6.62471392076451	10.6122634937433	1.94359773277735	0.875479892611966	1.94466096078313	3.00148041294845	2.12600052033648	0.595408107217401	1.37838794424337	-9.94884135518485	1.22872354598124	12.7254762747693	22.6743176299542	0.0897	0.9931	3.19062233094025	0.609855277749955	3.19240617744169	5.9285802376118	5.31872495986184	0	NA	NA	NA	NA	NA	NA	1	-0.464782307450265	0.216022593318793	1	0.195086092844687	0.038058583621406	1	-2.11259415412498	4.46305406004303	1	-0.300359767428095	0.0902159898894591	1.00142640154524	4589.74150179277	0	1.00192194791966	11911.9769080474	0	NA	NA	NA	NA	NA	NA	NA	NA
175	7	7	benefit_positive_truncnorm	benefit_positive_truncnorm	continuous	1	waning	benefit	1	1	NA	1.75896910017107	3.17697011321254	1000	360	600	1000	1000	360	707	0.64	0.293	7.20578446908877	24	24	0	2	1	10	4	1	5000	2500	1	0.99	14	10000	101174	0.6778	1	1.15808473818746	-3.76949073484004	1.1621078206135	6.05826263452217	9.8277533693622	2.25716133097822	1.16898247427746	2.26684020857601	3.31321565311739	2.14423317883993	0.594038942673774	1.21656475777945	-9.62912574513273	1.10592921613965	11.8109352742959	21.4400610194287	0.0807	0.9918	2.95473798140248	0.554282880389399	2.94022822256163	5.42086703952238	4.86658415913298	0	NA	NA	NA	NA	NA	NA	1	-0.600884361983606	0.361062016476445	1	0.498192230807157	0.248195498836612	1	-1.96040535543309	3.84318915761073	1	-0.222232131810054	0.0493871204088414	1.00137843225085	4719.73955918677	0	1.00216919784044	11701.9958088968	0	NA	NA	NA	NA	NA	NA	NA	NA
172	7	7	benefit_positive_truncnorm	benefit_positive_truncnorm	continuous	1	waning	benefit	1	1	NA	2.587699610644	5.36049127185051	1000	360	600	1000	1000	360	721	0.64	0.279	7.12728019843453	24	24	0	2	1	10	4	1	5000	2500	1	0.99	14	10000	101171	0.8075	1	2.20443749464281	-2.75245586968452	2.28711650035854	6.86948905885406	9.62194492853858	2.8459363260812	1.77479712070929	2.84809103303078	3.88145659260104	2.10665947189176	0.779030316296377	3.60648817392936	-6.59576824625218	3.41181475690278	13.3827916033941	19.9785598496463	0.0863	1	4.55403927832914	2.44116573662915	4.55009517302877	6.74732456831478	4.30615883168563	0	NA	NA	NA	NA	NA	NA	1	-0.383262116001194	0.146889849561713	1	0.258236715437203	0.0666862011997947	1	-1.75400309792115	3.07652686751701	1	-0.806451993521372	0.650364817854595	1.00241195042315	4014.64309675647	0	1.00174918079498	10485.4487278645	0	NA	NA	NA	NA	NA	NA	NA	NA
88	7	7	benefit_positive_truncnorm	benefit_positive_truncnorm	continuous	1	waning	benefit	1	1	NA	1.54282004988854	2.67040166526406	1000	360	600	1000	1000	360	712	0.64	0.288	6.50169730889176	24	24	0	2	1	10	4	1	5000	2500	1	0.99	14	10000	101087	0.5779	0.9819	0.517578664064188	-4.52939266152419	0.509400706026204	5.6681839021255	10.1975765636497	1.15345265977811	0.0847268490867631	1.16098004972496	2.19603225607332	2.11130540698655	0.536525278491859	0.571573207271475	-10.7452150634383	0.500387716461113	11.6818552704524	22.4270703338907	0.0664	0.8835	1.9668869370681	-1.07114744710496	1.99026044770802	5.09848751971119	6.16963496681615	0	NA	NA	NA	NA	NA	NA	1	-1.02524138582435	1.05111989920704	1	-0.389367390110429	0.151606964481407	1	-2.09882845799258	4.40508089607952	1	-0.703514728195956	0.49493297278863	1.00161901695514	4086.88164838389	0	1.00216002749572	12442.3754670886	0	NA	NA	NA	NA	NA	NA	NA	NA
143	7	7	benefit_positive_truncnorm	benefit_positive_truncnorm	continuous	1	waning	benefit	1	1	NA	2.07274049238009	4.00469974535856	1000	360	600	1000	1000	360	684	0.64	0.316	7.40016625705066	24	24	0	2	1	10	4	1	5000	2500	1	0.99	14	10000	101142	0.7463	0.9993	1.62524894831906	-3.37567682006737	1.67159796942481	6.47908248505419	9.85475930512156	1.87609491810412	0.823142202382151	1.86659572996111	2.94715106589413	2.12400886351198	0.67045203969129	2.2664572458651	-8.42362889985109	2.16176837539925	12.3997250404878	20.8233539403389	0.093	0.9996	4.79966729294195	2.56348150620864	4.78740866073879	7.03371947975129	4.47023797354264	0	NA	NA	NA	NA	NA	NA	1	-0.447491544061022	0.200248682006118	1	-0.196645574275967	0.0386694818823247	1	-1.73824249949346	3.02148698704527	1	0.794967547583388	0.631973401710747	1.00116657508893	4382.57676204773	0	1.00142618830432	10964.442867142	0	NA	NA	NA	NA	NA	NA	NA	NA
201	7	7	benefit_positive_truncnorm	benefit_positive_truncnorm	continuous	1	waning	benefit	1	1	NA	2.11350981527618	4.57087703027776	1000	360	600	1000	1000	360	730	0.64	0.27	7.43104515405085	24	24	0	2	1	10	4	1	5000	2500	1	0.99	14	10000	101200	0.6727	0.9987	1.07973040342604	-3.93741012811595	1.10355066821822	5.92733295831643	9.86474308643238	1.66374799649067	0.623901841890118	1.66650223714985	2.69521728174439	2.07131543985427	0.614834378782877	1.52092640788544	-9.48422001574957	1.4215765875492	12.2785602745683	21.7627802903179	0.0913	0.9999	3.71198416861395	1.52723883504469	3.71272142007261	5.93728226356167	4.41004342851698	0	NA	NA	NA	NA	NA	NA	1	-1.03377941185014	1.06869987236522	1	-0.449761818785504	0.202285693637245	1	-3.04995062239232	9.30219879903132	1	-0.858892861663813	0.737696947817054	1.00177391569183	4545.35922694555	0	1.00279184067384	12719.3226143916	0	NA	NA	NA	NA	NA	NA	NA	NA
247	7	7	benefit_positive_truncnorm	benefit_positive_truncnorm	continuous	1	waning	benefit	1	1	NA	2.00801971755598	3.95471694266647	1000	360	600	1000	1000	360	726	0.64	0.274	7.45762349956433	24	24	0	2	1	10	4	1	5000	2500	1	0.99	14	10000	101246	0.7368	0.9999	1.59354615011204	-3.34520206199502	1.64128228462049	6.34794303503115	9.69314509702617	2.07095955255572	1.02089100546401	2.07000982109686	3.11362628020608	2.09273527474207	0.654863387978142	2.0606504691759	-8.65864629263704	1.93332766575622	12.26726281021	20.925909102847	0.085	0.9965	3.78608182436984	1.1616108491289	3.85289856581865	6.06203541303404	4.90042456390514	0	NA	NA	NA	NA	NA	NA	1	-0.414473567443939	0.171788338109705	1	0.0629398349997423	0.00396142282979479	1	-1.89406647349057	3.58748780600101	1	-0.168635118296633	0.0284378031229194	1.00266767318855	4688.32956365743	0	1.00289551535761	12827.4482715356	0	NA	NA	NA	NA	NA	NA	NA	NA
174	7	7	benefit_positive_truncnorm	benefit_positive_truncnorm	continuous	1	waning	benefit	1	1	NA	2.27928401113824	3.82106330881164	1000	360	600	1000	1000	360	723	0.64	0.277	7.36694492294864	24	24	0	2	1	10	4	1	5000	2500	1	0.99	14	10000	101173	0.8492	1	2.65259944734984	-2.45361383846967	2.69963436755641	7.46485320220437	9.91846704067405	2.79164481959964	1.75687887430465	2.79746400420159	3.81435578834641	2.05747691404176	0.833222370173103	4.42067537453359	-5.25587242637745	4.16371259727457	13.9717501164452	19.2276225428227	0.0988	0.9999	3.76236105662382	1.90450524782955	3.66200177123527	6.21617563662561	4.31167038879606	0	NA	NA	NA	NA	NA	NA	1	0.373315436211604	0.139364414913861	1	0.512360808461401	0.26251359804722	1	0.599612065721954	0.359534629359348	1	-0.0587022521878198	0.00344595441192239	1.00165527322369	4648.82141648494	0	1.00141660553392	11597.9305185988	0	NA	NA	NA	NA	NA	NA	NA	NA
132	7	7	benefit_positive_truncnorm	benefit_positive_truncnorm	continuous	1	waning	benefit	1	1	NA	1.8528013522564	3.45618471403814	1000	360	600	1000	1000	360	700	0.64	0.3	7.05471516116574	24	24	0	2	1	10	4	1	5000	2500	1	0.99	14	10000	101131	0.6551	0.9998	0.952432261568038	-3.57984558846827	0.936078622882447	5.61749528181593	9.1973408702842	2.07532765102468	0.962825256008139	2.08210805545167	3.16099562927543	2.19817037326729	0.607570332480818	1.16028629523762	-8.81764370105749	0.825381526551483	11.5736314709628	20.3912751720203	0.0225	0.9963	3.36821351651978	0.782981156533559	3.37249444177628	5.86957243377332	5.08659127723976	0	NA	NA	NA	NA	NA	NA	1	-0.900369090688362	0.810664499466987	1	0.222526298768281	0.0495179536435103	1	-2.29589841880051	5.27114954945069	1	-0.0879711975183537	0.0077389315928132	1.0014953635412	4524.98649118291	0	1.00167026550486	10590.599079216	0	NA	NA	NA	NA	NA	NA	NA	NA
271	7	7	benefit_positive_truncnorm	benefit_positive_truncnorm	continuous	1	waning	benefit	1	1	NA	2.01985758765617	4.26828852054763	1000	360	600	1000	1000	360	698	0.64	0.302	6.91335479050836	24	24	0	2	1	10	4	1	5000	2500	1	0.99	14	10000	101270	0.6999	1	1.38398328634263	-4.1374604639884	1.44826735707527	6.60927952208056	10.746739986069	2.19157075050063	1.09368827350255	2.18761706302626	3.28552859619778	2.19184032269523	0.625315344959965	1.78907533733317	-9.45347586238883	1.71330742983273	12.6067620764273	22.0602379388162	0.0883	0.9984	4.43697071908516	1.44568730372789	4.43280652088118	7.49159804175625	6.04591073802836	0	NA	NA	NA	NA	NA	NA	1	-0.635874301313545	0.40433612707099	1	0.171713162844456	0.0294854102940467	1	-2.47921318321446	6.1464980078244	1	0.168682198537526	0.0284536841034535	1.00126382089563	4427.32238848657	0	1.00212294367491	12722.6744271244	0	NA	NA	NA	NA	NA	NA	NA	NA
341	7	7	benefit_positive_truncnorm	benefit_positive_truncnorm	continuous	1	waning	benefit	1	1	NA	1.89496024628188	3.79326026602819	1000	360	600	1000	1000	360	710	0.64	0.29	6.95709582305209	24	24	0	2	1	10	4	1	5000	2500	1	0.99	14	10000	101340	0.6731	0.9993	1.16352486557029	-4.27170655772067	1.20174085535464	6.36098170001984	10.6326882577405	1.78051421746889	0.696240057501208	1.7868159426988	2.85686342774525	2.16062337024405	0.599716497655654	1.38231393727222	-10.1063253218657	1.30060258161142	12.4706520800856	22.5769774019512	0.0829	0.9932	3.47266771023002	0.679070404457455	3.56071260754596	6.00107699420559	5.32200658974813	0	NA	NA	NA	NA	NA	NA	1	-0.731435380711591	0.53499771615671	1	-0.114446028812992	0.0130978935110643	1	-2.41094632875597	5.81266220014188	1	-0.320592555798171	0.102779586833203	1.00118553360735	4394.12890507884	0	1.00142538716668	11913.4620164901	0	NA	NA	NA	NA	NA	NA	NA	NA
342	7	7	benefit_positive_truncnorm	benefit_positive_truncnorm	continuous	1	waning	benefit	1	1	NA	1.86895230088889	3.70506398406482	1000	360	600	1000	1000	360	712	0.64	0.288	6.94840626526355	24	24	0	2	1	10	4	1	5000	2500	1	0.99	14	10000	101341	0.5914	0.9636	0.608365791169198	-4.75454152365576	0.644291087337198	5.88188624737824	10.636427771034	0.991097198278522	-0.104184625509656	0.992547419274854	2.06681155492072	2.17099618043037	0.546016930757543	0.617245161289418	-10.6586152375348	0.579794905691247	11.7246928633349	22.3833081008697	0.0786	0.8943	1.45705439734698	-0.723243298998138	1.35958388331177	4.06237150787775	4.78561480687589	0	NA	NA	NA	NA	NA	NA	1	-1.26058650971969	1.58907834848727	1	-0.877855102610365	0.770629581179055	1	-3.0878188227754	9.53462508228606	1	-2.24800958671783	5.05354710197529	1.00150008435205	4324.78780392813	0	1.00170126071443	8371.10864525211	0	NA	NA	NA	NA	NA	NA	NA	NA
190	7	7	benefit_positive_truncnorm	benefit_positive_truncnorm	continuous	1	waning	benefit	1	1	NA	1.48491886007311	2.92736213059953	1000	360	600	1000	1000	360	712	0.64	0.288	7.03037413325719	24	24	0	2	1	10	4	1	5000	2500	1	0.99	14	10000	101189	0.5076	0.9567	0.0972105530229077	-4.77534779905046	0.0517794622869037	5.10196892959777	9.87731672864823	0.944792254095617	-0.152615592717071	0.952658468736447	2.03199652974113	2.1846121224582	0.412076271186441	-0.976694507624806	-11.6781054846792	-1.00605333398547	10.1035125843266	21.7816180690058	0.056	0.9109	1.8773836375761	-0.868930286165407	1.99292247647033	4.24987050471159	5.118800790877	0	NA	NA	NA	NA	NA	NA	1	-1.3877083070502	1.92573434545614	1	-0.540126605977495	0.291736750484768	1	-3.90405663822433	15.2416582344635	1	-1.04997849302343	1.10245483581174	1.00144869901004	4485.2571672136	0	1.00150440322344	12257.217106578	0	NA	NA	NA	NA	NA	NA	NA	NA
216	7	7	benefit_positive_truncnorm	benefit_positive_truncnorm	continuous	1	waning	benefit	1	1	NA	2.22519803415519	3.93426113996447	1000	360	600	1000	1000	360	723	0.64	0.277	7.20932894308369	24	24	0	2	1	10	4	1	5000	2500	1	0.99	14	10000	101215	0.7969	1	2.02344739597402	-2.8493179225781	2.1029134361092	6.65279121450224	9.50210913708034	2.84381148572648	1.78588378090169	2.84764123471603	3.87277673024584	2.08689294934415	0.726355748373102	2.88780368818524	-7.51322355081789	2.73710003128282	12.8296756721848	20.3428992230027	0.078	1	4.89589108686499	2.86191729516617	4.86956768854918	7.15083749500517	4.288920199839	0	NA	NA	NA	NA	NA	NA	1	-0.201750638181174	0.0407033200065111	1	0.61861345157129	0.382682602464945	1	-1.04645745177923	1.09507319838428	1	0.961629946900517	0.92473215477589	1.00168408230589	4514.70092748043	0	1.00199413066157	12349.6929922317	0	NA	NA	NA	NA	NA	NA	NA	NA
292	7	7	benefit_positive_truncnorm	benefit_positive_truncnorm	continuous	1	waning	benefit	1	1	NA	1.66130622646697	3.05371495578846	1000	360	600	1000	1000	360	705	0.64	0.295	6.71877033191104	24	24	0	2	1	10	4	1	5000	2500	1	0.99	14	10000	101291	0.665	0.9992	1.14188856985279	-4.24905079555357	1.18290264394673	6.45350342021841	10.702554215772	1.76173125881863	0.656668614023707	1.75503504977914	2.86839271663046	2.21172410260675	0.615476190476191	1.58483263712339	-9.77817648518408	1.51458971922685	12.6108559356283	22.3890324208124	0.076	0.9982	3.76202077505193	1.208338932996	3.76691864441091	6.38093030465462	5.17259137165861	0	NA	NA	NA	NA	NA	NA	1	-0.519417656614178	0.269794702002564	1	0.100425032351659	0.0100851871228318	1	-1.46888231866507	2.15761526608688	1	0.708305819263475	0.501697133602502	1.00148688958862	4370.89430497258	0	1.00189604472143	11357.1497882516	0	NA	NA	NA	NA	NA	NA	NA	NA
215	7	7	benefit_positive_truncnorm	benefit_positive_truncnorm	continuous	1	waning	benefit	1	1	NA	1.92636325660102	3.4726704003042	1000	360	600	1000	1000	360	703	0.64	0.297	7.07206326762679	24	24	0	2	1	10	4	1	5000	2500	1	0.99	14	10000	101214	0.7664	0.9994	1.79575141238732	-3.14215865883027	1.83706891421614	6.40339764375557	9.54555630258584	1.77165840236217	0.673727197007187	1.7769657575115	2.85660666557617	2.18287946856899	0.769976050511648	3.46710002001249	-7.09415957350457	3.36676010711411	13.2587000641629	20.3528596376675	0.0814	0.9954	2.99827740619329	0.759040717114184	2.96900327019666	5.50052095096776	4.74148023385357	0	NA	NA	NA	NA	NA	NA	1	-0.130611844213698	0.0170594538489032	1	-0.154704854238846	0.0239335919250627	1	-0.00557038029171331	3.1029136594308e-05	1	-0.474392994110915	0.225048712861519	1.00204194063095	4163.13564433861	0	1.00121743398106	12412.4144276328	0	NA	NA	NA	NA	NA	NA	NA	NA
262	7	7	benefit_positive_truncnorm	benefit_positive_truncnorm	continuous	1	waning	benefit	1	1	NA	1.82109790135749	3.79601290578461	1000	360	600	1000	1000	360	689	0.64	0.311	7.7230911573036	24	24	0	2	1	10	4	1	5000	2500	1	0.99	14	10000	101261	0.6437	0.9972	0.944917494834318	-4.18830791957142	0.990200978127774	5.96585824994066	10.1541661695121	1.59947630878609	0.506709463159917	1.60182827508682	2.70412141721565	2.19741195405574	0.592414410382636	1.28910892188259	-9.59177589112002	1.20021066443345	11.9743220339657	21.5660979250857	0.1062	0.9984	4.41287352723753	1.47613039096136	4.48700101842764	7.08013749763843	5.60400710667707	0	NA	NA	NA	NA	NA	NA	1	-0.876180406523169	0.767692104775105	1	-0.221621592571396	0.0491161302938821	1	-2.50690398390202	6.28456758450382	1	0.616860621452926	0.380517026299289	1.00080737746119	4639.94092805528	0	1.00249827203365	12677.1028461112	0	NA	NA	NA	NA	NA	NA	NA	NA
31	7	7	benefit_positive_truncnorm	benefit_positive_truncnorm	continuous	1	waning	benefit	1	1	NA	2.90377546018817	5.8546312085045	1000	360	600	1000	1000	360	699	0.64	0.301	8.18118232128679	24	24	0	2	1	10	4	1	5000	2500	1	0.99	14	10000	101030	0.7788	1	1.84542019123698	-3.05954844252353	1.90575038079242	6.44182651147269	9.50137495399622	2.33456981008556	1.28026504685644	2.33402877138364	3.39584978469888	2.11558473784243	0.658433390508862	2.05517940169056	-8.10978041390576	1.99469300967329	11.700774676029	19.8105550899348	0.1255	0.9999	4.41293516792485	2.33584817921402	4.37320639279652	6.63642438258188	4.30057620336786	0	NA	NA	NA	NA	NA	NA	1	-1.05835526895118	1.12011587531673	1	-0.569205650102604	0.323995072108728	1	-3.79945180681394	14.4358340323017	1	-1.44169604057965	2.07848747342304	1.00120251468375	5115.52372726687	0	1.00096667937171	12814.1772827719	0	NA	NA	NA	NA	NA	NA	NA	NA
200	7	7	benefit_positive_truncnorm	benefit_positive_truncnorm	continuous	1	waning	benefit	1	1	NA	2.21365673662188	4.87497045067884	1000	360	600	1000	1000	360	730	0.64	0.27	7.1340435185387	24	24	0	2	1	10	4	1	5000	2500	1	0.99	14	10000	101199	0.6918	0.9997	1.18452143693763	-3.63430931402173	1.20582518632058	5.76723629995667	9.4015456139784	1.88953496047603	0.834908932171988	1.89186800090721	2.92796342466616	2.09305449249418	0.675741525423729	2.11476299620006	-8.60730385541484	1.96438192937458	12.3463524495709	20.9536563049857	0.056	0.9995	4.04851808696154	1.68116314505027	4.13618264985253	5.98607099900485	4.30490785395458	0	NA	NA	NA	NA	NA	NA	1	-1.02913529968426	1.0591194650562	1	-0.324121776145856	0.105054925771945	1	-2.76020745447877	7.61874519176019	1	-0.826452363717296	0.683023509493906	1.00134690642942	4686.8768012914	0	1.00130211525997	14422.0878470155	0	NA	NA	NA	NA	NA	NA	NA	NA
180	7	7	benefit_positive_truncnorm	benefit_positive_truncnorm	continuous	1	waning	benefit	1	1	NA	2.06709895323964	4.31615301533476	1000	360	600	1000	1000	360	691	0.64	0.309	7.61142215751418	24	24	0	2	1	10	4	1	5000	2500	1	0.99	14	10000	101179	0.8162	1	2.27060035447602	-2.7416724214083	2.33150345367013	6.9230007623601	9.6646731837684	2.86889921673749	1.83841649169644	2.86772829123621	3.87682411066713	2.03840761897068	0.733961417676088	3.15178748374194	-7.44676126527302	3.05082600450404	13.1490518982626	20.5958131635356	0.1084	1	7.2490436481269	4.85848166529644	7.29622505971712	9.40493233726906	4.54645067197263	0	NA	NA	NA	NA	NA	NA	1	0.203501401236378	0.0414128203051691	1	0.801800263497852	0.642883662545224	1	-1.16436553159282	1.35574709116142	0	2.93289063279214	8.60184746391988	1.00198867163269	3974.12487753067	0	1.00201800593536	17636.5304590869	0	NA	NA	NA	NA	NA	NA	NA	NA
283	7	7	benefit_positive_truncnorm	benefit_positive_truncnorm	continuous	1	waning	benefit	1	1	NA	2.11867782261537	4.6060204142614	1000	360	600	1000	1000	360	678	0.64	0.322	7.53761286308703	24	24	0	2	1	10	4	1	5000	2500	1	0.99	14	10000	101282	0.7198	0.9997	1.48921790091237	-3.55443970592314	1.52205232370261	6.43967673446507	9.99411644038821	2.13090581713352	1.05038504568534	2.13266602213467	3.20577671385889	2.15539166817356	0.639032435404068	1.77303874418988	-8.8429584938066	1.65481037910725	12.1512335961468	20.9941920899534	0.0905	1	5.42945722667269	2.7582292318452	5.43473741938241	8.24815737018111	5.48992813833591	0	NA	NA	NA	NA	NA	NA	1	-0.629459921702999	0.396219793030345	1	0.0122279945181476	0.000149523849935848	1	-2.83298167007151	8.02578514296119	1	0.823436812411296	0.678048184034075	1.00111691590883	3799.98384824521	0	1.0016040058792	11472.1805577449	0	NA	NA	NA	NA	NA	NA	NA	NA
278	7	7	benefit_positive_truncnorm	benefit_positive_truncnorm	continuous	1	waning	benefit	1	1	NA	1.64055206832969	3.14715126261623	1000	360	600	1000	1000	360	718	0.64	0.282	7.33658494029997	24	24	0	2	1	10	4	1	5000	2500	1	0.99	14	10000	101277	0.6016	1	0.654090302254165	-4.27785831260051	0.669600909934742	5.45050492121065	9.72836323381115	1.8065611165285	0.73975269812914	1.81195350970194	2.85158458692838	2.11183188879924	0.559107162206089	0.783069959284257	-10.066763560196	0.706431037542584	11.5279469030838	21.5947104632798	0.0771	0.999	3.89170547185955	1.50876998293296	3.97149673696538	5.8218277142464	4.31305773131344	0	NA	NA	NA	NA	NA	NA	1	-0.986461766075523	0.97310681592884	1	0.166009048198815	0.0275590040838763	1	-2.36408130333197	5.58888040876379	1	0.744554209243321	0.554360970501947	1.0020875010571	4744.68171317703	0	1.00163553350181	14399.8326585651	0	NA	NA	NA	NA	NA	NA	NA	NA
98	7	7	benefit_positive_truncnorm	benefit_positive_truncnorm	continuous	1	waning	benefit	1	1	NA	2.1445466293082	3.94608974997973	1000	360	600	1000	1000	360	717	0.64	0.283	7.2810462367716	24	24	0	2	1	10	4	1	5000	2500	1	0.99	14	10000	101097	0.7529	0.9998	1.69196346735677	-3.14915312261559	1.72570068903817	6.35245487218092	9.50160799479651	1.95151683546719	0.887244523873361	1.95245031544053	3.00714905124817	2.11990452737481	0.681998498981452	2.3505645543186	-7.94313049549504	2.17980862263139	12.4237009069554	20.3668314024504	0.0673	0.9991	3.36581030446975	1.32506697569387	3.28235896908777	5.66114934525285	4.33608236955899	0	NA	NA	NA	NA	NA	NA	1	-0.452583161951431	0.204831518481955	1	-0.193029793841018	0.037260501310306	1	-1.59552519566114	2.5457006499895	1	-0.58027944550998	0.33672423488137	1.00123663097438	4587.45796903695	0	1.00179485831797	12410.3305318483	0	NA	NA	NA	NA	NA	NA	NA	NA
135	7	7	benefit_positive_truncnorm	benefit_positive_truncnorm	continuous	1	waning	benefit	1	1	NA	1.88706062102933	3.66844723059023	1000	360	600	1000	1000	360	718	0.64	0.282	6.85873487556789	24	24	0	2	1	10	4	1	5000	2500	1	0.99	14	10000	101134	0.5827	0.9139	0.56598583016198	-4.85956572703337	0.5810737985431	5.96262269567916	10.8221884227125	0.76167204463067	-0.31763452174803	0.758299072033646	1.85057269168424	2.16820721343227	0.530998477267783	0.451078476558394	-11.2526777230567	0.373730957512897	12.0646218525531	23.3172995756098	0.0806	0.8405	1.42238172087912	-1.37617616533055	1.46834100671106	4.01881711491614	5.39499328024669	0	NA	NA	NA	NA	NA	NA	1	-1.32107479086735	1.74523860306522	0	-1.12538857639866	1.26649944788861	1	-3.21736875403183	10.3514616994204	1	-2.24606550971111	5.04481027391382	1.00128109351726	4376.83242807039	0	1.0019446078156	15376.6520637855	0	NA	NA	NA	NA	NA	NA	NA	NA
265	7	7	benefit_positive_truncnorm	benefit_positive_truncnorm	continuous	1	waning	benefit	1	1	NA	2.47677909094473	4.77926664057297	1000	360	600	1000	1000	360	694	0.64	0.306	7.21914918995435	24	24	0	2	1	10	4	1	5000	2500	1	0.99	14	10000	101264	0.6345	0.9948	0.847781376292397	-4.14503893207692	0.880615105896593	5.71853147636589	9.86357040844281	1.43479228785342	0.350551190629848	1.42624491580516	2.5474497999847	2.19689860935486	0.583730502599653	1.12609711758704	-9.72394149754068	1.03744934397688	11.8669070614148	21.5908485589555	0.0768	0.9953	3.15053661702265	0.875165110541465	3.06198656483868	5.82809500237684	4.95292989183538	0	NA	NA	NA	NA	NA	NA	1	-1.62899771465233	2.65363355434253	1	-1.04198680309131	1.08573649781645	1	-3.65316952298593	13.3456475636732	1	-1.62873002355032	2.65276148961421	1.00111130915687	4599.49263750708	0	1.00153027769745	10505.7473746659	0	NA	NA	NA	NA	NA	NA	NA	NA
373	7	7	benefit_positive_truncnorm	benefit_positive_truncnorm	continuous	1	waning	benefit	1	1	NA	1.84329045438314	3.65465603258019	1000	360	600	1000	1000	360	707	0.64	0.293	7.62695954682823	24	24	0	2	1	10	4	1	5000	2500	1	0.99	14	10000	101372	0.6531	0.999	1.02114613950578	-3.95005983049935	1.02808895376906	5.94647798652831	9.89653781702765	1.67935236213495	0.62177974699161	1.6803505283916	2.75324745879449	2.13146771180288	0.578388438800088	1.10898858732402	-9.73934997032355	0.983328723341385	11.4720706068649	21.2114205771884	0.0866	0.9981	3.35688509337326	1.12223410424297	3.35278510257836	5.56729609831245	4.44506199406948	0	NA	NA	NA	NA	NA	NA	1	-0.82214431487736	0.675921274485164	1	-0.163938092248189	0.0268756980899759	1	-2.54566744525617	6.48042274183708	1	-0.297770939206938	0.0886675322361822	1.00143907960869	4865.04955797277	0	1.0018461867667	6334.9930007257	0	NA	NA	NA	NA	NA	NA	NA	NA
225	7	7	benefit_positive_truncnorm	benefit_positive_truncnorm	continuous	1	waning	benefit	1	1	NA	1.68782615641067	3.56242046176185	1000	360	600	1000	1000	360	732	0.64	0.268	7.00785078527472	24	24	0	2	1	10	4	1	5000	2500	1	0.99	14	10000	101224	0.6822	0.992	1.1957185642396	-3.92094649854755	1.19548994144368	6.11705780406143	10.038004302609	1.29588666947386	0.215629418098769	1.30032002225772	2.3855815489415	2.16995213084273	0.751581955501123	2.27968415671093	-6.8220840677664	1.16048347882898	12.7276185937521	19.5497026615185	0.0202	0.9784	2.60416736939802	0.085675842779652	2.57138417390041	5.15684938384614	5.07117354106648	0	NA	NA	NA	NA	NA	NA	1	-0.492107592171066	0.242169882272404	1	-0.391939486936805	0.153616561420286	1	-1.28273630505092	1.64541242829569	1	-0.958253092363836	0.918248989024854	1.00151299477882	4350.37335066608	0	1.00165534075568	15170.7989081208	0	NA	NA	NA	NA	NA	NA	NA	NA
294	7	7	benefit_positive_truncnorm	benefit_positive_truncnorm	continuous	1	waning	benefit	1	1	NA	2.40845327861763	5.15930115798488	1000	360	600	1000	1000	360	717	0.64	0.283	7.79023894318685	24	24	0	2	1	10	4	1	5000	2500	1	0.99	14	10000	101293	0.7788	1	2.01765735730511	-3.15647947268409	2.06793077227968	6.93182835127091	10.088307823955	2.78748715261699	1.73099377689718	2.7839845265567	3.81949894671637	2.08850516981919	0.683738360208948	2.52977096443171	-8.22384472724499	2.44990870124411	12.7550135751594	20.9788583024044	0.1194	1	6.66090266151028	4.45215918794558	6.74045043834165	8.53747367971889	4.08531449177331	0	NA	NA	NA	NA	NA	NA	1	-0.390795921312512	0.152721452114495	1	0.379033873999361	0.143666677638963	1	-2.62953019355317	6.91442903880776	1	1.50160150352541	2.25480707538977	1.00225359966842	4119.39920196326	0	1.00200097412894	12110.9357861409	0	NA	NA	NA	NA	NA	NA	NA	NA
209	7	7	benefit_positive_truncnorm	benefit_positive_truncnorm	continuous	1	waning	benefit	1	1	NA	2.41339394735573	4.99409710247292	1000	360	600	1000	1000	360	709	0.64	0.291	7.60038142150352	24	24	0	2	1	10	4	1	5000	2500	1	0.99	14	10000	101208	0.6361	0.9968	0.86057725294502	-4.15281357115737	0.884847504519399	5.86832278344343	10.0211363546008	1.50050629934963	0.425202018721413	1.49948853922223	2.58197132063436	2.15676930191295	0.568597225280775	0.939064373595654	-10.0337071359646	0.873024012708082	11.7218171817534	21.755524317718	0.0918	0.9962	3.0194821973714	0.752388854030015	2.983468308502	5.34582546979382	4.59343661576381	0	NA	NA	NA	NA	NA	NA	1	-1.55281669441071	2.41123968644059	1	-0.912887648006099	0.833363857882108	1	-4.05503272887727	16.4432904322658	1	-1.97461490510153	3.89910402344911	1.00126963019645	4654.27284735654	0	1.00189337555626	12915.6298745302	0	NA	NA	NA	NA	NA	NA	NA	NA
226	7	7	benefit_positive_truncnorm	benefit_positive_truncnorm	continuous	1	waning	benefit	1	1	NA	1.27871107806779	2.61925400560547	1000	360	600	1000	1000	360	730	0.64	0.27	6.22931805207022	24	24	0	2	1	10	4	1	5000	2500	1	0.99	14	10000	101225	0.6025	0.7922	0.643719986310659	-4.59000651009524	0.705680322923809	5.75033399845058	10.3403405085458	0.449732663326602	-0.628624802946372	0.445358582505189	1.52973230586924	2.15835710881561	0.581548250265111	1.0734905784047	-9.87186789826257	0.942639754460575	12.0277691014653	21.8996369997279	0.057	0.7831	0.86599266776807	-1.51953397293825	0.880560651322008	3.09220371692299	4.61173768986124	0	NA	NA	NA	NA	NA	NA	1	-0.634991091757134	0.403213686610917	1	-0.828978414741191	0.687205212106819	1	-1.54576342720077	2.38938457287147	1	-1.75326133783741	3.07392531875541	1.00172677348264	4707.77852229621	0	1.00171870307713	10932.6994866758	0	NA	NA	NA	NA	NA	NA	NA	NA
133	7	7	benefit_positive_truncnorm	benefit_positive_truncnorm	continuous	1	waning	benefit	1	1	NA	1.06673135173912	2.13284459277399	1000	360	600	1000	1000	360	714	0.64	0.286	6.44857814832434	24	24	0	2	1	10	4	1	5000	2500	1	0.99	14	10000	101132	0.581	0.9872	0.550737599066846	-4.58832101636493	0.542283625993176	5.70442044466565	10.2927414610306	1.24611657264196	0.141214348729563	1.25347814858052	2.3082937033814	2.16707935465184	0.56105364188973	0.836646334274687	-10.5969082552399	0.755953175385923	11.9278909395691	22.524799194809	0.0623	0.9608	2.39478250281666	-0.310515199493716	2.39883378949974	5.00573806052618	5.3162532600199	0	NA	NA	NA	NA	NA	NA	1	-0.515993752672269	0.26624955279681	1	0.179385220902847	0.0321790574783633	1	-1.29619825849931	1.68012992533664	1	0.261937910042662	0.0686114687175176	1.00164454947238	4385.24646364236	0	1.00133486939344	13562.5996962605	0	NA	NA	NA	NA	NA	NA	NA	NA
266	7	7	benefit_positive_truncnorm	benefit_positive_truncnorm	continuous	1	waning	benefit	1	1	NA	1.65217996707788	3.22182327049383	1000	360	600	1000	1000	360	710	0.64	0.29	7.23875656810269	24	24	0	2	1	10	4	1	5000	2500	1	0.99	14	10000	101265	0.6552	0.9732	0.972073787108831	-3.99679601388345	1.01977507740899	5.7060163591514	9.70281237303485	1.04802054598187	-0.0212397112161241	1.04625142758027	2.12817455699754	2.14941426821366	0.606080347448426	1.32757750892776	-9.50975638589219	1.25449184782178	11.9835257726681	21.4932821585603	0.079	0.9822	2.50371636259475	0.209640017167909	2.5350344417935	4.61241909044606	4.40277907327815	0	NA	NA	NA	NA	NA	NA	1	-0.680106179969048	0.462544416032091	1	-0.604159421096005	0.36500860609906	1	-1.89424576156607	3.58816700521101	1	-0.718106907899076	0.515677531172371	1.00125821879168	4768.66483764335	0	1.00272065468305	11279.4071826145	0	NA	NA	NA	NA	NA	NA	NA	NA
242	7	7	benefit_positive_truncnorm	benefit_positive_truncnorm	continuous	1	waning	benefit	1	1	NA	1.97477356422311	3.68587578679587	1000	360	600	1000	1000	360	699	0.64	0.301	7.33125912120753	24	24	0	2	1	10	4	1	5000	2500	1	0.99	14	10000	101241	0.7678	1	1.84421825132819	-3.31664409787611	1.90218446197559	6.66405184789917	9.98069594577527	2.62389511651366	1.55328089438062	2.6258324133133	3.68649924218927	2.13321834780865	0.70146782915793	2.71182852245995	-7.85681649662888	2.55505984379571	12.5879312526258	20.4447477492547	0.0939	1	5.37890645485814	2.96011014208901	5.33992483399454	7.86475888574026	4.90464874365125	0	NA	NA	NA	NA	NA	NA	1	-0.130555312894921	0.0170446897250907	1	0.649121552290554	0.421358789648099	1	-0.974047264335918	0.948768073160285	1	1.69303066806227	2.86635284299936	1.00128954097855	4276.00624319781	0	1.0019843202988	13900.721245456	0	NA	NA	NA	NA	NA	NA	NA	NA
99	7	7	benefit_positive_truncnorm	benefit_positive_truncnorm	continuous	1	waning	benefit	1	1	NA	2.24491012361549	4.73512171883542	1000	360	600	1000	1000	360	727	0.64	0.273	6.51161632429601	24	24	0	2	1	10	4	1	5000	2500	1	0.99	14	10000	101098	0.7072	0.9998	1.48620892615471	-3.80023524790585	1.54413675479622	6.53235259704971	10.3325878449556	1.85015235339507	0.787548916044181	1.84777975026169	2.90727913198347	2.11973021593929	0.643270467209601	1.96786276010496	-9.14344589696072	1.84114342890056	13.0238818338755	22.1673277308362	0.0668	1	3.88240914603748	2.0026278043407	3.88399101876518	5.75533924010672	3.75271143576602	0	NA	NA	NA	NA	NA	NA	1	-0.758701197460778	0.575627507028418	1	-0.394757770220419	0.155833697149397	1	-2.76725895873045	7.65772214467395	1	-0.852712572797933	0.72711873180767	1.00197769037425	4488.71679520152	0	1.00165633472533	11915.340104911	0	NA	NA	NA	NA	NA	NA	NA	NA
279	7	7	benefit_positive_truncnorm	benefit_positive_truncnorm	continuous	1	waning	benefit	1	1	NA	2.09529848979404	4.06775211499566	1000	360	600	1000	1000	360	698	0.64	0.302	7.69883981547818	24	24	0	2	1	10	4	1	5000	2500	1	0.99	14	10000	101278	0.6976	1	1.34052238888411	-3.72665685831768	1.4263666795858	6.16511601189299	9.89177287021067	2.20125770417402	1.15145139418509	2.20120527966079	3.26194533537405	2.11049394118895	0.610376624819465	1.47871095056664	-9.38098460769822	1.4806391662049	11.9977731923249	21.3787578000231	0.0999	0.9997	4.67788751042927	1.83519668744292	4.71674008188485	7.29819229468245	5.46299560723953	0	NA	NA	NA	NA	NA	NA	1	-0.754776100909929	0.569686962504795	1	0.105959214379978	0.0112273551120222	1	-2.58904116442902	6.703134151108	1	0.610135395433604	0.37226520076092	1.00167168978043	4912.4004782802	0	1.00143966463193	12245.897024819	0	NA	NA	NA	NA	NA	NA	NA	NA
228	7	7	benefit_positive_truncnorm	benefit_positive_truncnorm	continuous	1	waning	benefit	1	1	NA	1.87553492978708	3.32313670220766	1000	360	600	1000	1000	360	715	0.64	0.285	6.92568439338082	24	24	0	2	1	10	4	1	5000	2500	1	0.99	14	10000	101227	0.6681	0.9976	1.19058026819554	-4.22949498437718	1.24890190919796	6.48821699623231	10.7177119806095	1.63876893329046	0.517635100229144	1.64481099548235	2.75222723421592	2.23459213398678	0.594650655021834	1.29787468863497	-10.339999516073	1.29798694650753	12.4300500552208	22.7700495712938	0.084	0.9968	3.16712665755367	0.864215002680952	3.15586993283376	5.56648519890162	4.70227019622067	0	NA	NA	NA	NA	NA	NA	1	-0.684954661591537	0.469162888435977	1	-0.236765996496625	0.0560581370970398	1	-2.02526201357269	4.10168622362052	1	-0.156010044653994	0.0243391340329411	1.0015414019376	4197.52870090293	0	1.00143525726395	12602.7636776955	0	NA	NA	NA	NA	NA	NA	NA	NA
291	7	7	benefit_positive_truncnorm	benefit_positive_truncnorm	continuous	1	waning	benefit	1	1	NA	1.73205823944661	3.7704472132706	1000	360	600	1000	1000	360	702	0.64	0.298	7.59288254382487	24	24	0	2	1	10	4	1	5000	2500	1	0.99	14	10000	101290	0.6686	0.9999	1.14391796307131	-3.88835077730854	1.15392449641209	6.0512107983417	9.93956157565024	1.97932009971263	0.922222536074794	1.97922615023974	3.05962058387063	2.13739804779584	0.592979337924906	1.27231731904136	-9.61547208086371	1.19280989490859	11.8656400753927	21.4811121562564	0.0998	0.9984	3.26675968594064	1.04235983328746	3.22881916268428	5.71927927635317	4.6769194430657	0	NA	NA	NA	NA	NA	NA	1	-0.588140276375297	0.345908984694811	1	0.247261860266023	0.0611384275422141	1	-2.49812989422924	6.2406529684418	1	-0.503687527329959	0.253701125187769	1.00205464753315	4302.99428506496	0	1.00158938502381	10378.7032249928	0	NA	NA	NA	NA	NA	NA	NA	NA
273	7	7	benefit_positive_truncnorm	benefit_positive_truncnorm	continuous	1	waning	benefit	1	1	NA	1.54346037785037	3.02360742316339	1000	360	600	1000	1000	360	707	0.64	0.293	7.43681189320857	24	24	0	2	1	10	4	1	5000	2500	1	0.99	14	10000	101272	0.6336	0.9622	0.82911208558802	-4.17014529011558	0.885031615005128	5.64345066483254	9.81359595494812	0.963516928394423	-0.104561485193337	0.964808184772597	2.05721723390619	2.16177871909953	0.593354604466938	1.24139097049155	-9.78762461430155	1.18142718673256	11.9278019623761	21.7154265766776	0.0911	0.9508	2.13061994570827	-0.396276688621017	2.12772750165901	4.6882734368982	5.08455012551921	0	NA	NA	NA	NA	NA	NA	1	-0.714348292262355	0.510293482658143	1	-0.579943449455952	0.336334404566868	1	-1.78221645267183	3.17629548417418	1	-0.892987477455113	0.797426634891647	1.002017362269	4802.84757761804	0	1.00120156485927	15381.3424943216	0	NA	NA	NA	NA	NA	NA	NA	NA
59	7	7	benefit_positive_truncnorm	benefit_positive_truncnorm	continuous	1	waning	benefit	1	1	NA	1.86195736451047	3.59351353348153	1000	360	600	1000	1000	360	715	0.64	0.285	7.14650727334586	24	24	0	2	1	10	4	1	5000	2500	1	0.99	14	10000	101058	0.5528	0.9996	0.313987530888614	-4.46238008191535	0.300841631235492	5.17545259867494	9.63783268059029	1.92518884980435	0.858291413287195	1.92822919786287	2.98138361242652	2.12309219913932	0.517937219730942	0.235370913101415	-10.3144727714842	0.222293680004606	10.8924128782066	21.2068856496908	0.0634	1	3.9811890166614	2.14549228700228	3.88068134430251	6.05031047961252	3.90481819261024	0	NA	NA	NA	NA	NA	NA	1	-1.54796983362186	2.39621060580328	1	0.0632314852938805	0.00399822073247022	1	-3.35814262038012	11.2771218588134	1	0.387675483179868	0.150292280258744	1.00159887889907	4681.34237103362	0	1.00216083427668	13880.0657375408	0	NA	NA	NA	NA	NA	NA	NA	NA
222	7	7	benefit_positive_truncnorm	benefit_positive_truncnorm	continuous	1	waning	benefit	1	1	NA	1.41487003838933	3.12604957319389	1000	360	600	1000	1000	360	735	0.64	0.265	7.2565357545358	24	24	0	2	1	10	4	1	5000	2500	1	0.99	14	10000	101221	0.5974	0.9454	0.598429347160694	-4.33050494352903	0.625428797424358	5.4841627690033	9.81466771253233	0.885308418578167	-0.175661346230756	0.885725640839779	1.95980158724756	2.13546293347832	0.554862706487255	0.706113347116381	-10.0962838241912	0.693593106943458	11.2689885731999	21.3652723973911	0.0859	0.9331	1.67133017577548	-0.618830268905101	1.67997039561089	3.802305730663	4.4211359995681	0	NA	NA	NA	NA	NA	NA	1	-0.816440691228639	0.666575402293899	1	-0.529561619811166	0.280435509177026	1	-2.41993622607751	5.85609133828225	1	-1.45471939741841	2.11620852522538	1.0017493071654	4649.90416737465	0	1.00172343209573	15395.2675912086	0	NA	NA	NA	NA	NA	NA	NA	NA
199	7	7	benefit_positive_truncnorm	benefit_positive_truncnorm	continuous	1	waning	benefit	1	1	NA	2.3322451528239	5.70012686461189	1000	360	600	1000	1000	360	713	0.64	0.287	7.10537732061879	24	24	0	2	1	10	4	1	5000	2500	1	0.99	14	10000	101198	0.7074	1	1.36646105130176	-3.62679229102083	1.41242428609064	6.14349449331229	9.77028678433312	2.43361786507221	1.34120888792702	2.44035804483649	3.49216267512993	2.15095378720291	0.691198951736187	2.50090105959327	-7.99356502444136	2.32219976118944	12.7525587131185	20.7461237375598	0.0842	1	5.55844486414761	3.02472692275569	5.61636794654658	7.7002737580145	4.67554683525881	0	NA	NA	NA	NA	NA	NA	1	-0.965784101522141	0.932738930752928	1	0.101372712248315	0.0102764267885797	1	-3.19922580501861	10.235045751497	1	-0.14168200046428	0.0200737892555604	1.00088785646547	4340.02350804089	0	1.00244248463608	6700.50873483166	0	NA	NA	NA	NA	NA	NA	NA	NA
374	7	7	benefit_positive_truncnorm	benefit_positive_truncnorm	continuous	1	waning	benefit	1	1	NA	2.57085788090398	5.1723502726272	1000	360	600	1000	1000	360	678	0.64	0.322	8.02136524761056	24	24	0	2	1	10	4	1	5000	2500	1	0.99	14	10000	101373	0.9286	1	3.42075560364374	-1.19075791656022	3.45425507604441	7.65893719189877	8.84969510845899	2.96667582798022	1.91600606610434	2.97223508839424	4.0223035249086	2.10629745880426	0.972900021593608	5.61273897956778	-0.103397556052482	5.04167166840071	14.0001713230843	14.1035688791368	0.0738	1	5.70624792076381	3.23441237099963	5.59044955856306	8.91317054411253	5.6787581731129	0	NA	NA	NA	NA	NA	NA	1	0.849897722739758	0.722326139118226	1	0.395817947076243	0.156671847227651	1	0.440388706940581	0.193942213200797	1	0.533897648136606	0.285046698685799	1.0013432280541	4722.44863370205	0	1.00147592993073	12964.1886447044	0	NA	NA	NA	NA	NA	NA	NA	NA
272	7	7	benefit_positive_truncnorm	benefit_positive_truncnorm	continuous	1	waning	benefit	1	1	NA	1.4661800224815	2.87133373698256	1000	360	600	1000	1000	360	742	0.64	0.258	6.61129309855164	24	24	0	2	1	10	4	1	5000	2500	1	0.99	14	10000	101271	0.6788	0.9995	1.25187177971648	-4.03322294167711	1.29598986028149	6.41303972313071	10.4462626648078	1.68979663608619	0.631553724289315	1.68861410843254	2.74195367151888	2.11039994722956	0.618667816339728	1.62280331444603	-9.73762440716771	1.58864673881532	12.5947770527451	22.3324014599128	0.0722	0.9988	3.42631588994671	1.26183890342473	3.4775761857442	5.27250781993856	4.01066891651383	0	NA	NA	NA	NA	NA	NA	1	-0.214308242765017	0.0459280229170295	1	0.223616613604696	0.0500043898800318	1	-1.24853042253653	1.55882821599924	1	0.554982152964151	0.308005190108724	1.00108094508126	4709.15010052691	0	1.00115195428203	12556.3930191473	0	NA	NA	NA	NA	NA	NA	NA	NA
255	7	7	benefit_positive_truncnorm	benefit_positive_truncnorm	continuous	1	waning	benefit	1	1	NA	1.89118326076927	3.65976495456828	1000	360	600	1000	1000	360	704	0.64	0.296	6.69117294451178	24	24	0	2	1	10	4	1	5000	2500	1	0.99	14	10000	101254	0.5327	0.7763	0.24896924065291	-5.05466728660926	0.210067144109628	5.66620117698116	10.7208684635904	0.423781464328883	-0.682899440282122	0.422016316839845	1.50776874243091	2.19066818271303	0.520840030001071	0.250151112615494	-11.2629545040632	0.262777647719853	11.8270461756596	23.0900006797228	0.0667	0.8992	1.39123655401097	-0.741809346334273	1.40243183227927	3.45937033205988	4.20117967839415	0	NA	NA	NA	NA	NA	NA	1	-1.64221402011636	2.69686688786672	0	-1.46740179644038	2.15326803219646	1	-3.40961384195278	11.625466551236	0	-2.26852840055731	5.14622110413511	1.00182584181016	4444.09893645016	0	1.00156307422134	10604.3174750725	0	NA	NA	NA	NA	NA	NA	NA	NA
129	7	7	benefit_positive_truncnorm	benefit_positive_truncnorm	continuous	1	waning	benefit	1	1	NA	2.04942231966916	4.31721144497489	1000	360	600	1000	1000	360	714	0.64	0.286	7.42209416850565	24	24	0	2	1	10	4	1	5000	2500	1	0.99	14	10000	101128	0.6147	0.999	0.693949372835191	-4.39229236841332	0.7109081481036	5.65142981449683	10.0437221829102	1.71962374103262	0.621511062902746	1.71618430731626	2.81896659380516	2.19745553090242	0.570018642394999	0.959578699197235	-10.0109283580085	0.891261749085283	11.6036155425528	21.6145439005613	0.0881	0.992	3.26880350341411	0.571972257809994	3.26162348194363	6.06100406623832	5.48903180842833	0	NA	NA	NA	NA	NA	NA	1	-1.35547294683397	1.83730690959877	1	-0.329798578636536	0.108767102470679	1	-3.35763274577766	11.2736976555184	1	-1.04840794156078	1.09915921192772	1.00156443015333	4477.2207687192	0	1.0011333557103	10150.6239446676	0	NA	NA	NA	NA	NA	NA	NA	NA
290	7	7	benefit_positive_truncnorm	benefit_positive_truncnorm	continuous	1	waning	benefit	1	1	NA	2.13781079734325	3.76943711250111	1000	360	600	1000	1000	360	703	0.64	0.297	8.01074909047428	24	24	0	2	1	10	4	1	5000	2500	1	0.99	14	10000	101289	0.5819	1	0.540883745035057	-4.23577258227982	0.5248457111968	5.34559480882698	9.5813673911068	2.43589120863522	1.35172956685655	2.43944014851993	3.50582264092693	2.15409307407038	0.457607058317194	-0.284301908202077	-10.7437593720891	-0.485329246639126	10.6273029750213	21.3710623471104	0.0706	1	4.85999714743853	2.43350998246078	4.60535950630303	8.10842196628709	5.67491198382631	0	NA	NA	NA	NA	NA	NA	1	-1.5969270523082	2.55017601039374	1	0.298080411291967	0.0888519315959881	1	-4.05373902070318	16.4328000479716	1	1.09056003493743	1.18932118980272	1.00191449261462	4453.91258863622	0	1.00193612109873	13556.8020330534	0	NA	NA	NA	NA	NA	NA	NA	NA
289	7	7	benefit_positive_truncnorm	benefit_positive_truncnorm	continuous	1	waning	benefit	1	1	NA	2.22587176631668	4.43218550595177	1000	360	600	1000	1000	360	687	0.64	0.313	7.72706298137683	24	24	0	2	1	10	4	1	5000	2500	1	0.99	14	10000	101288	0.7289	0.9999	1.54683485232222	-3.32056680994767	1.57362228208154	6.47249976663413	9.7930665765818	2.47411149884033	1.39332732067543	2.47749457126813	3.55402614883897	2.16069882816354	0.637737961926092	1.84003299292028	-8.7252536675343	1.73841590183301	12.2000089279401	20.9252625954744	0.107	0.9999	5.90143465991611	3.19261803041693	5.94690343598792	8.24205911167111	5.04944108125417	0	NA	NA	NA	NA	NA	NA	1	-0.679036913994458	0.461091130567117	1	0.248239732523657	0.0616229648034166	1	-2.59215251303149	6.71925465081545	1	1.46924915396434	2.15869307642493	1.00160078536871	4673.62947802615	0	1.00174691279998	13727.022683903	0	NA	NA	NA	NA	NA	NA	NA	NA
264	7	7	benefit_positive_truncnorm	benefit_positive_truncnorm	continuous	1	waning	benefit	1	1	NA	1.59328307815518	3.23840058312972	1000	360	600	1000	1000	360	723	0.64	0.277	6.48526666546435	24	24	0	2	1	10	4	1	5000	2500	1	0.99	14	10000	101263	0.6757	0.9951	1.19813832098607	-4.0258762929275	1.25592369793539	6.23775635229065	10.2636326452182	1.41699070079547	0.332345529104545	1.41312645399342	2.4874036195136	2.15505809040906	0.623012061052407	1.67669487188937	-9.63411885084874	1.57866953420067	12.2693478344953	21.9034666853441	0.0631	0.964	2.71586490836839	-0.213676713660325	2.73228473240946	5.52924671213981	5.74292342580013	0	NA	NA	NA	NA	NA	NA	1	-0.39514475716911	0.156139379118235	1	-0.176292377359715	0.03107900231514	1	-1.56170571124035	2.43892472852073	1	-0.522535674761325	0.273043531398273	1.00229742704324	3587.04528233017	0	1.00174533949181	11406.9432630231	0	NA	NA	NA	NA	NA	NA	NA	NA
32	7	7	benefit_positive_truncnorm	benefit_positive_truncnorm	continuous	1	waning	benefit	1	1	NA	2.35422008826766	4.42233138968905	1000	360	600	1000	1000	360	732	0.64	0.268	7.06478874709686	24	24	0	2	1	10	4	1	5000	2500	1	0.99	14	10000	101031	0.7828	1	2.05752072922445	-3.01959788183722	2.10563542301678	6.97495555820371	9.99455344004093	2.99228686759227	1.9107789794482	2.99224576418323	4.05211267725574	2.14133369780755	0.685546442030592	2.49752759555413	-7.90818718755185	2.43323356613268	12.5868458802698	20.4950330678217	0.0978	1	5.75378378567591	3.80836303245967	5.73023685876925	7.88858657015034	4.08022353769067	0	NA	NA	NA	NA	NA	NA	1	-0.296699359043205	0.0880305096566485	1	0.638066779324613	0.407129214877684	1	-1.92480379413493	3.70486964591621	1	1.33145239598686	1.77276548277915	1.00132870829341	4965.08682068333	0	1.00148368496306	14353.288057469	0	NA	NA	NA	NA	NA	NA	NA	NA
288	7	7	benefit_positive_truncnorm	benefit_positive_truncnorm	continuous	1	waning	benefit	1	1	NA	1.64672470476825	3.0917305846079	1000	360	600	1000	1000	360	758	0.64	0.242	6.56740427865629	24	24	0	2	1	10	4	1	5000	2500	1	0.99	14	10000	101287	0.578	0.9557	0.549273018198993	-4.7732377232681	0.552758606463011	5.76517985278308	10.5384175760512	0.935053500744456	-0.137243535541832	0.941721576585235	1.96747158331202	2.10471511885385	0.556681241335182	0.774558386111762	-10.3227700793598	0.699489519345986	11.8608443801834	22.1836144595432	0.0623	0.9489	1.68080045174226	-0.340867294468277	1.71884739607522	3.57239290559929	3.91326020006757	0	NA	NA	NA	NA	NA	NA	1	-1.09745168656925	1.2044002043537	1	-0.711671204023792	0.506475902636673	1	-2.31717219849614	5.36928699748343	1	-1.41093013286564	1.99072383982826	1.00236259265806	4168.40508674204	0	1.00154062300984	9948.68324069376	0	NA	NA	NA	NA	NA	NA	NA	NA
270	7	7	benefit_positive_truncnorm	benefit_positive_truncnorm	continuous	1	waning	benefit	1	1	NA	1.89742034968187	3.88783576122762	1000	360	600	1000	1000	360	725	0.64	0.275	7.42982656462012	24	24	0	2	1	10	4	1	5000	2500	1	0.99	14	10000	101269	0.6771	0.9997	1.13054459494415	-3.75709517219245	1.13179982101343	5.96764454392466	9.72473971611711	1.90872801381996	0.854222565493888	1.90818207774249	2.95443369159617	2.10021112610229	0.596992153443766	1.25857530090241	-9.44504336407665	1.17169232281325	11.6132839722763	21.0583273363529	0.0824	0.9985	3.64024187845093	1.39535194140439	3.66131299158036	5.76047388803264	4.36512194662826	0	NA	NA	NA	NA	NA	NA	1	-0.766875754737725	0.588098423204556	1	0.0113076641380918	0.000127863268259888	1	-2.62926046032521	6.91301056822952	1	-0.247593882776686	0.0613027307884354	1.0020377415486	4423.16494879457	0	1.00162738115239	11380.0098377888	0	NA	NA	NA	NA	NA	NA	NA	NA
256	7	7	benefit_positive_truncnorm	benefit_positive_truncnorm	continuous	1	waning	benefit	1	1	NA	2.49748753275723	4.884199180505	1000	360	600	1000	1000	360	719	0.64	0.281	7.32123401455945	24	24	0	2	1	10	4	1	5000	2500	1	0.99	14	10000	101255	0.8217	1	2.31978812006748	-2.68766936384046	2.35531976934906	7.00322181965785	9.69089118349831	2.47860699745401	1.42401238259979	2.48620187055336	3.53725483285827	2.11324245025847	0.744229707344009	3.1773097067367	-7.22330993930626	3.01850028519137	13.0393975738237	20.26270751313	0.0945	0.9999	3.9358757924306	1.74139572191377	3.90574557640136	6.27683297153582	4.53543724962205	0	NA	NA	NA	NA	NA	NA	1	-0.177699412689755	0.0315770812702838	1	-0.0188805353032229	0.000356474613336245	1	-1.7068894737683	2.91347167566101	1	-0.948323388074404	0.899317248368917	1.0014304797674	4224.69924591022	0	1.00159017502333	11833.5058788086	0	NA	NA	NA	NA	NA	NA	NA	NA
198	7	7	benefit_positive_truncnorm	benefit_positive_truncnorm	continuous	1	waning	benefit	1	1	NA	2.15142654829367	3.98780211986496	1000	360	600	1000	1000	360	738	0.64	0.262	7.79312754987152	24	24	0	2	1	10	4	1	5000	2500	1	0.99	14	10000	101197	0.7231	0.9995	1.52652121674599	-3.62283592574278	1.54174213957973	6.45579614993187	10.0786320756747	1.78124976953024	0.740940507934429	1.78567439494845	2.80758191940933	2.0666414114749	0.621953921134249	1.62217211459178	-9.26168907753694	1.54506374581493	12.1631221892667	21.4248112668037	0.0972	0.9949	2.8350070423093	0.746899227837665	2.8910397314657	4.85259090779909	4.10569167996142	0	NA	NA	NA	NA	NA	NA	1	-0.624905331547688	0.390506673396726	1	-0.37017677876343	0.137030847535669	1	-2.36563000527318	5.5962053218488	1	-1.15279507755566	1.32893649083656	1.0020115549431	4677.15622779423	0	1.00200675356384	13156.0554569837	0	NA	NA	NA	NA	NA	NA	NA	NA
311	7	7	benefit_positive_truncnorm	benefit_positive_truncnorm	continuous	1	waning	benefit	1	1	NA	1.62013947627047	3.03732634210702	1000	360	600	1000	1000	360	734	0.64	0.266	6.62972680068593	24	24	0	2	1	10	4	1	5000	2500	1	0.99	14	10000	101310	0.6605	0.9993	1.09477534979579	-4.19992210643982	1.1063051778405	6.33811406199713	10.538036168437	1.68542143390611	0.629598550359535	1.68823371625654	2.74256209648016	2.11296354612063	0.606509829197551	1.46474313468168	-9.66152642474533	1.34833265184306	12.5573541518776	22.2188805766229	0.0691	0.9996	3.31131399010704	1.31700223247908	3.35154938000372	5.15323971318854	3.83623748070946	0	NA	NA	NA	NA	NA	NA	1	-0.525364126474681	0.276007465386505	1	0.0652819576356316	0.0042617339927404	1	-1.57258320742534	2.47301794427616	1	0.273987648000024	0.075069231256585	1.00180882070309	4638.09634760833	0	1.0015801349126	8991.71913815068	0	NA	NA	NA	NA	NA	NA	NA	NA
237	7	7	benefit_positive_truncnorm	benefit_positive_truncnorm	continuous	1	waning	benefit	1	1	NA	2.88923960819833	5.62194499800597	1000	360	600	1000	1000	360	678	0.64	0.322	7.998456995997	24	24	0	2	1	10	4	1	5000	2500	1	0.99	14	10000	101236	0.8044	1	2.28877535383576	-2.97201163818138	2.34481826996428	7.27167553003424	10.2436871682156	2.7207880957512	1.65435252774495	2.72105777316548	3.79753277579205	2.1431802480471	0.694252352341004	2.66601597819667	-7.94127537833938	2.57744962666626	12.8625295756948	20.8038049540342	0.1179	1	5.91952534158439	3.70771744468466	5.95134349178051	7.96392009780379	4.25620265311913	0	NA	NA	NA	NA	NA	NA	1	-0.600464254362576	0.360557320767204	1	-0.168451512447135	0.0283759120457273	1	-2.95592901980929	8.73751637015071	1	0.297580343578423	0.0885540608842526	1.00136342641596	4773.29045514599	0	1.00236558682643	15266.4349252072	0	NA	NA	NA	NA	NA	NA	NA	NA
227	7	7	benefit_positive_truncnorm	benefit_positive_truncnorm	continuous	1	waning	benefit	1	1	NA	1.75141576581121	3.398567713242	1000	360	600	1000	1000	360	727	0.64	0.273	7.31610008530426	24	24	0	2	1	10	4	1	5000	2500	1	0.99	14	10000	101226	0.7968	1	2.04424930184294	-2.8661469573079	2.10205877594558	6.77367036347801	9.63981732078591	2.24125543797247	1.18330169461152	2.24294720731475	3.27826299002683	2.09496129541532	0.736018641810919	3.12095359603459	-7.23447837041833	2.91125463445192	12.9428657171243	20.1773440875427	0.0988	0.9999	3.87217105764239	1.64073048238715	3.88651173635827	6.0063518612058	4.36562137881865	0	NA	NA	NA	NA	NA	NA	1	0.29283353603173	0.0857514798248468	1	0.489839672161263	0.239942904423054	1	-0.277614117207408	0.0770695980728485	1	0.473603344400397	0.224300127827241	1.00154706929345	4693.23595773925	0	1.00172218026387	14085.3091294361	0	NA	NA	NA	NA	NA	NA	NA	NA
186	7	7	benefit_positive_truncnorm	benefit_positive_truncnorm	continuous	1	waning	benefit	1	1	NA	1.95733565713982	3.61342548859543	1000	360	600	1000	1000	360	703	0.64	0.297	7.45461222016552	24	24	0	2	1	10	4	1	5000	2500	1	0.99	14	10000	101185	0.7683	1	1.87612613539618	-3.23049999868623	1.91860576582614	6.72919670929345	9.95969670797967	2.53074378884032	1.46277102239042	2.53593714644613	3.59415340990915	2.13138238751873	0.68280522933747	2.49438710810384	-8.06364618391721	2.34313335722194	12.7297229912484	20.7933691751656	0.0974	1	4.52893375814932	2.66952503921383	4.4970475136455	6.62692091885155	3.95739587963773	0	NA	NA	NA	NA	NA	NA	1	-0.0812095217436364	0.00659498642183015	1	0.573408131700503	0.328796885500261	1	-1.11903838049159	1.25224689701324	1	0.915508269553887	0.838155391621552	1.00173782779593	4747.33287562379	0	1.0017631720084	12246.3914335951	0	NA	NA	NA	NA	NA	NA	NA	NA
337	7	7	benefit_positive_truncnorm	benefit_positive_truncnorm	continuous	1	waning	benefit	1	1	NA	2.5305932425759	5.28147308317468	1000	360	600	1000	1000	360	673	0.64	0.327	8.22477792962476	24	24	0	2	1	10	4	1	5000	2500	1	0.99	14	10000	101336	0.8746	1	2.83717839119667	-1.92250961597318	2.92761238690529	7.30466974559091	9.22717936156409	2.82530091587096	1.74862654475133	2.82854285698279	3.89100201629474	2.14237547154341	0.84191302362744	4.47050905402302	-5.32279796135457	4.25341111123506	13.4546782920495	18.777476253404	0.1239	1	6.50214238935221	4.12954799404143	6.54647638332217	8.70239516600519	4.57284717196376	0	NA	NA	NA	NA	NA	NA	1	0.306585148620771	0.0939944533548205	1	0.294707673295063	0.0868526126989894	1	-0.810964029151661	0.657662656577896	1	1.22066930617753	1.49003355504393	1.00132310760378	4367.16803823376	0	1.00124515465636	10933.4127558944	0	NA	NA	NA	NA	NA	NA	NA	NA
223	7	7	benefit_positive_truncnorm	benefit_positive_truncnorm	continuous	1	waning	benefit	1	1	NA	1.7866219258712	3.08685166123488	1000	360	600	1000	1000	360	726	0.64	0.274	6.98106940621416	24	24	0	2	1	10	4	1	5000	2500	1	0.99	14	10000	101222	0.7181	0.9996	1.55631486357039	-3.83412455421588	1.58230939544607	6.82696883957606	10.6610933937919	1.85135155870525	0.76554591415947	1.85988427472608	2.91355434308438	2.14800842892491	0.631926848077559	1.84653196600234	-9.52739514392009	1.79375632519409	12.8137616594492	22.3411568033693	0.0923	0.9985	3.36494457010631	1.22633616561598	3.3162173816477	5.70333864238538	4.4770024767694	0	NA	NA	NA	NA	NA	NA	1	-0.230307062300814	0.0530413429456312	1	0.064729632834053	0.00418992536683131	1	-1.24031969523254	1.53839294638173	1	0.278092908871433	0.077335665964575	1.00154588459356	4101.74517931751	0	1.00163819483952	12530.6658805983	0	NA	NA	NA	NA	NA	NA	NA	NA
312	7	7	benefit_positive_truncnorm	benefit_positive_truncnorm	continuous	1	waning	benefit	1	1	NA	2.23837984635852	4.231002905288	1000	360	600	1000	1000	360	718	0.64	0.282	7.2307313096091	24	24	0	2	1	10	4	1	5000	2500	1	0.99	14	10000	101311	0.6889	0.9995	1.24016620267045	-3.66475029303226	1.28209302908638	5.89569145613591	9.56044174916817	1.8391595577743	0.771776705143048	1.85002051530056	2.91128035271188	2.13950364756883	0.627577179011672	1.70097476603362	-8.92208729792162	1.54363922093031	12.2627410444081	21.1848283423297	0.0833	0.9979	3.65773215660131	1.18642220448963	3.70932112231286	5.86844100395239	4.68201879946276	0	NA	NA	NA	NA	NA	NA	1	-0.998213643688078	0.996430478445028	1	-0.399220288584221	0.159376838817269	1	-2.53002813925438	6.40104238541899	1	-0.573270748686696	0.328639351299805	1.00141848861041	4238.42006339419	0	1.00142044714306	11330.6412752944	0	NA	NA	NA	NA	NA	NA	NA	NA
300	7	7	benefit_positive_truncnorm	benefit_positive_truncnorm	continuous	1	waning	benefit	1	1	NA	2.34524429535672	4.23565912613166	1000	360	600	1000	1000	360	682	0.64	0.318	7.55594075992689	24	24	0	2	1	10	4	1	5000	2500	1	0.99	14	10000	101299	0.7233	0.9992	1.46090137399507	-3.56873831136275	1.4899688169127	6.24178723716142	9.81052554852418	1.73542836557547	0.659519865766773	1.73327112979564	2.8146813556077	2.15516148984093	0.601742582993272	1.37272026364169	-9.65483979275138	1.28163737374871	11.9415174097414	21.5963572024928	0.0933	0.9933	2.93117586854908	0.491940136033909	2.86311732580971	5.77280154702361	5.2808614109897	0	NA	NA	NA	NA	NA	NA	1	-0.884342921361651	0.78206240256246	1	-0.60981592978125	0.37187546821497	1	-2.86293886248997	8.19641893035539	1	-1.30448325758259	1.70167656931328	1.00128544875872	4782.93141836381	0	1.00174953140482	12263.3591240044	0	NA	NA	NA	NA	NA	NA	NA	NA
344	7	7	benefit_positive_truncnorm	benefit_positive_truncnorm	continuous	1	waning	benefit	1	1	NA	2.0461284987986	4.30488250327984	1000	360	600	1000	1000	360	730	0.64	0.27	7.01380896105495	24	24	0	2	1	10	4	1	5000	2500	1	0.99	14	10000	101343	0.7935	0.9989	2.15559347487672	-2.97924991219778	2.21825845222325	6.9727302710495	9.95198018324728	1.75520742724015	0.647604268678511	1.76028955277189	2.84310764901564	2.19550338033713	0.794382388027329	3.89300789180931	-7.30191435266513	3.73816708544022	13.8574901478096	21.1594045004747	0.0779	0.993	3.61889790295181	0.734418663179439	3.69537603634735	6.27628967733102	5.54187101415158	0	NA	NA	NA	NA	NA	NA	1	0.109464976078115	0.0119825809877823	1	-0.29092107155845	0.0846350698767167	1	-0.411874611470528	0.169640695573998	1	-0.685984600328036	0.470574871887215	1.00155524618018	4493.32752863102	0	1.0015460707322	11008.4374266679	0	NA	NA	NA	NA	NA	NA	NA	NA
425	7	7	benefit_positive_truncnorm	benefit_positive_truncnorm	continuous	1	waning	benefit	1	1	NA	2.49156289874375	5.49408551765587	1000	360	600	1000	1000	360	710	0.64	0.29	7.04713053215983	24	24	0	2	1	10	4	1	5000	2500	1	0.99	14	10000	101424	0.8412	1	2.5792506410254	-2.52067540105868	2.6779040134746	7.36299464062917	9.88367004168786	3.09639185199643	2.01469346441276	3.0943527467354	4.1641693837918	2.14947591937903	0.828438435110274	4.44482634721217	-6.03266033565529	4.26373071391555	14.0096555524841	20.0423158881394	0.0977	1	6.74054918282182	4.02543861902956	6.77161664348641	9.36925703175222	5.34381841272265	0	NA	NA	NA	NA	NA	NA	1	0.0876877422816502	0.00768914014645311	1	0.604828953252678	0.36581806269273	1	-1.0492591704437	1.1009448067602	1	1.24646366516596	1.55367166857895	1.00146483634255	4070.52558502017	0	1.00165793493188	11877.6880396527	0	NA	NA	NA	NA	NA	NA	NA	NA
232	7	7	benefit_positive_truncnorm	benefit_positive_truncnorm	continuous	1	waning	benefit	1	1	NA	2.56116066775549	5.427715418796	1000	360	600	1000	1000	360	702	0.64	0.298	7.61177357425968	24	24	0	2	1	10	4	1	5000	2500	1	0.99	14	10000	101231	0.7269	1	1.56558870664194	-3.59017811571584	1.61738755804106	6.40798995020977	9.99816806592561	2.38212868908404	1.30462968454348	2.38932030209226	3.45297312658039	2.14834344203691	0.63834035944087	1.92388144152836	-8.91455499033857	1.82623464187705	12.2431492951435	21.1577042854821	0.0986	1	5.32134332487329	2.98925099869821	5.30450118524064	7.75786344411878	4.76861244542058	0	NA	NA	NA	NA	NA	NA	1	-0.995571961113555	0.99116352975549	1	-0.179031978671455	0.0320524493870162	1	-3.50383397726765	12.2768525402552	1	-0.106372093922717	0.0113150223655033	1.00205933473854	4306.2640442162	0	1.00169498880903	11811.404832935	0	NA	NA	NA	NA	NA	NA	NA	NA
224	7	7	benefit_positive_truncnorm	benefit_positive_truncnorm	continuous	1	waning	benefit	1	1	NA	2.21180636708884	4.22951986134884	1000	360	600	1000	1000	360	703	0.64	0.297	7.29575270302146	24	24	0	2	1	10	4	1	5000	2500	1	0.99	14	10000	101223	0.651	0.9993	0.966023429080472	-3.93908841016374	0.984594136563729	5.65324999741492	9.59233840757866	1.81846876348221	0.718688648906051	1.82115609968031	2.90020999802115	2.1815213491151	0.587001189574997	1.10509362904242	-9.67015578031606	1.07583294774624	11.6069513439234	21.2771071242395	0.0753	0.9998	3.69820784602139	1.69022128067683	3.57947024623631	6.06511932356851	4.37489804289168	0	NA	NA	NA	NA	NA	NA	1	-1.24578293800837	1.55197512863276	1	-0.393337603606624	0.154714470411002	1	-3.12442623230642	9.76203928112448	1	-0.531312015327442	0.282292457631308	1.00154669255031	4288.50997908704	0	1.00147139044081	12752.701387841	0	NA	NA	NA	NA	NA	NA	NA	NA
231	7	7	benefit_positive_truncnorm	benefit_positive_truncnorm	continuous	1	waning	benefit	1	1	NA	1.99097507715895	3.81644688534666	1000	360	600	1000	1000	360	709	0.64	0.291	6.9952362761259	24	24	0	2	1	10	4	1	5000	2500	1	0.99	14	10000	101230	0.656	1	1.08328549324495	-4.39958769910899	1.14269844933198	6.3932941244905	10.7928818235995	2.49438096140424	1.41575540089845	2.49430870273706	3.53079273086362	2.11503732996516	0.589430894308943	1.27386883815774	-10.1045945216387	1.19762768754168	12.2991368480379	22.4037313696766	0.0898	0.9998	4.56008950656697	1.81860758686077	4.67083348395887	7.45375195729936	5.63514437043858	0	NA	NA	NA	NA	NA	NA	1	-0.907689583914003	0.823900380745976	1	0.503405884245288	0.25341748429278	1	-2.54257804718892	6.46470312604702	1	0.743642621220309	0.553004348095412	1.00160135730649	4196.60753490778	0	1.00130377423443	13555.1200136773	0	NA	NA	NA	NA	NA	NA	NA	NA
301	7	7	benefit_positive_truncnorm	benefit_positive_truncnorm	continuous	1	waning	benefit	1	1	NA	2.13515430031998	4.6774018057215	1000	360	600	1000	1000	360	717	0.64	0.283	6.64537826638248	24	24	0	2	1	10	4	1	5000	2500	1	0.99	14	10000	101300	0.721	1	1.63885901268172	-3.75155017845547	1.66350023843145	6.94758011083407	10.6991302892895	2.62199067838967	1.52416524242395	2.62303701031846	3.7044622709837	2.18029702855975	0.648318042813456	2.0972449893571	-9.2718588233696	1.9364254751071	12.8219082794473	22.0937671028169	0.0844	1	5.30944549449023	2.777887084359	5.17259868977023	8.2902162340271	5.5123291496681	0	NA	NA	NA	NA	NA	NA	1	-0.496295287638258	0.246309012531941	1	0.486836378069694	0.237009659012018	1	-2.5801568163644	6.65720919703169	1	0.632043688768733	0.399479224512387	1.00221065166386	4511.33380568082	0	1.0014238149214	11132.7064527957	0	NA	NA	NA	NA	NA	NA	NA	NA
282	7	7	benefit_positive_truncnorm	benefit_positive_truncnorm	continuous	1	waning	benefit	1	1	NA	2.03008018698273	4.21542863198133	1000	360	600	1000	1000	360	716	0.64	0.284	7.67363852320378	24	24	0	2	1	10	4	1	5000	2500	1	0.99	14	10000	101281	0.7573	1	1.76822558133042	-3.29756316594015	1.82880879943315	6.54514688946108	9.84271005540123	2.95521700416381	1.90298870653482	2.95531426203889	4.01378392444788	2.11079521791306	0.679457235012791	2.34993269548406	-8.41005396255439	2.21036757737977	12.2899793029811	20.7000332655354	0.1009	1	5.13115691219655	3.09813051500281	5.12773738161758	7.24071338744917	4.14258287244636	0	NA	NA	NA	NA	NA	NA	1	-0.261854605652314	0.0685678345013288	1	0.925136817181083	0.855878130503945	1	-1.86549593649727	3.48007508908782	1	0.915728280215222	0.838558283185929	1.0016456887294	4547.40651260904	0	1.00187587966564	12371.2276097309	0	NA	NA	NA	NA	NA	NA	NA	NA
244	7	7	benefit_positive_truncnorm	benefit_positive_truncnorm	continuous	1	waning	benefit	1	1	NA	2.27152056504277	4.68807239399545	1000	360	600	1000	1000	360	730	0.64	0.27	7.56526605733229	24	24	0	2	1	10	4	1	5000	2500	1	0.99	14	10000	101243	0.6948	0.9999	1.31685732387078	-3.72072171237705	1.33578128967433	6.16322246930418	9.88394418168122	1.8825966075454	0.849281079483233	1.876004184673	2.91952496118782	2.07024388170459	0.619752811490925	1.59832941664306	-9.25670665685819	1.49705476033608	11.9720547325035	21.2287613893617	0.1019	0.9991	3.48508707941975	1.39013020423668	3.46635646476357	5.58943774727688	4.1993075430402	0	NA	NA	NA	NA	NA	NA	1	-0.954663241171995	0.911381904045019	1	-0.388923957497371	0.151261844715417	1	-3.08974297735239	9.5465116660984	1	-1.20298531457571	1.44717366708481	1.00146267280711	4589.33541304142	0	1.0014511632015	13017.930523705	0	NA	NA	NA	NA	NA	NA	NA	NA
345	7	7	benefit_positive_truncnorm	benefit_positive_truncnorm	continuous	1	waning	benefit	1	1	NA	1.66946070422939	2.99953585700841	1000	360	600	1000	1000	360	726	0.64	0.274	7.67078158169003	24	24	0	2	1	10	4	1	5000	2500	1	0.99	14	10000	101344	0.608	0.8803	0.697828880818181	-4.25206018245124	0.719398176613073	5.70256908170443	9.95462926415568	0.639539056731698	-0.415420374193105	0.640635860062806	1.706877460577	2.12229783477011	0.53687707641196	0.61748599723798	-10.2748655543668	0.471147445193269	11.3686655138723	21.6435310682391	0.097	0.7999	0.771459279011668	-1.10433949615958	0.783448381912894	2.54121387048011	3.6455533666397	0	NA	NA	NA	NA	NA	NA	1	-0.971631823411209	0.944068400265391	1	-1.02992164749769	1.06073859998436	1	-2.38204985977043	5.67416153443235	0	-2.22807657799675	4.96432523741769	1.00120182360354	4028.7567737927	0	1.00188694158353	12294.8021520761	0	NA	NA	NA	NA	NA	NA	NA	NA
258	7	7	benefit_positive_truncnorm	benefit_positive_truncnorm	continuous	1	waning	benefit	1	1	NA	2.18751421227352	4.8002327105666	1000	360	600	1000	1000	360	680	0.64	0.32	8.20511013123725	24	24	0	2	1	10	4	1	5000	2500	1	0.99	14	10000	101257	0.7745	1	1.77621548609684	-2.87753796848	1.82168194612236	6.27246337523989	9.15000134371989	2.60065596339492	1.5739892989035	2.60002741234871	3.64095158572503	2.06696228682153	0.66547326023719	2.11827512670291	-8.11089765695462	2.04129844798613	11.8904196787101	20.0013173356647	0.1062	1	5.01367320738818	2.35482449118373	5.0161230715225	7.78041452430626	5.42559003312253	0	NA	NA	NA	NA	NA	NA	1	-0.411298726176684	0.169166642154563	1	0.413141751121402	0.170686106519658	1	-2.68195758386368	7.19289648164393	1	0.213440496821586	0.0455568456834454	1.00123799378119	4782.58080065876	0	1.00196652264547	10504.4328300709	0	NA	NA	NA	NA	NA	NA	NA	NA
243	7	7	benefit_positive_truncnorm	benefit_positive_truncnorm	continuous	1	waning	benefit	1	1	NA	1.82672662427921	3.17181484733531	1000	360	600	1000	1000	360	709	0.64	0.291	7.18045736502366	24	24	0	2	1	10	4	1	5000	2500	1	0.99	14	10000	101242	0.7807	1	1.91845724422641	-3.03795225983056	1.96063303110425	6.64999326521164	9.6879455250422	2.24449056579765	1.18194814650612	2.25205162027958	3.30925564916842	2.1273075026623	0.699043893959148	2.60984272709727	-7.876917431958	2.46575455209764	12.7381109603763	20.6150283923343	0.0796	0.9932	4.15508143961623	0.747740144487128	4.13369327618578	7.40804657815117	6.66030643366405	0	NA	NA	NA	NA	NA	NA	1	0.0917306199472081	0.00841450663589913	1	0.417763941518443	0.174526710833025	1	-0.561972120238046	0.315812663924844	1	0.983266592280914	0.96681319149572	1.00137750320535	4058.16518336243	0	1.00097363626558	12182.8804891516	0	NA	NA	NA	NA	NA	NA	NA	NA
299	7	7	benefit_positive_truncnorm	benefit_positive_truncnorm	continuous	1	waning	benefit	1	1	NA	1.8748827762624	3.83452880296199	1000	360	600	1000	1000	360	715	0.64	0.285	6.93117219378672	24	24	0	2	1	10	4	1	5000	2500	1	0.99	14	10000	101298	0.706	1	1.50510526123273	-3.90292997114399	1.52143416448229	6.83134168422252	10.7342716553665	2.33333698522648	1.26811275774835	2.32834855639475	3.40753557915573	2.13942282140738	0.609495807470326	1.55884886696836	-9.82142379255756	1.38719435060008	12.6231911603763	22.4446149529339	0.0817	1	4.74552573527116	2.52012477406962	4.68935254278653	7.31121901798605	4.79109424391644	0	NA	NA	NA	NA	NA	NA	1	-0.369777515029669	0.136735410621517	1	0.458454208964087	0.210180261716886	1	-2.27567993599363	5.17871917108395	1	0.910996932309178	0.829915410676733	1.00140292747299	4272.14685097046	0	1.00177020554526	9834.60159249775	0	NA	NA	NA	NA	NA	NA	NA	NA
259	7	7	benefit_positive_truncnorm	benefit_positive_truncnorm	continuous	1	waning	benefit	1	1	NA	2.27614324146865	4.59501578589188	1000	360	600	1000	1000	360	711	0.64	0.289	7.52302233570651	24	24	0	2	1	10	4	1	5000	2500	1	0.99	14	10000	101258	0.7252	1	1.49624794820693	-3.5817759587538	1.55215459594796	6.31849486974466	9.90027082849846	2.5589939387318	1.52688406285053	2.55832790241257	3.59533833537588	2.06845427252535	0.630512249443207	1.72677634423553	-8.9882427270786	1.70743203937141	11.9673383615812	20.9555810886597	0.102	1	4.93514427054886	2.361803169841	5.00263991860843	7.36550378989551	5.00370062005451	0	NA	NA	NA	NA	NA	NA	1	-0.779895293261724	0.608236668451791	1	0.282850697263149	0.0800045169422495	1	-2.86823944165635	8.22679749467315	1	0.340128484656973	0.115687386075049	1.00166691459592	4212.92880903186	0	1.00252696801627	14004.7813168302	0	NA	NA	NA	NA	NA	NA	NA	NA
203	7	7	benefit_positive_truncnorm	benefit_positive_truncnorm	continuous	1	waning	benefit	1	1	NA	1.7055569000668	2.94500417036747	1000	360	600	1000	1000	360	714	0.64	0.286	6.83164046975665	24	24	0	2	1	10	4	1	5000	2500	1	0.99	14	10000	101202	0.5336	0.9058	0.252239572270904	-5.09180848639659	0.231499217288516	5.53571664819708	10.6275251345937	0.736204288340295	-0.350817163760811	0.728229170635275	1.82126039199332	2.17207755575413	0.521413856662691	0.287288889951091	-11.0420222578957	0.300803673573025	11.6760939354648	22.7181161933605	0.0777	0.9117	1.50359790648144	-0.78265558015032	1.51869295247928	3.72459191796141	4.50724749811173	0	NA	NA	NA	NA	NA	NA	1	-1.45331732779589	2.1121312552718	1	-0.969352611726503	0.939644485860992	1	-2.65771528041638	7.06345051175871	1	-1.44140626388603	2.07765201756987	1.0019055260631	4458.86062399573	0	1.00129544659784	14261.5304217492	0	NA	NA	NA	NA	NA	NA	NA	NA
268	7	7	benefit_positive_truncnorm	benefit_positive_truncnorm	continuous	1	waning	benefit	1	1	NA	1.85225023402488	3.76808868392553	1000	360	600	1000	1000	360	711	0.64	0.289	6.843048280306	24	24	0	2	1	10	4	1	5000	2500	1	0.99	14	10000	101267	0.6652	0.9991	1.12491252768181	-4.31842962926318	1.20106130113738	6.27348030817037	10.5919099374335	1.71398042740954	0.628999378149903	1.71267929581903	2.78516891833192	2.15616954018202	0.590201415351116	1.24478851258747	-10.3370257515493	1.21875431723472	12.1798084276518	22.5168341792011	0.0815	0.9815	2.60547251874999	0.176057893943909	2.58324111544022	5.1904285627413	5.01437066879739	0	NA	NA	NA	NA	NA	NA	1	-0.727337706343063	0.529020139068388	1	-0.138269806615337	0.0191185394214427	1	-2.52330017133806	6.3670437546747	1	-1.16261616517554	1.35167634752748	1.00217468447698	4700.5574338079	0	1.0012001954088	12581.9223852283	0	NA	NA	NA	NA	NA	NA	NA	NA
372	7	7	benefit_positive_truncnorm	benefit_positive_truncnorm	continuous	1	waning	benefit	1	1	NA	2.43884838729068	5.02271117803986	1000	360	600	1000	1000	360	707	0.64	0.293	7.72310637840107	24	24	0	2	1	10	4	1	5000	2500	1	0.99	14	10000	101371	0.6665	0.9997	1.0796256196965	-3.96522022521579	1.10537032930564	5.92914871699892	9.8943689422147	1.79805034008346	0.724546132458793	1.79107765622627	2.84988278576824	2.12533665330945	0.611617059084851	1.41963283360324	-9.68332531115462	1.39087679928554	11.9947258288647	21.6780511400193	0.0996	0.9995	3.99402764989287	1.60173134982004	3.9798122696864	6.59515664779066	4.99342529797061	0	NA	NA	NA	NA	NA	NA	1	-1.35922276759418	1.84748653194639	1	-0.640798047207225	0.410622137304592	1	-3.60307834443662	12.9821735561481	1	-1.02868352814699	1.05818980108095	1.00109625448887	4608.47621163514	0	1.00195965187242	12739.9444431559	0	NA	NA	NA	NA	NA	NA	NA	NA
302	7	7	benefit_positive_truncnorm	benefit_positive_truncnorm	continuous	1	waning	benefit	1	1	NA	2.24715524170336	4.56130343539203	1000	360	600	1000	1000	360	681	0.64	0.319	7.79584536491828	24	24	0	2	1	10	4	1	5000	2500	1	0.99	14	10000	101301	0.7732	1	1.95640965677926	-3.26534832965374	2.0313871601767	6.84039079164433	10.1057391212981	2.51320368402661	1.45005603647893	2.50963230900138	3.57244416826011	2.12238813178118	0.686265658503555	2.48584027733731	-8.44167257040726	2.38999670910768	12.7119449867902	21.1536175571974	0.1139	1	4.96516718590126	2.77589124370007	4.92337059668042	7.40131722621779	4.62542598251773	0	NA	NA	NA	NA	NA	NA	1	-0.290745584924109	0.0845329951528623	1	0.266048442323246	0.0707817736626254	1	-2.07546315805473	4.3075473204425	1	0.403863750509223	0.163105928975376	1.00191408055718	4804.24630301064	0	1.00152502101619	12831.8697137261	0	NA	NA	NA	NA	NA	NA	NA	NA
254	7	7	benefit_positive_truncnorm	benefit_positive_truncnorm	continuous	1	waning	benefit	1	1	NA	2.11871822862609	3.90630523176853	1000	360	600	1000	1000	360	737	0.64	0.263	7.0669653575885	24	24	0	2	1	10	4	1	5000	2500	1	0.99	14	10000	101253	0.7392	1	1.63208040581573	-3.34906549650852	1.6636689840286	6.4342743988605	9.78333989536901	2.19822543335212	1.10834970845134	2.19355311329165	3.26108099046271	2.15273128201138	0.694727706660881	2.51981639868723	-7.96657693773289	2.34841595439281	12.7637798667709	20.7303568045038	0.0782	0.9996	3.2133443788131	1.33659728049863	3.2692667410268	4.88862745363817	3.55203017313953	0	NA	NA	NA	NA	NA	NA	1	-0.486637822810358	0.236816370589605	1	0.0795072047260308	0.00632139560334697	1	-1.3864888330813	1.92235128425915	1	-0.692960852955439	0.48019474372873	1.00202993314932	4667.86634656415	0	1.00195711774624	12488.9871643745	0	NA	NA	NA	NA	NA	NA	NA	NA
241	7	7	benefit_positive_truncnorm	benefit_positive_truncnorm	continuous	1	waning	benefit	1	1	NA	1.93495225363058	3.6173159023581	1000	360	600	1000	1000	360	705	0.64	0.295	7.57656935653952	24	24	0	2	1	10	4	1	5000	2500	1	0.99	14	10000	101240	0.7119	0.9991	1.38411843737183	-3.60500738394855	1.41164429590256	6.21336820993668	9.81837559388523	1.65443186805703	0.586436917795133	1.65868851143153	2.70992253396369	2.12348561616855	0.636343852013058	1.8263095605086	-8.92697177732195	1.72732305194082	12.1222781777029	21.0492499550249	0.081	0.9967	3.38172804933066	1.04185764065058	3.39575229679566	5.75693839982372	4.71508075917314	0	NA	NA	NA	NA	NA	NA	1	-0.550833816258744	0.303417893134172	1	-0.280520385573554	0.0786916867223352	1	-1.7910063418495	3.20770371654513	1	-0.23558785302744	0.0555016364940789	1.00155998377369	4621.19020399436	0	1.00280223130691	13299.0927271096	0	NA	NA	NA	NA	NA	NA	NA	NA
230	7	7	benefit_positive_truncnorm	benefit_positive_truncnorm	continuous	1	waning	benefit	1	1	NA	2.8893306365379	6.36731340243797	1000	360	600	1000	1000	360	669	0.64	0.331	8.41613403415525	24	24	0	2	1	10	4	1	5000	2500	1	0.99	14	10000	101229	0.8217	1	2.25124529224005	-2.56660705931301	2.32075572257175	6.74656816536711	9.31317522468012	3.07868838158969	1.98360151609712	3.08045769645834	4.15673751850048	2.17313600240336	0.72612633268371	2.88196956632735	-7.23232006725428	2.78997497489725	12.2646417121575	19.4969617794118	0.1277	1	7.9411435247262	5.46642822957044	7.93357067041079	10.4911343328988	5.02470610332836	0	NA	NA	NA	NA	NA	NA	1	-0.63808534429785	0.407152906607706	1	0.189357745051791	0.0358563556110991	1	-3.48534383611061	12.1476216559143	1	1.57383012228823	2.47694125382178	1.00136790695416	4869.17635663951	0	1.00181971310606	12307.8061037354	0	NA	NA	NA	NA	NA	NA	NA	NA
128	7	7	benefit_positive_truncnorm	benefit_positive_truncnorm	continuous	1	waning	benefit	1	1	NA	2.50617047029528	4.98049092846943	1000	360	600	1000	1000	360	721	0.64	0.279	7.57804447692042	24	24	0	2	1	10	4	1	5000	2500	1	0.99	14	10000	101127	0.7046	1	1.38297754854146	-3.65008451157853	1.43973765757396	6.28854693527754	9.93863144685607	2.34557314346928	1.29679701354256	2.34550997536604	3.39746410289791	2.10066708935535	0.622131957404765	1.55528261012986	-9.15072358445857	1.4881133968064	11.8052908549725	20.9560144394311	0.0891	1	4.03658050985965	2.03395413253591	4.0261816920495	6.20199234807007	4.16803821553417	0	NA	NA	NA	NA	NA	NA	1	-1.12319292175382	1.26156233947787	1	-0.160597326825998	0.0257915013836565	1	-3.42520831833956	11.7320520240225	1	-0.94391041860978	0.890966878360091	1.0013815685285	4392.60730010924	0	1.00204151612746	11535.62530497	0	NA	NA	NA	NA	NA	NA	NA	NA
257	7	7	benefit_positive_truncnorm	benefit_positive_truncnorm	continuous	1	waning	benefit	1	1	NA	2.29104264997503	4.23417753411929	1000	360	600	1000	1000	360	717	0.64	0.283	7.50648867394452	24	24	0	2	1	10	4	1	5000	2500	1	0.99	14	10000	101256	0.7457	1	1.68109634377455	-3.44940453087335	1.72867549744898	6.53190186377809	9.98130639465144	2.72899159765285	1.69899622160649	2.72707815657173	3.76931573828975	2.07031951668326	0.648397790055249	1.97870091106883	-8.79376124702144	1.95104318570363	12.4766865331244	21.2704477801459	0.095	1	4.77267769205977	2.93575396928264	4.69640530211992	6.94345885008866	4.00770488080602	0	NA	NA	NA	NA	NA	NA	1	-0.60994630620048	0.372034496447609	1	0.437948947677822	0.191799280772112	1	-2.25547662305046	5.08717479712712	1	0.538500157940478	0.289982420101919	1.0010363238796	4302.19908591009	0	1.00243079929852	10141.0639041059	0	NA	NA	NA	NA	NA	NA	NA	NA
343	7	7	benefit_positive_truncnorm	benefit_positive_truncnorm	continuous	1	waning	benefit	1	1	NA	1.40295976107512	2.27465584639567	1000	360	600	1000	1000	360	710	0.64	0.29	7.29960323858232	24	24	0	2	1	10	4	1	5000	2500	1	0.99	14	10000	101342	0.5891	0.9952	0.506077507273246	-4.54215049094876	0.547829989474365	5.39293091206175	9.93508140301051	1.42202589798444	0.338926166316774	1.4196852463238	2.49598744682754	2.15706128051076	0.540334024669796	0.457083513034637	-10.4270375084386	0.485350937776312	10.9761232942569	21.4031608026956	0.0839	0.9829	2.82151772149686	0.199680456252249	2.88069475282932	5.15395248524344	4.95427202899119	0	NA	NA	NA	NA	NA	NA	1	-0.896882253801874	0.80439777718473	1	0.0190661369093226	0.000363517576645033	1	-1.81757233336104	3.30356918699948	1	0.546861875101189	0.299057910439188	1.0013358278722	4675.00859659938	0	1.00199620886807	14925.4879492696	0	NA	NA	NA	NA	NA	NA	NA	NA
123	7	7	benefit_positive_truncnorm	benefit_positive_truncnorm	continuous	1	waning	benefit	1	1	NA	2.13872963926513	4.22236965879683	1000	360	600	1000	1000	360	679	0.64	0.321	7.81715788673518	24	24	0	2	1	10	4	1	5000	2500	1	0.99	14	10000	101122	0.7662	1	1.87133848613938	-3.28103152733169	1.8943100061083	6.86019604806593	10.1412275753976	2.00786802826888	0.963781288060655	2.00656149407153	3.04144725552486	2.07766596746421	0.649472976003588	2.03638200399727	-8.72906351324812	1.91878773598452	12.4112180566091	21.1402815698572	0.1082	0.9945	3.6419571203425	0.889370347284728	3.66505385555658	6.08026160879219	5.19089126150746	0	NA	NA	NA	NA	NA	NA	1	-0.26739115312575	0.0714980287699185	1	-0.130861610996245	0.0171247612325327	1	-2.18598765479956	4.77854202693608	1	-0.580412538454334	0.336878714795004	1.00134570856424	4828.33493715655	0	1.0010197731964	12588.5880755758	0	NA	NA	NA	NA	NA	NA	NA	NA
127	7	7	benefit_positive_truncnorm	benefit_positive_truncnorm	continuous	1	waning	benefit	1	1	NA	1.27870993897663	2.21582906019374	1000	360	600	1000	1000	360	721	0.64	0.279	7.03528978316067	24	24	0	2	1	10	4	1	5000	2500	1	0.99	14	10000	101126	0.5024	0.9963	0.015027632285149	-4.87723111506417	0.0175229177147589	4.98343879254877	9.86066990761294	1.48596447925068	0.42610219821628	1.4818631022383	2.54236005746711	2.11625785925083	0.469837837837838	-0.350075585984713	-11.0296712455016	-0.364129027326151	10.5996288347551	21.6293000802567	0.075	0.9984	3.10239224615273	1.04109808849989	3.10262601078203	5.07789705891992	4.03679897042004	0	NA	NA	NA	NA	NA	NA	1	-1.26368230669149	1.59689297224511	1	0.207254540274044	0.0429544444642053	1	-2.56590464617846	6.58386665328018	1	0.886563185958984	0.785994282697743	1.00251283982032	4471.73380396195	0	1.0014290428563	12226.4120464651	0	NA	NA	NA	NA	NA	NA	NA	NA
298	7	7	benefit_positive_truncnorm	benefit_positive_truncnorm	continuous	1	waning	benefit	1	1	NA	1.90958685965997	3.97642927296001	1000	360	600	1000	1000	360	708	0.64	0.292	7.23727318828104	24	24	0	2	1	10	4	1	5000	2500	1	0.99	14	10000	101297	0.7092	0.9935	1.3674261283349	-3.62011970813653	1.41038969986993	6.13174882103561	9.75186852917214	1.36976943103897	0.273677290163956	1.37402932996854	2.47253584083271	2.19885855066876	0.690960207612457	2.43360118134126	-7.78897296470775	2.20955896575552	12.6580030159749	20.4469759806826	0.0752	0.9727	2.43190825312074	-0.0346751465291731	2.43766119765951	4.93213736039582	4.96681250692499	0	NA	NA	NA	NA	NA	NA	1	-0.542160731325069	0.293938258590934	1	-0.539817428621002	0.29140285624299	1	-1.54282809161875	2.38031852028795	1	-1.54452101983927	2.38554518072535	1.00155460657871	4403.75985490564	0	1.00141838636509	11523.8906339107	0	NA	NA	NA	NA	NA	NA	NA	NA
130	7	7	benefit_positive_truncnorm	benefit_positive_truncnorm	continuous	1	waning	benefit	1	1	NA	2.19667046678611	4.62037280362629	1000	360	600	1000	1000	360	711	0.64	0.289	7.59072680435184	24	24	0	2	1	10	4	1	5000	2500	1	0.99	14	10000	101129	0.7365	0.9994	1.59949533529673	-3.45193310076921	1.62961746802574	6.43513791288304	9.88707101365226	1.77256624959809	0.709085739653112	1.77102810173269	2.83173762435101	2.1226518846979	0.666146819650217	2.23994410971278	-8.53032658314234	2.02480780861105	12.466516737826	20.9968433209683	0.1023	0.9988	4.15686861498829	1.39864385942794	4.23379525075336	6.49778296468254	5.09913910525461	0	NA	NA	NA	NA	NA	NA	1	-0.597175131489381	0.356618137669359	1	-0.424104217188025	0.179864387036668	1	-2.38042869391351	5.66644076680678	1	-0.463504188638	0.21483613288497	1.00148022956984	4503.12616923595	0	1.00152161168324	12710.8388436751	0	NA	NA	NA	NA	NA	NA	NA	NA
322	7	7	benefit_positive_truncnorm	benefit_positive_truncnorm	continuous	1	waning	benefit	1	1	NA	1.47994051008931	2.91513213976708	1000	360	600	1000	1000	360	724	0.64	0.276	7.20901812104681	24	24	0	2	1	10	4	1	5000	2500	1	0.99	14	10000	101321	0.6441	0.9125	0.899604460885487	-3.94443828729764	0.922815399824597	5.6241393648845	9.56857765218213	0.751046717928281	-0.342595374877601	0.753146309305591	1.81331090582405	2.15590628070165	0.605158516926384	1.34942810225656	-9.23388477993668	1.23492093217024	11.8098029890283	21.0436877689649	0.0695	0.8545	1.21918714947315	-1.03370822940068	1.23868793827878	3.40382736317538	4.43753559257605	0	NA	NA	NA	NA	NA	NA	1	-0.580336049203818	0.336789930005497	1	-0.728893792161024	0.531286160250879	1	-1.56570403751052	2.45142913307673	1	-1.69594499029393	2.87622941010309	1.00160708436326	5229.73414809839	0	1.00142962962716	10834.4195913985	0	NA	NA	NA	NA	NA	NA	NA	NA
253	7	7	benefit_positive_truncnorm	benefit_positive_truncnorm	continuous	1	waning	benefit	1	1	NA	1.63671200702586	3.03397261702229	1000	360	600	1000	1000	360	734	0.64	0.266	6.50514937521592	24	24	0	2	1	10	4	1	5000	2500	1	0.99	14	10000	101252	0.6613	0.9998	1.10258620581444	-4.18922255929373	1.13920353707222	6.20132079423033	10.3905433535241	1.97529316421189	0.890349110898164	1.97727612953001	3.04006006210679	2.14971095120862	0.605796164619694	1.47909287380428	-9.40031592948512	1.3085739975882	12.5064265876429	21.906742517128	0.0718	0.9992	3.58826134420198	1.31992181209948	3.60992769081504	5.86568912154781	4.54576730944833	0	NA	NA	NA	NA	NA	NA	1	-0.534125801211423	0.285290371519744	1	0.338581157186028	0.11463720000143	1	-1.55487974321801	2.4176510158697	1	0.554288727179688	0.307235993078478	1.00111315267249	3998.87624645943	0	1.00162261260697	12564.8721344476	0	NA	NA	NA	NA	NA	NA	NA	NA
240	7	7	benefit_positive_truncnorm	benefit_positive_truncnorm	continuous	1	waning	benefit	1	1	NA	1.2831840561391	2.10525461108021	1000	360	600	1000	1000	360	730	0.64	0.27	6.45425734871971	24	24	0	2	1	10	4	1	5000	2500	1	0.99	14	10000	101239	0.5857	0.9797	0.558462307366079	-4.65141860260275	0.600684946070556	5.60189156008961	10.2533101626924	1.13590974086779	0.0483644525595056	1.13896819808606	2.2199584163797	2.17159396382019	0.562533037318956	0.856622347416346	-10.3779182429429	0.791508317997565	11.7092653494853	22.0871835924282	0.0541	0.989	2.24417951684768	0.353224973443753	2.31518897374273	3.90334630880645	3.5501213353627	0	NA	NA	NA	NA	NA	NA	1	-0.724721748773023	0.525221613144629	1	-0.147274315271314	0.0216897239386344	1	-1.24863226366387	1.55908252986236	1	0.138924905767463	0.0193001294424985	1.00189265847858	4430.75471428137	0	1.00224581303137	12717.2815693476	0	NA	NA	NA	NA	NA	NA	NA	NA
249	7	7	benefit_positive_truncnorm	benefit_positive_truncnorm	continuous	1	waning	benefit	1	1	NA	2.49769879897147	4.89292121402319	1000	360	600	1000	1000	360	693	0.64	0.307	7.55417624726337	24	24	0	2	1	10	4	1	5000	2500	1	0.99	14	10000	101248	0.7882	0.9999	2.14399999009807	-3.09756672754014	2.2323364159162	7.05021906385601	10.1477857913961	2.19394677988749	1.12703723261482	2.1919148294085	3.26589039409373	2.13885316147891	0.700534759358289	2.7201987740081	-8.17467245771246	2.63844094445601	12.911542869276	21.0862153269885	0.1024	0.9996	4.11243034804026	1.6867547241009	4.0617894524598	6.76487662804327	5.07812190394237	0	NA	NA	NA	NA	NA	NA	1	-0.353698808873393	0.125102847398457	1	-0.303752019083976	0.0922652890975921	1	-2.17272244001509	4.72072280134512	1	-0.780490865982935	0.609165991882791	1.00137322092492	4384.02757403298	0	1.00142871854758	12044.5879686286	0	NA	NA	NA	NA	NA	NA	NA	NA
314	7	7	benefit_positive_truncnorm	benefit_positive_truncnorm	continuous	1	waning	benefit	1	1	NA	2.95674166263436	5.82802205433777	1000	360	600	1000	1000	360	713	0.64	0.287	7.10545008347968	24	24	0	2	1	10	4	1	5000	2500	1	0.99	14	10000	101313	0.7147	1	1.42159685107112	-3.52190230203274	1.4669755106445	6.34314659432462	9.86504889635735	2.36430097336003	1.26482092593495	2.36784094709153	3.45059001833149	2.18576909239654	0.62240754965434	1.6045126240709	-9.00696434219477	1.56220107765039	12.193490446477	21.2004547886718	0.0887	1	3.81302198377768	1.56179964151199	3.8169779163738	6.14390047641192	4.58210083489992	0	NA	NA	NA	NA	NA	NA	1	-1.53514481156324	2.35666959246952	1	-0.592440689274325	0.350985970307837	1	-4.22350943026687	17.8380319075532	1	-2.01500007056009	4.06022528435718	1.0014540824093	4272.04267247026	0	1.0013938099723	10713.5699973669	0	NA	NA	NA	NA	NA	NA	NA	NA
315	7	7	benefit_positive_truncnorm	benefit_positive_truncnorm	continuous	1	waning	benefit	1	1	NA	1.62291082945338	2.86525869425559	1000	360	600	1000	1000	360	707	0.64	0.293	6.70241349180222	24	24	0	2	1	10	4	1	5000	2500	1	0.99	14	10000	101314	0.6653	0.9992	1.16845081441851	-4.19608556456948	1.20229956887379	6.37647436947289	10.5725599340424	1.68340492559364	0.612467912176945	1.68199427174811	2.75399506344964	2.14152715127269	0.60339974014725	1.4618285224616	-10.0266981930668	1.3309969298474	12.4660497534518	22.4927479465186	0.0764	0.9953	3.00866776277002	0.799323367908772	3.07196940634057	4.86753708906004	4.06821372115127	0	NA	NA	NA	NA	NA	NA	1	-0.454460015034871	0.206533905265495	1	0.0604940961402585	0.00365953566782683	1	-1.40343017179399	1.96961624710169	1	0.143409068514432	0.0205661609321772	1.0017000207678	4714.42580074674	0	1.00112235173273	9911.94717165454	0	NA	NA	NA	NA	NA	NA	NA	NA
426	7	7	benefit_positive_truncnorm	benefit_positive_truncnorm	continuous	1	waning	benefit	1	1	NA	1.88645493616131	3.7520620654962	1000	360	600	1000	1000	360	744	0.64	0.256	6.22087853673986	24	24	0	2	1	10	4	1	5000	2500	1	0.99	14	10000	101425	0.7039	0.9995	1.42559601685958	-3.82874130473271	1.47011558638095	6.46220790348189	10.2909492082146	1.78191734528676	0.737180172013873	1.78063591976448	2.84010671798596	2.10292654597209	0.654352441613588	2.14646839373195	-8.68851016098471	2.01037474187735	12.9322794291704	21.6207895901551	0.058	0.9982	3.55814325212579	1.02773692835987	3.5974518005997	6.00281071644443	4.97507378808456	0	NA	NA	NA	NA	NA	NA	1	-0.460858919301731	0.212390943499959	1	-0.104537590874551	0.0109281079058551	1	-1.60559367176424	2.57793103880939	1	-0.193918813370405	0.0376045061789859	1.00147437952343	4657.43716723305	0	1.0011882197724	11736.5907395496	0	NA	NA	NA	NA	NA	NA	NA	NA
121	7	7	benefit_positive_truncnorm	benefit_positive_truncnorm	continuous	1	waning	benefit	1	1	NA	1.31983927623522	2.62819266153176	1000	360	600	1000	1000	360	696	0.64	0.304	6.75030822802499	24	24	0	2	1	10	4	1	5000	2500	1	0.99	14	10000	101120	0.7085	1	1.46360396909843	-3.93677199372536	1.50800619944503	6.68783454325128	10.6246065369766	2.26134116092572	1.16444159592489	2.26353820855388	3.37190149433458	2.20745989840969	0.639140759930915	1.9726518028362	-9.06437021740435	1.87458872659873	12.8750027303698	21.9393729477741	0.0736	0.9998	4.31352353577389	1.84168108591303	4.31613300694683	6.88515091971427	5.04346983380124	0	NA	NA	NA	NA	NA	NA	1	0.143764692863204	0.0206682869140513	1	0.941501884690497	0.886425798875759	1	-0.655540858695555	0.429733817419305	1	1.68533087424214	2.84034015567377	1.00171743741893	4477.24662026476	0	1.001592839057	10021.5005496007	0	NA	NA	NA	NA	NA	NA	NA	NA
287	7	7	benefit_positive_truncnorm	benefit_positive_truncnorm	continuous	1	waning	benefit	1	1	NA	2.24239915016071	4.104429572683	1000	360	600	1000	1000	360	726	0.64	0.274	6.94653377021252	24	24	0	2	1	10	4	1	5000	2500	1	0.99	14	10000	101286	0.7108	1	1.52298224818185	-3.96173900404528	1.589526014765	6.85082647220547	10.8125654762507	2.77286839304195	1.70157016129516	2.77545594162878	3.83445307141942	2.13288291012427	0.618744512730465	1.71630726126313	-9.67669724436813	1.60593751225546	12.7047231151707	22.3814203595388	0.0888	0.9999	4.52997888717566	2.45036902160778	4.49438374858224	6.89975444761316	4.44938542600538	0	NA	NA	NA	NA	NA	NA	1	-0.719416901978857	0.517560678852856	1	0.530469242881244	0.281397617643	1	-2.38812231141987	5.7031281743014	1	0.425549314492661	0.181092219065173	1.00216568009187	4606.19599190943	0	1.00158821979224	13106.6897737134	0	NA	NA	NA	NA	NA	NA	NA	NA
125	7	7	benefit_positive_truncnorm	benefit_positive_truncnorm	continuous	1	waning	benefit	1	1	NA	2.37256863589768	4.89837993690631	1000	360	600	1000	1000	360	703	0.64	0.297	7.7728204394229	24	24	0	2	1	10	4	1	5000	2500	1	0.99	14	10000	101124	0.7343	1	1.61168216301833	-3.53771637304502	1.64448462062394	6.43728167482264	9.97499804786767	2.25924968494295	1.19880906150981	2.25931974086577	3.31306625190064	2.11425719039083	0.648642609764272	1.98507084005541	-8.78764947780075	1.88101921575603	12.3678351609045	21.1554846387053	0.1049	0.9999	4.7442642061892	2.55760737628163	4.79595763884844	6.75181083885756	4.19420346257594	0	NA	NA	NA	NA	NA	NA	1	-0.760886472879348	0.578948224610775	1	-0.113318950954729	0.0128411846454802	1	-2.9133090968509	8.48736989379422	1	-0.154115730717116	0.0237516584544707	1.0016505020821	4947.09221995378	0	1.00128103421961	12843.2099320465	0	NA	NA	NA	NA	NA	NA	NA	NA
313	7	7	benefit_positive_truncnorm	benefit_positive_truncnorm	continuous	1	waning	benefit	1	1	NA	1.69521692477944	3.25298178505379	1000	360	600	1000	1000	360	723	0.64	0.277	6.43692337692866	24	24	0	2	1	10	4	1	5000	2500	1	0.99	14	10000	101312	0.5709	0.9949	0.487946830576376	-4.72770517709379	0.476619229972702	5.62163608149324	10.349341258587	1.40462785582164	0.343268396233414	1.39692435139176	2.48184022469859	2.13857182846517	0.543348916277093	0.659461728258341	-10.3756192600279	0.553601329432173	11.6456907084342	22.021309968462	0.0588	0.9604	1.99591808625236	-0.237778244420363	1.87869843415967	4.60791060793384	4.84568885235421	0	NA	NA	NA	NA	NA	NA	1	-1.20727009420306	1.45750108035706	1	-0.290589068957798	0.0844420069977601	1	-2.59352005679545	6.72634628500028	1	-1.25706369880143	1.58020914284433	1.00128673673423	4725.2458775292	0	1.00124892089133	12266.8327842108	0	NA	NA	NA	NA	NA	NA	NA	NA
248	7	7	benefit_positive_truncnorm	benefit_positive_truncnorm	continuous	1	waning	benefit	1	1	NA	2.38722272184103	4.95979590686714	1000	360	600	1000	1000	360	691	0.64	0.309	8.31380076840296	24	24	0	2	1	10	4	1	5000	2500	1	0.99	14	10000	101247	0.729	0.9992	1.49537283078505	-3.29606858332928	1.54668744770466	6.19264635649916	9.48871493982844	1.79958724375669	0.719074723695653	1.8010951921988	2.89301602280765	2.173941299112	0.593279782780858	1.24664725498192	-9.07287746018836	1.20462399191014	11.1077195555401	20.1805970157284	0.1161	0.9901	3.25269876415141	0.552608423844642	3.29592355763352	5.66470587419932	5.11209745035468	0	NA	NA	NA	NA	NA	NA	1	-0.891849891055987	0.795396228176575	1	-0.587635478084341	0.345315455103412	1	-3.71314865188521	13.787472910997	1	-1.70709714271573	2.9141806546682	1.00188675093236	4346.36612549797	0	1.00157028475937	10541.2183773656	0	NA	NA	NA	NA	NA	NA	NA	NA
179	7	7	benefit_positive_truncnorm	benefit_positive_truncnorm	continuous	1	waning	benefit	1	1	NA	1.94697725625963	3.78273812178895	1000	360	600	1000	1000	360	700	0.64	0.3	7.683698700585	24	24	0	2	1	10	4	1	5000	2500	1	0.99	14	10000	101178	0.7991	1	2.15596282818578	-2.98039930834334	2.19776364199882	6.99746405053948	9.97786335888282	2.54879951019972	1.46581506690426	2.54884994606418	3.61756007072101	2.15174500381675	0.716448260280163	2.90349996598612	-7.68297762147173	2.79234011703875	12.8926340006111	20.5756116220828	0.1148	0.9999	6.04282003001794	3.23553517704538	6.09029145674589	8.49605044145848	5.2605152644131	0	NA	NA	NA	NA	NA	NA	1	0.208985571926159	0.0436749692733036	1	0.601822253940092	0.362190025337533	1	-0.87923815580283	0.773059734619562	1	2.260081908229	5.10797023190403	1.00143470782403	4761.6798819656	0	1.00154333313824	14802.2604889577	0	NA	NA	NA	NA	NA	NA	NA	NA
427	7	7	benefit_positive_truncnorm	benefit_positive_truncnorm	continuous	1	waning	benefit	1	1	NA	2.15252042733539	4.15118114580598	1000	360	600	1000	1000	360	708	0.64	0.292	7.44074298757545	24	24	0	2	1	10	4	1	5000	2500	1	0.99	14	10000	101426	0.8166	1	2.23994836271389	-2.7529314763111	2.26920431360564	6.9906957890765	9.7436272653876	2.21880160446443	1.13958339343312	2.21849793202301	3.3086925474431	2.16910915400998	0.701990437006561	2.67535294180063	-7.97367764301032	2.5542531931654	12.6462800393413	20.6199576823516	0.1007	0.9997	4.38353904012586	2.02593504290976	4.33465223703722	6.92814646843145	4.90221142552168	0	NA	NA	NA	NA	NA	NA	1	0.0874279353784972	0.00764364388454669	1	0.0662811771290426	0.00439319444161152	1	-1.47582820400536	2.17806888773768	1	0.232357894319879	0.053990191052768	1.00162013068708	4294.47897277904	0	1.00178939429138	11893.4641036334	0	NA	NA	NA	NA	NA	NA	NA	NA
219	7	7	benefit_positive_truncnorm	benefit_positive_truncnorm	continuous	1	waning	benefit	1	1	NA	1.55360835835609	2.93945823569878	1000	360	600	1000	1000	360	706	0.64	0.294	7.21995055857268	24	24	0	2	1	10	4	1	5000	2500	1	0.99	14	10000	101218	0.6421	0.998	0.907093220040635	-3.96197867472014	0.938456708392383	5.63440087331523	9.59637954803538	1.61665392607811	0.536224090129775	1.62065805434845	2.70189880660231	2.16567471647254	0.575309715279287	1.04996130724308	-9.65595774753819	0.890974738279177	11.7276712471389	21.3836289946771	0.0798	0.9908	2.86844634298803	0.399415281981348	2.81321230832642	5.58759997271551	5.18818469073417	0	NA	NA	NA	NA	NA	NA	1	-0.646515138315457	0.417981824071054	1	0.0630455677220154	0.00397474360939123	1	-1.88949692845571	3.57019864264355	1	-0.0710118927107537	0.00504268890636359	1.00142334869892	4271.13046295307	0	1.00205963705768	12127.7205586931	0	NA	NA	NA	NA	NA	NA	NA	NA
122	7	7	benefit_positive_truncnorm	benefit_positive_truncnorm	continuous	1	waning	benefit	1	1	NA	1.99098631692908	3.6548846198557	1000	360	600	1000	1000	360	693	0.64	0.307	7.41259059690813	24	24	0	2	1	10	4	1	5000	2500	1	0.99	14	10000	101121	0.6827	0.9998	1.18860257930263	-3.79153728548306	1.18184128637385	5.99353805962778	9.78507534511084	1.95440489622454	0.89719603666146	1.95688264654794	2.99034436308563	2.09314832642417	0.601274865369821	1.40694871177883	-9.55368805224795	1.30486012502456	11.9431172078422	21.4968052600901	0.0901	0.999	3.94136936924186	1.25515988984915	4.03209701997981	6.24420458877946	4.98904469893031	0	NA	NA	NA	NA	NA	NA	1	-0.802383737626447	0.643819662407387	1	-0.0365814207045412	0.00133820034076263	1	-2.24793590807688	5.05321584682141	1	0.286484749386153	0.0820735116308468	1.00130619740189	4786.45839440088	0	1.00129580223469	11130.4678496738	0	NA	NA	NA	NA	NA	NA	NA	NA
177	7	7	benefit_positive_truncnorm	benefit_positive_truncnorm	continuous	1	waning	benefit	1	1	NA	1.70859990994908	3.67298956379877	1000	360	600	1000	1000	360	706	0.64	0.294	7.24946398279664	24	24	0	2	1	10	4	1	5000	2500	1	0.99	14	10000	101176	0.5676	0.985	0.43798947379328	-4.51389862689999	0.432301307373316	5.33994555848866	9.85384418538865	1.20536011869496	0.115567593658466	1.20658169362939	2.29698812648693	2.18142053282847	0.531276870163371	0.48412980055434	-10.2025912685835	0.37494192960345	11.1248199598365	21.32741122842	0.0696	0.969	2.47196148784106	-0.139024898072974	2.51955665436183	4.74585807899821	4.88488297707118	0	NA	NA	NA	NA	NA	NA	1	-1.2706104361558	1.61445088046804	1	-0.503239791254121	0.253250287501491	1	-3.18885976324443	10.1688265896393	1	-1.20102807595771	1.44246843923868	1.00138222768068	4265.59479575345	0	1.00175227838989	10439.0050930063	0	NA	NA	NA	NA	NA	NA	NA	NA
178	7	7	benefit_positive_truncnorm	benefit_positive_truncnorm	continuous	1	waning	benefit	1	1	NA	2.47355045593881	4.84133738839419	1000	360	600	1000	1000	360	685	0.64	0.315	8.00483169563122	24	24	0	2	1	10	4	1	5000	2500	1	0.99	14	10000	101177	0.4597	0.9975	-0.23677640104452	-5.03663638855829	-0.26986227766066	4.84411394686942	9.88075033542771	1.52913943570139	0.47961989625159	1.53099463827819	2.56015406396282	2.08053416771123	0.323906083244397	-1.80906828267147	-12.2543885458709	-1.8337046468467	9.50473672403113	21.7591252699021	0.063	0.994	2.78447833417999	0.603509946024314	2.75464731040767	5.16073300440265	4.55722305837834	0	NA	NA	NA	NA	NA	NA	1	-2.71032685698333	7.34587167168514	1	-0.944411020237419	0.891912175145882	1	-6.65040567106565	44.2278955897422	1	-2.0568590542142	4.23066916890292	1.00177853126878	4466.89846791885	0	1.00174623000139	10631.9416202716	0	NA	NA	NA	NA	NA	NA	NA	NA
327	7	7	benefit_positive_truncnorm	benefit_positive_truncnorm	continuous	1	waning	benefit	1	1	NA	2.4540553864497	4.45390456566034	1000	360	600	1000	1000	360	709	0.64	0.291	7.24786717618197	24	24	0	2	1	10	4	1	5000	2500	1	0.99	14	10000	101326	0.7895	1	2.02683589035906	-2.99034542878296	2.08227420487895	6.8624983910465	9.85284381982945	2.56490237207922	1.53497570619478	2.55511309129681	3.63350739732884	2.09853169113406	0.773764464150535	3.54424081818749	-6.3109671592123	3.26696760775764	13.3719317940245	19.6828989532368	0.0753	0.9999	4.63039277087523	2.25874714502343	4.55144093465358	7.46002783224352	5.20128068722009	0	NA	NA	NA	NA	NA	NA	1	-0.427219496090643	0.182516497839943	1	0.110846985629518	0.0122870542231505	1	-0.909663747472857	0.827488133466361	1	0.17648820521489	0.031148086579973	1.00182241665229	4662.19061766395	0	1.0021135037842	12155.2331411661	0	NA	NA	NA	NA	NA	NA	NA	NA
324	7	7	benefit_positive_truncnorm	benefit_positive_truncnorm	continuous	1	waning	benefit	1	1	NA	2.18634461819062	4.59911730145463	1000	360	600	1000	1000	360	689	0.64	0.311	7.66025405177462	24	24	0	2	1	10	4	1	5000	2500	1	0.99	14	10000	101323	0.6426	0.998	0.918360846627947	-4.10253670142735	0.926401060779387	5.90467594038545	10.0072126418128	1.66060278893053	0.570601895910795	1.66565833806567	2.76252150449744	2.19191960858664	0.585033259423503	1.12818728212531	-9.73472682726159	1.03992028594677	11.4857679805547	21.2204948078163	0.098	0.9981	3.62677472998284	1.17207534518698	3.52578781975851	6.59466495262026	5.42258960743328	0	NA	NA	NA	NA	NA	NA	1	-1.26798377156267	1.6077828449463	1	-0.525741829260095	0.276404471033751	1	-3.47093001932932	12.0473551990814	1	-0.972342571471789	0.945450076296371	1.00150735581832	4531.21693311188	0	1.00141892939112	11324.77453641	0	NA	NA	NA	NA	NA	NA	NA	NA
334	7	7	benefit_positive_truncnorm	benefit_positive_truncnorm	continuous	1	waning	benefit	1	1	NA	1.88090465856475	3.53228883032957	1000	360	600	1000	1000	360	722	0.64	0.278	7.5970573238232	24	24	0	2	1	10	4	1	5000	2500	1	0.99	14	10000	101333	0.7067	0.9941	1.33814213718884	-3.80417091142289	1.37963512393481	6.23482461593721	10.0389955273601	1.3355352551634	0.288230874804703	1.33444840398341	2.41610792482558	2.12787705002088	0.633859142412797	1.77565894275271	-9.07152377941966	1.74912755512033	12.0398993533381	21.1114231327578	0.0998	0.9899	2.80072602417535	0.425158451681645	2.81281600742806	5.06553459092168	4.64037613924004	0	NA	NA	NA	NA	NA	NA	1	-0.542762521375904	0.294591154610329	1	-0.545369403401344	0.297427786166338	1	-1.75662988757686	3.08574856192829	1	-0.731562806154221	0.535184139348238	1.00240475226282	4242.1757714492	0	1.00093229277994	14049.1978227283	0	NA	NA	NA	NA	NA	NA	NA	NA
332	7	7	benefit_positive_truncnorm	benefit_positive_truncnorm	continuous	1	waning	benefit	1	1	NA	2.39161187677684	4.7826784250843	1000	360	600	1000	1000	360	711	0.64	0.289	7.81152431332803	24	24	0	2	1	10	4	1	5000	2500	1	0.99	14	10000	101331	0.6757	0.9968	1.15690360495503	-3.9034302287952	1.17995268147435	6.0818176145774	9.98524784337259	1.41374688200383	0.360369282241687	1.41326914638571	2.45657446351158	2.09620518126989	0.612874385337506	1.5072985306844	-9.24316236220693	1.39605669648449	11.9564013437961	21.199563706003	0.1052	0.9967	3.10701231884816	0.783525472996788	3.10340869528554	5.48567600076039	4.7021505277636	0	NA	NA	NA	NA	NA	NA	1	-1.23470827182181	1.5245045165052	1	-0.977864994773014	0.956219948002427	1	-3.2753798943999	10.7281134526391	1	-1.67566610623614	2.80785689958859	1.00197900434014	4748.28816388165	0	1.00145138016402	12525.3222164688	0	NA	NA	NA	NA	NA	NA	NA	NA
124	7	7	benefit_positive_truncnorm	benefit_positive_truncnorm	continuous	1	waning	benefit	1	1	NA	2.29514668385736	4.75872126080815	1000	360	600	1000	1000	360	710	0.64	0.29	6.87100418690972	24	24	0	2	1	10	4	1	5000	2500	1	0.99	14	10000	101123	0.7055	0.9999	1.48518505537906	-4.00033835306871	1.51362120487347	6.75685146858431	10.757189821653	2.24232837333809	1.1675980231689	2.24215772167317	3.29194355368646	2.12434553051757	0.632946076282332	1.92772895895339	-9.56999363249683	1.81927662977646	12.9689435788653	22.5389372113621	0.0876	1	4.68248012181589	2.20011615043084	4.65930737431758	7.17363019593654	4.97351404550569	0	NA	NA	NA	NA	NA	NA	1	-0.809961628478297	0.656037839607215	1	-0.0528183105192652	0.00278977392610952	1	-2.83099230185476	8.01451741316091	1	-0.0762411389922626	0.0058127112748375	1.00142016731711	4237.72153101618	0	1.00175052144014	13417.8083376967	0	NA	NA	NA	NA	NA	NA	NA	NA
323	7	7	benefit_positive_truncnorm	benefit_positive_truncnorm	continuous	1	waning	benefit	1	1	NA	1.98927830417634	3.69378376088697	1000	360	600	1000	1000	360	697	0.64	0.303	7.5743997443983	24	24	0	2	1	10	4	1	5000	2500	1	0.99	14	10000	101322	0.6648	0.9896	1.09227114153007	-3.87347470625731	1.11056454021525	5.86789689296505	9.74137159922236	1.2579259282216	0.175404257174601	1.26467006280103	2.29919498808757	2.12379073091297	0.617115130127922	1.58648672899495	-9.13675073342612	1.42666335035167	12.103583385399	21.2403341188251	0.0932	0.9862	2.81574061952974	0.28583450621749	2.83207149665575	5.42982972783602	5.14399522161853	0	NA	NA	NA	NA	NA	NA	1	-0.897007162646271	0.804621849838713	1	-0.731352375954739	0.534876297814642	1	-2.10729703189202	4.44070078062092	1	-0.878043141357236	0.770959758084482	1.00106343854869	4789.82197978606	0	1.00239169565438	12457.4139449354	0	NA	NA	NA	NA	NA	NA	NA	NA
276	7	7	benefit_positive_truncnorm	benefit_positive_truncnorm	continuous	1	waning	benefit	1	1	NA	2.55249637401791	4.98029470396344	1000	360	600	1000	1000	360	714	0.64	0.286	6.73829123614864	24	24	0	2	1	10	4	1	5000	2500	1	0.99	14	10000	101275	0.7013	0.9999	1.44308495667007	-3.9909978184908	1.48850813773754	6.60624491675856	10.5972427352494	2.15534534219544	1.0705544440249	2.15612391700592	3.21008561608986	2.13953117206495	0.63755980861244	1.95596254121266	-9.22399005139235	1.81383690766264	12.8287368083641	22.0527268597565	0.0804	0.9998	5.02239275582716	2.69099346269498	4.969042742827	7.72337824905665	5.03238478636167	0	NA	NA	NA	NA	NA	NA	1	-1.10941141734784	1.23079369294175	1	-0.397151031822474	0.157728942077656	1	-3.02433216275077	9.14658503064877	1	0.0420980518637233	0.00177224597072074	1.00137537976503	4361.16275520636	0	1.00145987888808	12408.7089016839	0	NA	NA	NA	NA	NA	NA	NA	NA
340	7	7	benefit_positive_truncnorm	benefit_positive_truncnorm	continuous	1	waning	benefit	1	1	NA	1.62962872655581	3.11548752737718	1000	360	600	1000	1000	360	706	0.64	0.294	7.24141971566144	24	24	0	2	1	10	4	1	5000	2500	1	0.99	14	10000	101339	0.7507	0.995	1.71124806856126	-3.2938689564126	1.74907723338048	6.46453758219113	9.75840653860373	1.45389473841744	0.365457919352435	1.45357038661976	2.52568269139716	2.16022477204472	0.708095655989469	2.74316509315319	-7.48245341280051	2.55249100357194	12.851224435723	20.3336778485235	0.0884	0.9733	2.92923677927625	-0.0602912081639936	2.99745730633875	5.39236928705066	5.45266049521465	0	NA	NA	NA	NA	NA	NA	1	0.0816193420054498	0.00666171698940259	1	-0.175733988138365	0.0308824345870149	1	-0.372322434223984	0.138623995026473	1	-0.186250748100922	0.0346893411681532	1.0014656268732	4051.49803077765	0	1.00171534026428	11729.5232021216	0	NA	NA	NA	NA	NA	NA	NA	NA
269	7	7	benefit_positive_truncnorm	benefit_positive_truncnorm	continuous	1	waning	benefit	1	1	NA	1.8521257014326	3.45683966479011	1000	360	600	1000	1000	360	691	0.64	0.309	7.49089368752705	24	24	0	2	1	10	4	1	5000	2500	1	0.99	14	10000	101268	0.7324	0.9998	1.58147928716727	-3.27721380241419	1.62874847501457	6.32178428819735	9.59899809061153	2.31585944655482	1.25066233789199	2.32090205689633	3.37528304426708	2.1246207063751	0.67493659719925	2.31704365363453	-8.21627859172988	2.07903090148831	12.3251054118552	20.5413840035851	0.0931	1	5.50657947907409	3.02856463319308	5.42087107119615	8.48581181783703	5.45724718464395	0	NA	NA	NA	NA	NA	NA	1	-0.27064641426533	0.0732494815546806	1	0.463733745122224	0.215048986365084	1	-1.13979601115558	1.29913494704618	1	2.04973981428397	4.2014333062609	1.00148559584993	4218.94712343356	0	1.00100337535963	10832.6185037332	0	NA	NA	NA	NA	NA	NA	NA	NA
333	7	7	benefit_positive_truncnorm	benefit_positive_truncnorm	continuous	1	waning	benefit	1	1	NA	1.9191242465704	3.4242262894124	1000	360	600	1000	1000	360	712	0.64	0.288	7.00137277250666	24	24	0	2	1	10	4	1	5000	2500	1	0.99	14	10000	101332	0.4744	1	-0.115361214494731	-5.28171078081859	-0.201403788886284	5.44747040469868	10.7291811855173	2.97692667537214	1.89816884517887	2.98329439446589	4.04612997496873	2.14796112978985	0.327650340979541	-1.58220901991764	-12.2514698298009	-1.66300018144205	10.1496427329311	22.401112562732	0.0322	1	5.72365085700394	2.97720424270104	5.6268832066106	9.13925075286916	6.16204651016812	0	NA	NA	NA	NA	NA	NA	1	-2.03448546106513	4.13913109128541	1	1.05780242880174	1.11894597837886	1	-5.00643530933004	25.0643945065066	1	2.29942456759154	5.28735334204354	1.00252354127062	4400.33836323147	0	1.00240623340219	13665.3217070271	0	NA	NA	NA	NA	NA	NA	NA	NA
267	7	7	benefit_positive_truncnorm	benefit_positive_truncnorm	continuous	1	waning	benefit	1	1	NA	2.09925578093956	4.57149098953746	1000	360	600	1000	1000	360	695	0.64	0.305	7.30450656196767	24	24	0	2	1	10	4	1	5000	2500	1	0.99	14	10000	101266	0.6652	0.9992	1.08574318410392	-3.94555102841705	1.09753414397484	5.95626753182511	9.90181856024216	1.70423003573764	0.636564590351727	1.70260582133592	2.78829978177835	2.15173519142662	0.591222501915289	1.18157349253153	-9.76550814442192	1.10356738081272	11.3728905666506	21.1383987110725	0.0863	0.9987	3.75304292112365	1.13132266997091	3.7197126632372	6.46221899483304	5.33089632486213	0	NA	NA	NA	NA	NA	NA	1	-1.01351259683564	1.02720778394452	1	-0.395025745201917	0.15604533937233	1	-3.38991749700593	11.4915406365069	1	-0.818448068413809	0.669857240690296	1.00190358703229	3835.41099567648	0	1.00150867443422	14397.4053992113	0	NA	NA	NA	NA	NA	NA	NA	NA
339	7	7	benefit_positive_truncnorm	benefit_positive_truncnorm	continuous	1	waning	benefit	1	1	NA	2.84558264002935	6.15185156323034	1000	360	600	1000	1000	360	694	0.64	0.306	7.48721773384707	24	24	0	2	1	10	4	1	5000	2500	1	0.99	14	10000	101338	0.7104	1	1.41795334447397	-3.64136504985117	1.48430650784423	6.26425921340657	9.90562426325774	2.24642525667595	1.14589114775793	2.24183097916095	3.36586235463514	2.21997120687721	0.646319964742177	1.92947454936821	-8.92818067936023	1.81154981074481	12.0858392766594	21.0140199560197	0.0924	0.9998	5.53560073321465	2.64566456777557	5.47385065820078	8.72764700102865	6.08198243325308	0	NA	NA	NA	NA	NA	NA	1	-1.42762929555538	2.03812540552795	1	-0.599157383353399	0.358989570026892	1	-4.22237701386214	17.8284676471913	1	-0.61625083001569	0.379765085495027	1.00166080580237	4647.287766985	0	1.00141694852067	13674.2496676406	0	NA	NA	NA	NA	NA	NA	NA	NA
358	7	7	benefit_positive_truncnorm	benefit_positive_truncnorm	continuous	1	waning	benefit	1	1	NA	1.72139540897143	4.01164882540878	1000	360	600	1000	1000	360	726	0.64	0.274	6.88223887851308	24	24	0	2	1	10	4	1	5000	2500	1	0.99	14	10000	101357	0.5827	0.9995	0.572055769114394	-4.96771571299021	0.609370065503048	5.95520831863811	10.9229240316283	1.82599720174636	0.743589199397813	1.82704907715462	2.91493850897744	2.17134930957963	0.563904034896401	0.95708172553092	-10.6670793498841	0.845693754074393	12.3677545478036	23.0348338976877	0.083	0.9999	4.40887333422231	2.02503790379862	4.38704454279515	6.75735022641079	4.73231232261217	0	NA	NA	NA	NA	NA	NA	1	-1.14933963985704	1.32098160774671	1	0.104601792774923	0.010941535051728	1	-3.05456709987786	9.33038016765625	1	0.397224508813523	0.157787310402145	1.00145101237917	4764.8658536792	0	1.00132740185037	11418.8413133632	0	NA	NA	NA	NA	NA	NA	NA	NA
293	7	7	benefit_positive_truncnorm	benefit_positive_truncnorm	continuous	1	waning	benefit	1	1	NA	2.34998996512313	4.32456848256133	1000	360	600	1000	1000	360	713	0.64	0.287	7.12643724775627	24	24	0	2	1	10	4	1	5000	2500	1	0.99	14	10000	101292	0.7701	1	1.83021254528878	-3.1166670108436	1.90851735984248	6.43000160335881	9.54666861420241	1.98236536114817	0.900514654997359	1.9892884373878	3.05407999267322	2.15356533767586	0.755732586930778	3.27383310214531	-7.19716736613923	3.16174588427475	13.3233561601896	20.5205235263288	0.0711	0.999	3.66534829706721	1.46832432457416	3.65509079061583	6.07724757360135	4.60892324902719	0	NA	NA	NA	NA	NA	NA	1	-0.519777419834352	0.270168566169656	1	-0.367624603974959	0.135147849447746	1	-1.05073538041602	1.104044839658	1	-0.659220185494125	0.434571252962908	1.00222374196119	4774.86123822764	0	1.0027510625786	11134.5673160653	0	NA	NA	NA	NA	NA	NA	NA	NA
424	7	7	benefit_positive_truncnorm	benefit_positive_truncnorm	continuous	1	waning	benefit	1	1	NA	1.83988413330605	3.32686174439733	1000	360	600	1000	1000	360	713	0.64	0.287	7.29243884223293	24	24	0	2	1	10	4	1	5000	2500	1	0.99	14	10000	101423	0.6997	0.9986	1.30697524998143	-3.8016177496808	1.36675578487681	6.28125929940157	10.0828770490824	1.62350245699872	0.518221129442767	1.6332085452381	2.6779058513626	2.15968472191983	0.590442556009271	1.21216719073466	-9.53663486618941	1.09426309300282	11.7764477611231	21.3130826273125	0.0939	0.9811	2.39930690538311	0.12789287439441	2.42600687846133	4.46612354742498	4.33823067303057	0	NA	NA	NA	NA	NA	NA	1	-0.532908883324619	0.283991877926292	1	-0.216381676307334	0.0468210298415718	1	-2.11469455366267	4.47193305529056	1	-0.927554839014225	0.860357979378706	1.00161071232177	4749.15399057516	0	1.00158393333067	11255.256722132	0	NA	NA	NA	NA	NA	NA	NA	NA
338	7	7	benefit_positive_truncnorm	benefit_positive_truncnorm	continuous	1	waning	benefit	1	1	NA	1.73878425229885	3.2521097467627	1000	360	600	1000	1000	360	731	0.64	0.269	6.66959185843496	24	24	0	2	1	10	4	1	5000	2500	1	0.99	14	10000	101337	0.6476	0.9994	1.03298489362297	-4.34668124545467	1.06914275589903	6.32903632469025	10.6757175701449	1.83696549514819	0.756702475078076	1.83596465326524	2.89836185354114	2.14165937846306	0.591965942582688	1.23638983501629	-10.0148132434898	1.1536222316828	12.4111790957653	22.4259923392552	0.0839	0.9996	3.57374924544793	1.4815939626689	3.56289132343995	5.82305086112876	4.34145689845986	0	NA	NA	NA	NA	NA	NA	1	-0.705799358675876	0.498152734707278	1	0.0981812428493425	0.00963955644744157	1	-2.01571991174641	4.06312676261097	1	0.321639498685231	0.103451967114487	1.00211238993975	4641.19232244573	0	1.00186178188487	11151.921520072	0	NA	NA	NA	NA	NA	NA	NA	NA
356	7	7	benefit_positive_truncnorm	benefit_positive_truncnorm	continuous	1	waning	benefit	1	1	NA	1.75054741088782	3.18154455964605	1000	360	600	1000	1000	360	734	0.64	0.266	7.22948343127487	24	24	0	2	1	10	4	1	5000	2500	1	0.99	14	10000	101355	0.7541	1	1.72478965851753	-3.21775850289482	1.74336230755919	6.50657168435157	9.72433018724639	2.94756968507401	1.85799553033058	2.94812039365831	4.015704619751	2.15770908942042	0.652197504069452	2.00932998044802	-8.23195522734308	1.75127514779926	12.4382251197916	20.6701803471346	0.0785	1	5.16830923929038	3.36049152978956	5.12077049394965	7.18936773830697	3.82887620851741	0	NA	NA	NA	NA	NA	NA	1	-0.0257577523702939	0.00066346180716938	0	1.19702227418618	1.43286232489787	1	-1.17221457919802	1.3740870196844	0	1.98676467964433	3.94723389228224	1.00118989286682	4488.17970420513	0	1.00220377727132	15351.8723833481	0	NA	NA	NA	NA	NA	NA	NA	NA
295	7	7	benefit_positive_truncnorm	benefit_positive_truncnorm	continuous	1	waning	benefit	1	1	NA	2.53018731046952	4.67124475336662	1000	360	600	1000	1000	360	714	0.64	0.286	7.13330104977739	24	24	0	2	1	10	4	1	5000	2500	1	0.99	14	10000	101294	0.8128	1	2.3406734694319	-2.90329490062537	2.43138902345798	7.18932884150122	10.0926237421266	2.38768541312943	1.3101627718134	2.38848943452609	3.45608206386261	2.14591929204921	0.782667114544844	3.90038859505671	-6.49602861897354	3.81552420120642	13.5963682030683	20.0923968220418	0.1069	1	5.07690000416987	3.21568660882249	5.01691515346999	7.24410860565556	4.02842199683307	0	NA	NA	NA	NA	NA	NA	1	-0.189513841037621	0.0359154959448326	1	-0.14250189734009	0.0203067907455254	1	-0.770856158309902	0.594219216804301	1	0.405655250803255	0.164556182504252	1.0018479601485	4628.51848035822	0	1.00189725636917	13244.886471957	0	NA	NA	NA	NA	NA	NA	NA	NA
364	7	7	benefit_positive_truncnorm	benefit_positive_truncnorm	continuous	1	waning	benefit	1	1	NA	1.99915728564531	3.88518616069372	1000	360	600	1000	1000	360	687	0.64	0.313	7.08224815216511	24	24	0	2	1	10	4	1	5000	2500	1	0.99	14	10000	101363	0.5669	0.9991	0.422026645707254	-4.46178307380844	0.412216572398781	5.26964489637709	9.73142797018553	1.79699471275281	0.660914285161218	1.80051298190307	2.88474073291742	2.2238264477562	0.510604284344026	0.224304510921127	-10.4240044551186	0.098131278183077	10.9004471938145	21.3244516489331	0.0617	0.9956	3.79019689682634	1.01633966846918	3.83782900808797	6.55330277526634	5.53696310679716	0	NA	NA	NA	NA	NA	NA	1	-1.57713063993806	2.48734105543142	1	-0.202162572892496	0.0408697058785137	1	-3.66088164977259	13.4020544536417	1	-0.0949892638673795	0.00902296025006665	1.00145358857355	4697.15114725528	0	1.00125639306746	11970.0902354174	0	NA	NA	NA	NA	NA	NA	NA	NA
280	7	7	benefit_positive_truncnorm	benefit_positive_truncnorm	continuous	1	waning	benefit	1	1	NA	1.71464727675411	2.97725999638922	1000	360	600	1000	1000	360	724	0.64	0.276	7.26365271856854	24	24	0	2	1	10	4	1	5000	2500	1	0.99	14	10000	101279	0.6923	0.9886	1.25876217401929	-3.80417243209203	1.29290872890398	6.12614377382759	9.93031620591962	1.22222948679047	0.161998916495703	1.22347372474533	2.28565271219327	2.12365379569757	0.654614964500273	1.99251138390419	-8.63066077450752	1.87135242392155	12.1355016221391	20.7661623966467	0.0845	0.9903	2.37226929594569	0.400103527234094	2.34548004328482	4.40386279900274	4.00375927176865	0	NA	NA	NA	NA	NA	NA	1	-0.455885102734825	0.207831226895542	1	-0.492417789963641	0.242475279872676	1	-0.984748612485025	0.969729829791181	1	-0.604990700443523	0.366013747623145	1.00143266679634	4242.887912423	0	1.00198673330179	12412.6400079178	0	NA	NA	NA	NA	NA	NA	NA	NA
319	7	7	benefit_positive_truncnorm	benefit_positive_truncnorm	continuous	1	waning	benefit	1	1	NA	1.59274410824788	2.62668908200392	1000	360	600	1000	1000	360	725	0.64	0.275	7.20153914096384	24	24	0	2	1	10	4	1	5000	2500	1	0.99	14	10000	101318	0.6249	0.9637	0.777154678186394	-4.09943035558607	0.815093960613031	5.51920557325262	9.61863592883869	0.990310353417885	-0.0747718260915844	0.992764617465149	2.07337443276562	2.1481462588572	0.59670693895007	1.23395710046976	-9.10318289995826	1.06165269538474	11.7408966342566	20.8440795342148	0.0647	0.869	1.25548986324386	-0.853223521475441	1.2699411800927	3.49598191302678	4.34920543450222	0	NA	NA	NA	NA	NA	NA	1	-0.815589430061485	0.665186118428018	1	-0.602433754829995	0.362926428958566	1	-1.39273198153416	1.93970237238806	1	-1.37119921876006	1.8801872975282	1.00183338193771	4364.22301889081	0	1.00167536425272	12530.5187481594	0	NA	NA	NA	NA	NA	NA	NA	NA
328	7	7	benefit_positive_truncnorm	benefit_positive_truncnorm	continuous	1	waning	benefit	1	1	NA	2.55836281144533	5.17749455367097	1000	360	600	1000	1000	360	685	0.64	0.315	7.17758711729383	24	24	0	2	1	10	4	1	5000	2500	1	0.99	14	10000	101327	0.7498	0.9999	1.67941197717096	-3.4098534797626	1.73085130182175	6.51548032330624	9.92533380306884	1.93294902658341	0.836207633101277	1.92714050978206	3.03493334778539	2.19872571468412	0.707220136895562	2.71165590585037	-7.91799857660438	2.54769985222885	12.8309326241493	20.7489312007537	0.0942	0.9957	3.71192872450278	0.967753964068371	3.63871144787027	6.93662806853892	5.96887410447055	0	NA	NA	NA	NA	NA	NA	1	-0.878950834274372	0.772554569071615	1	-0.625413784861915	0.391142402295305	1	-2.4658386478206	6.08036023708574	1	-1.46556582916819	2.14788319962545	1.00133470079167	4760.27862212138	0	1.00183437990092	12247.7073305372	0	NA	NA	NA	NA	NA	NA	NA	NA
297	7	7	benefit_positive_truncnorm	benefit_positive_truncnorm	continuous	1	waning	benefit	1	1	NA	2.09088369776185	3.7618570757993	1000	360	600	1000	1000	360	713	0.64	0.287	7.52164229845937	24	24	0	2	1	10	4	1	5000	2500	1	0.99	14	10000	101296	0.669	0.9999	1.11689082366628	-3.87941065453481	1.15251882701982	6.07664581068188	9.9560564652167	2.19160193798367	1.09431428532726	2.19176817839066	3.31309777398246	2.2187834886552	0.594933944753794	1.28882843428034	-9.70699346791759	1.20643117581085	11.8785819543026	21.5855754222202	0.0841	0.9997	3.78605542682295	1.48132897922536	3.66188523583106	6.8395432130263	5.35821423380094	0	NA	NA	NA	NA	NA	NA	1	-0.973992874095566	0.948662118788941	1	0.10071824022182	0.0101441639133802	1	-2.47302864151896	6.11587066177311	1	0.0241983510236481	0.000585560192263691	1.00179012843127	4460.28787776072	0	1.00232336875776	13930.7947102602	0	NA	NA	NA	NA	NA	NA	NA	NA
357	7	7	benefit_positive_truncnorm	benefit_positive_truncnorm	continuous	1	waning	benefit	1	1	NA	1.63993498700446	3.10891857090124	1000	360	600	1000	1000	360	729	0.64	0.271	6.06302872994297	24	24	0	2	1	10	4	1	5000	2500	1	0.99	14	10000	101356	0.6904	0.9676	1.32908289563903	-3.94299292816341	1.37211345614094	6.4784994151734	10.4214923433368	1.04664176771914	-0.0726195825789042	1.04494391616438	2.13906071197005	2.21168029454895	0.667947076397781	2.31346924417716	-8.92917854914675	2.19708298348845	13.3976869011824	22.3268654503291	0.0628	0.9301	2.02875046328403	-0.670593253912899	2.02733825536632	4.33391874802931	5.00451200194221	0	NA	NA	NA	NA	NA	NA	1	-0.310852091365438	0.0966290227062665	1	-0.593293219285322	0.351996844049941	1	-0.795449326724076	0.632739631385786	1	-1.08016810761721	1.16676314071335	1.00128741478728	4018.02062128249	0	1.00154864704276	11121.7657467633	0	NA	NA	NA	NA	NA	NA	NA	NA
321	7	7	benefit_positive_truncnorm	benefit_positive_truncnorm	continuous	1	waning	benefit	1	1	NA	2.25453190759391	5.15345651378709	1000	360	600	1000	1000	360	707	0.64	0.293	6.77397942729616	24	24	0	2	1	10	4	1	5000	2500	1	0.99	14	10000	101320	0.4791	0.8284	-0.150938386855472	-5.50481585700681	-0.151180693946719	5.27145441835905	10.7762702753659	0.520128769403922	-0.590202559658856	0.520443948880578	1.59999670954306	2.19019926920192	0.499078390979074	0.0188617441269952	-11.2364421588809	-0.00629238192155945	11.5600480957794	22.7964902546603	0.0777	0.7407	0.742322751014047	-1.8495562600317	0.712835062311159	3.4976324776094	5.3471887376411	0	NA	NA	NA	NA	NA	NA	1	-2.40547029444938	5.78628733747838	0	-1.73440313818998	3.00815424576327	1	-5.1345947696601	26.3640634486208	0	-4.41113376277305	19.4581010730763	1.00164497631698	4371.4634982044	0	1.00142103327622	11369.7883570068	0	NA	NA	NA	NA	NA	NA	NA	NA
398	7	7	benefit_positive_truncnorm	benefit_positive_truncnorm	continuous	1	waning	benefit	1	1	NA	1.5840735281024	3.07596736707867	1000	360	600	1000	1000	360	704	0.64	0.296	6.17233423854324	24	24	0	2	1	10	4	1	5000	2500	1	0.99	14	10000	101397	0.6621	0.9934	1.07607070451742	-3.94627113003622	1.11612207973934	5.96036068232035	9.90663181235657	1.46382909757829	0.346982123263543	1.46798410575509	2.56351996418043	2.21653784091689	0.642193211488251	1.74718950106976	-8.9952017431325	1.56529586620833	12.3603657155288	21.3555674586613	0.0425	0.9931	3.61324905773221	0.798178688198085	3.66431783998625	6.27312570467477	5.47494701647669	0	NA	NA	NA	NA	NA	NA	1	-0.508002823584974	0.258066868770306	1	-0.120244430524105	0.0144587230720663	1	-1.32877786600891	1.76565061719518	1	0.537281690653538	0.288671615111525	1.0018863081666	4506.78075388751	0	1.00147022912076	10539.7810059641	0	NA	NA	NA	NA	NA	NA	NA	NA
329	7	7	benefit_positive_truncnorm	benefit_positive_truncnorm	continuous	1	waning	benefit	1	1	NA	2.41334645523731	4.83578940809883	1000	360	600	1000	1000	360	670	0.64	0.33	7.77993410073834	24	24	0	2	1	10	4	1	5000	2500	1	0.99	14	10000	101328	0.6632	0.993	1.041855555882	-4.02790022604591	1.07018801750259	5.90228292596124	9.93018315200715	1.33812299150793	0.277640125652016	1.33600130720853	2.41221374740503	2.13457362175301	0.58585409252669	1.07991340383964	-9.7842712177905	1.04281673083341	11.7401530204105	21.524424238201	0.1008	0.9837	2.95458483824977	0.257231879683006	2.95838048939971	5.70024989848443	5.44301801880143	0	NA	NA	NA	NA	NA	NA	1	-1.37149089935531	1.88098728701444	0	-1.07522346372938	1.15610549695421	1	-3.75587600425919	14.10660455937	1	-1.88120456984906	3.53893063362099	1.00151147950715	4602.60719763246	0	1.00157336508205	11909.8531463469	0	NA	NA	NA	NA	NA	NA	NA	NA
326	7	7	benefit_positive_truncnorm	benefit_positive_truncnorm	continuous	1	waning	benefit	1	1	NA	1.61706015178882	2.88353313095766	1000	360	600	1000	1000	360	721	0.64	0.279	6.89448975464602	24	24	0	2	1	10	4	1	5000	2500	1	0.99	14	10000	101325	0.6739	0.9967	1.25309188297712	-4.14898614112361	1.27945155437591	6.50824773869519	10.6572338798188	1.45722583524389	0.395241787013222	1.46733235909234	2.51866267075369	2.12342088374046	0.621609798775153	1.79520671293839	-9.48127747602748	1.61555256327953	12.687144595561	22.1684220715884	0.0856	0.989	2.55443234062099	0.343272590851617	2.51561841876198	4.91443411976712	4.5711615289155	0	NA	NA	NA	NA	NA	NA	1	-0.3639682688117	0.132472900701786	1	-0.159834316544926	0.0255470087453835	1	-1.08832641801927	1.18445439215864	1	-0.329100790336662	0.108307330200216	1.00112627942834	4481.8489964948	0	1.00165728063156	12194.0045018238	0	NA	NA	NA	NA	NA	NA	NA	NA
331	7	7	benefit_positive_truncnorm	benefit_positive_truncnorm	continuous	1	waning	benefit	1	1	NA	2.33725093577786	4.80628235197672	1000	360	600	1000	1000	360	683	0.64	0.317	8.13125189911665	24	24	0	2	1	10	4	1	5000	2500	1	0.99	14	10000	101330	0.8048	1	1.98481652719771	-2.68841009151649	2.01903679507286	6.4054592060538	9.09386929757029	2.35580285665736	1.24640176783293	2.35797733458635	3.43826792619697	2.19186615836404	0.720733582253459	2.70577960371969	-7.27030999746634	2.54242247611193	12.1150880387373	19.3853980362036	0.0894	0.9999	5.14017647236545	2.64417138017396	5.14373013786338	7.5094373161963	4.86526593602234	0	NA	NA	NA	NA	NA	NA	1	-0.352434408580147	0.124210012351238	1	0.0185519208794984	0.000344173768319169	1	-2.10050274825703	4.41211179543533	1	0.33389412038873	0.111485283630164	1.00162029308555	4637.43675731988	0	1.0024501427776	13625.1830888225	0	NA	NA	NA	NA	NA	NA	NA	NA
252	7	7	benefit_positive_truncnorm	benefit_positive_truncnorm	continuous	1	waning	benefit	1	1	NA	1.81824475663198	3.98345189027692	1000	360	600	1000	1000	360	732	0.64	0.268	7.20388325753573	24	24	0	2	1	10	4	1	5000	2500	1	0.99	14	10000	101251	0.6644	0.9949	1.05195067760272	-4.06942168346564	1.09992772390204	6.02287445692646	10.0922961403921	1.41974468528902	0.310015989677908	1.41811889317314	2.52232882145119	2.21231283177329	0.600216567406605	1.41723389785488	-9.19825029614351	1.29104769597829	11.9206129382374	21.1188632343809	0.0765	0.9996	3.76450856033009	1.40946449595488	3.80023698688616	5.93721073527801	4.52774623932314	0	NA	NA	NA	NA	NA	NA	1	-0.766294079029262	0.587206615555305	1	-0.398500071342965	0.158802306860348	1	-2.56621799242204	6.58547478463059	1	-0.218943329946828	0.0479361817282056	1.00133214206571	4249.56712036776	0	1.00198511322203	12252.768701851	0	NA	NA	NA	NA	NA	NA	NA	NA
397	7	7	benefit_positive_truncnorm	benefit_positive_truncnorm	continuous	1	waning	benefit	1	1	NA	2.67764805497134	5.85046767559373	1000	360	600	1000	1000	360	719	0.64	0.281	8.0166167432928	24	24	0	2	1	10	4	1	5000	2500	1	0.99	14	10000	101396	0.5471	1	0.303293281601929	-4.09188318148923	0.28493166137119	4.95873882792697	9.05062200941621	2.47865375877026	1.43447114904079	2.48069947254917	3.51808816674489	2.0836170177041	0.38533854441745	-1.01226712986074	-10.9877191654095	-1.14259136645914	9.78407967775926	20.7717988431688	0.0533	1	5.0458985407777	2.55030185279693	5.03131120103058	7.63915663331471	5.08885478051778	0	NA	NA	NA	NA	NA	NA	1	-2.37435477336941	5.63756058982209	1	-0.198994296201072	0.0395987299205598	1	-6.86273480545446	47.0971290099961	1	-0.804569134816026	0.647331492698608	1.00142891453482	4404.4996648177	0	1.00228973170219	13987.6899189801	0	NA	NA	NA	NA	NA	NA	NA	NA
399	7	7	benefit_positive_truncnorm	benefit_positive_truncnorm	continuous	1	waning	benefit	1	1	NA	2.36786812221087	4.48918159033599	1000	360	600	1000	1000	360	714	0.64	0.286	7.89424864131734	24	24	0	2	1	10	4	1	5000	2500	1	0.99	14	10000	101398	0.7657	1	1.9084914460332	-3.17423254900012	1.983856860845	6.81145273484252	9.98568528384265	2.57664732796933	1.49999505829202	2.5774428055977	3.64271858588047	2.14272352758845	0.658399098083427	2.14873609198885	-8.7278268739511	2.10122866325088	12.473299745914	21.2011266198651	0.113	0.9995	3.94681895985683	1.36528120712625	3.85559289173045	7.05048558174819	5.68520437462194	0	NA	NA	NA	NA	NA	NA	1	-0.459376676177671	0.211026930616045	1	0.208779205758459	0.043588756757133	1	-2.34044549834714	5.47768513073337	1	-0.54236263047916	0.294157222940274	1.00218685895482	4715.97218491946	0	1.00211321502466	14923.0893543108	0	NA	NA	NA	NA	NA	NA	NA	NA
296	7	7	benefit_positive_truncnorm	benefit_positive_truncnorm	continuous	1	waning	benefit	1	1	NA	2.24285385924505	4.24510639057503	1000	360	600	1000	1000	360	727	0.64	0.273	7.68473810437306	24	24	0	2	1	10	4	1	5000	2500	1	0.99	14	10000	101295	0.7674	1	1.83158197372463	-3.09495758965505	1.87569221199297	6.75011481129134	9.84507240094639	2.68391251199537	1.63146312342605	2.68327823101064	3.72919784110711	2.09773471768106	0.683316683316683	2.45942115468515	-7.89986874183606	2.29768005208917	12.6099795591497	20.5098483009857	0.0991	1	4.9173329558272	2.78337106365434	4.85771644925474	7.22922790398633	4.44585684033199	0	NA	NA	NA	NA	NA	NA	1	-0.411271885520416	0.169144563819518	1	0.441058652750315	0.194532735165923	1	-1.78568523588988	3.18867176167509	1	0.672226565252174	0.451888555030736	1.00114237397298	4718.06327544406	0	1.00181185080186	10978.9779258857	0	NA	NA	NA	NA	NA	NA	NA	NA
428	7	7	benefit_positive_truncnorm	benefit_positive_truncnorm	continuous	1	waning	benefit	1	1	NA	2.03199748022107	3.56036979472011	1000	360	600	1000	1000	360	725	0.64	0.275	7.18261973935391	24	24	0	2	1	10	4	1	5000	2500	1	0.99	14	10000	101427	0.7281	0.9999	1.51046496725194	-3.44279992237737	1.52750621189716	6.26794872852548	9.71074865090285	2.17910282463341	1.15207859533805	2.17760176649603	3.21529369105217	2.06321509571412	0.635644434677508	1.81599575337969	-8.90196850249928	1.68359861704816	12.0776439153842	20.9796124178835	0.0899	0.9999	4.50556357537806	2.53673701333452	4.4763944183236	6.50320174215622	3.9664647288217	0	NA	NA	NA	NA	NA	NA	1	-0.521532512969125	0.271996162083891	1	0.147105344412342	0.0216399823546739	1	-1.74437404134042	3.0428407961023	1	0.94519378065795	0.89339128299447	1.00195500315142	4671.76383824273	0	1.00210589658108	15534.922387974	0	NA	NA	NA	NA	NA	NA	NA	NA
349	7	7	benefit_positive_truncnorm	benefit_positive_truncnorm	continuous	1	waning	benefit	1	1	NA	1.77620221498568	3.47588827461972	1000	360	600	1000	1000	360	722	0.64	0.278	6.7290470419418	24	24	0	2	1	10	4	1	5000	2500	1	0.99	14	10000	101348	0.6737	0.9996	1.22931024256143	-4.00214629166622	1.32016682503175	6.4354974288632	10.4376437205294	1.76201902062146	0.684832087089177	1.75989686322138	2.83738664282156	2.15255455573238	0.624161073825503	1.80519262586363	-9.39598563102178	1.60705538969673	12.719532468468	22.1155180994898	0.0762	0.9994	3.41392223462739	1.21753564542329	3.40104690351545	5.67769916055001	4.46016351512672	0	NA	NA	NA	NA	NA	NA	1	-0.546891972424252	0.299090829502089	1	-0.0141831943642243	0.000201163002373365	1	-1.67069564875609	2.79122395077252	1	-0.0619660399923276	0.00383979011233075	1.00140660749727	3990.07902550952	0	1.00176776170103	10383.5367894109	0	NA	NA	NA	NA	NA	NA	NA	NA
220	7	7	benefit_positive_truncnorm	benefit_positive_truncnorm	continuous	1	waning	benefit	1	1	NA	2.38649089438482	5.14580420012894	1000	360	600	1000	1000	360	695	0.64	0.305	8.12230905416088	24	24	0	2	1	10	4	1	5000	2500	1	0.99	14	10000	101219	0.6738	0.9998	1.03691600800726	-3.5227085796277	1.05428795934178	5.52949269872836	9.05220127835606	1.8907630551448	0.818803500546594	1.89685875283585	2.93993409008857	2.12113058954198	0.61289966923925	1.37008031194194	-8.71798169672423	1.228663007339	11.3232813563459	20.0412630530702	0.093	1	4.242794050395	2.22996200307443	4.21703338540648	6.41256014307471	4.18259814000028	0	NA	NA	NA	NA	NA	NA	1	-1.34957488637757	1.82135237394102	1	-0.495727839240024	0.245746090597583	1	-3.775723888187	14.256090879826	1	-0.90301014973394	0.815427330522513	1.0017186241509	4532.34323042363	0	1.00160089655166	12921.0496671042	0	NA	NA	NA	NA	NA	NA	NA	NA
251	7	7	benefit_positive_truncnorm	benefit_positive_truncnorm	continuous	1	waning	benefit	1	1	NA	2.37704470899224	5.21325653655717	1000	360	600	1000	1000	360	690	0.64	0.31	7.03322075349899	24	24	0	2	1	10	4	1	5000	2500	1	0.99	14	10000	101250	0.7551	1	1.76810401315241	-3.48707966313322	1.83622653997545	6.55189051891175	10.038970182045	2.2401159509596	1.13467382900537	2.24317310570867	3.34248112603019	2.20780729702482	0.722136733347989	2.86570323808985	-8.04698916412776	2.748690734	13.2257119019693	21.272701066097	0.0902	0.9999	4.53561475671617	2.13621155310494	4.42581977330035	7.54005263579803	5.40384108269309	0	NA	NA	NA	NA	NA	NA	1	-0.608940695839825	0.37080877104989	1	-0.136928758032638	0.0187494847763606	1	-2.34755329846733	5.51100648914483	1	-0.677641779840998	0.459198381786076	1.00130914305362	4619.13201275115	0	1.00199897687171	14823.6182398905	0	NA	NA	NA	NA	NA	NA	NA	NA
335	7	7	benefit_positive_truncnorm	benefit_positive_truncnorm	continuous	1	waning	benefit	1	1	NA	1.83205435583672	3.54407735692154	1000	360	600	1000	1000	360	695	0.64	0.305	7.18709630007315	24	24	0	2	1	10	4	1	5000	2500	1	0.99	14	10000	101334	0.7412	1	1.65370736272838	-3.52158853317645	1.6928086142779	6.51067555221183	10.0322640853883	2.21185765991233	1.13640579646904	2.21449672169938	3.29687001087922	2.16046421441019	0.63869748833074	1.92705827394897	-9.01742497351291	1.85249000421423	12.2741942264419	21.2916191999548	0.1002	0.9999	4.3025522577257	2.01269394549501	4.24827487624833	7.07103563148901	5.058341685994	0	NA	NA	NA	NA	NA	NA	1	-0.178346993108346	0.0318076499507885	1	0.379803304075604	0.144250549786746	1	-1.61701908297257	2.61475071469744	1	0.758474900804164	0.575284175149887	1.00134367740707	4267.54444985243	0	1.00141784214621	13258.3459670944	0	NA	NA	NA	NA	NA	NA	NA	NA
429	7	7	benefit_positive_truncnorm	benefit_positive_truncnorm	continuous	1	waning	benefit	1	1	NA	2.20753993677213	3.9711241172836	1000	360	600	1000	1000	360	707	0.64	0.293	7.48118123079813	24	24	0	2	1	10	4	1	5000	2500	1	0.99	14	10000	101428	0.7461	1	1.68418279988419	-3.23063869729567	1.69523416584869	6.55179236876037	9.78243106605605	2.20166951267749	1.13129355837537	2.19806705519243	3.275988521446	2.14469496307064	0.61771535994692	1.58795514095109	-9.27538035148657	1.44497798340207	11.9183904260829	21.1937707775695	0.0957	0.9995	3.82593046051976	1.56883816147574	3.78929214102488	6.22021747201443	4.65137931053869	0	NA	NA	NA	NA	NA	NA	1	-0.523357136887941	0.273902692731543	1	-0.00587042409464011	3.44618790509312e-05	1	-2.38316897633251	5.67949436975374	1	-0.145193656763848	0.021081197964458	1.00118915179836	4332.21869419357	0	1.00185481499759	16478.618111088	0	NA	NA	NA	NA	NA	NA	NA	NA
454	7	7	benefit_positive_truncnorm	benefit_positive_truncnorm	continuous	1	waning	benefit	1	1	NA	1.90040599958808	3.36955091109995	1000	360	600	1000	1000	360	712	0.64	0.288	7.34334738649507	24	24	0	2	1	10	4	1	5000	2500	1	0.99	14	10000	101453	0.7352	1	1.6370227145452	-3.5306560656187	1.70263686946223	6.48154001328265	10.0121960789013	1.90729823831867	0.833770293644097	1.90822615116382	2.93995631360859	2.10618601996449	0.651136993899057	2.01819935348633	-8.79375855468057	1.95347633207813	12.3621157992735	21.155874353954	0.0985	0.9998	3.83412999863904	1.59452966562597	3.86238848379744	6.03449084714774	4.43996118152176	0	NA	NA	NA	NA	NA	NA	1	-0.263383285042882	0.06937075483998	1	0.00689223873059386	4.7502954719498e-05	1	-1.35135155761362	1.82615103226476	1	0.464579087539085	0.215833728578649	1.00124890396042	4587.02130492799	0	1.00213968969884	10461.4519413862	0	NA	NA	NA	NA	NA	NA	NA	NA
305	7	7	benefit_positive_truncnorm	benefit_positive_truncnorm	continuous	1	waning	benefit	1	1	NA	1.99034209391546	3.78834732748735	1000	360	600	1000	1000	360	715	0.64	0.285	7.27714412226774	24	24	0	2	1	10	4	1	5000	2500	1	0.99	14	10000	101304	0.6672	0.9765	1.09668336233831	-3.87419139518494	1.10222055824145	5.9988926852857	9.87308408047064	1.11485645523233	0.0202935465937854	1.11992601324163	2.21485234969276	2.19455880309898	0.599187170474517	1.29924027282663	-9.42706002746904	1.22896614943299	11.9570253454036	21.3840853728726	0.0896	0.9745	2.05457784849941	-0.00447202327613777	2.08741098665401	4.06857326157666	4.0730452848528	0	NA	NA	NA	NA	NA	NA	1	-0.893658731577148	0.798625928524078	1	-0.875485638683122	0.766475103540394	1	-2.48910705466073	6.1956539295618	1	-1.73376947898794	3.00595660627012	1.00189927997762	4297.77711543743	0	1.00214797596501	10796.8604882423	0	NA	NA	NA	NA	NA	NA	NA	NA
396	7	7	benefit_positive_truncnorm	benefit_positive_truncnorm	continuous	1	waning	benefit	1	1	NA	2.32579705359862	4.83669990066381	1000	360	600	1000	1000	360	717	0.64	0.283	7.28810036509757	24	24	0	2	1	10	4	1	5000	2500	1	0.99	14	10000	101395	0.8139	1	2.33942932101702	-2.78982754807734	2.42781104278626	7.04478126075892	9.83460880883626	3.1697254789309	2.10749409787748	3.16544449904491	4.22818140967327	2.12068731179579	0.739596117371416	3.21816261825109	-7.09762811103493	3.08183161907309	13.0770482568897	20.1746763679246	0.1037	1	6.45592307338621	3.8172109372908	6.50873186838465	8.77483976992598	4.95762883263517	0	NA	NA	NA	NA	NA	NA	1	0.0136322674183988	0.000185838714966739	1	0.843928425332277	0.712215187083817	1	-1.61853728241272	2.61966293455994	1	1.61922317272241	2.62188368308121	1.00113915515348	4759.8888457784	0	1.00192175584136	11866.2770175593	0	NA	NA	NA	NA	NA	NA	NA	NA
316	7	7	benefit_positive_truncnorm	benefit_positive_truncnorm	continuous	1	waning	benefit	1	1	NA	1.71143748816298	3.30984764717138	1000	360	600	1000	1000	360	706	0.64	0.294	7.14277128392614	24	24	0	2	1	10	4	1	5000	2500	1	0.99	14	10000	101315	0.6813	0.9737	1.15760476998375	-3.84201706814599	1.1865889343113	5.95958196127462	9.80159902942061	1.08772331849788	-0.0061815441403998	1.08493161013323	2.18795982033939	2.19414136447979	0.644922084900591	1.8256346797998	-8.86234280571677	1.65231030225898	12.1094107935392	20.971753599256	0.0695	0.9625	2.2845596240199	-0.250565353009449	2.3281157717766	4.69120331405186	4.9417686670613	0	NA	NA	NA	NA	NA	NA	1	-0.553832718179228	0.306730679725792	1	-0.623714169665096	0.389019365441021	1	-1.48421296737159	2.20288813251397	1	-1.02528802315148	1.05121553041788	1.00160856984664	4534.9712269808	0	1.00160243740648	10377.7917731387	0	NA	NA	NA	NA	NA	NA	NA	NA
320	7	7	benefit_positive_truncnorm	benefit_positive_truncnorm	continuous	1	waning	benefit	1	1	NA	2.28756772552486	4.68158072968263	1000	360	600	1000	1000	360	690	0.64	0.31	7.95397097523611	24	24	0	2	1	10	4	1	5000	2500	1	0.99	14	10000	101319	0.7589	1	1.85086840425316	-3.40398844791795	1.91167107130148	6.93575736116692	10.3397458090849	2.52149092734731	1.46462105633619	2.52064699646801	3.57974213602722	2.11512107969103	0.641503046716317	1.96303800659019	-8.64754381662761	1.83127138215688	12.4292135977821	21.0767574144097	0.1138	1	5.56377405328264	3.62357151535098	5.59851042439949	7.30306144741026	3.67948993205928	0	NA	NA	NA	NA	NA	NA	1	-0.436699321271705	0.190706297199168	1	0.233923201822448	0.0547200643508659	1	-2.71854272309244	7.39047453727884	1	0.882193323600013	0.778265060204437	1.00161456309075	4409.58421052522	0	1.00168204816715	10234.1588851252	0	NA	NA	NA	NA	NA	NA	NA	NA
221	7	7	benefit_positive_truncnorm	benefit_positive_truncnorm	continuous	1	waning	benefit	1	1	NA	2.64118136207295	4.74870735364043	1000	360	600	1000	1000	360	699	0.64	0.301	7.91232390233704	24	24	0	2	1	10	4	1	5000	2500	1	0.99	14	10000	101220	0.8169	1	2.33423638766315	-2.86553484766296	2.38938143829289	7.22818174936905	10.093716597032	3.04507998830782	2.01384174248805	3.04179437959238	4.06293969702279	2.04909795453474	0.694868871151653	2.61569292110563	-8.19435245060227	2.53088104298667	12.5899882446103	20.7843406952126	0.123	1	5.7575701391864	3.64344006828594	5.70484086487906	7.9966656588436	4.35322559055766	0	NA	NA	NA	NA	NA	NA	1	-0.306944974409795	0.0942152173154295	1	0.403898626234868	0.163134100274413	1	-2.1330144325348	4.54975056940176	1	1.00886278554597	1.01780412005958	1.00142127295937	4449.77484780438	0	1.00131959736498	11696.9953867487	0	NA	NA	NA	NA	NA	NA	NA	NA
317	7	7	benefit_positive_truncnorm	benefit_positive_truncnorm	continuous	1	waning	benefit	1	1	NA	1.68729734021045	3.53429652221956	1000	360	600	1000	1000	360	719	0.64	0.281	7.56378513905343	24	24	0	2	1	10	4	1	5000	2500	1	0.99	14	10000	101316	0.7309	0.9999	1.5508846144405	-3.66204688391693	1.59047782570117	6.55842728125083	10.2204741651678	2.09269765554811	1.02525458167275	2.10451745750353	3.13747327922409	2.11221869755134	0.64949595657472	1.95588571267796	-8.64260441508068	1.88525315513636	12.1101914396128	20.7527958546934	0.0973	0.9984	3.52341430947742	1.14304312554101	3.52161224748838	5.96497163703807	4.82192851149706	0	NA	NA	NA	NA	NA	NA	1	-0.136412725769949	0.0186084317519873	1	0.405400315337667	0.16434941567588	1	-1.57841080954161	2.49138068367779	1	-0.0108822127421431	0.000118422554165261	1.00107560102145	4267.95393342675	0	1.00160319138153	13413.8716457575	0	NA	NA	NA	NA	NA	NA	NA	NA
458	7	7	benefit_positive_truncnorm	benefit_positive_truncnorm	continuous	1	waning	benefit	1	1	NA	1.64791948947837	2.97729868340048	1000	360	600	1000	1000	360	720	0.64	0.28	6.62548565791873	24	24	0	2	1	10	4	1	5000	2500	1	0.99	14	10000	101457	0.568	0.9708	0.494257591407409	-4.67277764343821	0.500830913637472	5.71575497622955	10.3885326196678	1.05769107661223	-0.0313148724649255	1.06037980675038	2.12989461863724	2.16120949110217	0.544803250641574	0.605894373687218	-10.7296648525579	0.582626334336133	11.9972665708852	22.726931423443	0.0648	0.9426	1.50837463222062	-0.405840957090865	1.5097366326397	3.44698728823825	3.85282824532911	0	NA	NA	NA	NA	NA	NA	1	-1.15366189807096	1.33093577506068	1	-0.590228412866134	0.348369579354476	1	-2.37140430971326	5.62355840012664	1	-1.46892405117986	2.15773786813465	1.00232102964743	4389.99729050714	0	1.00205989753742	11627.9510755213	0	NA	NA	NA	NA	NA	NA	NA	NA
176	7	7	benefit_positive_truncnorm	benefit_positive_truncnorm	continuous	1	waning	benefit	1	1	NA	2.22213502855709	5.07348997441863	1000	360	600	1000	1000	360	689	0.64	0.311	7.98182637993546	24	24	0	2	1	10	4	1	5000	2500	1	0.99	14	10000	101175	0.6241	0.9993	0.829709464247491	-4.20961001946696	0.887375842350877	5.8506089826538	10.0602190021208	1.82366554437095	0.742264742626656	1.82649762638296	2.9183666965045	2.17610195387785	0.56882795819755	0.89071770034567	-10.3172082060934	0.905420513681042	11.6188151198945	21.9360233259879	0.1101	0.9995	4.82794414980676	1.94895421101862	4.85229111250632	7.55151885100602	5.6025646399874	0	NA	NA	NA	NA	NA	NA	1	-1.3924255643096	1.93884895214291	1	-0.398469484186136	0.158777929827566	1	-4.18277227407296	17.4955838967535	1	-0.245545824611876	0.0602927519843264	1.00122545054149	4650.09990377464	0	1.00157753970542	14668.3485668702	0	NA	NA	NA	NA	NA	NA	NA	NA
303	7	7	benefit_positive_truncnorm	benefit_positive_truncnorm	continuous	1	waning	benefit	1	1	NA	2.34321747334291	4.98392821573022	1000	360	600	1000	1000	360	698	0.64	0.302	7.20825123912075	24	24	0	2	1	10	4	1	5000	2500	1	0.99	14	10000	101302	0.6773	0.999	1.12817691953991	-3.86237050633622	1.17279540678156	5.92712602358693	9.78949652992315	1.72306101608343	0.618676875215526	1.72465770541782	2.82444229081589	2.20576541560036	0.610568576388889	1.46983860060361	-9.20560602793864	1.38101183469925	11.7795990795136	20.9852051074522	0.0784	0.985	3.14824042446406	0.24272316038089	3.06520969911502	6.13778997269563	5.89506681231473	0	NA	NA	NA	NA	NA	NA	1	-1.21504055380301	1.47632354738592	1	-0.62015645725948	0.38459403148063	1	-3.51408961512661	12.3488258231407	1	-1.83568779126616	3.36974966700363	1.00153332414863	4402.64799795521	0	1.0015579980929	11247.4944909295	0	NA	NA	NA	NA	NA	NA	NA	NA
306	7	7	benefit_positive_truncnorm	benefit_positive_truncnorm	continuous	1	waning	benefit	1	1	NA	2.0877797785806	4.71513818238121	1000	360	600	1000	1000	360	694	0.64	0.306	7.63617810600395	24	24	0	2	1	10	4	1	5000	2500	1	0.99	14	10000	101305	0.6455	0.9972	0.922076329230639	-4.18416813721827	0.967879123679579	5.7905048566624	9.97467299388067	1.5691914454919	0.505033801160308	1.57013346957985	2.66751454619667	2.16248074503637	0.60530679933665	1.42970709378795	-9.74014411421715	1.32692212718745	11.775655999012	21.5158001132291	0.0955	0.9994	4.18847882448282	1.4915381315114	4.15733590263297	7.07410845961838	5.58257032810698	0	NA	NA	NA	NA	NA	NA	1	-1.16570344934996	1.35886453182639	1	-0.518588333088696	0.268933859215713	1	-3.28543108859326	10.7940574378951	1	-0.526659357898385	0.277370079261939	1.00112063587739	4475.67953130007	0	1.00179149504842	13157.7815519116	0	NA	NA	NA	NA	NA	NA	NA	NA
418	7	7	benefit_positive_truncnorm	benefit_positive_truncnorm	continuous	1	waning	benefit	1	1	NA	2.13129604583215	4.83042108816343	1000	360	600	1000	1000	360	709	0.64	0.291	6.91423789751619	24	24	0	2	1	10	4	1	5000	2500	1	0.99	14	10000	101417	0.713	1	1.57374633925173	-3.90419067234526	1.55887015919972	6.94278751262414	10.8469781849694	2.74478479237049	1.66993017021191	2.75113453454682	3.82838077171546	2.15845060150355	0.631659388646288	1.88840541236402	-9.26316950545971	1.77356352770568	12.8165325223112	22.0797020277709	0.084	1	6.46562040490503	4.01507630922405	6.47568526030532	8.79080055878006	4.775724249556	0	NA	NA	NA	NA	NA	NA	1	-0.557549706580423	0.310861675307916	1	0.613488746538336	0.376368442129179	1	-2.94201567579942	8.6554562366495	1	1.63519931674159	2.67387680547218	1.00144525468058	4500.35038055544	0	1.0015660637452	15757.0091928163	0	NA	NA	NA	NA	NA	NA	NA	NA
304	7	7	benefit_positive_truncnorm	benefit_positive_truncnorm	continuous	1	waning	benefit	1	1	NA	2.1674483147237	4.44261690311681	1000	360	600	1000	1000	360	708	0.64	0.292	7.17282371318364	24	24	0	2	1	10	4	1	5000	2500	1	0.99	14	10000	101303	0.7155	0.9999	1.41571131941628	-3.48283898787895	1.42741664761871	6.19750157369497	9.68034056157392	2.02357229918771	0.940257935936119	2.01848004360864	3.11477322457365	2.17451528863753	0.638378378378378	1.80741256788872	-8.70951883112922	1.59798839758737	12.1084140688144	20.8179328999436	0.075	0.9997	4.46573664801744	2.08388833194636	4.47198409142856	6.80921580139757	4.7253274694512	0	NA	NA	NA	NA	NA	NA	1	-0.751736995307422	0.565108510113831	1	-0.143876015535991	0.0207003078465128	1	-2.63520433522809	6.94430188840493	1	0.0231197449006295	0.000534522604270184	1.00204685196942	4691.46172887799	0	1.00186221035607	10451.1064468654	0	NA	NA	NA	NA	NA	NA	NA	NA
310	7	7	benefit_positive_truncnorm	benefit_positive_truncnorm	continuous	1	waning	benefit	1	1	NA	1.62523575330485	3.07658419333812	1000	360	600	1000	1000	360	709	0.64	0.291	6.93216970656177	24	24	0	2	1	10	4	1	5000	2500	1	0.99	14	10000	101309	0.6882	1	1.35065949697049	-4.00830656806837	1.38498772103943	6.66098891526102	10.6692954833294	2.41205341057234	1.33370379617408	2.41851793700305	3.47641325881713	2.14270946264304	0.616285432855423	1.63218995968763	-9.97196899448495	1.57439216144763	12.5541839475851	22.52615294207	0.0863	0.9999	4.24423959091848	2.10884722063652	4.1376341151218	7.09639081630713	4.98754359567061	0	NA	NA	NA	NA	NA	NA	1	-0.274576256334363	0.0753921205425936	1	0.786817657267485	0.619082025787894	1	-1.44439423365049	2.08627470220279	1	1.16765539758036	1.36341912749855	1.00136510915094	4130.32209243145	0	1.00135601580537	11474.1757000623	0	NA	NA	NA	NA	NA	NA	NA	NA
307	7	7	benefit_positive_truncnorm	benefit_positive_truncnorm	continuous	1	waning	benefit	1	1	NA	1.76602693019237	3.33233160652813	1000	360	600	1000	1000	360	736	0.64	0.264	6.82902924177236	24	24	0	2	1	10	4	1	5000	2500	1	0.99	14	10000	101306	0.6209	0.9831	0.785909376217869	-4.61912720829468	0.840763301248877	5.99390751418804	10.6130347224827	1.15209422313989	0.0957026785306765	1.15910688722724	2.19656337826681	2.10086069973613	0.58034067483997	1.06027035479864	-10.4820475104505	1.07328736098468	12.1940603640204	22.6761078744709	0.0783	0.9749	2.1362144477679	-0.00126007387900781	2.1148403952718	4.39224606742013	4.39350614129914	0	NA	NA	NA	NA	NA	NA	1	-0.980117553974504	0.960630419608964	1	-0.613932707052486	0.376913368788794	1	-2.27206125172949	5.16226233161057	1	-1.19611715876023	1.43069625748064	1.00157514890112	4512.8569618917	0	1.00107405728607	12183.6548444338	0	NA	NA	NA	NA	NA	NA	NA	NA
410	7	7	benefit_positive_truncnorm	benefit_positive_truncnorm	continuous	1	waning	benefit	1	1	NA	2.69951843232806	5.73705906180385	1000	360	600	1000	1000	360	682	0.64	0.318	7.94069027712152	24	24	0	2	1	10	4	1	5000	2500	1	0.99	14	10000	101409	0.7557	1	1.75817831278933	-3.41495409735949	1.7807222524797	6.72393954742921	10.1388936447887	2.51828297333814	1.46268526504707	2.5280284317113	3.55767863596051	2.09499337091344	0.631114130434783	1.81075945795466	-9.12409167819713	1.71767482328708	12.1931285566152	21.3172202348123	0.1168	0.9999	5.22861550290302	2.49433259078842	5.26734695398092	7.75161143469524	5.25727884390682	0	NA	NA	NA	NA	NA	NA	1	-0.941340119538729	0.886121220653189	1	-0.181235458989916	0.0328462915952856	1	-3.92629960384919	15.4158285791863	1	-0.508443558900837	0.258514852587749	1.00129217924671	4649.70495822182	0	1.00146730909178	13693.6180752609	0	NA	NA	NA	NA	NA	NA	NA	NA
308	7	7	benefit_positive_truncnorm	benefit_positive_truncnorm	continuous	1	waning	benefit	1	1	NA	2.45884959061249	5.29914437492946	1000	360	600	1000	1000	360	696	0.64	0.304	7.37602419746307	24	24	0	2	1	10	4	1	5000	2500	1	0.99	14	10000	101307	0.714	0.9982	1.37408767718505	-3.56231392651961	1.39998938714961	6.20742836424982	9.76974229076943	1.59403402654392	0.520935026613073	1.59021276315018	2.6982401786352	2.17730515202213	0.65196662693683	1.99493977186319	-8.40069203596435	1.81821439451953	12.1943275608539	20.5950195968182	0.0771	0.9863	2.61527662429377	0.300012997931673	2.62177119565818	4.97082688870861	4.67081389077693	0	NA	NA	NA	NA	NA	NA	1	-1.08476191342744	1.17670840882276	1	-0.864815564068566	0.747905959855232	1	-3.30420460306627	10.9177680589243	0	-2.68386775063569	7.20314610290229	1.00157386012325	4749.98919884211	0	1.00128779705421	10228.4653610956	0	NA	NA	NA	NA	NA	NA	NA	NA
309	7	7	benefit_positive_truncnorm	benefit_positive_truncnorm	continuous	1	waning	benefit	1	1	NA	1.31007635879432	2.2037200268883	1000	360	600	1000	1000	360	719	0.64	0.281	6.59397143045978	24	24	0	2	1	10	4	1	5000	2500	1	0.99	14	10000	101308	0.6854	0.999	1.28902824291389	-3.800787692892	1.28601631268553	6.47370836193304	10.274496054825	1.73020827785302	0.680026896291268	1.72882211424834	2.76626781454424	2.08624091825297	0.620604631217839	1.65166638749153	-9.4982109566244	1.5425216127165	12.4787813869412	21.9769923435656	0.0672	0.99	2.44417055960704	0.351924839104982	2.37833763746241	4.77601080527982	4.42408596617484	0	NA	NA	NA	NA	NA	NA	1	-0.0210481158804268	0.000443023182115873	1	0.420131919058701	0.176510829411947	1	-0.552053639396767	0.304763220771216	1	0.240450532718746	0.0578164586847288	1.00128247863148	4671.73892791304	0	1.0017380015017	12029.8536160114	0	NA	NA	NA	NA	NA	NA	NA	NA
446	7	7	benefit_positive_truncnorm	benefit_positive_truncnorm	continuous	1	waning	benefit	1	1	NA	1.73117289189459	3.85523574865522	1000	360	600	1000	1000	360	701	0.64	0.299	7.29105794392983	24	24	0	2	1	10	4	1	5000	2500	1	0.99	14	10000	101445	0.6596	0.9956	1.02624381765679	-4.00780887909829	1.05245478208461	6.01977718553502	10.0275860646333	1.48869521495623	0.403504364326027	1.48615372354844	2.57527181104223	2.1717674467162	0.615653312957101	1.53620807578354	-9.33796715346301	1.36809598095725	11.9956981645937	21.3336653180567	0.0839	0.9992	4.01235446667534	1.77761160763935	3.99691559806803	6.36381627233341	4.58620466469407	0	NA	NA	NA	NA	NA	NA	1	-0.704929074237799	0.496924999705761	1	-0.242477676938358	0.0587954238134226	1	-2.31902767287168	5.37788934754463	1	0.157118718020127	0.024686291552288	1.00146715918489	4650.2947685321	0	1.00228821961853	13686.6898173697	0	NA	NA	NA	NA	NA	NA	NA	NA
285	7	7	benefit_positive_truncnorm	benefit_positive_truncnorm	continuous	1	waning	benefit	1	1	NA	2.05334741533531	4.20719070586969	1000	360	600	1000	1000	360	726	0.64	0.274	6.88946210292146	24	24	0	2	1	10	4	1	5000	2500	1	0.99	14	10000	101284	0.7078	0.9993	1.50652414426272	-4.0344299476661	1.52531979658621	6.77555946922284	10.8099894168889	1.98749292479359	0.932153047205474	1.98574998385149	3.04125468295333	2.10910163574785	0.620298702714488	1.73881311646065	-9.72426016256273	1.64429505233833	12.8761095769374	22.6003697395001	0.0827	0.9994	3.58954335145293	1.62080223148565	3.56067462561801	5.65633051788272	4.03552828639708	0	NA	NA	NA	NA	NA	NA	1	-0.546823271072587	0.299015689786524	1	-0.0658544905417173	0.00433681392450914	1	-2.46837758940904	6.09288792389679	1	-0.617647354416758	0.38148825441802	1.00146632641977	4378.91299312548	0	1.00154505425882	15321.4038023065	0	NA	NA	NA	NA	NA	NA	NA	NA
284	7	7	benefit_positive_truncnorm	benefit_positive_truncnorm	continuous	1	waning	benefit	1	1	NA	2.07447746077232	3.79905717497183	1000	360	600	1000	1000	360	695	0.64	0.305	7.44186647984026	24	24	0	2	1	10	4	1	5000	2500	1	0.99	14	10000	101283	0.8233	1	2.3330203521182	-2.65485427449132	2.39012352226537	6.99484270807868	9.64969698257	2.50344052390036	1.43651431127803	2.50430675777649	3.54322780363433	2.10671349235629	0.738429249972385	3.10567079190434	-7.15680468865567	3.01115196027209	13.0466900291662	20.2034947178219	0.0947	0.9997	4.87808660734342	2.23725141815402	4.93505290947792	7.2486736681225	5.01142224996848	0	NA	NA	NA	NA	NA	NA	1	0.258542891345884	0.0668444266654894	1	0.428963063128046	0.184009309528196	1	-0.693386383067486	0.480784676223411	1	1.07902943237159	1.16430451592416	1.00175643078114	4370.54717452978	0	1.00125761241538	11596.8803864273	0	NA	NA	NA	NA	NA	NA	NA	NA
351	7	7	benefit_positive_truncnorm	benefit_positive_truncnorm	continuous	1	waning	benefit	1	1	NA	1.89840202256158	3.62228961679077	1000	360	600	1000	1000	360	699	0.64	0.301	7.14731016661301	24	24	0	2	1	10	4	1	5000	2500	1	0.99	14	10000	101350	0.8081	0.9999	2.24389920271123	-2.86306789523457	2.30312670564632	7.05680328373777	9.91987117897234	2.00634245302969	0.91380542157125	2.003003219103	3.09639742902766	2.18259200745641	0.762173528109783	3.44478436305969	-6.92704337875552	3.30397888903379	13.1954066055615	20.122449984317	0.0964	0.9997	3.87072262632534	1.8049665647714	3.84903746197669	6.08930932693644	4.28434276216504	0	NA	NA	NA	NA	NA	NA	1	0.345497180149656	0.119368301491364	1	0.107940430468116	0.0116511365296423	1	-0.177505253731079	0.0315081151021348	1	0.248433009534569	0.0617189602264031	1.00176569363189	4557.24360042177	0	1.00159100779437	13578.0539814861	0	NA	NA	NA	NA	NA	NA	NA	NA
411	7	7	benefit_positive_truncnorm	benefit_positive_truncnorm	continuous	1	waning	benefit	1	1	NA	2.15760958252129	3.53044601779831	1000	360	600	1000	1000	360	716	0.64	0.284	7.54363259573334	24	24	0	2	1	10	4	1	5000	2500	1	0.99	14	10000	101410	0.6818	0.9995	1.16884622222561	-3.82338361373913	1.2181388633534	5.99900151427456	9.8223851280137	1.72532405012304	0.67679718727373	1.72006281465998	2.73352695716165	2.05672976988792	0.627670062438383	1.68596833226398	-9.13784971328421	1.60356377831997	12.1075103147483	21.2453600280325	0.0871	0.9982	3.2765446497775	0.99980967518118	3.27028873396298	5.60319038041426	4.60338070523308	0	NA	NA	NA	NA	NA	NA	1	-0.988763360295679	0.977652982663203	1	-0.432285532398253	0.186870781520841	1	-1.84447768553433	3.40209793243407	1	-0.253901368020807	0.0644659046828373	1.00164325547359	4626.39945537586	0	1.00149128823061	12491.5589470319	0	NA	NA	NA	NA	NA	NA	NA	NA
414	7	7	benefit_positive_truncnorm	benefit_positive_truncnorm	continuous	1	waning	benefit	1	1	NA	2.72045832986563	5.7009879825709	1000	360	600	1000	1000	360	711	0.64	0.289	7.52045134606338	24	24	0	2	1	10	4	1	5000	2500	1	0.99	14	10000	101413	0.7343	1	1.60431554470815	-3.40341744958481	1.64701768649844	6.44266010251867	9.84607755210348	2.2664638535504	1.21166217971225	2.2674646528605	3.33794530430038	2.12628312458812	0.646518321709288	2.00981184447231	-8.67434725222102	1.82900733839497	12.3857116728686	21.0600589250897	0.0967	0.9997	4.31584756698397	1.84980300727461	4.24107985008118	7.04927811205113	5.19947510477652	0	NA	NA	NA	NA	NA	NA	1	-1.11614278515748	1.24577471685909	1	-0.453994476315226	0.206110984524736	1	-3.69117613809859	13.6247812824684	1	-1.38514041558693	1.91861397089234	1.00117983909342	4424.66655445423	0	1.00212553913992	14693.6265665864	0	NA	NA	NA	NA	NA	NA	NA	NA
408	7	7	benefit_positive_truncnorm	benefit_positive_truncnorm	continuous	1	waning	benefit	1	1	NA	1.80742619461252	3.62141793422459	1000	360	600	1000	1000	360	721	0.64	0.279	7.25715168159205	24	24	0	2	1	10	4	1	5000	2500	1	0.99	14	10000	101407	0.6998	0.9992	1.27559147005093	-3.70703235456413	1.3463659753709	6.0462867094841	9.75331906404823	1.6529585960937	0.589967222617344	1.64622371746857	2.71113405474783	2.12116683213049	0.635014836795252	1.72054481264461	-9.1624004091596	1.61435733489053	12.1493453816308	21.3117457907904	0.0901	0.9968	3.98578066371971	1.11331749797261	4.09916242520461	6.74005631636278	5.62673881839017	0	NA	NA	NA	NA	NA	NA	1	-0.531834724561588	0.282848174249501	1	-0.154467598518824	0.0238602389921725	1	-1.90087312157998	3.61331862434522	1	0.364362729495117	0.132760198645132	1.00214619567825	4577.50314154061	0	1.00237248552991	11754.7432986612	0	NA	NA	NA	NA	NA	NA	NA	NA
363	7	7	benefit_positive_truncnorm	benefit_positive_truncnorm	continuous	1	waning	benefit	1	1	NA	2.37235143897273	4.48623475019084	1000	360	600	1000	1000	360	678	0.64	0.322	8.50269266604878	24	24	0	2	1	10	4	1	5000	2500	1	0.99	14	10000	101362	0.7515	1	1.66145647964026	-3.15283849094108	1.69338723415279	6.20063853881553	9.35347702975661	2.08160857609225	1.00575700293546	2.08148309059196	3.15192503272641	2.14616802979095	0.634028892455859	1.70673056668629	-8.77225608367729	1.59165623892906	11.5363256685841	20.3085817522614	0.1278	0.9995	4.13463851602232	1.63425896074638	3.99478331036751	7.06255992700887	5.42830096626248	0	NA	NA	NA	NA	NA	NA	1	-0.710894959332472	0.505371643204316	1	-0.290742862880479	0.084531412315937	1	-2.77950418350454	7.72564350611925	1	-0.351596234168519	0.123619911881484	1.00294658563	4782.79376561185	0	1.00142650015618	10417.1812044153	0	NA	NA	NA	NA	NA	NA	NA	NA
392	7	7	benefit_positive_truncnorm	benefit_positive_truncnorm	continuous	1	waning	benefit	1	1	NA	2.03699471873873	4.05357306020845	1000	360	600	1000	1000	360	714	0.64	0.286	7.21884034286734	24	24	0	2	1	10	4	1	5000	2500	1	0.99	14	10000	101391	0.7231	1	1.42078489352757	-3.52524761543961	1.41546722091615	6.23587866226839	9.761126277708	2.2343545730978	1.17225946915896	2.23492236209464	3.27858384300641	2.10632437384745	0.617602096527626	1.54482130772846	-9.20046313539493	1.37684074678882	11.8223496745622	21.0228128099571	0.0842	0.9999	4.42186021648955	1.91695740698927	4.51737916198461	6.55565930751087	4.63870190052159	0	NA	NA	NA	NA	NA	NA	1	-0.616209825211166	0.379714548686776	1	0.19735985435907	0.0389509121126332	1	-2.50875175247999	6.29383535557141	1	0.368287156281094	0.135635429481615	1.00154838852597	4564.13816070606	0	1.00152349008218	12238.0148905991	0	NA	NA	NA	NA	NA	NA	NA	NA
281	7	7	benefit_positive_truncnorm	benefit_positive_truncnorm	continuous	1	waning	benefit	1	1	NA	2.5494977895096	4.93966768933388	1000	360	600	1000	1000	360	662	0.64	0.338	8.01265672433195	24	24	0	2	1	10	4	1	5000	2500	1	0.99	14	10000	101280	0.9122	1	3.35702972383105	-1.57347277701962	3.46227615706998	7.73615098620975	9.30962376322938	2.48118994132919	1.39811574845796	2.48549897050709	3.53266033940135	2.1345445909434	0.941787709497207	5.78255079086927	-2.64531138756282	5.47575933783084	14.3267297986228	16.9720411861856	0.105	1	5.80469892139966	3.02906194883375	5.79850999185046	8.47553675636365	5.4464748075299	0	NA	NA	NA	NA	NA	NA	1	0.807531934321447	0.652107824948938	1	-0.0683078481804116	0.00466596212303816	1	0.842883101535394	0.710451922853925	1	0.865031232065783	0.748279032449246	1.00147310876647	4682.10273456695	0	1.00214894798368	7646.27682498038	0	NA	NA	NA	NA	NA	NA	NA	NA
277	7	7	benefit_positive_truncnorm	benefit_positive_truncnorm	continuous	1	waning	benefit	1	1	NA	2.22723814881691	4.82583220102617	1000	360	600	1000	1000	360	711	0.64	0.289	7.22915897382584	24	24	0	2	1	10	4	1	5000	2500	1	0.99	14	10000	101276	0.778	0.9998	1.88158110087486	-3.00894657270499	1.95447169482295	6.55187286461679	9.56081943732178	1.92539875591739	0.884123623284329	1.93227319046373	2.98076566129425	2.09664203800992	0.723665615827807	2.90865349661833	-7.48396908163267	2.69884455956145	13.0094047761295	20.4933738577622	0.0801	0.9993	4.3540455074624	1.66496376044427	4.31685539535797	6.97629452239106	5.31133076194679	0	NA	NA	NA	NA	NA	NA	1	-0.345657047942054	0.119478794792016	1	-0.301839392899518	0.0911070191059496	1	-1.91717870440785	3.67557418463495	1	-0.471786693563778	0.222582684223842	1.00183076084063	4456.34841098133	0	1.00195477720424	13424.3031671037	0	NA	NA	NA	NA	NA	NA	NA	NA
354	7	7	benefit_positive_truncnorm	benefit_positive_truncnorm	continuous	1	waning	benefit	1	1	NA	2.48216976278529	4.73706670683678	1000	360	600	1000	1000	360	682	0.64	0.318	8.25046900947317	24	24	0	2	1	10	4	1	5000	2500	1	0.99	14	10000	101353	0.7131	1	1.35443808292231	-3.46299758449632	1.40039883797639	6.01025231252266	9.47324989701898	2.25833271655917	1.17378055327857	2.26219759803353	3.34705695686095	2.17327640358237	0.625736293611237	1.67503831235728	-8.59482091462429	1.54834611359827	11.6967160339201	20.2915369485444	0.1172	0.9999	5.57393818164583	2.51680796212254	5.55435560921455	8.70228991720875	6.18548195508621	0	NA	NA	NA	NA	NA	NA	1	-1.12773167986297	1.27177874176657	1	-0.223837046226113	0.0501030232632309	1	-3.0620283944795	9.37601788859872	1	0.836871474809053	0.700353865349079	1.00117161295737	4495.03176584882	0	1.00162183639066	14306.6810047798	0	NA	NA	NA	NA	NA	NA	NA	NA
353	7	7	benefit_positive_truncnorm	benefit_positive_truncnorm	continuous	1	waning	benefit	1	1	NA	1.56734708863427	2.50503166096519	1000	360	600	1000	1000	360	714	0.64	0.286	7.25439098134363	24	24	0	2	1	10	4	1	5000	2500	1	0.99	14	10000	101352	0.7557	0.9999	1.71460121824227	-3.17878225151215	1.74889339805045	6.53641452247388	9.71519677398603	2.04410697833985	0.975444106276278	2.04228302240762	3.12405145939793	2.14860735312165	0.702283498492029	2.60692731885955	-7.62694580058689	2.37841328910936	12.8558068551722	20.4827526557591	0.0716	0.999	3.71095621107936	1.21363777468528	3.6763988195352	6.2480906428211	5.03445286813581	0	NA	NA	NA	NA	NA	NA	1	0.147254129607995	0.0216837786866083	1	0.476759889705577	0.227299992432074	1	0.101895657894354	0.0103827250977233	1	1.20592455011416	1.45425402056805	1.00141599026636	4578.61320536813	0	1.00197870378905	10324.9270933692	0	NA	NA	NA	NA	NA	NA	NA	NA
412	7	7	benefit_positive_truncnorm	benefit_positive_truncnorm	continuous	1	waning	benefit	1	1	NA	2.28228102847036	4.20411822479425	1000	360	600	1000	1000	360	703	0.64	0.297	6.97471652469803	24	24	0	2	1	10	4	1	5000	2500	1	0.99	14	10000	101411	0.7939	1	2.25451070592732	-3.170381495096	2.29457334572144	7.45957456385812	10.6299560589541	2.50889120094314	1.44285783817787	2.51024545217132	3.56334660449823	2.12048876632036	0.697157394093574	2.8298271828374	-8.09017668895351	2.59174560324307	13.6207566399264	21.7109333288799	0.0959	1	5.04975611362113	2.72162522637746	5.05740684896479	7.41070767969718	4.68908245331973	0	NA	NA	NA	NA	NA	NA	1	-0.0277703225430428	0.000771190814144631	1	0.226610172472779	0.0513521702681425	1	-1.37429104195685	1.88867586800285	1	0.845637888826881	0.715103439019585	1.00146934029565	4212.4688906989	0	1.00235378747594	13617.0959342503	0	NA	NA	NA	NA	NA	NA	NA	NA
385	7	7	benefit_positive_truncnorm	benefit_positive_truncnorm	continuous	1	waning	benefit	1	1	NA	1.17800865326413	2.1464875890497	1000	360	600	1000	1000	360	719	0.64	0.281	6.71481130419607	24	24	0	2	1	10	4	1	5000	2500	1	0.99	14	10000	101384	0.7187	0.9999	1.58167333026817	-3.88872368008941	1.6594791931845	6.8120825734756	10.700806253565	2.0758559633794	0.996182428847288	2.0812825370336	3.13092840183175	2.13474597298446	0.642321486794914	2.05308275619785	-8.99249533063652	1.91214055465091	13.0227351087764	22.015230439413	0.0799	0.997	4.20683372846824	1.40387486210922	4.22372529232495	6.78410326219996	5.38022840009075	0	NA	NA	NA	NA	NA	NA	1	0.403664677004048	0.162945171460782	1	0.897847310115274	0.806129792281233	1	-0.0934048328518493	0.00872446280008191	1	2.06034613941854	4.24502621421688	1.00133825062154	4419.33952057585	0	1.00205683336255	11155.2628821959	0	NA	NA	NA	NA	NA	NA	NA	NA
355	7	7	benefit_positive_truncnorm	benefit_positive_truncnorm	continuous	1	waning	benefit	1	1	NA	2.1080815780226	3.82694145861682	1000	360	600	1000	1000	360	703	0.64	0.297	7.66979692787144	24	24	0	2	1	10	4	1	5000	2500	1	0.99	14	10000	101354	0.6757	1	1.11400129819554	-3.92466899749246	1.17824652501209	5.93381268975746	9.85848168724992	1.89737435807196	0.885146153115965	1.88718071270872	2.9536107890459	2.06846463592994	0.595798504179498	1.28160582057282	-9.67179662348797	1.19561477821888	11.8665075269684	21.5383041504564	0.0908	1	4.09400982092877	1.93492289020058	3.91528562285701	6.95676944683015	5.02184655662957	0	NA	NA	NA	NA	NA	NA	1	-0.994080279827062	0.988195602741051	1	-0.210707219950644	0.044397532539329	1	-2.545335638044	6.47873351029685	1	0.267068362311948	0.0713255101479857	1.0014654240076	4454.16509646519	0	1.0015242243911	11642.1438582833	0	NA	NA	NA	NA	NA	NA	NA	NA
413	7	7	benefit_positive_truncnorm	benefit_positive_truncnorm	continuous	1	waning	benefit	1	1	NA	2.49503473557926	4.79356896388488	1000	360	600	1000	1000	360	726	0.64	0.274	7.3373187080045	24	24	0	2	1	10	4	1	5000	2500	1	0.99	14	10000	101412	0.8202	1	2.37546155170431	-2.7795568220027	2.49581151029672	7.14181277561728	9.92136959761997	3.33019416886629	2.28672078085539	3.33349971467784	4.34871625535411	2.06199547449872	0.736157438292195	3.22563837882149	-7.35057379121791	3.11751121272304	13.071881606284	20.4224553975019	0.1006	1	6.04088334962554	4.08528494456713	5.96640756771139	8.36811591130738	4.28283096674025	0	NA	NA	NA	NA	NA	NA	1	-0.119573183874949	0.0142977463019924	1	0.835159433287032	0.697491279008317	1	-1.56793058506339	2.45840631957722	1	1.24731438574066	1.5557931768756	1.00159136507511	4523.63887424793	0	1.00136779752962	9024.86369854264	0	NA	NA	NA	NA	NA	NA	NA	NA
367	7	7	benefit_positive_truncnorm	benefit_positive_truncnorm	continuous	1	waning	benefit	1	1	NA	1.66799620932543	3.2670142881797	1000	360	600	1000	1000	360	706	0.64	0.294	7.54924805603506	24	24	0	2	1	10	4	1	5000	2500	1	0.99	14	10000	101366	0.6548	1	1.01087201935029	-4.04304975876914	1.06448741278337	5.82589003770351	9.86893979647265	1.98872961833592	0.931664218106401	1.99160371284533	3.06016891531138	2.12850469720497	0.588712365292745	1.11351039948696	-10.0573952549783	1.09733120319872	11.8152094134503	21.8726046684286	0.0999	0.999	3.60183419696802	1.34459439726096	3.57515536258834	6.16434865192402	4.81975425466307	0	NA	NA	NA	NA	NA	NA	1	-0.657124189975138	0.431812201050481	1	0.32073340901049	0.10286991965549	1	-2.15350388869275	4.63757899861478	1	0.334819908788315	0.112104371321015	1.00161048088272	4936.52652389069	0	1.00168101692645	12728.4358027305	0	NA	NA	NA	NA	NA	NA	NA	NA
352	7	7	benefit_positive_truncnorm	benefit_positive_truncnorm	continuous	1	waning	benefit	1	1	NA	2.11815702000696	4.11801629012455	1000	360	600	1000	1000	360	695	0.64	0.305	7.58955283908699	24	24	0	2	1	10	4	1	5000	2500	1	0.99	14	10000	101351	0.6922	1	1.26823741947111	-3.84658614025047	1.30867664311088	6.21952432895	10.0661104692005	1.91956844715865	0.851737248777622	1.91718563769276	2.97969992985046	2.12796268107284	0.632375690607735	1.66419964388973	-9.31887872794818	1.56508523887499	11.9533677339471	21.2722464618952	0.095	0.9989	4.07087830539641	1.47314698111448	4.09192881886522	6.52010550490482	5.04695852379034	0	NA	NA	NA	NA	NA	NA	1	-0.849919600535851	0.72236332737502	1	-0.19858857284831	0.0394374212659285	1	-2.45381664623482	6.0212161333391	1	-0.0471379847281428	0.00222198960423062	1.00169062115949	4391.6187979113	0	1.00154533144786	10923.868071059	0	NA	NA	NA	NA	NA	NA	NA	NA
346	7	7	benefit_positive_truncnorm	benefit_positive_truncnorm	continuous	1	waning	benefit	1	1	NA	2.18099958040401	4.3514027653697	1000	360	600	1000	1000	360	680	0.64	0.32	7.37746281415689	24	24	0	2	1	10	4	1	5000	2500	1	0.99	14	10000	101345	0.734	0.9996	1.57400631395211	-3.39279221288576	1.63045415954717	6.34092377858042	9.73371599146618	1.83280252051303	0.763866910614474	1.83552858953135	2.89484551279497	2.13097860218049	0.656970362239298	2.08907652076675	-8.45162776385313	2.02125005111277	12.1988950211532	20.6505227850064	0.089	0.9935	3.56124604899185	0.683860395642103	3.43862806524331	7.15727331095582	6.47341291531372	0	NA	NA	NA	NA	NA	NA	1	-0.606993266451906	0.368440825517955	1	-0.348197059890987	0.121241192516728	1	-2.26232624460295	5.11812003701928	1	-0.790156716377849	0.624347636437025	1.0017266930877	4238.94371231682	0	1.00189343051619	13659.7136845272	0	NA	NA	NA	NA	NA	NA	NA	NA
371	7	7	benefit_positive_truncnorm	benefit_positive_truncnorm	continuous	1	waning	benefit	1	1	NA	2.36534497957623	4.59482406468886	1000	360	600	1000	1000	360	685	0.64	0.315	7.48296330290628	24	24	0	2	1	10	4	1	5000	2500	1	0.99	14	10000	101370	0.6178	0.9995	0.723707067738196	-4.19199593967967	0.771495120694799	5.53106371759402	9.7230596572737	1.82029769139138	0.740979893834672	1.81799907493124	2.89274314160716	2.15176324777249	0.553682828061727	0.733895043317771	-10.2885562950983	0.67861434930091	11.5033877699967	21.7919440650949	0.0863	0.9995	3.95513082566717	1.58388447222443	3.9089571296063	6.48021487090624	4.89633039868181	0	NA	NA	NA	NA	NA	NA	1	-1.64163791183803	2.69497503358393	1	-0.545047288184845	0.297076546357654	1	-3.86092902137109	14.9067729080655	1	-0.639693239021691	0.409207440050062	1.00129212645539	4555.76069577445	0	1.00166344011091	10288.1178988683	0	NA	NA	NA	NA	NA	NA	NA	NA
405	7	7	benefit_positive_truncnorm	benefit_positive_truncnorm	continuous	1	waning	benefit	1	1	NA	1.64857689983995	3.32461535521671	1000	360	600	1000	1000	360	717	0.64	0.283	6.30084754973557	24	24	0	2	1	10	4	1	5000	2500	1	0.99	14	10000	101404	0.7156	0.9998	1.49112239622163	-3.67583764554348	1.54164851428176	6.5903565338353	10.2661941793788	2.00211385741474	0.944244458530193	2.000891584482	3.05589183521657	2.11164737668637	0.692013999363665	2.55482450128421	-8.20219795955157	2.40730861901112	13.2138824449473	21.4160804044989	0.0571	0.9997	4.57722187926847	2.39538871262681	4.57090379167037	6.7158114490668	4.32042273643999	0	NA	NA	NA	NA	NA	NA	1	-0.157454503618319	0.0247919207096912	1	0.35353695757479	0.124988380371239	1	-0.769790853932501	0.592577958798129	1	1.25260652405176	1.56902310409703	1.00152374821669	4439.12540023578	0	1.00171412299733	12731.3509629255	0	NA	NA	NA	NA	NA	NA	NA	NA
415	7	7	benefit_positive_truncnorm	benefit_positive_truncnorm	continuous	1	waning	benefit	1	1	NA	1.4621869723587	2.95228315195106	1000	360	600	1000	1000	360	746	0.64	0.254	6.48660580269081	24	24	0	2	1	10	4	1	5000	2500	1	0.99	14	10000	101414	0.6621	0.9959	1.09747481890645	-4.34800736059377	1.14715777912001	6.2533490603363	10.6013564209301	1.49095066086301	0.41788372180252	1.488731311847	2.55637280773786	2.13848908593534	0.626928020565553	1.71261146502497	-9.22383790433843	1.62557713794387	12.5661492996393	21.7899872039777	0.0664	0.9875	2.22357953639092	0.278367979306687	2.18649440762214	4.34853504798302	4.07016706867633	0	NA	NA	NA	NA	NA	NA	1	-0.364712153452248	0.133014954875776	1	0.0287636885043052	0.0008273497763727	1	-1.23967168692609	1.53678589136617	1	-0.728703615560141	0.531008959330421	1.0008882237385	4582.12852603894	0	1.00156438750057	11163.1257990754	0	NA	NA	NA	NA	NA	NA	NA	NA
362	7	7	benefit_positive_truncnorm	benefit_positive_truncnorm	continuous	1	waning	benefit	1	1	NA	2.43807039975036	5.20775315737193	1000	360	600	1000	1000	360	716	0.64	0.284	7.35753281010261	24	24	0	2	1	10	4	1	5000	2500	1	0.99	14	10000	101361	0.7286	1	1.50769271196389	-3.44227399438563	1.53985904866607	6.23973228370933	9.68200627809496	2.52702809434399	1.46045470498901	2.52487149633997	3.58539159531334	2.12493689032433	0.656430360448655	2.0665785945157	-8.49679362360277	1.86747430058661	12.5359304923407	21.0327241159435	0.0817	1	5.5710726996393	3.02598067722851	5.5155523100298	8.12979717611733	5.10381649888882	0	NA	NA	NA	NA	NA	NA	1	-0.930377687786474	0.865602641930907	1	0.088957694593621	0.00791347142741195	1	-3.14117456285623	9.86697763433503	1	0.363319542267378	0.132001089793377	1.00108043876839	4590.39951931906	0	1.00171617498429	13361.4523965091	0	NA	NA	NA	NA	NA	NA	NA	NA
416	7	7	benefit_positive_truncnorm	benefit_positive_truncnorm	continuous	1	waning	benefit	1	1	NA	2.06917967881213	4.47441770262406	1000	360	600	1000	1000	360	696	0.64	0.304	7.17910422699455	24	24	0	2	1	10	4	1	5000	2500	1	0.99	14	10000	101415	0.7255	1	1.49919002021829	-3.43099989999267	1.52089221995339	6.30791512908795	9.73891502908062	2.29585388809873	1.21619343156588	2.29543805967577	3.38092120109855	2.16472776953267	0.67362672663026	2.20521935774437	-8.34752526462761	2.06737918556554	12.3644626069269	20.7119878715545	0.0661	1	4.38559270062088	2.4827372581734	4.27079231206714	6.75848636130219	4.27574910312879	0	NA	NA	NA	NA	NA	NA	1	-0.569989658593839	0.324888210903921	1	0.226674209286601	0.0513811971557056	1	-2.2691983448797	5.14926112840475	1	-0.088825002003186	0.007889880980866	1.00137500572254	4310.31793666291	0	1.0023675842095	13653.4369285106	0	NA	NA	NA	NA	NA	NA	NA	NA
406	7	7	benefit_positive_truncnorm	benefit_positive_truncnorm	continuous	1	waning	benefit	1	1	NA	1.97595704805697	4.26399110599016	1000	360	600	1000	1000	360	721	0.64	0.279	6.45412254518389	24	24	0	2	1	10	4	1	5000	2500	1	0.99	14	10000	101405	0.5893	0.9961	0.606418545058975	-4.59537010182571	0.62138742493178	5.77312292099163	10.3684930228173	1.52211227450124	0.431792772162796	1.52359460127783	2.61803523083699	2.18624245867419	0.54392144305689	0.636451548003742	-10.6252435558655	0.607130326162833	11.8860801406895	22.511323696555	0.0631	0.9787	3.20925964268576	0.129415833776633	3.24641592412641	6.10093819035886	5.97152235658223	0	NA	NA	NA	NA	NA	NA	1	-1.36953850299799	1.87563571119398	1	-0.453844773555725	0.205975078483847	1	-3.62753955798642	13.1590432447563	1	-1.0547314633044	1.11245845968423	1.00148105540609	4664.52491107891	0	1.00188842051206	10963.9733735943	0	NA	NA	NA	NA	NA	NA	NA	NA
286	7	7	benefit_positive_truncnorm	benefit_positive_truncnorm	continuous	1	waning	benefit	1	1	NA	1.46680167487779	3.03510062908861	1000	360	600	1000	1000	360	720	0.64	0.28	6.4078839322152	24	24	0	2	1	10	4	1	5000	2500	1	0.99	14	10000	101285	0.6246	0.9998	0.854801599240207	-4.38752898671099	0.857115404140274	6.08907312475374	10.4766021114647	2.06658909609081	0.963394760279207	2.07103641656569	3.15184497662353	2.18845021634432	0.565950091822405	0.925552325582077	-10.2907986949059	0.835397661913126	12.1029908297783	22.3937895246842	0.0743	0.9998	3.99297000867942	1.65971180555205	3.88747550962176	6.689350222229	5.02963841667695	0	NA	NA	NA	NA	NA	NA	1	-0.612000075637586	0.374544092580411	1	0.599787421213018	0.359744950645362	1	-2.10954830350654	4.45019404482731	1	0.957869379590802	0.917513748357668	1.00155093843027	4704.29372919601	0	1.00156516156504	11603.8563435389	0	NA	NA	NA	NA	NA	NA	NA	NA
404	7	7	benefit_positive_truncnorm	benefit_positive_truncnorm	continuous	1	waning	benefit	1	1	NA	2.36759746647924	4.79948584084531	1000	360	600	1000	1000	360	720	0.64	0.28	7.05966232181225	24	24	0	2	1	10	4	1	5000	2500	1	0.99	14	10000	101403	0.7762	1	1.94705829102088	-3.0744329361497	1.9976213361948	6.68298368611686	9.75741662226656	2.53777048737172	1.45818654983094	2.5448723686702	3.59764187781825	2.13945532798731	0.715274725274725	2.75068649759177	-7.72094725991524	2.63143748968414	12.8597223012182	20.5806695611334	0.09	1	5.31977656858211	3.13187156421215	5.24524170402363	7.6845371621708	4.55266559795865	0	NA	NA	NA	NA	NA	NA	1	-0.420539175458361	0.176853198095198	1	0.170173020892482	0.0289588570396731	1	-2.04879934325353	4.19757874891611	1	0.520290727736804	0.270702441368893	1.00206385032999	4609.81112252532	0	1.00193785711946	12228.6828554475	0	NA	NA	NA	NA	NA	NA	NA	NA
359	7	7	benefit_positive_truncnorm	benefit_positive_truncnorm	continuous	1	waning	benefit	1	1	NA	2.09030463005549	3.94956905913124	1000	360	600	1000	1000	360	728	0.64	0.272	7.28897850952002	24	24	0	2	1	10	4	1	5000	2500	1	0.99	14	10000	101358	0.8398	0.9999	2.4858422950143	-2.52033630641893	2.54891769463339	7.23483689329369	9.75517319971262	2.81841694156655	1.76091868089088	2.82566441070434	3.8525238491735	2.09160516828262	0.811759495072528	4.24429958752397	-5.82970553688526	4.05889895006952	13.6908967955799	19.5206023324652	0.0969	1	4.4758905778513	2.32825393174677	4.41741300989489	6.92968769695765	4.60143376521089	0	NA	NA	NA	NA	NA	NA	1	0.395537664958817	0.156450044401073	1	0.728112311511063	0.530147538173983	1	0.29473052839273	0.0868660843666578	1	0.526321518720051	0.277014341067781	1.00138279307466	4456.04115294662	0	1.00177213319024	13482.9114859539	0	NA	NA	NA	NA	NA	NA	NA	NA
347	7	7	benefit_positive_truncnorm	benefit_positive_truncnorm	continuous	1	waning	benefit	1	1	NA	1.35344835478496	2.67768966904626	1000	360	600	1000	1000	360	727	0.64	0.273	7.47180083060176	24	24	0	2	1	10	4	1	5000	2500	1	0.99	14	10000	101346	0.5781	0.9808	0.490226441397138	-4.33443040188256	0.491673655226147	5.36652698085967	9.70095738274224	1.12637690170611	0.0668157575040796	1.11680732795546	2.16125761793108	2.094441860427	0.547670639219935	0.625080593089054	-10.1350203745537	0.518211788115384	11.5137011478003	21.648721522354	0.077	0.9817	2.35871641287308	0.13449267335736	2.33621337204099	4.56971481017294	4.43522213681558	0	NA	NA	NA	NA	NA	NA	1	-0.863221913387821	0.745152071752931	1	-0.227071453078853	0.0515614448033418	1	-2.05260907595721	4.21320401870191	1	-0.318973256173186	0.101743938153725	1.0017883221913	4557.06865582803	0	1.00173994143623	12132.5229682726	0	NA	NA	NA	NA	NA	NA	NA	NA
430	7	7	benefit_positive_truncnorm	benefit_positive_truncnorm	continuous	1	waning	benefit	1	1	NA	2.24102252672037	4.35757088691549	1000	360	600	1000	1000	360	723	0.64	0.277	7.16200732322532	24	24	0	2	1	10	4	1	5000	2500	1	0.99	14	10000	101429	0.7663	1	1.80617106243451	-3.13543653720212	1.89965080617325	6.47029443077765	9.60573096797977	2.21781691463595	1.13834466715572	2.21787902694044	3.26506736645084	2.12672269929512	0.707933081489477	2.66348312036389	-7.75644749978484	2.45077073330475	12.8921531521118	20.6486006518966	0.0735	1	4.0922903626856	2.21211660617316	4.13299431540205	5.84311448820573	3.63099788203257	0	NA	NA	NA	NA	NA	NA	1	-0.434851464285863	0.189095795991559	1	-0.0232056120844275	0.000538500432212928	1	-1.69408776655161	2.86993336077981	1	-0.265280524229896	0.0703737565356883	1.00171703480108	4581.19411254375	0	1.00275892585494	10910.4492334155	0	NA	NA	NA	NA	NA	NA	NA	NA
360	7	7	benefit_positive_truncnorm	benefit_positive_truncnorm	continuous	1	waning	benefit	1	1	NA	2.46503165044384	4.70395471930701	1000	360	600	1000	1000	360	703	0.64	0.297	7.98812561832335	24	24	0	2	1	10	4	1	5000	2500	1	0.99	14	10000	101359	0.7297	1	1.57448208241415	-3.68425245077893	1.61753928335832	6.52993955608311	10.214192006862	2.26385903837004	1.18057377999545	2.27247776664397	3.31298602636808	2.13241224637263	0.622438582588022	1.66332173326404	-9.28859465518092	1.56019524975108	12.1007840603944	21.3893787155753	0.1167	0.9998	4.18280288258264	1.5238448602531	4.16051927367784	7.02529077414371	5.50144591389061	0	NA	NA	NA	NA	NA	NA	1	-0.89054956802969	0.793078533117867	1	-0.201172612073794	0.0404704198485932	1	-3.04063298604297	9.24544895581257	1	-0.52115183672437	0.271599236921185	1.0017344994023	4051.06706751233	0	1.00140257324049	14036.8331325527	0	NA	NA	NA	NA	NA	NA	NA	NA
417	7	7	benefit_positive_truncnorm	benefit_positive_truncnorm	continuous	1	waning	benefit	1	1	NA	1.7896368061906	3.56886384996	1000	360	600	1000	1000	360	721	0.64	0.279	6.81203987628081	24	24	0	2	1	10	4	1	5000	2500	1	0.99	14	10000	101416	0.7322	0.9992	1.70271598092819	-3.83884442348426	1.75948615774262	6.97348551401092	10.8123299374952	1.6340415832675	0.58041850964298	1.62547417418581	2.70712456756662	2.12670605792364	0.649128576126274	2.16264623277963	-9.3708976405762	2.02675355520289	13.0480400909493	22.4189377315255	0.0877	0.9903	2.94865933290613	0.489271733370409	2.92444427063092	5.57802847326061	5.0887567398902	0	NA	NA	NA	NA	NA	NA	1	-0.0869208252624094	0.00755522986429831	1	-0.155595222923101	0.0242098733964896	1	-1.40621761718037	1.97744798686843	1	-0.620204517053872	0.384653642974027	1.00153345415599	4535.04391729621	0	1.0014612845999	10328.0147969041	0	NA	NA	NA	NA	NA	NA	NA	NA
368	7	7	benefit_positive_truncnorm	benefit_positive_truncnorm	continuous	1	waning	benefit	1	1	NA	1.74159896265645	3.35572500506261	1000	360	600	1000	1000	360	722	0.64	0.278	7.20622591744859	24	24	0	2	1	10	4	1	5000	2500	1	0.99	14	10000	101367	0.7958	1	2.10392065192444	-2.82059067372676	2.17053564113721	6.86767487904834	9.6882655527751	2.16312399846083	1.10771600707473	2.15550817583715	3.26069138401384	2.15297537693912	0.765156489384986	3.54023635168494	-6.74840662320769	3.41804602691413	13.3677691774367	20.1161758006444	0.0862	0.9998	3.85637425755414	1.69596287364887	3.77749674727892	6.2891942224293	4.59323134878043	0	NA	NA	NA	NA	NA	NA	1	0.36232168926799	0.13127700651401	1	0.421525035804375	0.17768335580988	1	0.18451134662233	0.0340444370323856	1	0.50064925249153	0.250649674020328	1.00129002398375	4494.00743170884	0	1.00217333226058	10973.5887007166	0	NA	NA	NA	NA	NA	NA	NA	NA
403	7	7	benefit_positive_truncnorm	benefit_positive_truncnorm	continuous	1	waning	benefit	1	1	NA	2.2950260435585	4.96012541864053	1000	360	600	1000	1000	360	694	0.64	0.306	7.23461500650315	24	24	0	2	1	10	4	1	5000	2500	1	0.99	14	10000	101402	0.7107	1	1.38695323568644	-3.73605989802978	1.47017827981448	6.27959700296001	10.0156569009898	2.39663883339412	1.28608286648227	2.39619738889727	3.49254577749662	2.20646291101436	0.636493620765508	1.73644648490102	-9.18919719743384	1.66181996904211	12.1003892364834	21.2895864339173	0.0908	0.9998	4.98322428000334	2.05196596694273	4.83642634997636	8.16791857525002	6.11595260830729	0	NA	NA	NA	NA	NA	NA	1	-0.908072807872065	0.824596224396657	1	0.101612789835617	0.0103251590581773	1	-3.22367893373951	10.3921058678359	1	0.0230988613628051	0.000533557396258092	1.00186492317947	4579.54773666031	0	1.00281479622813	13562.7147705256	0	NA	NA	NA	NA	NA	NA	NA	NA
434	7	7	benefit_positive_truncnorm	benefit_positive_truncnorm	continuous	1	waning	benefit	1	1	NA	1.76576589507984	3.18299235274653	1000	360	600	1000	1000	360	701	0.64	0.299	8.05241610668932	24	24	0	2	1	10	4	1	5000	2500	1	0.99	14	10000	101433	0.8169	0.9989	2.23731508115926	-2.58069878034668	2.3093141788675	6.77920244777253	9.35990122811921	1.74645846706137	0.663151727913029	1.74145330967148	2.81459845598517	2.15144672807214	0.775895176776234	3.63482262296275	-6.86636158616148	3.57657980006163	13.1404031387931	20.0067647249545	0.1147	0.9991	3.76105378809594	1.56873741829597	3.71583889122139	6.04143558402749	4.47269816573152	0	NA	NA	NA	NA	NA	NA	1	0.471549186079412	0.222358634892156	1	-0.0193074280184737	0.000372776776688545	1	0.451830270216222	0.204150593083665	1	0.578061435349411	0.334155023038221	1.00142353245194	4471.9048132643	0	1.00159911746092	12045.5681551378	0	NA	NA	NA	NA	NA	NA	NA	NA
380	7	7	benefit_positive_truncnorm	benefit_positive_truncnorm	continuous	1	waning	benefit	1	1	NA	1.81630823152835	3.48031602404509	1000	360	600	1000	1000	360	721	0.64	0.279	6.69639016159983	24	24	0	2	1	10	4	1	5000	2500	1	0.99	14	10000	101379	0.6587	1	1.07960029928716	-4.20951778555601	1.10849701978534	6.27817144697149	10.4876892325275	2.06332057009045	0.991301307324692	2.06527146859345	3.13575843060461	2.14445712327992	0.611338650571244	1.49284344694018	-9.79227601664375	1.3301325551945	12.4165883486409	22.2088643652847	0.0722	0.9998	4.56966932179251	1.91149182615397	4.57982706110575	7.148391617683	5.23689979152904	0	NA	NA	NA	NA	NA	NA	1	-0.736707932241193	0.542738577427095	1	0.247012338562104	0.0610150954019197	1	-1.98747257710491	3.95004724474403	1	1.08935329774742	1.18669060731318	1.00175513779252	4344.17622743208	0	1.0017789320926	13682.3486848047	0	NA	NA	NA	NA	NA	NA	NA	NA
450	7	7	benefit_positive_truncnorm	benefit_positive_truncnorm	continuous	1	waning	benefit	1	1	NA	1.93958319346237	3.80129323025947	1000	360	600	1000	1000	360	711	0.64	0.289	7.07037652930142	24	24	0	2	1	10	4	1	5000	2500	1	0.99	14	10000	101449	0.6847	1	1.24054428086135	-3.58927994607129	1.25611698633361	6.02037486774667	9.60965481381796	2.05451631368236	0.993053637811166	2.05902598862713	3.12753667499103	2.13448303717986	0.640125324114088	1.85851218067201	-8.76247050282157	1.67678573067103	12.2768742133606	21.0393447161822	0.0744	1	4.86485224354073	2.57608634072161	4.94665949891263	6.84779202176778	4.27170568104616	0	NA	NA	NA	NA	NA	NA	1	-0.699038912601019	0.488655401330415	1	0.114933120219995	0.0132096221235037	1	-1.94278104958747	3.77439820663617	1	1.06355901328126	1.13115777473181	1.00091287558134	4618.00012671596	0	1.00152882471525	13118.7177549647	0	NA	NA	NA	NA	NA	NA	NA	NA
369	7	7	benefit_positive_truncnorm	benefit_positive_truncnorm	continuous	1	waning	benefit	1	1	NA	2.83074390642092	6.01410674772362	1000	360	600	1000	1000	360	698	0.64	0.302	8.58308557467731	24	24	0	2	1	10	4	1	5000	2500	1	0.99	14	10000	101368	0.8411	1	2.44223905002934	-2.43302259734466	2.48547861987662	7.08164029869306	9.51466289603772	3.56971498953867	2.55279445961175	3.57205540627738	4.61906328498438	2.06626882537264	0.711177278973889	2.68411840638611	-7.3548206303708	2.61281687961835	12.1595341222895	19.5143547526604	0.1268	1	6.69243038185662	4.2211397975984	6.69390627169875	9.20246467407006	4.98132487647167	0	NA	NA	NA	NA	NA	NA	1	-0.388504856391573	0.150936023439836	1	0.738971083117756	0.54607826168423	1	-3.32998834133751	11.0888223534438	1	0.678323634132999	0.460122952623399	1.00184867625364	4366.26277030886	0	1.00149801994025	10336.8738000145	0	NA	NA	NA	NA	NA	NA	NA	NA
318	7	7	benefit_positive_truncnorm	benefit_positive_truncnorm	continuous	1	waning	benefit	1	1	NA	1.88530397509938	3.68617040045661	1000	360	600	1000	1000	360	707	0.64	0.293	6.59698622209195	24	24	0	2	1	10	4	1	5000	2500	1	0.99	14	10000	101317	0.6681	1	1.16141008036797	-4.23896134555797	1.17884506357779	6.3385886060203	10.5775499515783	1.99321720380402	0.913984062056752	1.98961982000243	3.08535887339577	2.17137481133902	0.610525194417812	1.50539896573374	-9.74075632282299	1.42063335372871	12.5957391133459	22.3364954361689	0.0613	0.9982	4.45187139815426	1.51834797521914	4.48500288770167	7.15188055872773	5.63353258350859	0	NA	NA	NA	NA	NA	NA	1	-0.723893894731415	0.524022370829416	1	0.107913228704635	0.0116452649294588	1	-2.18077143472287	4.75576405050325	1	0.765700997697654	0.586298017875183	1.00186869548837	4326.25311519799	0	1.00157523891094	13126.7270751938	0	NA	NA	NA	NA	NA	NA	NA	NA
336	7	7	benefit_positive_truncnorm	benefit_positive_truncnorm	continuous	1	waning	benefit	1	1	NA	1.25100021271995	2.5526288997742	1000	360	600	1000	1000	360	725	0.64	0.275	6.87551466719511	24	24	0	2	1	10	4	1	5000	2500	1	0.99	14	10000	101335	0.5309	0.8441	0.188189723812966	-5.20724673310664	0.205273739353305	5.4289413812342	10.6361881143408	0.557762368134967	-0.517010859967475	0.552199491348065	1.64144615745804	2.15845701742551	0.506501950585176	0.0906666428883589	-11.1820562467556	0.0822778929101862	11.4877380334658	22.6697942802214	0.0772	0.7233	0.930236880982714	-1.99712166464592	0.907475362326394	3.8258022356887	5.82292390033462	0	NA	NA	NA	NA	NA	NA	1	-1.06281048890698	1.12956613533069	1	-0.693237844584979	0.480578709164827	1	-2.46196225688584	6.0612581543304	1	-1.62239201879148	2.6321558626383	1.00199412346581	4110.31647990565	0	1.00194390721077	12379.029309695	0	NA	NA	NA	NA	NA	NA	NA	NA
375	7	7	benefit_positive_truncnorm	benefit_positive_truncnorm	continuous	1	waning	benefit	1	1	NA	2.64344200137114	5.50872189136514	1000	360	600	1000	1000	360	726	0.64	0.274	7.16066890020288	24	24	0	2	1	10	4	1	5000	2500	1	0.99	14	10000	101374	0.7763	1	1.94042954533165	-2.94326992311169	1.99702985761363	6.64354302417873	9.58681294729042	2.82446234099144	1.75243422907366	2.82957001024509	3.86945199279712	2.11701776372345	0.657221006564551	1.99687827514324	-8.51525054998947	1.904019593633	11.9872337425984	20.5024842925878	0.086	1	4.72617126776066	2.45830979942171	4.66234756101114	7.23358423271934	4.77527443329763	0	NA	NA	NA	NA	NA	NA	1	-0.703012456039494	0.494226513346681	1	0.181020339620297	0.0327683633562477	1	-3.5118436162219	12.3330455847985	1	-0.782550623604474	0.612385478503752	1.0020981000325	4322.18403041305	0	1.00261327152631	10228.6180453209	0	NA	NA	NA	NA	NA	NA	NA	NA
400	7	7	benefit_positive_truncnorm	benefit_positive_truncnorm	continuous	1	waning	benefit	1	1	NA	2.6414953284211	5.46734506234743	1000	360	600	1000	1000	360	705	0.64	0.295	7.74853870937095	24	24	0	2	1	10	4	1	5000	2500	1	0.99	14	10000	101399	0.6597	0.9998	1.02600391775177	-3.88866521510355	1.04925683747426	5.89383793622703	9.78250315133057	1.95478723914086	0.92735386429553	1.95243331902931	3.0232696003071	2.09591573601157	0.575877192982456	1.04317010226808	-9.83636059411363	0.947156247947933	11.6695109158628	21.5058715099764	0.088	0.999	3.78908108538909	1.41194692126364	3.74466372574495	6.39261201118714	4.98066508992351	0	NA	NA	NA	NA	NA	NA	1	-1.61549141066934	2.60981249794641	1	-0.686708089280246	0.471567999882927	1	-4.42417496007934	19.5733240773931	1	-1.67826397695834	2.81656997635603	1.00155897538789	4636.49150412438	0	1.00113698759684	12456.2620715024	0	NA	NA	NA	NA	NA	NA	NA	NA
382	7	7	benefit_positive_truncnorm	benefit_positive_truncnorm	continuous	1	waning	benefit	1	1	NA	2.08437836035409	3.91329009155697	1000	360	600	1000	1000	360	697	0.64	0.303	7.22465107330367	24	24	0	2	1	10	4	1	5000	2500	1	0.99	14	10000	101381	0.7589	1	1.75160969486766	-3.22379015363879	1.769173348616	6.49345789580005	9.71724804943884	2.28340031055412	1.20643604863979	2.29270348804608	3.30723815633758	2.10080210769779	0.731419840663538	2.93896734065081	-7.3951609394922	2.72519250272874	12.9373159308827	20.3324768703749	0.0837	1	4.47397734685574	2.47381132586076	4.39960507399361	6.85317822812302	4.37936690226226	0	NA	NA	NA	NA	NA	NA	1	-0.332768665486433	0.110734984729622	1	0.199021950200035	0.0396097366614253	1	-0.974322750906154	0.949304822933335	1	0.560687255298774	0.314370198254472	1.00237987502611	3851.46677004426	0	1.00146060416605	11388.9359162802	0	NA	NA	NA	NA	NA	NA	NA	NA
435	7	7	benefit_positive_truncnorm	benefit_positive_truncnorm	continuous	1	waning	benefit	1	1	NA	2.10742526442906	3.83696576491195	1000	360	600	1000	1000	360	690	0.64	0.31	7.71861929256607	24	24	0	2	1	10	4	1	5000	2500	1	0.99	14	10000	101434	0.6889	0.9996	1.25277152988488	-3.82510095164858	1.29592621415691	6.18295307919534	10.0080540308439	1.83715894611527	0.764346475183747	1.84151740030342	2.88726759554496	2.12292112036121	0.606374591733303	1.46391991132471	-9.43038596893121	1.32652386888052	12.1221927605381	21.5525787294693	0.1121	0.997	3.16455521917726	0.870354601190431	3.14485796809687	5.68098770819719	4.81063310700676	0	NA	NA	NA	NA	NA	NA	1	-0.854653734544175	0.730433005970305	1	-0.270266318313791	0.0730438828148914	1	-2.37304585358724	5.63134662322762	1	-0.672410545734695	0.452135942015231	1.00134722301601	4635.5967070157	0	1.00127100870948	12999.3597434578	0	NA	NA	NA	NA	NA	NA	NA	NA
401	7	7	benefit_positive_truncnorm	benefit_positive_truncnorm	continuous	1	waning	benefit	1	1	NA	2.06044569760888	3.98743180793869	1000	360	600	1000	1000	360	692	0.64	0.308	7.67139130934987	24	24	0	2	1	10	4	1	5000	2500	1	0.99	14	10000	101400	0.728	1	1.56417099986435	-3.57116260091363	1.62450452704633	6.50545042247575	10.0766130233894	2.40272160370115	1.32333588427823	2.40330444463436	3.47275773252804	2.14942184824981	0.645474860335196	2.01529270976277	-8.71468008723026	1.96309042765593	12.2549226518737	20.969602739104	0.105	0.9999	5.76489709780171	2.30315169256576	5.96630933673895	8.76329073815243	6.46013904558668	0	NA	NA	NA	NA	NA	NA	1	-0.496274697744524	0.246288575621419	1	0.342275906092274	0.117152795891287	1	-1.97213909817591	3.8893326225541	1	1.77746528986302	3.15938285666783	1.00174493893934	4495.1695882358	0	1.00125376438846	12006.0751071591	0	NA	NA	NA	NA	NA	NA	NA	NA
507	7	7	benefit_positive_truncnorm	benefit_positive_truncnorm	continuous	1	waning	benefit	1	1	NA	1.83832065518813	3.3869102398733	1000	360	600	1000	1000	360	724	0.64	0.276	6.37621491592889	24	24	0	2	1	10	4	1	5000	2500	1	0.99	14	10000	101506	0.788	1	2.19880268300405	-3.22025743496492	2.26071576714399	7.28540572174459	10.5056631567095	2.53424408816299	1.46777459354063	2.53279378473403	3.5781554956234	2.11038090208277	0.743718046339606	3.34513144534121	-7.22707104604303	3.11816896781195	13.8057338122379	21.0328048582809	0.0807	1	5.07547823869156	3.19295136363096	5.07456985293509	6.94165067240628	3.74869930877532	0	NA	NA	NA	NA	NA	NA	1	0.360482027815918	0.129947292378276	1	0.695923432974859	0.484309424563513	1	-0.041778794532092	0.00174546767255476	1	1.68856799881826	2.85126188663309	1.00158154723772	4592.14437788657	0	1.00206331727162	13247.4164630706	0	NA	NA	NA	NA	NA	NA	NA	NA
379	7	7	benefit_positive_truncnorm	benefit_positive_truncnorm	continuous	1	waning	benefit	1	1	NA	1.27022811595141	2.17052670473324	1000	360	600	1000	1000	360	719	0.64	0.281	6.14688901909934	24	24	0	2	1	10	4	1	5000	2500	1	0.99	14	10000	101378	0.7056	0.9986	1.36424922318375	-3.77785909217242	1.40303765047551	6.33339081483523	10.1112499070077	1.67692856402941	0.570106011581429	1.67391646764531	2.77547197203283	2.2053659604514	0.669496021220159	2.22439768486638	-8.78032587058333	2.08170006774101	13.0232211171823	21.8035469877656	0.0575	0.9986	4.00964813101515	1.83037407638774	4.02267660545752	6.04384310127124	4.2134690248835	0	NA	NA	NA	NA	NA	NA	1	0.0940211072323391	0.00883996860519502	1	0.406700448077999	0.165405254466845	1	0.053870980133143	0.00290208250050548	1	1.83912142628191	3.38236762060921	1.00175394876666	4264.52284370755	0	1.00198440584097	11419.219669417	0	NA	NA	NA	NA	NA	NA	NA	NA
500	7	7	benefit_positive_truncnorm	benefit_positive_truncnorm	continuous	1	waning	benefit	1	1	NA	2.07562369054463	3.94945490974602	1000	360	600	1000	1000	360	689	0.64	0.311	7.68204419524146	24	24	0	2	1	10	4	1	5000	2500	1	0.99	14	10000	101499	0.7073	0.9999	1.38752980057364	-3.81231617195911	1.42955672360645	6.33380258872506	10.1461187606842	2.10440675016413	1.01351087361537	2.10124149665578	3.20432383768413	2.19081296406876	0.614160080151397	1.57002142959727	-9.55642434918623	1.48795391231556	11.9271611938904	21.4835855430766	0.1017	1	4.42743918971171	2.03718522812323	4.35628689116504	7.44361053428998	5.40642530616674	0	NA	NA	NA	NA	NA	NA	1	-0.688093889970993	0.473473201415413	1	0.0287830596195011	0.000828464521059756	1	-2.37943348014875	5.6617036864528	1	0.477984279965694	0.228468971894323	1.0016159825753	4754.23296442369	0	1.00111918343199	13209.6720064789	0	NA	NA	NA	NA	NA	NA	NA	NA
378	7	7	benefit_positive_truncnorm	benefit_positive_truncnorm	continuous	1	waning	benefit	1	1	NA	2.96241766547608	5.79043536809998	1000	360	600	1000	1000	360	703	0.64	0.297	8.36252889153859	24	24	0	2	1	10	4	1	5000	2500	1	0.99	14	10000	101377	0.7861	1	1.9177369658631	-2.78223188781825	1.96542971129242	6.40234021451093	9.18457210232918	2.52481355659159	1.49377256470535	2.525534245871	3.58544550500882	2.09167294030347	0.650708409506399	1.87188489377381	-8.53167423544325	1.81357562279359	11.4567833287153	19.9884575641585	0.1248	0.9998	4.73045560414478	2.13088155386177	4.72956709928241	7.29751691769499	5.16663536383322	0	NA	NA	NA	NA	NA	NA	1	-1.04468069961298	1.09135776414386	1	-0.437604108884489	0.191497356112588	1	-3.91855047432617	15.3550378198419	1	-1.0599797639552	1.12355709999453	1.00145831730592	4102.52903915982	0	1.00168693774431	11944.4534326793	0	NA	NA	NA	NA	NA	NA	NA	NA
393	7	7	benefit_positive_truncnorm	benefit_positive_truncnorm	continuous	1	waning	benefit	1	1	NA	2.14161951354444	4.36162131206768	1000	360	600	1000	1000	360	716	0.64	0.284	7.33652972205285	24	24	0	2	1	10	4	1	5000	2500	1	0.99	14	10000	101392	0.7728	1	1.89250461901666	-3.11852679918148	1.95590247916939	6.65476749246829	9.77329429164977	2.67795151885002	1.63688979844901	2.68227732512651	3.72587042499014	2.08898062654113	0.697520661157025	2.65238471499329	-7.81758538967596	2.48797901583373	12.7586102934448	20.5761956831208	0.0925	1	3.89055617795884	1.97904167622018	3.79975215727032	6.56942997050612	4.59038829428594	0	NA	NA	NA	NA	NA	NA	1	-0.249114894527785	0.0620582306755896	1	0.536332005305581	0.287652019915105	1	-1.70923659707439	2.92148974477844	1	-0.471065134108843	0.221902360572982	1.00255450744289	4252.79765888773	0	1.00163771503241	10894.5997042362	0	NA	NA	NA	NA	NA	NA	NA	NA
370	7	7	benefit_positive_truncnorm	benefit_positive_truncnorm	continuous	1	waning	benefit	1	1	NA	1.83825286553207	3.61041033304697	1000	360	600	1000	1000	360	703	0.64	0.297	6.98718824365579	24	24	0	2	1	10	4	1	5000	2500	1	0.99	14	10000	101369	0.6092	0.9554	0.768186829976245	-4.60639193200825	0.811505912082085	6.02650772632526	10.6328996583335	0.939311331699296	-0.138972308723615	0.940568326642905	2.00204713634679	2.1410194450704	0.568537859007833	0.990479130395431	-10.473338501459	0.942137002303854	12.3340631263585	22.8074016278175	0.0808	0.8842	1.55729832810558	-0.882498869221125	1.48141233968361	4.32581846919373	5.20831733841486	0	NA	NA	NA	NA	NA	NA	1	-1.07006603555583	1.14504132045017	1	-0.898941533832777	0.808095881249626	1	-2.61993120265154	6.86403950662714	1	-2.05311200494139	4.21526890483446	1.00195908819142	4574.01760118413	0	1.00216332492632	14117.3571161753	0	NA	NA	NA	NA	NA	NA	NA	NA
386	7	7	benefit_positive_truncnorm	benefit_positive_truncnorm	continuous	1	waning	benefit	1	1	NA	2.36639766569494	4.80369922647407	1000	360	600	1000	1000	360	683	0.64	0.317	7.55185258234438	24	24	0	2	1	10	4	1	5000	2500	1	0.99	14	10000	101385	0.6905	1	1.27157821368717	-3.82847823553938	1.33860748870611	6.20086583413272	10.0293440696721	2.22821274472482	1.11089771037137	2.229435034601	3.29452838540421	2.18363067503285	0.600638977635783	1.32833144700525	-9.74711981880098	1.24616625044254	12.0655458816797	21.8126657004807	0.0923	0.9978	4.6230796344186	1.34742829033646	4.63696493596549	7.80339106153233	6.45596277119587	0	NA	NA	NA	NA	NA	NA	1	-1.09481945200777	1.1986296324946	1	-0.138184920970119	0.0190950723835181	1	-3.47536777946881	12.07818120257	1	-0.180619592055465	0.0326234370342827	1.00170154982795	4452.58809944766	0	1.00164994103393	14598.8593684104	0	NA	NA	NA	NA	NA	NA	NA	NA
432	7	7	benefit_positive_truncnorm	benefit_positive_truncnorm	continuous	1	waning	benefit	1	1	NA	1.93376093208186	3.79578375448323	1000	360	600	1000	1000	360	727	0.64	0.273	7.47318737319988	24	24	0	2	1	10	4	1	5000	2500	1	0.99	14	10000	101431	0.7527	0.9982	1.70340273088796	-3.38207305847287	1.75103897683538	6.52642751482695	9.90850057329982	1.61959824823623	0.560015089350404	1.62099958858392	2.6706636292812	2.1106485399308	0.673195422535211	2.31330814124389	-8.14956061834703	2.20220988196699	12.3760133108009	20.525573929148	0.0912	0.9991	3.87362403819316	1.54275794240782	3.8698456290255	6.06706195751686	4.52430401510905	0	NA	NA	NA	NA	NA	NA	1	-0.230358201193904	0.0530649008572911	1	-0.314162683845629	0.0986981919210885	1	-1.48247561323933	2.19773394384934	1	0.0778402837099272	0.00605910976804196	1.00128864363401	4812.42228338265	0	1.00118481555861	12120.8100078505	0	NA	NA	NA	NA	NA	NA	NA	NA
421	7	7	benefit_positive_truncnorm	benefit_positive_truncnorm	continuous	1	waning	benefit	1	1	NA	2.14690730526675	3.91509958641765	1000	360	600	1000	1000	360	713	0.64	0.287	7.49117723083958	24	24	0	2	1	10	4	1	5000	2500	1	0.99	14	10000	101420	0.7449	1	1.67079600180266	-3.38485420304857	1.70567361156376	6.58310372490473	9.9679579279533	2.14023413465132	1.07298536253464	2.14196242280366	3.20590473602665	2.13291937349201	0.620106171201062	1.68781004280416	-9.20466283656896	1.53892111164596	12.2419886381909	21.4466514747598	0.0958	0.9996	3.59662682902921	1.72561940965112	3.54228691346809	5.69229356842836	3.96667415877724	0	NA	NA	NA	NA	NA	NA	1	-0.476111303464094	0.226681973286278	1	-0.0066731706154286	4.45312060626198e-05	1	-2.22728954361349	4.96081871109	1	-0.318472757388435	0.101424897198593	1.00210922861764	4159.12263392076	0	1.00192202135329	11145.8015307568	0	NA	NA	NA	NA	NA	NA	NA	NA
436	7	7	benefit_positive_truncnorm	benefit_positive_truncnorm	continuous	1	waning	benefit	1	1	NA	1.68996352402635	3.5756103514311	1000	360	600	1000	1000	360	750	0.64	0.25	6.77089804365022	24	24	0	2	1	10	4	1	5000	2500	1	0.99	14	10000	101435	0.6965	0.9998	1.45558898149812	-3.89681713118343	1.48359270131273	6.68495952381364	10.5817766549971	1.77582229138296	0.711714510458007	1.77942842840381	2.82026899964939	2.10855448919138	0.622674355347623	1.75256378975888	-9.57670821412641	1.63514527160783	12.7582727981236	22.33498101225	0.0809	0.9933	3.22858130979423	0.513281712594423	3.35813835961613	5.75589520749426	5.24261349489984	0	NA	NA	NA	NA	NA	NA	1	-0.234374542528229	0.0549314261853167	1	0.085858767356604	0.00737172793199545	1	-1.82304656167222	3.3234987660249	1	-0.347029041636865	0.120429155739401	1.00126144421662	4188.15421710362	0	1.00208089391128	8984.24897442544	0	NA	NA	NA	NA	NA	NA	NA	NA
438	7	7	benefit_positive_truncnorm	benefit_positive_truncnorm	continuous	1	waning	benefit	1	1	NA	2.49486395002194	5.18289514751332	1000	360	600	1000	1000	360	726	0.64	0.274	7.37405607513046	24	24	0	2	1	10	4	1	5000	2500	1	0.99	14	10000	101437	0.7078	1	1.33938013782976	-3.50617317161728	1.36037763294623	6.05865188354004	9.56482505515732	2.09224411853342	1.02743494128216	2.09113737663294	3.14145096000892	2.11401601872676	0.627843692173724	1.6343816231374	-8.93046911804318	1.46569691953487	11.8979674918419	20.8284366098851	0.0813	0.9997	4.26297472921954	1.7217551835533	4.32022480379589	6.53541791230846	4.81366272875516	0	NA	NA	NA	NA	NA	NA	1	-1.15548381219218	1.33514284023817	1	-0.402619831488516	0.162102728707841	1	-3.54851352437591	12.5919482326788	1	-0.919920418293777	0.846253575993797	1.00145756602071	4361.72936363557	0	1.0013910552972	10752.1496727954	0	NA	NA	NA	NA	NA	NA	NA	NA
394	7	7	benefit_positive_truncnorm	benefit_positive_truncnorm	continuous	1	waning	benefit	1	1	NA	1.40809031142393	2.64032610613327	1000	360	600	1000	1000	360	731	0.64	0.269	6.11000185300877	24	24	0	2	1	10	4	1	5000	2500	1	0.99	14	10000	101393	0.6469	0.9965	0.971513906827916	-4.17725713885746	1.01073674920599	6.12302583830278	10.3002829771602	1.46852991015758	0.392588949460142	1.47247119178982	2.53411396296052	2.14152501350038	0.581400230922641	1.07812925589489	-9.75478125802876	1.0039638904234	11.8783206636912	21.63310192172	0.0473	0.8567	1.24817469752839	-0.914320921391167	1.21193032832919	3.63424083952684	4.54856176091801	0	NA	NA	NA	NA	NA	NA	1	-0.43657640459601	0.190598957049979	1	0.0604395987336532	0.00365294509508502	1	-1.56219685023838	2.44045899889472	1	-1.39215140860488	1.93808554448055	1.00209447261426	4435.22067919809	0	1.00144217760886	11841.7006862818	0	NA	NA	NA	NA	NA	NA	NA	NA
409	7	7	benefit_positive_truncnorm	benefit_positive_truncnorm	continuous	1	waning	benefit	1	1	NA	1.42051220034856	2.65927822017856	1000	360	600	1000	1000	360	702	0.64	0.298	6.52081112110755	24	24	0	2	1	10	4	1	5000	2500	1	0.99	14	10000	101408	0.6516	0.9992	1.04275227045929	-4.26407381279918	1.02610282392053	6.21180593771644	10.4758797505156	1.74964937950626	0.685357264289594	1.75058669041929	2.83560884771156	2.15025158342196	0.601641616032406	1.39859926070042	-9.87328351772516	1.31138206887193	12.4129882482578	22.286271765983	0.0619	0.9964	3.63116086910618	0.982113484578453	3.62659692672404	6.1189462208096	5.13683273623114	0	NA	NA	NA	NA	NA	NA	1	-0.377759929889263	0.142702564629941	1	0.329137179157699	0.108331282703887	1	-1.26067895947814	1.5893114388709	1	0.971882648927621	0.94455588328657	1.00193585648841	4156.78988815477	0	1.00201614779684	9881.70345325612	0	NA	NA	NA	NA	NA	NA	NA	NA
376	7	7	benefit_positive_truncnorm	benefit_positive_truncnorm	continuous	1	waning	benefit	1	1	NA	2.1292741128853	3.90777567240375	1000	360	600	1000	1000	360	720	0.64	0.28	7.6809669192232	24	24	0	2	1	10	4	1	5000	2500	1	0.99	14	10000	101375	0.6729	0.9954	1.13150343568116	-3.89183856916739	1.1685509231621	6.03927069333282	9.93110926250021	1.35293071286227	0.347630302114033	1.34980728249813	2.37046472267042	2.02283442055639	0.597100807790196	1.28162735494668	-9.65183381619524	1.18907178151527	11.7851674165956	21.4370012327909	0.0963	0.9449	1.63159482478165	-0.357834447296858	1.62713092523306	3.70183927612026	4.05967372341712	0	NA	NA	NA	NA	NA	NA	1	-0.997770677204147	0.995546324288422	1	-0.776343400023029	0.602709074759317	1	-2.62614831745707	6.8966549852826	0	-2.2761808476221	5.18099925108167	1.00170146244637	4413.23981533758	0	1.00178335183946	11934.1472004797	0	NA	NA	NA	NA	NA	NA	NA	NA
488	7	7	benefit_positive_truncnorm	benefit_positive_truncnorm	continuous	1	waning	benefit	1	1	NA	2.32959134288855	4.79133518522242	1000	360	600	1000	1000	360	712	0.64	0.288	7.21618886619831	24	24	0	2	1	10	4	1	5000	2500	1	0.99	14	10000	101487	0.8399	1	2.55683474377448	-2.46736456962913	2.59763606780212	7.33401145869054	9.80137602831967	2.84555842316635	1.77372986782898	2.84858651301649	3.9023689398242	2.12863907199522	0.806883576803896	4.13432833232637	-5.90489276343911	3.9607327592756	13.8263434859362	19.7312362493753	0.0964	1	5.40088240229679	2.86402399240062	5.43177905850692	8.03153894403697	5.16751495163635	0	NA	NA	NA	NA	NA	NA	1	0.227243400885928	0.0516395632462026	1	0.515967080277801	0.266222027930399	1	-0.657006852896045	0.431658004752366	1	0.609547217074367	0.371547809843106	1.00116362924178	4469.02749259407	0	1.00182465872596	8914.23388202464	0	NA	NA	NA	NA	NA	NA	NA	NA
361	7	7	benefit_positive_truncnorm	benefit_positive_truncnorm	continuous	1	waning	benefit	1	1	NA	2.02219816580043	3.8085600002482	1000	360	600	1000	1000	360	732	0.64	0.268	7.13815129615789	24	24	0	2	1	10	4	1	5000	2500	1	0.99	14	10000	101360	0.7868	1	1.99889567103072	-2.87214553621203	2.04111211266403	6.71229073456369	9.58443627077572	2.04433916204194	0.998966112411337	2.04685668697642	3.0828309429304	2.08386483051906	0.71133796698523	2.77277747037608	-7.76406268673557	2.63103088623469	13.0012654595776	20.7653281463132	0.0792	0.9969	3.14145421865424	0.783718311954899	3.1175071430827	5.70156683474026	4.91784852278536	0	NA	NA	NA	NA	NA	NA	1	-0.0233024947697111	0.000543006262492415	1	0.0221409962415082	0.000490223714566481	1	-1.03578252987212	1.07284544918829	1	-0.667105781593964	0.445030123836093	1.0015947263916	4404.53587708463	0	1.00113706827413	10153.9322557111	0	NA	NA	NA	NA	NA	NA	NA	NA
407	7	7	benefit_positive_truncnorm	benefit_positive_truncnorm	continuous	1	waning	benefit	1	1	NA	1.90223875283231	4.07838941799864	1000	360	600	1000	1000	360	736	0.64	0.264	7.21314907265503	24	24	0	2	1	10	4	1	5000	2500	1	0.99	14	10000	101406	0.727	0.9917	1.46425267165739	-3.52786969169354	1.49964297562165	6.17299503073813	9.70086472243167	1.30396233096074	0.249411035188815	1.3057122982368	2.37575801705915	2.12634698187034	0.65567725843184	1.99769162251388	-8.47433615449606	1.82987104434529	12.3705267690661	20.8448629235621	0.0779	0.9991	3.47036022325024	1.27583148854005	3.54202757614445	5.401504841962	4.12567335342195	0	NA	NA	NA	NA	NA	NA	1	-0.43798608117492	0.191831807302964	1	-0.598276421871568	0.357934676967446	1	-2.08069779548477	4.32930331613517	1	-0.608029194748399	0.369699501666386	1.00257414219346	4577.94994930785	0	1.00177844304684	11403.9966150932	0	NA	NA	NA	NA	NA	NA	NA	NA
457	7	7	benefit_positive_truncnorm	benefit_positive_truncnorm	continuous	1	waning	benefit	1	1	NA	1.82979188109212	3.5196155319117	1000	360	600	1000	1000	360	713	0.64	0.287	7.29460515835123	24	24	0	2	1	10	4	1	5000	2500	1	0.99	14	10000	101456	0.6136	0.9925	0.737619875059253	-4.13791387267867	0.761302361544926	5.60760950657411	9.74552337925278	1.33306003613418	0.276794835281433	1.33321531466646	2.37675232276146	2.09995748748003	0.552801842307271	0.684178247144667	-10.1136792914229	0.61349574550311	11.4173665992429	21.5310458906659	0.0881	0.9864	2.80633763219552	0.444906714355123	2.8732033444782	4.88751788701978	4.44261117266466	0	NA	NA	NA	NA	NA	NA	1	-1.09217200603287	1.19283969076186	1	-0.496731844957938	0.246742525795317	1	-2.83543728476704	8.03970459584707	1	-0.713277899716183	0.50876536222353	1.00126302738467	4809.96623004743	0	1.00135974767788	11736.0879447336	0	NA	NA	NA	NA	NA	NA	NA	NA
447	7	7	benefit_positive_truncnorm	benefit_positive_truncnorm	continuous	1	waning	benefit	1	1	NA	2.13047999360096	4.37525495305206	1000	360	600	1000	1000	360	705	0.64	0.295	6.61506691286828	24	24	0	2	1	10	4	1	5000	2500	1	0.99	14	10000	101446	0.6191	0.9985	0.795322870920988	-4.5858616844299	0.80875373418587	6.03840429590425	10.6242659803341	1.58583958131492	0.502368139210072	1.59198683017806	2.67847946843584	2.17611132922577	0.582599355531686	1.16837514136874	-9.92307847137241	1.07305821764318	12.1037228638049	22.0268013351773	0.069	0.9956	3.90626930048708	1.0119548169525	3.92779492337462	6.67731474833278	5.66535993138028	0	NA	NA	NA	NA	NA	NA	1	-1.33515712267998	1.78264454224307	1	-0.54464041228604	0.296633178695108	1	-3.20687981168332	10.284078126582	1	-0.468985652564974	0.219947542311794	1.00112199960224	4464.22995392521	0	1.00185741281871	11828.60542166	0	NA	NA	NA	NA	NA	NA	NA	NA
437	7	7	benefit_positive_truncnorm	benefit_positive_truncnorm	continuous	1	waning	benefit	1	1	NA	2.01473677736736	4.1895653813162	1000	360	600	1000	1000	360	733	0.64	0.267	7.04024887990773	24	24	0	2	1	10	4	1	5000	2500	1	0.99	14	10000	101436	0.7582	0.9991	1.80679441100664	-3.33114468048511	1.87209215371942	6.67430440890151	10.0054490893866	1.74431033908813	0.675597735737574	1.74464085385721	2.79231335005658	2.11671561431901	0.715263971725204	2.8274569085282	-7.99162318423683	2.7696578560211	13.0484567531795	21.0400799374163	0.0946	0.9996	3.50967672294381	1.43927898897653	3.51333696585264	5.55433540865679	4.11505641968026	0	NA	NA	NA	NA	NA	NA	1	-0.207942366360721	0.0432400277276965	1	-0.270426438279232	0.0731304585203911	1	-1.362108472788	1.85533949164087	1	-0.67988865837239	0.462248587783409	1.00095373283472	4520.07562909829	0	1.00148135612124	13139.2969570633	0	NA	NA	NA	NA	NA	NA	NA	NA
423	7	7	benefit_positive_truncnorm	benefit_positive_truncnorm	continuous	1	waning	benefit	1	1	NA	2.11585442541903	4.3304224019011	1000	360	600	1000	1000	360	699	0.64	0.301	7.444228946757	24	24	0	2	1	10	4	1	5000	2500	1	0.99	14	10000	101422	0.7522	1	1.78032339015235	-3.31153696785261	1.83643435757624	6.77356861113258	10.0851055789852	2.05499351481962	0.977547330344802	2.05968840181495	3.10270706648452	2.12515973613972	0.668305217294157	2.25486340365942	-8.6843976931171	2.21919717372346	12.6085665250003	21.2929642181174	0.1049	1	4.7889731051613	2.5390292153422	4.81794268628227	6.84592374738616	4.30689453204396	0	NA	NA	NA	NA	NA	NA	1	-0.335531035266679	0.112581075627129	1	-0.0608609105994056	0.00370405043898884	1	-2.07555899824167	4.30794515518198	1	0.458550703260202	0.210268747460426	1.00234817481145	4407.8237616376	0	1.00171861557618	11298.6803793267	0	NA	NA	NA	NA	NA	NA	NA	NA
420	7	7	benefit_positive_truncnorm	benefit_positive_truncnorm	continuous	1	waning	benefit	1	1	NA	1.73117899861522	3.28617550627393	1000	360	600	1000	1000	360	704	0.64	0.296	7.43429585442015	24	24	0	2	1	10	4	1	5000	2500	1	0.99	14	10000	101419	0.6224	0.9939	0.767949468987631	-4.19364803329526	0.810013794660902	5.67800446731326	9.87165250060852	1.39875228256808	0.307335031804865	1.39273935024269	2.4824840476069	2.17514901580204	0.5772499455219	1.006829553049	-9.50800751350765	0.930088095148519	11.61586427531	21.1238717888177	0.0822	0.9655	2.36003740353741	-0.162981713159286	2.35845536907138	4.94767817303284	5.11065988619213	0	NA	NA	NA	NA	NA	NA	1	-0.963229529627589	0.927811126746587	1	-0.332426716047137	0.110507521541884	1	-2.27934595322493	5.19541797448286	1	-0.926138102736518	0.857731785340397	1.00134883691234	4230.71035458599	0	1.00152456406851	12929.2152960343	0	NA	NA	NA	NA	NA	NA	NA	NA
433	7	7	benefit_positive_truncnorm	benefit_positive_truncnorm	continuous	1	waning	benefit	1	1	NA	2.15290876997312	4.66598381453629	1000	360	600	1000	1000	360	714	0.64	0.286	6.83453397851561	24	24	0	2	1	10	4	1	5000	2500	1	0.99	14	10000	101432	0.6627	0.9983	1.15265703603432	-4.18640966943449	1.19043668406649	6.44334488553177	10.6297545549663	1.57387824911603	0.506906006649839	1.57221701518068	2.63774726316409	2.13084125651425	0.611924000873553	1.538048173702	-9.60127958812891	1.4043678076388	12.6210860216011	22.22236560973	0.0842	0.9988	3.52531584462106	1.09214959507524	3.50003425699391	6.28107427743224	5.188924682357	0	NA	NA	NA	NA	NA	NA	1	-1.0002517339388	1.00050353124757	1	-0.579030520857083	0.335276344084025	1	-3.12793564083429	9.78398137320139	1	-1.14066796991523	1.30112341759053	1.00248461260708	4536.87793620662	0	1.00156702232496	12977.4613131525	0	NA	NA	NA	NA	NA	NA	NA	NA
391	7	7	benefit_positive_truncnorm	benefit_positive_truncnorm	continuous	1	waning	benefit	1	1	NA	1.450318157609	2.637370104607	1000	360	600	1000	1000	360	704	0.64	0.296	7.38976779257956	24	24	0	2	1	10	4	1	5000	2500	1	0.99	14	10000	101390	0.6002	0.997	0.617084901370136	-4.29674631270394	0.640633216548509	5.28507793684361	9.58182424954754	1.4789464737826	0.419287599102327	1.47634299352653	2.56794769699614	2.14866009789381	0.56763698630137	0.88462680491357	-10.2005999538348	0.793857197017599	11.1621807686812	21.362780722516	0.0656	0.9979	3.07691944044133	1.06029687210893	3.03046400268202	5.29913588957081	4.23883901746188	0	NA	NA	NA	NA	NA	NA	1	-0.833233256238859	0.694277659302412	1	0.0286283161736078	0.000819580486936056	1	-1.75274329969343	3.0721090746202	1	0.439549335834333	0.193203618632403	1.00188367245669	4331.40545812315	0	1.0013789810284	7057.05454100326	0	NA	NA	NA	NA	NA	NA	NA	NA
402	7	7	benefit_positive_truncnorm	benefit_positive_truncnorm	continuous	1	waning	benefit	1	1	NA	1.62729987898531	3.53993205368734	1000	360	600	1000	1000	360	689	0.64	0.311	6.64828438533842	24	24	0	2	1	10	4	1	5000	2500	1	0.99	14	10000	101401	0.7168	0.9998	1.50653882250839	-3.89532940875511	1.55645371271856	6.62547945390397	10.5208088626591	2.17277193952908	1.07698194443393	2.17419375231499	3.26952931854955	2.19254737411562	0.632399433118936	1.79676476989452	-9.23842681083135	1.72690148196013	12.7587924501318	21.9972192609632	0.0827	0.9998	4.86122112566742	2.38244170523643	4.84400958909858	7.56699714477161	5.18455543953518	0	NA	NA	NA	NA	NA	NA	1	-0.120761056476915	0.0145832327614206	1	0.545472060543777	0.297539768833874	1	-1.74316728379282	3.03863217928565	1	1.32128907198008	1.74580481173398	1.0014542694292	4495.60330599903	0	1.00133668404836	9321.33965886643	0	NA	NA	NA	NA	NA	NA	NA	NA
449	7	7	benefit_positive_truncnorm	benefit_positive_truncnorm	continuous	1	waning	benefit	1	1	NA	1.79480603869056	3.26153901307491	1000	360	600	1000	1000	360	722	0.64	0.278	7.16745676118629	24	24	0	2	1	10	4	1	5000	2500	1	0.99	14	10000	101448	0.7266	0.9972	1.50178481429965	-3.49447823798042	1.56399779316838	6.28901942203528	9.7834976600157	1.51387503364497	0.437170882739434	1.51392335318682	2.57286058146284	2.1356896987234	0.642608695652174	1.89897290838717	-8.90540356163701	1.7804860907133	12.1946657494313	21.1000693110683	0.08	0.9703	2.06921545594469	-0.0716706276183456	2.03221549802261	4.43765502180586	4.5093256494242	0	NA	NA	NA	NA	NA	NA	1	-0.293021224390906	0.085861437943546	1	-0.280931005045583	0.0789222295959214	1	-1.36256610468775	1.85658638964394	1	-1.19232355713023	1.42163546488767	1.00173495206741	4303.34772732789	0	1.0019492845461	13998.3105259079	0	NA	NA	NA	NA	NA	NA	NA	NA
384	7	7	benefit_positive_truncnorm	benefit_positive_truncnorm	continuous	1	waning	benefit	1	1	NA	2.04704561171795	4.09174309461584	1000	360	600	1000	1000	360	687	0.64	0.313	7.39186951101938	24	24	0	2	1	10	4	1	5000	2500	1	0.99	14	10000	101383	0.7525	1	1.72963946175314	-3.22157800077754	1.7726283896295	6.50951399724519	9.73109199802273	2.47048056300393	1.37292557757025	2.47643616174811	3.54369786011012	2.17077228253987	0.662634704200572	2.12558108451138	-8.53273762615756	1.95137532769676	12.1627024224736	20.6954400486312	0.0906	1	5.5017117319385	2.84051127576183	5.54941811181569	7.96789851890733	5.1273872431455	0	NA	NA	NA	NA	NA	NA	1	-0.317406149964808	0.100746664035482	1	0.42343495128598	0.17929715797056	1	-1.96616201010446	3.86579304997802	1	1.40996863732266	1.98801155823353	1.00201700646579	4301.34895376895	0	1.00144844377189	13736.20698104	0	NA	NA	NA	NA	NA	NA	NA	NA
453	7	7	benefit_positive_truncnorm	benefit_positive_truncnorm	continuous	1	waning	benefit	1	1	NA	2.00668350497576	3.91296740074567	1000	360	600	1000	1000	360	721	0.64	0.279	7.43478911632064	24	24	0	2	1	10	4	1	5000	2500	1	0.99	14	10000	101452	0.6165	0.9494	0.717981803510648	-4.05004432853223	0.718415162137311	5.47804672852529	9.52809105705752	0.905263461129014	-0.168793452540762	0.909404381394562	1.96803520237577	2.13682865491653	0.538486627527723	0.51040085034652	-10.3963085077884	0.457069538558867	11.0182186204797	21.4145271282681	0.0802	0.6838	0.567264203767087	-1.58658527267312	0.533407458902338	2.89121234075693	4.47779761343005	0	NA	NA	NA	NA	NA	NA	1	-1.28870170146512	1.66075207535909	0	-1.10142004384675	1.21312611298738	1	-3.40256655039915	11.5774591298952	0	-3.34570319697858	11.1937298822727	1.00117278846004	4166.57521419825	0	1.0012822387245	11812.8182401803	0	NA	NA	NA	NA	NA	NA	NA	NA
456	7	7	benefit_positive_truncnorm	benefit_positive_truncnorm	continuous	1	waning	benefit	1	1	NA	2.31283295600961	4.75736684799526	1000	360	600	1000	1000	360	704	0.64	0.296	7.38855679129234	24	24	0	2	1	10	4	1	5000	2500	1	0.99	14	10000	101455	0.6997	1	1.34072244784307	-3.73600090809976	1.36074236404808	6.2717227098414	10.0077236179412	2.53320970236685	1.47272619367324	2.53126229425992	3.61272578732982	2.13999959365658	0.611373886261137	1.57566447447045	-9.10084901368711	1.3844412826228	12.023221810718	21.1240708244052	0.0909	1	4.69415243758166	2.90231074133677	4.6709938626045	6.69373498035271	3.79142423901594	0	NA	NA	NA	NA	NA	NA	1	-0.972110508166543	0.944998840087814	1	0.220376746357233	0.0485659103350003	1	-3.18170237352481	10.1232299936934	1	-0.0632144104136003	0.0039960616839391	1.0014298734671	4320.39407989743	0	1.00146676685942	10749.1764718059	0	NA	NA	NA	NA	NA	NA	NA	NA
504	7	7	benefit_positive_truncnorm	benefit_positive_truncnorm	continuous	1	waning	benefit	1	1	NA	2.37014792097373	4.47628093581745	1000	360	600	1000	1000	360	717	0.64	0.283	7.37690185389803	24	24	0	2	1	10	4	1	5000	2500	1	0.99	14	10000	101503	0.8048	1	2.20347741984648	-2.89489511517336	2.29364912548221	6.9116257558883	9.80652087106166	2.88991762277207	1.81766416701763	2.88423987110134	3.96439615511055	2.14673198809292	0.760330578512397	3.44884272963188	-6.85071066262227	3.30494436841848	13.1546774923414	20.0053881549637	0.0925	1	6.08809496671648	3.75049487434758	5.9652691620746	9.17773296099906	5.42723808665149	0	NA	NA	NA	NA	NA	NA	1	-0.166670501127247	0.0277790559460077	1	0.519769701798347	0.270160542907542	1	-1.02743820618557	1.05562926752982	1	1.61181403089903	2.59794447020296	1.00152441958436	4761.3486049484	0	1.00157924498764	15421.1517956556	0	NA	NA	NA	NA	NA	NA	NA	NA
422	7	7	benefit_positive_truncnorm	benefit_positive_truncnorm	continuous	1	waning	benefit	1	1	NA	1.97267418772591	3.53192268604222	1000	360	600	1000	1000	360	702	0.64	0.298	7.56667739053739	24	24	0	2	1	10	4	1	5000	2500	1	0.99	14	10000	101421	0.7133	0.9997	1.41862692886724	-3.63874841969481	1.4494099881864	6.25186150280304	9.89060992249786	1.96848447555904	0.87831442212725	1.96693747141153	3.03066608828726	2.15235166616001	0.622170439414115	1.63809134340996	-9.40743051090046	1.53873715395385	12.1014272580668	21.5088577689672	0.0988	0.9992	3.4356688199278	1.01775316942413	3.34589018527017	6.30859768366403	5.29084451423989	0	NA	NA	NA	NA	NA	NA	1	-0.554047258858669	0.306968365048805	1	-0.00418971216686881	1.75536880412085e-05	1	-1.89383134263226	3.58659715433631	1	-0.096253866114421	0.00926480674197288	1.00220896018764	4775.310592487	0	1.00171550795725	10260.2423861129	0	NA	NA	NA	NA	NA	NA	NA	NA
477	7	7	benefit_positive_truncnorm	benefit_positive_truncnorm	continuous	1	waning	benefit	1	1	NA	1.85424962221604	3.50534229832647	1000	360	600	1000	1000	360	734	0.64	0.266	7.57805683736576	24	24	0	2	1	10	4	1	5000	2500	1	0.99	14	10000	101476	0.6975	0.9997	1.30939147491226	-3.77018474023144	1.38362536773807	6.11328215999601	9.88346690022745	1.87504320892708	0.821575570221902	1.87693360458022	2.92195449849632	2.10037892827442	0.624309392265193	1.6812835816539	-9.07450270544853	1.60472831801208	12.0030346497075	21.0775373551561	0.095	0.9886	2.6987090946396	0.393628976803314	2.70465643091196	5.19979092773649	4.80616195093317	0	NA	NA	NA	NA	NA	NA	1	-0.544858147303786	0.296870400683314	1	0.0207935867110323	0.000432373248309218	1	-1.82405871667257	3.32719020186919	1	-0.806633203686876	0.650657125290153	1.00123616464113	4416.57109822134	0	1.00172108571801	14449.8374257567	0	NA	NA	NA	NA	NA	NA	NA	NA
365	7	7	benefit_positive_truncnorm	benefit_positive_truncnorm	continuous	1	waning	benefit	1	1	NA	2.06366024919927	4.37677968731322	1000	360	600	1000	1000	360	710	0.64	0.29	7.06880767919858	24	24	0	2	1	10	4	1	5000	2500	1	0.99	14	10000	101364	0.6152	0.9995	0.659936374665897	-4.03967074634179	0.725896994941981	5.2164317285094	9.25610247485119	1.72709081376349	0.66115567100626	1.72527551919756	2.78333804417461	2.12218237316835	0.620961878051314	1.3369239455371	-9.21895895824942	1.22106540764481	11.7282050750237	20.9471640332732	0.0373	0.9976	3.40141712343482	0.890356824386177	3.46002519683389	5.8449618257823	4.95460500139612	0	NA	NA	NA	NA	NA	NA	1	-1.40372387453337	1.97044071593498	1	-0.336569435435779	0.113278984869559	1	-3.03985574177612	9.24072293080924	1	-0.975362563878405	0.951332131015456	1.00102919249757	5030.52971909887	0	1.00143750370036	10344.7054821087	0	NA	NA	NA	NA	NA	NA	NA	NA
348	7	7	benefit_positive_truncnorm	benefit_positive_truncnorm	continuous	1	waning	benefit	1	1	NA	2.88357947978218	6.00209509522515	1000	360	600	1000	1000	360	690	0.64	0.31	7.62090913011404	24	24	0	2	1	10	4	1	5000	2500	1	0.99	14	10000	101347	0.7502	1	1.72686445415508	-3.44124357092891	1.76460010479462	6.59329325784441	10.0345368287733	2.73892394622362	1.62709390404161	2.74822318869375	3.81149956376176	2.18440565972015	0.651627958662074	1.99484152744141	-8.93521507927335	1.93209843060519	12.2467242234876	21.181939302761	0.1001	1	6.41560772483345	3.92381037790826	6.43316248962199	8.83198951862672	4.90817914071846	0	NA	NA	NA	NA	NA	NA	1	-1.1567150256271	1.3379896505115	1	-0.144655533558561	0.020925223389112	1	-4.00725356778374	16.0580811565155	1	0.413512629608301	0.170992694845572	1.00152866757083	4316.94434693321	0	1.00194248624488	12589.150243072	0	NA	NA	NA	NA	NA	NA	NA	NA
526	7	7	benefit_positive_truncnorm	benefit_positive_truncnorm	continuous	1	waning	benefit	1	1	NA	2.76460497312367	5.4599392620487	1000	360	600	1000	1000	360	686	0.64	0.314	7.58708040469987	24	24	0	2	1	10	4	1	5000	2500	1	0.99	14	10000	101525	0.7774	1	1.97582157025053	-3.21584106183701	2.02350932724129	6.94378112892721	10.1596221907642	2.93452186338657	1.88791893748227	2.93311299233596	4.00671737662753	2.11879843914526	0.661512605042017	2.20229088550513	-8.65472342232727	2.09527787810654	12.5775570235733	21.2322804459006	0.1075	1	5.67463376725697	3.04700519899178	5.73104095722141	8.36881004792913	5.32180484893735	0	NA	NA	NA	NA	NA	NA	1	-0.788783402873138	0.622179256648127	1	0.169916890262899	0.0288717495966141	1	-3.25764837654358	10.612272945197	1	0.214694505208268	0.0460937305666229	1.00234891880009	4829.69964686322	0	1.00243005482749	13907.255060847	0	NA	NA	NA	NA	NA	NA	NA	NA
478	7	7	benefit_positive_truncnorm	benefit_positive_truncnorm	continuous	1	waning	benefit	1	1	NA	2.19498857991973	4.45724650989438	1000	360	600	1000	1000	360	700	0.64	0.3	7.2210092494733	24	24	0	2	1	10	4	1	5000	2500	1	0.99	14	10000	101477	0.7641	1	1.75073025288208	-3.02072686484851	1.77728961510885	6.37314105309477	9.39386791794327	2.46482418720234	1.3616877202688	2.46948991280176	3.54402325600478	2.18233553573598	0.729955099422707	2.86199690341608	-7.35511552155513	2.64568519563292	12.9488394684382	20.3039549899933	0.0646	1	5.13851137139527	2.81473410963794	5.14770892776544	7.4105908267163	4.59585671707836	0	NA	NA	NA	NA	NA	NA	1	-0.444258327037648	0.19736546114229	1	0.269835607282606	0.0728112549575728	1	-1.5952496064783	2.54482130696918	1	0.681264861500892	0.46412181151583	1.00107640235783	4388.32609360805	0	1.002139340253	12437.2436787154	0	NA	NA	NA	NA	NA	NA	NA	NA
383	7	7	benefit_positive_truncnorm	benefit_positive_truncnorm	continuous	1	waning	benefit	1	1	NA	2.64529601074897	5.47204635207041	1000	360	600	1000	1000	360	710	0.64	0.29	7.88366548605958	24	24	0	2	1	10	4	1	5000	2500	1	0.99	14	10000	101382	0.5993	0.9762	0.648517057009717	-4.37645713376522	0.650813146598627	5.61715006208297	9.99360719584819	1.08349997282795	0.0105932356355734	1.08908155868871	2.16597995325946	2.15538671762389	0.553363228699552	0.696084732211199	-10.3300965970498	0.687603163563606	11.1494285197865	21.4795251168362	0.108	0.9865	2.26323537345983	0.218463687626845	2.28287704804014	4.19101910884119	3.97255542121434	0	NA	NA	NA	NA	NA	NA	1	-1.99677895373925	3.98712619009602	0	-1.56179603792102	2.4392068640658	1	-4.77596161985921	22.8098093943682	0	-3.20881097861058	10.2964678964518	1.00127431734509	4863.46451952654	0	1.00134745060246	11794.0729825875	0	NA	NA	NA	NA	NA	NA	NA	NA
448	7	7	benefit_positive_truncnorm	benefit_positive_truncnorm	continuous	1	waning	benefit	1	1	NA	2.26487256527389	4.5762916386828	1000	360	600	1000	1000	360	721	0.64	0.279	7.29522124200612	24	24	0	2	1	10	4	1	5000	2500	1	0.99	14	10000	101447	0.6468	0.9982	0.915773914837601	-3.91956803727651	0.941676236995134	5.66023565802698	9.57980369530349	1.62732031183268	0.565327172050745	1.62598558054034	2.6870298338642	2.12170266181346	0.585766423357664	1.1244235263804	-9.38367281373534	0.998288773954545	11.2793945149111	20.6630673286465	0.0684	0.9952	3.16239343411787	0.823210983923671	3.11717342135631	5.67160585284497	4.8483948689213	0	NA	NA	NA	NA	NA	NA	1	-1.34909865043628	1.820067168609	1	-0.637552253441206	0.40647287586796	1	-3.4518681123024	11.9153934647301	1	-1.41389820456493	1.99910813287194	1.0015185267749	4349.72906965146	0	1.0016823799499	11161.1699375509	0	NA	NA	NA	NA	NA	NA	NA	NA
466	7	7	benefit_positive_truncnorm	benefit_positive_truncnorm	continuous	1	waning	benefit	1	1	NA	1.81326774764517	3.88494298108485	1000	360	600	1000	1000	360	704	0.64	0.296	6.50969168416401	24	24	0	2	1	10	4	1	5000	2500	1	0.99	14	10000	101465	0.6363	0.9732	0.906709409269528	-4.32099057714407	0.932350413877178	6.01911176193136	10.3401023390754	1.08518698216838	-0.0296653425031379	1.08231265971354	2.22148477002062	2.25115011252376	0.58168184252812	1.11443040605403	-10.1357556432097	1.03737427602787	12.1181020946106	22.2538577378202	0.0665	0.9598	1.97290317291871	-0.229769471913778	1.96733644849608	4.30320049507595	4.53296996698973	0	NA	NA	NA	NA	NA	NA	1	-0.906558338375638	0.821848020878398	1	-0.728080765476785	0.530101601057262	1	-2.77051257503082	7.67573992840392	1	-1.91203980816615	3.65589622801203	1.00137157183077	4415.44595372683	0	1.00182048882749	10517.5903184059	0	NA	NA	NA	NA	NA	NA	NA	NA
325	7	7	benefit_positive_truncnorm	benefit_positive_truncnorm	continuous	1	waning	benefit	1	1	NA	2.07089700200211	3.96282957006831	1000	360	600	1000	1000	360	708	0.64	0.292	6.83762283693107	24	24	0	2	1	10	4	1	5000	2500	1	0.99	14	10000	101324	0.7486	0.9999	1.82961004600034	-3.6492152801719	1.86743774403779	7.06127142493325	10.7104867051052	2.1988290679291	1.10523336298091	2.2021868754893	3.28161342502622	2.17638006204531	0.657637898892422	2.23268236183238	-9.3029690546077	2.11090475214304	13.1232191009636	22.4261881555713	0.0881	0.9994	4.2852732871431	1.93261987962349	4.26194280014536	6.70229009703361	4.76967021741012	0	NA	NA	NA	NA	NA	NA	1	-0.241286956001772	0.0582193951366009	1	0.127932065926987	0.016366613492347	1	-1.73014720823593	2.99340936216657	1	0.322443717074797	0.103969950681012	1.00148989675761	4178.76762965467	0	1.00151075080205	12572.1066859268	0	NA	NA	NA	NA	NA	NA	NA	NA
431	7	7	benefit_positive_truncnorm	benefit_positive_truncnorm	continuous	1	waning	benefit	1	1	NA	2.36925984001187	4.18077495349699	1000	360	600	1000	1000	360	718	0.64	0.282	7.00756070605931	24	24	0	2	1	10	4	1	5000	2500	1	0.99	14	10000	101430	0.8257	1	2.51044634824664	-2.81890066601162	2.57553718828875	7.41859686996886	10.2374975359805	2.0443940122408	0.979626098394277	2.04413073640871	3.08782571318435	2.10819961479007	0.841423595994776	4.53527613281224	-6.25573916275769	4.34989613976481	14.3912985823868	20.6470377451445	0.0812	0.9993	3.25763419662245	1.13067436960908	3.24277031358004	5.38482595108353	4.25415158147445	0	NA	NA	NA	NA	NA	NA	1	0.141186508234764	0.0199336301075252	1	-0.32486582777107	0.105537806053383	1	0.35450117931525	0.125671086135903	1	-0.923140756874539	0.852188857002897	1.00138363033555	4613.82112745201	0	1.00139010478198	7144.99960877818	0	NA	NA	NA	NA	NA	NA	NA	NA
487	7	7	benefit_positive_truncnorm	benefit_positive_truncnorm	continuous	1	waning	benefit	1	1	NA	2.37272635021158	4.69626750466315	1000	360	600	1000	1000	360	738	0.64	0.262	7.10463557719382	24	24	0	2	1	10	4	1	5000	2500	1	0.99	14	10000	101486	0.7549	1	1.81842561919149	-3.18927286271943	1.91795969167144	6.55698202987714	9.74625489259657	3.06110745274154	2.0168563326401	3.06810930358358	4.07230122029675	2.05544488765665	0.653545868575146	2.00436574248258	-8.5632042002272	1.82657645137778	12.3320082639728	20.8952124642	0.0778	1	5.56737373675291	3.54844773133253	5.60800235732352	7.41415489016107	3.86570715882854	0	NA	NA	NA	NA	NA	NA	1	-0.554300731020097	0.307249300409414	1	0.688381102529958	0.473868542320361	1	-2.69190176218056	7.24633509723082	1	0.871106232089758	0.758826067585616	1.00244580741889	4221.51807407204	0	1.00208271787907	15586.2136031551	0	NA	NA	NA	NA	NA	NA	NA	NA
516	7	7	benefit_positive_truncnorm	benefit_positive_truncnorm	continuous	1	waning	benefit	1	1	NA	1.87583475860777	3.65340748422031	1000	360	600	1000	1000	360	704	0.64	0.296	7.14813103707484	24	24	0	2	1	10	4	1	5000	2500	1	0.99	14	10000	101515	0.7915	1	2.04697833669659	-3.0578278757862	2.09851795344349	6.737915484202	9.7957433599882	2.79936365315424	1.72774845037472	2.79835220164311	3.87351331420616	2.14576486383143	0.77477183833116	3.59090797249076	-6.70309054468651	3.4029939604812	13.5037049658812	20.2067955105677	0.0796	1	5.70011764205318	3.08646487405553	5.62490136158837	9.03337512677661	5.94691025272108	0	NA	NA	NA	NA	NA	NA	1	0.171143578088814	0.0292901243210421	1	0.923528894546468	0.852905619062221	1	-0.0624995117295493	0.00390618896643207	1	2.04671015783287	4.18902247017625	1.0016495885893	4507.35800512297	0	1.00199031935609	9438.40205496618	0	NA	NA	NA	NA	NA	NA	NA	NA
503	7	7	benefit_positive_truncnorm	benefit_positive_truncnorm	continuous	1	waning	benefit	1	1	NA	1.78148425543754	3.36483018209485	1000	360	600	1000	1000	360	733	0.64	0.267	6.69477826981975	24	24	0	2	1	10	4	1	5000	2500	1	0.99	14	10000	101502	0.7062	1	1.48186078261322	-3.85593066955528	1.50291537150245	6.63547426662304	10.4914049361783	2.30081286863067	1.25775932607865	2.29946327990236	3.33914768047177	2.08138835439312	0.631771674744211	1.87056733209519	-9.15097995057537	1.61748271164581	12.6747920831714	21.8257720337468	0.0715	0.9995	3.90447832296699	1.77904394767329	3.94429002747648	5.93550221104052	4.15645826336722	0	NA	NA	NA	NA	NA	NA	1	-0.29962347282432	0.0897742254673062	1	0.51932861319313	0.269702208481099	1	-1.49426284999966	2.2328214648891	1	0.539648140872138	0.291220115946755	1.0018144021645	4605.68997732457	0	1.00231935387803	11165.167748062	0	NA	NA	NA	NA	NA	NA	NA	NA
381	7	7	benefit_positive_truncnorm	benefit_positive_truncnorm	continuous	1	waning	benefit	1	1	NA	1.70555814465067	3.4367343397892	1000	360	600	1000	1000	360	717	0.64	0.283	7.16880339652656	24	24	0	2	1	10	4	1	5000	2500	1	0.99	14	10000	101380	0.707	0.9995	1.34607090723707	-3.61057223453691	1.39952360087778	6.0753246680771	9.68589690261401	1.76295365839032	0.696211404735248	1.76389281794256	2.83497222963797	2.13876082490272	0.650245767340251	1.95559637507158	-8.92806275131763	1.94709926497103	12.3301121095954	21.2581748609131	0.0845	0.9991	3.97098485231806	1.71692169878687	4.02842552526838	5.80178004471845	4.08485834593157	0	NA	NA	NA	NA	NA	NA	1	-0.359487237413606	0.129231073863266	1	0.0573955137396476	0.00329424499743807	1	-1.48113796471762	2.19376967052786	1	0.534250512528853	0.285423610137342	1.00124939208833	4779.16088404017	0	1.00115670627429	11184.3200192831	0	NA	NA	NA	NA	NA	NA	NA	NA
377	7	7	benefit_positive_truncnorm	benefit_positive_truncnorm	continuous	1	waning	benefit	1	1	NA	1.65885758485367	3.49415453261432	1000	360	600	1000	1000	360	714	0.64	0.286	6.49115468833358	24	24	0	2	1	10	4	1	5000	2500	1	0.99	14	10000	101376	0.466	0.9731	-0.212857680081381	-5.27430667873425	-0.226597963885151	4.92193760687078	10.196244285605	1.08325479371394	-0.010485582835647	1.08125008338949	2.20814309046456	2.2186286733002	0.478367958877704	-0.297960082197366	-11.3389779718188	-0.282163950809485	10.7836889071447	22.1226668789635	0.0662	0.9652	2.55325163941012	-0.169533188288597	2.69637238622483	5.12949862118953	5.29903180947812	0	NA	NA	NA	NA	NA	NA	1	-1.87171526493505	3.50331803299087	1	-0.57560279113973	0.331318573167848	1	-3.79211461481169	14.3801332518684	1	-0.940902893204202	0.885298254440037	1.00140942331659	4574.96146040973	0	1.00157455714785	13608.2849413173	0	NA	NA	NA	NA	NA	NA	NA	NA
486	7	7	benefit_positive_truncnorm	benefit_positive_truncnorm	continuous	1	waning	benefit	1	1	NA	1.79134594073901	3.69755727716093	1000	360	600	1000	1000	360	713	0.64	0.287	6.4312760835331	24	24	0	2	1	10	4	1	5000	2500	1	0.99	14	10000	101485	0.688	1	1.30108570705772	-4.02776333925371	1.33742979183503	6.47033603691817	10.4980993761719	2.13245742179696	1.03823186121207	2.13790009344544	3.22177817776446	2.18354631655239	0.656364026615153	2.07203966053979	-8.79446172199259	1.90510145284029	12.8054911230927	21.5999528450853	0.0682	1	5.03159509625095	2.58316001722366	5.05421497855725	7.71177426017423	5.12861424295057	0	NA	NA	NA	NA	NA	NA	1	-0.49026023368129	0.240355096729234	1	0.341111481057949	0.116357042509547	1	-1.62551761662114	2.64230752194569	1	1.33403781909002	1.77965690276245	1.00132163050748	4317.85270736792	0	1.0015848349579	11816.3973224109	0	NA	NA	NA	NA	NA	NA	NA	NA
514	7	7	benefit_positive_truncnorm	benefit_positive_truncnorm	continuous	1	waning	benefit	1	1	NA	2.01857054737724	3.57846730409795	1000	360	600	1000	1000	360	717	0.64	0.283	7.2907267128858	24	24	0	2	1	10	4	1	5000	2500	1	0.99	14	10000	101513	0.7942	0.9999	2.11746451601695	-2.99430938863464	2.18693628081884	6.84865366620296	9.8429630548376	2.3332531317062	1.26102806418161	2.33160917314998	3.41786261012919	2.15683454594757	0.741791875347802	3.22178731875577	-7.15028443234015	3.1155861985463	13.1365955467028	20.2868799790429	0.1015	0.9999	4.13973077964178	1.98432785040007	4.04299391055026	7.0098398939983	5.02551204359822	0	NA	NA	NA	NA	NA	NA	1	0.0988939686397083	0.00978001703331162	1	0.314682584328962	0.0990251288799543	1	-0.356679985342181	0.127220611943698	1	0.561263475543835	0.315016688979545	1.00132533415951	4124.46066529003	0	1.00145106146515	11031.0978870554	0	NA	NA	NA	NA	NA	NA	NA	NA
460	7	7	benefit_positive_truncnorm	benefit_positive_truncnorm	continuous	1	waning	benefit	1	1	NA	1.99901004576066	3.72406217665888	1000	360	600	1000	1000	360	723	0.64	0.277	7.15492710260794	24	24	0	2	1	10	4	1	5000	2500	1	0.99	14	10000	101459	0.5224	0.9978	0.120030893288596	-4.65680271259699	0.122948414922123	4.88292011631513	9.53972282891212	1.58337804609909	0.51177540825479	1.5875692848113	2.64696469004747	2.13518928179268	0.466758708581138	-0.357862011767491	-10.853825484611	-0.359154975135975	10.4011840097697	21.2550094943807	0.0584	0.9541	2.10502447583942	-0.284073836643654	2.14593026420879	4.44654606479943	4.73061990144308	0	NA	NA	NA	NA	NA	NA	1	-1.87897915247206	3.53056265542463	1	-0.41563199966157	0.172749959142676	1	-4.08192418842637	16.6621050800603	1	-1.61903770081946	2.62128307667476	1.00114850075247	4454.99799420072	0	1.00245368220062	12891.4401263953	0	NA	NA	NA	NA	NA	NA	NA	NA
497	7	7	benefit_positive_truncnorm	benefit_positive_truncnorm	continuous	1	waning	benefit	1	1	NA	1.89191942023881	3.5557877792353	1000	360	600	1000	1000	360	729	0.64	0.271	6.95208289826494	24	24	0	2	1	10	4	1	5000	2500	1	0.99	14	10000	101496	0.692	0.9988	1.30944094566465	-3.83435155071137	1.3398236840227	6.47895565270901	10.3133072034204	1.6781100471955	0.619425442510094	1.6793903838703	2.74563881447566	2.12621337196557	0.625781678551838	1.73352538392018	-9.72503424555355	1.60931630367575	12.5869562020833	22.3119904476369	0.0885	0.9992	3.33757418482709	1.19762918002166	3.33548829061266	5.44312917074209	4.24549999072043	0	NA	NA	NA	NA	NA	NA	1	-0.582478474574154	0.339281173342233	1	-0.213809373043303	0.0457144480011703	1	-1.82226239531512	3.32064023737961	1	-0.21821359440821	0.0476171727845507	1.0017821582547	4209.70433174993	0	1.00159006930799	7538.39094651771	0	NA	NA	NA	NA	NA	NA	NA	NA
469	7	7	benefit_positive_truncnorm	benefit_positive_truncnorm	continuous	1	waning	benefit	1	1	NA	1.25218927767137	2.46720510808777	1000	360	600	1000	1000	360	742	0.64	0.258	6.23339704680531	24	24	0	2	1	10	4	1	5000	2500	1	0.99	14	10000	101468	0.7722	0.9997	2.01036604351588	-3.21209891670351	2.08217836260171	6.93845773747316	10.1505566541767	2.09807104601767	0.992849606387464	2.10213466434024	3.1926555780715	2.19980597168404	0.783671291355389	3.81657688366203	-6.47171585893869	3.52982582295966	14.2185359060742	20.6902517650129	0.063	0.9996	3.85615211838774	1.44258218897642	3.89250631280498	6.02026924580832	4.5776870568319	0	NA	NA	NA	NA	NA	NA	1	0.758176765844513	0.574832008266446	1	0.845881768346304	0.715515966020671	1	1.34937177557426	1.82080418871643	1	1.38894701029997	1.92917379742122	1.00180320076635	4317.52108908963	0	1.00112379911213	11670.4412432003	0	NA	NA	NA	NA	NA	NA	NA	NA
350	7	7	benefit_positive_truncnorm	benefit_positive_truncnorm	continuous	1	waning	benefit	1	1	NA	1.55796878931693	2.63417367539591	1000	360	600	1000	1000	360	716	0.64	0.284	6.98233012063549	24	24	0	2	1	10	4	1	5000	2500	1	0.99	14	10000	101349	0.6563	1	1.11513231544469	-4.37503940884686	1.14097509955563	6.41619332581856	10.7912327346654	1.97676926524051	0.922750478392616	1.97750043767782	3.05657693330877	2.13382645491616	0.583788507756172	1.16685612005186	-10.2806001374097	1.13364363971675	12.3568114223636	22.6374115597733	0.0846	0.9938	2.96098438749948	0.605126353130183	2.94114739907029	5.41760401625365	4.81247766312346	0	NA	NA	NA	NA	NA	NA	1	-0.442836473872236	0.196104142591595	1	0.418800475923582	0.175393838633819	1	-1.46731755534405	2.15302080822085	1	0.326810712103564	0.106805241545638	1.0015612628835	4553.07842114268	0	1.00198371661238	10762.1955485945	0	NA	NA	NA	NA	NA	NA	NA	NA
470	7	7	benefit_positive_truncnorm	benefit_positive_truncnorm	continuous	1	waning	benefit	1	1	NA	2.25463514472764	4.74116082585544	1000	360	600	1000	1000	360	701	0.64	0.299	7.18237399578608	24	24	0	2	1	10	4	1	5000	2500	1	0.99	14	10000	101469	0.7001	1	1.30518429101234	-3.61420994772527	1.33555718040512	6.18301636371534	9.79722631144062	1.98760458830186	0.913827686653443	1.9918061235983	3.04634997618114	2.1325222895277	0.651754766031196	1.94207867906003	-8.73165103680698	1.78770214594821	12.4110349771544	21.1426860139614	0.0768	0.9998	4.25321423121628	1.82551218499519	4.28975581936756	6.67282973224327	4.84731754724807	0	NA	NA	NA	NA	NA	NA	1	-0.9494508537153	0.901456923620712	1	-0.267030556425782	0.0713053180650626	1	-2.79908214679541	7.83486086450881	1	-0.487946594639159	0.238091879219952	1.00167455557503	4494.57265522467	0	1.00204310666944	11708.2923198985	0	NA	NA	NA	NA	NA	NA	NA	NA
419	7	7	benefit_positive_truncnorm	benefit_positive_truncnorm	continuous	1	waning	benefit	1	1	NA	2.17561103118026	3.60800964617307	1000	360	600	1000	1000	360	713	0.64	0.287	7.73147337381069	24	24	0	2	1	10	4	1	5000	2500	1	0.99	14	10000	101418	0.8064	1	2.23904827995275	-2.90503424000552	2.27237648121302	7.11780562582167	10.0228398658272	2.50665163847212	1.45862739469068	2.50612609488531	3.5513665637892	2.09273916909853	0.67016174010039	2.34101280573417	-8.13882807492348	2.20470957304962	12.4852061314128	20.6240342063362	0.1035	1	3.95840432108783	1.76464273892681	3.95199129654881	6.10402078818724	4.33937804926043	0	NA	NA	NA	NA	NA	NA	1	0.0634372487724906	0.00402428453182286	1	0.33104060729186	0.109587883676163	1	-1.26699684043891	1.60528099368217	1	0.350394674914758	0.122776428208619	1.00111787988028	4416.30093259638	0	1.00208401479539	13096.4734357932	0	NA	NA	NA	NA	NA	NA	NA	NA
250	7	7	benefit_positive_truncnorm	benefit_positive_truncnorm	continuous	1	waning	benefit	1	1	NA	1.69050173651735	2.84675756673485	1000	360	600	1000	1000	360	704	0.64	0.296	7.22974269824169	24	24	0	2	1	10	4	1	5000	2500	1	0.99	14	10000	101249	0.7373	1	1.60106269132771	-3.39352933229655	1.66985044034716	6.32856933388977	9.72209866618632	2.39673956687864	1.36116984421397	2.39602976170363	3.45869075664077	2.0975209124268	0.659486057955167	2.09279008125576	-8.45719478199404	1.97468564727398	12.1155111361339	20.5727059181279	0.0855	1	4.50211252410442	2.30218317930594	4.46801551805796	6.9456472175822	4.64346403827627	0	NA	NA	NA	NA	NA	NA	1	-0.089439045189637	0.00799934280443392	1	0.70623783036129	0.498771873033422	1	-0.75396748547909	0.568466969159661	1	1.65535495736957	2.74020003488801	1.00140679359681	4343.97616260988	0	1.00197253357637	14617.5541458615	0	NA	NA	NA	NA	NA	NA	NA	NA
496	7	7	benefit_positive_truncnorm	benefit_positive_truncnorm	continuous	1	waning	benefit	1	1	NA	2.11528323884512	4.16805875977595	1000	360	600	1000	1000	360	708	0.64	0.292	7.04019331469141	24	24	0	2	1	10	4	1	5000	2500	1	0.99	14	10000	101495	0.635	0.9997	0.874009855417872	-4.21185068401295	0.91711204022971	5.84004223702343	10.0518929210364	1.89418827296361	0.820069976582455	1.89682422610845	2.99237069348366	2.1723007169012	0.567886400873839	0.912380812851306	-9.95209362572828	0.895480581095619	11.5425396687928	21.4946332945211	0.0845	0.9975	3.76576305228906	1.24748127543187	3.77027961234035	6.38371925318707	5.1362379777552	0	NA	NA	NA	NA	NA	NA	1	-1.24127338342725	1.54075961240492	1	-0.221094965881503	0.0488829839381431	1	-3.25567794692464	10.5994388940915	1	-0.402295707486887	0.161841836262375	1.00178708144749	4306.38841349566	0	1.00150462724591	13564.1602687816	0	NA	NA	NA	NA	NA	NA	NA	NA
498	7	7	benefit_positive_truncnorm	benefit_positive_truncnorm	continuous	1	waning	benefit	1	1	NA	1.26047810996981	2.40873264900041	1000	360	600	1000	1000	360	725	0.64	0.275	6.58446173260831	24	24	0	2	1	10	4	1	5000	2500	1	0.99	14	10000	101497	0.686	0.9999	1.31658875374591	-3.83809847405063	1.33509552225023	6.45542623737644	10.2935247114271	1.94796251756777	0.875328609168523	1.94973074699758	2.98955193200096	2.11422332283243	0.627442559587717	1.78904382976963	-9.20220065996959	1.66486993168204	12.6406609224573	21.8428615824269	0.0686	1	3.88361819380683	2.03428452769262	3.87826219252554	5.82861333764918	3.79432880995656	0	NA	NA	NA	NA	NA	NA	1	0.0561106437761028	0.0031484043449687	1	0.687484407597955	0.472634810690312	1	-0.619688819230778	0.384014232679636	1	1.47488554480643	2.17528737027895	1.00113451793379	4058.33693094959	0	1.00156416089097	12417.216920299	0	NA	NA	NA	NA	NA	NA	NA	NA
443	7	7	benefit_positive_truncnorm	benefit_positive_truncnorm	continuous	1	waning	benefit	1	1	NA	2.53057550534696	5.48728706140231	1000	360	600	1000	1000	360	705	0.64	0.295	7.68599662933175	24	24	0	2	1	10	4	1	5000	2500	1	0.99	14	10000	101442	0.7546	1	1.77549397747636	-3.26749705620103	1.81938369364355	6.69238151875728	9.95987857495832	2.38003007028917	1.31746202422604	2.3776267111635	3.44399892074763	2.12653689652159	0.659279778393352	2.12725629030959	-8.7560623458984	2.01787326553769	12.454535015795	21.2105973616934	0.0975	0.9999	5.11901325848495	2.74773671536318	5.13859569859991	7.54523907954411	4.79750236418093	0	NA	NA	NA	NA	NA	NA	1	-0.755081527870597	0.570148113731395	1	-0.15054543505779	0.0226639280167391	1	-3.36003077109272	11.2898067826899	1	-0.368273802917361	0.135625593915216	1.00232024786835	4118.29709272186	0	1.00151217852585	12228.6311300349	0	NA	NA	NA	NA	NA	NA	NA	NA
517	7	7	benefit_positive_truncnorm	benefit_positive_truncnorm	continuous	1	waning	benefit	1	1	NA	1.80645897898621	3.21251780529852	1000	360	600	1000	1000	360	718	0.64	0.282	7.13182418846019	24	24	0	2	1	10	4	1	5000	2500	1	0.99	14	10000	101516	0.7886	1	2.03041239846613	-2.90334913005459	2.04667101144199	6.79263637240232	9.69598550245691	2.14349557707123	1.08277319520504	2.14439890310665	3.1952913861894	2.11251819098436	0.722488038277512	2.91285368147036	-7.5661844148174	2.79011166325382	12.9115801893647	20.4777646041821	0.0804	0.9995	3.8477148699503	1.3306379315074	3.81728675258504	6.51551602587794	5.18487809437053	0	NA	NA	NA	NA	NA	NA	1	0.223953419479923	0.0501551340967504	1	0.337036598085017	0.113593668448721	1	-0.299664123828164	0.089798587109701	1	0.635197064651777	0.403475310942234	1.00152526602463	4667.88536133839	0	1.00269023812678	12267.533880176	0	NA	NA	NA	NA	NA	NA	NA	NA
387	7	7	benefit_positive_truncnorm	benefit_positive_truncnorm	continuous	1	waning	benefit	1	1	NA	1.91982472653059	3.75959400023435	1000	360	600	1000	1000	360	713	0.64	0.287	7.37660829884577	24	24	0	2	1	10	4	1	5000	2500	1	0.99	14	10000	101386	0.6643	0.9997	1.06304528159768	-4.05672507620965	1.06878840317362	6.01749505773394	10.0742201339436	1.88541697197226	0.817456085890594	1.88081013271672	2.94835892393227	2.13090283804168	0.595805424398814	1.28798901898621	-9.58455278898986	1.19790223141616	11.7401380420156	21.3246908310054	0.0893	0.9994	4.07652899255854	1.92296887638821	4.07151300124989	6.27180934748513	4.34884047109692	0	NA	NA	NA	NA	NA	NA	1	-0.856779444932908	0.734071017259543	1	-0.0344077545583259	0.001183893573746	1	-2.47160498124814	6.10883118333062	1	0.316934992324193	0.100447789359536	1.00150340572353	4636.3343591316	0	1.00161749532813	13567.4860434468	0	NA	NA	NA	NA	NA	NA	NA	NA
490	7	7	benefit_positive_truncnorm	benefit_positive_truncnorm	continuous	1	waning	benefit	1	1	NA	1.98175259872273	4.13584936806634	1000	360	600	1000	1000	360	686	0.64	0.314	7.86896879274747	24	24	0	2	1	10	4	1	5000	2500	1	0.99	14	10000	101489	0.6863	0.9991	1.26833331354002	-3.86569780898057	1.32381135862312	6.19978490450216	10.0654827134827	1.65768787440315	0.589405045972026	1.65670461684346	2.71007299609102	2.12066795011899	0.610480640854473	1.55887199008334	-9.47591268623975	1.44046783861599	12.0034630723453	21.479375758585	0.1012	0.9997	3.85360699572053	1.75005217222592	3.80912863877727	6.07571050247955	4.32565833025363	0	NA	NA	NA	NA	NA	NA	1	-0.713419285182713	0.508967076470613	1	-0.324064724319577	0.105017945548324	1	-2.576977377983	6.64081240663614	1	-0.282242372345805	0.079660756747388	1.00110408353667	4712.08185194168	0	1.00150521583394	14295.5033299712	0	NA	NA	NA	NA	NA	NA	NA	NA
513	7	7	benefit_positive_truncnorm	benefit_positive_truncnorm	continuous	1	waning	benefit	1	1	NA	2.15178194388794	4.42045805550717	1000	360	600	1000	1000	360	727	0.64	0.273	6.76326002563934	24	24	0	2	1	10	4	1	5000	2500	1	0.99	14	10000	101512	0.7574	1	1.92180323100221	-3.56538208263104	1.94727814944415	7.25070069022497	10.816082772856	2.69902831841065	1.63450281837297	2.6990889390087	3.77088531673051	2.13638249835754	0.661541889483066	2.30785373636045	-9.04115494665933	2.2461320375829	13.3802743314988	22.4214292781582	0.1024	1	5.03685761767259	2.90357335352648	5.00714882494771	7.30848830194384	4.40491494841736	0	NA	NA	NA	NA	NA	NA	1	-0.229978712885738	0.0528902083805805	1	0.547246374522702	0.299478594428242	1	-2.11260431914672	4.46309700927738	1	0.616399562165422	0.379948420237724	1.00213481385354	4693.74699096314	0	1.00191989529694	14320.9489826474	0	NA	NA	NA	NA	NA	NA	NA	NA
467	7	7	benefit_positive_truncnorm	benefit_positive_truncnorm	continuous	1	waning	benefit	1	1	NA	2.87104587197811	6.0390895565551	1000	360	600	1000	1000	360	723	0.64	0.277	7.2165473385539	24	24	0	2	1	10	4	1	5000	2500	1	0.99	14	10000	101466	0.9126	1	3.46630347971265	-1.45275747384929	3.5574494211888	8.12151724778071	9.57427472163	3.71924986475601	2.6492387284611	3.72566539611627	4.77306825088347	2.12382952242237	0.929935598489896	5.98347998422324	-2.67111633690841	5.64986888695927	14.9022507990674	17.5733671359759	0.0994	1	6.86527741745271	4.55721869949693	6.89769242629139	9.13194050901457	4.57472180951764	0	NA	NA	NA	NA	NA	NA	1	0.595257607734543	0.354331619565851	1	0.848203992777908	0.719450013364385	1	-0.0556095723318606	0.00309242453493244	1	0.826187860897606	0.682586381494561	1.00128679393601	4210.02754777515	0	1.00128831871643	9641.27784059291	0	NA	NA	NA	NA	NA	NA	NA	NA
389	7	7	benefit_positive_truncnorm	benefit_positive_truncnorm	continuous	1	waning	benefit	1	1	NA	2.65276755464548	5.01288754129394	1000	360	600	1000	1000	360	711	0.64	0.289	6.92499464223542	24	24	0	2	1	10	4	1	5000	2500	1	0.99	14	10000	101388	0.7526	1	1.8835120413423	-3.54201900353188	1.91057792881358	7.13628723216898	10.6783062357009	3.01173717023576	1.96038384504294	3.01224591779221	4.066965754189	2.10658190914606	0.678787878787879	2.50937387743765	-8.61713353348148	2.43721156576147	13.2045146254007	21.8216481588822	0.0925	1	5.69933991872182	3.58795113647049	5.66206056226226	7.86685973601215	4.27890859954166	0	NA	NA	NA	NA	NA	NA	1	-0.769255513303173	0.591754044747328	1	0.358969615590287	0.128859184917038	1	-2.50351366385629	6.26758066511515	1	0.686452377427883	0.471216866476392	1.00128728351275	4602.44498736442	0	1.00166484749262	15809.8622858581	0	NA	NA	NA	NA	NA	NA	NA	NA
388	7	7	benefit_positive_truncnorm	benefit_positive_truncnorm	continuous	1	waning	benefit	1	1	NA	2.49142319554439	4.40268815573813	1000	360	600	1000	1000	360	736	0.64	0.264	6.95561845317796	24	24	0	2	1	10	4	1	5000	2500	1	0.99	14	10000	101387	0.8026	1	2.41938821770153	-3.09953586521037	2.49576323191199	7.62237080548612	10.7219066706965	2.55411952853301	1.48847050684002	2.5532863848741	3.61205807490538	2.12358756806536	0.720389639141023	3.20316561404133	-7.75701574954094	3.08216362495418	13.6901774679277	21.4471932174687	0.0966	1	5.27279968950176	3.36333003670287	5.25496245370999	7.25437336749362	3.89104333079075	0	NA	NA	NA	NA	NA	NA	1	-0.0720349778428533	0.00518903803282036	1	0.0626963329886223	0.00393083017022021	1	-1.1995225416968	1.43885432803876	1	0.870111533763624	0.757094081188486	1.00243237383253	4568.39616226351	0	1.00148091802798	14137.2691101014	0	NA	NA	NA	NA	NA	NA	NA	NA
442	7	7	benefit_positive_truncnorm	benefit_positive_truncnorm	continuous	1	waning	benefit	1	1	NA	2.13315066760702	4.1309042610316	1000	360	600	1000	1000	360	723	0.64	0.277	7.0278024387783	24	24	0	2	1	10	4	1	5000	2500	1	0.99	14	10000	101441	0.6299	1	0.826491512344897	-3.97060514761128	0.841909436722643	5.53726802262024	9.50787317023152	2.44897510038151	1.37863676625883	2.44627467555602	3.5315239981488	2.15288723188996	0.59002079002079	1.05309818579592	-9.48332995012932	0.85406628599629	11.5199976182244	21.0033275683538	0.038	0.9999	4.79436881964054	2.47842713753555	4.73457886623324	7.39931507997008	4.92088794243452	0	NA	NA	NA	NA	NA	NA	1	-1.30665915526213	1.70735814803033	1	0.315824432774487	0.0997450723373268	1	-3.07780607523568	9.47289023675763	1	0.663464558608938	0.440185220530153	1.00132108876728	4698.35095817111	0	1.00117733909516	10682.869366829	0	NA	NA	NA	NA	NA	NA	NA	NA
510	7	7	benefit_positive_truncnorm	benefit_positive_truncnorm	continuous	1	waning	benefit	1	1	NA	2.10690947190637	4.26985697623703	1000	360	600	1000	1000	360	709	0.64	0.291	7.30437836686434	24	24	0	2	1	10	4	1	5000	2500	1	0.99	14	10000	101509	0.8117	1	2.27452835571707	-2.65412127463265	2.33223963283776	7.02534388371553	9.67946515834818	3.10824628542485	2.07122897425854	3.10521134395401	4.14589339759369	2.07466442333515	0.724586157093656	3.02618838004121	-7.40093987314046	2.94687928596325	13.1974328608977	20.5983727340381	0.0999	1	5.5709390165955	3.57156329735098	5.53195064610319	7.90367993310302	4.33211663575204	0	NA	NA	NA	NA	NA	NA	1	0.167618883810702	0.0280960902099458	1	1.00133681351848	1.00267541410735	1	-1.24366859619582	1.54671157716369	1	1.30108204035847	1.69281447574335	1.0013217970933	4231.12734330803	0	1.00150391985552	11240.6941129733	0	NA	NA	NA	NA	NA	NA	NA	NA
522	7	7	benefit_positive_truncnorm	benefit_positive_truncnorm	continuous	1	waning	benefit	1	1	NA	2.07391691061247	3.86322278192873	1000	360	600	1000	1000	360	711	0.64	0.289	7.54407129128862	24	24	0	2	1	10	4	1	5000	2500	1	0.99	14	10000	101521	0.7487	0.9999	1.65728360359196	-3.27320716201327	1.72750606218356	6.32339098556047	9.59659814757375	2.21095143801684	1.17191944944675	2.21716163413872	3.23308068910448	2.06116123965773	0.653756260434057	2.12668258040495	-8.74173870448664	1.99056854973238	12.295658517354	21.0373972218406	0.1015	0.9998	4.30173645880323	2.00224309679939	4.27063654436313	6.75360395032934	4.75136085352994	0	NA	NA	NA	NA	NA	NA	1	-0.416633307020512	0.173583312518849	1	0.137034527404367	0.0187784617009383	1	-1.73654020152378	3.01557187150825	1	0.438513676874502	0.192294244805995	1.0013991968012	4378.87620240673	0	1.00238965369136	12388.7296041754	0	NA	NA	NA	NA	NA	NA	NA	NA
512	7	7	benefit_positive_truncnorm	benefit_positive_truncnorm	continuous	1	waning	benefit	1	1	NA	2.11811728316466	4.05102443604146	1000	360	600	1000	1000	360	733	0.64	0.267	6.93555473274278	24	24	0	2	1	10	4	1	5000	2500	1	0.99	14	10000	101511	0.7033	0.9995	1.49820092029882	-3.94131009027521	1.54568766061761	6.7666880418607	10.7079981321359	1.71553469809321	0.643268035512115	1.71501957110102	2.74129410762682	2.0980260721147	0.624682916069262	1.7606450033058	-9.59628097791549	1.69707998431532	12.9348749461244	22.5311559240399	0.0933	0.9965	3.42565044883276	0.982945701673593	3.5001117643731	5.51550841513207	4.53256271345848	0	NA	NA	NA	NA	NA	NA	1	-0.619916362865842	0.384296296948815	1	-0.402582585071449	0.162072737802811	1	-2.29037943273566	5.24583794589853	1	-0.625373987208701	0.391092623877308	1.00129900855317	4282.11323333777	0	1.00228816058817	13188.7302688156	0	NA	NA	NA	NA	NA	NA	NA	NA
461	7	7	benefit_positive_truncnorm	benefit_positive_truncnorm	continuous	1	waning	benefit	1	1	NA	2.69547878668854	5.2510856731932	1000	360	600	1000	1000	360	662	0.64	0.338	7.51590611576693	24	24	0	2	1	10	4	1	5000	2500	1	0.99	14	10000	101460	0.8349	1	2.52491440971698	-2.59443109133781	2.61242049224118	7.42155978987625	10.0159908812141	3.0332153818311	1.9353356221914	3.04323413200185	4.12811332694126	2.19277770474986	0.737232845894263	3.2549917009937	-7.28265048947034	3.14328217124883	13.1138598875055	20.3965103769759	0.111	1	6.64540211560859	3.44881991192691	6.52857737357721	10.1472499516838	6.6984300397569	0	NA	NA	NA	NA	NA	NA	1	-0.170564376971563	0.0290922066916975	1	0.337736595142559	0.114066007698489	1	-1.9960939721995	3.98439114585117	1	1.39431644241539	1.94411834158991	1.00114446177307	4480.98293182411	0	1.002152474341	11836.0071104204	0	NA	NA	NA	NA	NA	NA	NA	NA
501	7	7	benefit_positive_truncnorm	benefit_positive_truncnorm	continuous	1	waning	benefit	1	1	NA	2.77926606853527	5.59352150815139	1000	360	600	1000	1000	360	716	0.64	0.284	7.94555715563651	24	24	0	2	1	10	4	1	5000	2500	1	0.99	14	10000	101500	0.737	1	1.69289147663383	-3.49591575594078	1.7354110326973	6.79544064666618	10.291356402607	2.75633358077366	1.72075797094925	2.7602333138184	3.78412350935542	2.06336553840617	0.616831906264083	1.64582497980045	-9.31644431352806	1.56073734966296	12.1177113744895	21.4341556880175	0.1124	1	5.12501077983693	2.7409764459824	5.07705812577525	7.82491814832069	5.08394170233829	0	NA	NA	NA	NA	NA	NA	1	-1.08637459190145	1.18020975392903	1	-0.0229324877616159	0.000525898994936665	1	-3.94769652835094	15.5843078799541	1	-0.46851072831446	0.219502302545745	1.0021748619634	4521.02015364271	0	1.00131105026412	12973.5496031755	0	NA	NA	NA	NA	NA	NA	NA	NA
502	7	7	benefit_positive_truncnorm	benefit_positive_truncnorm	continuous	1	waning	benefit	1	1	NA	2.49862344969199	5.25141225060421	1000	360	600	1000	1000	360	690	0.64	0.31	6.96209855470452	24	24	0	2	1	10	4	1	5000	2500	1	0.99	14	10000	101501	0.6827	0.9999	1.31678972806024	-4.19859884386142	1.33060348370403	6.58872582166026	10.7873246655217	2.40156980696861	1.29034098113271	2.39926254128595	3.5472599726642	2.25691899153149	0.610976682798064	1.61621420633835	-9.98239122155592	1.54275473467419	12.6492422887498	22.6316335103057	0.0908	0.9997	5.58021819886195	2.32468699233764	5.77043257834676	8.43513099625634	6.1104440039187	0	NA	NA	NA	NA	NA	NA	1	-1.18183372163175	1.39673094558595	1	-0.0970536427233801	0.00941940956587752	1	-3.63519804426586	13.2146648210343	1	0.328805948257743	0.108113351609673	1.00176091435695	4269.1987995434	0	1.0015682545166	11571.9286200395	0	NA	NA	NA	NA	NA	NA	NA	NA
505	7	7	benefit_positive_truncnorm	benefit_positive_truncnorm	continuous	1	waning	benefit	1	1	NA	2.082805924801	3.99696582769211	1000	360	600	1000	1000	360	714	0.64	0.286	6.81808393433122	24	24	0	2	1	10	4	1	5000	2500	1	0.99	14	10000	101504	0.7617	1	1.96400593605524	-3.52181989751254	2.03236314701603	7.10959659899525	10.6314164965078	2.84488710358842	1.77560390758633	2.84865951884389	3.89135611219122	2.11575220460489	0.684065934065934	2.5788082246286	-8.68348476561981	2.48418562856779	13.0377784624655	21.7212632280853	0.09	1	5.43377231553445	3.18189670296674	5.3934251775201	7.91900290553215	4.73710620256541	0	NA	NA	NA	NA	NA	NA	1	-0.118799988745764	0.0141134373259938	1	0.762081178787418	0.580767723062021	1	-1.41815760306351	2.01117098712683	1	1.43680648784234	2.06441288350585	1.00152878654694	4493.6810724849	0	1.00150145488969	12481.5347318894	0	NA	NA	NA	NA	NA	NA	NA	NA
439	7	7	benefit_positive_truncnorm	benefit_positive_truncnorm	continuous	1	waning	benefit	1	1	NA	2.11767901207883	3.61155367637986	1000	360	600	1000	1000	360	728	0.64	0.272	7.26243369168365	24	24	0	2	1	10	4	1	5000	2500	1	0.99	14	10000	101438	0.7863	0.9999	1.8979930892741	-2.89377935010125	1.93757307216659	6.46074898132709	9.35452833142834	1.91702080222904	0.844448570635896	1.92149602981629	2.94357382919669	2.0991252585608	0.771376265345682	3.37872162426864	-6.88170752944303	3.1665002625505	13.2965211248013	20.1782286542443	0.0714	0.9997	3.31606094911549	1.30132431822091	3.25891529439279	5.46997260200188	4.16864828378097	0	NA	NA	NA	NA	NA	NA	1	-0.219685922804725	0.0482619046785637	1	-0.200658209849784	0.0402637171801198	1	-0.23283205211122	0.0542107644903218	1	-0.295492727264371	0.0873159518661358	1.00196991611056	4728.3360515152	0	1.00153734824051	12887.1127673393	0	NA	NA	NA	NA	NA	NA	NA	NA
511	7	7	benefit_positive_truncnorm	benefit_positive_truncnorm	continuous	1	waning	benefit	1	1	NA	1.54172850419505	3.06152181579958	1000	360	600	1000	1000	360	749	0.64	0.251	6.56780296198943	24	24	0	2	1	10	4	1	5000	2500	1	0.99	14	10000	101510	0.7076	0.9988	1.41941055728637	-3.85069575521275	1.45351579027397	6.46279732992104	10.3134930851338	1.58245168371524	0.545646871764939	1.59283415612399	2.62358024184366	2.07793337007873	0.640645161290323	1.94259771555237	-8.89588825334452	1.76651191349911	12.7679871776687	21.6638754310132	0.07	0.9916	2.76105766916791	0.550883984719121	2.73764970784735	5.00864711227342	4.4577631275543	0	NA	NA	NA	NA	NA	NA	1	-0.122317946908681	0.014961680135955	1	0.0407231795201919	0.00165837735023378	1	-1.11892410024721	1.25199114211404	1	-0.300464146631671	0.0902787034110981	1.00119134475166	4421.12104923453	0	1.00154825225722	11216.45061493	0	NA	NA	NA	NA	NA	NA	NA	NA
462	7	7	benefit_positive_truncnorm	benefit_positive_truncnorm	continuous	1	waning	benefit	1	1	NA	1.68318577314296	2.97419354442574	1000	360	600	1000	1000	360	734	0.64	0.266	6.68574379455787	24	24	0	2	1	10	4	1	5000	2500	1	0.99	14	10000	101461	0.6627	0.9978	1.14980988577582	-4.16485545006673	1.15214661496586	6.45067559708758	10.6155310471543	1.60307344123467	0.542408337124491	1.60189971565751	2.66971231901167	2.12730398188718	0.605579399141631	1.45350915337111	-9.94072945594375	1.37312494669016	12.683354245304	22.6240837012477	0.068	0.9822	2.81240869289669	0.237618405420126	2.87034718911032	5.107047495661	4.86942909024087	0	NA	NA	NA	NA	NA	NA	1	-0.533375887367138	0.284489837224682	1	-0.0801123319082906	0.00641798572378411	1	-1.52068439105463	2.31248101719719	1	-0.161784851529053	0.0261743381842776	1.00126235678249	4277.15063493565	0	1.00275174970101	12547.5721035916	0	NA	NA	NA	NA	NA	NA	NA	NA
451	7	7	benefit_positive_truncnorm	benefit_positive_truncnorm	continuous	1	waning	benefit	1	1	NA	1.9190701183934	3.72975678428292	1000	360	600	1000	1000	360	707	0.64	0.293	7.58605716364026	24	24	0	2	1	10	4	1	5000	2500	1	0.99	14	10000	101450	0.6055	0.9852	0.67624722502122	-4.27414517372144	0.703355162457135	5.5236334074581	9.79777858117954	1.16346954578952	0.117433824075974	1.16176613516936	2.21515506129524	2.09772123721926	0.557898222761894	0.725195043135832	-10.0717674831123	0.710609485854819	11.1316219159139	21.2033893990262	0.0941	0.9773	2.86920782451535	0.0625176910290084	2.86894770514971	5.69057753576147	5.62805984473247	0	NA	NA	NA	NA	NA	NA	1	-1.24282289337218	1.54460874428999	1	-0.755600572603878	0.570932225319308	1	-3.00456174114709	9.02739125636481	1	-0.860548959767565	0.740544512157038	1.00163740712818	4858.62835961246	0	1.00164900542483	12237.5883374237	0	NA	NA	NA	NA	NA	NA	NA	NA
452	7	7	benefit_positive_truncnorm	benefit_positive_truncnorm	continuous	1	waning	benefit	1	1	NA	2.13865201984594	3.83199940646067	1000	360	600	1000	1000	360	714	0.64	0.286	7.06751079338419	24	24	0	2	1	10	4	1	5000	2500	1	0.99	14	10000	101451	0.9079	1	3.37199895979584	-1.65203490395112	3.46268928125057	7.84185322584792	9.49388812979904	3.29636289194081	2.22655688499673	3.29983200028604	4.34789705698483	2.1213401719881	0.953196730489307	6.35644198097483	-1.85441466491024	6.01893325490671	15.2171040841801	17.0715187490903	0.1069	1	6.07644181766017	3.39170035952781	6.04855904569067	8.77953328804872	5.38783292852091	0	NA	NA	NA	NA	NA	NA	1	1.2333469399499	1.52114467428379	0	1.15771087209487	1.34029446336667	1	2.52444257451416	6.37281031201966	1	2.2444424111995	5.03752173719105	1.00210834826738	4770.32198462666	0	1.00188115333402	12579.1936863026	0	NA	NA	NA	NA	NA	NA	NA	NA
485	7	7	benefit_positive_truncnorm	benefit_positive_truncnorm	continuous	1	waning	benefit	1	1	NA	2.6715855233302	5.29848378387391	1000	360	600	1000	1000	360	703	0.64	0.297	7.97067673199938	24	24	0	2	1	10	4	1	5000	2500	1	0.99	14	10000	101484	0.662	0.9998	1.10408393709942	-4.06284205419226	1.15188698677062	6.06333307711701	10.1261751313093	1.89075589406334	0.802865363307755	1.88808476571497	2.95654348279383	2.15367811948607	0.581711181530104	1.14288604306749	-9.8555033910112	1.09155554188012	11.8777989146321	21.7333023056433	0.1164	0.9983	3.44665884663318	0.98067138389445	3.37278109151892	6.29054870046128	5.30987731656683	0	NA	NA	NA	NA	NA	NA	1	-1.56750158623078	2.45706122283603	1	-0.780829629266863	0.609694909941027	1	-4.15559774080643	17.2689925833955	1	-1.85182493724073	3.42925559818665	1.00169205633806	4636.88870834762	0	1.00170708036964	11341.9969212933	0	NA	NA	NA	NA	NA	NA	NA	NA
440	7	7	benefit_positive_truncnorm	benefit_positive_truncnorm	continuous	1	waning	benefit	1	1	NA	2.01721034614971	4.01968662000782	1000	360	600	1000	1000	360	709	0.64	0.291	7.03551687200455	24	24	0	2	1	10	4	1	5000	2500	1	0.99	14	10000	101439	0.5682	0.9931	0.428885854883334	-4.34689822951518	0.404941781752398	5.17063203264269	9.51753026215787	1.3437911460065	0.296452398712137	1.34628800501877	2.39614586204227	2.09969346333014	0.522550378505171	0.291993656343259	-10.5970732334327	0.233890000766388	11.3773203873861	21.9743936208188	0.0621	0.9473	2.38307135733364	-0.459686350007268	2.39573957010356	5.24320197398073	5.70288832398799	0	NA	NA	NA	NA	NA	NA	1	-1.58832449126637	2.52277468955659	1	-0.673419200143206	0.453493419121515	1	-3.72769296366456	13.8956948313543	1	-1.63661526267418	2.67850951801808	1.00130999826113	4423.82336624291	0	1.00139106877395	12562.8491975978	0	NA	NA	NA	NA	NA	NA	NA	NA
459	7	7	benefit_positive_truncnorm	benefit_positive_truncnorm	continuous	1	waning	benefit	1	1	NA	2.06363743467998	3.63146004741602	1000	360	600	1000	1000	360	700	0.64	0.3	7.41679823563171	24	24	0	2	1	10	4	1	5000	2500	1	0.99	14	10000	101458	0.7194	0.9997	1.44065105089123	-3.57366137486703	1.46199839485434	6.24025520976325	9.81391658463028	1.89386997846603	0.821592487769551	1.89281459489573	2.9408584591986	2.11926597142905	0.633815060306422	1.78842328254125	-8.83018279671633	1.60389563214293	12.2081937324232	21.0383765291395	0.0797	0.9965	3.78971658871807	1.15203751301651	3.78116450781011	6.53857403799699	5.38653652498048	0	NA	NA	NA	NA	NA	NA	1	-0.622986383788755	0.38811203438619	1	-0.169767456213949	0.0288209891893552	1	-1.84303676487478	3.39678451668008	1	0.158256541302046	0.0250451328648862	1.00151346959595	4562.86625702671	0	1.00151914215035	12789.460269503	0	NA	NA	NA	NA	NA	NA	NA	NA
508	7	7	benefit_positive_truncnorm	benefit_positive_truncnorm	continuous	1	waning	benefit	1	1	NA	2.10835021555239	4.20314199939074	1000	360	600	1000	1000	360	717	0.64	0.283	7.12023838924371	24	24	0	2	1	10	4	1	5000	2500	1	0.99	14	10000	101507	0.8599	1	2.79619468977201	-2.24124639990231	2.8861922794225	7.42928464857176	9.67053104847408	2.6998856930342	1.64791977864275	2.70478390159685	3.74647644767313	2.09855666903038	0.907781623311377	5.61469871884903	-3.70829270320606	5.35724559415086	14.7044095929586	18.4127022961647	0.1043	1	5.35560075105153	3.28462022711866	5.34683682337322	7.44756511238682	4.16294488526816	0	NA	NA	NA	NA	NA	NA	1	0.687844474219623	0.473130020714469	1	0.591535477481806	0.349914221119628	1	1.41155671945829	1.99249237224784	1	1.15245875166079	1.32816117427954	1.00156686597706	4542.53593759343	0	1.00151223502447	10604.9350498533	0	NA	NA	NA	NA	NA	NA	NA	NA
395	7	7	benefit_positive_truncnorm	benefit_positive_truncnorm	continuous	1	waning	benefit	1	1	NA	2.18650885910184	4.44931790715589	1000	360	600	1000	1000	360	690	0.64	0.31	7.45436021330853	24	24	0	2	1	10	4	1	5000	2500	1	0.99	14	10000	101394	0.6678	0.9995	1.08900441028926	-4.03307624295119	1.09488294168038	5.87844387263278	9.91152011558397	1.92177325488367	0.869731837089893	1.91731885088835	3.00946459306282	2.13973275597292	0.601164323374341	1.30299672194783	-9.58718549215399	1.28505344844103	11.8043298377308	21.3915153298848	0.0896	0.9986	3.69389117598223	1.14237919969408	3.49832099409163	6.74966842679992	5.60728922710584	0	NA	NA	NA	NA	NA	NA	1	-1.09750444881258	1.20451601516341	1	-0.264735604218175	0.0700849401407621	1	-3.14632118520806	9.89933700048905	1	-0.755426731173661	0.570669546171723	1.00132022619929	4899.5360251866	0	1.0025078729383	12398.3391360106	0	NA	NA	NA	NA	NA	NA	NA	NA
509	7	7	benefit_positive_truncnorm	benefit_positive_truncnorm	continuous	1	waning	benefit	1	1	NA	1.60639836308431	2.91986779315496	1000	360	600	1000	1000	360	716	0.64	0.284	6.39098655219398	24	24	0	2	1	10	4	1	5000	2500	1	0.99	14	10000	101508	0.6111	0.9591	0.771724510174204	-4.33154777373242	0.762613769976139	5.74668965889346	10.0782374326259	0.960325994144445	-0.11998860431816	0.966484073217237	2.05870058017966	2.17868918449782	0.579806978470676	1.09848650556471	-9.82764849862488	0.907766139144773	12.2597231687337	22.0873716673586	0.0571	0.9515	2.00570985113495	-0.376293203506406	2.0786790915575	4.19815498667948	4.57444819018588	0	NA	NA	NA	NA	NA	NA	1	-0.834673852910108	0.696680440731805	1	-0.646072368939867	0.417409505907571	1	-1.82138128759025	3.31742979478392	1	-0.914157942020009	0.835684742958258	1.00162390050434	4459.6076071867	0	1.00197994296169	12353.358685262	0	NA	NA	NA	NA	NA	NA	NA	NA
445	7	7	benefit_positive_truncnorm	benefit_positive_truncnorm	continuous	1	waning	benefit	1	1	NA	1.5622909333288	2.77587523714962	1000	360	600	1000	1000	360	719	0.64	0.281	7.07381919280975	24	24	0	2	1	10	4	1	5000	2500	1	0.99	14	10000	101444	0.654	0.9545	0.935791850389469	-3.89904497798444	0.969955479882133	5.58126342690123	9.48030840488567	0.933419910637245	-0.152233273550926	0.93987327243373	2.01897251951876	2.17120579306969	0.648126401195687	1.83699297078942	-8.79529428466168	1.70756248042916	12.130891222795	20.9261855074567	0.0633	0.925	1.53854731137218	-0.549354234703883	1.56591612159923	3.49357505514794	4.04292928985182	0	NA	NA	NA	NA	NA	NA	1	-0.62649908293933	0.392501100923821	1	-0.628871022691553	0.39547876318112	1	-0.938882266360201	0.881499910085667	1	-1.23732792577744	1.5309803959087	1.00185764493658	4165.07377476953	0	1.00251757452687	13998.0732330595	0	NA	NA	NA	NA	NA	NA	NA	NA
523	7	7	benefit_positive_truncnorm	benefit_positive_truncnorm	continuous	1	waning	benefit	1	1	NA	1.85822270154822	3.31634657768002	1000	360	600	1000	1000	360	712	0.64	0.288	7.46739390031631	24	24	0	2	1	10	4	1	5000	2500	1	0.99	14	10000	101522	0.7098	0.9997	1.42783744912913	-3.71011315056548	1.45158391128671	6.29122544457522	10.0013385951407	1.73564268685886	0.649721266686632	1.73149581774941	2.81276904430278	2.16304777761615	0.628896423493383	1.69474849505817	-9.04698966485631	1.5777158012767	12.2227267022202	21.2697163670765	0.0857	0.9969	3.25984985102322	1.09680403477285	3.2668876844404	5.24164070908325	4.14483667431039	0	NA	NA	NA	NA	NA	NA	1	-0.430385252419083	0.185231465499838	1	-0.122580014689353	0.015025860001242	1	-1.62159808262185	2.62958034156285	1	-0.0564967266568033	0.00319188012293355	1.0017508932713	4408.94414393613	0	1.00155034453018	14290.0874726807	0	NA	NA	NA	NA	NA	NA	NA	NA
455	7	7	benefit_positive_truncnorm	benefit_positive_truncnorm	continuous	1	waning	benefit	1	1	NA	1.59565025362394	3.08701068528163	1000	360	600	1000	1000	360	709	0.64	0.291	6.50657465280502	24	24	0	2	1	10	4	1	5000	2500	1	0.99	14	10000	101454	0.5215	0.9642	0.156191839768709	-4.96958009399551	0.13362301270783	5.33311736519257	10.3026974591881	0.999587365851211	-0.0959697655710266	0.992941968946667	2.0919123204334	2.18788208600443	0.508706334793291	0.126466546357708	-10.8991767425437	0.095246389001904	11.3493833840931	22.2485601266368	0.0639	0.9235	2.30428789251628	-0.900620027953433	2.32014867312131	5.2565229650546	6.15714299300803	0	NA	NA	NA	NA	NA	NA	1	-1.43945841385523	2.07204052521862	1	-0.596062887772727	0.355290966179963	1	-2.96054413892392	8.76482159851677	1	-0.782722792765345	0.612654970314381	1.00140163715413	4018.97871821356	0	1.00227224249458	12550.4615459082	0	NA	NA	NA	NA	NA	NA	NA	NA
528	7	7	benefit_positive_truncnorm	benefit_positive_truncnorm	continuous	1	waning	benefit	1	1	NA	2.20595168206946	4.1744197303443	1000	360	600	1000	1000	360	717	0.64	0.283	7.28009620134994	24	24	0	2	1	10	4	1	5000	2500	1	0.99	14	10000	101527	0.6926	0.9998	1.25510241222241	-3.75118402569928	1.29476449689463	6.00699883374394	9.75818285944322	1.99145245371746	0.938037578651898	1.98720814192304	3.05974916454238	2.12171158589048	0.600552791597568	1.34847921268271	-9.50980594389784	1.27870639817441	11.7693118145225	21.2791177584204	0.0955	0.9996	3.52384084894403	1.69480531197075	3.50413714959041	5.45227134700106	3.75746603503031	0	NA	NA	NA	NA	NA	NA	1	-0.950849269847055	0.904114333968677	1	-0.214499228351998	0.0460099189636025	1	-2.82594051766159	7.98593980936147	1	-0.650578881400268	0.423252880924024	1.00120000441266	4778.32605744854	0	1.00170458806593	12749.6420533567	0	NA	NA	NA	NA	NA	NA	NA	NA
565	7	7	benefit_positive_truncnorm	benefit_positive_truncnorm	continuous	1	waning	benefit	1	1	NA	1.32138967253314	2.52377926296267	1000	360	600	1000	1000	360	718	0.64	0.282	6.57443699152543	24	24	0	2	1	10	4	1	5000	2500	1	0.99	14	10000	101564	0.5078	0.7316	0.0687240734917522	-5.17716708992877	0.0551078972096057	5.29375297191684	10.4709200618456	0.344170829059061	-0.731458180054248	0.340285476590835	1.43432361283608	2.16578179289033	0.516264090177134	0.212427082788476	-10.9628056360068	0.183446151978618	11.6126740118595	22.5754796478663	0.0685	0.7701	0.924029636765719	-1.34174573807936	0.905053238330665	3.19869238877334	4.5404381268527	0	NA	NA	NA	NA	NA	NA	1	-1.25266559904139	1.56917110302172	1	-0.977218843474081	0.95495666804082	1	-2.31135218017419	5.34234890079599	1	-1.59974962619695	2.55919886651728	1.00148736680981	4717.55540737128	0	1.00211234151115	10372.7946701267	0	NA	NA	NA	NA	NA	NA	NA	NA
441	7	7	benefit_positive_truncnorm	benefit_positive_truncnorm	continuous	1	waning	benefit	1	1	NA	1.03529441108058	2.09381788935748	1000	360	600	1000	1000	360	730	0.64	0.27	6.5888274168057	24	24	0	2	1	10	4	1	5000	2500	1	0.99	14	10000	101440	0.5811	0.9684	0.495109288213351	-4.77627559076047	0.536192109892116	5.64970988485119	10.4259854756117	1.01944900536181	-0.0586793886514066	1.02086540286553	2.10041884571568	2.15909823436709	0.5610543302851	0.787792682317421	-10.6463323295886	0.746400661737889	11.851484285875	22.4978166154636	0.0705	0.9388	2.11329073842567	-0.584465428866593	2.15264377742225	4.65501722688329	5.23948265574988	0	NA	NA	NA	NA	NA	NA	1	-0.540185122867231	0.291799966967085	1	-0.0158454057187676	0.000251076882392352	1	-1.30602520704006	1.70570184142402	1	0.0194728490681966	0.000379191850832764	1.00190337197533	4939.36957140856	0	1.00235564248635	14190.4562753298	0	NA	NA	NA	NA	NA	NA	NA	NA
495	7	7	benefit_positive_truncnorm	benefit_positive_truncnorm	continuous	1	waning	benefit	1	1	NA	2.23520382625401	4.66182554324836	1000	360	600	1000	1000	360	708	0.64	0.292	7.30237226917814	24	24	0	2	1	10	4	1	5000	2500	1	0.99	14	10000	101494	0.7601	0.9999	1.74673166719686	-3.29118628746829	1.79595256933441	6.59623516703298	9.88742145450127	2.03396514285987	0.981408112838915	2.03401277218151	3.08982705472559	2.10841894188667	0.683135704874835	2.36937190785239	-8.1157571828929	2.24377500016107	12.4651078543629	20.5808650372558	0.0892	0.9996	4.44345318456387	1.770571298611	4.47484184192726	6.96519769109955	5.19462639248855	0	NA	NA	NA	NA	NA	NA	1	-0.488472159057156	0.238605050173959	1	-0.201238683394146	0.0404970076942092	1	-2.29245363539597	5.25534367044018	1	-0.218372358684489	0.047686487037427	1.00141443459393	4503.1639851277	0	1.00177994537632	11972.8399840194	0	NA	NA	NA	NA	NA	NA	NA	NA
484	7	7	benefit_positive_truncnorm	benefit_positive_truncnorm	continuous	1	waning	benefit	1	1	NA	2.50294852384041	5.18151801999502	1000	360	600	1000	1000	360	718	0.64	0.282	7.28048189143299	24	24	0	2	1	10	4	1	5000	2500	1	0.99	14	10000	101483	0.6748	1	1.0782725138711	-3.79836285150963	1.11865541045311	5.68103893085027	9.47940178235989	2.28301394494055	1.2216876767097	2.2801758210883	3.36088211234853	2.13919443563883	0.589665982055994	1.11858435898148	-9.57883427373694	1.07026858790866	11.4451115474769	21.0239458212138	0.0749	1	4.303400264252	2.05134341798345	4.26754486044065	6.85513955991388	4.80379614193043	0	NA	NA	NA	NA	NA	NA	1	-1.42467600996931	2.02970173338207	1	-0.219934578899857	0.0483712189958573	1	-4.06293366101355	16.507429933797	1	-0.878117755743021	0.771090792951159	1.00125442462621	4504.21513960575	0	1.00144463401075	12979.9807019561	0	NA	NA	NA	NA	NA	NA	NA	NA
483	7	7	benefit_positive_truncnorm	benefit_positive_truncnorm	continuous	1	waning	benefit	1	1	NA	1.31170941336377	2.4999435874202	1000	360	600	1000	1000	360	708	0.64	0.292	7.32248048159918	24	24	0	2	1	10	4	1	5000	2500	1	0.99	14	10000	101482	0.6498	0.9999	0.942696019542383	-4.0655366046601	0.986272870068157	5.77785673293133	9.84339333759144	2.12842337308465	1.05674774085304	2.13017166894388	3.20033801386609	2.14359027301305	0.593071694803771	1.09181060560783	-9.75042131241922	1.04593901333556	11.4432424592414	21.1936637716606	0.0878	0.9983	3.79099568890529	1.22998189877502	3.71211817093037	6.61244686910981	5.3824649703348	0	NA	NA	NA	NA	NA	NA	1	-0.369013393821391	0.136170884819581	1	0.816713959720878	0.667021692002956	1	-1.40813298181236	1.98283849446778	1	1.29105210148509	1.66681552874907	1.00112815619272	5039.00149861864	0	1.00217171282066	6572.49604981497	0	NA	NA	NA	NA	NA	NA	NA	NA
481	7	7	benefit_positive_truncnorm	benefit_positive_truncnorm	continuous	1	waning	benefit	1	1	NA	1.99264267134706	3.75447991264778	1000	360	600	1000	1000	360	742	0.64	0.258	6.86876917693607	24	24	0	2	1	10	4	1	5000	2500	1	0.99	14	10000	101480	0.6768	1	1.26406653446215	-4.12151747217572	1.32887826864296	6.42142260369496	10.5429400758707	2.30796824296021	1.25447719861235	2.31603597259634	3.34033075046822	2.08585355185587	0.630683676807327	1.83417240370049	-9.69639289715779	1.74439909399951	12.7557698795382	22.452162776696	0.0829	1	4.92177283749669	2.67917858808639	4.92433614999315	7.37900878389225	4.69983019580586	0	NA	NA	NA	NA	NA	NA	1	-0.728576136884912	0.530823187238143	1	0.315325571613146	0.0994302161131574	1	-1.92030750894729	3.68758092891934	1	1.16729292484891	1.36257277240233	1.00171943995225	4758.04241563474	0	1.00198771851247	12936.1355920916	0	NA	NA	NA	NA	NA	NA	NA	NA
444	7	7	benefit_positive_truncnorm	benefit_positive_truncnorm	continuous	1	waning	benefit	1	1	NA	2.20891547795597	4.84627936673728	1000	360	600	1000	1000	360	702	0.64	0.298	6.91635783273188	24	24	0	2	1	10	4	1	5000	2500	1	0.99	14	10000	101443	0.6602	1	1.1592718848702	-4.29366621448604	1.1923014532985	6.48365596389686	10.7773221783829	2.18519477787945	1.10361115655279	2.18003217745009	3.25724018378823	2.15362902723544	0.596109964142128	1.35949148879555	-9.96663065732675	1.25369801595211	12.6502596698978	22.6168903272245	0.0797	0.9988	5.08030994952822	1.7314054408829	5.18562573925766	7.89404398921424	6.16263854833134	0	NA	NA	NA	NA	NA	NA	1	-1.04964359308577	1.101751672506	1	-0.0237207000765149	0.000562671612119976	1	-3.48678787794173	12.1576897057614	1	0.234030582790943	0.0547703136814685	1.00229095007925	4130.49262893951	0	1.00196130632705	11225.315925198	0	NA	NA	NA	NA	NA	NA	NA	NA
531	7	7	benefit_positive_truncnorm	benefit_positive_truncnorm	continuous	1	waning	benefit	1	1	NA	1.46937736212914	2.79161694330959	1000	360	600	1000	1000	360	730	0.64	0.27	6.52889241642084	24	24	0	2	1	10	4	1	5000	2500	1	0.99	14	10000	101530	0.5913	0.9623	0.623997134754925	-4.65047083210642	0.620509586949257	5.79283223374097	10.4433030658474	0.996330075593052	-0.0938721242115822	0.98692769331841	2.08595338631828	2.17982551052986	0.582942930153322	1.06073702318598	-10.1265118288899	1.02305639908483	11.9577828264913	22.0842946553812	0.0608	0.918	1.68254330007704	-0.659707615166944	1.68112192371774	4.05030364522107	4.71001126038801	0	NA	NA	NA	NA	NA	NA	1	-0.845380227374211	0.714667728835272	1	-0.473047286536083	0.223773735299151	1	-1.73087992012361	2.99594529788713	1	-1.10907364323255	1.23004434611312	1.00187798926854	4533.86652607634	0	1.00154742618655	11241.1269979992	0	NA	NA	NA	NA	NA	NA	NA	NA
482	7	7	benefit_positive_truncnorm	benefit_positive_truncnorm	continuous	1	waning	benefit	1	1	NA	1.84686397643612	3.7189105972284	1000	360	600	1000	1000	360	693	0.64	0.307	6.99630918448654	24	24	0	2	1	10	4	1	5000	2500	1	0.99	14	10000	101481	0.7042	1	1.48588045402216	-3.96267649246373	1.56499286867832	6.83111621361003	10.7937927060738	2.5277930444058	1.43681803009504	2.5296934357403	3.64185515891832	2.20503712882328	0.631891060839007	1.86950318250262	-9.6510805072953	1.86787383779399	12.8455843866647	22.49666489396	0.0894	1	6.00839730257118	2.69251168626165	5.99151889205612	9.13563175157468	6.44312006531302	0	NA	NA	NA	NA	NA	NA	1	-0.360983522413964	0.130309103454393	1	0.680929067969672	0.463664395606047	1	-1.84940741472578	3.42030778564268	1	2.28948670534278	5.24174937394134	1.0017356089969	4561.01861611947	0	1.00187111857367	12593.8000588077	0	NA	NA	NA	NA	NA	NA	NA	NA
519	7	7	benefit_positive_truncnorm	benefit_positive_truncnorm	continuous	1	waning	benefit	1	1	NA	1.61442947904971	3.09656603377223	1000	360	600	1000	1000	360	714	0.64	0.286	7.28956609109604	24	24	0	2	1	10	4	1	5000	2500	1	0.99	14	10000	101518	0.7599	0.9996	1.77181793158088	-3.16378203987717	1.83573640140582	6.48090634446324	9.64468838434041	1.86833895459555	0.782598867930075	1.87130984665271	2.91321200140132	2.13061313347124	0.670443403420852	2.23989579365733	-8.18444189920016	2.08806066096763	12.273879865868	20.4583217650682	0.0821	0.9985	3.93533390315719	1.49030737318118	3.94352009110332	6.27008064126616	4.77977326808498	0	NA	NA	NA	NA	NA	NA	1	0.157388452531163	0.0247711249901542	1	0.253909475545839	0.0644700217719628	1	-0.8566702401149	0.73388390029852	1	0.838767869384962	0.703531538712589	1.00180411902145	4187.72643815735	0	1.00148116649542	8998.49240467946	0	NA	NA	NA	NA	NA	NA	NA	NA
463	7	7	benefit_positive_truncnorm	benefit_positive_truncnorm	continuous	1	waning	benefit	1	1	NA	2.5024382846718	4.72019445498844	1000	360	600	1000	1000	360	700	0.64	0.3	7.19339489018634	24	24	0	2	1	10	4	1	5000	2500	1	0.99	14	10000	101462	0.8229	1	2.30517547313622	-2.60689754467732	2.35645015390117	6.87992299851561	9.48682054319293	2.89846674670229	1.8115939905243	2.90547670051963	3.99461611818627	2.18302212766198	0.816534914361001	4.14604274393979	-5.81510094183671	3.94474700923331	13.7531432490268	19.5682441908635	0.0892	1	5.87551977552867	3.49616631329011	5.82505696031108	8.54126053911154	5.04509422582143	0	NA	NA	NA	NA	NA	NA	1	-0.197262811535579	0.0389126168149215	1	0.396028462030496	0.15683854273824	1	-0.574151711048652	0.329650187300095	1	1.15532532054022	1.33477659628137	1.00149362673741	4636.97194905038	0	1.0018350110759	13039.2246639164	0	NA	NA	NA	NA	NA	NA	NA	NA
464	7	7	benefit_positive_truncnorm	benefit_positive_truncnorm	continuous	1	waning	benefit	1	1	NA	2.28828965495137	4.21546331061767	1000	360	600	1000	1000	360	692	0.64	0.308	7.81038623089348	24	24	0	2	1	10	4	1	5000	2500	1	0.99	14	10000	101463	0.7027	1	1.33447666967953	-3.76021018600847	1.3694649885397	6.22216426474587	9.98237445075434	2.06260144569577	0.992385221633486	2.06210112924617	3.12301234966933	2.13062712803585	0.616131191432396	1.58919784719819	-9.40459433958769	1.4654171701253	12.0382175744185	21.4428119140062	0.1036	0.9997	3.95966091731241	1.37932797353128	3.87868954807088	6.94925436866646	5.56992639513518	0	NA	NA	NA	NA	NA	NA	1	-0.953812985271837	0.909759210873173	1	-0.225688209255598	0.0509351677969984	1	-2.62626546341948	6.89727028434992	1	-0.25580239330526	0.0654348644206987	1.0024899417711	4607.63949441216	0	1.00190262294845	10656.7262064718	0	NA	NA	NA	NA	NA	NA	NA	NA
468	7	7	benefit_positive_truncnorm	benefit_positive_truncnorm	continuous	1	waning	benefit	1	1	NA	1.50769829109942	2.78072973109351	1000	360	600	1000	1000	360	702	0.64	0.298	7.79737600683063	24	24	0	2	1	10	4	1	5000	2500	1	0.99	14	10000	101467	0.6247	0.9927	0.833916036902305	-4.26713918514482	0.867177086172518	5.86665716723463	10.1337963523794	1.40193790826953	0.301008393948536	1.40850772858473	2.47994284535766	2.17893445140913	0.573006134969325	0.989934019818638	-9.9206336236869	0.919557915160906	11.8057914678334	21.7264250915203	0.1035	0.9741	2.28631241910034	-0.0191371444794519	2.23443410499438	4.8280920823931	4.84722922687255	0	NA	NA	NA	NA	NA	NA	1	-0.673782254197116	0.453982526070947	1	-0.105760382829891	0.0111852585763252	1	-1.79079571127487	3.20694927952047	1	-0.494417311993168	0.24444847839855	1.00166120959562	4634.68396680508	0	1.00155999062329	13763.6028359021	0	NA	NA	NA	NA	NA	NA	NA	NA
390	7	7	benefit_positive_truncnorm	benefit_positive_truncnorm	continuous	1	waning	benefit	1	1	NA	1.86211841996876	3.64720478631256	1000	360	600	1000	1000	360	720	0.64	0.28	6.84959587942815	24	24	0	2	1	10	4	1	5000	2500	1	0.99	14	10000	101389	0.7027	0.9675	1.51905409931294	-3.90928117528301	1.55936502500297	6.78245926404459	10.6917404393276	1.01775555437458	-0.0702766797875517	1.01734704916316	2.09694874025277	2.16722542004032	0.62148616256265	1.73334725451834	-9.52095092688593	1.55531919940378	12.7117011307885	22.2326520576744	0.0822	0.942	1.69192153479293	-0.41579841475583	1.68745286861387	3.96606360955187	4.3818620243077	0	NA	NA	NA	NA	NA	NA	1	-0.343064320655824	0.117693128107042	1	-0.844362865594182	0.712948648794418	1	-1.91385753179422	3.66285065200548	1	-1.95528325151963	3.82313259367319	1.00157030879612	4440.32341560428	0	1.00135854149439	13434.9001344802	0	NA	NA	NA	NA	NA	NA	NA	NA
366	7	7	benefit_positive_truncnorm	benefit_positive_truncnorm	continuous	1	waning	benefit	1	1	NA	2.03657630846918	4.76609702826404	1000	360	600	1000	1000	360	707	0.64	0.293	6.77180750244237	24	24	0	2	1	10	4	1	5000	2500	1	0.99	14	10000	101365	0.7566	1	1.91358257073389	-3.47680116393671	1.97141137561617	7.23997444180267	10.7167756057394	2.69981200124994	1.62198506233486	2.69949813918191	3.766650358119	2.14466529578414	0.654035702551747	2.15550207812192	-8.91673473283896	1.99868486535891	12.9698727491529	21.8866074819919	0.0869	0.9998	5.19945810983964	2.41494956937624	5.24158568547748	7.75237240122242	5.33742283184619	0	NA	NA	NA	NA	NA	NA	1	-0.122993737735294	0.0151274595220983	1	0.66323569278076	0.439881584178375	1	-2.61059495014212	6.81520599370755	1	0.433361081575597	0.187801827024372	1.00172350427996	3981.30740892742	0	1.00231947074389	11070.0134701411	0	NA	NA	NA	NA	NA	NA	NA	NA
474	7	7	benefit_positive_truncnorm	benefit_positive_truncnorm	continuous	1	waning	benefit	1	1	NA	1.54447873659287	2.5355421253239	1000	360	600	1000	1000	360	717	0.64	0.283	6.69660370784772	24	24	0	2	1	10	4	1	5000	2500	1	0.99	14	10000	101473	0.7297	0.9998	1.66653331749741	-3.54459803481925	1.70335849196541	6.70861426881936	10.2532123036386	1.99404384448515	0.901382439368775	2.00126607074235	3.07078243247025	2.16939999310147	0.656923243477319	2.18965630719578	-8.89833782719325	1.99489235982875	13.0116359793881	21.9099738065813	0.0763	0.9995	3.84120406447785	1.68833971197792	3.89718136373625	5.78923599009894	4.10089627812102	0	NA	NA	NA	NA	NA	NA	1	0.122054580904545	0.014897320719784	1	0.449565107892284	0.202108786234201	1	-0.345885818128115	0.119636999182155	1	1.30566193915395	1.70475309935526	1.00152112191401	4732.00620942548	0	1.00147541830667	12771.8874679763	0	NA	NA	NA	NA	NA	NA	NA	NA
472	7	7	benefit_positive_truncnorm	benefit_positive_truncnorm	continuous	1	waning	benefit	1	1	NA	1.71501968055508	3.13106487740141	1000	360	600	1000	1000	360	726	0.64	0.274	6.85268519431492	24	24	0	2	1	10	4	1	5000	2500	1	0.99	14	10000	101471	0.767	1	2.08344899878833	-3.48191573104843	2.16364236973732	7.37138190660918	10.8532976376576	2.3056120076778	1.25503450352486	2.30591261016196	3.36304427752339	2.10800977399854	0.670687575392039	2.37460591474599	-8.76034111555165	2.21345281179299	13.0922916697717	21.8526327853234	0.0881	0.9999	3.41710511603619	1.5574679695311	3.32965605912331	5.69097306587026	4.13350509633916	0	NA	NA	NA	NA	NA	NA	1	0.368429318233246	0.135740162533814	1	0.590592327122718	0.348799296856227	1	-0.756458962655417	0.572230162181709	1	0.28604023863478	0.081819018118242	1.00121844765772	4365.76168803742	0	1.00159776007641	11240.4099817139	0	NA	NA	NA	NA	NA	NA	NA	NA
520	7	7	benefit_positive_truncnorm	benefit_positive_truncnorm	continuous	1	waning	benefit	1	1	NA	1.63309215290723	2.98073161539697	1000	360	600	1000	1000	360	732	0.64	0.268	6.63456472086764	24	24	0	2	1	10	4	1	5000	2500	1	0.99	14	10000	101519	0.6347	0.9996	0.95309077043332	-4.39948018669251	0.958175915249268	6.23845275283746	10.63793293953	1.85193402624882	0.781502485830551	1.84930607800624	2.91321554181116	2.13171305598061	0.579982799397979	1.06311628932262	-10.0908428757555	1.00593067841731	12.1952099749598	22.2860528507154	0.0698	0.9965	2.93852197809244	0.917352293587035	2.94273062496846	4.93749600498016	4.02014371139313	0	NA	NA	NA	NA	NA	NA	1	-0.680001382473907	0.462401880166425	1	0.218841873341592	0.0478917655276574	1	-1.91761532607435	3.67724853879524	1	-0.0422096373045302	0.00178165348137999	1.00152241671381	4589.91397279807	0	1.00186945222863	11622.3466098707	0	NA	NA	NA	NA	NA	NA	NA	NA
555	7	7	benefit_positive_truncnorm	benefit_positive_truncnorm	continuous	1	waning	benefit	1	1	NA	2.13001732542872	4.3201617052393	1000	360	600	1000	1000	360	678	0.64	0.322	7.79410459488667	24	24	0	2	1	10	4	1	5000	2500	1	0.99	14	10000	101554	0.6954	0.9996	1.29525469162487	-3.75769015935788	1.35137962950622	6.26066175848095	10.0183519178388	1.84974935709923	0.75064795926492	1.84918863901302	2.96216651005473	2.21151855078981	0.6094845819882	1.4411454816686	-9.62583091370965	1.37102593859583	12.0051915507972	21.6310224645069	0.1017	0.9998	4.73604550631086	2.18146851345647	4.7451514404874	7.2455323346988	5.06406382124233	0	NA	NA	NA	NA	NA	NA	1	-0.834762633803857	0.696828654795153	1	-0.280267968329497	0.0785501340715441	1	-2.87901622357069	8.28873441558324	1	0.415883801071563	0.172959335993731	1.00188642861043	4567.47005280975	0	1.00237478861142	10897.3855758886	0	NA	NA	NA	NA	NA	NA	NA	NA
521	7	7	benefit_positive_truncnorm	benefit_positive_truncnorm	continuous	1	waning	benefit	1	1	NA	2.21990344431573	4.67823380904399	1000	360	600	1000	1000	360	690	0.64	0.31	7.18874453689598	24	24	0	2	1	10	4	1	5000	2500	1	0.99	14	10000	101520	0.779	1	1.92216170742153	-3.0848143266551	1.96506909644055	6.6231046399128	9.7079189665679	2.80666501372726	1.69948827459166	2.80936196214521	3.88963582896402	2.19014755437237	0.714458360799824	2.7984562691422	-7.72629879576717	2.60229414450471	12.8408214947468	20.567120290514	0.0898	1	6.21618625062429	3.56053142628458	6.10276268990608	9.237747112033	5.67721568574841	0	NA	NA	NA	NA	NA	NA	1	-0.297741736894205	0.0886501418887779	1	0.586761569411531	0.344289139338283	1	-1.87977753990178	3.5335635995192	1	1.5379524415803	2.36529771256281	1.00210055998258	4306.48634667743	0	1.00198644518253	13299.7012587807	0	NA	NA	NA	NA	NA	NA	NA	NA
614	7	7	benefit_positive_truncnorm	benefit_positive_truncnorm	continuous	1	waning	benefit	1	1	NA	2.06794611414075	3.60186367777299	1000	360	600	1000	1000	360	701	0.64	0.299	7.53795642046235	24	24	0	2	1	10	4	1	5000	2500	1	0.99	14	10000	101613	0.6888	0.9972	1.2908632557341	-3.79858849908785	1.34008951310014	6.19384621498485	9.9924347140727	1.44242536867879	0.383713450921908	1.44449677095189	2.48185065595998	2.09813720503807	0.594228439255425	1.3536181913012	-9.51189457159851	1.29559853228345	11.7173098065479	21.2292043781464	0.0921	0.9939	2.63606020498106	0.582455512249656	2.61804494312003	4.80474342752388	4.22228791527423	0	NA	NA	NA	NA	NA	NA	1	-0.777082858406649	0.603857768829448	1	-0.625520745461959	0.391276203003285	1	-2.24824548647179	5.05460776744078	1	-0.965803472791928	0.932776348056948	1.00158327896551	4767.84909830717	0	1.00167756539087	11363.6025459389	0	NA	NA	NA	NA	NA	NA	NA	NA
547	7	7	benefit_positive_truncnorm	benefit_positive_truncnorm	continuous	1	waning	benefit	1	1	NA	2.51364442364402	5.30749589381203	1000	360	600	1000	1000	360	720	0.64	0.28	7.07070211288632	24	24	0	2	1	10	4	1	5000	2500	1	0.99	14	10000	101546	0.7476	1	1.65509410004535	-3.06654708530277	1.67765201948387	6.23917300412356	9.30572008942633	2.37703837695746	1.27910227927718	2.37942902315941	3.45386086338884	2.17475858411166	0.710144927536232	2.69639300362629	-7.84204482902915	2.47921273403091	12.8711461101848	20.7131909392139	0.0685	0.9998	4.38452605344471	2.47100839072243	4.31844476128731	6.65146497233137	4.18045658160894	0	NA	NA	NA	NA	NA	NA	1	-0.858550323598676	0.737108658151391	1	-0.136606046686559	0.0186612119913304	1	-2.61110289018574	6.81785830313634	1	-0.92296984036732	0.851873326227676	1.00149136668179	4725.85813525036	0	1.00135717272847	10458.7123737152	0	NA	NA	NA	NA	NA	NA	NA	NA
538	7	7	benefit_positive_truncnorm	benefit_positive_truncnorm	continuous	1	waning	benefit	1	1	NA	1.80845118394691	3.21111793201172	1000	360	600	1000	1000	360	709	0.64	0.291	6.94826142524385	24	24	0	2	1	10	4	1	5000	2500	1	0.99	14	10000	101537	0.5364	0.831	0.264849320726615	-5.08404530292521	0.284012739134395	5.51129949358546	10.5953447965107	0.525693756418631	-0.532422796790165	0.528093419869021	1.59896264441194	2.13138544120211	0.520179372197309	0.409494959765279	-10.9742567230209	0.288436889922207	11.9062803127355	22.8805370357564	0.0857	0.7335	0.95020074905854	-2.01251336002514	0.953158528122315	3.70717145721665	5.7196848172418	0	NA	NA	NA	NA	NA	NA	1	-1.5436018632203	2.38270671213718	0	-1.28275742752828	1.64546661787898	1	-2.80162297224644	7.84909127861898	1	-2.26091718295318	5.11174650817294	1.00178692690501	4543.11665102932	0	1.00161443998786	13310.9504907483	0	NA	NA	NA	NA	NA	NA	NA	NA
552	7	7	benefit_positive_truncnorm	benefit_positive_truncnorm	continuous	1	waning	benefit	1	1	NA	1.88707142679921	3.47134118844825	1000	360	600	1000	1000	360	727	0.64	0.273	6.71924871041878	24	24	0	2	1	10	4	1	5000	2500	1	0.99	14	10000	101551	0.6919	1	1.32960691642713	-3.89971561301621	1.35299184547307	6.35626360693356	10.2559792199498	2.08363910003472	1.03035369755139	2.07977721327391	3.12482260495873	2.09446890740734	0.621350762527233	1.72893429084329	-9.58199689941043	1.58395452581626	12.8228463358778	22.4048432352883	0.082	0.9999	3.36127745512098	1.72796260563403	3.31185418876298	5.22483308655491	3.49687048092088	0	NA	NA	NA	NA	NA	NA	1	-0.557464510372076	0.310766680324379	1	0.196567673235518	0.0386388501612255	1	-1.74240689760496	3.03598179682134	1	-0.110063733327264	0.012114025393935	1.00182483547296	4134.42087774632	0	1.00122041816257	11185.6320570528	0	NA	NA	NA	NA	NA	NA	NA	NA
499	7	7	benefit_positive_truncnorm	benefit_positive_truncnorm	continuous	1	waning	benefit	1	1	NA	1.93801273842039	3.61171930955818	1000	360	600	1000	1000	360	685	0.64	0.315	7.51058614142819	24	24	0	2	1	10	4	1	5000	2500	1	0.99	14	10000	101498	0.7613	1	1.74140885900589	-3.1680927621878	1.80078813911865	6.32333065120403	9.49142341339183	2.54277414940647	1.46894438475501	2.54732377149811	3.60276610231335	2.13382171755834	0.688587794668429	2.40439026081991	-8.1686940248635	2.30715122752548	12.4319055747095	20.600599599573	0.0922	1	4.63787602638659	2.27698896525356	4.53832325888532	7.56699756032123	5.29000859506766	0	NA	NA	NA	NA	NA	NA	1	-0.196603879414502	0.0386530854008319	1	0.604761410986076	0.36573636421787	1	-1.20732904873827	1.45764343192726	1	1.02615671682841	1.05299760749206	1.00151047612603	4701.69450934804	0	1.00225338490493	12229.0922297686	0	NA	NA	NA	NA	NA	NA	NA	NA
471	7	7	benefit_positive_truncnorm	benefit_positive_truncnorm	continuous	1	waning	benefit	1	1	NA	2.00776144872268	4.09372156399815	1000	360	600	1000	1000	360	729	0.64	0.271	6.74928767816333	24	24	0	2	1	10	4	1	5000	2500	1	0.99	14	10000	101470	0.6127	0.995	0.78726253760588	-4.49419806610815	0.791178092002214	6.01295339938464	10.5071514654928	1.39649605172578	0.302734322335293	1.40368873590082	2.47766414749028	2.17492982515499	0.566785830354241	0.96432729919343	-10.4112217857453	0.912994825353401	11.9891745511033	22.4003963368486	0.0769	0.9916	3.16850378196004	0.607519955418194	3.27432961161761	5.16446733528354	4.55694737986534	0	NA	NA	NA	NA	NA	NA	1	-1.2204989111168	1.48961759203729	1	-0.611265396996898	0.373645385565775	1	-3.12939426480472	9.79310846459269	1	-0.925217782038109	0.856027944199518	1.00160242809949	4596.24990237895	0	1.00170956120624	12802.6194783931	0	NA	NA	NA	NA	NA	NA	NA	NA
494	7	7	benefit_positive_truncnorm	benefit_positive_truncnorm	continuous	1	waning	benefit	1	1	NA	2.27681689791026	5.25636792552382	1000	360	600	1000	1000	360	707	0.64	0.293	7.09122383340363	24	24	0	2	1	10	4	1	5000	2500	1	0.99	14	10000	101493	0.5984	0.9931	0.579439190070085	-4.24212230178585	0.590590023850489	5.35417069640386	9.59629299818971	1.36299205196793	0.278829656333616	1.37199596306961	2.43451029885554	2.15568064252193	0.571094580233794	0.88427045272891	-9.7157185705202	0.78517591763974	11.3114772913541	21.0271958618743	0.059	0.9939	3.46961535110229	0.886456216435043	3.4734334767439	6.07429826269808	5.18784204626304	0	NA	NA	NA	NA	NA	NA	1	-1.69737770784018	2.88109108307277	1	-0.913824845942329	0.835075849061521	1	-4.37209747279491	19.1152363116196	1	-1.78675257442153	3.19248476220197	1.0018289289324	4446.52755866872	0	1.00217549332337	14614.9193108464	0	NA	NA	NA	NA	NA	NA	NA	NA
605	7	7	benefit_positive_truncnorm	benefit_positive_truncnorm	continuous	1	waning	benefit	1	1	NA	2.08053573250101	4.03066405128369	1000	360	600	1000	1000	360	701	0.64	0.299	7.69839780543582	24	24	0	2	1	10	4	1	5000	2500	1	0.99	14	10000	101604	0.65	1	0.987875194104224	-4.05131745197629	1.06017108756825	5.85061516437033	9.90193261634662	2.31584743252836	1.2567855878763	2.31608330721375	3.37403825269388	2.11725266481758	0.588443657294665	1.1427610107339	-9.87970962590355	1.14883712349055	11.6458321988872	21.5255418247907	0.0966	0.9999	5.19167262381591	2.60308093134423	5.156980243656	8.09522066384863	5.4921397325044	0	NA	NA	NA	NA	NA	NA	1	-1.09266053839679	1.19390705216956	1	0.235311700027346	0.0553715961697597	1	-2.88790304054979	8.3399839716167	1	1.16100857253222	1.3479409054933	1.00177946956583	3890.17038905307	0	1.00197021115821	13505.071055737	0	NA	NA	NA	NA	NA	NA	NA	NA
549	7	7	benefit_positive_truncnorm	benefit_positive_truncnorm	continuous	1	waning	benefit	1	1	NA	2.77576447589898	5.5620921591339	1000	360	600	1000	1000	360	702	0.64	0.298	7.47283965527628	24	24	0	2	1	10	4	1	5000	2500	1	0.99	14	10000	101548	0.8063	1	2.21263892337237	-2.74547168953945	2.26409544662928	6.92894962914994	9.6744213186894	3.05659750571239	1.96833479513931	3.06000528342909	4.12549039340875	2.15715559826944	0.747549289569336	3.30873737347554	-6.79264684860117	3.18830782545642	13.0984336346123	19.8910804832134	0.0921	1	6.30490327957194	4.25869953532512	6.26922594793212	8.48194265725537	4.22324312193026	0	NA	NA	NA	NA	NA	NA	1	-0.563125552526608	0.317110387908397	1	0.280833029813405	0.0788671906341768	1	-2.25335478565837	5.07760779004946	1	0.742811120438041	0.551768360646418	1.00209305247232	4522.5971617577	0	1.0014854749021	12056.0058476664	0	NA	NA	NA	NA	NA	NA	NA	NA
527	7	7	benefit_positive_truncnorm	benefit_positive_truncnorm	continuous	1	waning	benefit	1	1	NA	1.60330671221121	3.14422180216626	1000	360	600	1000	1000	360	722	0.64	0.278	7.10845283901433	24	24	0	2	1	10	4	1	5000	2500	1	0.99	14	10000	101526	0.6813	0.962	1.15361148097878	-3.71106051395018	1.19564149513958	5.81884059352649	9.52990110747667	0.997469813711612	-0.110644529171338	0.99453040050283	2.08275302698771	2.19339755615905	0.670628546953635	2.05322447211096	-8.51230629971079	1.9072630157835	12.2604641569573	20.7727704566681	0.0661	0.9318	1.70702294868776	-0.532385913552513	1.73356948133173	3.84497348479401	4.37735939834652	0	NA	NA	NA	NA	NA	NA	1	-0.449695231232431	0.202225800993189	1	-0.605836898499595	0.367038347583608	1	-1.0909973300553	1.19027517418778	1	-1.4371988534785	2.0655405444399	1.00121386628744	4451.46135905019	0	1.0017526314995	15311.9614166037	0	NA	NA	NA	NA	NA	NA	NA	NA
548	7	7	benefit_positive_truncnorm	benefit_positive_truncnorm	continuous	1	waning	benefit	1	1	NA	2.56771337785104	5.354237166569	1000	360	600	1000	1000	360	692	0.64	0.308	7.77676848637926	24	24	0	2	1	10	4	1	5000	2500	1	0.99	14	10000	101547	0.7661	1	1.88130509654436	-3.33686055753346	1.97031590867766	6.83661861407102	10.1734791716045	2.54062566790581	1.48779049148096	2.53946708230709	3.60687236055306	2.1190818690721	0.680057547587428	2.4222221146815	-8.36746020513871	2.22818600588325	12.7950029163182	21.1624631214569	0.0964	1	5.50018910404569	3.06421793095204	5.55183508208902	7.77072254266689	4.70650461171485	0	NA	NA	NA	NA	NA	NA	1	-0.686408281306679	0.471156328646389	1	-0.02708770994523	0.000733744030076913	1	-2.9320150518875	8.59671226449487	1	0.145951937476683	0.0213019680531976	1.00130020873907	4391.82353881236	0	1.00110803487496	7576.86161566119	0	NA	NA	NA	NA	NA	NA	NA	NA
465	7	7	benefit_positive_truncnorm	benefit_positive_truncnorm	continuous	1	waning	benefit	1	1	NA	1.71913749820819	3.47218947403102	1000	360	600	1000	1000	360	712	0.64	0.288	6.33361267873391	24	24	0	2	1	10	4	1	5000	2500	1	0.99	14	10000	101464	0.6136	0.9866	0.768425242171989	-4.37248016076581	0.776091207178645	5.95524310123023	10.327723261996	1.25928194321746	0.160669496647991	1.2663161148151	2.37446455184972	2.21379505520173	0.57344363135009	0.966215586355497	-10.4229424267022	0.894382854679606	11.8745903873904	22.2975328140926	0.0571	0.9855	2.29329836466326	0.235272864909417	2.27625291884804	4.70572709454343	4.47045422963401	0	NA	NA	NA	NA	NA	NA	1	-0.9507122560362	0.903853793777441	1	-0.459855554990732	0.211467131455834	1	-2.50597388767552	6.27990512571158	1	-1.17889110936776	1.38978424774635	1.00199447927567	4293.95626166713	0	1.00200301870476	12762.9818260067	0	NA	NA	NA	NA	NA	NA	NA	NA
554	7	7	benefit_positive_truncnorm	benefit_positive_truncnorm	continuous	1	waning	benefit	1	1	NA	2.03781276067267	4.36946968384013	1000	360	600	1000	1000	360	706	0.64	0.294	7.56325260550228	24	24	0	2	1	10	4	1	5000	2500	1	0.99	14	10000	101553	0.6161	0.9971	0.742312078953304	-4.30334302778565	0.768544081290684	5.70394852636554	10.0072915541512	1.51486594951608	0.442439197158282	1.5178438106694	2.57769621013879	2.1352570129805	0.556706712223079	0.791634166818854	-10.2885470324097	0.690705878179893	11.6295767480586	21.9181237804682	0.0927	0.9963	3.11482569724739	0.926575136365216	3.15218251456053	5.04957151034521	4.12299637397999	0	NA	NA	NA	NA	NA	NA	1	-1.29550068171936	1.67832201633533	1	-0.522946811156588	0.273473367298844	1	-3.57783551702128	12.8009069868589	1	-1.25464398659274	1.57413153309332	1.00168327708507	4266.37400644542	0	1.00222397727974	11382.8012143676	0	NA	NA	NA	NA	NA	NA	NA	NA
615	7	7	benefit_positive_truncnorm	benefit_positive_truncnorm	continuous	1	waning	benefit	1	1	NA	1.88889824851896	3.48792015098402	1000	360	600	1000	1000	360	730	0.64	0.27	7.01515313563294	24	24	0	2	1	10	4	1	5000	2500	1	0.99	14	10000	101614	0.3901	0.9996	-0.62393752789354	-5.21248540461383	-0.715685346751672	4.36837237292878	9.58085777754262	1.89573145657658	0.818648660851015	1.89254342476487	2.98887856604197	2.17022990519096	0.197364357047256	-2.95805698684635	-12.7689256584406	-2.68461234877664	7.74700030655277	20.5159259649934	0.0287	0.9986	3.26583686121595	1.31822175152593	3.22071996612068	5.5078425817396	4.18962083021367	0	NA	NA	NA	NA	NA	NA	1	-2.5128357764125	6.31434363921863	1	0.00683320805761967	4.66927323587183e-05	1	-6.44597713783038	41.5506212614319	1	-0.22208328976807	0.0493209875942084	1.00130421132627	4322.04621281017	0	1.00200498261487	14178.4117378767	0	NA	NA	NA	NA	NA	NA	NA	NA
543	7	7	benefit_positive_truncnorm	benefit_positive_truncnorm	continuous	1	waning	benefit	1	1	NA	2.18617421144282	4.36887800095634	1000	360	600	1000	1000	360	681	0.64	0.319	7.42708462172993	24	24	0	2	1	10	4	1	5000	2500	1	0.99	14	10000	101542	0.7636	0.9999	1.78367636135225	-3.1003270200866	1.81567142585666	6.53608628114519	9.63641330123179	2.24688145943164	1.17265453169049	2.24570903462123	3.32446908430062	2.15181455261014	0.673449294387923	2.30126171547427	-8.07596542301875	2.11484889148822	12.6167568398392	20.6927222628579	0.0859	0.9997	4.9257280881488	1.82291492961791	4.97669937743311	7.85999345896509	6.03707852934717	0	NA	NA	NA	NA	NA	NA	1	-0.402497850090567	0.162004519327528	1	0.0607072479888187	0.00368536995837593	1	-2.06761628548207	4.27503710399066	1	0.556850087192467	0.310082019606258	1.00156431642854	4492.35785134305	0	1.00152074503976	12180.726871575	0	NA	NA	NA	NA	NA	NA	NA	NA
530	7	7	benefit_positive_truncnorm	benefit_positive_truncnorm	continuous	1	waning	benefit	1	1	NA	2.52029065812862	5.05850147411059	1000	360	600	1000	1000	360	716	0.64	0.284	6.36376741327704	24	24	0	2	1	10	4	1	5000	2500	1	0.99	14	10000	101529	0.617	0.9991	0.806419386971301	-4.31744148113298	0.826355454641276	5.93687094208116	10.2543124232141	1.70883930825244	0.632892660881526	1.70866251739761	2.7681559277894	2.13526326690788	0.569560557341908	0.973036461099545	-10.0800386607285	0.868225905059346	12.0314798534291	22.1115185141575	0.067	0.9972	3.17425714063483	0.915749137502864	3.14921201944954	5.51265537749396	4.59690623999109	0	NA	NA	NA	NA	NA	NA	1	-1.71387127115732	2.9373547340984	1	-0.81145134987618	0.658453293215875	1	-4.08546501301104	16.6910243725373	1	-1.88424433347576	3.55037670823551	1.00173567948444	4579.23406867697	0	1.00151055103696	10941.819039607	0	NA	NA	NA	NA	NA	NA	NA	NA
491	7	7	benefit_positive_truncnorm	benefit_positive_truncnorm	continuous	1	waning	benefit	1	1	NA	2.15898076688554	4.31704550811473	1000	360	600	1000	1000	360	699	0.64	0.301	7.46186421127946	24	24	0	2	1	10	4	1	5000	2500	1	0.99	14	10000	101490	0.7832	1	2.02034400493069	-3.09854670655356	2.10271756135635	6.937832603807	10.0363793103606	2.52687183851836	1.45417430143802	2.52792401699047	3.56572116088391	2.11154685944589	0.652212389380531	2.03986737270531	-8.75675094042944	1.98765931816081	12.3112213163369	21.0679722567663	0.096	0.9998	3.88313885699134	1.74162545808335	3.84983531154659	6.19408729856749	4.45246184048414	0	NA	NA	NA	NA	NA	NA	1	-0.138636761954849	0.0192201517653255	1	0.367891071632821	0.135343840587145	1	-2.27717813540942	5.18554026038671	1	-0.433906651123382	0.188274981889109	1.00138582983337	4207.45227107794	0	1.00198923001625	14625.8356257701	0	NA	NA	NA	NA	NA	NA	NA	NA
544	7	7	benefit_positive_truncnorm	benefit_positive_truncnorm	continuous	1	waning	benefit	1	1	NA	2.05619209027517	3.87579513201817	1000	360	600	1000	1000	360	714	0.64	0.286	7.14477203422835	24	24	0	2	1	10	4	1	5000	2500	1	0.99	14	10000	101543	0.7479	0.9999	1.69446799660137	-3.25041490755171	1.74960171637392	6.54415897997282	9.79457388752453	2.02379104577233	0.956729388297389	2.02777935993297	3.09644088853408	2.13971150023669	0.695315059517309	2.5607427027197	-7.88418654600601	2.39409419677457	12.6011167376709	20.485303283677	0.0843	0.9989	3.08449145494508	1.02959008127707	3.00179799255942	5.59013027977741	4.56054019850034	0	NA	NA	NA	NA	NA	NA	1	-0.361724093673796	0.130844319944129	1	-0.0324010445028371	0.00104982768487483	1	-1.31505242929847	1.72936289180382	1	-0.791303677073097	0.626161509349404	1.00133584210423	4611.86343473208	0	1.00180978983269	12709.4345494533	0	NA	NA	NA	NA	NA	NA	NA	NA
540	7	7	benefit_positive_truncnorm	benefit_positive_truncnorm	continuous	1	waning	benefit	1	1	NA	2.27321794013338	4.67356954299661	1000	360	600	1000	1000	360	691	0.64	0.309	7.60271876416656	24	24	0	2	1	10	4	1	5000	2500	1	0.99	14	10000	101539	0.8547	1	2.75840225899474	-2.22925481633549	2.82166985285632	7.60037945846132	9.82963427479681	3.35363049432537	2.28822221676716	3.34945088273552	4.42978741989417	2.14156520312701	0.764136989418591	3.51209172633769	-6.70653445405636	3.39278430728752	13.2048333624696	19.911367816526	0.1211	1	6.55663781224819	4.42605111330723	6.55137454706872	8.78996270153699	4.36391158822977	0	NA	NA	NA	NA	NA	NA	1	0.485184318861358	0.23540382326896	0	1.08041255419198	1.16729128725564	1	-1.16147781665891	1.34903071859076	1	1.88306826925159	3.54594610666216	1.00114388989093	4387.85294321149	0	1.0018268665637	6804.67282507826	0	NA	NA	NA	NA	NA	NA	NA	NA
573	7	7	benefit_positive_truncnorm	benefit_positive_truncnorm	continuous	1	waning	benefit	1	1	NA	1.7147212638698	3.36865004405491	1000	360	600	1000	1000	360	727	0.64	0.273	6.05818713970585	24	24	0	2	1	10	4	1	5000	2500	1	0.99	14	10000	101572	0.5686	0.9003	0.435115226114185	-4.62257175772834	0.469624581144441	5.42049274036539	10.0430644980937	0.71055683440445	-0.3829851480149	0.707971045240489	1.80911452000142	2.19209966801632	0.580056034035488	0.932804825791311	-9.94824342872033	0.870378210954302	11.8288025580256	21.7770459867459	0.0363	0.8672	1.45091370247041	-1.10102689877868	1.45523849207936	3.79570987271896	4.89673677149764	0	NA	NA	NA	NA	NA	NA	1	-1.27960603775562	1.63739161186063	1	-1.00416442946535	1.00834620140348	1	-2.4358452182636	5.93334192733766	1	-1.91773634158451	3.67771267583392	1.00207165020676	4469.97325402483	0	1.00172149648899	11255.7928670015	0	NA	NA	NA	NA	NA	NA	NA	NA
492	7	7	benefit_positive_truncnorm	benefit_positive_truncnorm	continuous	1	waning	benefit	1	1	NA	2.6234872350632	5.21959745878722	1000	360	600	1000	1000	360	702	0.64	0.298	6.93627610761005	24	24	0	2	1	10	4	1	5000	2500	1	0.99	14	10000	101491	0.7726	1	2.08831228498196	-3.33591881868233	2.14948293311473	7.36200016548859	10.6979189841709	2.85955995601673	1.78781786438851	2.86716093865825	3.91301757286544	2.12519970847693	0.679880411914517	2.47567574324799	-8.66223698891053	2.37058396824998	13.0635257833168	21.7257627722274	0.0969	1	5.78492655817861	3.34549077019645	5.83966530589007	7.99404368381775	4.6485529136213	0	NA	NA	NA	NA	NA	NA	1	-0.535174950081242	0.28641222719446	1	0.236072720953531	0.0557303295784038	1	-2.74392171553923	7.52910638100774	1	0.565329099391392	0.319596990618683	1.00174429317731	4309.4334809612	0	1.00159415300907	13903.2479253081	0	NA	NA	NA	NA	NA	NA	NA	NA
574	7	7	benefit_positive_truncnorm	benefit_positive_truncnorm	continuous	1	waning	benefit	1	1	NA	2.11207174853377	3.88899152787777	1000	360	600	1000	1000	360	723	0.64	0.277	7.14370660276835	24	24	0	2	1	10	4	1	5000	2500	1	0.99	14	10000	101573	0.6672	0.9992	1.08260564174441	-3.86674114553851	1.10355044786468	5.89632388222536	9.76306502776387	1.75052319950078	0.706559431197495	1.75138520174041	2.78507899415762	2.07851956296012	0.597378481703987	1.26882848274057	-9.72840506446084	1.17333521246096	11.757910583031	21.4863156474918	0.0845	0.9952	2.7916673629032	0.732035819568563	2.73157332795683	5.12402488882649	4.39198906925793	0	NA	NA	NA	NA	NA	NA	1	-1.02946610678937	1.05980046502806	1	-0.361548549032992	0.130717353307862	1	-2.6201630451372	6.86525438310265	1	-1.09732416497456	1.20412032303712	1.00177532382037	4572.97870965729	0	1.00153123424744	10227.815942391	0	NA	NA	NA	NA	NA	NA	NA	NA
545	7	7	benefit_positive_truncnorm	benefit_positive_truncnorm	continuous	1	waning	benefit	1	1	NA	2.86979389627392	6.04860417956085	1000	360	600	1000	1000	360	664	0.64	0.336	8.16959004083226	24	24	0	2	1	10	4	1	5000	2500	1	0.99	14	10000	101544	0.8937	1	3.06236231669599	-1.79662162417438	3.17153641339935	7.46004395065567	9.25666557483005	3.32556263051829	2.25827211286711	3.32133199105002	4.40904443379153	2.15077232092442	0.890377446411929	5.27086622658181	-3.88105871431158	5.14834085961913	13.9091816770333	17.7902403913449	0.1416	1	7.37007706419474	4.84997364035527	7.37476437487404	9.86976490722956	5.01979126687429	0	NA	NA	NA	NA	NA	NA	1	0.192568420422069	0.0370825965438508	1	0.455768734244369	0.207725139114714	1	-0.777737952979031	0.604876323504013	1	1.3214728846339	1.74629058482263	1.00144319167376	4455.71192345761	0	1.00226475728165	17046.0388002281	0	NA	NA	NA	NA	NA	NA	NA	NA
609	7	7	benefit_positive_truncnorm	benefit_positive_truncnorm	continuous	1	waning	benefit	1	1	NA	2.06082395297805	3.74673462048096	1000	360	600	1000	1000	360	734	0.64	0.266	7.11724200012014	24	24	0	2	1	10	4	1	5000	2500	1	0.99	14	10000	101608	0.7877	0.9999	2.01419667244076	-3.0810066438207	2.08238619040564	6.77374945276637	9.85475609658707	2.05447741950571	1.00231996091493	2.05217942863304	3.11064490204471	2.10832494112978	0.679837112040502	2.40871746549493	-8.25282744565429	2.2553155375633	12.6313274473478	20.8841548930021	0.0914	0.9975	3.2271502778341	1.04653377439124	3.25963434779682	5.24402317031025	4.19748939591901	0	NA	NA	NA	NA	NA	NA	1	-0.0466272805372911	0.00217410329030325	1	-0.00634653347233627	4.02784871154847e-05	1	-1.33801715498603	1.79028990703692	1	-0.519584342646862	0.269967889123772	1.00136046219485	5003.2246645561	0	1.00193140674389	13385.6976525643	0	NA	NA	NA	NA	NA	NA	NA	NA
489	7	7	benefit_positive_truncnorm	benefit_positive_truncnorm	continuous	1	waning	benefit	1	1	NA	1.76050650688513	3.43440277046188	1000	360	600	1000	1000	360	683	0.64	0.317	7.32494538608819	24	24	0	2	1	10	4	1	5000	2500	1	0.99	14	10000	101488	0.5611	0.9908	0.384361121618187	-4.47105937240545	0.408578286096252	5.16903437076231	9.64009374316775	1.30158234711452	0.197432488315293	1.30331720864294	2.39884444323991	2.20141195492461	0.53401838831801	0.466029693170666	-10.3461277387382	0.445556824470048	11.0279002456745	21.3740279844127	0.0755	0.9971	3.58571980015077	1.02956298753472	3.59378781683466	6.01594830032752	4.98638531279281	0	NA	NA	NA	NA	NA	NA	1	-1.37614538526694	1.8937761213915	1	-0.458924159770606	0.210611384421157	1	-2.96837307729122	8.81123872598732	1	0.151317029688887	0.0228968434738677	1.00140089009505	4774.1608532722	0	1.00238293172565	13604.0471950069	0	NA	NA	NA	NA	NA	NA	NA	NA
541	7	7	benefit_positive_truncnorm	benefit_positive_truncnorm	continuous	1	waning	benefit	1	1	NA	1.99621804299434	4.13401181609064	1000	360	600	1000	1000	360	699	0.64	0.301	7.25830612968193	24	24	0	2	1	10	4	1	5000	2500	1	0.99	14	10000	101540	0.6493	0.9959	0.980406417870232	-4.03265121772923	0.994125560601637	5.97298451256751	10.0056357302967	1.41728622245358	0.331721271416496	1.42264209424338	2.49859604395669	2.16687477254019	0.59076380469525	1.13565027116663	-9.71249046284397	1.04450629604266	11.8936421274195	21.6061325902634	0.0927	0.9761	2.42529135851133	0.0213636279008546	2.39297587274235	5.02019541594162	4.99883178804077	0	NA	NA	NA	NA	NA	NA	1	-1.01581162512411	1.03187325773729	1	-0.578931820540763	0.335162052834642	1	-2.99836154492401	8.99017195407911	1	-1.70872045757931	2.91972560215005	1.00165489013694	4470.4555336283	0	1.00136870338174	11736.7188051668	0	NA	NA	NA	NA	NA	NA	NA	NA
493	7	7	benefit_positive_truncnorm	benefit_positive_truncnorm	continuous	1	waning	benefit	1	1	NA	2.11179918182076	3.69526927779384	1000	360	600	1000	1000	360	700	0.64	0.3	7.49635106844491	24	24	0	2	1	10	4	1	5000	2500	1	0.99	14	10000	101492	0.7424	1	1.67964913294343	-3.44892258969233	1.7182738534367	6.56719586151805	10.0161184512104	2.79835720966836	1.73749288928202	2.79779098939577	3.88908577260383	2.15159288332181	0.642145336468481	1.94789281403053	-9.06548905746715	1.76415340510522	12.3267712528593	21.3922603103265	0.1069	1	6.12438556078063	3.48801008082133	6.08173426727116	8.93828964634755	5.45027956552622	0	NA	NA	NA	NA	NA	NA	1	-0.432150048877329	0.186753664744678	1	0.686558027847599	0.471361925601985	1	-1.74737646376331	3.05332450611398	1	2.42911628298679	5.90060591627156	1.00160265330383	4743.31600425055	0	1.00154707755688	11582.7514480026	0	NA	NA	NA	NA	NA	NA	NA	NA
556	7	7	benefit_positive_truncnorm	benefit_positive_truncnorm	continuous	1	waning	benefit	1	1	NA	2.70448538448053	5.60644608770094	1000	360	600	1000	1000	360	701	0.64	0.299	7.64537506223893	24	24	0	2	1	10	4	1	5000	2500	1	0.99	14	10000	101555	0.7131	1	1.45942367147492	-3.60196923234149	1.52595039060246	6.35627436851769	9.95824360085918	2.49866321716897	1.44878429394977	2.49165709783242	3.55344899759852	2.10466470364875	0.610571617744427	1.58469908466061	-9.25310972173911	1.51997188226164	12.0190872925822	21.2721970143213	0.0938	0.9999	5.27970866943667	2.61903338013464	5.34974340730891	7.62803148821377	5.00899810807913	0	NA	NA	NA	NA	NA	NA	1	-1.24506171300561	1.55017866919247	1	-0.205822167311564	0.0423627645568293	1	-4.02174700304033	16.1744489564638	1	-0.326737418264264	0.106757340493996	1.0019662406918	4838.64174795388	0	1.00226143212995	14232.8927851035	0	NA	NA	NA	NA	NA	NA	NA	NA
639	7	7	benefit_positive_truncnorm	benefit_positive_truncnorm	continuous	1	waning	benefit	1	1	NA	1.99250736799551	4.14407265011881	1000	360	600	1000	1000	360	724	0.64	0.276	6.72078581132305	24	24	0	2	1	10	4	1	5000	2500	1	0.99	14	10000	101638	0.6686	0.9987	1.21047132400058	-4.06220918168514	1.22908596231142	6.46665418942621	10.5288633711113	1.62249055156474	0.541093254418171	1.62823780479237	2.68909272530979	2.14799947089162	0.607802874743327	1.46585587968274	-9.63910082986308	1.35369448411071	12.5392259225522	22.1783267524153	0.0747	0.9941	3.3903888811474	0.727613226495842	3.47978162233289	5.60583997948051	4.87822675298467	0	NA	NA	NA	NA	NA	NA	1	-0.782036043994934	0.611580374107247	1	-0.370016816430773	0.136912444441565	1	-2.67821677043607	7.172845069445	1	-0.753683768971412	0.568039223610952	1.00183669637559	3935.61034080976	0	1.00197875167278	16500.5052849355	0	NA	NA	NA	NA	NA	NA	NA	NA
546	7	7	benefit_positive_truncnorm	benefit_positive_truncnorm	continuous	1	waning	benefit	1	1	NA	2.27155505270284	4.24335088835551	1000	360	600	1000	1000	360	730	0.64	0.27	7.63586172983247	24	24	0	2	1	10	4	1	5000	2500	1	0.99	14	10000	101545	0.7284	0.9999	1.55647525144096	-3.4502578575072	1.61482183272417	6.43137679966409	9.8816346571713	1.89947187211551	0.806088094534265	1.90178419700433	2.96124535672281	2.15515726218855	0.641304347826087	1.86214387042509	-8.83265497590747	1.75856987297878	12.1092005530975	20.941855529005	0.0984	0.9978	3.60166877016536	1.21545502947991	3.6443652309963	5.78915042620287	4.57369539672296	0	NA	NA	NA	NA	NA	NA	1	-0.71507980126188	0.51133912217273	1	-0.372083180587339	0.13844589327599	1	-2.38120701793043	5.67014686224113	1	-0.641682118190155	0.411755940805004	1.00221091322002	4672.35681204361	0	1.0033927219446	11874.7533873081	0	NA	NA	NA	NA	NA	NA	NA	NA
608	7	7	benefit_positive_truncnorm	benefit_positive_truncnorm	continuous	1	waning	benefit	1	1	NA	2.55190558415867	5.65332579542394	1000	360	600	1000	1000	360	660	0.64	0.34	7.92646042505778	24	24	0	2	1	10	4	1	5000	2500	1	0.99	14	10000	101607	0.7024	1	1.38700622410461	-3.81507506801423	1.46737189150023	6.42949251573778	10.244567583752	2.33820075231787	1.26761828358475	2.33825253261439	3.42001503901171	2.15239675542696	0.612302166348636	1.50969875146577	-9.58274379535144	1.45100317391076	12.0746165504191	21.6573603457706	0.1091	1	6.02285146963285	3.17177779847259	5.99002853807371	9.01695880125025	5.84518100277766	0	NA	NA	NA	NA	NA	NA	1	-1.16489936005406	1.35699051905437	1	-0.213704831840797	0.0456697551521035	1	-4.14362704395817	17.1696450794215	1	0.369525674208907	0.136549223899547	1.0019688608524	4692.21816559205	0	1.00129968707238	10262.9514335092	0	NA	NA	NA	NA	NA	NA	NA	NA
542	7	7	benefit_positive_truncnorm	benefit_positive_truncnorm	continuous	1	waning	benefit	1	1	NA	2.32926614666189	4.31713692212142	1000	360	600	1000	1000	360	667	0.64	0.333	8.42001935338841	24	24	0	2	1	10	4	1	5000	2500	1	0.99	14	10000	101541	0.6856	1	1.1075973928555	-3.53889161211399	1.16555283537584	5.5826167953258	9.12150840743979	2.00350233712246	0.955146971507081	2.0089178087497	3.04507934279824	2.08993237129116	0.580564971751412	0.985172568798739	-9.32100154150967	0.971808605481402	11.0427606378142	20.3637621793238	0.115	1	4.36165698487946	1.64131472397729	4.42998789924187	6.96016850757745	5.31885378360016	0	NA	NA	NA	NA	NA	NA	1	-1.22166875380639	1.49247454402687	1	-0.325763809539433	0.106122059605644	1	-3.33196435332268	11.101986451813	1	0.0445200627580427	0.00198203598798006	1.00135109481068	4728.81477824574	0	1.00294440891409	13328.5026065806	0	NA	NA	NA	NA	NA	NA	NA	NA
539	7	7	benefit_positive_truncnorm	benefit_positive_truncnorm	continuous	1	waning	benefit	1	1	NA	1.4368194413268	2.74453663795227	1000	360	600	1000	1000	360	723	0.64	0.277	6.76511005819055	24	24	0	2	1	10	4	1	5000	2500	1	0.99	14	10000	101538	0.6999	1	1.43745537062846	-3.83481548561951	1.48715823486346	6.64862460995022	10.4834400955697	2.37220272758249	1.29762247487954	2.36812271865389	3.43634682989146	2.13872435501191	0.633090394865659	1.8256815314104	-9.22885073335542	1.68523436218882	12.6014805375955	21.8303312709509	0.0807	0.9999	4.39970702061427	2.13141181067977	4.38934771772794	6.90930694541794	4.77789513473817	0	NA	NA	NA	NA	NA	NA	1	0.000635929301662452	4.04406076712894e-07	1	0.935383286255691	0.874941892206497	1	-0.91885510654187	0.844294706818072	1	1.655170382662	2.73958899564146	1.00182932224638	4992.40275494775	0	1.00149465296086	11484.7465645865	0	NA	NA	NA	NA	NA	NA	NA	NA
576	7	7	benefit_positive_truncnorm	benefit_positive_truncnorm	continuous	1	waning	benefit	1	1	NA	1.58789780515131	2.95140522192226	1000	360	600	1000	1000	360	722	0.64	0.278	6.78575559967664	24	24	0	2	1	10	4	1	5000	2500	1	0.99	14	10000	101575	0.5997	0.9568	0.706619147855597	-4.75293788711303	0.743164380877261	5.99199542913585	10.7449333162489	0.921664396794055	-0.139523654369452	0.920217956257729	1.99734391534565	2.1368675697151	0.561986153180441	0.846180846892685	-10.5965779613622	0.797847390579258	11.9432134007548	22.539791362117	0.0756	0.8885	1.17986167779681	-0.771800092794643	1.2130642543386	2.96225828476233	3.73405837755697	0	NA	NA	NA	NA	NA	NA	1	-0.881278657295717	0.776652071804943	1	-0.666233408357259	0.443866954411331	1	-2.10522437502958	4.43196966921869	1	-1.77154354412546	3.13836652873259	1.00165787963075	4344.52465088018	0	1.0019602825546	14531.6615327907	0	NA	NA	NA	NA	NA	NA	NA	NA
558	7	7	benefit_positive_truncnorm	benefit_positive_truncnorm	continuous	1	waning	benefit	1	1	NA	0.936903446202731	1.663662637479	1000	360	600	1000	1000	360	714	0.64	0.286	6.88839215773049	24	24	0	2	1	10	4	1	5000	2500	1	0.99	14	10000	101557	0.5283	0.7976	0.221690260192041	-5.26717690213255	0.19406354398285	5.60658762146884	10.8737645236014	0.458903782213479	-0.616872640308925	0.450594713001918	1.53811860374624	2.15499124405516	0.504731861198738	0.0825021714519791	-11.4329495348683	0.0516408083453932	11.5779421721396	23.0108917070079	0.0807	0.6834	0.561643670742406	-1.95123967490159	0.57797587029641	3.00868986822463	4.95992954312622	0	NA	NA	NA	NA	NA	NA	1	-0.71521318601069	0.511529901443561	1	-0.477999663989252	0.228483678773838	1	-1.58116046602702	2.50006841932679	1	-1.10201896673659	1.21444580304719	1.0014725561325	4533.34379637713	0	1.00228597936775	11102.7849283536	0	NA	NA	NA	NA	NA	NA	NA	NA
616	7	7	benefit_positive_truncnorm	benefit_positive_truncnorm	continuous	1	waning	benefit	1	1	NA	2.21837730025109	4.59684108481063	1000	360	600	1000	1000	360	724	0.64	0.276	7.76038416903368	24	24	0	2	1	10	4	1	5000	2500	1	0.99	14	10000	101615	0.7518	1	1.76716077229049	-3.58960024770749	1.83298363331483	6.82222250488066	10.4118227525881	2.75554673816813	1.67858908844737	2.75124399679408	3.81994708051548	2.14135799206811	0.653511251837612	2.12685047018564	-8.91665769797944	2.04992328620349	12.5057933431653	21.4224510411447	0.1157	1	5.71235452401163	2.78700331812172	5.71212189607551	8.50990529196814	5.72290197384642	0	NA	NA	NA	NA	NA	NA	1	-0.451216527960607	0.203596355104825	1	0.537169437917037	0.288551005032106	1	-2.46999061462499	6.10085363633553	1	1.115513439201	1.24437023303804	1.00153974643166	4327.75551932071	0	1.00208290164998	11200.1841408451	0	NA	NA	NA	NA	NA	NA	NA	NA
589	7	7	benefit_positive_truncnorm	benefit_positive_truncnorm	continuous	1	waning	benefit	1	1	NA	2.35658355130135	5.31939614518493	1000	360	600	1000	1000	360	699	0.64	0.301	7.03378399596659	24	24	0	2	1	10	4	1	5000	2500	1	0.99	14	10000	101588	0.8893	1	3.12484959290744	-1.95868893103274	3.20289276360876	7.69670786737877	9.65539679841151	2.89827030164678	1.81114046298605	2.89260910621281	3.98150472626671	2.17036426328066	0.915993719156572	5.85299981100376	-3.70686015534235	5.65354519421191	14.9370983360673	18.6439584914097	0.1084	1	6.4417878740651	3.24414876022818	6.34188428674117	9.99237632307124	6.74822756284306	0	NA	NA	NA	NA	NA	NA	1	0.768266041606097	0.590232710685102	1	0.541686750345433	0.293424535499796	1	0.533603665818828	0.284732872175291	1	1.12239172888017	1.25976319305862	1.00228156287144	4188.59920134015	0	1.00152560603412	15277.013814398	0	NA	NA	NA	NA	NA	NA	NA	NA
480	7	7	benefit_positive_truncnorm	benefit_positive_truncnorm	continuous	1	waning	benefit	1	1	NA	2.05502487990545	4.08748546197146	1000	360	600	1000	1000	360	700	0.64	0.3	7.96617508531781	24	24	0	2	1	10	4	1	5000	2500	1	0.99	14	10000	101479	0.8259	1	2.50459159819322	-2.77793249582804	2.58165295634532	7.38452538075054	10.1624578765786	3.17064469285416	2.1141320422833	3.17267094341653	4.20049078956175	2.08635874727845	0.715833141276792	2.95086618280982	-7.89749772160431	2.83812629326391	13.0035055658274	20.9010032874317	0.1322	1	5.95687884396701	3.96835112771984	5.91839191359009	8.42220684804325	4.45385572032341	0	NA	NA	NA	NA	NA	NA	1	0.449566718287772	0.202110234192037	0	1.11561981294872	1.24460756704373	1	-1.13661927916163	1.29190338576191	1	1.86939338199555	3.49463161664877	1.00146152418968	3608.92612900057	0	1.00162300834307	13123.4124489946	0	NA	NA	NA	NA	NA	NA	NA	NA
568	7	7	benefit_positive_truncnorm	benefit_positive_truncnorm	continuous	1	waning	benefit	1	1	NA	2.04727285916906	3.72509936452809	1000	360	600	1000	1000	360	734	0.64	0.266	6.93614789916059	24	24	0	2	1	10	4	1	5000	2500	1	0.99	14	10000	101567	0.6236	0.9141	0.864068029192528	-4.46046752510905	0.862082481878568	6.20563964815612	10.6661071732652	0.749737998877867	-0.324574958435394	0.754549124887846	1.81500680302724	2.13958176146264	0.566623122142391	0.917124654638872	-10.4061034409907	0.878572476639672	12.0729129265671	22.4790163675578	0.0814	0.9222	1.35589566554097	-0.593503560060858	1.32660477053704	3.40186861340013	3.99537217346099	0	NA	NA	NA	NA	NA	NA	1	-1.18320482997653	1.39997366967979	0	-1.29753486029119	1.68359671367089	1	-2.80797470988922	7.88472197137745	0	-2.36920369898712	5.61312616729425	1.00173520070555	4346.66220688143	0	1.00271672626453	12649.4827354029	0	NA	NA	NA	NA	NA	NA	NA	NA
479	7	7	benefit_positive_truncnorm	benefit_positive_truncnorm	continuous	1	waning	benefit	1	1	NA	2.74317961865033	5.67386688788767	1000	360	600	1000	1000	360	688	0.64	0.312	7.90475668808162	24	24	0	2	1	10	4	1	5000	2500	1	0.99	14	10000	101478	0.6315	0.9898	0.864129247843822	-4.29897942929287	0.898735356615207	5.86264448525824	10.1616239145511	1.30838406180655	0.199043920809222	1.31190163102572	2.39382396151616	2.19478004070693	0.568791946308725	0.893302626801249	-10.1517907436912	0.941277992593912	11.5938545835996	21.7456453272907	0.106	0.9865	2.80642018139055	0.37941926416682	2.73427167712431	5.51447328885222	5.1350540246854	0	NA	NA	NA	NA	NA	NA	1	-1.87905037080651	3.53083029602808	0	-1.43479555684378	2.05863828993865	1	-4.78056426108642	22.8537946543768	0	-2.86744670649712	8.22225061460119	1.00192714832375	4264.0034202273	0	1.00180635435903	12123.8987911292	0	NA	NA	NA	NA	NA	NA	NA	NA
506	7	7	benefit_positive_truncnorm	benefit_positive_truncnorm	continuous	1	waning	benefit	1	1	NA	2.05663591882456	3.75220225221812	1000	360	600	1000	1000	360	714	0.64	0.286	7.11503070796354	24	24	0	2	1	10	4	1	5000	2500	1	0.99	14	10000	101505	0.7598	1	1.80240116988456	-3.2333367415718	1.8219943836792	6.82797471320123	10.061311454773	2.57543917198657	1.52945800555473	2.56739660647656	3.62227813111143	2.09282012555669	0.649041639127561	1.98320996877523	-8.69864194797785	1.92424668435281	12.2302933160567	20.9289352640345	0.0922	0.9997	3.40313729344646	1.45673926552388	3.32387079453382	5.96435688215551	4.50761761663163	0	NA	NA	NA	NA	NA	NA	1	-0.254234748940001	0.0646353075685854	1	0.518803253162006	0.26915681549148	1	-1.76899228344289	3.1293336988805	1	-0.349064958771662	0.121846345442262	1.00155513154277	4395.15232146039	0	1.00157295041073	9205.0276669583	0	NA	NA	NA	NA	NA	NA	NA	NA
529	7	7	benefit_positive_truncnorm	benefit_positive_truncnorm	continuous	1	waning	benefit	1	1	NA	1.45253072027078	2.67259266212929	1000	360	600	1000	1000	360	718	0.64	0.282	6.87658647290365	24	24	0	2	1	10	4	1	5000	2500	1	0.99	14	10000	101528	0.5923	0.9907	0.60716916118491	-4.87912887936817	0.627092497947815	5.98967499277514	10.8688038721433	1.3695666506384	0.284500204745559	1.37058001737402	2.45701218875765	2.17251198401209	0.564683974148319	0.908270045662579	-10.6526896193557	0.845426231488403	12.1449779572262	22.797667576582	0.0871	0.967	1.91495940947264	-0.124459692736952	1.89825398991629	4.07284274350826	4.19730243624521	0	NA	NA	NA	NA	NA	NA	1	-0.845361559085868	0.714636165580089	1	-0.0829640696323821	0.00688303684996675	1	-1.76432261646671	3.11283429497594	1	-0.757633252656644	0.574008145531086	1.00144625124827	4238.85596575902	0	1.00152836877707	8801.40653892454	0	NA	NA	NA	NA	NA	NA	NA	NA
570	7	7	benefit_positive_truncnorm	benefit_positive_truncnorm	continuous	1	waning	benefit	1	1	NA	2.07888617137657	4.14080117814971	1000	360	600	1000	1000	360	696	0.64	0.304	7.0987221163086	24	24	0	2	1	10	4	1	5000	2500	1	0.99	14	10000	101569	0.7537	0.9999	1.71083510679806	-3.25535052727312	1.78488145876236	6.43578386491027	9.69113439218339	1.89586337394973	0.832694776479739	1.89877980295727	2.93726103968467	2.10456626320493	0.725334493636463	2.98308035618671	-7.65397027539032	2.89196827777637	13.150799167182	20.8047694425723	0.0807	1	4.1031937279459	1.86531943319309	4.09858022627819	6.33514414779945	4.46982471460636	0	NA	NA	NA	NA	NA	NA	1	-0.36805106457851	0.135461586137375	1	-0.183022797426843	0.0334973443779471	1	-1.15772082196301	1.3403175016067	1	-0.0376074502038106	0.0014143203108321	1.00144327526859	4461.55782804111	0	1.00157702699183	10148.6474743143	0	NA	NA	NA	NA	NA	NA	NA	NA
567	7	7	benefit_positive_truncnorm	benefit_positive_truncnorm	continuous	1	waning	benefit	1	1	NA	1.81197707262719	3.75324185061591	1000	360	600	1000	1000	360	712	0.64	0.288	7.9871348790653	24	24	0	2	1	10	4	1	5000	2500	1	0.99	14	10000	101566	0.7604	0.9999	1.81144128804596	-3.29479438152747	1.86354776505949	6.77301310201999	10.0678074835475	2.29569101247372	1.2577667332698	2.29471190712589	3.32962121982914	2.07185448655934	0.649688737973967	2.04794932672903	-8.50266624601002	1.93108333025994	12.2443977308177	20.7470639768277	0.1165	0.9997	4.24381047087638	1.77153121883262	4.21553742780453	6.82521587091015	5.05368465207753	0	NA	NA	NA	NA	NA	NA	1	-0.000535784581232379	2.87065117486356e-07	1	0.483713939846528	0.233979175601851	1	-1.70529252388688	2.90802259202449	1	0.490568620260464	0.240657571184255	1.0020387124861	4495.81959581225	0	1.00158704606569	11888.3720852728	0	NA	NA	NA	NA	NA	NA	NA	NA
551	7	7	benefit_positive_truncnorm	benefit_positive_truncnorm	continuous	1	waning	benefit	1	1	NA	1.783922979028	3.3237081834607	1000	360	600	1000	1000	360	728	0.64	0.272	6.72834362287235	24	24	0	2	1	10	4	1	5000	2500	1	0.99	14	10000	101550	0.6796	0.9976	1.2937679788971	-4.12015523082831	1.3406768197776	6.5233056408451	10.6434608716734	1.60487223479756	0.534462407226731	1.60500445690518	2.66894526022548	2.13448285299875	0.606829268292683	1.4516779051271	-9.75428770476088	1.40086905999984	12.4121226963075	22.1664104010683	0.0775	0.986	2.05157756141755	0.255270351565596	2.0594629158995	3.84037907019806	3.58510871863246	0	NA	NA	NA	NA	NA	NA	1	-0.490155000130904	0.240251924153326	1	-0.179050744230443	0.0320591690094757	1	-1.8720302783336	3.50449736299778	1	-1.27213062204315	1.6183163195399	1.00170266777327	4157.09183646092	0	1.00149594361099	11675.1333351242	0	NA	NA	NA	NA	NA	NA	NA	NA
476	7	7	benefit_positive_truncnorm	benefit_positive_truncnorm	continuous	1	waning	benefit	1	1	NA	1.98328946419372	4.0279687280515	1000	360	600	1000	1000	360	728	0.64	0.272	7.50920345016622	24	24	0	2	1	10	4	1	5000	2500	1	0.99	14	10000	101475	0.7636	1	1.79285300788394	-3.18997737761743	1.813377802835	6.65555178393782	9.84552916155525	2.26483115065792	1.2066866747774	2.26883559368545	3.30743617350998	2.10074949873258	0.680338684847152	2.40428125175649	-8.20255212467241	2.22263176118723	12.3905355869255	20.5930877115979	0.0906	1	4.63688153536673	2.37812479459149	4.61175259078789	7.04980320989423	4.67167841530274	0	NA	NA	NA	NA	NA	NA	1	-0.190436456309785	0.0362660438918288	1	0.281541686464196	0.0792657212171036	1	-1.62368747629501	2.63636102067726	1	0.608912807315224	0.370774806912507	1.00188856458717	4317.27521456245	0	1.00224632329726	11589.5489162841	0	NA	NA	NA	NA	NA	NA	NA	NA
620	7	7	benefit_positive_truncnorm	benefit_positive_truncnorm	continuous	1	waning	benefit	1	1	NA	1.99981753675419	4.17649767870394	1000	360	600	1000	1000	360	685	0.64	0.315	7.79251201152656	24	24	0	2	1	10	4	1	5000	2500	1	0.99	14	10000	101619	0.6593	0.9998	1.05113818009153	-3.98482059732787	1.07053123569071	5.93793380782101	9.92275440514888	1.96522727978261	0.92297709733996	1.9606712168725	3.03594754887527	2.11297045153531	0.582212340188994	1.13348491032409	-9.62279037293738	1.04438569668071	11.710506034658	21.3332964075954	0.1005	0.9993	4.54388618422422	1.73231240825167	4.56451449935383	7.18191001422253	5.44959760597086	0	NA	NA	NA	NA	NA	NA	1	-0.948679356662661	0.899992521757881	1	-0.0345902569715864	0.00119648587736038	1	-3.04301276837985	9.25992670852282	1	0.367388505520286	0.134974313988429	1.00113771801037	4196.73818022129	0	1.00156454988591	12386.6179899569	0	NA	NA	NA	NA	NA	NA	NA	NA
562	7	7	benefit_positive_truncnorm	benefit_positive_truncnorm	continuous	1	waning	benefit	1	1	NA	2.06123605293846	3.73812106310722	1000	360	600	1000	1000	360	704	0.64	0.296	7.94088969059271	24	24	0	2	1	10	4	1	5000	2500	1	0.99	14	10000	101561	0.7377	0.9999	1.59972763155427	-3.52935538468389	1.64406733369378	6.55792686537171	10.0872822500556	2.04013912907439	0.96499609547726	2.04057778024571	3.08589619339338	2.12090009791612	0.630825975187214	1.74465490566589	-9.29772427271435	1.75163714499815	12.1327367568894	21.4304610296037	0.1053	0.9997	4.05425876220175	1.73189284322768	4.05386977650639	6.33519365118769	4.60330080796001	0	NA	NA	NA	NA	NA	NA	1	-0.461508421384195	0.212990023008531	1	-0.0210969238640679	0.000445080196526278	1	-1.99346615744134	3.97390732086392	1	0.31613769909453	0.0999430447887837	1.00205076380116	4678.75120471951	0	1.00172221969461	11722.8673447291	0	NA	NA	NA	NA	NA	NA	NA	NA
515	7	7	benefit_positive_truncnorm	benefit_positive_truncnorm	continuous	1	waning	benefit	1	1	NA	2.38932562902483	4.73210224259764	1000	360	600	1000	1000	360	699	0.64	0.301	7.86488654557953	24	24	0	2	1	10	4	1	5000	2500	1	0.99	14	10000	101514	0.7746	1	1.98352651568156	-3.21949126833466	1.99953557837407	7.0328653168716	10.2523565852063	2.94254709687804	1.86916320225516	2.95081483071158	4.00660624734671	2.13744304509155	0.637339055793991	1.86206554969739	-8.92280278553946	1.73625502269275	12.159798724797	21.0826015103365	0.1146	1	6.14985617319464	4.26048673672326	6.07945962539411	8.25103516265404	3.99054842593078	0	NA	NA	NA	NA	NA	NA	1	-0.405799113343271	0.164672920390185	1	0.553221467853202	0.306053992493651	1	-2.87003669290026	8.23711061859383	1	1.41775393059699	2.01002620772322	1.00147309597502	4342.97115220523	0	1.00228375293897	13305.0455431066	0	NA	NA	NA	NA	NA	NA	NA	NA
572	7	7	benefit_positive_truncnorm	benefit_positive_truncnorm	continuous	1	waning	benefit	1	1	NA	1.34062939163962	2.49910740775091	1000	360	600	1000	1000	360	706	0.64	0.294	7.61427171089579	24	24	0	2	1	10	4	1	5000	2500	1	0.99	14	10000	101571	0.5916	0.8798	0.551934476566041	-4.43173405246191	0.5626266389713	5.4736964131796	9.90543046564151	0.63252450941935	-0.410013199792683	0.638128859544575	1.67817933061363	2.08819253040631	0.548103353490929	0.665760817042542	-10.2993920963374	0.631886936482141	11.338020698926	21.6374127952635	0.0905	0.8389	1.05321984479598	-1.05463003882118	1.08309662661999	3.11247744834575	4.16710748716694	0	NA	NA	NA	NA	NA	NA	1	-0.788694915073582	0.622039669062926	1	-0.708104882220273	0.501412524224187	1	-1.83334659070837	3.361159721662	1	-1.44588756295493	2.09059084470776	1.00183117730246	4777.34187895151	0	1.00154962377266	11910.5697666984	0	NA	NA	NA	NA	NA	NA	NA	NA
571	7	7	benefit_positive_truncnorm	benefit_positive_truncnorm	continuous	1	waning	benefit	1	1	NA	1.69746650002689	3.20140624778674	1000	360	600	1000	1000	360	712	0.64	0.288	7.00237444830837	24	24	0	2	1	10	4	1	5000	2500	1	0.99	14	10000	101570	0.3695	0.9991	-0.889848547989248	-6.04651901035639	-0.965558528758982	4.54888977546859	10.595408785825	1.73509174955734	0.640420709893069	1.73790576303829	2.82583814524956	2.18541743535649	0.27666006463046	-2.35866048631199	-12.8790870164907	-2.30895428183188	9.29922439842922	22.1783114149199	0.0407	0.9973	3.54315931014673	1.21163330288538	3.50101215396316	6.21405365402206	5.00242035113668	0	NA	NA	NA	NA	NA	NA	1	-2.58731504801614	6.69419915769077	1	0.0376252495304461	0.00141565940222833	1	-5.56006673409873	30.9143420876313	1	0.34175306235999	0.116795155632431	1.00230651556013	4750.74065568733	0	1.00153661098472	14167.4545422601	0	NA	NA	NA	NA	NA	NA	NA	NA
518	7	7	benefit_positive_truncnorm	benefit_positive_truncnorm	continuous	1	waning	benefit	1	1	NA	2.05982598336065	4.15001667278802	1000	360	600	1000	1000	360	729	0.64	0.271	6.68906457311881	24	24	0	2	1	10	4	1	5000	2500	1	0.99	14	10000	101517	0.7329	1	1.70829700075729	-3.75549093755299	1.75780733375935	6.94742245605788	10.7029133936109	2.55119856483098	1.49932662259033	2.55537282739488	3.63008914582848	2.13076252323816	0.637929155313351	1.92240942174927	-9.46533014271263	1.82116864149891	12.917462846233	22.3827929889456	0.0825	0.9995	3.91018993440584	1.61319829783439	3.86752979656878	6.48123274135726	4.86803444352287	0	NA	NA	NA	NA	NA	NA	1	-0.351528982603355	0.12357262561015	1	0.491372581470329	0.241447013820815	1	-2.22760725103875	4.9622340648804	1	-0.23982673838218	0.0575168644430347	1.0012121455069	4604.66031691998	0	1.00140408706489	12969.2624728825	0	NA	NA	NA	NA	NA	NA	NA	NA
581	7	7	benefit_positive_truncnorm	benefit_positive_truncnorm	continuous	1	waning	benefit	1	1	NA	1.95707831363177	3.80629411261232	1000	360	600	1000	1000	360	688	0.64	0.312	7.41535170039633	24	24	0	2	1	10	4	1	5000	2500	1	0.99	14	10000	101580	0.8085	1	2.24585224622552	-2.73438891291917	2.30379790019414	7.05958343212521	9.79397234504438	2.69852348255211	1.64521909511413	2.69861969849757	3.75786468670166	2.11264559158753	0.736232203950999	3.08452843622718	-7.17661231455702	2.91534212020601	12.9818134542398	20.1584257687968	0.0939	0.9999	4.63645544841327	2.1705852384389	4.6174899144665	7.306836260621	5.1362510221821	0	NA	NA	NA	NA	NA	NA	1	0.288773932593756	0.0833903841456628	1	0.741445168920338	0.549740938515309	1	-0.721765676385139	0.520945691607697	1	0.830161335800956	0.689167843458828	1.00104153244913	4802.66526833134	0	1.00211231678738	11462.6417876584	0	NA	NA	NA	NA	NA	NA	NA	NA
645	7	7	benefit_positive_truncnorm	benefit_positive_truncnorm	continuous	1	waning	benefit	1	1	NA	1.73142695596002	3.30836649716752	1000	360	600	1000	1000	360	743	0.64	0.257	6.22835063054409	24	24	0	2	1	10	4	1	5000	2500	1	0.99	14	10000	101644	0.7517	0.9997	1.81878226534963	-3.34824100850456	1.85346212129188	6.80587622009089	10.1541172285955	1.81261104890484	0.779374803658011	1.8179630809484	2.83496964799371	2.0555948443357	0.756759622521472	3.32228606853254	-7.17972158858362	3.08854831915503	13.6405727461168	20.8202943347004	0.0569	0.9999	3.68412642705164	1.81366349671673	3.69208777418986	5.49491828248049	3.68125478576376	0	NA	NA	NA	NA	NA	NA	1	0.0873553093896091	0.00763095007855433	1	0.0811840929448162	0.00659085694727256	1	0.0139195713650286	0.000193754466986125	1	0.375759929884125	0.141195524906523	1.00167449947774	4528.68101399582	0	1.00148932516001	9918.26934722315	0	NA	NA	NA	NA	NA	NA	NA	NA
646	7	7	benefit_positive_truncnorm	benefit_positive_truncnorm	continuous	1	waning	benefit	1	1	NA	1.99124402466429	4.47388829482293	1000	360	600	1000	1000	360	703	0.64	0.297	6.95501631208353	24	24	0	2	1	10	4	1	5000	2500	1	0.99	14	10000	101645	0.6057	0.9994	0.725112194841217	-4.75622351504365	0.744206961387589	5.95431775866285	10.7105412737065	1.79243362035247	0.702448701400187	1.79302907684397	2.88715859129407	2.18470988989389	0.573137574768896	1.0437009401041	-10.6474199748342	0.951155065614573	12.4131217563579	23.0605417311921	0.0805	0.9991	4.1661066358679	1.57047300116389	4.19088234920154	6.54887940537907	4.97840640421518	0	NA	NA	NA	NA	NA	NA	1	-1.26613182982307	1.60308981049112	1	-0.198810404311823	0.0395255768626305	1	-3.43018735471883	11.766185288473	1	-0.307781658955028	0.094729549589109	1.00152617070994	4311.722061504	0	1.00152968426267	15414.3806728174	0	NA	NA	NA	NA	NA	NA	NA	NA
624	7	7	benefit_positive_truncnorm	benefit_positive_truncnorm	continuous	1	waning	benefit	1	1	NA	2.40860306530664	4.98528964146972	1000	360	600	1000	1000	360	717	0.64	0.283	8.02228177258212	24	24	0	2	1	10	4	1	5000	2500	1	0.99	14	10000	101623	0.8156	1	2.13991766049182	-2.52377241489336	2.209523205857	6.45315833389964	8.97693074879299	2.88312967903876	1.83059604573258	2.89026148419136	3.92514534285082	2.09454929711823	0.858715400235118	4.18655395074592	-5.11406266360555	3.82205096378594	13.5127958222959	18.6268584859015	0.0643	1	6.0393253210839	3.84377215894307	6.00052587827563	8.41536682207643	4.57159466313336	0	NA	NA	NA	NA	NA	NA	1	-0.268685404814823	0.0721918467605051	1	0.474526613732117	0.225175507140069	1	-0.798735690723806	0.637978703636035	1	1.05403567961417	1.11099121389971	1.00142013353959	4481.65356900882	0	1.00180362450536	11896.0353854048	0	NA	NA	NA	NA	NA	NA	NA	NA
579	7	7	benefit_positive_truncnorm	benefit_positive_truncnorm	continuous	1	waning	benefit	1	1	NA	2.24616962982154	4.39731756859556	1000	360	600	1000	1000	360	715	0.64	0.285	6.86597748737706	24	24	0	2	1	10	4	1	5000	2500	1	0.99	14	10000	101578	0.7225	1	1.60741569107844	-3.99975238961442	1.67967892707527	6.91211097837228	10.9118633679867	2.24504207494944	1.16997138103151	2.24289223197041	3.32037526594838	2.15040388491686	0.642872928176796	2.08108588123166	-9.34956332284662	2.0192652868855	12.9986206282275	22.3481839510742	0.095	1	4.06360090653426	1.97821264059977	4.00882098061202	6.43245439338496	4.45424175278519	0	NA	NA	NA	NA	NA	NA	1	-0.6387539387431	0.408006594259823	1	-0.00112755487209704	1.27137998958976e-06	1	-2.3162316873639	5.3649292295486	1	-0.3337166620613	0.111366810537336	1.00256355890584	4403.17545254555	0	1.00164494598585	10412.8043456421	0	NA	NA	NA	NA	NA	NA	NA	NA
566	7	7	benefit_positive_truncnorm	benefit_positive_truncnorm	continuous	1	waning	benefit	1	1	NA	1.51942900592231	2.62712092245869	1000	360	600	1000	1000	360	718	0.64	0.282	6.96837514672712	24	24	0	2	1	10	4	1	5000	2500	1	0.99	14	10000	101565	0.5684	0.9751	0.476131478405787	-4.87606734816073	0.459696150298583	5.86081029857526	10.736877646736	1.07972245447522	0.000893804281946454	1.08395655783807	2.1479087762138	2.14701497193185	0.53734756097561	0.540457837650108	-10.6049125379173	0.445088579660013	12.0025841091485	22.6074966470658	0.0816	0.9723	2.52025767679095	-0.0543577165562809	2.59734857298389	4.80807231319929	4.86243002975557	0	NA	NA	NA	NA	NA	NA	1	-1.04329752751652	1.08846973092208	1	-0.439706551447084	0.193341851385487	1	-2.08666308480858	4.35416282950286	1	-0.106863245667736	0.0114197532746429	1.00201839986643	4040.94969998243	0	1.00306325445533	13555.5920823842	0	NA	NA	NA	NA	NA	NA	NA	NA
643	7	7	benefit_positive_truncnorm	benefit_positive_truncnorm	continuous	1	waning	benefit	1	1	NA	1.93275817550208	3.69156260666426	1000	360	600	1000	1000	360	718	0.64	0.282	7.92185400110788	24	24	0	2	1	10	4	1	5000	2500	1	0.99	14	10000	101642	0.6079	0.9956	0.653497889280262	-4.43594461575283	0.720382113940972	5.60460853114955	10.0405531469024	1.38509977322254	0.334529265615468	1.38557939407406	2.44274502588848	2.10821576027302	0.55913140311804	0.707616891264928	-10.4512930967576	0.763459225161718	11.4557405992798	21.9070336960374	0.102	0.9769	2.00419690484661	0.0332269149742872	1.9815922860091	4.09419970813642	4.06097279316213	0	NA	NA	NA	NA	NA	NA	1	-1.27926028622181	1.63650687990432	1	-0.547658402279537	0.299929725587375	1	-2.98394571539933	8.90393203245003	1	-1.68736570181765	2.84720301167056	1.00193219415152	4310.93926468988	0	1.00177004312252	11467.3391585816	0	NA	NA	NA	NA	NA	NA	NA	NA
532	7	7	benefit_positive_truncnorm	benefit_positive_truncnorm	continuous	1	waning	benefit	1	1	NA	1.95838039685977	3.98242222597418	1000	360	600	1000	1000	360	711	0.64	0.289	7.09765934749817	24	24	0	2	1	10	4	1	5000	2500	1	0.99	14	10000	101531	0.6965	0.9999	1.22428625214047	-3.57920828423424	1.25757424112219	5.90692513721536	9.4861334214496	2.24111392120985	1.14349716675255	2.24150962721924	3.31346168194393	2.16996451519137	0.657281964436918	1.92939628528098	-8.49772187483668	1.75290777943297	12.1626912792455	20.6604131540822	0.0552	1	4.47673084435787	2.36237345498871	4.46188923433151	6.50469230693814	4.14231885194942	0	NA	NA	NA	NA	NA	NA	1	-0.734094144719301	0.538894213311162	1	0.282733524350081	0.0799382457914181	1	-2.05302594069319	4.21491551315917	1	0.49430861838369	0.244341010208393	1.00120366500887	4704.93903223137	0	1.00165651477502	13156.3866111308	0	NA	NA	NA	NA	NA	NA	NA	NA
560	7	7	benefit_positive_truncnorm	benefit_positive_truncnorm	continuous	1	waning	benefit	1	1	NA	2.17878971044471	4.62496824537195	1000	360	600	1000	1000	360	721	0.64	0.279	7.34669438517778	24	24	0	2	1	10	4	1	5000	2500	1	0.99	14	10000	101559	0.6713	0.9998	1.08512716303633	-3.82590708403352	1.10891450680878	5.79830513545	9.62421221948351	1.88422844977114	0.821073088528662	1.88963703034518	2.95071486368773	2.12964177515907	0.607787993510005	1.33600469384164	-9.30443334928479	1.23326726526838	11.697731870057	21.0021652193418	0.0755	0.9972	3.13006247047871	0.820655340656634	3.1355604853034	5.30388313788513	4.4832277972285	0	NA	NA	NA	NA	NA	NA	1	-1.09366254740838	1.19609776760379	1	-0.294561260673573	0.0867663362896049	1	-3.28896355153031	10.8172812432949	1	-1.49490577489324	2.23474327580915	1.0029689901923	4725.22881777677	0	1.00226493295645	12565.7618903426	0	NA	NA	NA	NA	NA	NA	NA	NA
578	7	7	benefit_positive_truncnorm	benefit_positive_truncnorm	continuous	1	waning	benefit	1	1	NA	1.11476977398444	1.82627101905621	1000	360	600	1000	1000	360	730	0.64	0.27	7.35547110585478	24	24	0	2	1	10	4	1	5000	2500	1	0.99	14	10000	101577	0.6232	0.9734	0.78187850470412	-4.32209026080642	0.831658074619858	5.64114624180064	9.96323650260706	1.05085340624483	-0.00861266536533297	1.04975491936388	2.10861023100239	2.11722289636772	0.567285760834148	0.876755679288721	-9.92053170954267	0.763364396772253	11.319384954923	21.2399166644657	0.0793	0.894	1.4491400214376	-0.857893057433453	1.50397479514691	3.55592575057483	4.41381880800829	0	NA	NA	NA	NA	NA	NA	1	-0.332891269280324	0.110816597163065	1	-0.0639163677396117	0.00408530206502528	1	-0.94951533976749	0.901579380453771	1	-0.377130997618608	0.142227789364806	1.00162612050674	4614.47629016567	0	1.00248315730296	10330.1553610561	0	NA	NA	NA	NA	NA	NA	NA	NA
674	7	7	benefit_positive_truncnorm	benefit_positive_truncnorm	continuous	1	waning	benefit	1	1	NA	2.51321692997754	4.97627086707936	1000	360	600	1000	1000	360	720	0.64	0.28	7.1786557736127	24	24	0	2	1	10	4	1	5000	2500	1	0.99	14	10000	101673	0.8192	1	2.37041091237459	-2.66761916391365	2.45110088936989	7.11956467054398	9.78718383445763	2.80061087939349	1.72995864274343	2.79756909547838	3.88455418919235	2.15459554644892	0.813038674033149	4.29106841534855	-5.71166648176752	4.17241281997054	14.0345363152023	19.7462027969698	0.095	1	6.28277250172517	4.09414319891451	6.32562156407701	8.24145486232122	4.14731166340671	0	NA	NA	NA	NA	NA	NA	1	-0.142806017602945	0.0203935586636125	1	0.287393949415958	0.082595282160902	1	-0.68520245173081	0.469502399857914	1	1.30650163464581	1.70694652133218	1.00134227678029	4375.72811821381	0	1.00186274560689	11668.6429172288	0	NA	NA	NA	NA	NA	NA	NA	NA
642	7	7	benefit_positive_truncnorm	benefit_positive_truncnorm	continuous	1	waning	benefit	1	1	NA	1.52631275293191	2.83089532236057	1000	360	600	1000	1000	360	732	0.64	0.268	7.10155286438232	24	24	0	2	1	10	4	1	5000	2500	1	0.99	14	10000	101641	0.6463	0.9397	0.937793831514742	-3.8475332755509	0.971847891001885	5.64986006189835	9.49739333744926	0.826011062658529	-0.215230211233426	0.82379947640475	1.87574398003574	2.09097419126917	0.64676724137931	1.93249156744837	-8.99386334368854	1.80601061855401	12.5555382440378	21.5494015877264	0.072	0.9817	2.16677761770496	0.124348147731332	2.16915809513461	4.09169337835014	3.96734523061881	0	NA	NA	NA	NA	NA	NA	1	-0.588518921417166	0.346354520866025	1	-0.700301690273378	0.490422457399751	1	-0.898403754912203	0.807129306840346	1	-0.664117704655612	0.441052325637039	1.00138877510211	4521.44655872229	0	1.00209393570163	13135.4042805519	0	NA	NA	NA	NA	NA	NA	NA	NA
623	7	7	benefit_positive_truncnorm	benefit_positive_truncnorm	continuous	1	waning	benefit	1	1	NA	1.61166031253128	3.01403452714107	1000	360	600	1000	1000	360	712	0.64	0.288	7.19210425074961	24	24	0	2	1	10	4	1	5000	2500	1	0.99	14	10000	101622	0.6045	0.9933	0.651564940703536	-4.14669313294221	0.648438137884201	5.433647829891	9.58034096283321	1.3552787241816	0.293781019706468	1.356233930487	2.41507340569945	2.12129238599299	0.557340186315451	0.804660919102669	-10.1208088248411	0.713131897911898	11.5697812330324	21.6905900578735	0.0661	0.9743	2.32323871623538	-0.0143039832319265	2.37642442289037	4.4976181572339	4.51192214046583	0	NA	NA	NA	NA	NA	NA	1	-0.960095371827742	0.921783123005051	1	-0.256381588349677	0.0657315188447031	1	-2.2093736080384	4.88133173989663	1	-0.690795810905692	0.477198852364853	1.00122794279917	4495.7004748309	0	1.00163496977439	10979.2822692577	0	NA	NA	NA	NA	NA	NA	NA	NA
644	7	7	benefit_positive_truncnorm	benefit_positive_truncnorm	continuous	1	waning	benefit	1	1	NA	1.91184443149471	3.68956274509038	1000	360	600	1000	1000	360	745	0.64	0.255	6.16934985438651	24	24	0	2	1	10	4	1	5000	2500	1	0.99	14	10000	101643	0.7646	0.9993	1.94296272488155	-3.32768785937441	2.00021856548076	6.92617230793264	10.2538601673071	1.73756713464197	0.662189042124457	1.73940914433174	2.78358312535099	2.12139408322653	0.763583753081127	3.58359904487691	-7.03214691136598	3.38635291037683	13.9442381044146	20.9763850157805	0.0669	0.9979	3.13321780113389	1.07867944169071	3.13252370330062	5.1348374883926	4.05615804670189	0	NA	NA	NA	NA	NA	NA	1	0.0311182933868486	0.000968348183309984	1	-0.174277296852737	0.0303725761982971	1	-0.105963700213465	0.0112283057629292	1	-0.556344943956482	0.309519696665942	1.00197775624538	4626.46623306369	0	1.00193954177027	11926.8138794085	0	NA	NA	NA	NA	NA	NA	NA	NA
577	7	7	benefit_positive_truncnorm	benefit_positive_truncnorm	continuous	1	waning	benefit	1	1	NA	1.9652048410653	3.48308488166379	1000	360	600	1000	1000	360	722	0.64	0.278	7.44620241070979	24	24	0	2	1	10	4	1	5000	2500	1	0.99	14	10000	101576	0.7468	0.9985	1.66729933152948	-3.40258055118863	1.69182822014761	6.5178317272687	9.92041227845734	1.69341640437079	0.659844995396994	1.69160040349965	2.74037264676128	2.08052765136428	0.65874419632987	2.11936964929271	-8.63483196256948	2.02679008580429	12.3237102852139	20.9585422477833	0.0954	0.9919	2.77469547940437	0.445986920251724	2.81124316527673	4.85733022676225	4.41134330651052	0	NA	NA	NA	NA	NA	NA	1	-0.297905509535825	0.0887476926117996	1	-0.271788436694512	0.0738689543208468	1	-1.36371523237108	1.85971923500091	1	-0.708389402259413	0.501815545233449	1.00131908757074	4577.40003935022	0	1.00169746147399	10969.6296462335	0	NA	NA	NA	NA	NA	NA	NA	NA
588	7	7	benefit_positive_truncnorm	benefit_positive_truncnorm	continuous	1	waning	benefit	1	1	NA	2.0797573079326	3.60190802603936	1000	360	600	1000	1000	360	714	0.64	0.286	7.22098216856106	24	24	0	2	1	10	4	1	5000	2500	1	0.99	14	10000	101587	0.6887	0.9995	1.20058988177511	-3.7447037529712	1.20666167603108	5.96269685451189	9.70740060748309	1.80625892528995	0.740131011025007	1.80323485128787	2.86100522828293	2.12087421725793	0.630053394355454	1.64064405732387	-8.96711290983099	1.56532065204891	11.827531441247	20.794644351078	0.0823	0.9919	3.17488705699417	0.554447101048639	3.23308923335319	5.54802878987795	4.99358168882931	0	NA	NA	NA	NA	NA	NA	1	-0.879167426157489	0.772935363216384	1	-0.273498382642654	0.0748013653081477	1	-1.96126396871549	3.84655635498163	1	-0.427020969045192	0.182346908004295	1.00196460406313	4385.52387147389	0	1.00132647919395	13779.3273372806	0	NA	NA	NA	NA	NA	NA	NA	NA
536	7	7	benefit_positive_truncnorm	benefit_positive_truncnorm	continuous	1	waning	benefit	1	1	NA	1.98763008491185	3.84265044677123	1000	360	600	1000	1000	360	709	0.64	0.291	7.53007071315212	24	24	0	2	1	10	4	1	5000	2500	1	0.99	14	10000	101535	0.6161	0.9819	0.738954540738612	-4.20762391575607	0.754196483162662	5.66048778717328	9.86811170292934	1.13498344569058	0.0732985946932981	1.13909256083266	2.17749846153155	2.10419986683825	0.551861261460289	0.802508501045406	-9.96903801064026	0.712804789802382	11.3874809400093	21.3565189506495	0.0947	0.9686	2.41780271021334	-0.124874828227126	2.50348361753139	4.56596256881961	4.69083739704673	0	NA	NA	NA	NA	NA	NA	1	-1.24867554417324	1.55919061461634	1	-0.852646639221274	0.727006291375333	1	-3.04014194572582	9.24246305016159	1	-1.42484773655789	2.03019107237413	1.00135901673858	4474.79894014848	0	1.00190676574612	12706.0747467789	0	NA	NA	NA	NA	NA	NA	NA	NA
533	7	7	benefit_positive_truncnorm	benefit_positive_truncnorm	continuous	1	waning	benefit	1	1	NA	2.36005400197071	4.72739626542405	1000	360	600	1000	1000	360	721	0.64	0.279	6.97340265231227	24	24	0	2	1	10	4	1	5000	2500	1	0.99	14	10000	101532	0.7269	1	1.68054458483645	-3.73514864044773	1.72376173811037	6.93227310313296	10.6674217435807	2.73905386429624	1.67161648792894	2.73816262485716	3.79693778841239	2.12532130048344	0.646180860403863	2.00989110873886	-9.01095815755325	1.97603645379752	12.8708540141513	21.8818121717045	0.0888	1	5.90296517679404	3.38273434446138	5.8602996569364	8.5830298030956	5.20029545863421	0	NA	NA	NA	NA	NA	NA	1	-0.679509417134259	0.46173304797414	1	0.378999862325539	0.143640895642777	1	-2.71750515668519	7.38483427661058	1	1.17556891136999	1.38196226537963	1.00171472481042	4371.9532665738	0	1.00179174023249	14249.0461360433	0	NA	NA	NA	NA	NA	NA	NA	NA
561	7	7	benefit_positive_truncnorm	benefit_positive_truncnorm	continuous	1	waning	benefit	1	1	NA	1.44379488584227	2.70964111027706	1000	360	600	1000	1000	360	723	0.64	0.277	6.76811757442451	24	24	0	2	1	10	4	1	5000	2500	1	0.99	14	10000	101560	0.6793	0.9997	1.22235829418383	-4.12420735087454	1.27478392914812	6.30443091517919	10.4286382660537	1.83099391000303	0.794279331369484	1.82459223386496	2.87694194936019	2.08266261799071	0.622017353579176	1.66720352617541	-9.60630053943439	1.57530475884086	12.558781378395	22.1650819178294	0.078	0.9995	3.7708995345217	1.46864693716863	3.79750064696005	5.95234434994902	4.48369741278039	0	NA	NA	NA	NA	NA	NA	1	-0.221436591658443	0.0490341641253079	1	0.38719902416076	0.149923084311045	1	-1.04243758410166	1.0866761167477	1	1.06125842424463	1.1262694430302	1.00138794671925	4569.43432237043	0	1.0018814948349	13064.09742821	0	NA	NA	NA	NA	NA	NA	NA	NA
651	7	7	benefit_positive_truncnorm	benefit_positive_truncnorm	continuous	1	waning	benefit	1	1	NA	1.87683492786281	3.86630903154876	1000	360	600	1000	1000	360	739	0.64	0.261	7.07854646158778	24	24	0	2	1	10	4	1	5000	2500	1	0.99	14	10000	101650	0.6577	0.9807	0.969205415683337	-3.87408083823882	0.990785922129771	5.66633882640326	9.54041966464208	1.11394219657413	0.0587013538981364	1.11838794691938	2.15868084199466	2.09997948809652	0.608185279187817	1.321863182092	-9.32319060346869	1.25053783300793	11.771488019896	21.0946786233647	0.0544	0.9711	2.13274534209757	-0.0735258353481235	2.12971131314187	4.31737601499102	4.39090185033914	0	NA	NA	NA	NA	NA	NA	1	-0.907629512179474	0.823791331379151	1	-0.76289273128868	0.582005319453102	1	-2.54444584945676	6.47420468081773	1	-1.73356368945119	3.00524306538362	1.00188418582668	4666.51061029423	0	1.00189215143669	13194.925290265	0	NA	NA	NA	NA	NA	NA	NA	NA
534	7	7	benefit_positive_truncnorm	benefit_positive_truncnorm	continuous	1	waning	benefit	1	1	NA	1.56366616988042	2.56881329403179	1000	360	600	1000	1000	360	709	0.64	0.291	6.27787681095081	24	24	0	2	1	10	4	1	5000	2500	1	0.99	14	10000	101533	0.7222	1	1.56481180970081	-3.60171734492035	1.6087354425347	6.39315930167001	9.99487664659036	2.37624233506436	1.31171715763789	2.37717141653353	3.45399012021107	2.14227296257318	0.678885475156267	2.41449466737804	-7.98568169408585	2.2003031367859	12.9129838957888	20.8986655898746	0.0561	0.9996	3.76710324629101	1.52866424025434	3.79203299143468	5.93487244955904	4.4062082093047	0	NA	NA	NA	NA	NA	NA	1	0.00114563982039217	1.31249059806821e-06	1	0.81257616518394	0.660280024225038	1	-0.154318626653754	0.0238142385323006	1	1.19828995225922	1.4358988096854	1.00136216649227	4409.36194498771	0	1.00203963271672	11081.4237153745	0	NA	NA	NA	NA	NA	NA	NA	NA
636	7	7	benefit_positive_truncnorm	benefit_positive_truncnorm	continuous	1	waning	benefit	1	1	NA	2.19955321217626	4.12906345232012	1000	360	600	1000	1000	360	708	0.64	0.292	7.87309317009163	24	24	0	2	1	10	4	1	5000	2500	1	0.99	14	10000	101635	0.7705	1	1.91463299416262	-3.20793361246036	1.98085880354151	6.88121341205378	10.0891470245141	2.17278392675748	1.09941453650863	2.17644145876238	3.24223012485274	2.14281558834411	0.648106654716558	1.969886537532	-9.04068850421427	1.92953919458779	12.1461096317743	21.1867981359886	0.1074	0.9943	3.63796446439003	0.870115351574514	3.67702587303379	6.27498012265687	5.40486477108236	0	NA	NA	NA	NA	NA	NA	1	-0.284920218013644	0.0811795306329422	1	-0.0267692854187835	0.000716594641832297	1	-2.15917691478812	4.66204494935395	1	-0.491098987930095	0.241178215945963	1.00190390929586	4491.57726438271	0	1.00147953998218	13498.5003711595	0	NA	NA	NA	NA	NA	NA	NA	NA
618	7	7	benefit_positive_truncnorm	benefit_positive_truncnorm	continuous	1	waning	benefit	1	1	NA	1.92637702532644	3.86083225777113	1000	360	600	1000	1000	360	722	0.64	0.278	7.2182936016107	24	24	0	2	1	10	4	1	5000	2500	1	0.99	14	10000	101617	0.7845	1	2.01560281015248	-3.03130195389314	2.09444755087695	6.77263909600773	9.80394104990087	2.22638053748136	1.17359850103049	2.22754528043984	3.27874993568922	2.10515143465873	0.717996492766331	2.78008714225761	-7.56487118959321	2.63573573337319	12.6066778460983	20.1715490356915	0.0876	0.9998	4.00744114380437	1.62944447198751	4.08533368329528	6.1244569757784	4.49501250379088	0	NA	NA	NA	NA	NA	NA	1	0.0892257848260396	0.00796124067782272	1	0.300003512154918	0.0900021073052859	1	-1.08074511551353	1.16801000470635	1	0.146608886033233	0.0214941654639055	1.00143280692798	4662.81790078355	0	1.00152920357975	12554.3367379844	0	NA	NA	NA	NA	NA	NA	NA	NA
563	7	7	benefit_positive_truncnorm	benefit_positive_truncnorm	continuous	1	waning	benefit	1	1	NA	1.47283748032192	2.99895152244898	1000	360	600	1000	1000	360	715	0.64	0.285	7.64446663851045	24	24	0	2	1	10	4	1	5000	2500	1	0.99	14	10000	101562	0.5375	0.7695	0.286554115240045	-4.72111858872579	0.260204278694181	5.2965575301286	10.0176761188544	0.400218173616162	-0.680827862303048	0.397987626937298	1.46868195242404	2.14950981472708	0.530879120879121	0.386370460178596	-10.6614881231171	0.351202052759284	11.1774217163826	21.8389098394997	0.09	0.7565	0.77720402585626	-1.30929534590091	0.768703628655802	2.8253615106699	4.13465685657081	0	NA	NA	NA	NA	NA	NA	1	-1.18628336508187	1.40726822226997	0	-1.07261930670576	1.15051217711794	1	-2.61258106227038	6.82557980693385	0	-2.22174749659272	4.93616193861602	1.00130606757131	4569.55869770346	0	1.00146381064044	11715.3959216636	0	NA	NA	NA	NA	NA	NA	NA	NA
575	7	7	benefit_positive_truncnorm	benefit_positive_truncnorm	continuous	1	waning	benefit	1	1	NA	1.94105547267609	3.92638523541405	1000	360	600	1000	1000	360	726	0.64	0.274	6.93973041820567	24	24	0	2	1	10	4	1	5000	2500	1	0.99	14	10000	101574	0.7028	0.9991	1.46133380895566	-4.04616739747241	1.52782785423251	6.78112476379394	10.8272921612664	1.72413001277661	0.643942571416441	1.73227347652888	2.77681447261395	2.13287190119751	0.615790631185397	1.60177264758981	-9.76391502858282	1.60365928158831	12.6110903393486	22.3750053679315	0.0906	0.9971	3.17601276036218	0.889260014926182	3.16634200991128	5.52003359301016	4.63077357808398	0	NA	NA	NA	NA	NA	NA	1	-0.479721663720434	0.230132874642701	1	-0.216925459899487	0.0470566551526038	1	-2.32461258782424	5.40382368347092	1	-0.750372475051865	0.563058851315461	1.00158195520768	4165.89315431297	0	1.00219929993018	12223.2142637175	0	NA	NA	NA	NA	NA	NA	NA	NA
637	7	7	benefit_positive_truncnorm	benefit_positive_truncnorm	continuous	1	waning	benefit	1	1	NA	1.97710166062584	3.8540715922321	1000	360	600	1000	1000	360	723	0.64	0.277	6.95212070746998	24	24	0	2	1	10	4	1	5000	2500	1	0.99	14	10000	101636	0.7482	1	1.88113005904953	-3.61518200575501	1.95451312513062	7.1801551106531	10.7953371164081	2.39626630201906	1.33559694843108	2.39220624667589	3.47356850379295	2.13797155536186	0.675628029969149	2.52763284701268	-8.84879606338502	2.42295751871876	13.2935332223171	22.1423292857021	0.0924	0.9999	4.45895658568654	2.10602246747381	4.46156873895782	6.86059391363965	4.75457144616585	0	NA	NA	NA	NA	NA	NA	1	-0.0959716015763077	0.00921054830912154	1	0.41916464139322	0.175698996594307	1	-1.32643874521942	1.75943974481926	1	0.604884993454442	0.36588585530638	1.00148767848793	4144.34733435665	0	1.00130869969497	12141.1850063265	0	NA	NA	NA	NA	NA	NA	NA	NA
587	7	7	benefit_positive_truncnorm	benefit_positive_truncnorm	continuous	1	waning	benefit	1	1	NA	2.160733251	3.8208114265178	1000	360	600	1000	1000	360	692	0.64	0.308	7.74961871751178	24	24	0	2	1	10	4	1	5000	2500	1	0.99	14	10000	101586	0.7642	1	1.86175208540691	-3.31648456662385	1.86821886646894	6.82319636462457	10.1396809312484	2.31564030839114	1.24769909997654	2.3230897637197	3.35572833891518	2.10802923893864	0.651744642656793	2.02779753004692	-8.62411790256217	1.86260472580986	12.4395180175199	21.063635920082	0.1087	1	4.21408210097119	2.17616216146006	4.16141380413234	6.771231826623	4.59506966516294	0	NA	NA	NA	NA	NA	NA	1	-0.298981165593094	0.0893897373794049	1	0.15490705739114	0.0239961964295818	1	-1.79301389647088	3.2148988329377	1	0.393270674453384	0.15466182338502	1.00159093676014	4390.66080501862	0	1.00225666542523	11929.3783700198	0	NA	NA	NA	NA	NA	NA	NA	NA
557	7	7	benefit_positive_truncnorm	benefit_positive_truncnorm	continuous	1	waning	benefit	1	1	NA	2.72665518343057	5.76378960454611	1000	360	600	1000	1000	360	688	0.64	0.312	7.71345948303537	24	24	0	2	1	10	4	1	5000	2500	1	0.99	14	10000	101556	0.7759	1	1.98732482876539	-3.20808213580257	2.07063899404425	6.94514514073856	10.1532272765411	2.88339735539466	1.80476703925099	2.88351194196656	3.94647174564639	2.1417047063954	0.657847533632287	2.20135759245091	-8.56721395236455	2.05805841303188	12.4048694094633	20.9720833618279	0.108	1	5.68071827295641	2.75424228318746	5.55560293026163	9.01424021772373	6.25999793453627	0	NA	NA	NA	NA	NA	NA	1	-0.739330354665187	0.546609373329351	1	0.156742171964092	0.0245681084720209	1	-3.5624320120952	12.6909218408007	1	-0.0830713315896991	0.00690084613208575	1.00197546503939	4297.87456338021	0	1.00263413625405	14748.1033609019	0	NA	NA	NA	NA	NA	NA	NA	NA
580	7	7	benefit_positive_truncnorm	benefit_positive_truncnorm	continuous	1	waning	benefit	1	1	NA	2.08125174072788	4.35342059934309	1000	360	600	1000	1000	360	711	0.64	0.289	7.12891786798897	24	24	0	2	1	10	4	1	5000	2500	1	0.99	14	10000	101579	0.6928	1	1.26778448982227	-3.65831048154935	1.30442765178457	6.04377446166141	9.70208494321076	2.42893302643841	1.35464351786194	2.42978986281709	3.49634834748587	2.14170482962393	0.644155844155844	1.82174609321252	-8.69922026757727	1.66157215016226	12.2858887717149	20.9851090392922	0.076	1	5.30733790055449	2.78546261483725	5.17692140179781	8.2483340192689	5.46287140443166	0	NA	NA	NA	NA	NA	NA	1	-0.813467250905608	0.661728968295927	1	0.347681285710532	0.120882276433328	1	-2.53167450613057	6.40937580499145	1	0.953917301211405	0.90995821755045	1.00132276530121	4451.75213236583	0	1.00167435319865	13000.0717799102	0	NA	NA	NA	NA	NA	NA	NA	NA
652	7	7	benefit_positive_truncnorm	benefit_positive_truncnorm	continuous	1	waning	benefit	1	1	NA	2.31058780341696	4.20877488405413	1000	360	600	1000	1000	360	691	0.64	0.309	7.25499423150334	24	24	0	2	1	10	4	1	5000	2500	1	0.99	14	10000	101651	0.8299	1	2.44402429711424	-2.59786701640132	2.50690404406254	7.18916912172633	9.78703613812765	2.88154780381755	1.80292741174321	2.88050005085289	3.96248060505247	2.15955319330926	0.799092820002213	3.99742398202838	-6.27190550738867	3.80590988431395	13.7663757722667	20.0382812796554	0.0961	1	6.00827478760252	3.78284140994142	5.9456516103002	8.55741564828339	4.77457423834196	0	NA	NA	NA	NA	NA	NA	1	0.133436493697277	0.0178052978502234	1	0.570960000400592	0.325995322057444	1	-0.21135090202575	0.0446692037870984	1	1.79949990354839	3.23819990287068	1.00145253728223	4536.64947071023	0	1.00184197064962	9138.28670808767	0	NA	NA	NA	NA	NA	NA	NA	NA
535	7	7	benefit_positive_truncnorm	benefit_positive_truncnorm	continuous	1	waning	benefit	1	1	NA	1.98805233693178	3.94618924168721	1000	360	600	1000	1000	360	711	0.64	0.289	6.86466129537792	24	24	0	2	1	10	4	1	5000	2500	1	0.99	14	10000	101534	0.7098	0.9999	1.53157039102092	-3.91974761657068	1.60702629141025	6.65947960385648	10.5792272204272	2.19353043597367	1.12604125716599	2.19139551225774	3.27007974274034	2.14403848557434	0.631997386190372	1.8704257348411	-9.725102530418	1.83585045342619	12.7795548907794	22.5046574211974	0.0818	0.9964	4.18156392558296	0.97215685197824	4.19582705367302	7.36618098582695	6.39402413384871	0	NA	NA	NA	NA	NA	NA	1	-0.45648194591086	0.208375766942565	1	0.205478099041891	0.0422212491858691	1	-2.07576350684612	4.3087941363541	1	0.235374683895745	0.0554012418190217	1.00213021773638	4160.10601837752	0	1.0013856401785	13232.9920209986	0	NA	NA	NA	NA	NA	NA	NA	NA
582	7	7	benefit_positive_truncnorm	benefit_positive_truncnorm	continuous	1	waning	benefit	1	1	NA	1.45515802490896	2.3863333463912	1000	360	600	1000	1000	360	727	0.64	0.273	6.54345003923039	24	24	0	2	1	10	4	1	5000	2500	1	0.99	14	10000	101581	0.6666	0.9409	1.14614429906578	-3.97328209265592	1.15164275860655	6.29420155832214	10.2674836509781	0.847113441630901	-0.206421672078295	0.846569294775136	1.90745573138497	2.11387740346326	0.598567457772076	1.37569167588814	-9.68924731337243	1.1923584429406	12.2437451921628	21.9329925055352	0.0646	0.8491	1.08155036229999	-1.06116770316094	1.09385608958615	3.19391519627495	4.25508289943588	0	NA	NA	NA	NA	NA	NA	1	-0.309013725843183	0.0954894827594859	1	-0.608044583278062	0.369718215253792	1	-1.01064167050306	1.02139658615721	1	-1.30478298409121	1.70245863557397	1.001913967922	4318.96140256328	0	1.00187706489812	11805.4599741609	0	NA	NA	NA	NA	NA	NA	NA	NA
612	7	7	benefit_positive_truncnorm	benefit_positive_truncnorm	continuous	1	waning	benefit	1	1	NA	1.15043734180013	1.92171655221065	1000	360	600	1000	1000	360	728	0.64	0.272	6.35708078623502	24	24	0	2	1	10	4	1	5000	2500	1	0.99	14	10000	101611	0.6164	0.5539	0.780782313121442	-4.42606668915291	0.815322675472301	5.84666817833563	10.2727348674885	0.067807915408105	-1.0019891140813	0.0716076943114743	1.13728892582619	2.13927803990749	0.580580262600593	1.15849354904528	-9.96158795043348	1.07024877247766	12.0932277428415	22.054815693275	0.0556	0.4805	-0.105743854382072	-2.24191438758852	-0.0510356338736848	1.77531273233349	4.01722711992201	0	NA	NA	NA	NA	NA	NA	1	-0.36965502867869	0.136644840227443	0	-1.08262942639203	1.17208647488993	1	-0.763223003165369	0.582509352560765	0	-2.02746040659272	4.11059570030111	1.00139077137777	4591.07309012198	0	1.00166467742059	10794.4852632966	0	NA	NA	NA	NA	NA	NA	NA	NA
569	7	7	benefit_positive_truncnorm	benefit_positive_truncnorm	continuous	1	waning	benefit	1	1	NA	1.92130383931732	4.02438958350022	1000	360	600	1000	1000	360	718	0.64	0.282	6.71843573747186	24	24	0	2	1	10	4	1	5000	2500	1	0.99	14	10000	101568	0.6301	0.9957	0.867914207359746	-4.49170315522575	0.89977174419596	6.10866978237538	10.6003729376011	1.43604435309731	0.337015562413573	1.43503587813675	2.52134199472562	2.18432643231205	0.576069301570114	1.0320106083139	-10.600756273224	1.01924947670318	12.4376572263584	23.0384134995825	0.0765	0.9927	2.9718781277927	0.614191770858778	2.94988841857305	5.51695994809931	4.90276817724053	0	NA	NA	NA	NA	NA	NA	1	-1.05338963195758	1.10962971671572	1	-0.485259486220016	0.235476768966514	1	-2.99237897518632	8.95433193113712	1	-1.05251145570752	1.10778036439556	1.00106278560261	4375.85158118516	0	1.00147098973093	13307.7189138843	0	NA	NA	NA	NA	NA	NA	NA	NA
597	7	7	benefit_positive_truncnorm	benefit_positive_truncnorm	continuous	1	waning	benefit	1	1	NA	2.09877762499946	3.98777790280315	1000	360	600	1000	1000	360	728	0.64	0.272	7.69388783025638	24	24	0	2	1	10	4	1	5000	2500	1	0.99	14	10000	101596	0.6552	0.9813	1.01157312708902	-4.0350053201342	1.04363300529925	5.92958375910307	9.96458907923727	1.17660260649612	0.0856131031063559	1.18628329231927	2.22598959645569	2.14037649334933	0.569764886838058	0.942929204944708	-9.98465308743162	0.910861906969983	11.7923839529882	21.7770370404199	0.0898	0.9612	2.05276367702441	-0.263205985496302	2.06975549249557	4.16501245064891	4.42821843614522	0	NA	NA	NA	NA	NA	NA	1	-1.08720449791044	1.18201362027669	1	-0.922175018503338	0.850406764751632	1	-3.04484869785844	9.27110359285022	1	-1.93501422577874	3.74428005396608	1.00158168578559	4605.05923198696	0	1.00154349062237	9918.02307262854	0	NA	NA	NA	NA	NA	NA	NA	NA
613	7	7	benefit_positive_truncnorm	benefit_positive_truncnorm	continuous	1	waning	benefit	1	1	NA	2.31984920691331	4.47115131538802	1000	360	600	1000	1000	360	715	0.64	0.285	8.01132899870657	24	24	0	2	1	10	4	1	5000	2500	1	0.99	14	10000	101612	0.8028	1	2.13385266974475	-2.62235829139026	2.16939101664717	6.8669219779217	9.48928026931196	1.94480646815579	0.876915747481923	1.95196959297807	2.98090909138373	2.10399334390181	0.790260572404955	3.28497760627416	-6.79492792568853	2.81971921371804	13.2688112917659	20.0637392174545	0.0636	0.9999	4.35727031018423	1.89010298284118	4.41330112477197	6.5812447504709	4.69114176762972	0	NA	NA	NA	NA	NA	NA	1	-0.185996537168558	0.0345947118386949	1	-0.375042738757521	0.140657055894742	1	-1.18617370911386	1.40700806819294	1	-0.113881005203795	0.0129688833462267	1.0011340136709	4461.69302026887	0	1.00224429893108	9875.87559042866	0	NA	NA	NA	NA	NA	NA	NA	NA
602	7	7	benefit_positive_truncnorm	benefit_positive_truncnorm	continuous	1	waning	benefit	1	1	NA	1.70390353880036	3.04182894195653	1000	360	600	1000	1000	360	717	0.64	0.283	7.14517142056215	24	24	0	2	1	10	4	1	5000	2500	1	0.99	14	10000	101601	0.5714	0.9609	0.463780280095282	-4.55106296885092	0.483630786472381	5.34964165220879	9.90070462105971	0.950180063306307	-0.127875184227964	0.955235253269488	2.00233560685698	2.13021079108494	0.538904585959574	0.463500166146031	-10.265042708414	0.450794648629475	10.9381000576688	21.2031427660827	0.0798	0.9121	1.69178651120191	-0.831482159114705	1.73090552511794	4.06636984678779	4.8978520059025	0	NA	NA	NA	NA	NA	NA	1	-1.24012325870507	1.53790569678129	1	-0.753723475494048	0.568099077510827	1	-2.5783287758105	6.64777927617245	1	-1.35004243075461	1.82261456483783	1.00129988509068	4827.23910009278	0	1.00137284640538	12858.815027141	0	NA	NA	NA	NA	NA	NA	NA	NA
628	7	7	benefit_positive_truncnorm	benefit_positive_truncnorm	continuous	1	waning	benefit	1	1	NA	1.68684561659228	3.27120233020997	1000	360	600	1000	1000	360	698	0.64	0.302	6.57337320818438	24	24	0	2	1	10	4	1	5000	2500	1	0.99	14	10000	101627	0.602	0.9846	0.682263053389697	-4.47773724442791	0.696496043329398	5.83613460940494	10.3138718538328	1.26552482471793	0.139391249863471	1.26673776714666	2.35185360487117	2.2124623550077	0.563122389977514	0.917127593175176	-10.1181248625144	0.760029894138365	11.9300384376977	22.0481633002121	0.0661	0.9739	2.45133618124931	-0.01510714259503	2.45659484444615	5.06579244723171	5.08089958982674	0	NA	NA	NA	NA	NA	NA	1	-1.00458256320258	1.00918612629067	1	-0.42132079187435	0.17751120966563	1	-2.35407473703479	5.54166786754544	1	-0.819866148960659	0.672180502211582	1.00180697651365	4325.73534017539	0	1.00220964920888	11705.7526042941	0	NA	NA	NA	NA	NA	NA	NA	NA
617	7	7	benefit_positive_truncnorm	benefit_positive_truncnorm	continuous	1	waning	benefit	1	1	NA	1.28291434485036	2.44509227433191	1000	360	600	1000	1000	360	715	0.64	0.285	6.76846839261125	24	24	0	2	1	10	4	1	5000	2500	1	0.99	14	10000	101616	0.6282	0.9982	0.836196020028075	-4.470279464885	0.87182407154555	5.9220548770732	10.3923343419582	1.581684609577	0.511222434568473	1.58427862318561	2.62892262587509	2.11770019130661	0.589503179221899	1.15367337717428	-10.3913744320912	1.07931084634919	12.0863596151592	22.4777340472504	0.0721	0.985	3.02201786988039	0.307623754310711	2.99670317053384	5.78479891013149	5.47717515582078	0	NA	NA	NA	NA	NA	NA	1	-0.446718324822282	0.199557261732026	1	0.298770264726638	0.0892636710848253	1	-1.29141889715763	1.66776276793583	1	0.576925595548484	0.332843142798973	1.00086538803527	4511.93644458622	0	1.00145250891341	12042.4828395339	0	NA	NA	NA	NA	NA	NA	NA	NA
627	7	7	benefit_positive_truncnorm	benefit_positive_truncnorm	continuous	1	waning	benefit	1	1	NA	1.40715763581456	2.69971923724433	1000	360	600	1000	1000	360	727	0.64	0.273	7.0016199865449	24	24	0	2	1	10	4	1	5000	2500	1	0.99	14	10000	101626	0.8657	0.9996	3.15983238154706	-2.44143081404648	3.24283064336214	8.28021209937862	10.7216429134251	1.9428605228634	0.862825930492573	1.94112115497107	2.989890663452	2.12706473295943	0.896313114931344	5.25095039445734	-4.6481308360088	4.91051842236389	14.9287025977681	19.5768334337769	0.0751	0.9995	4.18369029317022	1.82968307276654	4.28748038799634	5.95337865608503	4.12369558331848	0	NA	NA	NA	NA	NA	NA	1	1.7526747457325	3.07186876432848	1	0.535702887048839	0.286977583192461	1	2.55123115721301	6.50878041753443	1	1.48397105592588	2.20217009482579	1.00109515338655	4311.43416656252	0	1.00161168148836	11199.9003638625	0	NA	NA	NA	NA	NA	NA	NA	NA
619	7	7	benefit_positive_truncnorm	benefit_positive_truncnorm	continuous	1	waning	benefit	1	1	NA	1.67712130059075	2.93207690323253	1000	360	600	1000	1000	360	717	0.64	0.283	7.2508343617375	24	24	0	2	1	10	4	1	5000	2500	1	0.99	14	10000	101618	0.7894	1	1.99242004250194	-2.91745664210809	2.0667355096229	6.51826048155906	9.43571712366715	2.10744779872092	1.06147774372457	2.11393746037217	3.14945058014104	2.08797283641646	0.823254296280183	4.19417357484822	-5.7872602616062	3.98055766892249	13.8755522691333	19.6628125307395	0.0806	0.9999	4.58462341204539	2.45388771106185	4.58151437626597	6.74177728234788	4.28788957128603	0	NA	NA	NA	NA	NA	NA	1	0.315298741911192	0.0994132966507805	1	0.430326498130167	0.185180894992973	1	1.26209667161569	1.59288800850341	1	1.65254650881286	2.73090996378957	1.00199028253513	4590.76730988927	0	1.00187333095622	11491.9664938395	0	NA	NA	NA	NA	NA	NA	NA	NA
596	7	7	benefit_positive_truncnorm	benefit_positive_truncnorm	continuous	1	waning	benefit	1	1	NA	1.63708217909854	3.09773725269645	1000	360	600	1000	1000	360	708	0.64	0.292	7.05379872041942	24	24	0	2	1	10	4	1	5000	2500	1	0.99	14	10000	101595	0.7188	0.9897	1.43643498824435	-3.59258190623767	1.49286326684584	6.16960681648677	9.76218872272444	1.27887307200596	0.191203318712457	1.27899355387777	2.3384172382591	2.14721391954665	0.716492602262837	2.80583578757888	-8.14637975808731	2.80636312140024	13.1182328046697	21.264612562757	0.0808	0.9496	1.88244279935387	-0.30695784938871	1.77667330663152	4.7043587998138	5.01131664920251	0	NA	NA	NA	NA	NA	NA	1	-0.200647190854191	0.0402592951976782	1	-0.358209107092572	0.128313764404058	1	-0.291901465117567	0.0852064653377821	1	-1.21529445334258	1.47694060832524	1.00123003853817	4726.17385362535	0	1.00137261965678	11451.0943112759	0	NA	NA	NA	NA	NA	NA	NA	NA
550	7	7	benefit_positive_truncnorm	benefit_positive_truncnorm	continuous	1	waning	benefit	1	1	NA	2.15659709014134	4.07912555580847	1000	360	600	1000	1000	360	696	0.64	0.304	7.49287927506307	24	24	0	2	1	10	4	1	5000	2500	1	0.99	14	10000	101549	0.7646	1	1.83805644840361	-3.21548794740324	1.89601406640233	6.61815139570455	9.83363934310779	2.43180246882131	1.37834967162575	2.42941238700609	3.469572265199	2.09122259357325	0.673327541268462	2.30664412985161	-8.29662097185984	2.17660659586625	12.6211167450505	20.9177377169104	0.0792	1	4.98455474064298	2.28186443733922	5.04027483034906	7.37738446892843	5.09552003158921	0	NA	NA	NA	NA	NA	NA	1	-0.318540641737731	0.101468140438685	1	0.27520537867997	0.0757380004543858	1	-1.77248142595685	3.14169040536204	1	0.905429184834516	0.819802008750097	1.00124077239415	4214.31952529767	0	1.00151368324124	10727.795870929	0	NA	NA	NA	NA	NA	NA	NA	NA
586	7	7	benefit_positive_truncnorm	benefit_positive_truncnorm	continuous	1	waning	benefit	1	1	NA	1.7776281470293	3.70697407768985	1000	360	600	1000	1000	360	691	0.64	0.309	7.37780259343416	24	24	0	2	1	10	4	1	5000	2500	1	0.99	14	10000	101585	0.675	0.9969	1.13407644939651	-3.77672735305492	1.16427859373841	6.02692535506723	9.80365270812215	1.51837438727869	0.429295570607798	1.52219768500175	2.58254502530683	2.15324945469903	0.614313897413415	1.54809270922733	-9.52430354227561	1.48715811977658	11.8649181657373	21.3892217080129	0.0876	0.9973	3.64773293335474	1.12429387787154	3.66986067071269	6.06675669115681	4.94246281328527	0	NA	NA	NA	NA	NA	NA	1	-0.643551697632783	0.414158787526037	1	-0.259253759750608	0.0672125119448259	1	-2.15888136846253	4.66076876309463	1	-0.0592411443351106	0.00350951318213341	1.00141896882828	4375.39011932669	0	1.00169218698977	11001.3624004768	0	NA	NA	NA	NA	NA	NA	NA	NA
601	7	7	benefit_positive_truncnorm	benefit_positive_truncnorm	continuous	1	waning	benefit	1	1	NA	1.56848432131417	3.0738318400411	1000	360	600	1000	1000	360	736	0.64	0.264	6.8762087112681	24	24	0	2	1	10	4	1	5000	2500	1	0.99	14	10000	101600	0.7257	0.9998	1.65163807814674	-3.85713177073245	1.66687630969186	6.88244561661841	10.7395773873509	2.0800042960715	1.03894933800243	2.08145207973578	3.14879939551212	2.10985005750969	0.654407728620046	2.13804440381443	-9.16507103077648	2.02738191176534	13.0668430822175	22.231914112994	0.0891	1	4.35271160512564	2.1658633491264	4.33492726117124	6.48530332141473	4.31943997228833	0	NA	NA	NA	NA	NA	NA	1	0.0831537568325642	0.00691454727536922	1	0.511519974757324	0.261652684575733	1	-0.935787436226668	0.875698125799681	1	1.27887976508454	1.63553345354268	1.0013519688472	4510.6919556114	0	1.00146405285895	9599.79561493246	0	NA	NA	NA	NA	NA	NA	NA	NA
595	7	7	benefit_positive_truncnorm	benefit_positive_truncnorm	continuous	1	waning	benefit	1	1	NA	2.0515989985833	4.2048345555344	1000	360	600	1000	1000	360	736	0.64	0.264	6.8484541221229	24	24	0	2	1	10	4	1	5000	2500	1	0.99	14	10000	101594	0.6747	1	1.21804288175881	-4.02829758797277	1.24283163261069	6.38401731328275	10.4123149012555	2.22981230958714	1.1806007074411	2.22644710412145	3.28599849284386	2.10539778540276	0.622842253826946	1.75880351893374	-9.55791370850981	1.653134906432	12.6577124995925	22.2156262081023	0.0789	1	5.13582322494075	3.064447114726	5.20476042918129	6.95746242536212	3.89301531063612	0	NA	NA	NA	NA	NA	NA	1	-0.833556116824485	0.694815799895515	1	0.17821331100384	0.0317599842189512	1	-2.44603103660065	5.98306783201367	1	0.930988669406349	0.866739902563004	1.00140862396131	4182.90203065399	0	1.00155571197446	13579.3577404935	0	NA	NA	NA	NA	NA	NA	NA	NA
592	7	7	benefit_positive_truncnorm	benefit_positive_truncnorm	continuous	1	waning	benefit	1	1	NA	2.08890169523313	4.14055688567595	1000	360	600	1000	1000	360	683	0.64	0.317	7.22565231221472	24	24	0	2	1	10	4	1	5000	2500	1	0.99	14	10000	101591	0.6773	0.9997	1.15414433035562	-3.82842852049087	1.19580247271496	5.99324322581993	9.8216717463108	1.76391403933899	0.665940974272791	1.76013539791247	2.86305665249521	2.19711567822242	0.603098407156884	1.3270057306339	-9.48573624804276	1.30117838508565	11.7147352874273	21.2004715354701	0.0834	0.9967	3.79763908325462	1.04821516404939	3.77825783258002	6.55581124952603	5.50759608547663	0	NA	NA	NA	NA	NA	NA	1	-0.934757364877516	0.873771331192757	1	-0.324987655894145	0.105616976483571	1	-2.81355115504205	7.91607010203843	1	-0.342917802421325	0.117592619217471	1.0019105213443	4887.84729545935	0	1.00150071410728	11520.3087210563	0	NA	NA	NA	NA	NA	NA	NA	NA
593	7	7	benefit_positive_truncnorm	benefit_positive_truncnorm	continuous	1	waning	benefit	1	1	NA	2.2735066950201	4.15440632133424	1000	360	600	1000	1000	360	695	0.64	0.305	8.3287132454304	24	24	0	2	1	10	4	1	5000	2500	1	0.99	14	10000	101592	0.8046	1	2.06836348884814	-2.87349672339296	2.11752618851323	6.69139993158006	9.56489665497302	2.67172889947994	1.63007853549218	2.66620909662894	3.71667720478241	2.08659866929023	0.670515605350406	2.22083342615968	-8.2624471384174	2.17468329932342	12.0587672753562	20.3212144137736	0.1253	1	5.49732359294868	2.87476127913423	5.47613857292516	8.07904024977386	5.20427897063963	0	NA	NA	NA	NA	NA	NA	1	-0.20514320617196	0.0420837350385113	1	0.398222204459843	0.158580924124857	1	-1.93357289517455	3.73870414095371	1	1.34291727161444	1.80342679840037	1.00188189505195	4601.74653497499	0	1.00199270607169	9635.63363853133	0	NA	NA	NA	NA	NA	NA	NA	NA
564	7	7	benefit_positive_truncnorm	benefit_positive_truncnorm	continuous	1	waning	benefit	1	1	NA	1.24858520546968	2.20607264578364	1000	360	600	1000	1000	360	704	0.64	0.296	7.55037103899548	24	24	0	2	1	10	4	1	5000	2500	1	0.99	14	10000	101563	0.6151	0.9748	0.701445786443185	-4.13307510233291	0.700106600339451	5.41555896553074	9.54863406786364	1.04648932058202	-0.00189378483613407	1.04441850440489	2.10936300445874	2.11125678929487	0.558329699084169	0.735873300374815	-9.96228143780542	0.721795151664359	11.2887303471857	21.2510117849912	0.0828	0.9576	2.01103181174639	-0.265783169937472	2.04117382277663	4.31064831303808	4.57643148297556	0	NA	NA	NA	NA	NA	NA	1	-0.547139419026494	0.29936154385265	1	-0.202095884887656	0.0408427466885245	1	-1.47019934540882	2.16148611524052	1	-0.19504083403725	0.0380409269419461	1.00116076981742	4351.76185873155	0	1.00160508653723	10937.7761097379	0	NA	NA	NA	NA	NA	NA	NA	NA
537	7	7	benefit_positive_truncnorm	benefit_positive_truncnorm	continuous	1	waning	benefit	1	1	NA	1.98549818191863	4.32651663235723	1000	360	600	1000	1000	360	715	0.64	0.285	7.8367354753378	24	24	0	2	1	10	4	1	5000	2500	1	0.99	14	10000	101536	0.7226	0.9998	1.51659705824114	-3.59472600157248	1.57773163529404	6.34683196815988	9.94155796973236	1.95065577701902	0.886902118329351	1.94593929300101	3.03525097238982	2.14834885406047	0.642438584629254	1.86770569795923	-8.98846067170415	1.80357661400494	12.1670645726605	21.1555252443647	0.1126	0.9999	4.75649563238106	2.85639363814679	4.7278782308232	6.65817535800742	3.80178171986062	0	NA	NA	NA	NA	NA	NA	1	-0.46890112367749	0.219868263786012	1	-0.0348424048996099	0.00121399317918836	1	-2.458810934398	6.04575121111519	1	0.429979000023831	0.184881940461494	1.00200715460036	3983.25803841956	0	1.00170324935984	13693.819032366	0	NA	NA	NA	NA	NA	NA	NA	NA
553	7	7	benefit_positive_truncnorm	benefit_positive_truncnorm	continuous	1	waning	benefit	1	1	NA	2.36443517274943	5.02165855306827	1000	360	600	1000	1000	360	692	0.64	0.308	8.0646572323858	24	24	0	2	1	10	4	1	5000	2500	1	0.99	14	10000	101552	0.7654	1	1.67646920401714	-3.05523743363898	1.77588243019828	6.0483818591903	9.10361929282928	2.58291367471419	1.52867274127266	2.58435172567531	3.6190425874545	2.09036984618185	0.751750621188163	3.2612043808151	-7.50222635046518	3.28166610114627	12.7431896821907	20.2454160326559	0.1146	1	6.36315166821027	3.95433256741435	6.40841591876683	8.51485233167279	4.56051976425843	0	NA	NA	NA	NA	NA	NA	1	-0.687965968732293	0.473297174133762	1	0.218478501964756	0.047732855820764	1	-1.76045417225317	3.0991988926036	1	1.341493115142	1.79960377797338	1.00168680089376	4564.12539778167	0	1.00166599355004	11285.1787808069	0	NA	NA	NA	NA	NA	NA	NA	NA
585	7	7	benefit_positive_truncnorm	benefit_positive_truncnorm	continuous	1	waning	benefit	1	1	NA	2.3325269887058	4.90197546305615	1000	360	600	1000	1000	360	721	0.64	0.279	6.87457530763079	24	24	0	2	1	10	4	1	5000	2500	1	0.99	14	10000	101584	0.7594	1	1.97231771225131	-3.45447968967706	2.02595412747237	7.29588541591609	10.7503651055931	2.62473068274816	1.54856022667874	2.61947653397509	3.72233941118554	2.1737791845068	0.659411571694192	2.27261475489477	-8.96911597684564	2.21176376782544	13.0049904581623	21.9741064350079	0.0857	1	4.74344053118358	2.43703641042896	4.73619775678193	7.31723032181652	4.88019391138756	0	NA	NA	NA	NA	NA	NA	1	-0.360209276454489	0.129750722843867	1	0.292203694042358	0.085382998812	1	-2.62936070816138	6.91353773362293	1	-0.158534931872572	0.0251333246238412	1.00155078998137	4489.14345881509	0	1.00201037646491	12622.2976813872	0	NA	NA	NA	NA	NA	NA	NA	NA
594	7	7	benefit_positive_truncnorm	benefit_positive_truncnorm	continuous	1	waning	benefit	1	1	NA	2.12386872708519	4.19679943787497	1000	360	600	1000	1000	360	688	0.64	0.312	7.20807717901996	24	24	0	2	1	10	4	1	5000	2500	1	0.99	14	10000	101593	0.77	1	1.84449386400358	-3.11714609265606	1.91961458381366	6.57170400507279	9.68885009772884	2.53555388051493	1.44532236544019	2.54058403807488	3.60108697061847	2.15576460517828	0.697355533790402	2.61455078247627	-7.78114717129175	2.4356735040714	12.7418690652761	20.5230162365678	0.0811	1	6.00878477195693	3.00142211148511	6.00743424522546	9.04384655114687	6.04242443966176	0	NA	NA	NA	NA	NA	NA	1	-0.279374863081607	0.0780503141218667	1	0.411685153429738	0.169484665554467	1	-1.5822486553987	2.50351080751098	1	1.81198533408197	3.28329085092814	1.00119613458828	4495.34359018804	0	1.00278003795886	14139.4608090479	0	NA	NA	NA	NA	NA	NA	NA	NA
603	7	7	benefit_positive_truncnorm	benefit_positive_truncnorm	continuous	1	waning	benefit	1	1	NA	1.73176097271527	3.36011886155148	1000	360	600	1000	1000	360	708	0.64	0.292	6.76567243366077	24	24	0	2	1	10	4	1	5000	2500	1	0.99	14	10000	101602	0.6139	0.9864	0.765187281496302	-4.4568915373166	0.781933252757252	5.88112760644472	10.3380191437613	1.20107741216314	0.145506670414547	1.19650500501276	2.26753854169794	2.1220318712834	0.561562533721809	0.82766879871095	-10.5573256473116	0.797817829959673	12.0352822992819	22.5926079465935	0.0733	0.985	2.81844772772433	0.262077917339387	2.8900270668114	4.98667545353208	4.7245975361927	0	NA	NA	NA	NA	NA	NA	1	-0.966573691218973	0.93426470055667	1	-0.530683560552134	0.281625041440291	1	-2.53245006284053	6.41330332078099	1	-0.541671133827148	0.293407617221588	1.00169010624639	4557.5978257547	0	1.00196323569517	13198.4535729227	0	NA	NA	NA	NA	NA	NA	NA	NA
607	7	7	benefit_positive_truncnorm	benefit_positive_truncnorm	continuous	1	waning	benefit	1	1	NA	2.00230641963775	3.99435350604328	1000	360	600	1000	1000	360	686	0.64	0.314	7.08706327997539	24	24	0	2	1	10	4	1	5000	2500	1	0.99	14	10000	101606	0.6376	0.9987	0.839047388060375	-3.82166845905793	0.87188298920107	5.43877504922258	9.26044350828052	1.69575765337984	0.62683381650259	1.68978051666598	2.78014392834468	2.15331011184209	0.593255404986035	1.05107605824459	-9.21965369774773	0.969984663634536	11.257455891158	20.4771095889057	0.0333	0.982	2.54318916304693	0.146476233573659	2.51462773848498	5.0580485119124	4.91157227833874	0	NA	NA	NA	NA	NA	NA	1	-1.16325903157738	1.35317157454634	1	-0.306548766257917	0.093972146094251	1	-2.94327744779869	8.66288213472036	1	-1.45116434299634	2.10587795038401	1.0016120544266	4545.11324739614	0	1.00155209313088	13224.2464465429	0	NA	NA	NA	NA	NA	NA	NA	NA
590	7	7	benefit_positive_truncnorm	benefit_positive_truncnorm	continuous	1	waning	benefit	1	1	NA	2.17662253038908	4.46482985016933	1000	360	600	1000	1000	360	719	0.64	0.281	6.69325016954189	24	24	0	2	1	10	4	1	5000	2500	1	0.99	14	10000	101589	0.7293	1	1.70675335471267	-3.66208040760791	1.77890072677146	6.91895565525486	10.5810360628628	2.35971980450778	1.27423638120633	2.35913539407848	3.43546541378704	2.16122903258071	0.656358885017422	2.1730776832122	-8.87204300698423	2.04849848422925	13.0549296996629	21.9269727066471	0.0816	1	4.59442640477925	2.28734033459524	4.57571711835278	7.14937505253989	4.86203471794465	0	NA	NA	NA	NA	NA	NA	1	-0.469869175676411	0.22077704225083	1	0.183097274118698	0.0335246117896978	1	-2.29175216695714	5.25212799475273	1	0.129596554609912	0.0167952669667599	1.00107592968361	4602.20200655196	0	1.00183104645231	10711.6714577309	0	NA	NA	NA	NA	NA	NA	NA	NA
584	7	7	benefit_positive_truncnorm	benefit_positive_truncnorm	continuous	1	waning	benefit	1	1	NA	1.9629954737641	3.68120886529803	1000	360	600	1000	1000	360	714	0.64	0.286	7.14316761622543	24	24	0	2	1	10	4	1	5000	2500	1	0.99	14	10000	101583	0.7178	1	1.42455740709682	-3.39974034162285	1.45905704869484	6.12262246053097	9.52236280215382	2.01874020201572	0.932500131938548	2.0250945533474	3.08567679947763	2.15317666753908	0.669050160085379	2.07422272627495	-8.42680538526464	1.92473123293637	11.9886348718906	20.4154402571553	0.063	0.9997	3.60731020093812	1.49577515286617	3.61406946356795	5.65268318970358	4.15690803683741	0	NA	NA	NA	NA	NA	NA	1	-0.538438066667271	0.289915551636388	1	0.0557447282516224	0.00310747472784722	1	-1.60698613902308	2.58240445101231	1	-0.07389866435991	0.00546101259417863	1.00132214537156	4380.15292830044	0	1.00217021037019	7054.553056872	0	NA	NA	NA	NA	NA	NA	NA	NA
599	7	7	benefit_positive_truncnorm	benefit_positive_truncnorm	continuous	1	waning	benefit	1	1	NA	2.11932141770559	4.19553773101685	1000	360	600	1000	1000	360	714	0.64	0.286	7.00645296456798	24	24	0	2	1	10	4	1	5000	2500	1	0.99	14	10000	101598	0.5733	0.9989	0.495001698496524	-4.62207263767038	0.500334179510329	5.56471052018225	10.1867831578526	1.70735287746023	0.648382999316477	1.70872501793226	2.74993590825709	2.10155290894061	0.563868050560066	0.76688631069591	-9.95176731097738	0.268331841369414	11.8959822523776	21.847749563355	0.0269	0.9989	3.36930075639142	1.27639571168791	3.29149455872229	6.02699489415812	4.75059918247021	0	NA	NA	NA	NA	NA	NA	1	-1.62431971920907	2.63841455021142	1	-0.411968540245358	0.169718078151891	1	-3.42865142032093	11.7556505620688	1	-0.826236974625428	0.68266753823818	1.00218433893186	4381.02253225115	0	1.00183997273646	12288.483768682	0	NA	NA	NA	NA	NA	NA	NA	NA
600	7	7	benefit_positive_truncnorm	benefit_positive_truncnorm	continuous	1	waning	benefit	1	1	NA	1.57296935460933	2.93825375968509	1000	360	600	1000	1000	360	709	0.64	0.291	7.53538904668134	24	24	0	2	1	10	4	1	5000	2500	1	0.99	14	10000	101599	0.6992	0.9991	1.31781475512029	-3.76648735576824	1.37979962948455	6.25319041506018	10.0196777708284	1.66171425358291	0.601922037829109	1.66094641773741	2.70553384637475	2.10361180854564	0.628817626527051	1.68245566135106	-9.10038643152199	1.60736161743398	12.0220228294471	21.1224092609691	0.0832	0.9933	2.71342054959344	0.698834134125021	2.70890820608219	4.75300922620613	4.05417509208111	0	NA	NA	NA	NA	NA	NA	1	-0.255154599489043	0.0651038696404141	1	0.0887448989735788	0.00787565709383072	1	-1.25579809833403	1.57702886377936	1	-0.22483321009165	0.0505499723601161	1.00207928804251	4482.67130877686	0	1.00173668448966	12898.031943328	0	NA	NA	NA	NA	NA	NA	NA	NA
622	7	7	benefit_positive_truncnorm	benefit_positive_truncnorm	continuous	1	waning	benefit	1	1	NA	2.47857045306028	4.87339295837523	1000	360	600	1000	1000	360	685	0.64	0.315	7.66303151260345	24	24	0	2	1	10	4	1	5000	2500	1	0.99	14	10000	101621	0.7295	0.9999	1.57188103872239	-3.47288013252339	1.58135579014551	6.60789434542052	10.0807744779439	2.16359418740451	1.06622875684248	2.16558843661831	3.28558938083913	2.21936062399665	0.626626957864549	1.72947693624439	-9.09375965294268	1.61541835587241	12.1302428964394	21.224002549382	0.0934	0.9972	4.06894551683898	1.21458929289906	4.06670748396829	6.92192875245525	5.70733945955619	0	NA	NA	NA	NA	NA	NA	1	-0.906689414337886	0.822085694072379	1	-0.314976265655769	0.0992100479264533	1	-3.14391602213084	9.88420795421101	1	-0.80444744153625	0.647135686194218	1.00157170032556	4349.09820553392	0	1.002153524662	13375.9349197216	0	NA	NA	NA	NA	NA	NA	NA	NA
604	7	7	benefit_positive_truncnorm	benefit_positive_truncnorm	continuous	1	waning	benefit	1	1	NA	1.49222019638997	2.69806842096447	1000	360	600	1000	1000	360	715	0.64	0.285	7.01444582676506	24	24	0	2	1	10	4	1	5000	2500	1	0.99	14	10000	101603	0.7523	0.9844	1.79657232504232	-3.48147206115645	1.86728368336666	6.74697011661066	10.2284421777671	1.15552254575821	0.100497118229418	1.15368363547335	2.21470746278991	2.11421034456049	0.761723425089762	3.49392782876091	-7.52680035883582	3.40659725037815	13.705779242732	21.2325796015678	0.0809	0.9743	2.3070436951962	-0.0107144633784996	2.26391559617271	4.74978407606078	4.76049853943928	0	NA	NA	NA	NA	NA	NA	1	0.304352128652347	0.092630218215215	1	-0.33669765063176	0.113365307940947	1	0.795859407796438	0.633392196978096	1	-0.391024725768276	0.152900336162155	1.00123580413512	4404.24907178452	0	1.00235571260214	9761.25993353634	0	NA	NA	NA	NA	NA	NA	NA	NA
634	7	7	benefit_positive_truncnorm	benefit_positive_truncnorm	continuous	1	waning	benefit	1	1	NA	2.05249024029435	4.34654348332141	1000	360	600	1000	1000	360	709	0.64	0.291	7.6372010535723	24	24	0	2	1	10	4	1	5000	2500	1	0.99	14	10000	101633	0.7047	1	1.35533241376155	-3.71860468363639	1.40738973611427	6.20990740654547	9.92851209018186	2.47863529259943	1.41853193991993	2.48513301863036	3.53129231137975	2.11276037145983	0.644839311176922	1.97788529381945	-8.84684290224805	1.8002580565169	12.3528578375167	21.1997007397648	0.0883	1	5.33887109536236	3.17846614860748	5.32700688616026	7.66967267445189	4.4912065258444	0	NA	NA	NA	NA	NA	NA	1	-0.697157826532808	0.486029035095949	1	0.426145052305074	0.181599605604094	1	-2.36865818950196	5.61054161869472	1	0.992327612040955	0.984714089618904	1.00120927856237	4300.77995414163	0	1.00170979217564	12928.6106432544	0	NA	NA	NA	NA	NA	NA	NA	NA
611	7	7	benefit_positive_truncnorm	benefit_positive_truncnorm	continuous	1	waning	benefit	1	1	NA	1.8198264193806	3.22619565389823	1000	360	600	1000	1000	360	727	0.64	0.273	6.52722895770469	24	24	0	2	1	10	4	1	5000	2500	1	0.99	14	10000	101610	0.7743	1	2.03207407311088	-3.48055237754564	2.07645157673893	7.22763182243662	10.7081841999823	2.49559699063987	1.43032485848528	2.49825956199135	3.5508397081102	2.12051484962492	0.720567529513701	3.06922548964726	-7.79042723641151	2.93979909589146	13.6550746368693	21.4455018732808	0.0767	1	4.20475633164313	2.03157320130852	4.19234884183741	6.49781641645234	4.46624321514382	0	NA	NA	NA	NA	NA	NA	1	0.212247653730282	0.0450490665140095	1	0.67577057125927	0.45666586498008	1	-0.156970164250974	0.0246396324649779	1	0.9785606777449	0.957581000028558	1.0014854381056	4512.31036934649	0	1.00171142798781	11640.0042386495	0	NA	NA	NA	NA	NA	NA	NA	NA
598	7	7	benefit_positive_truncnorm	benefit_positive_truncnorm	continuous	1	waning	benefit	1	1	NA	2.14701586017651	4.36501145169789	1000	360	600	1000	1000	360	732	0.64	0.268	7.42169456511012	24	24	0	2	1	10	4	1	5000	2500	1	0.99	14	10000	101597	0.7094	1	1.38780947204845	-3.68502609200553	1.45367378346757	6.20082711956459	9.88585321157012	2.50604371495171	1.45065472718261	2.50472893292682	3.54256592145432	2.09191119427171	0.630579504529084	1.75801781239274	-8.73622284800484	1.6377763103074	12.0231674428104	20.7593902908152	0.0837	1	4.68457605502614	2.64203699264384	4.66973547682435	6.83351154930495	4.19147455666111	0	NA	NA	NA	NA	NA	NA	1	-0.759206388128067	0.576394339774465	1	0.359027854775198	0.128901000504481	1	-2.60699363930515	6.79641583537753	1	0.319564603328246	0.102121535700339	1.00133951659823	4306.78899155065	0	1.00164015038746	11063.0294011913	0	NA	NA	NA	NA	NA	NA	NA	NA
583	7	7	benefit_positive_truncnorm	benefit_positive_truncnorm	continuous	1	waning	benefit	1	1	NA	2.87720623453479	6.19536492040089	1000	360	600	1000	1000	360	705	0.64	0.295	7.48658972617374	24	24	0	2	1	10	4	1	5000	2500	1	0.99	14	10000	101582	0.7344	1	1.56054458779391	-3.46318832070665	1.60709879646591	6.44193717348549	9.90512549419214	2.59616330585237	1.53628258845927	2.59612256205642	3.64073102243255	2.10444843397328	0.661076018296667	2.08882965530626	-8.45120205516318	1.94373304559433	12.5478984562371	20.9991005114002	0.0818	1	5.15173646664774	3.16691632862461	5.14572690296228	7.12808373964213	3.96116741101751	0	NA	NA	NA	NA	NA	NA	1	-1.31666164674088	1.7335978919984	1	-0.281042928682416	0.0789851277623896	1	-4.10653526509463	16.8636318834658	1	-1.04362845375315	1.08916034948319	1.00198583455138	4448.93082700903	0	1.0019142192166	12797.4214119443	0	NA	NA	NA	NA	NA	NA	NA	NA
635	7	7	benefit_positive_truncnorm	benefit_positive_truncnorm	continuous	1	waning	benefit	1	1	NA	1.86863217988645	3.4204639594059	1000	360	600	1000	1000	360	726	0.64	0.274	7.17275983974915	24	24	0	2	1	10	4	1	5000	2500	1	0.99	14	10000	101634	0.6642	0.9991	1.11002474826018	-3.88283527913846	1.14390081238133	6.02249912649528	9.90533440563374	1.61414809070075	0.556850216398693	1.61753647143924	2.67622242579456	2.11937220939587	0.585091109884042	1.26519719789907	-9.42178703406354	1.1071938973802	11.695325368132	21.1171124021955	0.0945	0.998	2.83338144445098	0.763694900290907	2.81016577304292	5.03277269009892	4.26907778980801	0	NA	NA	NA	NA	NA	NA	1	-0.758607431626275	0.575485235318613	1	-0.254484089185701	0.0647621516486759	1	-2.15526676150683	4.64517481325615	1	-0.587082514954923	0.344665879365798	1.00170679676943	4511.69872863994	0	1.0014527906898	13007.097306613	0	NA	NA	NA	NA	NA	NA	NA	NA
473	7	7	benefit_positive_truncnorm	benefit_positive_truncnorm	continuous	1	waning	benefit	1	1	NA	1.64219529697762	3.3103780536154	1000	360	600	1000	1000	360	735	0.64	0.265	7.06553925684048	24	24	0	2	1	10	4	1	5000	2500	1	0.99	14	10000	101472	0.7331	0.9986	1.55190651365242	-3.40031135703888	1.59224494342139	6.29049202755271	9.69080338459159	1.62643092292655	0.593987962710889	1.63129034756331	2.66028982190456	2.06630185919367	0.711365848383259	2.7050006648361	-8.34387000123974	2.56319631725803	12.7776270523716	21.1214970536113	0.0753	0.9979	3.02778932372847	0.765176642810745	2.92216710470912	5.60351631928012	4.83833967646938	0	NA	NA	NA	NA	NA	NA	1	-0.0902887833251942	0.00815206439434386	1	-0.0157643740510605	0.000248515489221748	1	-0.605377388779301	0.366481782845245	1	-0.282588729886934	0.0798563902591103	1.00157387854525	4344.50439323326	0	1.00150441694458	11400.560087382	0	NA	NA	NA	NA	NA	NA	NA	NA
606	7	7	benefit_positive_truncnorm	benefit_positive_truncnorm	continuous	1	waning	benefit	1	1	NA	1.39140511384647	2.49288329433361	1000	360	600	1000	1000	360	751	0.64	0.249	6.13553881141651	24	24	0	2	1	10	4	1	5000	2500	1	0.99	14	10000	101605	0.5053	0.9016	0.0334913140250804	-5.16475705827176	0.0399229417357621	5.20120799723596	10.3659650555077	0.698438412816729	-0.357058862293208	0.702831631276528	1.7391739686174	2.0962328309106	0.507993268826252	0.0929395853121684	-10.9710312980569	0.0878905764456048	11.2873905643141	22.258421862371	0.0492	0.9393	1.33940472358468	-0.315863768249728	1.34046909665173	2.99808454862867	3.3139483168784	0	NA	NA	NA	NA	NA	NA	1	-1.35791379982139	1.84392988774536	1	-0.692966701029739	0.480202848736039	1	-2.39994370902144	5.75972980647159	1	-1.15347857074893	1.33051281317699	1.00175255178663	4709.26315840671	0	1.00175929360285	10796.2742892318	0	NA	NA	NA	NA	NA	NA	NA	NA
591	7	7	benefit_positive_truncnorm	benefit_positive_truncnorm	continuous	1	waning	benefit	1	1	NA	1.53870529433047	3.10561687725557	1000	360	600	1000	1000	360	746	0.64	0.254	7.17163204133487	24	24	0	2	1	10	4	1	5000	2500	1	0.99	14	10000	101590	0.7187	0.9832	1.45164167185461	-3.40314633537088	1.52081138120553	6.06237667692624	9.46552301229712	1.14700066321154	0.0733339555212963	1.14711197115057	2.19858255985113	2.12524860432983	0.707463970746397	2.67700877620948	-7.59551755353171	2.46309748955357	12.7294853109115	20.3250028644432	0.0702	0.9661	2.16540686368443	-0.136686035764515	2.18994318586399	4.39778299800323	4.53446903376775	0	NA	NA	NA	NA	NA	NA	1	-0.0870636224758621	0.00758007435861944	1	-0.391704631118934	0.15343251804002	1	-0.428608101046088	0.183704904282334	1	-0.940210013571136	0.883994869619435	1.00180599956406	4931.38973519969	0	1.00140023372709	11661.463921216	0	NA	NA	NA	NA	NA	NA	NA	NA
610	7	7	benefit_positive_truncnorm	benefit_positive_truncnorm	continuous	1	waning	benefit	1	1	NA	1.99758772372755	3.78829449605422	1000	360	600	1000	1000	360	720	0.64	0.28	7.53968480193976	24	24	0	2	1	10	4	1	5000	2500	1	0.99	14	10000	101609	0.7022	0.9977	1.31459527238222	-3.73481992822062	1.37664921997992	6.20346468835261	9.93828461657323	1.53270314380159	0.487779521789144	1.54107132449093	2.58024944587425	2.0924699240851	0.616038882138518	1.57724688044139	-9.15972597127805	1.44526786236264	12.1164692900002	21.2761952612783	0.0947	0.992	3.44284236933195	0.556541416759628	3.54754800344493	5.69281316792482	5.13627175116519	0	NA	NA	NA	NA	NA	NA	1	-0.682992451345333	0.466478688594707	1	-0.464884579925966	0.216117672652942	1	-2.21104761561283	4.8887315585072	1	-0.345452126722277	0.119337171856944	1.00164561021407	4424.33436920689	0	1.00144528057632	12228.4339693328	0	NA	NA	NA	NA	NA	NA	NA	NA
647	7	7	benefit_positive_truncnorm	benefit_positive_truncnorm	continuous	1	waning	benefit	1	1	NA	1.46406052710962	2.90480387302522	1000	360	600	1000	1000	360	707	0.64	0.293	6.93531427431883	24	24	0	2	1	10	4	1	5000	2500	1	0.99	14	10000	101646	0.533	0.9466	0.212748641842262	-5.12702765936669	0.222814347917393	5.5595035392735	10.6865311986402	0.875427728299902	-0.192117730049727	0.878152478458841	1.92490119819711	2.11701892824683	0.52651722252597	0.386244977768436	-10.7872943958548	0.356035824131388	11.6941544295506	22.4814488254054	0.0855	0.9825	2.43434572264542	0.144272578699863	2.38407180246679	4.88545920536327	4.7411866266634	0	NA	NA	NA	NA	NA	NA	1	-1.25131188526736	1.56578143421134	1	-0.588632798809716	0.346488571834559	1	-2.51855889525678	6.34313890887707	1	-0.470458150379804	0.221330871258787	1.0016412083177	4766.41324623693	0	1.00179394452235	10321.7960083439	0	NA	NA	NA	NA	NA	NA	NA	NA
654	7	7	benefit_positive_truncnorm	benefit_positive_truncnorm	continuous	1	waning	benefit	1	1	NA	2.0357325353793	4.0485274908911	1000	360	600	1000	1000	360	675	0.64	0.325	7.71777176907275	24	24	0	2	1	10	4	1	5000	2500	1	0.99	14	10000	101653	0.5784	0.9996	0.486452974199199	-4.48192202857035	0.496138269863093	5.36969332701825	9.8516153555886	1.81896549434968	0.744250516774111	1.81958009107798	2.8738085703757	2.12955805360159	0.553557639271925	0.660799176539271	-10.3873112902858	0.674920179683728	11.4343925643364	21.8217038546222	0.0935	0.9998	5.62568469138146	2.60919497036598	5.69643190339595	8.22452547292887	5.61533050256289	0	NA	NA	NA	NA	NA	NA	1	-1.5492795611801	2.40026715869039	1	-0.216767041029616	0.0469879500767351	1	-3.38772831435183	11.4767031318611	1	1.57715720049036	2.48742483505859	1.00101587436554	4224.26907518363	0	1.00188953562477	13636.9508563693	0	NA	NA	NA	NA	NA	NA	NA	NA
638	7	7	benefit_positive_truncnorm	benefit_positive_truncnorm	continuous	1	waning	benefit	1	1	NA	1.57962750552452	3.08281001724361	1000	360	600	1000	1000	360	690	0.64	0.31	7.49988750239198	24	24	0	2	1	10	4	1	5000	2500	1	0.99	14	10000	101637	0.6672	0.9997	1.07742864025267	-3.86041803365275	1.10458192893163	5.96065097210354	9.82106900575629	2.00375050114405	0.913235227029942	2.00891378620768	3.0825460853541	2.16931085832416	0.610868139077192	1.54852892975526	-9.30001631436082	1.39534008734961	12.1867419645838	21.4867582789446	0.0854	0.9997	4.86192694991499	2.24246719170015	4.93933426242375	7.39803146452658	5.15556427282643	0	NA	NA	NA	NA	NA	NA	1	-0.502198865271854	0.252203700280338	1	0.424122995619523	0.179880315413278	1	-1.53428108748835	2.35401845542443	1	1.77911693267137	3.165257060118	1.0014988706466	4979.77422393175	0	1.00172766810379	11266.2196731138	0	NA	NA	NA	NA	NA	NA	NA	NA
621	7	7	benefit_positive_truncnorm	benefit_positive_truncnorm	continuous	1	waning	benefit	1	1	NA	1.72033300133468	3.61081745853152	1000	360	600	1000	1000	360	706	0.64	0.294	6.986024180611	24	24	0	2	1	10	4	1	5000	2500	1	0.99	14	10000	101620	0.5791	0.9714	0.53508518357492	-4.8867540391061	0.564839276699959	5.89590878689422	10.7826628260003	1.05175514130247	-0.038881668712851	1.05203203830234	2.12695957658026	2.16584124529311	0.548009623797025	0.567611751388869	-11.083132166311	0.580903929970543	11.861966128541	22.945098294852	0.0856	0.9728	2.2437131517637	-0.0331311773652688	2.22745378752666	4.68349374111091	4.71662491847618	0	NA	NA	NA	NA	NA	NA	1	-1.18524781775976	1.40481238950427	1	-0.668577860032209	0.446996354925248	1	-3.04320570714265	9.2611009759856	1	-1.36710430676782	1.86897418558312	1.00103433141818	4457.6258936982	0	1.00141866351798	11848.2581712638	0	NA	NA	NA	NA	NA	NA	NA	NA
641	7	7	benefit_positive_truncnorm	benefit_positive_truncnorm	continuous	1	waning	benefit	1	1	NA	2.18325333890831	4.55807948556198	1000	360	600	1000	1000	360	700	0.64	0.3	7.68668707451894	24	24	0	2	1	10	4	1	5000	2500	1	0.99	14	10000	101640	0.7128	1	1.46360137235421	-3.61706438457463	1.48315803064196	6.37020819312168	9.98727257769632	2.20812068323791	1.13225412278732	2.21309906213717	3.24821615518161	2.11596203239429	0.606070713809206	1.54972748264429	-9.33282802807571	1.36632392147931	12.1322708435689	21.4650988716446	0.1006	1	4.75592866616299	2.55041101301774	4.75494638821475	7.00079200800284	4.4503809949851	0	NA	NA	NA	NA	NA	NA	1	-0.719651966554099	0.517898952965182	1	0.0248673443296012	0.000618384814006951	1	-3.00835200291769	9.05018177345888	1	0.197849180601012	0.0391442982644919	1.00213041715433	4457.63188625685	0	1.00185064866157	12373.5131658041	0	NA	NA	NA	NA	NA	NA	NA	NA
629	7	7	benefit_positive_truncnorm	benefit_positive_truncnorm	continuous	1	waning	benefit	1	1	NA	2.51699856162757	5.14836199503048	1000	360	600	1000	1000	360	708	0.64	0.292	8.18857650805735	24	24	0	2	1	10	4	1	5000	2500	1	0.99	14	10000	101628	0.7634	1	1.76218749393604	-2.98001452821184	1.78849621584126	6.41706476616397	9.39707929437581	2.80610882213406	1.7521947905285	2.80672690279393	3.83139803010855	2.07920323958005	0.638007505970658	1.74915213283572	-8.44410192375469	1.6162962622941	11.5856481872953	20.0297501110499	0.1207	1	4.94627697537888	2.6763455055741	4.82434363055296	7.63305754815516	4.95671204258106	0	NA	NA	NA	NA	NA	NA	1	-0.754811067691536	0.569739747909637	1	0.289110260506484	0.0835847427301273	1	-3.39920986219476	11.5546276872421	1	-0.202085019651593	0.0408383551675846	1.00192391039148	4789.92806676074	0	1.00168594759922	12051.4755979382	0	NA	NA	NA	NA	NA	NA	NA	NA
626	7	7	benefit_positive_truncnorm	benefit_positive_truncnorm	continuous	1	waning	benefit	1	1	NA	2.48248809995942	4.74415004291653	1000	360	600	1000	1000	360	738	0.64	0.262	7.05838686556775	24	24	0	2	1	10	4	1	5000	2500	1	0.99	14	10000	101625	0.816	1	2.276887625254	-2.51158305805539	2.34378739810689	6.88880541282285	9.40038847087824	2.09355479947741	1.06494398873154	2.08965729569772	3.14211136759405	2.07716737886251	0.885003719842704	4.66442568636264	-4.64776507690349	4.24320306875765	14.0648359606211	18.7126010375246	0.0591	0.9938	2.4778085788324	0.573194221208844	2.44783781989835	4.43915055968543	3.86595633847659	0	NA	NA	NA	NA	NA	NA	1	-0.205600474705419	0.0422715551990936	1	-0.388933300482006	0.151269112223826	1	-0.0797243565538963	0.00635597302793279	0	-2.26634146408414	5.13630363182702	1.00122267473414	4676.29525576043	0	1.00209000131726	11609.5032192781	0	NA	NA	NA	NA	NA	NA	NA	NA
668	7	7	benefit_positive_truncnorm	benefit_positive_truncnorm	continuous	1	waning	benefit	1	1	NA	1.72320405804361	3.33122943411915	1000	360	600	1000	1000	360	706	0.64	0.294	7.14837055887722	24	24	0	2	1	10	4	1	5000	2500	1	0.99	14	10000	101667	0.6713	0.9997	1.00780903407543	-3.64627104799366	1.02192186945368	5.52764327978247	9.17391432777613	1.86515803192437	0.783644820856416	1.86398702363101	2.94025572317967	2.15661090232325	0.699068322981366	2.14569590498648	-7.66065706284527	1.95257822729072	12.0769952797721	19.7376523426174	0.034	0.9987	4.1033750125545	1.49427659662019	4.08306909409388	6.70211821137743	5.20784161475723	0	NA	NA	NA	NA	NA	NA	1	-0.715395023968183	0.511790040318437	1	0.141953973880759	0.0201509307005392	1	-1.18553352913266	1.40548974869775	1	0.772145578435355	0.596208794297269	1.00156219838328	4797.87974302497	0	1.00143030887243	11265.4885440142	0	NA	NA	NA	NA	NA	NA	NA	NA
655	7	7	benefit_positive_truncnorm	benefit_positive_truncnorm	continuous	1	waning	benefit	1	1	NA	2.3280904178597	4.63472995473723	1000	360	600	1000	1000	360	704	0.64	0.296	7.82654708450881	24	24	0	2	1	10	4	1	5000	2500	1	0.99	14	10000	101654	0.6689	0.999	1.10893959829464	-4.05417559806167	1.16238347547048	6.0241276342018	10.0783032322635	1.68675127686452	0.620684081282739	1.69003296145494	2.73331825737907	2.11263417609633	0.576052867383513	0.973878482930084	-10.1015151019294	1.01397995962812	11.5534649347935	21.6549800367229	0.1072	0.9895	3.13098581061552	0.455816258250276	3.17781614518196	5.50279145195611	5.04697519370583	0	NA	NA	NA	NA	NA	NA	1	-1.21915081956506	1.48632872084616	1	-0.641339140995186	0.411315893772443	1	-3.66085147180715	13.4018334986326	1	-1.50374414412172	2.26124645098035	1.00202416896824	4374.47612874222	0	1.00165654968304	12117.7519437968	0	NA	NA	NA	NA	NA	NA	NA	NA
708	7	7	benefit_positive_truncnorm	benefit_positive_truncnorm	continuous	1	waning	benefit	1	1	NA	1.732729513871	2.94028946852174	1000	360	600	1000	1000	360	709	0.64	0.291	7.68901012347704	24	24	0	2	1	10	4	1	5000	2500	1	0.99	14	10000	101707	0.6499	0.9877	0.95147209080492	-3.946557877902	0.961702023412499	5.85910496131883	9.80566283922082	1.24599056406828	0.165910143923624	1.23870802512636	2.34711096409881	2.18120082017518	0.574505688721971	0.958124719499938	-9.85743393574822	0.981476912759097	11.3841290097665	21.2415629455147	0.0947	0.9819	2.33398686901176	0.162776113191337	2.35524594996251	4.50670294064104	4.3439268274497	0	NA	NA	NA	NA	NA	NA	1	-0.781257423066078	0.610363161095849	1	-0.486738949802722	0.236914805255057	1	-1.9821647490218	3.92897709226464	1	-0.606302599509973	0.367602842172551	1.00152246042902	4678.24217835511	0	1.00210962423364	12642.224585381	0	NA	NA	NA	NA	NA	NA	NA	NA
640	7	7	benefit_positive_truncnorm	benefit_positive_truncnorm	continuous	1	waning	benefit	1	1	NA	1.10198928848427	1.97408837273049	1000	360	600	1000	1000	360	721	0.64	0.279	6.92029625077784	24	24	0	2	1	10	4	1	5000	2500	1	0.99	14	10000	101639	0.6508	0.995	1.06235201198333	-4.38869923992759	1.1119025797276	6.40527164204943	10.793970881977	1.43791179686154	0.351257245518542	1.44180265156075	2.52307788815309	2.17182064263454	0.595337127845884	1.32659728157735	-10.2548941239623	1.25625012949533	12.5223864998694	22.7772806238317	0.0864	0.9824	2.35421287001609	0.164411172301561	2.34745662201544	4.46137905397564	4.29696788167407	0	NA	NA	NA	NA	NA	NA	1	-0.039637276500937	0.00157111368841173	1	0.335922508377271	0.112843931634478	1	-0.647491091153134	0.419244713122676	1	0.380124497285605	0.144494633436634	1.0014140720776	4589.66524236441	0	1.00133255505224	9920.29350224982	0	NA	NA	NA	NA	NA	NA	NA	NA
662	7	7	benefit_positive_truncnorm	benefit_positive_truncnorm	continuous	1	waning	benefit	1	1	NA	2.36712358694405	4.43664747493366	1000	360	600	1000	1000	360	697	0.64	0.303	8.20410941423611	24	24	0	2	1	10	4	1	5000	2500	1	0.99	14	10000	101661	0.899	1	3.22828792218215	-1.7572731869355	3.37524495004045	7.69318388025904	9.45045706719455	3.40533442449282	2.37065182766775	3.40824878363529	4.43079825042523	2.06014642275748	0.874956011730205	5.13235850966212	-4.30891716509184	4.93963826025709	13.9333639656249	18.2422811307167	0.1475	1	7.32616888402625	5.08832620969987	7.39799786133536	9.21009108349836	4.12176487379849	0	NA	NA	NA	NA	NA	NA	1	0.861164335238099	0.741604012286076	0	1.03821083754877	1.07788174320372	1	0.695711034728463	0.484013843842949	0	2.8895214090926	8.34933397360446	1.00109965631221	4858.15468469696	0	1.00229707534714	10551.1946535619	0	NA	NA	NA	NA	NA	NA	NA	NA
709	7	7	benefit_positive_truncnorm	benefit_positive_truncnorm	continuous	1	waning	benefit	1	1	NA	2.39059460886317	4.4903428415143	1000	360	600	1000	1000	360	721	0.64	0.279	6.87006132234661	24	24	0	2	1	10	4	1	5000	2500	1	0.99	14	10000	101708	0.7285	1	1.70490214686373	-3.6809786518382	1.75749796013892	6.87211575959039	10.5530944114286	2.28438892175535	1.24388411244962	2.28400386622946	3.34608527420794	2.10220116175832	0.630277838547364	1.92545119043056	-9.16436278837342	1.74038303846519	13.0634970783482	22.2278598667216	0.0858	1	4.40222895255707	2.32172199472293	4.41789026083109	6.33078251538069	4.00906052065776	0	NA	NA	NA	NA	NA	NA	1	-0.685692461999441	0.470174152442854	1	-0.106205687107813	0.0112796479740427	1	-2.56489165108374	6.57866918179907	1	-0.0881138889572242	0.00776405742716603	1.00157453839162	4443.51748972274	0	1.00133026966305	11551.8616402198	0	NA	NA	NA	NA	NA	NA	NA	NA
707	7	7	benefit_positive_truncnorm	benefit_positive_truncnorm	continuous	1	waning	benefit	1	1	NA	1.77346645238258	3.56922056035677	1000	360	600	1000	1000	360	724	0.64	0.276	7.30091614586759	24	24	0	2	1	10	4	1	5000	2500	1	0.99	14	10000	101706	0.5332	0.9479	0.201294656333628	-4.70423862672964	0.183747406657575	5.14561058597907	9.8498492127087	0.892463621534813	-0.195519475955617	0.885248443643522	1.97858590551696	2.17410538147258	0.502986857825568	0.0740297820922102	-10.7783405558351	0.0410929625585439	11.0018737909817	21.7802143468168	0.0793	0.8827	1.53202469856539	-0.900404847348848	1.48025919351709	4.10822636367553	5.00863121102438	0	NA	NA	NA	NA	NA	NA	1	-1.57217179604896	2.4717241562918	1	-0.881002830847771	0.776165987961787	1	-3.49519077826456	12.2163585764656	1	-2.03719586179138	4.15016697929994	1.00244940412633	4697.83686447366	0	1.00120707138502	12638.7969280938	0	NA	NA	NA	NA	NA	NA	NA	NA
658	7	7	benefit_positive_truncnorm	benefit_positive_truncnorm	continuous	1	waning	benefit	1	1	NA	1.92122051247167	3.09286174452299	1000	360	600	1000	1000	360	726	0.64	0.274	6.78321641855846	24	24	0	2	1	10	4	1	5000	2500	1	0.99	14	10000	101657	0.8009	1	2.35931700223682	-3.0861799048002	2.45531814172873	7.56374822218143	10.6499281269816	2.51529024158267	1.44996907441748	2.51902313274646	3.5705804909081	2.12061141649061	0.715889276373147	3.02210959186919	-7.8916284714013	2.78799898958722	13.7067806558136	21.5984091272149	0.0824	0.9983	3.08309198673068	1.03083553497431	3.11217248472351	5.17764483264286	4.14680929766855	0	NA	NA	NA	NA	NA	NA	1	0.438096489765148	0.191928534344544	1	0.594069729110992	0.352918843046007	1	-0.0707521526538022	0.00500586710514693	1	-0.00976975779231148	9.5448167320431e-05	1.00159347222327	4359.43443524496	0	1.0014418613718	13637.5902895863	0	NA	NA	NA	NA	NA	NA	NA	NA
657	7	7	benefit_positive_truncnorm	benefit_positive_truncnorm	continuous	1	waning	benefit	1	1	NA	1.95895112862171	3.43612266999955	1000	360	600	1000	1000	360	737	0.64	0.263	6.52008972357772	24	24	0	2	1	10	4	1	5000	2500	1	0.99	14	10000	101656	0.7134	0.9995	1.52462320395917	-3.68056046249501	1.57308737292307	6.69351948649794	10.374079948993	1.92425766255516	0.877015969701096	1.9234493074568	2.95937372390795	2.08235775420686	0.654258742759065	2.06440286339175	-9.39200575257638	1.95001481578651	12.8431740117641	22.2351797643405	0.0678	0.9997	3.65792084866619	1.80406148096766	3.62039196589613	5.77524416845205	3.97118268748438	0	NA	NA	NA	NA	NA	NA	1	-0.434327924662544	0.188640746141672	1	-0.0346934660665523	0.00120363658771102	1	-1.37171980660781	1.88161522784016	1	0.221798178666637	0.0491944320598375	1.00184720582137	4686.34580506517	0	1.00170213733093	9075.76893756123	0	NA	NA	NA	NA	NA	NA	NA	NA
630	7	7	benefit_positive_truncnorm	benefit_positive_truncnorm	continuous	1	waning	benefit	1	1	NA	2.29721272445234	4.78569372787609	1000	360	600	1000	1000	360	720	0.64	0.28	7.59554936511283	24	24	0	2	1	10	4	1	5000	2500	1	0.99	14	10000	101629	0.7493	1	1.69288711310013	-3.34961879004834	1.754057504662	6.50201241867925	9.8516312087276	2.14901729527345	1.10695245826049	2.14359926946137	3.20891365956739	2.1019612013069	0.663741390802044	2.19483745623118	-8.0097113299135	2.01892410325293	12.3504917090262	20.3602030389397	0.0998	0.9996	4.08578090127493	1.68122671347749	4.04767082906703	6.6914827014195	5.01025598794201	0	NA	NA	NA	NA	NA	NA	1	-0.604325611352215	0.365209444536229	1	-0.148195429178892	0.0219618852295159	1	-2.5908562716449	6.71253622032173	1	-0.699912826601156	0.48987796484082	1.00155453356478	4636.86947256828	0	1.00239078452243	12166.9911972435	0	NA	NA	NA	NA	NA	NA	NA	NA
693	7	7	benefit_positive_truncnorm	benefit_positive_truncnorm	continuous	1	waning	benefit	1	1	NA	2.1530995652859	3.93958460580212	1000	360	600	1000	1000	360	711	0.64	0.289	7.06329511714409	24	24	0	2	1	10	4	1	5000	2500	1	0.99	14	10000	101692	0.6392	0.9947	0.900591866957952	-4.08158613800587	0.904257459817917	5.84651706611936	9.92810320412523	1.42504708674411	0.317538818352066	1.43256064993853	2.49257887668874	2.17504005833667	0.584032240496678	1.04785676773596	-9.69297874377013	0.955261655381303	11.5650096820406	21.2579884258107	0.0819	0.9462	1.97977912974485	-0.376138864759806	1.96899766103111	4.48113806246605	4.85727692722586	0	NA	NA	NA	NA	NA	NA	1	-1.25250769832794	1.56877553437076	1	-0.728052478541789	0.530060411510842	1	-2.89172783806617	8.36208988944682	1	-1.95980547605727	3.84083750398407	1.00149332203604	4332.18088995667	0	1.00177158873498	9794.4111824757	0	NA	NA	NA	NA	NA	NA	NA	NA
666	7	7	benefit_positive_truncnorm	benefit_positive_truncnorm	continuous	1	waning	benefit	1	1	NA	2.3262582338394	4.4675284592384	1000	360	600	1000	1000	360	668	0.64	0.332	7.92931688700755	24	24	0	2	1	10	4	1	5000	2500	1	0.99	14	10000	101665	0.7411	1	1.62604429085932	-3.50277832486145	1.70491585992709	6.47524334923894	9.97802167410039	2.21589805816096	1.12464368674548	2.21711973599862	3.33254641786577	2.20790273112029	0.626364966790499	1.72162248594059	-9.3575199299973	1.67623006463587	12.2115536852817	21.569073615279	0.1117	0.9998	4.71886093585982	2.07681746943724	4.77052198064252	7.24768981435884	5.1708723449216	0	NA	NA	NA	NA	NA	NA	1	-0.700213942980079	0.490299565943709	1	-0.110360175678443	0.0121793683757768	1	-2.74590597329782	7.53999961419264	1	0.251332476621415	0.0631680138046541	1.00272429864298	4560.81978593523	0	1.00213427254963	14635.7338552133	0	NA	NA	NA	NA	NA	NA	NA	NA
559	7	7	benefit_positive_truncnorm	benefit_positive_truncnorm	continuous	1	waning	benefit	1	1	NA	2.01813960764783	3.98131849515687	1000	360	600	1000	1000	360	709	0.64	0.291	6.75976023700133	24	24	0	2	1	10	4	1	5000	2500	1	0.99	14	10000	101558	0.7079	0.9997	1.52151814916367	-3.99259085384865	1.55598565503249	6.82582036357777	10.8184112174264	2.0631071134749	0.975581924556813	2.06543683939959	3.10820911742231	2.13262719286549	0.637113402061856	1.97129182353012	-9.33494117885097	1.80474852681873	12.8041354400261	22.1390766188771	0.0785	0.9997	3.9788995177378	1.67153635336624	3.96786897005045	6.47236660797554	4.80083025460931	0	NA	NA	NA	NA	NA	NA	1	-0.49662145848416	0.246632873026934	1	0.0449675058270693	0.00202207658030751	1	-2.01002667162675	4.04020722065093	1	-0.00241897741907149	5.85145175397776e-06	1.00111559020576	4388.94592884669	0	1.0019341136793	10722.0174458855	0	NA	NA	NA	NA	NA	NA	NA	NA
656	7	7	benefit_positive_truncnorm	benefit_positive_truncnorm	continuous	1	waning	benefit	1	1	NA	2.19119953225563	4.45487505671368	1000	360	600	1000	1000	360	738	0.64	0.262	7.05696291869475	24	24	0	2	1	10	4	1	5000	2500	1	0.99	14	10000	101655	0.6867	1	1.2499065498507	-3.63967123174962	1.23366309898396	6.30455370269267	9.94422493444229	2.56979981025036	1.52349089254251	2.56999567392939	3.63244316624955	2.10895227370703	0.569045312668173	0.980870051630087	-9.76369242418102	0.875629609522031	11.5314840049169	21.2951764290979	0.0709	0.9996	4.25510654001356	2.01357279105509	4.21245604456338	6.74221504416755	4.72864225311246	0	NA	NA	NA	NA	NA	NA	1	-0.941292982404926	0.886032478724761	1	0.378600277994728	0.143338170497685	1	-3.47400500508359	12.0687107753458	1	-0.199768516700121	0.0399074602645664	1.00098035585736	4322.01422664836	0	1.00144014762223	11313.7886080678	0	NA	NA	NA	NA	NA	NA	NA	NA
671	7	7	benefit_positive_truncnorm	benefit_positive_truncnorm	continuous	1	waning	benefit	1	1	NA	2.09835024632437	3.92231805935741	1000	360	600	1000	1000	360	693	0.64	0.307	7.68201221662208	24	24	0	2	1	10	4	1	5000	2500	1	0.99	14	10000	101670	0.7311	0.9927	1.58576444912087	-3.39755027311057	1.62107918499405	6.42118165625923	9.8187319293698	1.32311859431876	0.243290310072501	1.32655649392536	2.3835175708542	2.1402272607817	0.649386536973582	2.02917966741926	-8.42160261580528	1.93053665505944	12.2621867546405	20.6837893704457	0.0953	0.9949	3.93915876560383	1.00282764843895	4.07086941153413	6.18717963239992	5.18435198396098	0	NA	NA	NA	NA	NA	NA	1	-0.512585797203498	0.262744199494746	1	-0.77523165200561	0.600984114271348	1	-1.89313839193815	3.58397297103017	1	0.0168407062464229	0.000283609386878306	1.00210149674815	4820.24056986279	0	1.00224154013401	11125.6738319565	0	NA	NA	NA	NA	NA	NA	NA	NA
631	7	7	benefit_positive_truncnorm	benefit_positive_truncnorm	continuous	1	waning	benefit	1	1	NA	1.86804167186759	3.43884899873654	1000	360	600	1000	1000	360	723	0.64	0.277	6.97664793993945	24	24	0	2	1	10	4	1	5000	2500	1	0.99	14	10000	101630	0.6919	1	1.40338674991627	-4.11361611957011	1.4268805541684	6.6526011636978	10.7662172832679	2.16582913286478	1.11198820894393	2.16253056581767	3.24248003997323	2.13049183102929	0.607253427686864	1.60443927417187	-9.82062282968836	1.47396826030347	12.886680056899	22.7073028865874	0.0956	0.9998	4.69409132687175	2.28473894000035	4.68068313827822	7.17762525748828	4.89288631748792	0	NA	NA	NA	NA	NA	NA	1	-0.464654921951324	0.215904196493591	1	0.297787460997188	0.0886773719271518	1	-1.83440972456467	3.36505903757741	1	1.25524232813521	1.57563330234231	1.00176198828643	4375.16790017138	0	1.00152609909846	10944.3909141754	0	NA	NA	NA	NA	NA	NA	NA	NA
663	7	7	benefit_positive_truncnorm	benefit_positive_truncnorm	continuous	1	waning	benefit	1	1	NA	2.24772881938152	4.02146706656417	1000	360	600	1000	1000	360	724	0.64	0.276	7.0036726359422	24	24	0	2	1	10	4	1	5000	2500	1	0.99	14	10000	101662	0.9288	1	4.07761699808225	-1.36777260993789	4.18177573876379	9.02859296969563	10.3963655796335	3.04935964238992	2.01431975322599	3.0513958837465	4.09437573318136	2.08005597995537	0.942193951567905	6.34625009784577	-2.5304608284648	6.00735426564712	15.4532304367822	17.983691265247	0.1039	1	5.79035686535972	3.71599288006689	5.76089799304003	8.17281186865727	4.45681898859037	0	NA	NA	NA	NA	NA	NA	1	1.82988817870073	3.34849074654868	1	0.801630823008399	0.642611976397123	1	2.3247830312816	5.40461614253487	1	1.76888979879555	3.12897112028297	1.00219473725418	4401.85221257088	0	1.00102334673146	10536.032817264	0	NA	NA	NA	NA	NA	NA	NA	NA
633	7	7	benefit_positive_truncnorm	benefit_positive_truncnorm	continuous	1	waning	benefit	1	1	NA	2.35374682540544	4.61019057582501	1000	360	600	1000	1000	360	702	0.64	0.298	8.51234412528856	24	24	0	2	1	10	4	1	5000	2500	1	0.99	14	10000	101632	0.7507	1	1.57315711929412	-3.20490364929858	1.61633691978157	6.08554589006708	9.29044953936565	2.26284555921661	1.23433031371715	2.26508619077514	3.29290095457978	2.05857064086263	0.646965038150552	1.8832584668821	-8.41115368906196	1.85463565670491	11.6710917382704	20.0822454273324	0.1219	0.9994	4.46865998744664	1.67998244959799	4.51857315129727	7.17197989273665	5.49199744313866	0	NA	NA	NA	NA	NA	NA	1	-0.780589706111321	0.609320289286959	1	-0.090901266188832	0.00826304019473289	1	-2.72693210894291	7.43615872678382	1	-0.141530588378372	0.0200309074467282	1.00132672266675	4494.22041291803	0	1.00193353099053	12481.1601156946	0	NA	NA	NA	NA	NA	NA	NA	NA
660	7	7	benefit_positive_truncnorm	benefit_positive_truncnorm	continuous	1	waning	benefit	1	1	NA	1.71489470837871	3.0054133943333	1000	360	600	1000	1000	360	701	0.64	0.299	7.48241346414693	24	24	0	2	1	10	4	1	5000	2500	1	0.99	14	10000	101659	0.5641	0.9636	0.388650966736644	-4.52507857707503	0.407003280772252	5.21805002075887	9.74312859783391	0.999202467159706	-0.0918788110435751	0.9976455514588	2.0663037897432	2.15818260078678	0.55503230752382	0.703708202960241	-10.0455142049614	0.680058009358831	11.4543192433768	21.4998334483381	0.0869	0.9897	2.98942511130358	0.528740093960574	3.02906823170058	5.29100372133571	4.76226362737514	0	NA	NA	NA	NA	NA	NA	1	-1.32624374164207	1.75892246224476	1	-0.715692241219007	0.512215384141086	1	-2.30170519137306	5.29784678799371	1	-0.0159882830297282	0.000255625194238695	1.00142783492186	4747.7966356589	0	1.00134086760276	11122.3391518599	0	NA	NA	NA	NA	NA	NA	NA	NA
524	7	7	benefit_positive_truncnorm	benefit_positive_truncnorm	continuous	1	waning	benefit	1	1	NA	1.17304558651577	2.14761291546285	1000	360	600	1000	1000	360	728	0.64	0.272	6.29343364183725	24	24	0	2	1	10	4	1	5000	2500	1	0.99	14	10000	101523	0.6106	0.9857	0.710959828578224	-4.46814694883874	0.755078502405173	5.68526667161533	10.1534136204541	1.20160677897283	0.132781689936525	1.19684358260609	2.29817151931426	2.16538982937774	0.562236731255265	0.831532852297678	-10.2330813576901	0.739825468279581	11.8103339760844	22.0434153337745	0.0504	0.9652	2.1295665384034	-0.179385287750749	2.14921414024703	4.33530151152527	4.51468679927601	0	NA	NA	NA	NA	NA	NA	1	-0.462085757937545	0.213523247688715	1	0.0285611924570646	0.000815741714569482	1	-1.31608006316517	1.73206673266083	1	-0.0180463770594468	0.000325671724971727	1.00173397174349	4585.75897267867	0	1.0019105664792	13383.3127526277	0	NA	NA	NA	NA	NA	NA	NA	NA
682	7	7	benefit_positive_truncnorm	benefit_positive_truncnorm	continuous	1	waning	benefit	1	1	NA	2.06069272454376	4.31195586604618	1000	360	600	1000	1000	360	725	0.64	0.275	6.62705164453159	24	24	0	2	1	10	4	1	5000	2500	1	0.99	14	10000	101681	0.6875	0.9913	1.34816072038077	-3.9763232702406	1.38681501126695	6.60445696547594	10.5807802357165	1.29983015990478	0.218434832014217	1.29624181998046	2.39116715369518	2.17273232168096	0.630392156862745	1.80135423751878	-9.37406720051681	1.67233580947124	12.6212780846953	21.9953452852121	0.082	0.9787	3.03032892139441	0.140502045301923	3.03933926397595	5.5582046078327	5.41770256253078	0	NA	NA	NA	NA	NA	NA	1	-0.712532004162997	0.507701856956537	1	-0.760862564638982	0.578911842269009	1	-2.5106016285274	6.30312053716445	1	-1.28162694465177	1.64256762525744	1.00181248915352	4096.08598154838	0	1.00258335396703	11405.0180806981	0	NA	NA	NA	NA	NA	NA	NA	NA
632	7	7	benefit_positive_truncnorm	benefit_positive_truncnorm	continuous	1	waning	benefit	1	1	NA	1.86913908965261	4.01146285188955	1000	360	600	1000	1000	360	724	0.64	0.276	6.84069973190762	24	24	0	2	1	10	4	1	5000	2500	1	0.99	14	10000	101631	0.6032	0.998	0.734027884659708	-4.60698996858266	0.71973335776284	5.99227767825331	10.599267646836	1.56134683870056	0.474688774162729	1.56920237553174	2.62798486058853	2.1532960864258	0.55757312167011	0.830323759537265	-10.5636207754101	0.754547065332897	12.1551661659064	22.7187869413165	0.0803	0.9967	2.7039076362525	0.749941623567315	2.61437425076313	5.12592301098677	4.37598138741945	0	NA	NA	NA	NA	NA	NA	1	-1.1351112049929	1.28847744770043	1	-0.307792250952043	0.0947360697461255	1	-3.18113909235229	10.1196459248919	1	-1.30755521563705	1.70970064193966	1.00144893264522	4431.26561212553	0	1.00135277047197	12090.626527219	0	NA	NA	NA	NA	NA	NA	NA	NA
765	7	7	benefit_positive_truncnorm	benefit_positive_truncnorm	continuous	1	waning	benefit	1	1	NA	1.49679223586274	2.71275193241905	1000	360	600	1000	1000	360	729	0.64	0.271	6.94044429767702	24	24	0	2	1	10	4	1	5000	2500	1	0.99	14	10000	101764	0.6579	0.9819	1.1424683955706	-4.31560260560465	1.10546875924055	6.48128694626508	10.7968895518697	1.12604091505456	0.0653485143014251	1.12231174350238	2.18956071320738	2.12421219890596	0.594260050388871	1.3259484031034	-10.0747895633712	1.28227800416448	12.3809878764003	22.4557774397715	0.0871	0.9765	1.81527777856651	0.0189093628219969	1.82650674101976	3.60762458602362	3.58871522320162	0	NA	NA	NA	NA	NA	NA	1	-0.354323840292138	0.125545383799368	1	-0.370751320808174	0.137456541881005	1	-1.38680352931565	1.92322402892234	1	-0.897474153852541	0.805459856833334	1.00223925450475	4542.64328039139	0	1.00169681274698	13913.3263478035	0	NA	NA	NA	NA	NA	NA	NA	NA
672	7	7	benefit_positive_truncnorm	benefit_positive_truncnorm	continuous	1	waning	benefit	1	1	NA	1.78994457281805	3.41405995736596	1000	360	600	1000	1000	360	733	0.64	0.267	6.93335957366175	24	24	0	2	1	10	4	1	5000	2500	1	0.99	14	10000	101671	0.6395	0.9952	0.980956675958243	-4.37841769795387	0.992280052142067	6.22927905543417	10.607696753388	1.38000106766216	0.324688222024807	1.37955965316588	2.45538225417682	2.13069403215201	0.581893724032364	1.29563462757311	-10.0139334153184	1.16448194887638	12.4095912818813	22.4235246971997	0.0854	0.9942	2.9629024247319	0.632099188833199	3.02145709873901	5.05740268596897	4.42530349713577	0	NA	NA	NA	NA	NA	NA	1	-0.808987896859805	0.65446141726565	1	-0.40994350515589	0.168053677419497	1	-2.11842532979284	4.48772587790792	1	-0.451157532634057	0.20354311925245	1.00119162744622	4464.87824816529	0	1.00167329698413	12167.2680324932	0	NA	NA	NA	NA	NA	NA	NA	NA
705	7	7	benefit_positive_truncnorm	benefit_positive_truncnorm	continuous	1	waning	benefit	1	1	NA	2.71665544042174	5.61126235627361	1000	360	600	1000	1000	360	699	0.64	0.301	7.40267939887144	24	24	0	2	1	10	4	1	5000	2500	1	0.99	14	10000	101704	0.7844	1	1.96673274528727	-2.99780796470313	2.03200941174718	6.71006541376196	9.70787337846509	2.9044710265717	1.83062737463167	2.90627621078863	3.95005430771945	2.11942693308778	0.715446261938742	2.81233831440508	-7.65760172465722	2.64921990955525	12.8341788907136	20.4917806153708	0.0891	1	5.50879317435209	3.0033307916177	5.45189506273798	8.30393857624742	5.30060778462972	0	NA	NA	NA	NA	NA	NA	1	-0.749922695134466	0.562384048677741	1	0.187815586149962	0.0352746944008536	1	-2.79892404186853	7.83397579214967	1	-0.102469181921523	0.0104999332436662	1.00138758175298	4426.55106584001	0	1.00202135686989	12554.035249509	0	NA	NA	NA	NA	NA	NA	NA	NA
525	7	7	benefit_positive_truncnorm	benefit_positive_truncnorm	continuous	1	waning	benefit	1	1	NA	2.30444928276728	4.6775536286432	1000	360	600	1000	1000	360	688	0.64	0.312	7.4014928186034	24	24	0	2	1	10	4	1	5000	2500	1	0.99	14	10000	101524	0.6462	0.9999	0.949006427737373	-4.05161365824464	0.97031241894226	5.85438232072979	9.90599597897443	2.13370300295701	1.03671905762405	2.138480489711	3.22193202980822	2.18521297218417	0.59011024997271	1.23730567831717	-9.40383680061725	1.14365598388903	11.7570678436058	21.160904644223	0.0839	0.9996	4.96116105497449	1.78157700367697	5.14627141215165	7.92905788393168	6.14748088025471	0	NA	NA	NA	NA	NA	NA	1	-1.3554428550299	1.83722533325162	1	-0.170746279810267	0.0291542920690459	1	-3.44024795032603	11.8353059597224	1	0.283607426331288	0.0804331722702572	1.00159683480592	4274.16798553122	0	1.00151647109509	12092.6205209228	0	NA	NA	NA	NA	NA	NA	NA	NA
661	7	7	benefit_positive_truncnorm	benefit_positive_truncnorm	continuous	1	waning	benefit	1	1	NA	2.04628823234039	4.27016771288672	1000	360	600	1000	1000	360	700	0.64	0.3	6.84606803411477	24	24	0	2	1	10	4	1	5000	2500	1	0.99	14	10000	101660	0.5918	0.9723	0.64309231518577	-4.72633869122923	0.653069732615204	6.11811116689716	10.8444498581264	1.07110751113346	-0.016666250468579	1.0740143487637	2.15846086088608	2.17512711135466	0.543861558554636	0.660532323750286	-10.629711615647	0.551488891102228	11.9689131580545	22.5986247737015	0.0812	0.9803	2.75064552337437	0.133537839177196	2.78970007341764	5.22995465828596	5.09641681910876	0	NA	NA	NA	NA	NA	NA	1	-1.40319591715462	1.9689587819194	1	-0.975180721206934	0.950977439013676	1	-3.60963538913643	13.0294676425061	1	-1.51952218951235	2.30894768442041	1.00164310893585	4915.12355952189	0	1.0011577969917	11693.0458709119	0	NA	NA	NA	NA	NA	NA	NA	NA
659	7	7	benefit_positive_truncnorm	benefit_positive_truncnorm	continuous	1	waning	benefit	1	1	NA	1.93181137825749	4.04996852953681	1000	360	600	1000	1000	360	705	0.64	0.295	7.07889152029143	24	24	0	2	1	10	4	1	5000	2500	1	0.99	14	10000	101658	0.6898	0.9993	1.23767703814826	-3.68904860889593	1.26909917591439	5.89975306263994	9.58880167153587	1.79240928981926	0.718380024651888	1.79436632993753	2.86219822360797	2.14381819895608	0.722498676548438	2.76292659710344	-7.85688381638737	2.58553456075693	13.1114626889217	20.968346505309	0.0555	0.9916	3.77486990381215	0.771029805849828	3.80231339572008	6.59399179939644	5.82296199354661	0	NA	NA	NA	NA	NA	NA	1	-0.694134340109235	0.481822482118883	1	-0.139402088438235	0.0194329422609414	1	-1.28704193243337	1.65647693584182	1	-0.27509862572466	0.0756792538755968	1.00183792126368	4440.08204599157	0	1.00150681774569	10779.934973086	0	NA	NA	NA	NA	NA	NA	NA	NA
649	7	7	benefit_positive_truncnorm	benefit_positive_truncnorm	continuous	1	waning	benefit	1	1	NA	1.62570121148289	3.46523518748932	1000	360	600	1000	1000	360	723	0.64	0.277	6.86901548428221	24	24	0	2	1	10	4	1	5000	2500	1	0.99	14	10000	101648	0.6909	0.9997	1.36483677324277	-4.03436945162327	1.37968064051053	6.7772879241454	10.8116573757687	2.09430217762231	1.01768604175658	2.09605492743049	3.16157913062334	2.14389308886676	0.626051797617747	1.79826349467153	-9.48778792594332	1.69915549037274	12.7659322065323	22.2537201324756	0.0849	0.9993	4.56404306902585	2.00015188186609	4.57650703521923	7.02373302358821	5.02358114172211	0	NA	NA	NA	NA	NA	NA	1	-0.26086443824012	0.0680502551383335	1	0.468600966139426	0.219586865466803	1	-1.66697169281779	2.77879462465579	1	1.09880788153654	1.20737876052681	1.00162222806711	4630.21161371104	0	1.00173207467532	10265.2786543742	0	NA	NA	NA	NA	NA	NA	NA	NA
706	7	7	benefit_positive_truncnorm	benefit_positive_truncnorm	continuous	1	waning	benefit	1	1	NA	1.74089859175532	3.37804893023496	1000	360	600	1000	1000	360	692	0.64	0.308	7.48748296395695	24	24	0	2	1	10	4	1	5000	2500	1	0.99	14	10000	101705	0.5642	0.9762	0.425643294839333	-4.48802046328899	0.427967177624847	5.33877650785617	9.82679697114516	1.12128752550099	0.0106270396397317	1.12192345748156	2.23499774384141	2.22437070420168	0.536939313984169	0.497348874085992	-10.374476865282	0.459523678413371	11.1656559262357	21.5401327915177	0.0904	0.9369	2.45350315454979	-0.588189328090445	2.43259029315187	5.63909145410286	6.2272807821933	0	NA	NA	NA	NA	NA	NA	1	-1.31525529691599	1.72989649606556	1	-0.619611066254332	0.38391787342483	1	-2.88070005614897	8.29843281349667	1	-0.924545775685166	0.854784891337286	1.00188990551956	4467.49307499434	0	1.00116080529981	10659.936433666	0	NA	NA	NA	NA	NA	NA	NA	NA
648	7	7	benefit_positive_truncnorm	benefit_positive_truncnorm	continuous	1	waning	benefit	1	1	NA	1.90842057357232	3.84414415495595	1000	360	600	1000	1000	360	690	0.64	0.31	7.24090614318203	24	24	0	2	1	10	4	1	5000	2500	1	0.99	14	10000	101647	0.7512	0.9992	1.68090777690347	-3.19447034139915	1.75913584353455	6.50860613076111	9.70307647216026	1.65622512701909	0.582075797369271	1.6568150921182	2.72926420698477	2.1471884096155	0.679668773153192	2.31078690200438	-7.92284853086588	2.10909038671906	12.3280139806123	20.2508625114782	0.0822	0.9998	3.89457556645557	1.64516891758285	3.86996385208484	6.26290839898884	4.61773948140599	0	NA	NA	NA	NA	NA	NA	1	-0.227512796668851	0.0517620726480818	1	-0.252195446553226	0.0636025432621811	1	-1.53335725295157	2.35118446517917	1	0.050431411499626	0.00254332726584461	1.00147341326884	5080.48782646638	0	1.00200082546896	11037.4277447458	0	NA	NA	NA	NA	NA	NA	NA	NA
475	7	7	benefit_positive_truncnorm	benefit_positive_truncnorm	continuous	1	waning	benefit	1	1	NA	1.94322676115294	3.4965300384567	1000	360	600	1000	1000	360	715	0.64	0.285	7.68456122731449	24	24	0	2	1	10	4	1	5000	2500	1	0.99	14	10000	101474	0.6745	0.9998	1.1307166566341	-3.88044423210456	1.16012506999558	5.98876208681316	9.86920631891772	1.77144915705898	0.726568695940555	1.76973206947293	2.81757066003203	2.09100196409148	0.597341243682707	1.25940344627981	-9.65884123275216	1.20966068258842	11.826506046519	21.4853472792711	0.0898	0.999	3.56689327900027	1.28872962784346	3.58343295765869	5.90307550939552	4.61434588155206	0	NA	NA	NA	NA	NA	NA	1	-0.812510104518836	0.66017266994521	1	-0.171777604093956	0.02950754526826	1	-2.23712659217689	5.00473538942498	1	0.070363240543577	0.00495098561979328	1.00154770231032	4266.48364198819	0	1.00165506079786	10538.3159947922	0	NA	NA	NA	NA	NA	NA	NA	NA
704	7	7	benefit_positive_truncnorm	benefit_positive_truncnorm	continuous	1	waning	benefit	1	1	NA	2.06077341399254	4.02919299477878	1000	360	600	1000	1000	360	677	0.64	0.323	7.78900997118284	24	24	0	2	1	10	4	1	5000	2500	1	0.99	14	10000	101703	0.6951	0.9999	1.29462565841918	-3.88364751525971	1.32983463369468	6.28823751856926	10.171885033829	2.12539538009464	1.02171073792056	2.12870793731245	3.23667475566269	2.21496401774213	0.606217035125126	1.43466192121646	-9.60684108334798	1.3709632649552	12.0359098056483	21.6427508889963	0.1089	0.9996	4.26382498310709	1.62524502161327	4.23929475552026	7.2153772078767	5.59013218626344	0	NA	NA	NA	NA	NA	NA	1	-0.766147755573364	0.586982383370102	1	0.0646219661020906	0.00417599850289975	1	-2.59453107356232	6.73159149168044	1	0.234631988328312	0.0550521699468971	1.00159531469885	4394.47304528431	0	1.00135750255594	13293.0119848229	0	NA	NA	NA	NA	NA	NA	NA	NA
665	7	7	benefit_positive_truncnorm	benefit_positive_truncnorm	continuous	1	waning	benefit	1	1	NA	2.03916519845275	4.30066546803249	1000	360	600	1000	1000	360	715	0.64	0.285	7.11437498136216	24	24	0	2	1	10	4	1	5000	2500	1	0.99	14	10000	101664	0.7142	1	1.42522061704609	-3.47576693446238	1.46684998303127	6.21393800346503	9.68970493792741	2.63706295552071	1.55704728799484	2.63835841993145	3.7078102351114	2.15076294711655	0.660872381774995	2.03964195424912	-8.59646603688485	1.93652877996895	12.1566906922628	20.7531567291477	0.0738	1	5.32760897598749	2.73221015126956	5.40240409094372	7.63600498546733	4.90379483419778	0	NA	NA	NA	NA	NA	NA	1	-0.613944581406659	0.376927949038598	1	0.597897757067956	0.357481727906893	1	-2.26102351378336	5.11222732988127	1	1.026943507955	1.05461296853092	1.00146458379262	4626.72801001351	0	1.00173283916896	12316.4970974504	0	NA	NA	NA	NA	NA	NA	NA	NA
678	7	7	benefit_positive_truncnorm	benefit_positive_truncnorm	continuous	1	waning	benefit	1	1	NA	1.88368393154748	3.86704389895784	1000	360	600	1000	1000	360	715	0.64	0.285	7.06271930123997	24	24	0	2	1	10	4	1	5000	2500	1	0.99	14	10000	101677	0.6308	0.9649	0.809491931503498	-3.92641999268969	0.82740590957426	5.49394571675825	9.42036570944794	0.985948694292022	-0.073232116944089	0.980305584521919	2.05617305470999	2.12940517165408	0.615449735449735	1.40508322867347	-8.99139249163049	1.3071230557357	11.8035714966343	20.7949639882648	0.055	0.9524	2.33414221442047	-0.322976690544989	2.32001389154027	4.99860900623171	5.32158569677669	0	NA	NA	NA	NA	NA	NA	1	-1.07419200004398	1.15388845295849	1	-0.897735237255459	0.805928556210115	1	-2.46196067028437	6.06125034202706	1	-1.53290168453737	2.34978757445752	1.00122112838923	4457.51973883328	0	1.00282447468853	12001.7786092634	0	NA	NA	NA	NA	NA	NA	NA	NA
681	7	7	benefit_positive_truncnorm	benefit_positive_truncnorm	continuous	1	waning	benefit	1	1	NA	1.98195637695467	3.38313721902039	1000	360	600	1000	1000	360	720	0.64	0.28	6.94975495291534	24	24	0	2	1	10	4	1	5000	2500	1	0.99	14	10000	101680	0.5703	0.9682	0.468808911931552	-4.91779134442912	0.48833285825314	5.83082551926621	10.7486168636953	0.987347312597171	-0.055596153285128	0.990947830948824	2.03552628123957	2.0911224345247	0.533238262395788	0.458324699836441	-11.2558923629619	0.42176088693165	11.8457994387045	23.1016918016664	0.0884	0.9086	1.42554331378694	-0.712949339455479	1.42113549942532	3.59219118536789	4.30514052482337	0	NA	NA	NA	NA	NA	NA	1	-1.51314746502312	2.28961525090589	1	-0.994609064357501	0.989247190902104	1	-2.92481251918395	8.55452827237517	1	-1.95759390523345	3.83217389780715	1.00305240066276	4736.28778563243	0	1.00119491840881	11309.5440347564	0	NA	NA	NA	NA	NA	NA	NA	NA
768	7	7	benefit_positive_truncnorm	benefit_positive_truncnorm	continuous	1	waning	benefit	1	1	NA	2.19515329492326	3.92571590472046	1000	360	600	1000	1000	360	722	0.64	0.278	7.3943609578921	24	24	0	2	1	10	4	1	5000	2500	1	0.99	14	10000	101767	0.8152	1	2.2981464223454	-2.67676765672942	2.37770265644402	7.06551788073342	9.74228553746284	2.93945528570107	1.87845088436207	2.9406568861658	3.99501270159152	2.11656181722945	0.733826451755354	3.06001665255227	-7.42730593301702	2.97150260868181	12.9546105357685	20.3819164687855	0.0942	1	4.47866427931953	2.09542290543374	4.40322437882212	7.18456935214743	5.08914644671369	0	NA	NA	NA	NA	NA	NA	1	0.102993127422142	0.0106075842961936	1	0.744301990777805	0.553985453475804	1	-0.865699252168194	0.74943519520457	1	0.552948374599068	0.305751904971751	1.00095917126428	4723.08761337966	0	1.00203538428077	10579.2313783297	0	NA	NA	NA	NA	NA	NA	NA	NA
653	7	7	benefit_positive_truncnorm	benefit_positive_truncnorm	continuous	1	waning	benefit	1	1	NA	2.00483638996285	4.00531172897832	1000	360	600	1000	1000	360	723	0.64	0.277	6.84757916639509	24	24	0	2	1	10	4	1	5000	2500	1	0.99	14	10000	101652	0.715	1	1.54465591150751	-3.89457847507303	1.59014084990125	6.74050470905891	10.6350831841319	2.96259652526742	1.8859794758701	2.96838975272325	4.03533766479937	2.14935818892927	0.620561564514367	1.69793478727587	-9.46434277545469	1.58072721350963	12.745142627647	22.2094854031017	0.0847	1	5.5470210785206	3.31523700805069	5.49331347863031	7.95729023711223	4.64205322906154	0	NA	NA	NA	NA	NA	NA	1	-0.46018047845534	0.211766072751386	1	0.957760135304572	0.917304476778632	1	-2.30737694170245	5.32398835110013	1	1.54170934954228	2.37686771846608	1.00198119396108	3729.25777055805	0	1.00163026120644	11871.2337603713	0	NA	NA	NA	NA	NA	NA	NA	NA
677	7	7	benefit_positive_truncnorm	benefit_positive_truncnorm	continuous	1	waning	benefit	1	1	NA	1.53517574270469	2.93664316710472	1000	360	600	1000	1000	360	735	0.64	0.265	6.66649260248418	24	24	0	2	1	10	4	1	5000	2500	1	0.99	14	10000	101676	0.5705	0.8843	0.46558593048244	-4.63469714683165	0.477979198865322	5.6272475100309	10.2619446568626	0.661793744190272	-0.418562936757598	0.662526561363141	1.72708403624085	2.14564697299845	0.522335297268345	0.284638465064587	-11.0314614736443	0.239475419334108	11.4579708666446	22.4894323402889	0.0665	0.688	0.447002259906858	-1.3738983851021	0.452117268510541	2.21672045090418	3.59061883600628	0	NA	NA	NA	NA	NA	NA	1	-1.06958981222225	1.14402236640963	1	-0.873381998514421	0.762796115329043	1	-2.65200470204013	7.03312893964296	0	-2.48964090719786	6.19831184679298	1.00179222341455	4078.28284519059	0	1.00187465413012	13501.5797373429	0	NA	NA	NA	NA	NA	NA	NA	NA
720	7	7	benefit_positive_truncnorm	benefit_positive_truncnorm	continuous	1	waning	benefit	1	1	NA	1.61516981080221	3.03507153993506	1000	360	600	1000	1000	360	694	0.64	0.306	7.42823390352936	24	24	0	2	1	10	4	1	5000	2500	1	0.99	14	10000	101719	0.6794	0.9944	1.19388098702828	-3.86713360014109	1.20884641089575	6.04456313148953	9.91169673163061	1.3963865895065	0.304370007085499	1.39982557501613	2.48268102203583	2.17831101495033	0.602862449470119	1.4218027131813	-9.29627938554022	1.35797300375684	11.9632384484795	21.2595178340198	0.0847	0.9925	2.87048736915215	0.576854961080005	2.8276401050927	5.45171042904178	4.87485546796177	0	NA	NA	NA	NA	NA	NA	1	-0.421288823773937	0.177484273036827	1	-0.218783221295711	0.047866097920528	1	-1.61326882675375	2.60263630737543	1	-0.164584170782905	0.0270879492722964	1.00172963957328	4825.31850448096	0	1.0020425611483	11676.2705026429	0	NA	NA	NA	NA	NA	NA	NA	NA
667	7	7	benefit_positive_truncnorm	benefit_positive_truncnorm	continuous	1	waning	benefit	1	1	NA	2.48868026721821	5.08610260023527	1000	360	600	1000	1000	360	725	0.64	0.275	7.37315621237707	24	24	0	2	1	10	4	1	5000	2500	1	0.99	14	10000	101666	0.8235	1	2.36555856805185	-2.67620131080683	2.4593956910485	7.19383226426867	9.8700335750755	2.70865837117696	1.65376132406371	2.70742732740479	3.76736325478162	2.1136019307179	0.731519678893968	3.13628755059771	-7.30947565748809	3.02726082122267	13.0882762084944	20.3977518659825	0.1031	0.9999	4.45452713624915	2.48725879280586	4.43698903669465	6.41792374971621	3.93066495691034	0	NA	NA	NA	NA	NA	NA	1	-0.123121699166358	0.0151589528056113	1	0.219978103958754	0.0483903662212885	1	-1.94981504963756	3.80177872779312	1	-0.631575463986116	0.398887566709278	1.0023741567048	4022.73216244703	0	1.00127687192406	12576.5443189401	0	NA	NA	NA	NA	NA	NA	NA	NA
650	7	7	benefit_positive_truncnorm	benefit_positive_truncnorm	continuous	1	waning	benefit	1	1	NA	1.94793847391979	3.87599163311988	1000	360	600	1000	1000	360	702	0.64	0.298	6.85803184433071	24	24	0	2	1	10	4	1	5000	2500	1	0.99	14	10000	101649	0.7624	1	2.00632924297565	-3.51049755856177	2.06830286629471	7.218163593307	10.7286611518688	2.65894481658782	1.56804322010416	2.66152994684897	3.71079578602224	2.14275256591808	0.668499780026397	2.47268040019164	-8.71786796459901	2.25844546098292	13.479089365242	22.196957329841	0.0908	0.9999	5.91697143190911	3.5419968496469	5.93558742778334	8.11453239104647	4.57253554139957	0	NA	NA	NA	NA	NA	NA	1	0.0583907690558587	0.00340948191093463	1	0.711006342668036	0.505530019314176	1	-1.40331123292825	1.96928241646259	1	2.04097979878923	4.16559853906571	1.00161972758547	4695.0907535165	0	1.00156286149737	13377.0202345164	0	NA	NA	NA	NA	NA	NA	NA	NA
670	7	7	benefit_positive_truncnorm	benefit_positive_truncnorm	continuous	1	waning	benefit	1	1	NA	1.40673291099834	2.6954001060662	1000	360	600	1000	1000	360	718	0.64	0.282	6.69726535867931	24	24	0	2	1	10	4	1	5000	2500	1	0.99	14	10000	101669	0.5652	0.9973	0.434761047841725	-4.92494026836289	0.44476467820752	5.68585870802084	10.6107989763837	1.55358310183054	0.461415931014735	1.5531358413503	2.62746866162808	2.16605273061335	0.530916154095176	0.477434065423825	-10.8845666349169	0.402726220514159	11.707232496026	22.5917991309429	0.0733	0.9955	3.45736463462717	0.756033960362621	3.39913780141701	6.20754861575115	5.45151465538853	0	NA	NA	NA	NA	NA	NA	1	-0.971971863156612	0.944729302768135	1	0.146850190832201	0.0215649785474538	1	-2.21796604064238	4.91937335744283	1	0.761964528560961	0.580589942785128	1.00169366767289	4214.40516469645	0	1.00231120975074	12931.4981539804	0	NA	NA	NA	NA	NA	NA	NA	NA
770	7	7	benefit_positive_truncnorm	benefit_positive_truncnorm	continuous	1	waning	benefit	1	1	NA	1.99105525751997	4.03260028720235	1000	360	600	1000	1000	360	754	0.64	0.246	6.65634138517323	24	24	0	2	1	10	4	1	5000	2500	1	0.99	14	10000	101769	0.6994	1	1.42198440724179	-4.00359388073606	1.4713954026405	6.71519393785837	10.7187878185944	2.45417647234561	1.38885252138843	2.44589371923694	3.53768110706556	2.14882858567713	0.616946931644464	1.61076580425339	-9.96255783648422	1.49973946837075	12.6420085301408	22.6045663666251	0.0842	0.9999	4.24207050226294	1.97494174797209	4.20312823468681	6.90320129634792	4.92825954837583	0	NA	NA	NA	NA	NA	NA	1	-0.569070850278176	0.323841632636327	1	0.463121214825637	0.214481259621574	1	-2.42183448294896	5.86528226280067	1	0.209470215060593	0.0438777709975311	1.00128088638097	4562.2559525918	0	1.00213666834815	13615.8428679762	0	NA	NA	NA	NA	NA	NA	NA	NA
769	7	7	benefit_positive_truncnorm	benefit_positive_truncnorm	continuous	1	waning	benefit	1	1	NA	1.10624400438472	2.38390313643435	1000	360	600	1000	1000	360	723	0.64	0.277	6.78576913797251	24	24	0	2	1	10	4	1	5000	2500	1	0.99	14	10000	101768	0.5608	0.8243	0.387363359726575	-4.91032945510485	0.40356790567149	5.66145141804926	10.5717808731541	0.51590917171808	-0.565171540736915	0.522110992645155	1.56741294842205	2.13258448915896	0.535168527148586	0.498002290736351	-10.8514756463456	0.445865762466417	11.8188440692411	22.6703197155867	0.0773	0.7893	0.903412722831019	-1.33147739214019	0.951464694396419	2.99821910980252	4.32969650194271	0	NA	NA	NA	NA	NA	NA	1	-0.718880644658149	0.516789381264116	1	-0.590334832666644	0.348495214659554	1	-1.885900845698	3.55662199980444	1	-1.48049041360333	2.19185186477137	1.00227098393786	4166.54018021538	0	1.00120308362024	11048.1688620742	0	NA	NA	NA	NA	NA	NA	NA	NA
780	7	7	benefit_positive_truncnorm	benefit_positive_truncnorm	continuous	1	waning	benefit	1	1	NA	2.12340150717964	4.07220163921347	1000	360	600	1000	1000	360	716	0.64	0.284	8.08648197295205	24	24	0	2	1	10	4	1	5000	2500	1	0.99	14	10000	101779	0.8324	0.9999	2.29686620049283	-2.42177183687386	2.36350843160913	6.72837410858433	9.15014594545819	2.10538209280813	1.05126425884179	2.10628714504339	3.17039114612497	2.11912688728318	0.829758562605278	4.22780347979275	-5.78642580791	4.06337396302092	13.3528742929729	19.1393001008829	0.1095	0.9999	3.59148543053538	1.74995396240699	3.53375992630939	5.7020705568803	3.95211659447331	0	NA	NA	NA	NA	NA	NA	1	0.173464693313196	0.0300899998262411	1	-0.0180194143715111	0.000324699294292221	1	0.155601840579277	0.0242119327916588	1	-0.480716208678098	0.231088073285845	1.00128911637933	4888.54286132754	0	1.0018780863361	12109.479782799	0	NA	NA	NA	NA	NA	NA	NA	NA
686	7	7	benefit_positive_truncnorm	benefit_positive_truncnorm	continuous	1	waning	benefit	1	1	NA	2.22797769030839	4.17810455187218	1000	360	600	1000	1000	360	686	0.64	0.314	7.7645144343298	24	24	0	2	1	10	4	1	5000	2500	1	0.99	14	10000	101685	0.7746	1	1.95076659188105	-3.10541981729007	2.00323330983255	6.90327370827612	10.0086935255662	2.57762272158515	1.51095113618476	2.58483396919911	3.64425901624938	2.13330788006462	0.666147166870756	2.22325005714358	-8.73154831993064	2.1970924972505	12.2688608591489	21.0004091790795	0.1017	1	5.73106164234169	2.80223658723053	5.75641540820173	8.55325348442583	5.7510168971953	0	NA	NA	NA	NA	NA	NA	1	-0.277211098427343	0.0768459930912943	1	0.349645031276753	0.122251647896522	1	-1.9548544947286	3.82145609556062	1	1.55295709046951	2.41167572483952	1.00198062754021	4533.54333965622	0	1.0011441891983	12437.4846820651	0	NA	NA	NA	NA	NA	NA	NA	NA
740	7	7	benefit_positive_truncnorm	benefit_positive_truncnorm	continuous	1	waning	benefit	1	1	NA	2.26295723825353	4.23134761865129	1000	360	600	1000	1000	360	706	0.64	0.294	7.51893680704756	24	24	0	2	1	10	4	1	5000	2500	1	0.99	14	10000	101739	0.7705	0.9998	1.88239803466627	-3.16328014591426	1.9378035825512	6.74858302519522	9.91186317110948	2.11549718166859	1.03572283124284	2.11578014639516	3.20478910215516	2.16906627091232	0.6808181315644	2.46045303299568	-8.11418090957599	2.30002533926761	12.6656887619731	20.7798696715491	0.0955	0.9999	4.52626692652601	2.20002683268988	4.5544000219418	6.76191111518219	4.56188428249231	0	NA	NA	NA	NA	NA	NA	1	-0.380559203587262	0.144825307434971	1	-0.147460056584937	0.0217444682880328	1	-1.77089458565561	3.13606763350434	1	0.294919307874718	0.0869773981573026	1.00165786698866	4007.87243880698	0	1.0023096031349	14174.499531072	0	NA	NA	NA	NA	NA	NA	NA	NA
737	7	7	benefit_positive_truncnorm	benefit_positive_truncnorm	continuous	1	waning	benefit	1	1	NA	1.69204342999132	3.18054214520427	1000	360	600	1000	1000	360	701	0.64	0.299	7.14429952307441	24	24	0	2	1	10	4	1	5000	2500	1	0.99	14	10000	101736	0.64	0.9449	0.876822458365626	-3.93298832095328	0.871046485076438	5.58546767469081	9.51845599564409	0.882086831846465	-0.206252425571583	0.887929093926805	1.9708486963076	2.17710112187919	0.592588637334472	1.14510378660452	-9.62988734538795	1.0518193015404	11.4802762628828	21.1101636082708	0.0636	0.954	2.13118670185414	-0.330764949954173	2.0914463277489	4.77792168917825	5.10868663913242	0	NA	NA	NA	NA	NA	NA	1	-0.815220971625697	0.664585232578345	1	-0.809956598144857	0.65602969087839	1	-2.03543835859975	4.14300931165923	1	-1.04935544335013	1.10114684648855	1.00126536239461	4493.51262194259	0	1.00190047552571	11548.5888426685	0	NA	NA	NA	NA	NA	NA	NA	NA
696	7	7	benefit_positive_truncnorm	benefit_positive_truncnorm	continuous	1	waning	benefit	1	1	NA	1.47486684485146	2.83170317588482	1000	360	600	1000	1000	360	723	0.64	0.277	7.23859837446315	24	24	0	2	1	10	4	1	5000	2500	1	0.99	14	10000	101695	0.7059	0.9941	1.38332633197585	-3.57541284218664	1.43062577084169	6.20392979553208	9.77934263771872	1.38845161943771	0.304146210546191	1.39238394703527	2.48380443260282	2.17965822205662	0.644386479730464	1.87686872917125	-8.93717463980398	1.8171441974624	12.1020624555561	21.0392370953601	0.0799	0.9935	3.00949871112006	0.602311551539377	3.00393415333108	5.43403533147697	4.83172377993759	0	NA	NA	NA	NA	NA	NA	1	-0.091540512875613	0.00837966549753028	1	-0.0864152254137438	0.00746759118330815	1	-0.954834446713567	0.911708820630804	1	0.177795535235242	0.031611252349586	1.00123209777791	4627.62754415263	0	1.00125568513055	11659.5363200686	0	NA	NA	NA	NA	NA	NA	NA	NA
779	7	7	benefit_positive_truncnorm	benefit_positive_truncnorm	continuous	1	waning	benefit	1	1	NA	2.04757011841976	3.517572969433	1000	360	600	1000	1000	360	713	0.64	0.287	7.32722537390591	24	24	0	2	1	10	4	1	5000	2500	1	0.99	14	10000	101778	0.7055	0.9997	1.33260510849691	-3.73100801532121	1.38845039743949	6.08952765564661	9.82053567096782	1.84821129577795	0.789754616312813	1.84504594515568	2.91400409747492	2.12424948116211	0.629475528303953	1.71361795334519	-9.13396559741286	1.65709487740166	11.9452160799021	21.079181677315	0.0867	0.9989	2.83135973187824	0.96331345385156	2.79199725297426	4.91655239405579	3.95323894020423	0	NA	NA	NA	NA	NA	NA	1	-0.714965009922855	0.511174965413988	1	-0.199358822641812	0.0397439401651293	1	-1.80395501608781	3.25425370006838	1	-0.686213237554767	0.470888607395395	1.00162122889479	4363.60932918107	0	1.00181180272346	13050.6095142109	0	NA	NA	NA	NA	NA	NA	NA	NA
699	7	7	benefit_positive_truncnorm	benefit_positive_truncnorm	continuous	1	waning	benefit	1	1	NA	2.19423260552561	4.40969985738285	1000	360	600	1000	1000	360	691	0.64	0.309	7.59161747076647	24	24	0	2	1	10	4	1	5000	2500	1	0.99	14	10000	101698	0.5797	0.9997	0.481136902418842	-4.41928712061954	0.486788493165166	5.40563850460466	9.82492562522419	1.91800214735606	0.799663304348108	1.92212512313205	3.00887231142915	2.20920900708104	0.526368049426302	0.388628694737096	-10.2901531329153	0.339597211142772	10.8643905532981	21.1545436862134	0.0936	0.9999	4.56106302024849	2.28691311395391	4.4835491011119	7.11399072515963	4.82707761120572	0	NA	NA	NA	NA	NA	NA	1	-1.71309570310676	2.93469688800286	1	-0.276230458169544	0.076303266020556	1	-4.02107116264575	16.1690132950613	1	0.151363162865638	0.0229108070726897	1.00138930127015	4237.35439615797	0	1.00193310340683	14309.5017976524	0	NA	NA	NA	NA	NA	NA	NA	NA
692	7	7	benefit_positive_truncnorm	benefit_positive_truncnorm	continuous	1	waning	benefit	1	1	NA	1.91077322945298	3.87339837388168	1000	360	600	1000	1000	360	697	0.64	0.303	7.13312659894942	24	24	0	2	1	10	4	1	5000	2500	1	0.99	14	10000	101691	0.6988	1	1.31727228547073	-3.54841212965504	1.32674723708947	6.14875432527685	9.69716645493189	2.48906156574298	1.42253312577283	2.49329275862954	3.5246621403885	2.10212901461567	0.634558743318425	1.7582032819089	-8.85942892290714	1.61898215086484	12.1083214390352	20.9677503619424	0.0833	0.9999	5.05848380175723	2.56471111150139	5.10405241308482	7.40297538601252	4.83826427451113	0	NA	NA	NA	NA	NA	NA	1	-0.59350094398225	0.352243370507822	1	0.578288336289995	0.33441739988905	1	-2.11519509197278	4.47405027710574	1	1.18508542787555	1.40442747136297	1.00363503187677	4099.99267484093	0	1.0016703438974	12806.6638596649	0	NA	NA	NA	NA	NA	NA	NA	NA
688	7	7	benefit_positive_truncnorm	benefit_positive_truncnorm	continuous	1	waning	benefit	1	1	NA	2.04479843790907	4.36305774303562	1000	360	600	1000	1000	360	742	0.64	0.258	7.0460297824839	24	24	0	2	1	10	4	1	5000	2500	1	0.99	14	10000	101687	0.8158	1	2.24468246914486	-2.75128665248136	2.31079590440982	6.86488471313448	9.61617136561583	2.37577176753502	1.30947157584859	2.3792789165292	3.41347111429963	2.10399953845104	0.867017845624597	4.66535057467764	-5.46500702941134	4.35450267491345	14.3435556671192	19.8085626965305	0.0698	0.9999	4.51037087808777	1.98797867656248	4.54602390000173	6.87130758921202	4.88332891264954	0	NA	NA	NA	NA	NA	NA	1	0.199884031235796	0.0399536259430727	1	0.330973329625954	0.10954334492369	1	0.302292831642013	0.0913809560621467	1	0.147313135052148	0.0217011597588923	1.00179352865217	4795.87868472321	0	1.00208523260218	11884.1283877657	0	NA	NA	NA	NA	NA	NA	NA	NA
697	7	7	benefit_positive_truncnorm	benefit_positive_truncnorm	continuous	1	waning	benefit	1	1	NA	1.65544966747328	3.37192425422114	1000	360	600	1000	1000	360	704	0.64	0.296	7.47327586026007	24	24	0	2	1	10	4	1	5000	2500	1	0.99	14	10000	101696	0.8014	1	2.18724313272758	-2.843818260865	2.2212379119168	6.97544030254943	9.81925856341443	2.53061753279828	1.43819687105031	2.54233857362717	3.60526610857912	2.16706923752881	0.729596963268952	3.04252455705621	-7.52418053021435	2.89628964549626	12.9386953604144	20.4628758906287	0.1043	1	5.28568028475803	2.77225741155642	5.34470695167654	7.50067195466665	4.72841454311024	0	NA	NA	NA	NA	NA	NA	1	0.531793465254302	0.282804289687178	1	0.875167865325005	0.765918792497526	1	-0.329399697164931	0.108504160492348	1	1.91375603053689	3.6624621444163	1.00131258125522	4487.30709711335	0	1.00173068116707	12354.0070436165	0	NA	NA	NA	NA	NA	NA	NA	NA
664	7	7	benefit_positive_truncnorm	benefit_positive_truncnorm	continuous	1	waning	benefit	1	1	NA	2.43700202623049	4.85400492649241	1000	360	600	1000	1000	360	698	0.64	0.302	7.97605046529868	24	24	0	2	1	10	4	1	5000	2500	1	0.99	14	10000	101663	0.7192	0.9965	1.51814569481742	-3.68873088459205	1.5932063740814	6.4583057065677	10.1470365911597	1.54283242197601	0.475957794398954	1.53828083497919	2.61621918748864	2.14026139308968	0.629808231467982	1.75457756069706	-8.91125297583507	1.69381487312085	12.0131653906796	20.9244183665147	0.1083	0.9987	3.6292230207733	1.64594320302381	3.64119494311699	5.53277055100222	3.88682734797841	0	NA	NA	NA	NA	NA	NA	1	-0.918856331413075	0.844296957777895	1	-0.894169604254486	0.799539281172624	1	-3.09942736579535	9.60644999584112	1	-1.22478190571911	1.50009071657693	1.00112362761759	4366.8177227907	0	1.00112124604243	10579.4997328875	0	NA	NA	NA	NA	NA	NA	NA	NA
673	7	7	benefit_positive_truncnorm	benefit_positive_truncnorm	continuous	1	waning	benefit	1	1	NA	2.24448724736683	4.33642525204211	1000	360	600	1000	1000	360	709	0.64	0.291	7.33716788106701	24	24	0	2	1	10	4	1	5000	2500	1	0.99	14	10000	101672	0.6869	0.9853	1.22006929972651	-3.79489984800281	1.25115716631057	6.02041639367745	9.81531624168026	1.18131796393538	0.122306262834925	1.18126686525756	2.23748095736729	2.11517469453236	0.594786989376848	1.25956313776043	-9.79681605144624	1.17511250688758	11.8913676425332	21.6881836939794	0.0869	0.9842	2.09460157016485	0.191175085216409	2.07729857587665	4.07380577406971	3.8826306888533	0	NA	NA	NA	NA	NA	NA	1	-1.02441794764032	1.0494321314476	0	-1.06316928343145	1.13032892523215	1	-3.07686211428167	9.46708047030188	0	-2.24182368187725	5.02577342062568	1.00107974543106	4468.07408670116	0	1.00162683089849	11781.8962196518	0	NA	NA	NA	NA	NA	NA	NA	NA
716	7	7	benefit_positive_truncnorm	benefit_positive_truncnorm	continuous	1	waning	benefit	1	1	NA	1.5356129885821	2.57191807861979	1000	360	600	1000	1000	360	725	0.64	0.275	7.7191757057158	24	24	0	2	1	10	4	1	5000	2500	1	0.99	14	10000	101715	0.6319	0.9483	0.814311734134957	-4.18585414028764	0.877918749256764	5.63239017475982	9.81824431504746	0.88544646254551	-0.174870657262365	0.881910543421204	1.92902566744551	2.10389632470788	0.562493093159465	0.867244552059819	-10.0103680445738	0.775986477817563	11.6036711755803	21.614039220154	0.0951	0.6707	0.512200268024524	-1.6297325451918	0.48387233888055	2.74800977502251	4.37774232021431	0	NA	NA	NA	NA	NA	NA	1	-0.721301254447147	0.520275499667027	1	-0.650166526036594	0.422716511578493	1	-1.70467352655997	2.90591183215441	1	-2.05971781059527	4.24243745928336	1.00151148727717	4783.97049902543	0	1.00176416887037	11478.9379570629	0	NA	NA	NA	NA	NA	NA	NA	NA
698	7	7	benefit_positive_truncnorm	benefit_positive_truncnorm	continuous	1	waning	benefit	1	1	NA	1.35248228347605	2.44763556318821	1000	360	600	1000	1000	360	717	0.64	0.283	6.79768897263831	24	24	0	2	1	10	4	1	5000	2500	1	0.99	14	10000	101697	0.5959	0.9934	0.650118837239845	-4.81389715650768	0.673604170741934	5.8956976465784	10.7095948030861	1.38839572072765	0.322005920460882	1.39214260979475	2.45344623973047	2.13144031926959	0.549179437017715	0.698287556054135	-10.9047103372023	0.611483875476482	12.2025709055544	23.1072812427567	0.0799	0.9686	2.2183945451903	-0.107994927083325	2.20417934597625	4.64010328175058	4.74809820883391	0	NA	NA	NA	NA	NA	NA	1	-0.702363446236203	0.493314410608796	1	0.0359134372515979	0.00128977497522446	1	-1.74934800713407	3.06021845006395	1	-0.229241017997902	0.0525514443327146	1.00136090966584	4225.26806157968	0	1.00178981507398	6784.75695885011	0	NA	NA	NA	NA	NA	NA	NA	NA
758	7	7	benefit_positive_truncnorm	benefit_positive_truncnorm	continuous	1	waning	benefit	1	1	NA	1.94510374573349	3.88240916160875	1000	360	600	1000	1000	360	722	0.64	0.278	7.27693314093383	24	24	0	2	1	10	4	1	5000	2500	1	0.99	14	10000	101757	0.6473	0.9964	0.9305359484863	-4.01195705875321	0.968551092146138	5.81924184576973	9.83119890452294	1.49292759921435	0.420946305092494	1.49238761532602	2.57267048463797	2.15172417954547	0.586377097729516	1.13717230945774	-9.61363906759627	1.0472916815667	11.695526532478	21.3091656000742	0.0883	0.9929	3.20286561556506	0.716846839970699	3.23703700166339	5.54445106921971	4.82760422924902	0	NA	NA	NA	NA	NA	NA	1	-1.01456779724719	1.02934781521102	1	-0.452176146519149	0.204463267480907	1	-2.74523685215101	7.536325374408	1	-0.679543546043689	0.461779430969631	1.00118645623617	4498.42274178551	0	1.0015692749379	7027.89008212443	0	NA	NA	NA	NA	NA	NA	NA	NA
710	7	7	benefit_positive_truncnorm	benefit_positive_truncnorm	continuous	1	waning	benefit	1	1	NA	2.28271456063765	4.01054064090414	1000	360	600	1000	1000	360	711	0.64	0.289	7.53461033258895	24	24	0	2	1	10	4	1	5000	2500	1	0.99	14	10000	101709	0.655	0.9982	1.01184954602379	-3.9890248513445	1.02231002313816	5.97151574332385	9.96054059466835	1.60094769423236	0.542754429898069	1.59665326232388	2.65241722022279	2.10966279032472	0.572489894023817	1.02018367115008	-9.9503378936351	0.912040553913583	11.6895032742232	21.6398411678583	0.0847	0.9941	2.69383155917875	0.611883004639129	2.67490862563997	4.70373526172483	4.0918522570857	0	NA	NA	NA	NA	NA	NA	1	-1.27086501461385	1.61509788536947	1	-0.681766866405284	0.46480606012808	1	-2.99035696975405	8.94223480655665	1	-1.31670908172539	1.73372280589812	1.00198544447208	4767.96862065663	0	1.00146091718131	12710.281325915	0	NA	NA	NA	NA	NA	NA	NA	NA
715	7	7	benefit_positive_truncnorm	benefit_positive_truncnorm	continuous	1	waning	benefit	1	1	NA	2.27834073802679	4.75945583530538	1000	360	600	1000	1000	360	695	0.64	0.305	7.45817774767414	24	24	0	2	1	10	4	1	5000	2500	1	0.99	14	10000	101714	0.7756	1	1.90654076172137	-3.11820423902178	1.95497687545889	6.86079334968088	9.97899758870266	2.85683849347399	1.76479236597345	2.86126330875024	3.94589211527567	2.18109974930222	0.706329951477724	2.71314682514197	-7.58664072102151	2.46087573135581	12.7726948038755	20.359335524897	0.0932	1	5.76214056196906	3.15113324032775	5.73542364209474	8.44861090216253	5.29747766183478	0	NA	NA	NA	NA	NA	NA	1	-0.371799976305421	0.138235222380711	1	0.578497755447194	0.334659653057442	1	-2.04630901016341	4.18738056507595	1	1.00268472666368	1.00537666108462	1.00173873766965	4397.2400769072	0	1.00168759807772	11169.9908074816	0	NA	NA	NA	NA	NA	NA	NA	NA
741	7	7	benefit_positive_truncnorm	benefit_positive_truncnorm	continuous	1	waning	benefit	1	1	NA	1.88266687597939	3.58320493728415	1000	360	600	1000	1000	360	728	0.64	0.272	6.83273207797001	24	24	0	2	1	10	4	1	5000	2500	1	0.99	14	10000	101740	0.6932	0.9998	1.38381575310151	-4.05302563323378	1.44018928152705	6.50272920877601	10.5557548420098	1.89345231568362	0.790165573258872	1.89272979767184	2.96990839417037	2.1797428209115	0.620379403794038	1.75115761291923	-9.35454245110228	1.59105882281224	12.67368737039	22.0282298214923	0.0775	0.998	3.48149564364966	0.913593607178169	3.4539295940248	6.27121446469885	5.35762085752068	0	NA	NA	NA	NA	NA	NA	1	-0.498851122877881	0.248852442796522	1	0.0107854397042235	0.000116325709613441	1	-1.83204732436493	3.3563973987127	1	-0.101709293634491	0.0103447804116272	1.00131159059403	4282.40251530342	0	1.00114811052832	12602.9125624298	0	NA	NA	NA	NA	NA	NA	NA	NA
675	7	7	benefit_positive_truncnorm	benefit_positive_truncnorm	continuous	1	waning	benefit	1	1	NA	1.88031159778738	3.15715043363116	1000	360	600	1000	1000	360	714	0.64	0.286	7.0784157570399	24	24	0	2	1	10	4	1	5000	2500	1	0.99	14	10000	101674	0.7636	1	1.77854484838999	-3.24506575410508	1.80694365810857	6.53822090672883	9.78328666083391	2.37343463090851	1.30129852666693	2.36699489779845	3.4712907639095	2.16999223724257	0.704123936286275	2.5725523837678	-7.94507833877705	2.39692071052994	12.7352693109828	20.6803476497599	0.0834	0.9997	4.36620953725873	1.9432406399763	4.42708915950133	6.73471910222983	4.79147846225353	0	NA	NA	NA	NA	NA	NA	1	-0.101766749397388	0.0103564712829108	1	0.493123033121137	0.24317032579459	1	-0.584598049863353	0.341754879904036	1	1.20905910362757	1.4618239160647	1.00164337112575	4306.4458621497	0	1.0017612476085	12673.3020738704	0	NA	NA	NA	NA	NA	NA	NA	NA
669	7	7	benefit_positive_truncnorm	benefit_positive_truncnorm	continuous	1	waning	benefit	1	1	NA	2.55336285307602	4.62440787921117	1000	360	600	1000	1000	360	707	0.64	0.293	7.79589508317836	24	24	0	2	1	10	4	1	5000	2500	1	0.99	14	10000	101668	0.7858	1	2.02275402641412	-3.08710887369719	2.06466220662519	6.814953876263	9.90206274996019	2.40833959755238	1.32674670465618	2.41087287504233	3.46929584265034	2.14254913799416	0.675098369870714	2.3195557319593	-8.60117119930341	2.2132060078006	12.2835641058625	20.8847353051659	0.1105	1	3.89727511322514	2.1730467175218	3.84603311651115	5.88882849833909	3.71578178081729	0	NA	NA	NA	NA	NA	NA	1	-0.530608826661896	0.281545726931514	1	-0.145023255523639	0.0210317446426746	1	-2.30485214725187	5.31234342069158	1	-0.727132765986033	0.528722059370499	1.00172022180264	4420.8628653078	0	1.00126702266151	9489.28302174046	0	NA	NA	NA	NA	NA	NA	NA	NA
712	7	7	benefit_positive_truncnorm	benefit_positive_truncnorm	continuous	1	waning	benefit	1	1	NA	1.7800967766227	3.41252475231935	1000	360	600	1000	1000	360	727	0.64	0.273	6.69373963803401	24	24	0	2	1	10	4	1	5000	2500	1	0.99	14	10000	101711	0.674	0.9862	1.23650381122292	-4.03743655715939	1.27975391554559	6.40029367885784	10.4377302360172	1.23097523527363	0.138316562034296	1.23234730071863	2.32234058005618	2.18402401802188	0.613917914467306	1.54736145591	-9.70744709763322	1.48219946286039	12.4969516084764	22.2043987061096	0.0717	0.9884	2.55841166142532	0.4159110659128	2.49710048854831	4.87226662600664	4.45635556009384	0	NA	NA	NA	NA	NA	NA	1	-0.543592965399778	0.295493312032124	1	-0.549121541349068	0.301534467173576	1	-1.86516329640935	3.47883412227259	1	-0.854113090894025	0.729509172036545	1.00207358810254	4271.79774484535	0	1.00156572211108	12804.5265545591	0	NA	NA	NA	NA	NA	NA	NA	NA
711	7	7	benefit_positive_truncnorm	benefit_positive_truncnorm	continuous	1	waning	benefit	1	1	NA	1.52223172157136	2.62390896397883	1000	360	600	1000	1000	360	730	0.64	0.27	7.04532918871085	24	24	0	2	1	10	4	1	5000	2500	1	0.99	14	10000	101710	0.733	0.9998	1.62110730362119	-3.31665654608155	1.67567636227519	6.46135592420782	9.77801247028936	1.87026429807757	0.794542578334363	1.8658230844486	2.94831886834905	2.15377629001469	0.689834254143646	2.55301074610463	-8.45088128576281	2.43368495827383	12.7810801443653	21.2319614301282	0.095	0.9995	3.18774103242925	1.22603459827981	3.1184869993564	5.44577690791347	4.21974230963367	0	NA	NA	NA	NA	NA	NA	1	0.0988755820498362	0.00977638072569388	1	0.348032576506219	0.121126674309557	1	-0.0708982178742064	0.00502655729773843	1	0.563832068450414	0.317906601413073	1.0018122244138	4252.77516757111	0	1.00177348946358	11667.3421624338	0	NA	NA	NA	NA	NA	NA	NA	NA
717	7	7	benefit_positive_truncnorm	benefit_positive_truncnorm	continuous	1	waning	benefit	1	1	NA	1.84914999778391	3.2893579317323	1000	360	600	1000	1000	360	699	0.64	0.301	7.30579252649628	24	24	0	2	1	10	4	1	5000	2500	1	0.99	14	10000	101716	0.8331	1	2.38769507232875	-2.54546521501393	2.47769606184534	7.11559075389244	9.66105596890637	2.40262355072197	1.33023806717798	2.40571797668226	3.46594596359857	2.13570789642059	0.78184447658249	3.78523650520517	-6.19919784680916	3.5439459215742	13.530488961196	19.7296868080051	0.1011	1	4.28153174192182	1.85182496516876	4.19738636254806	7.24447848641304	5.39265352124429	0	NA	NA	NA	NA	NA	NA	1	0.538545074544833	0.290030797316499	1	0.553473552938059	0.306332973801878	1	0.495878573472868	0.245895559629487	1	0.992173810189513	0.984408869625976	1.00118022238092	4307.26748094164	0	1.00179824709646	12991.8612721061	0	NA	NA	NA	NA	NA	NA	NA	NA
774	7	7	benefit_positive_truncnorm	benefit_positive_truncnorm	continuous	1	waning	benefit	1	1	NA	2.35648684435618	5.03873819045847	1000	360	600	1000	1000	360	743	0.64	0.257	7.25027314547836	24	24	0	2	1	10	4	1	5000	2500	1	0.99	14	10000	101773	0.7541	1	1.74064324677137	-3.22745551372805	1.77707274272794	6.58097745846521	9.80843297219326	2.03912320908969	1.00122365677295	2.04383027984862	3.07199900368056	2.07077534690761	0.717090195223034	2.78778868730464	-7.68541232722126	2.58259914375498	12.7369523324599	20.4223646596812	0.0831	0.998	3.25613312417477	0.875797992987754	3.28479798557339	5.60830271736402	4.73250472437627	0	NA	NA	NA	NA	NA	NA	1	-0.615843597584809	0.3792633366862	1	-0.317363635266493	0.100719676989564	1	-2.25094950315383	5.06677366574848	1	-1.7826050662837	3.17768082234032	1.00158250058045	4937.13528860008	0	1.00179100379773	12608.1072335558	0	NA	NA	NA	NA	NA	NA	NA	NA
718	7	7	benefit_positive_truncnorm	benefit_positive_truncnorm	continuous	1	waning	benefit	1	1	NA	2.16022179833505	4.46705815521577	1000	360	600	1000	1000	360	721	0.64	0.279	6.9091707063411	24	24	0	2	1	10	4	1	5000	2500	1	0.99	14	10000	101717	0.6374	0.9968	0.93930192047925	-4.59689247948393	0.96663814682424	6.23711858247038	10.8340110619543	1.48390287249181	0.389381937035688	1.48267219854678	2.57076888792348	2.1813869508878	0.590943807965085	1.22176081161391	-10.2619392146722	1.21351791687276	12.1373150289175	22.3992542435897	0.0835	0.9988	3.62864610131208	1.47236832123717	3.58454617694319	5.92744648010641	4.45507815886924	0	NA	NA	NA	NA	NA	NA	1	-1.2209198778558	1.49064534814343	1	-0.676318925843242	0.457407289453756	1	-3.24529734360186	10.5319548483893	1	-0.838412053903686	0.702934772130998	1.00127425940104	4546.13348649145	0	1.00138875689749	11202.7486236765	0	NA	NA	NA	NA	NA	NA	NA	NA
676	7	7	benefit_positive_truncnorm	benefit_positive_truncnorm	continuous	1	waning	benefit	1	1	NA	1.58682941957197	2.87106677811271	1000	360	600	1000	1000	360	696	0.64	0.304	7.16566587541301	24	24	0	2	1	10	4	1	5000	2500	1	0.99	14	10000	101675	0.649	0.9946	0.933508567960807	-3.76807694740198	0.962277529810109	5.57088463611462	9.3389615835166	1.38538017942445	0.323366439879417	1.38565515871269	2.42977714569176	2.10641070581234	0.598481653310839	1.24315117136214	-9.28378983772667	1.11470501355401	11.6350186089755	20.9188084467021	0.0516	0.9842	2.79669042658714	0.267401830330483	2.87307667183205	4.90351952539757	4.63611769506709	0	NA	NA	NA	NA	NA	NA	1	-0.653320851611166	0.426828135149939	1	-0.201449240147523	0.0405817963560145	1	-1.62791560675057	2.65010922270208	1	-0.07437635152557	0.00553184166625516	1.00136250725262	4571.65801475891	0	1.00154982371714	10714.1229582258	0	NA	NA	NA	NA	NA	NA	NA	NA
742	7	7	benefit_positive_truncnorm	benefit_positive_truncnorm	continuous	1	waning	benefit	1	1	NA	1.9219334013983	4.24223404800178	1000	360	600	1000	1000	360	698	0.64	0.302	6.84638392885842	24	24	0	2	1	10	4	1	5000	2500	1	0.99	14	10000	101741	0.661	0.9994	1.09972244052765	-4.32263634678655	1.14294302761881	6.30134172825117	10.6239780750377	1.80507981858597	0.709436675752644	1.80274760145598	2.86829608637974	2.1588594106271	0.588714112858871	1.19977901748766	-10.3836522153674	1.17276015122029	12.0589109337201	22.4425631490875	0.0909	0.9977	4.28103397669499	1.34599876683525	4.28423448036116	7.40452259302926	6.058523826194	0	NA	NA	NA	NA	NA	NA	1	-0.822210960870658	0.676030864175851	1	-0.116853582812333	0.0136547598160789	1	-3.04245503051412	9.25653261270068	1	0.0387999286932121	0.00150543446659835	1.00142826012999	4232.70513541095	0	1.0017590457096	11817.7162478643	0	NA	NA	NA	NA	NA	NA	NA	NA
680	7	7	benefit_positive_truncnorm	benefit_positive_truncnorm	continuous	1	waning	benefit	1	1	NA	2.22762802764942	4.19486243033157	1000	360	600	1000	1000	360	707	0.64	0.293	8.07538931013016	24	24	0	2	1	10	4	1	5000	2500	1	0.99	14	10000	101679	0.7843	1	1.81958627077009	-2.84073014659359	1.85865092883039	6.1977326431532	9.03846278974678	2.78710409397001	1.70519791451878	2.78671155482898	3.84985887654725	2.14466096202847	0.722825490841286	2.78584252972496	-7.07385324642272	2.56375064312478	12.4077992227903	19.481652469213	0.0883	1	5.30100175226839	3.10551167110625	5.26288371253355	7.6254153170633	4.51990364595705	0	NA	NA	NA	NA	NA	NA	1	-0.408041756879334	0.166498075357173	1	0.559476066320588	0.313013468785559	1	-1.40901990060661	1.98533708030547	1	1.10613932193682	1.22354419953485	1.00155863123071	4369.85534267354	0	1.0019713940587	12962.5188727353	0	NA	NA	NA	NA	NA	NA	NA	NA
795	7	7	benefit_positive_truncnorm	benefit_positive_truncnorm	continuous	1	waning	benefit	1	1	NA	2.59477304953719	5.04266256605803	1000	360	600	1000	1000	360	697	0.64	0.303	7.60698299363197	24	24	0	2	1	10	4	1	5000	2500	1	0.99	14	10000	101794	0.66	0.9966	0.987682958504013	-4.18333622651495	1.05828342815017	5.81259485343252	9.99593107994747	1.50760872804249	0.436680961104906	1.50756013446399	2.59366614611177	2.15698518500686	0.593329627570873	1.24635500139456	-9.51380524590061	1.15447116528068	11.8108693529408	21.3246745988414	0.1005	0.9923	3.02364253071566	0.608120176885762	2.9862966890213	5.80780886817498	5.19968869128921	0	NA	NA	NA	NA	NA	NA	1	-1.60709009103318	2.58273856069702	0	-1.0871643214947	1.18192626193104	1	-3.79630756466347	14.4119511255211	1	-2.01902003534238	4.07644190311393	1.00145407129813	4640.54020045989	0	1.00143041812379	11028.0045984243	0	NA	NA	NA	NA	NA	NA	NA	NA
759	7	7	benefit_positive_truncnorm	benefit_positive_truncnorm	continuous	1	waning	benefit	1	1	NA	2.52106636514637	5.56385964961521	1000	360	600	1000	1000	360	713	0.64	0.287	7.34674552956661	24	24	0	2	1	10	4	1	5000	2500	1	0.99	14	10000	101758	0.7314	1	1.59753306173204	-3.6224799181914	1.65684137958252	6.52858361973769	10.1510635379291	2.44679906802758	1.37398177992242	2.44321723661325	3.53118581308428	2.15720403316186	0.641014284132433	1.79771270965817	-9.52169332646757	1.82344572001064	12.0327282890004	21.5544216154679	0.0969	0.9999	4.79052642078211	2.2697985952711	4.7636838933856	7.62788009084245	5.35808149557135	0	NA	NA	NA	NA	NA	NA	1	-0.923533303414333	0.85291376251539	1	-0.074267297118793	0.00551563142133108	1	-3.76614693995704	14.1838627733478	1	-0.773333228833099	0.598044282817426	1.0018954515589	4463.05516103741	0	1.00146703014106	6578.52294218814	0	NA	NA	NA	NA	NA	NA	NA	NA
757	7	7	benefit_positive_truncnorm	benefit_positive_truncnorm	continuous	1	waning	benefit	1	1	NA	2.02123023017706	3.74665083189882	1000	360	600	1000	1000	360	733	0.64	0.267	7.16133558194407	24	24	0	2	1	10	4	1	5000	2500	1	0.99	14	10000	101756	0.7312	0.9995	1.52505818320431	-3.39198013235217	1.56300081374214	6.22362465555373	9.61560478790589	1.88274284177667	0.813503361261951	1.88911598729999	2.94197738205396	2.12847402079201	0.692835692835693	2.51592644032827	-7.91170842635617	2.34017795483596	12.8921516210497	20.8038600474059	0.0676	0.9991	3.50198904419393	1.33912592108168	3.50777409106264	5.81592201265858	4.4767960915769	0	NA	NA	NA	NA	NA	NA	1	-0.496172046972742	0.246186700197121	1	-0.138487388400385	0.0191787567459592	1	-1.23072439157055	1.51468252800671	1	-0.244661787704887	0.0598593903629514	1.0011344859127	4400.32590413815	0	1.00149328219763	12638.8138712814	0	NA	NA	NA	NA	NA	NA	NA	NA
728	7	7	benefit_positive_truncnorm	benefit_positive_truncnorm	continuous	1	waning	benefit	1	1	NA	2.28657271550439	4.2872841723499	1000	360	600	1000	1000	360	704	0.64	0.296	6.68758891677952	24	24	0	2	1	10	4	1	5000	2500	1	0.99	14	10000	101727	0.7733	1	2.01922421049975	-3.30286356949536	2.06956095567424	7.24102131803385	10.5438848875292	2.79348010689166	1.71296028285016	2.80007533123184	3.85727963959744	2.14431935674728	0.680004349244319	2.54440121104054	-8.26223902759772	2.39986830506411	13.0602651671447	21.3225041947425	0.0803	1	5.65265179797806	3.75271890360172	5.63365638410677	7.65708304337698	3.90436413977527	0	NA	NA	NA	NA	NA	NA	1	-0.267348505004644	0.0714752231282182	1	0.506907391387262	0.256955103443039	1	-1.74288296130936	3.03764101682248	1	1.36536762562816	1.86422875311348	1.0023394993407	3982.80405173073	0	1.00138553274143	11639.2788117145	0	NA	NA	NA	NA	NA	NA	NA	NA
906	7	7	benefit_positive_truncnorm	benefit_positive_truncnorm	continuous	1	waning	benefit	1	1	NA	2.2439251447956	4.71765897804348	1000	360	600	1000	1000	360	691	0.64	0.309	7.50327841918224	24	24	0	2	1	10	4	1	5000	2500	1	0.99	14	10000	101905	0.7665	1	1.84844667306269	-3.20241233350413	1.91250794080729	6.62441709846861	9.82682943197274	2.65178821729494	1.54774073898278	2.65405324827985	3.73302197684105	2.18528123785827	0.687333333333333	2.51265941207749	-7.95542180323191	2.28692906003177	12.6918842370011	20.647306040233	0.1	1	6.06311637280145	3.12489287619031	6.12154623969874	8.76863368069585	5.64374080450554	0	NA	NA	NA	NA	NA	NA	1	-0.395478471732917	0.156403221604203	1	0.407863072499332	0.166352285908595	1	-2.20499956596599	4.86202308591023	1	1.34545739475797	1.81025560110889	1.00133361657371	4500.69974294567	0	1.00182936293074	9821.42918605382	0	NA	NA	NA	NA	NA	NA	NA	NA
730	7	7	benefit_positive_truncnorm	benefit_positive_truncnorm	continuous	1	waning	benefit	1	1	NA	1.77962833182795	3.09063948177376	1000	360	600	1000	1000	360	721	0.64	0.279	7.25749640914315	24	24	0	2	1	10	4	1	5000	2500	1	0.99	14	10000	101729	0.6048	0.9972	0.687434229603761	-4.15495002831218	0.694877905606651	5.54195952908217	9.69690955739435	1.54879404524968	0.497010895698001	1.54248464254202	2.61017453949609	2.11316364379809	0.53347755543537	0.430065447117043	-10.4818167969807	0.413655103426805	11.2491790579401	21.7309958549209	0.0755	0.9875	2.47427993047757	0.323225526019656	2.47576935865942	4.58474307388868	4.26151754786902	0	NA	NA	NA	NA	NA	NA	1	-1.09219410222419	1.19288795693331	1	-0.230834286578273	0.0532844678601003	1	-2.66057403465672	7.07865419388951	1	-0.616359551296191	0.379899096474042	1.00161188100766	4726.01987265544	0	1.00161470864339	13561.6413815047	0	NA	NA	NA	NA	NA	NA	NA	NA
794	7	7	benefit_positive_truncnorm	benefit_positive_truncnorm	continuous	1	waning	benefit	1	1	NA	1.53281760950096	2.94826907871351	1000	360	600	1000	1000	360	726	0.64	0.274	7.21917710976331	24	24	0	2	1	10	4	1	5000	2500	1	0.99	14	10000	101793	0.6585	0.9997	1.0214943469413	-3.79036412425643	1.0339672052243	5.80730496022545	9.59766908448188	1.84464562629619	0.785482129182199	1.84629480451703	2.88798653823869	2.10250440905649	0.571936248115443	1.01621158605547	-9.55071245567922	0.900433845407663	11.655214242406	21.2059266980852	0.0714	0.9992	3.36486171425806	1.42012011992285	3.38990980123354	5.27314374864241	3.85302362871957	0	NA	NA	NA	NA	NA	NA	1	-0.511323262559659	0.261451478834654	1	0.311828016795233	0.097236712058448	1	-1.93205749265804	3.73284615493608	1	0.416592635544546	0.173549423989951	1.00101120758839	4424.03156276487	0	1.00158679936616	13138.7171253956	0	NA	NA	NA	NA	NA	NA	NA	NA
702	7	7	benefit_positive_truncnorm	benefit_positive_truncnorm	continuous	1	waning	benefit	1	1	NA	2.14413228578372	3.70573358833826	1000	360	600	1000	1000	360	722	0.64	0.278	7.02861052493823	24	24	0	2	1	10	4	1	5000	2500	1	0.99	14	10000	101701	0.7957	0.9996	2.07943466648642	-2.93986073101889	2.15501879502791	6.71687381352729	9.65673454454618	1.89864505774814	0.830228520025683	1.90109661925586	2.95284184416869	2.12261332414301	0.829355998692383	4.31624978199718	-6.31473597982059	4.16583033694743	14.2078671116033	20.5226030914239	0.0823	0.9999	4.33495026079891	2.4233427577665	4.39813526016964	5.88526788139337	3.46192512362687	0	NA	NA	NA	NA	NA	NA	1	-0.0646976192972928	0.00418578194273743	1	-0.245487228035574	0.0602639791285899	1	0.610516193658919	0.372730022719774	1	0.629216672460646	0.395913620902448	1.00249677795764	4408.29238081384	0	1.00181767053691	11374.2307629318	0	NA	NA	NA	NA	NA	NA	NA	NA
739	7	7	benefit_positive_truncnorm	benefit_positive_truncnorm	continuous	1	waning	benefit	1	1	NA	2.23660707309178	4.65798914723609	1000	360	600	1000	1000	360	682	0.64	0.318	7.91487664166461	24	24	0	2	1	10	4	1	5000	2500	1	0.99	14	10000	101738	0.7385	0.9999	1.6217049568098	-3.51267671862592	1.66149412953494	6.47711757134218	9.9897942899681	2.22419837726111	1.152243398555	2.22494083077122	3.30768938515919	2.1554459866042	0.638369736545823	1.86892919049568	-9.02083500673703	1.76258606444896	12.2880595352297	21.3088945419667	0.1118	0.9994	4.71880751736216	1.91761376024515	4.69739814232017	7.68048831702738	5.76287455678223	0	NA	NA	NA	NA	NA	NA	1	-0.614902116281982	0.37810461260806	1	-0.0124086958306764	0.000153975732218246	1	-2.78905995674041	7.77885544229283	1	0.0608183701260696	0.0036988741447916	1.00154052345866	4205.01134588496	0	1.00133919035214	11182.2497344498	0	NA	NA	NA	NA	NA	NA	NA	NA
784	7	7	benefit_positive_truncnorm	benefit_positive_truncnorm	continuous	1	waning	benefit	1	1	NA	1.64739140663564	3.25776105099865	1000	360	600	1000	1000	360	724	0.64	0.276	7.22554779882786	24	24	0	2	1	10	4	1	5000	2500	1	0.99	14	10000	101783	0.501	0.9776	0.0207901614325334	-4.96097344662446	0.00839671964127664	5.03097228981825	9.99194573644271	1.11141724268015	0.0262748345803862	1.11198614349805	2.22851657044804	2.20224173586766	0.483287671232877	-0.161056502535121	-10.9765319881989	-0.181802789354967	10.8081538378862	21.7846858260851	0.0875	0.984	2.43052630087823	0.212215343255652	2.43766206664915	4.7136606150696	4.50144527181395	0	NA	NA	NA	NA	NA	NA	1	-1.62660124520311	2.6458316108963	1	-0.535974163955496	0.287268304427793	1	-3.41881755353377	11.6883134643506	1	-0.827234750120418	0.684317331806791	1.00189962624881	4468.23248330018	0	1.0019060673243	10951.5073946844	0	NA	NA	NA	NA	NA	NA	NA	NA
729	7	7	benefit_positive_truncnorm	benefit_positive_truncnorm	continuous	1	waning	benefit	1	1	NA	1.19514038290086	2.27461970420086	1000	360	600	1000	1000	360	734	0.64	0.266	6.6592863705405	24	24	0	2	1	10	4	1	5000	2500	1	0.99	14	10000	101728	0.6044	0.9817	0.742625392578835	-4.56621050745907	0.756238303011165	5.88408968611267	10.4503001935717	1.16583485942444	0.0832439621727851	1.16282319788224	2.24407972903766	2.16083576686487	0.58256288970114	1.11311953531097	-10.7091624315979	1.03929947365905	12.2751715066386	22.9843339382365	0.0698	0.9898	3.03258043657687	0.510525088971408	3.07980804972946	5.26669193477405	4.75616684580264	0	NA	NA	NA	NA	NA	NA	1	-0.452514990322029	0.204769816466146	1	-0.0293055234764188	0.000858813706226933	1	-1.16150016888989	1.34908264233125	1	0.757960732376012	0.574504471823981	1.00119149287909	4127.45324908992	0	1.0014935898182	12965.5366198434	0	NA	NA	NA	NA	NA	NA	NA	NA
722	7	7	benefit_positive_truncnorm	benefit_positive_truncnorm	continuous	1	waning	benefit	1	1	NA	2.01250566475712	4.13494638857434	1000	360	600	1000	1000	360	718	0.64	0.282	7.05807715645792	24	24	0	2	1	10	4	1	5000	2500	1	0.99	14	10000	101721	0.7258	0.9996	1.51327962178523	-3.4625679372644	1.56262682240352	6.3948958111226	9.85746374838699	1.89829283884813	0.838904253284687	1.89902645523792	2.97507937872928	2.1361751254446	0.665967546086765	2.18481628613574	-8.80732415397668	2.1284796644168	12.6267874623988	21.4341116163755	0.0941	0.9992	4.01939742495892	1.56318871953975	4.06114284424735	6.47030243077573	4.90711371123597	0	NA	NA	NA	NA	NA	NA	1	-0.499226042971889	0.24922664198137	1	-0.114212825908997	0.0130445696021188	1	-1.9501301024386	3.8030074164372	1	-0.115548963615422	0.013351562992598	1.00141232876258	4285.18690672305	0	1.00193838975873	12908.2378620005	0	NA	NA	NA	NA	NA	NA	NA	NA
685	7	7	benefit_positive_truncnorm	benefit_positive_truncnorm	continuous	1	waning	benefit	1	1	NA	1.58761990475474	3.07360179464097	1000	360	600	1000	1000	360	705	0.64	0.295	6.66746794213842	24	24	0	2	1	10	4	1	5000	2500	1	0.99	14	10000	101684	0.5397	0.974	0.269251663771711	-5.04674846754566	0.266049607047028	5.54095987333615	10.5877083408818	1.10004185929823	-0.00918964274053165	1.09806617180539	2.22895799944693	2.23814764218746	0.517692890379829	0.356572600885263	-11.0738624863709	0.228381897260043	11.6722547475213	22.7461172338922	0.0759	0.8247	1.25975232814131	-1.13067029099569	1.13256440174197	4.72031049038107	5.85098078137676	0	NA	NA	NA	NA	NA	NA	1	-1.31836824098303	1.73809481883268	1	-0.487578045456512	0.237732350411192	1	-2.71702919375571	7.3822476397208	1	-1.81384946649966	3.29004988712111	1.00186753509331	4553.81541860132	0	1.00157942088325	10951.9265460094	0	NA	NA	NA	NA	NA	NA	NA	NA
713	7	7	benefit_positive_truncnorm	benefit_positive_truncnorm	continuous	1	waning	benefit	1	1	NA	2.83373640772067	4.83812641879823	1000	360	600	1000	1000	360	706	0.64	0.294	7.55923388664875	24	24	0	2	1	10	4	1	5000	2500	1	0.99	14	10000	101712	0.8678	1	2.88772517387312	-2.19985663869113	2.99418001273061	7.50348074865694	9.70333738734807	3.45336427884822	2.39411299140848	3.45161803014492	4.50098751638652	2.10687452497804	0.796248455576772	4.04492956724276	-5.82463033505007	3.83058865784298	13.6835397582639	19.508170093314	0.1097	1	5.2440857344752	3.02809526249081	5.06609539981518	8.29848538953634	5.27039012704553	0	NA	NA	NA	NA	NA	NA	1	0.0539887661524556	0.00291478687066454	1	0.619627871127553	0.383938698678064	1	-0.793196851555468	0.629161245317507	1	0.405959315676974	0.164802965984917	1.00132938160464	4504.59938538493	0	1.00135172552581	12654.0901094764	0	NA	NA	NA	NA	NA	NA	NA	NA
679	7	7	benefit_positive_truncnorm	benefit_positive_truncnorm	continuous	1	waning	benefit	1	1	NA	1.24860120832341	2.37036085904961	1000	360	600	1000	1000	360	746	0.64	0.254	6.81713566931177	24	24	0	2	1	10	4	1	5000	2500	1	0.99	14	10000	101678	0.7329	0.9996	1.7392337366916	-3.72541904007424	1.72518149541838	7.04980800631082	10.7752270463851	1.76916209383465	0.745352446711146	1.76709400559001	2.8105534327492	2.06520098603806	0.645150648779415	2.0052833063484	-9.12590563470956	1.84004129048688	12.9163586132503	22.0422642479598	0.0906	0.9944	2.67142705282211	0.525284617975733	2.64443026663314	4.89022775900031	4.36494314102458	0	NA	NA	NA	NA	NA	NA	1	0.490632528368188	0.240720277892961	1	0.520560885511238	0.270983635524244	1	-0.365077552701204	0.133281619486301	1	0.301066193772506	0.0906408530326642	1.00195316947922	4597.88760050187	0	1.00192770884092	14362.797043495	0	NA	NA	NA	NA	NA	NA	NA	NA
783	7	7	benefit_positive_truncnorm	benefit_positive_truncnorm	continuous	1	waning	benefit	1	1	NA	1.83036871970646	3.57524041722083	1000	360	600	1000	1000	360	724	0.64	0.276	6.84820347573804	24	24	0	2	1	10	4	1	5000	2500	1	0.99	14	10000	101782	0.7411	1	1.74944467111207	-3.6557271066342	1.78675559038378	7.00014788045592	10.6558749870901	2.1845133173564	1.10887672330942	2.18747138984697	3.25464397589105	2.14576725258163	0.641281685504225	2.02799293874255	-9.28661032389051	1.85029176275795	13.0649352885848	22.3515456124753	0.0887	0.9969	3.42679871637094	0.911216680580249	3.36505002931259	6.23678847010495	5.3255717895247	0	NA	NA	NA	NA	NA	NA	1	-0.0809240485943912	0.00654870164090738	1	0.354144597649942	0.125418396044639	1	-1.54724747847827	2.39397475965738	1	-0.148441700849886	0.022034938551207	1.00135479664408	4224.91748520979	0	1.00180145060523	11069.3822208313	0	NA	NA	NA	NA	NA	NA	NA	NA
761	7	7	benefit_positive_truncnorm	benefit_positive_truncnorm	continuous	1	waning	benefit	1	1	NA	2.06267686564888	4.25514870783448	1000	360	600	1000	1000	360	704	0.64	0.296	7.8233062341849	24	24	0	2	1	10	4	1	5000	2500	1	0.99	14	10000	101760	0.811	1	2.29464546378951	-2.85600350312234	2.31400139628305	7.26110680859473	10.1171103117171	2.47627356516732	1.39806656288131	2.4829595624347	3.53982400257283	2.14175743969153	0.66757710253784	2.26847526593482	-8.74764437585009	2.15742137400917	12.5375946133069	21.285238989157	0.1213	0.9998	5.0181111158377	2.40000244787349	5.10934478849606	7.31681925745882	4.91681680958533	0	NA	NA	NA	NA	NA	NA	1	0.23196859814063	0.0538094305233289	1	0.413596699518438	0.171062229852545	1	-1.98667344189966	3.94687136474943	1	0.76296240800322	0.582111636026073	1.00125418261173	4653.22388292433	0	1.00195348248601	11216.7317257454	0	NA	NA	NA	NA	NA	NA	NA	NA
760	7	7	benefit_positive_truncnorm	benefit_positive_truncnorm	continuous	1	waning	benefit	1	1	NA	1.74198013336173	3.34024772992468	1000	360	600	1000	1000	360	734	0.64	0.266	7.19867697425109	24	24	0	2	1	10	4	1	5000	2500	1	0.99	14	10000	101759	0.7093	0.9998	1.33199310070269	-3.70217621608811	1.38025611496418	6.10779623479672	9.80997245088483	1.97420926291532	0.900362803279811	1.97434501278048	3.04559964148869	2.14523683820888	0.65568243610658	1.97486159228921	-8.53392838218472	1.92430350186048	12.1637149914218	20.6976433736066	0.0805	0.9942	3.63089286428782	0.826776617432704	3.66679844588059	6.22337623898148	5.39659962154877	0	NA	NA	NA	NA	NA	NA	1	-0.409987032659036	0.168089366948561	1	0.232229129553587	0.0539303686132169	1	-1.36538613763547	1.86427930484711	1	0.290645134363145	0.0844745941289707	1.00203885365142	4532.39798035561	0	1.00223620677084	10665.1763188623	0	NA	NA	NA	NA	NA	NA	NA	NA
691	7	7	benefit_positive_truncnorm	benefit_positive_truncnorm	continuous	1	waning	benefit	1	1	NA	1.68488924772216	3.44868983167247	1000	360	600	1000	1000	360	708	0.64	0.292	6.67853845867956	24	24	0	2	1	10	4	1	5000	2500	1	0.99	14	10000	101690	0.7332	0.9998	1.65947510293802	-3.6342218669362	1.68960767986195	6.79578321827366	10.4300050852099	2.02359722024764	0.926594566826272	2.02842317577025	3.11068987992204	2.18409531309577	0.658459869848156	2.20331062718329	-8.78382697584124	2.10834374668842	12.8801613233279	21.6639882991692	0.078	0.9993	4.34706275365927	1.7472106707476	4.37975799932119	6.67972831907129	4.93251764832369	0	NA	NA	NA	NA	NA	NA	1	-0.0254141447841378	0.00064587875510912	1	0.33870797252548	0.114723090652321	1	-1.24537920448919	1.55096936297412	1	0.898372921986796	0.807073906959095	1.00091016457778	4759.91493403308	0	1.00223896158013	15389.9781087149	0	NA	NA	NA	NA	NA	NA	NA	NA
700	7	7	benefit_positive_truncnorm	benefit_positive_truncnorm	continuous	1	waning	benefit	1	1	NA	2.02153718535561	3.72421425547742	1000	360	600	1000	1000	360	721	0.64	0.279	6.82759849165174	24	24	0	2	1	10	4	1	5000	2500	1	0.99	14	10000	101699	0.6471	0.9986	0.992432128501219	-4.53886059423716	1.06775144418052	6.23055917986999	10.7694197741071	1.67247403182094	0.611207985854517	1.66837851265913	2.76136958215432	2.1501615962998	0.578263693440139	1.12585973733081	-10.3829439070566	1.06265497680269	12.4172479082265	22.8001918152831	0.0762	0.9991	3.0466418410184	1.17587622680609	3.03886522962321	4.91478759965126	3.73891137284517	0	NA	NA	NA	NA	NA	NA	1	-1.02910505685439	1.05905721804327	1	-0.349063153534669	0.121845085155568	1	-2.59835451814661	6.7514462019729	1	-0.677572414459017	0.459104376835822	1.00186022677114	4488.67487590934	0	1.00181475539824	11051.9822884259	0	NA	NA	NA	NA	NA	NA	NA	NA
824	7	7	benefit_positive_truncnorm	benefit_positive_truncnorm	continuous	1	waning	benefit	1	1	NA	2.4605609145939	4.87166571188046	1000	360	600	1000	1000	360	707	0.64	0.293	7.32938923668519	24	24	0	2	1	10	4	1	5000	2500	1	0.99	14	10000	101823	0.7857	1	2.02393702709542	-2.92202421657856	2.04966866950421	6.97887818026319	9.90090239684175	3.08213512837572	2.00035046442699	3.08066574904669	4.14447765314173	2.14412718871474	0.702974676545394	2.60722894234029	-8.07229783928839	2.50351012146382	12.6912453472812	20.7635431865696	0.0957	1	6.05294994735517	3.36420643170623	6.01730813506403	8.83402154090442	5.46981510919819	0	NA	NA	NA	NA	NA	NA	1	-0.436623887498481	0.190640419134287	1	0.62157421378182	0.386354503238488	1	-2.26443676954017	5.12767388324552	1	1.18128423547471	1.39543244498107	1.00142415549197	4283.72899477534	0	1.00210606830646	12648.7951055554	0	NA	NA	NA	NA	NA	NA	NA	NA
738	7	7	benefit_positive_truncnorm	benefit_positive_truncnorm	continuous	1	waning	benefit	1	1	NA	2.18713093282365	4.24207179518602	1000	360	600	1000	1000	360	699	0.64	0.301	7.15182829791638	24	24	0	2	1	10	4	1	5000	2500	1	0.99	14	10000	101737	0.7815	1	1.98970635492243	-3.09637754124231	2.05057207650396	6.85984868308211	9.95622622432442	2.62084385167913	1.53023463163377	2.62098284859681	3.68050068946561	2.15026605783184	0.7439293598234	3.24250771762354	-7.00859672623592	3.11067414428239	13.1171805287312	20.1257772549671	0.094	1	5.15060317184988	2.73317120086283	5.11351632788179	7.75888561845381	5.02571441759098	0	NA	NA	NA	NA	NA	NA	1	-0.197424577901227	0.0389764639594776	1	0.433712918855478	0.188106895982138	1	-0.999564077562486	0.999128345153344	1	0.908531376663863	0.825429262382734	1.00149437475653	4571.70365709276	0	1.00185913826776	11718.8102705472	0	NA	NA	NA	NA	NA	NA	NA	NA
818	7	7	benefit_positive_truncnorm	benefit_positive_truncnorm	continuous	1	waning	benefit	1	1	NA	1.97071651866064	4.18482270237456	1000	360	600	1000	1000	360	693	0.64	0.307	7.1145265391399	24	24	0	2	1	10	4	1	5000	2500	1	0.99	14	10000	101817	0.7019	0.9998	1.23824951453043	-3.61427883077437	1.27228635448726	5.80268686764858	9.41696569842295	2.0339818779887	0.942787841153743	2.03676582615383	3.09565835189892	2.15287051074518	0.686611187190561	2.2067653893134	-7.96271809013648	2.06800230718042	12.1606209792275	20.123339069364	0.0507	0.9997	4.60066611076044	2.06419301445035	4.57950652614553	7.32052587478004	5.25633286032969	0	NA	NA	NA	NA	NA	NA	1	-0.732467004130215	0.536507912139492	1	0.0632653593280597	0.0040025056909085	1	-1.97805731306116	3.91271073375472	1	0.415843408385883	0.172925740297988	1.00162863602464	4799.89559057902	0	1.00166027737367	12378.9345309866	0	NA	NA	NA	NA	NA	NA	NA	NA
684	7	7	benefit_positive_truncnorm	benefit_positive_truncnorm	continuous	1	waning	benefit	1	1	NA	1.67789850222239	3.01063040224594	1000	360	600	1000	1000	360	730	0.64	0.27	6.10547462982927	24	24	0	2	1	10	4	1	5000	2500	1	0.99	14	10000	101683	0.8207	1	2.30782834340765	-2.57803679045629	2.36821104157187	6.97295432275633	9.55099111321262	2.42591725426681	1.32293151638481	2.42617767213335	3.51943388167001	2.1965023652852	0.931174510620575	5.37743348414172	-2.94166622084123	4.81293496761555	15.0350504591649	17.9767166800061	0.0396	1	4.77441940901062	2.25139950851037	4.80490175025555	7.20077671919346	4.94937721068309	0	NA	NA	NA	NA	NA	NA	1	0.629929841185254	0.396811604815679	1	0.748018752044413	0.559532053410081	1	2.36680308189578	5.60175682847137	1	1.76378900676467	3.11095166038392	1.00183494073278	4381.26277332443	0	1.00189442792868	11769.1220178777	0	NA	NA	NA	NA	NA	NA	NA	NA
694	7	7	benefit_positive_truncnorm	benefit_positive_truncnorm	continuous	1	waning	benefit	1	1	NA	1.9344317633252	4.20557272349983	1000	360	600	1000	1000	360	725	0.64	0.275	6.68482153890517	24	24	0	2	1	10	4	1	5000	2500	1	0.99	14	10000	101693	0.7059	1	1.47694927710299	-3.7890352536308	1.53109411777843	6.67593720683327	10.4649724604641	2.68766970668593	1.61684039938241	2.69237863156901	3.74327551910999	2.12643511972758	0.625553037660516	1.80437546062235	-9.37448197519502	1.70548880521018	12.7192822365361	22.0937642117311	0.0733	1	5.21760804428003	2.97398677644971	5.24432590640722	7.30186247419282	4.32787569774311	0	NA	NA	NA	NA	NA	NA	1	-0.457482486222211	0.209290225200055	1	0.753237943360722	0.567367399318291	1	-2.40119726287748	5.76574829525032	1	1.01203532078019	1.02421549050667	1.00109609432741	4706.8619738112	0	1.00134162775295	11881.4736166997	0	NA	NA	NA	NA	NA	NA	NA	NA
695	7	7	benefit_positive_truncnorm	benefit_positive_truncnorm	continuous	1	waning	benefit	1	1	NA	1.53138483339403	2.97536783676627	1000	360	600	1000	1000	360	751	0.64	0.249	6.86966993442966	24	24	0	2	1	10	4	1	5000	2500	1	0.99	14	10000	101694	0.7347	1	1.7247569293091	-3.6961808815585	1.77263125278287	6.84550170006073	10.5416825816192	2.1595367175043	1.12023278661683	2.15633013031014	3.21150673216007	2.09127394554324	0.654252974878801	2.15877520048025	-9.24703425695711	1.99956253125185	13.1556505169838	22.4026847739409	0.0924	1	4.78671508153127	2.83548525025795	4.81197962277002	6.51856788105939	3.68308263080144	0	NA	NA	NA	NA	NA	NA	1	0.193372095915076	0.0373927674785895	1	0.628151884110276	0.39457478951129	1	-0.81659263628602	0.666823533636552	1	1.811347244765	3.28097884111775	1.00144828788171	3984.37387894434	0	1.00157225631295	11647.5019111619	0	NA	NA	NA	NA	NA	NA	NA	NA
683	7	7	benefit_positive_truncnorm	benefit_positive_truncnorm	continuous	1	waning	benefit	1	1	NA	1.98367759604674	3.9975673977028	1000	360	600	1000	1000	360	722	0.64	0.278	7.12021598888014	24	24	0	2	1	10	4	1	5000	2500	1	0.99	14	10000	101682	0.5883	1	0.558568806108728	-4.21117282647921	0.582848135223077	5.33331850241678	9.54449132889598	2.33934399013012	1.24533586414431	2.33358618940918	3.41053345134932	2.165197587205	0.521619911411095	0.344641689077546	-10.097449131072	0.22161419842367	10.8615103300809	20.9589594611529	0.0518	1	4.45759570229824	2.09900204883665	4.44905414509533	6.81862171450129	4.71961966566464	0	NA	NA	NA	NA	NA	NA	1	-1.42510878993802	2.0309350631586	1	0.355666394083376	0.126498583880271	1	-3.65292570862525	13.3438662327353	1	0.46002830459544	0.211626041028955	1.00206597768013	4620.7629297722	0	1.00240819715688	13009.308682563	0	NA	NA	NA	NA	NA	NA	NA	NA
850	7	7	benefit_positive_truncnorm	benefit_positive_truncnorm	continuous	1	waning	benefit	1	1	NA	2.10591010148737	4.20903320378662	1000	360	600	1000	1000	360	694	0.64	0.306	7.42151286595407	24	24	0	2	1	10	4	1	5000	2500	1	0.99	14	10000	101849	0.7917	1	2.07401041458591	-3.04277990362276	2.12887726356197	6.89608029608042	9.93886019970318	2.92439013151033	1.84918384251568	2.92736672898216	3.97998668228875	2.13080283977307	0.714856318650838	2.88368140563165	-7.59339258833465	2.7297458016312	12.9987693280561	20.5921619163907	0.0987	1	6.16222723654582	3.6252010093704	6.08728542951901	9.05848805115099	5.43328704178059	0	NA	NA	NA	NA	NA	NA	1	-0.0318996869014674	0.00101759002441165	1	0.818480030022958	0.669909559546382	1	-1.32535179815497	1.75655738887261	1	1.95319403275921	3.81496692960617	1.00321524194539	4379.23048204665	0	1.0020351437675	12727.7021612721	0	NA	NA	NA	NA	NA	NA	NA	NA
796	7	7	benefit_positive_truncnorm	benefit_positive_truncnorm	continuous	1	waning	benefit	1	1	NA	2.20054074368272	3.74374137073067	1000	360	600	1000	1000	360	694	0.64	0.306	8.10129289599622	24	24	0	2	1	10	4	1	5000	2500	1	0.99	14	10000	101795	0.6884	1	1.10818576009587	-3.41319174616888	1.14308550756523	5.55994041689424	8.97313216306312	2.06748497221161	1.00133087044824	2.06880345244888	3.12513939567533	2.12380852522708	0.590051836329547	1.11706172582993	-9.16462113952545	1.05077527458799	11.0285461031512	20.1931672426767	0.0933	0.999	3.97208114285765	1.57932112869495	3.97910613954263	6.36215419394048	4.78283306524553	0	NA	NA	NA	NA	NA	NA	1	-1.09235498358685	1.19323941016703	1	-0.133055771471114	0.0177038383217734	1	-2.62667964490074	6.89944595693587	1	0.22833977212698	0.052139051535001	1.00133298971395	4418.32605394185	0	1.00136595804979	10336.440375291	0	NA	NA	NA	NA	NA	NA	NA	NA
724	7	7	benefit_positive_truncnorm	benefit_positive_truncnorm	continuous	1	waning	benefit	1	1	NA	2.47326470587704	4.63708876017257	1000	360	600	1000	1000	360	709	0.64	0.291	7.38122373376716	24	24	0	2	1	10	4	1	5000	2500	1	0.99	14	10000	101723	0.7524	0.9998	1.73035357005168	-3.27087863205629	1.82682337423138	6.47388967094544	9.74476830300173	2.02320441764393	0.931110541065877	2.02405237417311	3.10491387470252	2.17380333363664	0.674773693968808	2.27573009620392	-7.87552029829742	2.07719088928422	12.309871122204	20.1853914205014	0.0831	1	3.93292448559753	1.67554777303705	3.91811125273272	6.12535626338485	4.4498084903478	0	NA	NA	NA	NA	NA	NA	1	-0.74291113582536	0.551916955733327	1	-0.450060288233112	0.202554263044472	1	-2.36135866396866	5.57601473989984	1	-0.704164274575043	0.495847325587796	1.00199305992319	4388.39323446986	0	1.00250566964114	14822.1681952981	0	NA	NA	NA	NA	NA	NA	NA	NA
834	7	7	benefit_positive_truncnorm	benefit_positive_truncnorm	continuous	1	waning	benefit	1	1	NA	1.52482257153098	3.05581033278098	1000	360	600	1000	1000	360	724	0.64	0.276	7.34389995787828	24	24	0	2	1	10	4	1	5000	2500	1	0.99	14	10000	101833	0.7952	1	2.14429518793992	-2.97806616877487	2.19554349394718	6.95578469170085	9.93385086047572	2.21393639539283	1.16331465582783	2.21704645443445	3.28367010630147	2.12035545047365	0.723256335501233	2.94000370311425	-7.68571095337355	2.7970585889399	12.8770076269436	20.5627185803172	0.1082	1	4.93053708477227	2.27816783079046	4.85667689263885	7.83289923656344	5.55473140577298	0	NA	NA	NA	NA	NA	NA	1	0.619472616408943	0.383746322480541	1	0.689113823861859	0.474877862237513	1	-0.115806629666729	0.013411175474767	1	1.87472675199129	3.5146003946318	1.00190541713238	4772.72701977571	0	1.00174462603795	14322.4450728536	0	NA	NA	NA	NA	NA	NA	NA	NA
853	7	7	benefit_positive_truncnorm	benefit_positive_truncnorm	continuous	1	waning	benefit	1	1	NA	1.90595805653436	4.03785592208549	1000	360	600	1000	1000	360	724	0.64	0.276	7.07739181218644	24	24	0	2	1	10	4	1	5000	2500	1	0.99	14	10000	101852	0.7745	1	1.91902204091463	-3.11193077863618	1.96491310793036	6.79830407961173	9.91023485824791	2.64031992689062	1.57845950098511	2.63757546389662	3.69994102950965	2.12148152852453	0.736482012800706	3.22284996411645	-7.23144403111708	3.04010345717173	13.418527182685	20.649971213802	0.0938	1	5.66753755319495	3.46456347342209	5.69041579557604	7.83198342998443	4.36741995656234	0	NA	NA	NA	NA	NA	NA	1	0.0130639843802691	0.000170667687887916	1	0.734361870356259	0.539287356633143	1	-0.815005957969038	0.664234711525029	1	1.62968163110946	2.6558622187756	1.00211664276598	4458.32886401878	0	1.00185542090614	10655.6286671706	0	NA	NA	NA	NA	NA	NA	NA	NA
725	7	7	benefit_positive_truncnorm	benefit_positive_truncnorm	continuous	1	waning	benefit	1	1	NA	1.722179421399	3.18608747009411	1000	360	600	1000	1000	360	718	0.64	0.282	6.8092504456691	24	24	0	2	1	10	4	1	5000	2500	1	0.99	14	10000	101724	0.6756	0.9999	1.19735595168007	-4.14438602250102	1.23078256589946	6.43839506645256	10.5827810889536	1.87434743434594	0.802359149707337	1.87673179590289	2.93273989609186	2.13038074638452	0.610569633961447	1.51036995327105	-9.86533266099712	1.38854783768345	12.611936010466	22.4772686714631	0.0766	0.9968	3.73286778897593	0.945590685628331	3.80699864293696	6.1867440319394	5.24115334631107	0	NA	NA	NA	NA	NA	NA	1	-0.524823469718933	0.275439674367819	1	0.152168012946938	0.0231551041642194	1	-1.67571751682306	2.80802919618766	1	0.546780318881823	0.298968717116508	1.00189771810944	4504.6308380255	0	1.00208769376848	12597.5126042501	0	NA	NA	NA	NA	NA	NA	NA	NA
810	7	7	benefit_positive_truncnorm	benefit_positive_truncnorm	continuous	1	waning	benefit	1	1	NA	2.07687237333648	4.22856843287158	1000	360	600	1000	1000	360	703	0.64	0.297	7.20416605060026	24	24	0	2	1	10	4	1	5000	2500	1	0.99	14	10000	101809	0.7933	1	2.07328387192985	-2.7996754661162	2.102463565272	6.7237334115405	9.5234088776567	2.30121068638854	1.22702455537366	2.3026767253017	3.3816290368301	2.15460448145644	0.730207532667179	2.94375912200467	-7.30049353101627	2.84092767429567	12.8734466816716	20.1739402126878	0.0893	1	4.29626293803973	1.97956866872346	4.25380600288973	6.79764851654583	4.81807984782237	0	NA	NA	NA	NA	NA	NA	1	-0.00358850140662925	1.28773423453801e-05	1	0.224338313052054	0.0503276787030414	1	-1.2848093108669	1.65073496529029	1	0.067694505168153	0.00458254602996109	1.00161359966063	4448.71032982623	0	1.00130454950582	14500.6994257043	0	NA	NA	NA	NA	NA	NA	NA	NA
689	7	7	benefit_positive_truncnorm	benefit_positive_truncnorm	continuous	1	waning	benefit	1	1	NA	2.47811218378634	4.53637608428469	1000	360	600	1000	1000	360	692	0.64	0.308	7.40286799434506	24	24	0	2	1	10	4	1	5000	2500	1	0.99	14	10000	101688	0.7606	1	1.78292665211331	-3.29396667224474	1.81172448818918	6.60053570296221	9.89450237520695	2.57492021528177	1.52088711319702	2.58447591506094	3.62765531406187	2.10676820086486	0.65782000873744	2.05193306646047	-8.50721457523591	1.97462556299937	12.1205876791794	20.6278022544153	0.0844	1	4.18241484864613	1.90888943025474	4.07729381421379	6.8754788109627	4.96658938070797	0	NA	NA	NA	NA	NA	NA	1	-0.69518553167303	0.483282923447513	1	0.0968080314954243	0.00937179496201906	1	-2.48444301782421	6.17245710881549	1	-0.353961235638559	0.125288556334776	1.00112963784957	4542.4542935573	0	1.00159593887572	11787.7733650979	0	NA	NA	NA	NA	NA	NA	NA	NA
931	7	7	benefit_positive_truncnorm	benefit_positive_truncnorm	continuous	1	waning	benefit	1	1	NA	2.30493781433152	4.59263768225407	1000	360	600	1000	1000	360	707	0.64	0.293	7.49349827274643	24	24	0	2	1	10	4	1	5000	2500	1	0.99	14	10000	101930	0.6983	0.9988	1.29696684129443	-3.67366175507187	1.30026350399785	6.10820017234673	9.7818619274186	1.7635148345774	0.677386356077442	1.76375720989732	2.82923800458043	2.15185164850299	0.62626596213122	1.68927627852135	-8.74391609471858	1.52053254153384	12.1511698602353	20.8950859549538	0.0916	0.9997	3.90020713637305	2.02052014094098	3.84195489574005	5.92510459732324	3.90458445638226	0	NA	NA	NA	NA	NA	NA	1	-1.00797097303709	1.01600548248534	1	-0.541422979754122	0.293138843005832	1	-2.90336140373271	8.4295074406848	1	-0.692430545881016	0.479460060869082	1.00238682733521	4233.91762970165	0	1.00170897742162	15113.6059876634	0	NA	NA	NA	NA	NA	NA	NA	NA
687	7	7	benefit_positive_truncnorm	benefit_positive_truncnorm	continuous	1	waning	benefit	1	1	NA	2.68370946496142	5.11754185331624	1000	360	600	1000	1000	360	730	0.64	0.27	7.34036478540303	24	24	0	2	1	10	4	1	5000	2500	1	0.99	14	10000	101686	0.7887	0.9999	2.06371925454375	-3.01602186596899	2.12242376714156	6.83898777042697	9.85500963639596	2.58180992661303	1.51869919385996	2.58224711542158	3.63643289385535	2.11773369999539	0.72978021978022	2.92702287439664	-7.30777219976873	2.67345372141003	12.9028423650011	20.2106145647698	0.09	1	4.50842086388577	2.49880163087624	4.51265866161216	6.55580859871589	4.05700696783965	0	NA	NA	NA	NA	NA	NA	1	-0.61999021041767	0.384387861013747	1	-0.101899538348399	0.0103835159156169	1	-2.1905189789196	4.79837339700697	1	-0.609120989430466	0.37102837976475	1.00149872804794	4566.32944949019	0	1.00149596614158	12410.790231574	0	NA	NA	NA	NA	NA	NA	NA	NA
819	7	7	benefit_positive_truncnorm	benefit_positive_truncnorm	continuous	1	waning	benefit	1	1	NA	2.03183608320497	4.25195282940612	1000	360	600	1000	1000	360	708	0.64	0.292	6.9957159031327	24	24	0	2	1	10	4	1	5000	2500	1	0.99	14	10000	101818	0.7491	1	1.83892047382025	-3.63786732458107	1.91883423065998	7.05821350968447	10.6960808342655	2.68818491013337	1.63672121197276	2.69405653110952	3.71517720827267	2.07845599629992	0.648835676625659	2.10394861341011	-9.19677530187134	2.05853937926867	12.7561026775441	21.9528779794155	0.0896	0.9999	4.76810122683111	2.84588824205733	4.69216940253657	6.86993462176319	4.02404637970587	0	NA	NA	NA	NA	NA	NA	1	-0.192915609384714	0.0372164323442756	1	0.656348826928402	0.43079378261029	1	-2.14800421599601	4.61392211193663	1	0.516148397424987	0.266409168164383	1.00192055068799	4442.6818688633	0	1.00147019016243	11412.0107468387	0	NA	NA	NA	NA	NA	NA	NA	NA
852	7	7	benefit_positive_truncnorm	benefit_positive_truncnorm	continuous	1	waning	benefit	1	1	NA	1.87429382224622	3.81782746721244	1000	360	600	1000	1000	360	746	0.64	0.254	6.55117001516485	24	24	0	2	1	10	4	1	5000	2500	1	0.99	14	10000	101851	0.7413	1	1.70707244425283	-3.61561527287097	1.73496054284753	6.80800640592462	10.4236216787956	2.57854884820989	1.53780197053539	2.5778550261065	3.62078987720077	2.08298790666537	0.666993143976494	2.26745412103603	-8.78461328474232	2.05858260855068	13.0086948846473	21.7933081693896	0.0811	0.9996	3.82056101178121	1.54797828118242	3.84224747780414	5.93927021867828	4.39129193749586	0	NA	NA	NA	NA	NA	NA	1	-0.167221377993392	0.027962989258009	1	0.704255025963666	0.495975141595083	1	-1.55037334617641	2.40365751253424	1	0.0027335445687684	7.47226590944321e-06	1.00115074004689	4385.29800284626	0	1.0018015357933	13340.124030292	0	NA	NA	NA	NA	NA	NA	NA	NA
807	7	7	benefit_positive_truncnorm	benefit_positive_truncnorm	continuous	1	waning	benefit	1	1	NA	2.54196020747714	4.8725707317568	1000	360	600	1000	1000	360	716	0.64	0.284	7.89487869966592	24	24	0	2	1	10	4	1	5000	2500	1	0.99	14	10000	101806	0.7328	1	1.61875052906378	-3.49451092165071	1.68248605558679	6.49359972901991	9.98811065067062	2.46648551122263	1.43635872655656	2.46713931863802	3.47302018742859	2.03666146087203	0.632150453375126	1.7569767372654	-9.14677298012808	1.78213913326548	12.043210293392	21.1899832735201	0.1067	1	4.68114646675798	2.62244452373095	4.6399285461691	7.02407255697278	4.40162803324182	0	NA	NA	NA	NA	NA	NA	1	-0.923209678413356	0.852316110316092	1	-0.0754746962545045	0.00569642977470972	1	-3.11559399449141	9.70692593851091	1	-0.191424264998826	0.0366432492303408	1.00186812103625	4369.52169847482	0	1.00175422096531	14123.2138305862	0	NA	NA	NA	NA	NA	NA	NA	NA
851	7	7	benefit_positive_truncnorm	benefit_positive_truncnorm	continuous	1	waning	benefit	1	1	NA	2.60558639651522	5.26682719044473	1000	360	600	1000	1000	360	703	0.64	0.297	7.54434628139887	24	24	0	2	1	10	4	1	5000	2500	1	0.99	14	10000	101850	0.8041	1	2.19540856539965	-2.97482431446001	2.26977029744742	6.98132636116651	9.95615067562652	2.74760914122047	1.6879758329051	2.74469337134272	3.79446956169203	2.10649372878694	0.742360026767789	3.15444944928826	-7.41207194832845	3.01238666073975	12.9683923025408	20.3804642508693	0.1034	1	6.04788310863395	3.4938645454219	6.02314930395065	8.63035551133998	5.13649096591809	0	NA	NA	NA	NA	NA	NA	1	-0.410177831115568	0.168245853138672	1	0.142022744705256	0.0201704600136143	1	-2.11237774115647	4.46213972133333	1	0.781055918189211	0.610048347338392	1.00142702268521	4452.06836846593	0	1.00171015476234	13067.235639536	0	NA	NA	NA	NA	NA	NA	NA	NA
703	7	7	benefit_positive_truncnorm	benefit_positive_truncnorm	continuous	1	waning	benefit	1	1	NA	1.81737372827714	3.75579966971593	1000	360	600	1000	1000	360	745	0.64	0.255	6.42243871894663	24	24	0	2	1	10	4	1	5000	2500	1	0.99	14	10000	101702	0.652	0.9993	1.03509933672387	-4.28756791319773	1.09469336434871	6.15207806509197	10.4396459782897	1.78383616803563	0.680862854472495	1.78813163252262	2.85488680049281	2.17402394602032	0.613629058180649	1.4327787957051	-9.88169259113032	1.39795361664406	12.2172990674457	22.098991658576	0.0667	0.9969	3.22433729023833	1.04479259274403	3.22172556856351	5.45307591433083	4.4082833215868	0	NA	NA	NA	NA	NA	NA	1	-0.782274391553267	0.611953223680034	1	-0.0335375602415133	0.00112476794695314	1	-2.32302087401083	5.39642598109003	1	-0.531462379477598	0.28245226079999	1.00156906210755	4380.70025417681	0	1.00239276559595	11176.8385873743	0	NA	NA	NA	NA	NA	NA	NA	NA
798	7	7	benefit_positive_truncnorm	benefit_positive_truncnorm	continuous	1	waning	benefit	1	1	NA	1.93246295140764	3.99148226255178	1000	360	600	1000	1000	360	738	0.64	0.262	6.9559441648023	24	24	0	2	1	10	4	1	5000	2500	1	0.99	14	10000	101797	0.6408	0.9786	0.984493905210874	-4.41371655398392	1.01301339610733	6.33825470605518	10.7519712600391	1.09878784475651	0.0464701079090972	1.10226470244583	2.15769823848309	2.11122813057399	0.578889740501478	1.19526270474586	-10.0975310328631	1.06995380729464	12.5372524464048	22.6347834792679	0.0867	0.972	2.93284197262661	-0.0666427221285175	2.98970192775014	5.51924191786703	5.58588463999555	0	NA	NA	NA	NA	NA	NA	1	-0.947969046196763	0.8986453125472	1	-0.833675106651131	0.695014183449774	1	-2.79621955780592	7.81884381545633	1	-1.05864028992517	1.12071926345285	1.00135691548817	4137.56422702312	0	1.00179527880168	12540.2448782394	0	NA	NA	NA	NA	NA	NA	NA	NA
736	7	7	benefit_positive_truncnorm	benefit_positive_truncnorm	continuous	1	waning	benefit	1	1	NA	1.99840788727372	3.74804231128389	1000	360	600	1000	1000	360	698	0.64	0.302	6.96577592252496	24	24	0	2	1	10	4	1	5000	2500	1	0.99	14	10000	101735	0.678	1	1.2202697951844	-4.13055690900579	1.22420972055466	6.45440878627645	10.5849656952822	2.30003908035592	1.20045167616432	2.30207087167754	3.36121517917177	2.16076350300745	0.60240167456208	1.48653695624513	-9.79444955869199	1.27238999489582	12.5642445677127	22.3586941264047	0.0923	1	4.50020849561	2.22715966078402	4.41709392270563	7.55147674348274	5.32431708269872	0	NA	NA	NA	NA	NA	NA	1	-0.778138092089325	0.605498890360416	1	0.301631193082199	0.0909813766401906	1	-2.26150535503877	5.11440647086901	1	0.75216618432611	0.565753968843699	1.00139312454645	4507.70665260459	0	1.00193213144698	12453.3439268134	0	NA	NA	NA	NA	NA	NA	NA	NA
690	7	7	benefit_positive_truncnorm	benefit_positive_truncnorm	continuous	1	waning	benefit	1	1	NA	2.25914147343857	4.30933248467874	1000	360	600	1000	1000	360	708	0.64	0.292	7.00709443526838	24	24	0	2	1	10	4	1	5000	2500	1	0.99	14	10000	101689	0.8569	0.9998	2.85150110970902	-2.31103844531442	2.91653951735814	7.65674711974377	9.96778556505818	2.16608201141438	1.09666099978806	2.16320152355312	3.22359369384325	2.12693269405519	0.860774818401937	4.89513282083719	-5.81918839492392	4.69088072099734	14.5623541034359	20.3815424983598	0.0914	0.9995	4.19491251328733	1.82024199649338	4.16325427499146	6.62581968025787	4.80557768376449	0	NA	NA	NA	NA	NA	NA	1	0.592359636270451	0.350889938682461	1	-0.0930594620241973	0.00866006347223303	1	0.585800336158451	0.343162033843354	1	-0.114419971391412	0.0130919298532114	1.00175282185394	4446.4493367558	0	1.00215294771999	12718.2137744593	0	NA	NA	NA	NA	NA	NA	NA	NA
727	7	7	benefit_positive_truncnorm	benefit_positive_truncnorm	continuous	1	waning	benefit	1	1	NA	1.9012372138787	3.89778088360053	1000	360	600	1000	1000	360	700	0.64	0.3	7.75883347075286	24	24	0	2	1	10	4	1	5000	2500	1	0.99	14	10000	101726	0.7154	1	1.49895886158271	-3.70000583110322	1.54853237227958	6.4778559280085	10.1778617591117	2.22160388400416	1.1480626394101	2.21938068205296	3.28929741609216	2.14123477668206	0.639691929902891	1.79914178477331	-9.27851583324276	1.75081936577375	12.1833759770216	21.4618918102644	0.1041	0.9999	4.70579020951735	2.55015441923522	4.66201161848759	7.06511505052844	4.51496063129321	0	NA	NA	NA	NA	NA	NA	1	-0.402278352295989	0.161827872725976	1	0.320366670125457	0.102634803327273	1	-2.09863909882721	4.4042860671263	1	0.808009325916824	0.65287907076856	1.00149267702013	4420.85688975422	0	1.00087433670182	9740.81718080936	0	NA	NA	NA	NA	NA	NA	NA	NA
888	7	7	benefit_positive_truncnorm	benefit_positive_truncnorm	continuous	1	waning	benefit	1	1	NA	1.60481545878198	2.89208878077156	1000	360	600	1000	1000	360	713	0.64	0.287	8.00813578544571	24	24	0	2	1	10	4	1	5000	2500	1	0.99	14	10000	101887	0.7509	0.836	1.6948341204046	-3.23745022229112	1.72221766733452	6.41381859905114	9.65126882134226	0.537413768379084	-0.536568211715629	0.536863571462751	1.62041557843307	2.15698379014869	0.768503423540919	3.26052422478976	-7.65321135724205	3.15536374115487	13.1871851774079	20.8403965346499	0.0799	0.7398	0.68947526286274	-1.45596391989458	0.68440021555265	2.90823404370158	4.36419796359615	0	NA	NA	NA	NA	NA	NA	1	0.0900186616226137	0.00810335944032663	1	-1.0674016904029	1.13934636867496	1	0.368435444018197	0.135744676408886	1	-2.20261351790882	4.85150630927467	1.00158467103724	4866.96877890927	0	1.00137598106786	9663.00752818365	0	NA	NA	NA	NA	NA	NA	NA	NA
748	7	7	benefit_positive_truncnorm	benefit_positive_truncnorm	continuous	1	waning	benefit	1	1	NA	1.67308778115537	3.37486400723494	1000	360	600	1000	1000	360	707	0.64	0.293	6.41466373250586	24	24	0	2	1	10	4	1	5000	2500	1	0.99	14	10000	101747	0.6445	0.9999	0.98754273004785	-4.20447744638211	1.00987744231079	6.11397976424024	10.3184572106224	2.20716290315716	1.1362563978673	2.204251702434	3.29537861058638	2.15912221271908	0.595278604849	1.30249558558661	-9.88142702178209	1.11831789258283	12.1196266327874	22.0010536545694	0.0596	0.9998	4.01917975225942	1.59280501895963	4.03776928681315	6.50761804282232	4.91481302386269	0	NA	NA	NA	NA	NA	NA	1	-0.685545051107519	0.469972017098011	1	0.534075122001787	0.285236235941223	1	-2.07236842164833	4.29471087504519	1	0.644315745024485	0.415142779286458	1.0022633065405	4399.13976272276	0	1.00213471724721	12128.404171153	0	NA	NA	NA	NA	NA	NA	NA	NA
934	7	7	benefit_positive_truncnorm	benefit_positive_truncnorm	continuous	1	waning	benefit	1	1	NA	2.03333152496588	4.59145847870031	1000	360	600	1000	1000	360	703	0.64	0.297	6.79431526858815	24	24	0	2	1	10	4	1	5000	2500	1	0.99	14	10000	101933	0.5666	0.9956	0.431377437622875	-5.03055832114894	0.452757251871915	5.76871542749046	10.7992737486394	1.46152661035156	0.348315165313124	1.45824526467023	2.57163949108057	2.22332432576744	0.547590687601516	0.595923859978478	-10.9862279910559	0.626019964213047	11.8665665378233	22.8527945288792	0.0765	0.9984	3.4092723165373	0.994920527494055	3.27596695920187	6.58914524609598	5.59422471860192	0	NA	NA	NA	NA	NA	NA	1	-1.601954087343	2.56625689795496	1	-0.571804914614318	0.326960860377088	1	-3.99553461872183	15.9642968894046	1	-1.18218616216301	1.39756412200971	1.00176836210639	4625.10598767421	0	1.00183816488652	14078.0318860654	0	NA	NA	NA	NA	NA	NA	NA	NA
754	7	7	benefit_positive_truncnorm	benefit_positive_truncnorm	continuous	1	waning	benefit	1	1	NA	1.41537222842016	2.51739622081753	1000	360	600	1000	1000	360	729	0.64	0.271	6.50609310630542	24	24	0	2	1	10	4	1	5000	2500	1	0.99	14	10000	101753	0.5631	0.8046	0.379437951432365	-4.90536303787312	0.42795759914914	5.55512487005717	10.4604879079303	0.475909868513894	-0.605301511562784	0.476398285965295	1.56088534558818	2.16618685715096	0.549807610089782	0.586931234540839	-10.8240749675737	0.570179340695258	11.7577176749704	22.581792642544	0.0644	0.8842	1.40908694808095	-1.40672759771235	1.49265019050683	3.85325590654199	5.25998350425435	0	NA	NA	NA	NA	NA	NA	1	-1.03593427698779	1.07315982623822	1	-0.939462359906261	0.882589525680641	1	-1.93046498627669	3.72669506324026	1	-1.10830927273657	1.22834944403387	1.00174445084012	4261.56413787933	0	1.00134681073629	11343.3380978166	0	NA	NA	NA	NA	NA	NA	NA	NA
764	7	7	benefit_positive_truncnorm	benefit_positive_truncnorm	continuous	1	waning	benefit	1	1	NA	2.27804923649462	4.41004176968394	1000	360	600	1000	1000	360	710	0.64	0.29	7.28191021067252	24	24	0	2	1	10	4	1	5000	2500	1	0.99	14	10000	101763	0.7682	1	1.92114032909648	-3.23272573244874	2.04054059327243	6.73289541647894	9.96562114892768	2.67361815843749	1.61279342977979	2.67031067213515	3.73770356404202	2.12491013426223	0.668356426720739	2.27456767364098	-8.54041980646918	2.20823669408601	12.5550093588402	21.0954291653094	0.1123	1	5.74198882606406	3.16341311183445	5.72637728091556	8.45348215839653	5.29006904656207	0	NA	NA	NA	NA	NA	NA	1	-0.356908907398142	0.127383968180136	1	0.39556892194287	0.156474772007044	1	-2.13547409604296	4.56024961487052	1	1.33194705638012	1.77408296099965	1.0013683074113	4933.16788653391	0	1.00275932512759	14588.8320858399	0	NA	NA	NA	NA	NA	NA	NA	NA
763	7	7	benefit_positive_truncnorm	benefit_positive_truncnorm	continuous	1	waning	benefit	1	1	NA	2.05126456544342	4.26539329591125	1000	360	600	1000	1000	360	729	0.64	0.271	7.1604795104407	24	24	0	2	1	10	4	1	5000	2500	1	0.99	14	10000	101762	0.7526	1	1.67942997552975	-3.21933353300603	1.72121550165083	6.30913249860042	9.52846603160645	2.21447941332956	1.15058458362403	2.21999620304241	3.28559766118405	2.13501307756002	0.723810551300032	2.85178776903594	-7.34200046133019	2.59528974950221	12.9643092038829	20.3063096652131	0.0731	1	3.93327409659028	1.95580415191179	3.83592341513043	6.47893842957745	4.52313427766567	0	NA	NA	NA	NA	NA	NA	1	-0.371834589913676	0.138260962256271	1	0.163214847886137	0.0266390865704948	1	-1.41360552687531	1.99828058561242	1	-0.332119199320966	0.1103031625576	1.00158808766861	4353.02967831257	0	1.00224370785312	16184.584026777	0	NA	NA	NA	NA	NA	NA	NA	NA
726	7	7	benefit_positive_truncnorm	benefit_positive_truncnorm	continuous	1	waning	benefit	1	1	NA	1.74904320853543	3.13869249158252	1000	360	600	1000	1000	360	694	0.64	0.306	6.93064947984553	24	24	0	2	1	10	4	1	5000	2500	1	0.99	14	10000	101725	0.6508	1	1.04148512726609	-4.36033371536913	1.05754247687459	6.25845953657552	10.6187932519446	2.20427178784955	1.11735307941037	2.20932557856928	3.28643287546087	2.16907979605049	0.578423871461362	1.0819423354824	-10.6182414678275	1.02766709914702	12.2025945303112	22.8208359981387	0.0851	0.9994	4.18296794653249	1.42828671633632	4.12564290722872	7.11937237146689	5.69108565513057	0	NA	NA	NA	NA	NA	NA	1	-0.707558081269348	0.500638438369561	1	0.455228579314111	0.207233059424344	1	-2.05675015610013	4.23022120461789	1	1.04427545494997	1.09051122581097	1.00158529711317	4527.6205416248	0	1.00126038346727	5818.85992560801	0	NA	NA	NA	NA	NA	NA	NA	NA
767	7	7	benefit_positive_truncnorm	benefit_positive_truncnorm	continuous	1	waning	benefit	1	1	NA	2.46036563746293	4.93610800047627	1000	360	600	1000	1000	360	710	0.64	0.29	7.07111681605604	24	24	0	2	1	10	4	1	5000	2500	1	0.99	14	10000	101766	0.6886	1	1.21421865612956	-3.58753539499162	1.25150975928486	5.94733438030861	9.53486977530023	2.62565534913764	1.54365906296914	2.63310899684362	3.70639385090111	2.16273478793197	0.591903604270162	1.13377198552608	-9.30447414380934	0.975121302511539	11.447937980672	20.7524121244814	0.0539	1	5.39932896334975	2.9088246407992	5.4655994817914	7.52375553215191	4.6149308913527	0	NA	NA	NA	NA	NA	NA	1	-1.24614698133337	1.55288229908627	1	0.165289711674706	0.0273206887855075	1	-3.80233601495019	14.4577591705873	1	0.463220962873479	0.214573660445433	1.00145164222373	4591.16255533854	0	1.00132995859095	13038.9383916239	0	NA	NA	NA	NA	NA	NA	NA	NA
701	7	7	benefit_positive_truncnorm	benefit_positive_truncnorm	continuous	1	waning	benefit	1	1	NA	1.89883430871893	3.60198867005209	1000	360	600	1000	1000	360	725	0.64	0.275	7.33759249265231	24	24	0	2	1	10	4	1	5000	2500	1	0.99	14	10000	101700	0.7314	0.9993	1.52336312804926	-3.41081061771747	1.59601044960509	6.31301331812314	9.72382393584061	1.81435663827394	0.731211718673803	1.82238335502123	2.8905315978155	2.15931987914169	0.64654046997389	1.99129223031714	-8.80873212648657	1.87857072128023	12.1243609623205	20.9330930888071	0.0808	0.9999	4.16640332600141	1.85231457931739	4.19404758347447	6.4313905452545	4.57907596593711	0	NA	NA	NA	NA	NA	NA	1	-0.375471180669672	0.140978607513477	1	-0.084477670444989	0.00713647680381217	1	-1.61069643973495	2.59434302097485	1	0.564414655949318	0.318563903850387	1.00149190522777	4709.77064138661	0	1.00162447471386	11184.5144802096	0	NA	NA	NA	NA	NA	NA	NA	NA
791	7	7	benefit_positive_truncnorm	benefit_positive_truncnorm	continuous	1	waning	benefit	1	1	NA	1.70520269201634	3.34032655610402	1000	360	600	1000	1000	360	729	0.64	0.271	6.77030192383298	24	24	0	2	1	10	4	1	5000	2500	1	0.99	14	10000	101790	0.7031	0.9993	1.45077935867506	-3.89608923696393	1.50515247380374	6.58709941203725	10.4831886490012	1.75724556247272	0.696106081184405	1.75409753371789	2.81970132196674	2.12359524078233	0.611038536903984	1.63272551238875	-9.73064069486685	1.48452853027225	12.5356481329842	22.266288827851	0.0814	0.9995	3.84295745259117	1.6404096112807	3.84783675684667	6.00384443464248	4.36343482336178	0	NA	NA	NA	NA	NA	NA	1	-0.25442333334128	0.0647312325484882	1	0.0520428704563862	0.0027084603653402	1	-1.70760104371526	2.91590132449745	1	0.502630896487157	0.252637818103483	1.00124234826491	4340.46479186396	0	1.00244376372321	14494.9090438903	0	NA	NA	NA	NA	NA	NA	NA	NA
790	7	7	benefit_positive_truncnorm	benefit_positive_truncnorm	continuous	1	waning	benefit	1	1	NA	1.90881322645409	3.76580461908098	1000	360	600	1000	1000	360	703	0.64	0.297	7.79783049071951	24	24	0	2	1	10	4	1	5000	2500	1	0.99	14	10000	101789	0.6975	1	1.30242031197831	-3.68797407693749	1.31287492404169	6.22518989556766	9.91316397250515	2.17854054702294	1.10627320587984	2.17655509437954	3.22387082052154	2.1175976146417	0.593901204005851	1.28528985912531	-9.4582690809123	1.20723011197955	11.9332429754564	21.3915120563687	0.1113	1	4.70807371063863	2.59061854350373	4.71789000842879	6.87663491232037	4.28601636881663	0	NA	NA	NA	NA	NA	NA	1	-0.60639291447578	0.36771236672643	1	0.269727320568854	0.0727528274612534	1	-2.48051475995567	6.15295347435795	1	0.942269091557643	0.887871040904865	1.00161248432119	4744.25009530312	0	1.00287467047611	11592.0589849386	0	NA	NA	NA	NA	NA	NA	NA	NA
723	7	7	benefit_positive_truncnorm	benefit_positive_truncnorm	continuous	1	waning	benefit	1	1	NA	0.916540302389626	1.6917119607326	1000	360	600	1000	1000	360	711	0.64	0.289	6.57709057572138	24	24	0	2	1	10	4	1	5000	2500	1	0.99	14	10000	101722	0.4215	0.276	-0.570469219954669	-5.82964931742071	-0.556396397121925	4.72821157730025	10.557860894721	-0.32963687044805	-1.42379359863503	-0.326680215758438	0.775663515254638	2.19945711388967	0.439076757917338	-0.882366713125977	-12.2320596965886	-0.765452234706713	10.5956751443975	22.8277348409861	0.0685	0.1364	-1.34832429034502	-3.81390310868949	-1.37238057872898	1.21306545712735	5.02696856581684	0	NA	NA	NA	NA	NA	NA	1	-1.48700952234429	2.21119731954261	0	-1.24617717283768	1.5529575461017	1	-2.57407867385858	6.62588101921355	0	-3.04003625107763	9.2418204078661	1.00159804324313	4569.30851695251	0	1.00172168534655	14496.0678408708	0	NA	NA	NA	NA	NA	NA	NA	NA
935	7	7	benefit_positive_truncnorm	benefit_positive_truncnorm	continuous	1	waning	benefit	1	1	NA	2.58230827032784	5.73867728411138	1000	360	600	1000	1000	360	711	0.64	0.289	7.53249238329369	24	24	0	2	1	10	4	1	5000	2500	1	0.99	14	10000	101934	0.7713	1	1.93769654376162	-3.10895538770232	2.01980602271414	6.71982838555796	9.82878377326028	2.39246287762683	1.29903033662538	2.3938655638283	3.47712393890926	2.17809360228388	0.680377987770984	2.51521590441662	-8.38664092025785	2.37249447819689	12.7112272038958	21.0978681241537	0.1005	0.9997	5.09151534567942	2.27260185789709	5.17454154660459	7.5078051004646	5.23520324256751	0	NA	NA	NA	NA	NA	NA	1	-0.644611726566218	0.41552427802668	1	-0.189845392701015	0.0360412731298025	1	-3.22346137969476	10.3907032663836	1	-0.647161938431959	0.418818574555011	1.00186709046094	4511.12687527215	0	1.00209639190127	11899.7225042885	0	NA	NA	NA	NA	NA	NA	NA	NA
751	7	7	benefit_positive_truncnorm	benefit_positive_truncnorm	continuous	1	waning	benefit	1	1	NA	2.26679332012745	4.5490278621109	1000	360	600	1000	1000	360	708	0.64	0.292	6.98979848168052	24	24	0	2	1	10	4	1	5000	2500	1	0.99	14	10000	101750	0.7202	1	1.64022367196764	-3.78863755258767	1.69169601755244	6.8895952619285	10.6782328145162	2.68707470308659	1.60532045207725	2.68904570129252	3.78338583057438	2.17806537849712	0.64123056711189	1.99351077041042	-9.32192447147582	1.90645570620052	12.9882568737505	22.3101813452263	0.0866	1	6.49760998237888	3.85170941865672	6.50533264017889	9.19127003897285	5.33956062031613	0	NA	NA	NA	NA	NA	NA	1	-0.626569648159806	0.392589523995103	1	0.420281382959143	0.17663644086205	1	-2.55551709170049	6.53066760597331	1	1.94858212026797	3.79697227942803	1.00148891048715	4099.20611687522	0	1.00203835785875	14288.0638199084	0	NA	NA	NA	NA	NA	NA	NA	NA
933	7	7	benefit_positive_truncnorm	benefit_positive_truncnorm	continuous	1	waning	benefit	1	1	NA	2.50781773057952	4.51767982141067	1000	360	600	1000	1000	360	703	0.64	0.297	7.42249619984707	24	24	0	2	1	10	4	1	5000	2500	1	0.99	14	10000	101932	0.8412	1	2.6209130916621	-2.42114425899548	2.68865624430672	7.31691627737367	9.73806053636916	3.5034953928979	2.41352974707932	3.50469742272153	4.5718163512554	2.15828660417608	0.814044068551079	4.17120871653301	-5.75998007823358	3.93799844914577	13.7899476605076	19.5499277387411	0.1014	1	6.32803843533079	4.00735938283405	6.27273908427358	8.98505177087967	4.97769238804562	0	NA	NA	NA	NA	NA	NA	1	0.113095361082578	0.0127905606983986	1	0.99567766231838	0.991374007239795	1	-0.346471104877661	0.120042226515147	1	1.81035861392011	3.27739831099475	1.00130311593534	4463.36683372862	0	1.00172540555572	13222.9914731759	0	NA	NA	NA	NA	NA	NA	NA	NA
889	7	7	benefit_positive_truncnorm	benefit_positive_truncnorm	continuous	1	waning	benefit	1	1	NA	2.20002088055696	4.1139233988019	1000	360	600	1000	1000	360	694	0.64	0.306	7.3695712359719	24	24	0	2	1	10	4	1	5000	2500	1	0.99	14	10000	101888	0.7193	0.9983	1.49912946893115	-3.50989560340641	1.52919676757613	6.20220411483194	9.71209971823835	1.6869512502441	0.57358305219774	1.69405549648741	2.73835752788928	2.16477447569154	0.648504040183446	2.00849929395316	-8.59422807858338	1.93418791196352	12.159649755398	20.7538778339814	0.0842	0.9976	3.33747366280137	0.862854498351882	3.32117708421789	6.061055479837	5.19820098148512	0	NA	NA	NA	NA	NA	NA	1	-0.700891411625806	0.491248770890814	1	-0.513069630312853	0.263240445549367	1	-2.10542410484874	4.43281066127811	1	-0.776449736000527	0.602874192535288	1.00143324670137	4758.41340774952	0	1.00197709315993	11851.157499412	0	NA	NA	NA	NA	NA	NA	NA	NA
932	7	7	benefit_positive_truncnorm	benefit_positive_truncnorm	continuous	1	waning	benefit	1	1	NA	1.83116884449904	3.64360522840725	1000	360	600	1000	1000	360	703	0.64	0.297	6.95022146262278	24	24	0	2	1	10	4	1	5000	2500	1	0.99	14	10000	101931	0.541	0.9959	0.284995338100331	-5.13344874452425	0.276556523363527	5.68431647609826	10.8177652206225	1.52307408312123	0.424503758981636	1.52739093075043	2.60790816347428	2.18340440449264	0.511805859204198	0.151894104174367	-11.2367586578212	0.127472305603062	11.5610163354239	22.7977749932451	0.0852	0.9788	2.54089586736906	0.100332456174536	2.45611089168443	5.38292185197737	5.28258939580284	0	NA	NA	NA	NA	NA	NA	1	-1.54617350639871	2.39065251188927	1	-0.308094761377805	0.0949223819884465	1	-3.49171112423289	12.1920465750917	1	-1.10270936103819	1.21596793492125	1.00159843585676	4183.59292608562	0	1.00176847943536	11367.5810810699	0	NA	NA	NA	NA	NA	NA	NA	NA
822	7	7	benefit_positive_truncnorm	benefit_positive_truncnorm	continuous	1	waning	benefit	1	1	NA	2.36537617421156	4.53834780176576	1000	360	600	1000	1000	360	690	0.64	0.31	7.50889463661625	24	24	0	2	1	10	4	1	5000	2500	1	0.99	14	10000	101821	0.8242	1	2.39496826734603	-2.65564309420542	2.42405821644502	7.37098080489917	10.0266238991046	3.24271354348119	2.14087393202062	3.23658328370343	4.336406271313	2.19553233929238	0.68454647256439	2.55949155420116	-7.76983790764884	2.38640105831208	12.8169350462718	20.5867729539206	0.107	1	7.23091771400439	3.7185662586494	7.52395182934079	9.96798846896285	6.24942221031345	0	NA	NA	NA	NA	NA	NA	1	0.0295920931344749	0.000875691976079434	1	0.877337369269638	0.769720859516969	1	-1.97885624756459	3.91587204852543	1	2.69256991223864	7.24993273229278	1.00132656705715	4681.00553685147	0	1.0014800356491	15813.1706712368	0	NA	NA	NA	NA	NA	NA	NA	NA
814	7	7	benefit_positive_truncnorm	benefit_positive_truncnorm	continuous	1	waning	benefit	1	1	NA	2.28127842897493	4.54780364195184	1000	360	600	1000	1000	360	703	0.64	0.297	7.15780407489168	24	24	0	2	1	10	4	1	5000	2500	1	0.99	14	10000	101813	0.6479	0.9998	0.899584179347362	-3.8210384892797	0.952157989229932	5.49750332663554	9.31854181591524	1.96046557067274	0.866322198685843	1.96458128039033	3.03368660402741	2.16736440534156	0.590239798064788	1.01452547986511	-9.48925349100493	0.992041079255532	11.2163759604774	20.7056294514823	0.0492	0.9969	3.2162117859757	0.871076681915444	3.17024326858164	5.85796021456419	4.98688353264875	0	NA	NA	NA	NA	NA	NA	1	-1.38169424962756	1.90907899945388	1	-0.320812858302183	0.102920890052017	1	-3.53327816208673	12.484054570679	1	-1.33159185597614	1.77313687090199	1.00166106041812	4602.29700736904	0	1.00140598949307	11275.1577320889	0	NA	NA	NA	NA	NA	NA	NA	NA
835	7	7	benefit_positive_truncnorm	benefit_positive_truncnorm	continuous	1	waning	benefit	1	1	NA	1.32496170741613	2.38858822673597	1000	360	600	1000	1000	360	727	0.64	0.273	6.93532474763011	24	24	0	2	1	10	4	1	5000	2500	1	0.99	14	10000	101834	0.5098	0.88	0.0749150020857428	-5.2590862651109	0.0688004978614778	5.46777926408085	10.7268655291918	0.660011469498902	-0.424607525177999	0.660888057245338	1.74894725185232	2.17355477703032	0.505086970790942	-0.0154774638835743	-11.3870146491202	0.0577291918135767	11.4122576303511	22.7992722794713	0.0859	0.7669	0.851884649779064	-1.44858324741064	0.832585782073859	3.22049730340746	4.6690805508181	0	NA	NA	NA	NA	NA	NA	1	-1.25004670533039	1.56261676550736	1	-0.664950237917229	0.44215881890618	1	-2.40406569061955	5.77953184481403	1	-1.53670357695691	2.36145788343215	1.00175319974389	4105.05236483861	0	1.00157955127663	14615.339968685	0	NA	NA	NA	NA	NA	NA	NA	NA
886	7	7	benefit_positive_truncnorm	benefit_positive_truncnorm	continuous	1	waning	benefit	1	1	NA	2.16381290389712	4.13920741478595	1000	360	600	1000	1000	360	704	0.64	0.296	7.51437918711706	24	24	0	2	1	10	4	1	5000	2500	1	0.99	14	10000	101885	0.7	0.9909	1.2596990270498	-3.74811398459122	1.27638692609259	6.12877380035181	9.87688778494303	1.32636715272816	0.223385364726457	1.32467385586844	2.42284648830164	2.19946112357519	0.618093770636144	1.50865923407724	-9.38791911178967	1.4375149791581	11.9627297122749	21.3506488240646	0.0914	0.9811	2.5387692766298	0.126171751978686	2.59302914497153	4.68624787008465	4.56007611810596	0	NA	NA	NA	NA	NA	NA	1	-0.904113876847319	0.817421902307889	1	-0.837445751168959	0.701315386150943	1	-2.6305481807087	6.91978373102987	1	-1.60043813815615	2.56140223406473	1.00143032419323	4526.57560565534	0	1.00215501431716	10020.1819382792	0	NA	NA	NA	NA	NA	NA	NA	NA
734	7	7	benefit_positive_truncnorm	benefit_positive_truncnorm	continuous	1	waning	benefit	1	1	NA	2.55446197132461	5.51416561240894	1000	360	600	1000	1000	360	705	0.64	0.295	7.45895562821063	24	24	0	2	1	10	4	1	5000	2500	1	0.99	14	10000	101733	0.7251	1	1.46479072162714	-3.44933765082554	1.50741531251513	6.21613833226388	9.66547598308943	2.33082703094983	1.26742005317274	2.33014681999225	3.39699802444876	2.12957797127602	0.61884606816663	1.52790836527512	-9.53476291119471	1.49149452131531	11.9335000879815	21.4682629991762	0.1022	1	4.21988187369561	2.16325819597153	4.20926061843768	6.31282968092137	4.14957148494984	0	NA	NA	NA	NA	NA	NA	1	-1.08967124969747	1.18738343241724	1	-0.223634940374784	0.0500125865564334	1	-3.98625724713382	15.8902468403269	1	-1.29428373871334	1.67517039629777	1.00160413027056	4586.35852942008	0	1.00145128922991	13585.129693363	0	NA	NA	NA	NA	NA	NA	NA	NA
762	7	7	benefit_positive_truncnorm	benefit_positive_truncnorm	continuous	1	waning	benefit	1	1	NA	2.25448441997628	4.22166791119804	1000	360	600	1000	1000	360	715	0.64	0.285	8.32997602399415	24	24	0	2	1	10	4	1	5000	2500	1	0.99	14	10000	101761	0.7981	1	2.04169221365699	-2.81420983152472	2.08964398520647	6.69969975666345	9.51390958818817	2.54593313280845	1.48963877129534	2.54390496222607	3.57400906994841	2.08437029865307	0.663094969546582	2.0914730231462	-8.51914073087928	1.99795683779989	11.8274821400263	20.3466228709056	0.1134	0.9991	4.0930614434898	1.56336834266159	4.08095358662354	6.87234549438623	5.30897715172464	0	NA	NA	NA	NA	NA	NA	1	-0.212792206319294	0.045280523070233	1	0.291448712832163	0.0849423522115246	1	-2.13019488805184	4.53773026108219	1	-0.128606467708248	0.0165396235363926	1.00150191076497	4609.95444455872	0	1.00181439206547	11671.9001636117	0	NA	NA	NA	NA	NA	NA	NA	NA
813	7	7	benefit_positive_truncnorm	benefit_positive_truncnorm	continuous	1	waning	benefit	1	1	NA	2.13245876478602	3.94980734163591	1000	360	600	1000	1000	360	698	0.64	0.302	8.22896002275259	24	24	0	2	1	10	4	1	5000	2500	1	0.99	14	10000	101812	0.7277	0.9997	1.44111844865121	-3.4141193026427	1.48708374838834	5.98410562902153	9.39822493166423	1.90087707287318	0.8313005619124	1.90215111739886	2.9580084904607	2.1267079285483	0.63377717082053	1.72078029160477	-8.64136422255822	1.60863179336114	11.5362357576409	20.1775999801991	0.1213	0.9996	3.65367699966422	1.50332902722	3.66308019918154	5.76874491155782	4.26541588433783	0	NA	NA	NA	NA	NA	NA	1	-0.69134031613481	0.477951432713378	1	-0.231581691912833	0.0536300800292104	1	-2.22902705003114	4.96856158977054	1	-0.29613034197169	0.0876931794362702	1.00144845725067	4377.14460979399	0	1.00158871054194	13433.7917775075	0	NA	NA	NA	NA	NA	NA	NA	NA
732	7	7	benefit_positive_truncnorm	benefit_positive_truncnorm	continuous	1	waning	benefit	1	1	NA	1.54352731180903	3.10552431688136	1000	360	600	1000	1000	360	688	0.64	0.312	7.39452958713752	24	24	0	2	1	10	4	1	5000	2500	1	0.99	14	10000	101731	0.6711	1	1.17173319311812	-3.8015164788321	1.20964245917246	6.06497281113842	9.86648928997052	2.42919044546993	1.36052726932648	2.42046960022541	3.50397724306379	2.14344997373731	0.589097368713223	1.23641158415303	-9.69963782326306	1.16645596192929	11.859979943296	21.5596177665591	0.0993	1	5.12860567537183	2.40421032777068	5.0949407561525	8.03503304542327	5.6308227176526	0	NA	NA	NA	NA	NA	NA	1	-0.371794118690912	0.138230866693152	1	0.8856631336609	0.784399186326045	1	-1.86911273272833	3.49358240764717	1	2.02308135849046	4.09285818307162	1.00124876553477	4566.85391664633	0	1.00208818563393	10393.3916734925	0	NA	NA	NA	NA	NA	NA	NA	NA
747	7	7	benefit_positive_truncnorm	benefit_positive_truncnorm	continuous	1	waning	benefit	1	1	NA	1.41343053648342	2.91496366394909	1000	360	600	1000	1000	360	732	0.64	0.268	6.66201267991282	24	24	0	2	1	10	4	1	5000	2500	1	0.99	14	10000	101746	0.6761	0.9996	1.20084663618629	-4.08114649895678	1.24216517372552	6.39844689949616	10.4795933984529	1.83039696318808	0.788994547495421	1.83464185723091	2.90134160193172	2.1123470544363	0.611200861604739	1.49409483029623	-9.50135395283003	1.39286805931825	12.3701591742229	21.8715131270529	0.0715	0.9982	2.86290493497083	1.07065171375438	2.78695497438783	4.99592360260771	3.92527188885332	0	NA	NA	NA	NA	NA	NA	1	-0.212583900297131	0.0451919146655405	1	0.416966426704666	0.173861000998858	1	-1.42086883365286	2.01886824244605	1	-0.0520587289782677	0.00271011126283273	1.00170294573114	4060.46985229131	0	1.00204484894341	11239.2731313743	0	NA	NA	NA	NA	NA	NA	NA	NA
735	7	7	benefit_positive_truncnorm	benefit_positive_truncnorm	continuous	1	waning	benefit	1	1	NA	2.45219113593506	4.91485246289895	1000	360	600	1000	1000	360	710	0.64	0.29	7.08781332784086	24	24	0	2	1	10	4	1	5000	2500	1	0.99	14	10000	101734	0.7511	1	1.6634719072465	-3.1911961820196	1.74181752763952	6.35240287542649	9.54359905744609	2.48552463383087	1.40384540040851	2.48045550803742	3.56015793233246	2.15631253192396	0.704270576902494	2.57061082020065	-8.01437802821928	2.34859024465641	12.8158484462839	20.8302264745032	0.0657	0.9994	3.88917973068259	1.4758907248745	3.78815995012304	6.6345462493826	5.15865552450811	0	NA	NA	NA	NA	NA	NA	1	-0.788719228688556	0.62207802170307	1	0.033333497895812	0.0011111220819701	1	-2.3442416426983	5.49546887936084	1	-1.02567273221636	1.05200455361218	1.00150664432803	4422.51808258919	0	1.00194446120615	11916.5227213945	0	NA	NA	NA	NA	NA	NA	NA	NA
836	7	7	benefit_positive_truncnorm	benefit_positive_truncnorm	continuous	1	waning	benefit	1	1	NA	2.3775627097366	4.4477448726388	1000	360	600	1000	1000	360	704	0.64	0.296	7.4978622260918	24	24	0	2	1	10	4	1	5000	2500	1	0.99	14	10000	101835	0.8167	1	2.32997686622947	-2.70014331749023	2.38329976340705	7.16980900493219	9.86995232242242	3.13172538811237	2.05966399304392	3.1385950429194	4.21132650559365	2.15166251254972	0.725327123530716	2.98604609531401	-7.49033273271506	2.76867924054986	13.0465270340474	20.5368597667624	0.0982	1	5.57857066541027	3.3764164376526	5.58166630070324	7.84084529510514	4.46442885745254	0	NA	NA	NA	NA	NA	NA	1	-0.0475858435071235	0.00226441250228444	1	0.75416267837577	0.568761345454915	1	-1.46169877732479	2.13656331563279	1	1.13082579277147	1.27876697359723	1.00153217512271	4431.66853128018	0	1.00228167741552	11959.0815863548	0	NA	NA	NA	NA	NA	NA	NA	NA
755	7	7	benefit_positive_truncnorm	benefit_positive_truncnorm	continuous	1	waning	benefit	1	1	NA	2.21022727316475	4.14004633319479	1000	360	600	1000	1000	360	733	0.64	0.267	6.84744107295475	24	24	0	2	1	10	4	1	5000	2500	1	0.99	14	10000	101754	0.6896	0.9999	1.36667004569533	-4.08650499100727	1.40980992660982	6.65957650668991	10.7460814976972	2.09299971315926	1.03088616471587	2.09151741862947	3.14781624820339	2.11693008348751	0.626855895196507	1.80138003952374	-9.53411315350756	1.64294915758959	12.6703060816758	22.2044192351834	0.084	0.9999	4.16804325148285	2.37941531272333	4.09719828034176	6.2135163545225	3.83410104179917	0	NA	NA	NA	NA	NA	NA	1	-0.84355722746942	0.711588796015895	1	-0.117227560005497	0.0137423008248424	1	-2.33866629367105	5.46936003315308	1	0.0279969182880659	0.000783827433628641	1.00195293875585	4274.38997076049	0	1.0016124576879	12899.0204337153	0	NA	NA	NA	NA	NA	NA	NA	NA
901	7	7	benefit_positive_truncnorm	benefit_positive_truncnorm	continuous	1	waning	benefit	1	1	NA	1.64147674792634	3.31583740331558	1000	360	600	1000	1000	360	749	0.64	0.251	6.29435170491636	24	24	0	2	1	10	4	1	5000	2500	1	0.99	14	10000	101900	0.6132	0.9956	0.769012839036169	-4.42273654373473	0.788417551036644	5.87859263809613	10.3013291818309	1.48117897747735	0.415332294595561	1.47555516395169	2.56526836861688	2.14993607402131	0.578919769271106	1.05466976220014	-9.80115231508497	0.912042282178577	12.0242552828797	21.8254075979646	0.0465	0.9789	2.37683994790707	0.094725063306402	2.3020723953617	4.95866035722522	4.86393529391882	0	NA	NA	NA	NA	NA	NA	1	-0.87246390889017	0.761193272315914	1	-0.160297770448993	0.025695375210918	1	-2.26116764111544	5.11287910122755	1	-0.938997455408512	0.88171622126366	1.00157052892396	4720.17263592695	0	1.00177416356419	11040.5114146599	0	NA	NA	NA	NA	NA	NA	NA	NA
731	7	7	benefit_positive_truncnorm	benefit_positive_truncnorm	continuous	1	waning	benefit	1	1	NA	1.80707259373512	3.09705581711569	1000	360	600	1000	1000	360	700	0.64	0.3	7.55635644754734	24	24	0	2	1	10	4	1	5000	2500	1	0.99	14	10000	101730	0.7132	1	1.47215032036946	-3.58993034111758	1.50245507415622	6.39132649486393	9.98125683598151	2.13938433381669	1.06797377614997	2.14454373770118	3.17771065383241	2.10973687768244	0.654713452865471	2.10625647996219	-8.39673020250189	1.93532445912691	12.5315032977506	20.9282335002525	0.0909	1	4.76029084866137	2.41660084681311	4.73234780110262	7.20306705663477	4.78646620982166	0	NA	NA	NA	NA	NA	NA	1	-0.33492227336566	0.112172929196422	1	0.332311740081575	0.110431092596045	1	-0.990799337153498	0.98168332650381	1	1.66323503154569	2.76635077016078	1.00165819418496	4738.23857632323	0	1.00265821529376	10882.7833443118	0	NA	NA	NA	NA	NA	NA	NA	NA
786	7	7	benefit_positive_truncnorm	benefit_positive_truncnorm	continuous	1	waning	benefit	1	1	NA	1.50175960743905	3.04612769748273	1000	360	600	1000	1000	360	715	0.64	0.285	6.99262551460027	24	24	0	2	1	10	4	1	5000	2500	1	0.99	14	10000	101785	0.576	0.9925	0.493665502995513	-4.89494845382916	0.543105996523038	5.93868135605388	10.833629809883	1.31171248290431	0.237183826823718	1.30691081960039	2.38886019717686	2.15167637035315	0.530561012879284	0.435165593707609	-11.0703814262065	0.395413623452685	11.7384073103883	22.8087887365947	0.0838	0.994	3.48011704644348	0.560924735514751	3.58246367597467	6.09305671623739	5.53213198072264	0	NA	NA	NA	NA	NA	NA	1	-1.00809410444354	1.01625372341382	1	-0.190047124534741	0.0361179095439235	1	-2.61096210377512	6.81712310734982	1	0.433989348960743	0.188346755011369	1.00201260986103	3941.42554159918	0	1.00122585042908	9721.2115699877	0	NA	NA	NA	NA	NA	NA	NA	NA
775	7	7	benefit_positive_truncnorm	benefit_positive_truncnorm	continuous	1	waning	benefit	1	1	NA	2.45796751466225	5.69102455983052	1000	360	600	1000	1000	360	698	0.64	0.302	7.32902055702912	24	24	0	2	1	10	4	1	5000	2500	1	0.99	14	10000	101774	0.6953	0.9999	1.30182011912268	-3.6181270379696	1.29063807641166	6.24152259838097	9.85964963635057	2.00568026842205	0.919411848535139	2.01108384775148	3.0848077577627	2.16539590922756	0.611554002402534	1.5373204204516	-9.11341966324956	1.41549136970648	12.1164175770006	21.2298372402502	0.0843	0.9997	4.44057013256334	1.87677093234777	4.44024600200123	7.09644176352543	5.21967083117766	0	NA	NA	NA	NA	NA	NA	1	-1.15614739553957	1.33667680021293	1	-0.452287246240209	0.204563753111551	1	-4.15370413937892	17.2532580774935	1	-1.25045442726718	1.5636362746721	1.00099416852208	4669.20618288044	0	1.00127067683405	11772.8995588625	0	NA	NA	NA	NA	NA	NA	NA	NA
753	7	7	benefit_positive_truncnorm	benefit_positive_truncnorm	continuous	1	waning	benefit	1	1	NA	2.74357848672011	5.77961350085301	1000	360	600	1000	1000	360	710	0.64	0.29	8.29030865530072	24	24	0	2	1	10	4	1	5000	2500	1	0.99	14	10000	101752	0.8431	1	2.44500173271716	-2.32984302738609	2.51740181681623	6.91817438687525	9.24801741426134	2.90147784054458	1.85512764798776	2.89838655073754	3.94532177841029	2.09019413042252	0.754723462727585	3.21627534207771	-7.05583967550698	3.11723301458645	12.5364895128654	19.5923291883723	0.1267	1	5.60827230582292	3.74220431941906	5.62544917459548	7.44469152943939	3.70248721002033	0	NA	NA	NA	NA	NA	NA	1	-0.298576754002954	0.0891480780309408	1	0.157899353824466	0.024932205938184	1	-2.56333815877529	6.57070251623352	1	-0.171341195030084	0.0293578051143371	1.00204264115722	4289.96534453267	0	1.00206690530688	11787.2121103389	0	NA	NA	NA	NA	NA	NA	NA	NA
756	7	7	benefit_positive_truncnorm	benefit_positive_truncnorm	continuous	1	waning	benefit	1	1	NA	1.41522585993524	2.77617149213762	1000	360	600	1000	1000	360	707	0.64	0.293	7.87892561006271	24	24	0	2	1	10	4	1	5000	2500	1	0.99	14	10000	101755	0.6017	0.9645	0.643698187523646	-4.37253266086962	0.667896328854551	5.58350292940842	9.95603559027804	0.993644666965877	-0.0735254764918532	0.989055770239212	2.06198974867117	2.13551522516302	0.562444543034605	0.830766067252899	-9.96428779346492	0.774304429467389	11.5585736704651	21.5228614639301	0.0984	0.9746	2.18380749873072	-0.00236419200476056	2.1539540470506	4.51904941813253	4.52141361013729	0	NA	NA	NA	NA	NA	NA	1	-0.771527672411593	0.59525494929685	1	-0.421581192969362	0.17773070226547	1	-1.94540542488472	3.78460226717091	1	-0.592363993406905	0.350895100684976	1.00149225580751	4447.14868881778	0	1.00105619221383	11870.8002110016	0	NA	NA	NA	NA	NA	NA	NA	NA
750	7	7	benefit_positive_truncnorm	benefit_positive_truncnorm	continuous	1	waning	benefit	1	1	NA	1.60408682513932	3.13810271309488	1000	360	600	1000	1000	360	727	0.64	0.273	6.27368170775587	24	24	0	2	1	10	4	1	5000	2500	1	0.99	14	10000	101749	0.7295	1	1.59430588316178	-3.48654535180243	1.59341742929423	6.58396631224983	10.0705116640523	2.69083713736399	1.61554987700801	2.69278775926871	3.7646310621815	2.14908118517349	0.705016934801016	2.67568739683769	-7.82099216242207	2.43065720761965	13.0860026942976	20.9069948567196	0.0552	1	4.8406795370243	2.98040148227368	4.82092236473508	6.77923928958297	3.79883780730928	0	NA	NA	NA	NA	NA	NA	1	-0.00978094197754564	9.56668259681145e-05	0	1.08675031222467	1.18102624112041	1	-0.462415316257188	0.213827924709235	1	1.70257682392942	2.89876784138159	1.00152758973096	4394.42678149532	0	1.00221695743153	11808.2757175494	0	NA	NA	NA	NA	NA	NA	NA	NA
804	7	7	benefit_positive_truncnorm	benefit_positive_truncnorm	continuous	1	waning	benefit	1	1	NA	1.81780510490549	3.65007084088722	1000	360	600	1000	1000	360	708	0.64	0.292	7.36020939716644	24	24	0	2	1	10	4	1	5000	2500	1	0.99	14	10000	101803	0.5892	0.9964	0.523180342654145	-4.54459005114803	0.576832436707218	5.37330293094015	9.91789298208817	1.47184746783249	0.386865057799834	1.46639651994217	2.54895876542716	2.16209370762732	0.554925893635571	0.701070205875429	-10.4548535460788	0.697006499060342	11.458286897508	21.9131404435868	0.0824	0.9969	3.24869501844681	0.97290722600585	3.33884859667857	5.11268116193701	4.13977393593116	0	NA	NA	NA	NA	NA	NA	1	-1.29462476225134	1.67605327503434	1	-0.345957637072999	0.119686686649133	1	-2.94900063501179	8.69660474529992	1	-0.401375822440405	0.161102550839712	1.00149588022583	4502.3380878891	0	1.00185780082226	14488.2833719721	0	NA	NA	NA	NA	NA	NA	NA	NA
771	7	7	benefit_positive_truncnorm	benefit_positive_truncnorm	continuous	1	waning	benefit	1	1	NA	1.84725188281679	3.99415714306654	1000	360	600	1000	1000	360	742	0.64	0.258	6.99759564455597	24	24	0	2	1	10	4	1	5000	2500	1	0.99	14	10000	101770	0.6869	0.9998	1.3703683986406	-4.12714724123098	1.41497852480468	6.72296258481315	10.8501098260441	1.91243897803569	0.841560835023421	1.91420233980057	2.97238500907541	2.13082417405199	0.612860310421286	1.66409022418124	-9.91228347847986	1.51230465494965	12.6503345754673	22.5626180539472	0.098	0.9999	3.85446481500274	1.69366269678058	3.85226124901409	5.84559815094111	4.15193545416054	0	NA	NA	NA	NA	NA	NA	1	-0.476883484176195	0.227417857480028	1	0.0651870952189011	0.00424935738307808	1	-2.33006691888529	5.42921184648361	1	-0.139692328063803	0.0195139465198853	1.00133554170429	4363.74950763177	0	1.00149126353147	11766.1805482717	0	NA	NA	NA	NA	NA	NA	NA	NA
785	7	7	benefit_positive_truncnorm	benefit_positive_truncnorm	continuous	1	waning	benefit	1	1	NA	2.76897789990518	5.45198270944392	1000	360	600	1000	1000	360	689	0.64	0.311	7.49949340109614	24	24	0	2	1	10	4	1	5000	2500	1	0.99	14	10000	101784	0.7827	1	2.02217737918373	-3.09603605613118	2.0729573751539	6.79529072132574	9.89132677745692	2.6115495790642	1.54614345605163	2.61574430572728	3.66731007239712	2.12116661634549	0.695656978671676	2.5494162582286	-8.18942956416954	2.44239130511184	12.4089549770054	20.5983845411749	0.0951	1	5.68281985330714	3.01010778548808	5.66532575718922	8.60741365109339	5.59730586560531	0	NA	NA	NA	NA	NA	NA	1	-0.746800520721449	0.557711017749827	1	-0.157428320840979	0.0247836762028104	1	-2.90256645121532	8.4248920037207	1	0.230837143863223	0.0532857869869302	1.00112567536476	4699.79214120766	0	1.00214400668374	13297.6955887499	0	NA	NA	NA	NA	NA	NA	NA	NA
733	7	7	benefit_positive_truncnorm	benefit_positive_truncnorm	continuous	1	waning	benefit	1	1	NA	1.64147319098494	3.41990270834355	1000	360	600	1000	1000	360	721	0.64	0.279	6.71729654112985	24	24	0	2	1	10	4	1	5000	2500	1	0.99	14	10000	101732	0.7024	0.9999	1.43836654009452	-3.84378079163424	1.46885323340439	6.59656856486221	10.4403493564964	2.35916704655281	1.27221008017799	2.36273659928725	3.44432439710491	2.17211431692692	0.627335299901672	1.81332373961329	-9.53266769184323	1.63923310017104	12.6977733285442	22.2304410203874	0.0847	0.9997	5.15442398975091	2.8690376984772	5.15642625089437	7.55096373467932	4.68192603620212	0	NA	NA	NA	NA	NA	NA	1	-0.20310665089042	0.041252311635923	1	0.717693855567866	0.515084470319869	1	-1.60657896873026	2.58109598276639	1	1.73452128140736	3.00856407565502	1.00168664125426	3825.73952764541	0	1.00130047993196	10304.3390514162	0	NA	NA	NA	NA	NA	NA	NA	NA
782	7	7	benefit_positive_truncnorm	benefit_positive_truncnorm	continuous	1	waning	benefit	1	1	NA	2.09841673375173	3.92381602081573	1000	360	600	1000	1000	360	696	0.64	0.304	7.70980492783776	24	24	0	2	1	10	4	1	5000	2500	1	0.99	14	10000	101781	0.7665	1	1.91910720705498	-3.19481695504163	1.978310936747	6.88605632037493	10.0808732754166	2.39208146147681	1.31040202067288	2.39675863463408	3.44353730250411	2.13313528183123	0.682211484436454	2.4340606848821	-8.47357982959885	2.31274196070625	12.7757788344152	21.249358664014	0.1101	1	5.05396638288132	2.32193896496622	5.04669444658083	7.71508793147615	5.39314896650993	0	NA	NA	NA	NA	NA	NA	1	-0.179309526696754	0.0321519063642141	1	0.293664727725077	0.0862389723098435	1	-1.48975533593363	2.21937096094271	1	1.1301503620656	1.277239840877	1.00151942913868	4299.93369362017	0	1.00303652194908	14683.6849112442	0	NA	NA	NA	NA	NA	NA	NA	NA
805	7	7	benefit_positive_truncnorm	benefit_positive_truncnorm	continuous	1	waning	benefit	1	1	NA	2.1572480979996	3.9433031369567	1000	360	600	1000	1000	360	739	0.64	0.261	7.04859745824335	24	24	0	2	1	10	4	1	5000	2500	1	0.99	14	10000	101804	0.7706	0.9998	1.78315241836415	-2.94994805790728	1.8138498872945	6.33680814021561	9.28675619812288	1.86319778796505	0.84086212722278	1.86108498362211	2.88456550150368	2.0437033742809	0.745179948586118	3.07450298116926	-7.72051058832426	2.92517213448913	13.2075249377044	20.9280355260287	0.0664	0.9993	2.64896365128526	0.99912823326227	2.53533184282901	4.8383009251416	3.83917269187933	0	NA	NA	NA	NA	NA	NA	1	-0.374095679635452	0.139947577521911	1	-0.294050310034547	0.0864655848314134	1	-0.868800155787445	0.754813710696289	1	-1.29433948567145	1.67531470416822	1.00204446713841	4308.08485027504	0	1.00141447267416	12619.5525502632	0	NA	NA	NA	NA	NA	NA	NA	NA
861	7	7	benefit_positive_truncnorm	benefit_positive_truncnorm	continuous	1	waning	benefit	1	1	NA	2.40348250380203	4.2320849210645	1000	360	600	1000	1000	360	663	0.64	0.337	8.36815773441279	24	24	0	2	1	10	4	1	5000	2500	1	0.99	14	10000	101860	0.7896	1	1.85639335916736	-2.71292301152622	1.8959757142789	6.31738408716201	9.03030709868823	2.40536466702218	1.32618089040651	2.41337688019787	3.46069516469515	2.13451427428865	0.627870328680774	1.65153225879724	-8.84574559689917	1.58429441903475	11.628743563013	20.4744891599122	0.1116	0.9987	4.30548892386851	1.09969689738433	4.2204753285638	7.93324020246456	6.83354330508024	0	NA	NA	NA	NA	NA	NA	1	-0.547089144634664	0.299306532177088	1	0.00188216322015533	3.54253838730548e-06	1	-2.58055266226726	6.65925204273465	1	0.0734040028040077	0.00538814762765077	1.00138217418139	4806.02438079188	0	1.00210452946739	13538.5339951066	0	NA	NA	NA	NA	NA	NA	NA	NA
812	7	7	benefit_positive_truncnorm	benefit_positive_truncnorm	continuous	1	waning	benefit	1	1	NA	1.69524787396032	3.26545133895068	1000	360	600	1000	1000	360	714	0.64	0.286	7.13260481634822	24	24	0	2	1	10	4	1	5000	2500	1	0.99	14	10000	101811	0.7628	1	1.74661630216446	-3.19867522961442	1.80380892575895	6.42166037042004	9.62033560003446	2.16614357933808	1.1220873306742	2.17414773613583	3.19544561683621	2.07335828616202	0.745598969514813	3.11326080719458	-7.5625113560846	2.86549523992208	13.0786524523604	20.641163808445	0.0684	0.9994	3.97006575469858	1.5787037872585	3.95421021588666	6.4993527056761	4.9206489184176	0	NA	NA	NA	NA	NA	NA	1	0.0513684282041458	0.00263871541616448	1	0.470895705377766	0.221742765343223	1	-0.152190531756101	0.0231619579562046	1	0.704614415747908	0.496481474879766	1.00133491069771	4351.73607949589	0	1.00183041376692	6802.8956649142	0	NA	NA	NA	NA	NA	NA	NA	NA
744	7	7	benefit_positive_truncnorm	benefit_positive_truncnorm	continuous	1	waning	benefit	1	1	NA	1.98708394218146	3.58188167422444	1000	360	600	1000	1000	360	702	0.64	0.298	7.7405566532916	24	24	0	2	1	10	4	1	5000	2500	1	0.99	14	10000	101743	0.6802	0.9997	1.18390773343478	-3.95912163811492	1.23682681056896	6.0441555901695	10.0032772282844	1.83566941133846	0.772350026515123	1.84354234353522	2.89362840175454	2.12127837523942	0.611368653421634	1.6068524092146	-9.14149505321453	1.48360190006567	12.061557124083	21.2030521772975	0.094	0.9999	4.13886339421984	1.78933686621468	4.10354647452382	6.69529040632508	4.9059535401104	0	NA	NA	NA	NA	NA	NA	1	-0.803176208746683	0.645092022296696	1	-0.151414530843003	0.0229263601504067	1	-1.97502926500984	3.90074059764531	1	0.556981719995405	0.31022863640904	1.0013856162901	4597.45477193952	0	1.00135782225729	11952.3039210715	0	NA	NA	NA	NA	NA	NA	NA	NA
882	7	7	benefit_positive_truncnorm	benefit_positive_truncnorm	continuous	1	waning	benefit	1	1	NA	2.71005040839241	5.60472924348863	1000	360	600	1000	1000	360	684	0.64	0.316	8.03059922512188	24	24	0	2	1	10	4	1	5000	2500	1	0.99	14	10000	101881	0.7966	1	2.00991908659493	-2.79787454990649	2.02369623923588	6.69198364340283	9.48985819330933	3.34138186531036	2.2644610770982	3.34222166652823	4.41084048292826	2.14637940583006	0.646418145070739	1.91687395197142	-8.29326689490669	1.75744333816024	11.8603552249203	20.153622119827	0.1094	1	7.22767040677292	4.26343044348389	7.30933281947474	9.64159119659416	5.37816075311027	0	NA	NA	NA	NA	NA	NA	1	-0.70013132179748	0.490183867761886	1	0.631331456917948	0.398579408494139	1	-3.68785529151721	13.6002766511715	1	1.62294116328428	2.63393801948255	1.00116656521901	4804.42840398246	0	1.00153534425292	11575.2419448034	0	NA	NA	NA	NA	NA	NA	NA	NA
714	7	7	benefit_positive_truncnorm	benefit_positive_truncnorm	continuous	1	waning	benefit	1	1	NA	1.83709711716305	3.58858569464317	1000	360	600	1000	1000	360	725	0.64	0.275	7.00380220256319	24	24	0	2	1	10	4	1	5000	2500	1	0.99	14	10000	101713	0.5931	0.9998	0.674316945572446	-4.55218810231326	0.660687191898532	5.9262059728965	10.4783940752098	1.85743178465936	0.802443556887703	1.8537436937477	2.90961657731304	2.10717302042533	0.595367428512863	0.876480057180628	-9.72206201431168	0.28800581086908	12.1350605026896	21.8571225170013	0.0243	0.987	3.01315580516881	0.309452604667276	2.9996873724292	5.72386332750873	5.41441072284145	0	NA	NA	NA	NA	NA	NA	1	-1.1627801715906	1.35205772744427	1	0.0203346674963105	0.000413498702185508	1	-2.71210563746254	7.35551698875608	1	-0.575429889474356	0.331119557700469	1.00207173028918	4497.95402167327	0	1.00147552318291	11339.980336996	0	NA	NA	NA	NA	NA	NA	NA	NA
788	7	7	benefit_positive_truncnorm	benefit_positive_truncnorm	continuous	1	waning	benefit	1	1	NA	2.13896206213602	4.40221358449044	1000	360	600	1000	1000	360	719	0.64	0.281	7.54404551609054	24	24	0	2	1	10	4	1	5000	2500	1	0.99	14	10000	101787	0.744	1	1.68639808015438	-3.41973925479236	1.7812151141708	6.6152484491344	10.0349877039268	1.85649788641937	0.792609243660208	1.86397637365435	2.92511613592494	2.13250689226473	0.646275119351615	1.97660818409863	-9.0365167184746	1.88735290999451	12.2279818229772	21.2644985414518	0.0993	0.9985	4.1548539575806	1.3043770728958	4.2345978251591	6.66159751253134	5.35722043963554	0	NA	NA	NA	NA	NA	NA	1	-0.452563981981647	0.204814157787084	1	-0.282464175716655	0.0797860105632891	1	-2.42560540039181	5.88356155840992	1	-0.24735962690984	0.0611867850249752	1.00170674373501	4543.31906112203	0	1.00194171318877	10576.1477176219	0	NA	NA	NA	NA	NA	NA	NA	NA
746	7	7	benefit_positive_truncnorm	benefit_positive_truncnorm	continuous	1	waning	benefit	1	1	NA	1.55061286308027	2.79040123797266	1000	360	600	1000	1000	360	714	0.64	0.286	6.81447529780106	24	24	0	2	1	10	4	1	5000	2500	1	0.99	14	10000	101745	0.671	0.9999	1.21300520086372	-4.07659366736312	1.22121835509835	6.38916037973597	10.4657540470991	1.97610382613489	0.890065428594045	1.97629970469398	3.04719260370141	2.15712717510736	0.595054766294328	1.30744916357269	-9.84443764435929	1.22326955938623	12.2421923875791	22.0866300319384	0.0779	0.9963	3.09135340134737	0.812174881223186	3.08160067775365	5.44783170288942	4.63565682166623	0	NA	NA	NA	NA	NA	NA	1	-0.337607662216549	0.113978933587324	1	0.425490963054624	0.181042559641151	1	-1.48295207439997	2.19914685496717	1	0.300952163374705	0.0905722046399151	1.001402424689	4100.42521068549	0	1.00194924594622	11689.5133270203	0	NA	NA	NA	NA	NA	NA	NA	NA
828	7	7	benefit_positive_truncnorm	benefit_positive_truncnorm	continuous	1	waning	benefit	1	1	NA	1.85688342787392	3.62896098205229	1000	360	600	1000	1000	360	702	0.64	0.298	7.45067699191448	24	24	0	2	1	10	4	1	5000	2500	1	0.99	14	10000	101827	0.5962	0.977	0.566629159409198	-4.42060122647844	0.588330924176641	5.37586243961408	9.79646366609252	1.10681928474576	0.0213107125597033	1.11109222268339	2.16490245376437	2.14359174120467	0.560568268083722	0.792001835409879	-9.86926746983505	0.784482934601275	11.4000635433255	21.2693310131605	0.0779	0.9771	2.49024722898312	0.0577942544718644	2.55195726238089	4.59716305805399	4.53936880358213	0	NA	NA	NA	NA	NA	NA	1	-1.29025426846472	1.66475607729143	1	-0.750064143128154	0.562596218806572	1	-2.83695914664241	8.04833719971803	1	-1.13871375306917	1.29666901142888	1.00178229016612	4503.51499070829	0	1.00238291724522	14212.5053509014	0	NA	NA	NA	NA	NA	NA	NA	NA
900	7	7	benefit_positive_truncnorm	benefit_positive_truncnorm	continuous	1	waning	benefit	1	1	NA	2.07237261750445	4.15400255999864	1000	360	600	1000	1000	360	686	0.64	0.314	8.2773153841486	24	24	0	2	1	10	4	1	5000	2500	1	0.99	14	10000	101899	0.8663	1	2.74810465613119	-2.03930329450238	2.84322411633266	7.22076361578789	9.26006691029027	3.08136223373785	2.029603767124	3.07671012948982	4.11911060458503	2.08950683746103	0.794844756883421	3.88072976924173	-6.10758545015673	3.75758495254414	13.0355625045458	19.1431479547025	0.1465	1	7.2781751737834	4.81580781964497	7.200542370293	10.1697799144108	5.35397209476581	0	NA	NA	NA	NA	NA	NA	1	0.675732038626744	0.456613788026655	1	1.00898961623341	1.01806004566684	1	-0.273272790756919	0.0746780181680748	0	3.12417261378476	9.7604545207227	1.00130247128381	4595.55998171929	0	1.00175919976323	12577.2069477655	0	NA	NA	NA	NA	NA	NA	NA	NA
789	7	7	benefit_positive_truncnorm	benefit_positive_truncnorm	continuous	1	waning	benefit	1	1	NA	1.70547345003013	3.24867348772981	1000	360	600	1000	1000	360	737	0.64	0.263	6.53614773649718	24	24	0	2	1	10	4	1	5000	2500	1	0.99	14	10000	101788	0.5752	0.9968	0.464410021784365	-4.79775811072453	0.518405761198957	5.5214925937459	10.3192507044704	1.45442725216602	0.399681360220756	1.45987435120211	2.49471352108351	2.09503216086276	0.545239884082859	0.611080633767496	-10.6994053777232	0.604942236564954	11.892420652333	22.5918260300562	0.0683	0.9574	1.60271981943458	-0.207481056910511	1.44074447053711	4.11457282882989	4.3220538857404	0	NA	NA	NA	NA	NA	NA	1	-1.24106342824576	1.54023843292912	1	-0.251046197864111	0.0630241934620262	1	-2.63759285396231	6.95689606327307	1	-1.64595366829523	2.70916347817452	1.00189372047291	4407.26921936895	0	1.00118947027491	10832.0988487151	0	NA	NA	NA	NA	NA	NA	NA	NA
885	7	7	benefit_positive_truncnorm	benefit_positive_truncnorm	continuous	1	waning	benefit	1	1	NA	1.74251975090673	3.688779524689	1000	360	600	1000	1000	360	703	0.64	0.297	7.28871155795432	24	24	0	2	1	10	4	1	5000	2500	1	0.99	14	10000	101884	0.7457	0.9999	1.61830455117987	-3.33360251273608	1.64899553084952	6.35908504926755	9.69268756200363	2.27292179303269	1.18970755412474	2.26594024301307	3.34545432206692	2.15574676794217	0.665376760184887	2.14590003596823	-8.42396572530944	2.07243613511917	12.2292912900472	20.6532570153566	0.0697	1	4.97401888873679	3.02077757319908	4.97102215240149	6.93317384771244	3.91239627451336	0	NA	NA	NA	NA	NA	NA	1	-0.124215199726864	0.0154294158431847	1	0.530402042125961	0.28132632629139	1	-1.54287948872077	2.38047711671527	1	1.2852393640478	1.65184022289798	1.00130643408408	4550.67195372135	0	1.00154852658781	15101.7941448058	0	NA	NA	NA	NA	NA	NA	NA	NA
826	7	7	benefit_positive_truncnorm	benefit_positive_truncnorm	continuous	1	waning	benefit	1	1	NA	1.97873054895043	3.88778873732879	1000	360	600	1000	1000	360	718	0.64	0.282	6.89922550606004	24	24	0	2	1	10	4	1	5000	2500	1	0.99	14	10000	101825	0.6834	0.9965	1.27083047778123	-4.20233777576797	1.29634708768949	6.4581714463709	10.6605092221389	1.45904900189415	0.394279167304515	1.45964329871928	2.5147915061722	2.12051233886769	0.608041843739784	1.48543003299205	-9.98319085031502	1.44923353344427	12.4855798571937	22.4687707075087	0.0823	0.9759	2.68135326582039	0.0136196055594234	2.78454197439974	5.05090242831684	5.03728282275741	0	NA	NA	NA	NA	NA	NA	1	-0.707900071169195	0.501122510761351	1	-0.519681547056274	0.270068910350802	1	-2.40235870433674	5.7713273443025	1	-1.20643547150839	1.45548654691368	1.00112995723048	4182.28798859464	0	1.00157548225141	13633.8780061449	0	NA	NA	NA	NA	NA	NA	NA	NA
745	7	7	benefit_positive_truncnorm	benefit_positive_truncnorm	continuous	1	waning	benefit	1	1	NA	1.97403375841078	3.90776114320414	1000	360	600	1000	1000	360	698	0.64	0.302	6.50902864658744	24	24	0	2	1	10	4	1	5000	2500	1	0.99	14	10000	101744	0.6817	0.9976	1.24498144907256	-4.08471185436823	1.28979682070493	6.33830694919002	10.4230188035583	1.57304316576868	0.482560175286358	1.57113835629664	2.65037841633524	2.16781824104888	0.622507276059071	1.66920556736401	-9.60081250747677	1.56299991641314	12.4273146242217	22.0281271316985	0.0723	0.9988	4.0252651720715	1.45162634813248	3.99492184903211	7.00998930001183	5.55836295187935	0	NA	NA	NA	NA	NA	NA	1	-0.729052309338223	0.531517269751396	1	-0.400990592642098	0.160793455387461	1	-2.23855557584012	5.0111310661249	1	0.117504028867365	0.0138071968000625	1.0011999741052	4404.15909500757	0	1.00181757444622	11899.245434663	0	NA	NA	NA	NA	NA	NA	NA	NA
831	7	7	benefit_positive_truncnorm	benefit_positive_truncnorm	continuous	1	waning	benefit	1	1	NA	2.22120172991782	4.47394620495237	1000	360	600	1000	1000	360	715	0.64	0.285	8.22398970508418	24	24	0	2	1	10	4	1	5000	2500	1	0.99	14	10000	101830	0.7543	0.9999	1.62792076238673	-3.17687133136169	1.69080537495052	6.20000929576802	9.37688062712972	1.99156236476308	0.932361990272762	1.99117681156744	3.04191349388945	2.10955150361668	0.690118577075099	2.38681328915899	-7.67664557453578	2.31264755931334	12.0058590326079	19.6825046071437	0.1145	0.999	3.60566369885067	1.54932694680949	3.56808961926045	5.74930488984032	4.19997794303083	0	NA	NA	NA	NA	NA	NA	1	-0.593280967531095	0.351982306434632	1	-0.229639365154741	0.0527342380286726	1	-2.08713291579338	4.35612380818816	1	-0.868282506101703	0.753914510402253	1.00213087636306	4489.6470631596	0	1.00194871786749	11312.4053888087	0	NA	NA	NA	NA	NA	NA	NA	NA
625	7	7	benefit_positive_truncnorm	benefit_positive_truncnorm	continuous	1	waning	benefit	1	1	NA	1.36496657103612	2.48019866201206	1000	360	600	1000	1000	360	732	0.64	0.268	6.53764022532449	24	24	0	2	1	10	4	1	5000	2500	1	0.99	14	10000	101624	0.634	0.9999	0.934074581902593	-4.27636209436906	0.954285888121807	6.03131584830329	10.3076779426724	1.88818146563786	0.814797130363732	1.89146351891591	2.95743164009554	2.14263450973181	0.589007470651014	1.21992597956466	-9.79391647654685	1.08019316457472	12.1919460895615	21.9858625661084	0.063	0.9997	4.11037646216007	1.6533344812839	4.18585912128231	6.1660738887339	4.51273940745	0	NA	NA	NA	NA	NA	NA	1	-0.430891989133523	0.185667906299444	1	0.523214894601749	0.27375382593312	1	-1.2602726824474	1.58828723412316	1	1.63017780014801	2.6574796600954	1.00166488910479	4230.2020491964	0	1.00169647685817	11677.2899871423	0	NA	NA	NA	NA	NA	NA	NA	NA
792	7	7	benefit_positive_truncnorm	benefit_positive_truncnorm	continuous	1	waning	benefit	1	1	NA	2.11063311699635	4.03650146503711	1000	360	600	1000	1000	360	735	0.64	0.265	7.02631641076724	24	24	0	2	1	10	4	1	5000	2500	1	0.99	14	10000	101791	0.6432	1	0.94481664053987	-3.90925975389212	0.938398357191266	5.92047489870006	9.82973465259218	2.51314914784469	1.45363309256725	2.5139109649707	3.58829455644383	2.13466146387659	0.55144121774803	0.743769503067582	-10.0028959100568	0.689465907225584	11.7471481040223	21.7500440140792	0.0737	1	4.00356490695666	1.77944834484801	4.00542139556893	6.32466356701124	4.54521522216322	0	NA	NA	NA	NA	NA	NA	1	-1.16581647645648	1.35912805677741	1	0.402516030848335	0.162019155089898	1	-3.29273196196953	10.8420837733757	1	-0.0329365580804506	0.0010848168581869	1.00195882067691	4604.15746122078	0	1.00232049861731	12232.1347258881	0	NA	NA	NA	NA	NA	NA	NA	NA
793	7	7	benefit_positive_truncnorm	benefit_positive_truncnorm	continuous	1	waning	benefit	1	1	NA	1.4706656271891	2.61410904035925	1000	360	600	1000	1000	360	720	0.64	0.28	6.66158177282754	24	24	0	2	1	10	4	1	5000	2500	1	0.99	14	10000	101792	0.6616	0.9972	1.15706674511228	-4.06297742599009	1.16977410605174	6.34760485398838	10.4105822799785	1.53280416562864	0.439121612689148	1.52781498190829	2.62029675744058	2.18117514475143	0.600951145698227	1.43038148349285	-9.61864355581245	1.27437514193869	12.4054532619936	22.024096817806	0.0748	0.9908	3.24327959584347	0.486288182230048	3.2022972997297	6.11632148862767	5.63003330639762	0	NA	NA	NA	NA	NA	NA	1	-0.313598882076825	0.0983442588398341	1	0.062138538439537	0.00386119795940182	1	-1.1837275568664	1.40121092888491	1	0.629170555484218	0.395855587888319	1.00123123811555	4605.74366142668	0	1.00159396988481	11429.2467614577	0	NA	NA	NA	NA	NA	NA	NA	NA
776	7	7	benefit_positive_truncnorm	benefit_positive_truncnorm	continuous	1	waning	benefit	1	1	NA	1.35581193262503	2.34525727862187	1000	360	600	1000	1000	360	733	0.64	0.267	6.80334402246159	24	24	0	2	1	10	4	1	5000	2500	1	0.99	14	10000	101775	0.7035	1	1.47103606020236	-3.89972177920716	1.50105554757242	6.64328766234473	10.5430094415519	2.03680060636535	0.962316446895881	2.036529866945	3.12155240350464	2.15923595660876	0.615808228053126	1.64154044662453	-9.47072760120613	1.43369698888673	12.7396840648675	22.2104116660737	0.0739	0.9999	3.99881370950938	1.70709142754409	3.96735675156871	6.4302540736363	4.72316264609221	0	NA	NA	NA	NA	NA	NA	1	0.115224127577328	0.0132765995759565	1	0.680988673740322	0.463745573762603	1	-0.703716831997342	0.495217379636375	1	1.65355643088751	2.73424887012943	1.00177840133405	4476.25355915292	0	1.00191125112446	11258.1575216045	0	NA	NA	NA	NA	NA	NA	NA	NA
925	7	7	benefit_positive_truncnorm	benefit_positive_truncnorm	continuous	1	waning	benefit	1	1	NA	1.81251319534555	3.50588903453329	1000	360	600	1000	1000	360	712	0.64	0.288	7.36713162872449	24	24	0	2	1	10	4	1	5000	2500	1	0.99	14	10000	101924	0.7067	1	1.38929974879445	-3.64978436386102	1.43089096316121	6.25967739099882	9.90946175485984	2.1123841921256	1.03002421042336	2.11031000723994	3.21213244424631	2.18210823382295	0.632908611599297	1.74575192141754	-8.78447859430095	1.60800956958479	12.3021772503499	21.0866558446509	0.0896	0.9998	4.24963777979772	2.16593084296339	4.24605267364367	6.31722781769511	4.15129697473171	0	NA	NA	NA	NA	NA	NA	1	-0.423213446551099	0.17910962134166	1	0.299870996780056	0.0899226147098642	1	-1.76013711311575	3.09808265696744	1	0.743748745264427	0.55316219608241	1.00084475396089	4491.57885578187	0	1.0016184671461	12491.1131417357	0	NA	NA	NA	NA	NA	NA	NA	NA
787	7	7	benefit_positive_truncnorm	benefit_positive_truncnorm	continuous	1	waning	benefit	1	1	NA	1.80880977989437	4.18704826551965	1000	360	600	1000	1000	360	724	0.64	0.276	6.45837125070682	24	24	0	2	1	10	4	1	5000	2500	1	0.99	14	10000	101786	0.5622	0.9939	0.445345784880633	-4.88161376786866	0.432567636913991	5.77622257074636	10.657836338615	1.37973860188327	0.276061593746528	1.38009410921916	2.45911281166006	2.18305121791353	0.55872267466781	0.817343074791031	-10.5591532820691	0.722554491353086	11.9930319922813	22.5521852743505	0.0668	0.9964	3.58244298464491	0.862649690093577	3.60075715494532	6.33439968532464	5.47174999523106	0	NA	NA	NA	NA	NA	NA	1	-1.36346399501374	1.85903406569883	1	-0.4290711780111	0.184102075799833	1	-3.36970519072862	11.3549130724234	1	-0.604605280874743	0.365547545661627	1.00341659874333	4543.05122751687	0	1.00191061859408	11353.6118120328	0	NA	NA	NA	NA	NA	NA	NA	NA
721	7	7	benefit_positive_truncnorm	benefit_positive_truncnorm	continuous	1	waning	benefit	1	1	NA	1.58582183110078	3.05831387055487	1000	360	600	1000	1000	360	730	0.64	0.27	6.84517629375669	24	24	0	2	1	10	4	1	5000	2500	1	0.99	14	10000	101720	0.6645	1	1.17511064221017	-4.27582962150229	1.26891778381989	6.486932146156	10.7627617676583	2.38241801256364	1.29690519075198	2.3826335315376	3.43912619478925	2.14222100403727	0.590016456390565	1.28800519831137	-10.2645246826045	1.22388538652656	12.1526335009493	22.4171581835539	0.0885	1	4.20507687913712	2.23430268442349	4.09936554742591	6.8165105956116	4.58220791118811	0	NA	NA	NA	NA	NA	NA	1	-0.410711188890613	0.168683680679941	1	0.796596181462864	0.634565476321217	1	-1.77030867224351	3.13399279502057	1	1.14676300858225	1.3150653978526	1.00115868633087	4522.08961866338	0	1.00189428548394	13694.3445528372	0	NA	NA	NA	NA	NA	NA	NA	NA
883	7	7	benefit_positive_truncnorm	benefit_positive_truncnorm	continuous	1	waning	benefit	1	1	NA	2.10594339000916	4.15943228848389	1000	360	600	1000	1000	360	715	0.64	0.285	7.84930997163026	24	24	0	2	1	10	4	1	5000	2500	1	0.99	14	10000	101882	0.6979	0.9967	1.30297544728832	-3.80404679074792	1.33925558282614	6.19141094979669	9.99545774054461	1.4116963270232	0.364952128159741	1.40543996149569	2.48557183376383	2.12061970560408	0.609550561797753	1.47070850318033	-9.31726213286997	1.47094594765259	11.96821884086	21.2854809737299	0.11	0.9965	2.82461519214347	0.796842899345745	2.77994059431973	5.01239175070452	4.21554885135878	0	NA	NA	NA	NA	NA	NA	1	-0.802967942720843	0.644757517037343	1	-0.69424706298596	0.481978984464631	1	-2.68872378530356	7.22923559365713	1	-1.33481709634042	1.78173668068268	1.00118104756333	4620.73406454953	0	1.00200506583941	11452.9720415838	0	NA	NA	NA	NA	NA	NA	NA	NA
895	7	7	benefit_positive_truncnorm	benefit_positive_truncnorm	continuous	1	waning	benefit	1	1	NA	2.11661727195021	3.85765263334482	1000	360	600	1000	1000	360	693	0.64	0.307	7.49750448026052	24	24	0	2	1	10	4	1	5000	2500	1	0.99	14	10000	101894	0.6976	0.9997	1.36133111614909	-3.72975521645272	1.37699357687273	6.33031162713431	10.060066843587	1.92072762387713	0.83682487347007	1.9238438290553	2.98441223929413	2.14758736582406	0.627685225778167	1.71389748702445	-8.92089376271594	1.49436335750339	12.2493565818194	21.1702503445353	0.0876	0.9701	2.97763855462202	-0.100177037677383	2.92148448972875	6.45839373235628	6.55857077003366	0	NA	NA	NA	NA	NA	NA	1	-0.75528615580112	0.570457177144834	1	-0.195889648073083	0.0383727542221965	1	-2.14375514632036	4.59568612737504	1	-0.880014078722792	0.774424778750325	1.00121061110183	4699.37879742333	0	1.00127442537171	11418.8518688529	0	NA	NA	NA	NA	NA	NA	NA	NA
884	7	7	benefit_positive_truncnorm	benefit_positive_truncnorm	continuous	1	waning	benefit	1	1	NA	1.16936302933225	2.17510533885195	1000	360	600	1000	1000	360	719	0.64	0.281	7.172610256309	24	24	0	2	1	10	4	1	5000	2500	1	0.99	14	10000	101883	0.7059	0.9805	1.32821945029702	-3.6332189628721	1.37167423539061	6.01995390549571	9.65317286836781	1.16418195278489	0.0696381937489543	1.15845712087211	2.26027064107977	2.19063244733082	0.668740449683475	2.23862112072163	-8.28658574621629	2.10032572574498	12.3404444136699	20.6270301598862	0.0838	0.9751	2.37543228308603	0.00487517569009648	2.41523371643175	4.535648836393	4.53077366070291	0	NA	NA	NA	NA	NA	NA	1	0.158856420964766	0.025235362481735	1	-0.00518107654735966	2.68435541896003e-05	1	0.0635157818696852	0.00403425454651743	1	0.200326944234086	0.0401308845861664	1.00196444666323	4409.43532060038	0	1.00157745227755	11145.9739031318	0	NA	NA	NA	NA	NA	NA	NA	NA
839	7	7	benefit_positive_truncnorm	benefit_positive_truncnorm	continuous	1	waning	benefit	1	1	NA	2.163575929893	4.02491242081747	1000	360	600	1000	1000	360	732	0.64	0.268	7.10373158568508	24	24	0	2	1	10	4	1	5000	2500	1	0.99	14	10000	101838	0.639	0.9948	0.849708934355694	-3.99891625469823	0.89020108861952	5.64495240943761	9.64386866413584	1.3693840953409	0.337451325223835	1.36792923432534	2.41148306273886	2.07403173751502	0.553525641025641	0.69717032361441	-9.8677492399717	0.576176511643479	11.0989444131832	20.9666936531549	0.064	0.9292	1.70356046354604	-0.558089689143531	1.69104169020477	4.05046439690697	4.6085540860505	0	NA	NA	NA	NA	NA	NA	1	-1.3138669955373	1.72624648196222	1	-0.794191834552098	0.630740670069228	1	-3.32774209720306	11.0738674654974	1	-2.32135195727143	5.38867490952792	1.0015921967378	4624.96202061832	0	1.0020091295953	13096.3008469872	0	NA	NA	NA	NA	NA	NA	NA	NA
806	7	7	benefit_positive_truncnorm	benefit_positive_truncnorm	continuous	1	waning	benefit	1	1	NA	2.16686862191649	4.23626658866294	1000	360	600	1000	1000	360	716	0.64	0.284	6.87704705014131	24	24	0	2	1	10	4	1	5000	2500	1	0.99	14	10000	101805	0.722	0.9969	1.61045484218852	-3.94829153472053	1.66282520872634	6.79456810168716	10.7428596364077	1.49336516579005	0.387503780545119	1.50335806833271	2.59728608775682	2.2097823072117	0.64852187193193	2.07226783820238	-9.08329745773356	1.95890214973948	12.9293840106745	22.012681468408	0.0833	0.9857	3.06542625248836	0.332543136796077	3.07367673746012	5.85084760427623	5.51830446748015	0	NA	NA	NA	NA	NA	NA	1	-0.556413779727965	0.30959629427116	1	-0.673503456126433	0.45360690541425	1	-2.16399875046056	4.68289059199488	1	-1.17084033617458	1.3708670928134	1.00183112391194	4564.59899728931	0	1.00161974571662	11700.9971859063	0	NA	NA	NA	NA	NA	NA	NA	NA
772	7	7	benefit_positive_truncnorm	benefit_positive_truncnorm	continuous	1	waning	benefit	1	1	NA	1.93323196173644	3.78099166886062	1000	360	600	1000	1000	360	719	0.64	0.281	7.21174198417808	24	24	0	2	1	10	4	1	5000	2500	1	0.99	14	10000	101771	0.7262	0.9997	1.47375738282837	-3.29539160613567	1.50090624895741	6.13593153714272	9.43132314327839	1.88134140468021	0.834663582370459	1.89303077661173	2.92803031499914	2.09336673262868	0.640230009764565	1.80299306901981	-8.65366777253185	1.67991001569362	12.1459496327383	20.7996174052701	0.0783	0.9934	2.95721781968735	0.508400757091973	2.95562918139395	5.47362878519427	4.96522802810229	0	NA	NA	NA	NA	NA	NA	1	-0.459474578908074	0.211116888662752	1	-0.0518905570562369	0.00269262991160658	1	-1.97799859984081	3.91247846097222	1	-0.823773849173267	0.678603354581741	1.00184485261099	4493.5549173297	0	1.00219198052001	11880.9776228641	0	NA	NA	NA	NA	NA	NA	NA	NA
829	7	7	benefit_positive_truncnorm	benefit_positive_truncnorm	continuous	1	waning	benefit	1	1	NA	1.84581419392112	3.62754376889665	1000	360	600	1000	1000	360	687	0.64	0.313	7.16336069658413	24	24	0	2	1	10	4	1	5000	2500	1	0.99	14	10000	101828	0.7561	0.9999	1.73166592061897	-3.25913565659653	1.79900537467188	6.4693013455746	9.72843700217113	2.10698409923657	1.03157917152812	2.11017177669194	3.18924485813424	2.15766568660612	0.729297297297297	2.94158694656476	-7.4110962258955	2.74339959623721	12.900732717803	20.3118289436985	0.075	0.9997	4.21794310826383	1.66118522535598	4.07510564782697	7.24772223145713	5.58653700610115	0	NA	NA	NA	NA	NA	NA	1	-0.114148273302157	0.0130298282978638	1	0.261169905315445	0.0682097194424783	1	-0.685956822331892	0.470536762103667	1	0.590399339367179	0.348571379925202	1.00151899128648	4709.82815590851	0	1.00188341081594	12698.3010738146	0	NA	NA	NA	NA	NA	NA	NA	NA
936	7	7	benefit_positive_truncnorm	benefit_positive_truncnorm	continuous	1	waning	benefit	1	1	NA	2.3295904340532	4.87635674413632	1000	360	600	1000	1000	360	683	0.64	0.317	7.60205013107129	24	24	0	2	1	10	4	1	5000	2500	1	0.99	14	10000	101935	0.7951	1	2.17288893296957	-2.8517791991915	2.21969065603127	7.06861372730648	9.92039292649798	3.08083955649036	2.00679217997708	3.08076205907816	4.16122716750146	2.15443498752438	0.696320394884451	2.61383194752386	-8.2477563785431	2.46082967116061	12.6212376278968	20.8689940064399	0.1086	1	7.44012448655441	5.39951044405294	7.39083747838005	9.62525081182751	4.22574036777457	0	NA	NA	NA	NA	NA	NA	1	-0.156701501083633	0.0245553604418638	1	0.75124912243716	0.564375243962603	1	-2.26252479661246	5.11901845528627	0	2.56376774241809	6.57290503706357	1.00181633881194	4463.13620668561	0	1.00172045276579	10442.1591847377	0	NA	NA	NA	NA	NA	NA	NA	NA
803	7	7	benefit_positive_truncnorm	benefit_positive_truncnorm	continuous	1	waning	benefit	1	1	NA	2.18725759620038	4.00137391535215	1000	360	600	1000	1000	360	702	0.64	0.298	6.81921173635992	24	24	0	2	1	10	4	1	5000	2500	1	0.99	14	10000	101802	0.6388	0.9993	0.949180781361202	-4.45729591064587	0.984063208170062	6.14565536005571	10.6029512707016	1.86965004642753	0.799140108272279	1.8698160736776	2.93533999371659	2.13619988544432	0.56708041014571	0.956412247774101	-10.7288093362372	0.900452708123979	12.1340217696526	22.8628311058898	0.0735	0.998	3.30363064262042	1.08288587110935	3.16648702448674	6.26442782660818	5.18154195549883	0	NA	NA	NA	NA	NA	NA	1	-1.23807681483918	1.53283419944232	1	-0.31760754977285	0.100874555672714	1	-3.04496166757805	9.27179155701969	1	-0.69774327273173	0.486845674642385	1.00187295125407	4409.67748401785	0	1.00154200038588	12094.5868100353	0	NA	NA	NA	NA	NA	NA	NA	NA
917	7	7	benefit_positive_truncnorm	benefit_positive_truncnorm	continuous	1	waning	benefit	1	1	NA	1.76301052841715	3.46113248135988	1000	360	600	1000	1000	360	726	0.64	0.274	7.07122572887864	24	24	0	2	1	10	4	1	5000	2500	1	0.99	14	10000	101916	0.6355	0.9964	0.846763330608188	-4.07097492127672	0.875373689825099	5.66150367105814	9.73247859233486	1.47141469092264	0.393193868877993	1.47697646877183	2.55071583238095	2.15752196350296	0.612041210560206	1.39907297806012	-9.31265205067504	1.29102110044458	11.9266751564924	21.2393272071674	0.0682	0.9792	2.88979895776125	0.112741067361557	2.86870878142331	5.98416391516122	5.87142284779967	0	NA	NA	NA	NA	NA	NA	1	-0.916247197808964	0.839508927492778	1	-0.291595837494509	0.085028132444124	1	-2.06205950329977	4.25208939514888	1	-0.571333523598637	0.326421995187634	1.0011443904788	4335.11824266604	0	1.00309286166106	11055.8068959734	0	NA	NA	NA	NA	NA	NA	NA	NA
903	7	7	benefit_positive_truncnorm	benefit_positive_truncnorm	continuous	1	waning	benefit	1	1	NA	1.9989577648971	3.72100442329807	1000	360	600	1000	1000	360	727	0.64	0.273	6.20577792984254	24	24	0	2	1	10	4	1	5000	2500	1	0.99	14	10000	101902	0.628	0.9964	0.87010455180315	-4.38343359125224	0.891014152216241	6.09754258287937	10.4809761741316	1.5186572214811	0.40898826618678	1.51989244692446	2.60134210847994	2.19235384229316	0.555794915984489	0.801169703421057	-10.2673486169415	0.69396240868066	11.97853475274	22.2458833696815	0.0716	0.9602	1.71026129056548	-0.227753395692006	1.72358148409781	3.49424352836055	3.72199692405256	0	NA	NA	NA	NA	NA	NA	1	-1.12885321309395	1.27430957671253	1	-0.480300543416002	0.230688612005707	1	-2.91983471987701	8.52543479139925	0	-2.01074313273259	4.04308794583127	1.00241303556317	4325.31110520774	0	1.00117252147781	6214.70738368634	0	NA	NA	NA	NA	NA	NA	NA	NA
823	7	7	benefit_positive_truncnorm	benefit_positive_truncnorm	continuous	1	waning	benefit	1	1	NA	1.72998775953734	3.26319797119019	1000	360	600	1000	1000	360	721	0.64	0.279	6.90174976286442	24	24	0	2	1	10	4	1	5000	2500	1	0.99	14	10000	101822	0.7142	1	1.54151047944435	-3.87899698108738	1.60561244392148	6.7076589079238	10.5866558890112	2.36752523642444	1.29046110561875	2.37334123060294	3.43164643777358	2.14118533215483	0.633458232312101	1.79083349070798	-9.63323395344493	1.69653720628076	12.6704983237063	22.3037322771512	0.0926	1	5.04265515175217	2.79648074049891	5.07900486934872	7.0918252066035	4.29534446610459	0	NA	NA	NA	NA	NA	NA	1	-0.188477280092997	0.035523685111254	1	0.637537476887096	0.406454034435564	1	-1.47236448048221	2.16785716338564	1	1.77945718056198	3.16646785745358	1.00230075852839	3949.41173736792	0	1.00138731569863	11671.4772438839	0	NA	NA	NA	NA	NA	NA	NA	NA
743	7	7	benefit_positive_truncnorm	benefit_positive_truncnorm	continuous	1	waning	benefit	1	1	NA	1.15943368598971	1.74673022903952	1000	360	600	1000	1000	360	741	0.64	0.259	6.84814698912167	24	24	0	2	1	10	4	1	5000	2500	1	0.99	14	10000	101742	0.5695	0.9647	0.488331666982317	-4.66670607279731	0.48868725135076	5.65858714295487	10.3252932157522	0.971895134006131	-0.0940255467584682	0.972636409834556	2.01177471971364	2.10580026647211	0.527247221322974	0.441799218469946	-10.7548442542724	0.354073336400803	11.706418474956	22.4612627292284	0.0733	0.9676	1.75804677244908	-0.125521080370832	1.79737084691584	3.43559431728139	3.56111539765222	0	NA	NA	NA	NA	NA	NA	1	-0.671102019007389	0.450377919915794	1	-0.187538551983574	0.0351707084800958	1	-1.30493101056957	1.70284494234612	1	0.0113165434095659	0.000128064154740589	1.00162170907757	4294.4897369111	0	1.00159920127865	14213.3935636328	0	NA	NA	NA	NA	NA	NA	NA	NA
864	7	7	benefit_positive_truncnorm	benefit_positive_truncnorm	continuous	1	waning	benefit	1	1	NA	2.38654773154633	4.54369123582473	1000	360	600	1000	1000	360	699	0.64	0.301	7.83258417873217	24	24	0	2	1	10	4	1	5000	2500	1	0.99	14	10000	101863	0.8169	1	2.38892103545336	-2.83860602356582	2.46613055885211	7.35857087644428	10.1971769000101	3.60634552923475	2.5811618885854	3.60939206112166	4.62778225877859	2.04662037019319	0.700578428036747	2.73770380191167	-7.86287628444992	2.73968783076193	12.5305414463123	20.3934177307622	0.1183	1	7.22971364479979	4.44568448084924	7.24038413974075	10.0309221023334	5.58523762148416	0	NA	NA	NA	NA	NA	NA	1	0.00237330390702972	5.63257143512255e-06	0	1.21979779768843	1.48790666724553	1	-1.80598743391307	3.26159061145191	1	2.68602240897505	7.21471638151614	1.0016337955601	4595.83511006156	0	1.00197622661985	11273.072319797	0	NA	NA	NA	NA	NA	NA	NA	NA
928	7	7	benefit_positive_truncnorm	benefit_positive_truncnorm	continuous	1	waning	benefit	1	1	NA	2.19498353348058	4.30062590061362	1000	360	600	1000	1000	360	713	0.64	0.287	7.45582290414899	24	24	0	2	1	10	4	1	5000	2500	1	0.99	14	10000	101927	0.702	0.9999	1.34436989387426	-3.72966286098195	1.35801246368284	6.21360349311365	9.9432663540956	2.08212269383496	1.04192680853607	2.07936880200178	3.10576743009901	2.06384062156294	0.635530528872695	1.79319967096898	-9.18955512149373	1.63043018308986	12.1404718784072	21.330026999901	0.0943	1	4.43334332618517	2.04147790136717	4.40391123815896	7.01105856046203	4.96958065909486	0	NA	NA	NA	NA	NA	NA	1	-0.850613639606325	0.723543563884319	1	-0.112860839645625	0.0127375691255155	1	-2.50742622964464	6.28718629710992	1	0.132717425571552	0.0176139150503404	1.00127834782089	4555.16633396278	0	1.00153229947284	13864.9545452081	0	NA	NA	NA	NA	NA	NA	NA	NA
924	7	7	benefit_positive_truncnorm	benefit_positive_truncnorm	continuous	1	waning	benefit	1	1	NA	1.95337609510341	3.56334685541954	1000	360	600	1000	1000	360	715	0.64	0.285	7.84004402509549	24	24	0	2	1	10	4	1	5000	2500	1	0.99	14	10000	101923	0.7979	1	2.15897444377503	-3.00267693036362	2.19295278807525	7.0788756215261	10.0815525518897	3.015312878311	1.96840898457828	3.02496236101307	4.0570954067666	2.08868642218832	0.682885717496348	2.44950577869945	-8.16300951470867	2.33522992130793	12.6498243450865	20.8128338597952	0.1101	1	5.12282564817232	2.87799029432513	5.08958992986606	7.44372880696722	4.5657385126421	0	NA	NA	NA	NA	NA	NA	1	0.205598348671619	0.0422706809764967	0	1.06193678320759	1.12770973152929	1	-1.11384107672009	1.24064194418896	1	1.55947879275278	2.43197410504567	1.00159372183728	4527.28335053081	0	1.00142177172596	12845.1471408165	0	NA	NA	NA	NA	NA	NA	NA	NA
842	7	7	benefit_positive_truncnorm	benefit_positive_truncnorm	continuous	1	waning	benefit	1	1	NA	1.86448112009805	3.5542199982376	1000	360	600	1000	1000	360	692	0.64	0.308	7.27141198059671	24	24	0	2	1	10	4	1	5000	2500	1	0.99	14	10000	101841	0.6302	0.9997	0.845247007080228	-3.99177893155283	0.891943894366193	5.63860245239246	9.63038138394528	1.99305183995666	0.916695822976774	1.99047984360206	3.08862530376945	2.17192948079268	0.57099730458221	0.943066384849531	-9.84852859694751	0.88599447362318	11.4882760825574	21.3368046795049	0.0725	0.9996	4.22645300467593	1.6659680320178	4.22253663463945	6.80075914923208	5.13479111721428	0	NA	NA	NA	NA	NA	NA	1	-1.01923411301782	1.03883817713922	1	0.12857071985861	0.0165304300049612	1	-2.61115361338807	6.81812319270959	1	0.67223300643833	0.451897214945116	1.00152034896449	4967.75732362233	0	1.00184568876273	13883.6824375086	0	NA	NA	NA	NA	NA	NA	NA	NA
849	7	7	benefit_positive_truncnorm	benefit_positive_truncnorm	continuous	1	waning	benefit	1	1	NA	2.21982620572601	4.20233507506893	1000	360	600	1000	1000	360	726	0.64	0.274	7.23672533844159	24	24	0	2	1	10	4	1	5000	2500	1	0.99	14	10000	101848	0.7415	1	1.61799178488962	-3.41569959119522	1.64325017024938	6.49017266808094	9.90587225927617	2.43915311494009	1.38439874137274	2.44537253153705	3.48369530000275	2.09929655863001	0.627414398595259	1.72302783197637	-8.93189669155903	1.52172334205287	12.1956946441357	21.1275913356948	0.0888	0.9999	4.45870786064968	1.59165966433121	4.54090727299905	7.09678194912713	5.50512228479592	0	NA	NA	NA	NA	NA	NA	1	-0.601834420836387	0.362204670103469	1	0.219326909214075	0.0481042931053992	1	-2.47930724309256	6.14696440565123	1	0.256372785580755	0.0657270051864357	1.00165924046171	4464.91219623657	0	1.00200789552314	13322.0622701621	0	NA	NA	NA	NA	NA	NA	NA	NA
827	7	7	benefit_positive_truncnorm	benefit_positive_truncnorm	continuous	1	waning	benefit	1	1	NA	2.18001570779441	4.45337041143608	1000	360	600	1000	1000	360	715	0.64	0.285	7.69739392169742	24	24	0	2	1	10	4	1	5000	2500	1	0.99	14	10000	101826	0.6207	0.9974	0.7897771452543	-4.20666928960116	0.799689727009613	5.77147042238356	9.97813971198472	1.49815562537793	0.432429643579892	1.49943319949406	2.56742063765223	2.13499099407234	0.579064094034154	1.07482671296949	-9.94313422242885	1.02158972425387	11.7286473265894	21.6717815490183	0.0982	0.9926	2.97185912123005	0.583739477975286	2.90746069274686	5.67106090689233	5.08732142891704	0	NA	NA	NA	NA	NA	NA	1	-1.39023856254011	1.9327632607736	1	-0.681860082416485	0.464933171993016	1	-3.37854369846658	11.4145575224483	1	-1.48151129020602	2.19487570300792	1.00146263906125	4217.68788973813	0	1.00234821141328	12021.4858308674	0	NA	NA	NA	NA	NA	NA	NA	NA
766	7	7	benefit_positive_truncnorm	benefit_positive_truncnorm	continuous	1	waning	benefit	1	1	NA	2.03492654757813	3.95163264883405	1000	360	600	1000	1000	360	707	0.64	0.293	7.24286369047537	24	24	0	2	1	10	4	1	5000	2500	1	0.99	14	10000	101765	0.71	0.9984	1.40297686995448	-3.53228151117376	1.45701561256423	6.27414836080748	9.80642987198125	1.73647407759054	0.648299210222201	1.73555345050501	2.79773511879462	2.14943590857242	0.630475150191152	1.76346620767478	-8.86480467662613	1.61602715035658	11.9788507221327	20.8436553987589	0.0845	0.9985	2.96150177704267	1.11057312887449	2.90333573093341	5.07725354794303	3.96668041906854	0	NA	NA	NA	NA	NA	NA	1	-0.631949677623642	0.399360395048625	1	-0.298452469987581	0.0890738768416882	1	-2.18816644115927	4.78807237421561	1	-0.990130871791381	0.980359143274359	1.00144510039731	4745.61119971731	0	1.00158193108827	11361.2933703243	0	NA	NA	NA	NA	NA	NA	NA	NA
848	7	7	benefit_positive_truncnorm	benefit_positive_truncnorm	continuous	1	waning	benefit	1	1	NA	1.57036732661071	3.04851163019376	1000	360	600	1000	1000	360	708	0.64	0.292	7.12576600892096	24	24	0	2	1	10	4	1	5000	2500	1	0.99	14	10000	101847	0.7411	0.9969	1.53996975838483	-3.09427746576345	1.54664769427371	5.99137317847567	9.08565064423912	1.48050115609132	0.424002147066526	1.48472599727162	2.54098185487826	2.11697970781174	0.795978215333054	3.38643300960479	-6.39127179268299	3.04844546648476	13.2212960703334	19.6125678630164	0.0452	0.9925	3.06318478102447	0.530825435975812	3.10431513813958	5.40703122299235	4.87620578701654	0	NA	NA	NA	NA	NA	NA	1	-0.0303975682258886	0.000924012154047551	1	-0.089866170519395	0.00807592860382099	1	0.337921379411025	0.11419085866305	1	0.0146731508307116	0.000215301355300814	1.00125186943725	4163.6572857071	0	1.00396251167686	12052.543063463	0	NA	NA	NA	NA	NA	NA	NA	NA
773	7	7	benefit_positive_truncnorm	benefit_positive_truncnorm	continuous	1	waning	benefit	1	1	NA	2.01556599314887	4.13149116690053	1000	360	600	1000	1000	360	698	0.64	0.302	7.4407001995448	24	24	0	2	1	10	4	1	5000	2500	1	0.99	14	10000	101772	0.7484	0.9996	1.69478553754758	-3.29760710925774	1.76793763918629	6.45030196619659	9.74790907545433	1.73106287752057	0.636930197423095	1.73356265860249	2.81249777077357	2.17556757335048	0.646240476979132	1.97780747206886	-8.77154762221966	1.82155511427804	12.1490497792806	20.9205974015002	0.0943	0.9982	3.42328586328159	1.08650290174167	3.4690280775462	5.58734540189655	4.50084250015488	0	NA	NA	NA	NA	NA	NA	1	-0.320780455601289	0.10290010069577	1	-0.284503115628296	0.0809420228022073	1	-2.15368369483167	4.63835345738378	1	-0.708205303618941	0.501554752073996	1.00170395589659	4457.02153449048	0	1.00185115876287	12027.668469949	0	NA	NA	NA	NA	NA	NA	NA	NA
811	7	7	benefit_positive_truncnorm	benefit_positive_truncnorm	continuous	1	waning	benefit	1	1	NA	1.89355805666602	4.17887496236904	1000	360	600	1000	1000	360	692	0.64	0.308	7.30259010320537	24	24	0	2	1	10	4	1	5000	2500	1	0.99	14	10000	101810	0.7783	1	1.97433626602369	-3.15542234405853	2.02721744651315	6.8820408948975	10.037463238956	2.69164024162587	1.59909547337267	2.69617303113392	3.76077540801723	2.16167993464456	0.684216335540839	2.42116220791581	-7.95283185942608	2.3099532708918	12.3324144329547	20.2852462923808	0.094	1	6.76852343404027	4.15981833182894	6.70853164715103	9.56207449310209	5.40225616127315	0	NA	NA	NA	NA	NA	NA	1	0.080778209357677	0.00652511910703269	1	0.798082184959853	0.636935173950293	1	-1.75771275445323	3.08955412716756	1	2.58964847167123	6.70627920682914	1.0020672386366	4417.90950629218	0	1.00204415516083	14026.6950951629	0	NA	NA	NA	NA	NA	NA	NA	NA
809	7	7	benefit_positive_truncnorm	benefit_positive_truncnorm	continuous	1	waning	benefit	1	1	NA	1.77017208384958	3.17772441067294	1000	360	600	1000	1000	360	698	0.64	0.302	7.48653302723025	24	24	0	2	1	10	4	1	5000	2500	1	0.99	14	10000	101808	0.6481	0.9976	0.956872081125266	-3.90174022441428	0.994693202776972	5.71783171183961	9.61957193625389	1.57936005107695	0.491287815122796	1.57704686000876	2.67066808763702	2.17938027251422	0.606995437757984	1.37237383810067	-9.00499778277932	1.22663704490642	11.6815569497542	20.6865547325335	0.0794	0.9916	3.64791382714664	0.647151328563487	3.63834052017997	6.79608055855671	6.14892922999322	0	NA	NA	NA	NA	NA	NA	1	-0.813300002724312	0.661456894431366	1	-0.190812032772624	0.0364092318508209	1	-1.80535057257227	3.25929068988702	1	0.470189416473694	0.221078087363873	1.00202706117945	4527.53866503374	0	1.00195652765881	12696.1700570272	0	NA	NA	NA	NA	NA	NA	NA	NA
719	7	7	benefit_positive_truncnorm	benefit_positive_truncnorm	continuous	1	waning	benefit	1	1	NA	2.15462705310259	4.11693493571665	1000	360	600	1000	1000	360	711	0.64	0.289	7.48106589824724	24	24	0	2	1	10	4	1	5000	2500	1	0.99	14	10000	101718	0.7596	1	1.81400054132079	-3.15806503911316	1.85178762330531	6.75673272111469	9.91479776022785	2.17582343375592	1.10690705008879	2.17607164569973	3.22081134479535	2.11390429470657	0.681357426178933	2.50058693747598	-7.90656548664887	2.3032483311507	12.5987272143574	20.5052927010063	0.0924	1	3.82614586044173	1.90631070019568	3.76833877615301	6.1497882379339	4.24347753773822	0	NA	NA	NA	NA	NA	NA	1	-0.340626511781797	0.116026420528635	1	0.021196380653334	0.00044928655280103	1	-1.61634799824067	2.61258085141662	1	-0.290789075274918	0.0845582862992422	1.00141096375262	4528.89802662272	0	1.00194173414819	6339.9081493873	0	NA	NA	NA	NA	NA	NA	NA	NA
833	7	7	benefit_positive_truncnorm	benefit_positive_truncnorm	continuous	1	waning	benefit	1	1	NA	1.33650982974065	2.78581316670559	1000	360	600	1000	1000	360	716	0.64	0.284	6.685841511263	24	24	0	2	1	10	4	1	5000	2500	1	0.99	14	10000	101832	0.6211	0.9965	0.857712750053026	-4.47678939823564	0.841100079244085	6.14043310622029	10.6172225044559	1.50727045594393	0.40730813551388	1.51278079036594	2.56216145004061	2.15485331452673	0.578021500705831	1.10496139081065	-10.4595511099533	1.03130572139326	12.3355310076984	22.7950821176517	0.0791	0.9992	3.520056602005	1.52646133450911	3.49039342814921	5.62112116191365	4.09465982740454	0	NA	NA	NA	NA	NA	NA	1	-0.478797079687626	0.229246643517399	1	0.170760626203274	0.0291591914613342	1	-1.68085177589494	2.82526269252918	1	0.73424343529941	0.539113422280279	1.00146233546746	4583.46442721746	0	1.00170745201734	14180.0597092929	0	NA	NA	NA	NA	NA	NA	NA	NA
982	7	7	benefit_positive_truncnorm	benefit_positive_truncnorm	continuous	1	waning	benefit	1	1	NA	1.68909704650586	2.9850388740572	1000	360	600	1000	1000	360	713	0.64	0.287	6.87028993762127	24	24	0	2	1	10	4	1	5000	2500	1	0.99	14	10000	101981	0.6843	0.9987	1.29166329969889	-4.16495834069387	1.34850882627802	6.54995661749839	10.7149149581923	1.70262372452454	0.607202568185811	1.70487843933049	2.8002796084024	2.19307704021659	0.611837048424289	1.53806067638527	-9.74270124220203	1.46661575321354	12.3417621978279	22.0844634400299	0.0893	0.9925	2.56882792846915	0.453041540537998	2.551853796807	4.75727154444811	4.30423000391012	0	NA	NA	NA	NA	NA	NA	1	-0.397433746806967	0.157953583101024	1	0.0135266780186827	0.000182971018221113	1	-1.44697819767193	2.09374590453792	1	-0.416210945588055	0.173231551227303	1.00128761156697	4568.66594248327	0	1.0016903412776	14431.8381301592	0	NA	NA	NA	NA	NA	NA	NA	NA
820	7	7	benefit_positive_truncnorm	benefit_positive_truncnorm	continuous	1	waning	benefit	1	1	NA	1.24055222003163	2.04313715989244	1000	360	600	1000	1000	360	729	0.64	0.271	7.67759813122152	24	24	0	2	1	10	4	1	5000	2500	1	0.99	14	10000	101819	0.6192	0.7613	0.750911170276031	-4.33730746414509	0.766546291891539	5.61786858702935	9.95517605117444	0.390128318068291	-0.67495433066828	0.392650412809923	1.45008841590114	2.12504274656942	0.560881115784813	0.787950761161192	-10.2854569079336	0.784744476796131	11.3134940729447	21.5989509808783	0.0966	0.7616	0.736828803458826	-1.36019798769357	0.779248309308374	2.72744204356807	4.08764003126163	0	NA	NA	NA	NA	NA	NA	1	-0.489641049755598	0.239748357605764	1	-0.850423901963338	0.723220813030549	1	-1.25518639873124	1.57549289555991	1	-1.30630835643361	1.70644152208828	1.00157519146677	4470.98562814259	0	1.00150371846231	13422.3659071745	0	NA	NA	NA	NA	NA	NA	NA	NA
862	7	7	benefit_positive_truncnorm	benefit_positive_truncnorm	continuous	1	waning	benefit	1	1	NA	2.41018611385061	4.80497601951966	1000	360	600	1000	1000	360	688	0.64	0.312	8.136318483773	24	24	0	2	1	10	4	1	5000	2500	1	0.99	14	10000	101861	0.7155	1	1.30619936903878	-3.39873517457221	1.33268413499412	5.83177709584677	9.23051227041898	2.12701584720211	1.04601324539283	2.12468114548291	3.21574807761477	2.16973483222194	0.609503434297939	1.40501672466521	-9.07627593847363	1.28538860219193	11.3226437772511	20.3989197157247	0.1119	0.9999	4.66471444241118	2.30154267889183	4.66690966704406	7.15044002743948	4.84889734854764	0	NA	NA	NA	NA	NA	NA	1	-1.10398674481183	1.21878673272021	1	-0.283170266648499	0.080185399913782	1	-3.39995929485445	11.5597232066672	1	-0.140261577108478	0.0196733100129575	1.00143216780025	4265.04127584582	0	1.00163426243232	11479.8794648465	0	NA	NA	NA	NA	NA	NA	NA	NA
912	7	7	benefit_positive_truncnorm	benefit_positive_truncnorm	continuous	1	waning	benefit	1	1	NA	2.56931977824759	4.99103715763018	1000	360	600	1000	1000	360	702	0.64	0.298	7.40255492222078	24	24	0	2	1	10	4	1	5000	2500	1	0.99	14	10000	101911	0.8251	1	2.44813026872172	-2.74345236363386	2.52316013972087	7.22236824809865	9.96582061173251	3.19638771397565	2.08874120245029	3.19895490954849	4.24304411355894	2.15430291110865	0.769581664441478	3.658363814377	-6.65171469548703	3.38701325349536	13.5896646688347	20.2413793643217	0.1012	1	6.24095408919284	3.75222448103407	6.18842205215739	8.9425291059186	5.19030462488453	0	NA	NA	NA	NA	NA	NA	1	-0.121189509525877	0.0146868972191227	1	0.627067935728058	0.393214196018248	1	-1.33267334325318	1.7760182398176	1	1.24991693156267	1.56229233580703	1.00119381961978	4435.78503124511	0	1.00185112343291	11822.6794780457	0	NA	NA	NA	NA	NA	NA	NA	NA
905	7	7	benefit_positive_truncnorm	benefit_positive_truncnorm	continuous	1	waning	benefit	1	1	NA	1.95029548947653	3.65473935415081	1000	360	600	1000	1000	360	730	0.64	0.27	7.1733991745274	24	24	0	2	1	10	4	1	5000	2500	1	0.99	14	10000	101904	0.7183	1	1.46935071301562	-3.50681116032803	1.51719842875611	6.26512847383288	9.77193963416092	2.40225940585348	1.31936660039628	2.40124757892046	3.48741112504888	2.1680445246526	0.668710336667742	2.12506528335907	-8.63441032239165	2.02907655197881	12.3700590668274	21.0044693892191	0.0703	0.9999	3.68465824558628	1.78600145186421	3.59337464232545	6.17883386020957	4.39283240834535	0	NA	NA	NA	NA	NA	NA	1	-0.480944776460911	0.231307878005036	1	0.451963916376954	0.204271381706795	1	-1.52967407079174	2.33990276285256	1	0.0299188914354778	0.000895140064727905	1.00130718597946	4587.83412649608	0	1.00310972546165	12972.5565975957	0	NA	NA	NA	NA	NA	NA	NA	NA
957	7	7	benefit_positive_truncnorm	benefit_positive_truncnorm	continuous	1	waning	benefit	1	1	NA	1.20250115238709	2.30371057428653	1000	360	600	1000	1000	360	704	0.64	0.296	7.14528765947585	24	24	0	2	1	10	4	1	5000	2500	1	0.99	14	10000	101956	0.5708	0.9887	0.43212830297317	-4.46037571038167	0.472979994153166	5.37081239964453	9.8311881100262	1.2552859525078	0.174883080705955	1.25548452172948	2.33665952401458	2.16177644330863	0.556747479081742	0.640379047101182	-10.0493387915451	0.635005105242901	11.2662899441248	21.3156287356699	0.0678	0.9516	2.21828566326666	-0.331806907472017	2.22182015588217	4.82238895458761	5.15419586205963	0	NA	NA	NA	NA	NA	NA	1	-0.770372849413916	0.593474327114116	1	0.0527848001207105	0.00278623512378336	1	-1.66333152718535	2.76667176932874	1	-0.0854249110198704	0.00729741542275277	1.00137238206563	4444.79598444675	0	1.00158896292319	13240.2027215064	0	NA	NA	NA	NA	NA	NA	NA	NA
874	7	7	benefit_positive_truncnorm	benefit_positive_truncnorm	continuous	1	waning	benefit	1	1	NA	1.72347652989743	3.46478412395531	1000	360	600	1000	1000	360	696	0.64	0.304	7.30156715402283	24	24	0	2	1	10	4	1	5000	2500	1	0.99	14	10000	101873	0.7821	0.9999	1.9058575340803	-3.15519443579982	1.96670297708844	6.64992381797168	9.8051182537715	2.09146933294619	1.01803757379151	2.0989526006455	3.169690822512	2.15165324872048	0.708846708846709	2.73338663406818	-8.197613401067	2.61904066082808	12.8241616356063	21.0217750366733	0.0991	0.9992	4.34639771378308	1.5509237341651	4.35059874260675	7.16755811112007	5.61663437695497	0	NA	NA	NA	NA	NA	NA	1	0.182381004182871	0.0332628306867523	1	0.367992803048757	0.135418703095682	1	-0.731397489887122	0.534942288213182	1	0.881613589827769	0.777242521769007	1.00110678554053	3803.17838888065	0	1.00177103189827	11659.0061925948	0	NA	NA	NA	NA	NA	NA	NA	NA
802	7	7	benefit_positive_truncnorm	benefit_positive_truncnorm	continuous	1	waning	benefit	1	1	NA	1.48711544373992	2.32137674136485	1000	360	600	1000	1000	360	713	0.64	0.287	7.42413008270187	24	24	0	2	1	10	4	1	5000	2500	1	0.99	14	10000	101801	0.7188	0.9855	1.45660373260629	-3.59206314904457	1.48356491400571	6.44993497031583	10.0419981193604	1.22235918956669	0.129177477525731	1.22116730796948	2.30348210127348	2.17430462374775	0.609162011173184	1.43914783064599	-9.52600879925494	1.36379426770795	11.9342015466879	21.4602103459428	0.105	0.9438	1.90061804148812	-0.448110259987409	1.93398288896369	4.08220509774438	4.53031535773179	0	NA	NA	NA	NA	NA	NA	1	-0.0305117111336295	0.00093096451630205	1	-0.264756254173228	0.0700958741238387	1	-0.882228910718866	0.778327850908197	1	-0.42075869987673	0.177037883521956	1.00143338757231	4419.78108676762	0	1.0021142611228	6474.49348304992	0	NA	NA	NA	NA	NA	NA	NA	NA
875	7	7	benefit_positive_truncnorm	benefit_positive_truncnorm	continuous	1	waning	benefit	1	1	NA	1.90191915482823	3.69112796934364	1000	360	600	1000	1000	360	697	0.64	0.303	7.1960070129887	24	24	0	2	1	10	4	1	5000	2500	1	0.99	14	10000	101874	0.7216	0.9995	1.45600041503808	-3.3558848551809	1.49948255760857	6.17833084331445	9.53421569849535	1.76504253082485	0.702701613653556	1.76802639613446	2.81566562906058	2.11296401540703	0.678689928288558	2.33922211661018	-8.02676656636257	2.19071886981949	12.4991293390656	20.5258959054282	0.0657	0.9988	4.12496321674352	1.54635484196547	4.10356730617808	6.71234999892908	5.16599515696361	0	NA	NA	NA	NA	NA	NA	1	-0.445918739790148	0.198843522496034	1	-0.136876624003379	0.0187352101985624	1	-1.35190585273346	1.82764943465498	1	0.43383524739988	0.188213021886515	1.00184202232179	4222.10855476948	0	1.00221595142896	13188.1482383685	0	NA	NA	NA	NA	NA	NA	NA	NA
860	7	7	benefit_positive_truncnorm	benefit_positive_truncnorm	continuous	1	waning	benefit	1	1	NA	2.64144790908928	5.3599986775684	1000	360	600	1000	1000	360	699	0.64	0.301	7.81782270529337	24	24	0	2	1	10	4	1	5000	2500	1	0.99	14	10000	101859	0.6975	1	1.33189970847328	-3.74729439287655	1.35632329463985	6.25895594695919	10.0062503398357	2.17739736072883	1.09407646638521	2.1743164529175	3.28363475286176	2.18955828647655	0.604023828256716	1.41538785233577	-9.66674310728673	1.32714504739916	12.0019204884238	21.6686635957105	0.1103	0.9974	3.58883767969599	0.947339495464209	3.31029647315542	7.29156237271343	6.34422287724922	0	NA	NA	NA	NA	NA	NA	1	-1.309548200616	1.71491648973661	1	-0.464050548360453	0.215342911433637	1	-3.94461082523262	15.5599545625424	1	-1.77116099787241	3.13701128038438	1.00161079520319	4798.21189280721	0	1.0016876434975	13150.5986897283	0	NA	NA	NA	NA	NA	NA	NA	NA
843	7	7	benefit_positive_truncnorm	benefit_positive_truncnorm	continuous	1	waning	benefit	1	1	NA	2.57600025238277	5.47034880054487	1000	360	600	1000	1000	360	702	0.64	0.298	7.264266638249	24	24	0	2	1	10	4	1	5000	2500	1	0.99	14	10000	101842	0.7511	1	1.68234582205106	-3.27376687732514	1.73829112067516	6.36419722882317	9.63796410614831	2.64965840845421	1.5707370539462	2.64893330983143	3.72182271127967	2.15108565733347	0.654186973859105	2.05981085488167	-8.78314597011709	1.92984824184918	12.2359918687301	21.0191378388472	0.0972	1	5.32743983292133	2.57370234091888	5.20989318155298	8.35338255265301	5.77968021173413	0	NA	NA	NA	NA	NA	NA	1	-0.893654430331708	0.798618240851489	1	0.0736581560714438	0.00542552395584517	1	-3.4105379456632	11.6317690788086	1	-0.142908967623542	0.0204229730272264	1.00147521003415	4666.91648446563	0	1.00222986731217	12926.8493623226	0	NA	NA	NA	NA	NA	NA	NA	NA
918	7	7	benefit_positive_truncnorm	benefit_positive_truncnorm	continuous	1	waning	benefit	1	1	NA	2.25242867640129	4.48849106773627	1000	360	600	1000	1000	360	700	0.64	0.3	7.45653070314901	24	24	0	2	1	10	4	1	5000	2500	1	0.99	14	10000	101917	0.7296	1	1.58544396187338	-3.3953104461721	1.63102329583897	6.44319383655129	9.8385042827234	2.14864023831204	1.07093924691484	2.15011908783819	3.19811099055928	2.12717174364444	0.67997375041015	2.33389901083598	-8.22681428753365	2.16340852886663	12.3887303968211	20.6155446843548	0.0857	0.9995	4.45923823189935	1.78361375999454	4.50487558428635	6.86733542137409	5.08372166137955	0	NA	NA	NA	NA	NA	NA	1	-0.66698471452791	0.444868609413878	1	-0.103788438089249	0.0107720398810059	1	-2.15459205690029	4.64226693165783	1	-0.0292528358369237	0.000855728404502009	1.00209062171748	4369.72680417525	0	1.00166659789941	11293.805836506	0	NA	NA	NA	NA	NA	NA	NA	NA
881	7	7	benefit_positive_truncnorm	benefit_positive_truncnorm	continuous	1	waning	benefit	1	1	NA	1.84530662092346	3.36383866688475	1000	360	600	1000	1000	360	718	0.64	0.282	7.14793129335545	24	24	0	2	1	10	4	1	5000	2500	1	0.99	14	10000	101880	0.6314	0.9908	0.839891410505423	-3.95125392874284	0.84703926327933	5.67239406306566	9.62364799180849	1.29111556704978	0.225264014506896	1.28835636366706	2.37653601098518	2.15127199647829	0.580404685835996	1.03954063881515	-9.55534201507367	0.982491907155719	11.473968977489	21.0293109925627	0.061	0.9783	2.2133685944038	0.0620269231021639	2.1843320061123	4.76934497259263	4.70731804949047	0	NA	NA	NA	NA	NA	NA	1	-1.00541521041804	1.01085974533996	1	-0.554191053873686	0.307127724193627	1	-2.32429802806961	5.40236132328826	1	-1.15047007248096	1.32358138767433	1.00148983541342	4798.81825401462	0	1.00150029262121	13092.8702366571	0	NA	NA	NA	NA	NA	NA	NA	NA
799	7	7	benefit_positive_truncnorm	benefit_positive_truncnorm	continuous	1	waning	benefit	1	1	NA	1.63053157659291	3.06218956817618	1000	360	600	1000	1000	360	731	0.64	0.269	6.91573929583032	24	24	0	2	1	10	4	1	5000	2500	1	0.99	14	10000	101798	0.6428	0.9996	0.966752611352933	-4.40295260423756	1.00009499253012	6.23053877554285	10.6334913797804	1.85314680503287	0.820247990119404	1.84925709337122	2.90976155475071	2.08951356463131	0.597967435252978	1.3381738866076	-10.1870526200658	1.32758921718823	12.4787023494623	22.6657549695282	0.0849	0.9994	3.35010231252117	1.20438320848732	3.31155378354868	5.65554832502116	4.45116511653384	0	NA	NA	NA	NA	NA	NA	1	-0.66377896523998	0.440602514695059	1	0.222615228439961	0.0495575399333758	1	-1.72401568156858	2.97223007029439	1	0.28791274434499	0.0828937483562633	1.00147227783803	4288.94490142362	0	1.00112614451194	10641.16475536	0	NA	NA	NA	NA	NA	NA	NA	NA
946	7	7	benefit_positive_truncnorm	benefit_positive_truncnorm	continuous	1	waning	benefit	1	1	NA	2.3235691078476	4.2324275914794	1000	360	600	1000	1000	360	693	0.64	0.307	7.83633359032971	24	24	0	2	1	10	4	1	5000	2500	1	0.99	14	10000	101945	0.7479	1	1.70536654413024	-3.57816407963633	1.7558783227068	6.63672878494728	10.2148928645836	2.12774929486726	1.07884101988598	2.12742144653998	3.18593867320426	2.10709765331828	0.641262683201804	1.89747746707138	-9.12998102822201	1.8333021227064	12.2692839981758	21.3992650263978	0.113	0.9999	4.29642885086172	1.89631478654506	4.27852436755841	6.98550613550339	5.08919134895833	0	NA	NA	NA	NA	NA	NA	1	-0.618202563717367	0.382174409786725	1	-0.195819812980338	0.0383453991556547	1	-2.33495012440802	5.45199208347304	1	0.0640012593823203	0.00409616120252304	1.00147953666199	4574.02842669881	0	1.00133558096728	11774.8901517008	0	NA	NA	NA	NA	NA	NA	NA	NA
837	7	7	benefit_positive_truncnorm	benefit_positive_truncnorm	continuous	1	waning	benefit	1	1	NA	1.98756857484933	3.89329605840336	1000	360	600	1000	1000	360	740	0.64	0.26	6.9661766276241	24	24	0	2	1	10	4	1	5000	2500	1	0.99	14	10000	101836	0.644	0.9994	0.973499070462445	-4.39611452825501	1.01542950152622	6.19394317104304	10.590057699298	1.75144511401019	0.695413571462357	1.7458347418654	2.81011894310991	2.11470537164756	0.577326343381389	1.01145132670948	-10.2532317787756	1.01495461408753	12.1708171426771	22.4240489214526	0.0844	0.9996	3.46520220627184	1.44408543636639	3.38974365129592	5.63292195772816	4.18883652136178	0	NA	NA	NA	NA	NA	NA	1	-1.01406950438688	1.02833695972745	1	-0.236123460839134	0.05575428875865	1	-2.88184473169388	8.3050290575918	1	-0.428093852131519	0.183264346232803	1.00111462945659	4769.20146240822	0	1.00127559622227	12570.2081836994	0	NA	NA	NA	NA	NA	NA	NA	NA
929	7	7	benefit_positive_truncnorm	benefit_positive_truncnorm	continuous	1	waning	benefit	1	1	NA	2.03554977682788	4.18428359133158	1000	360	600	1000	1000	360	719	0.64	0.281	7.58821148424439	24	24	0	2	1	10	4	1	5000	2500	1	0.99	14	10000	101928	0.7318	1	1.57663401771724	-3.51454078714007	1.59697856952913	6.53871720430978	10.0532579914499	2.19801025995792	1.14283228661072	2.19801579620424	3.26016567044556	2.11733338383484	0.646605787215315	1.94478575665369	-8.73086351226393	1.80056133114703	12.3837247902192	21.1145883024831	0.0911	1	4.78062312983541	2.24721008746786	4.80156072145474	7.1062060961353	4.85899600866745	0	NA	NA	NA	NA	NA	NA	1	-0.458915759110638	0.210603673960093	1	0.162460483130038	0.0263934085788455	1	-2.23949783467789	5.01535055152696	1	0.596339538503832	0.355620845182963	1.00176608636766	4776.08742269355	0	1.00147814494516	12344.995165773	0	NA	NA	NA	NA	NA	NA	NA	NA
914	7	7	benefit_positive_truncnorm	benefit_positive_truncnorm	continuous	1	waning	benefit	1	1	NA	1.87135823226253	3.76888331154331	1000	360	600	1000	1000	360	735	0.64	0.265	6.31416681697602	24	24	0	2	1	10	4	1	5000	2500	1	0.99	14	10000	101913	0.7297	0.9996	1.64035687348365	-3.6658670755814	1.67060444552507	6.74603934908323	10.4119064246646	1.86357765207579	0.76053619734763	1.86150085200237	2.96110260227387	2.20056640492624	0.683192648787264	2.45025034560186	-8.4499123699457	2.25362027332114	13.2325810881211	21.6824934580668	0.0641	0.997	2.86415696202061	0.803700753486347	2.80043229770846	5.09252153978977	4.28882078630342	0	NA	NA	NA	NA	NA	NA	1	-0.231001358778876	0.0533616277576871	1	-0.00778058018673145	6.05374280421579e-05	1	-1.31863296594146	1.73879289886756	1	-0.904726349522702	0.818529767520675	1.00159826992124	4473.08568457362	0	1.00189200503599	6789.44919852475	0	NA	NA	NA	NA	NA	NA	NA	NA
921	7	7	benefit_positive_truncnorm	benefit_positive_truncnorm	continuous	1	waning	benefit	1	1	NA	1.34216430050647	2.13961438567981	1000	360	600	1000	1000	360	732	0.64	0.268	6.47113497331493	24	24	0	2	1	10	4	1	5000	2500	1	0.99	14	10000	101920	0.5765	0.9952	0.458467840129269	-4.91762087991121	0.506284436693015	5.63104551636022	10.5486663962714	1.38648607229153	0.334437865333604	1.37980838050359	2.4479304378048	2.11349257247119	0.555081127241674	0.792526394332093	-10.4803286428139	0.740194968076031	11.8962864060547	22.3766150488686	0.0632	0.928	1.84441544683971	-0.463511590295839	1.60428571594129	5.05221363861652	5.51572522891236	0	NA	NA	NA	NA	NA	NA	1	-0.883696460377204	0.780919434083199	1	0.044321771785055	0.0019644194541665	1	-1.34708799134771	1.81464605643322	1	-0.295198938840092	0.0871424134923161	1.00122920779308	4849.82143958152	0	1.00230975885219	14285.2993615471	0	NA	NA	NA	NA	NA	NA	NA	NA
825	7	7	benefit_positive_truncnorm	benefit_positive_truncnorm	continuous	1	waning	benefit	1	1	NA	1.89562299604154	3.74564064239146	1000	360	600	1000	1000	360	687	0.64	0.313	7.91034976651345	24	24	0	2	1	10	4	1	5000	2500	1	0.99	14	10000	101824	0.6263	0.9481	0.795813208030543	-4.09680831434533	0.809915526929562	5.64419171446724	9.74100002881257	0.893754484551207	-0.197494313043805	0.89033242089183	1.99181086705871	2.18930518010251	0.548725972284309	0.691178235817934	-10.0175186308007	0.593808428983561	11.4831583218532	21.5006769526539	0.1052	0.7714	0.787005656877357	-1.39244201901748	0.791827387576049	2.95370202091837	4.34614403993585	0	NA	NA	NA	NA	NA	NA	1	-1.09980978801099	1.20958156980479	1	-1.00186851149033	1.00374051431585	1	-3.05446240657352	9.32974059317091	0	-2.9586349855141	8.75352097750801	1.00249757240521	4498.64954642048	0	1.00159707524687	12867.1194399067	0	NA	NA	NA	NA	NA	NA	NA	NA
838	7	7	benefit_positive_truncnorm	benefit_positive_truncnorm	continuous	1	waning	benefit	1	1	NA	1.82575906286693	3.60826006733887	1000	360	600	1000	1000	360	711	0.64	0.289	6.88456013824764	24	24	0	2	1	10	4	1	5000	2500	1	0.99	14	10000	101837	0.6824	0.9996	1.28875236253488	-4.33068914543481	1.35180383874438	6.61361675947245	10.9443059049073	1.94223108245009	0.876153776018183	1.94254357967839	3.00640138661116	2.13024761059297	0.612490429837034	1.50365249236404	-10.4177269876073	1.49699159668014	12.6280180258031	23.0457450134104	0.0857	0.9999	4.13097279694923	1.9903954212221	4.18050923748418	6.11103228462807	4.12063686340597	0	NA	NA	NA	NA	NA	NA	1	-0.537006700332043	0.288376196201509	1	0.116472019583161	0.0135657313457803	1	-2.10460757497484	4.42937304464146	1	0.522712729610358	0.273228597696711	1.00166896206388	4464.59082486883	0	1.00158108505751	14561.5441366597	0	NA	NA	NA	NA	NA	NA	NA	NA
801	7	7	benefit_positive_truncnorm	benefit_positive_truncnorm	continuous	1	waning	benefit	1	1	NA	2.22483435269833	4.8785657547218	1000	360	600	1000	1000	360	731	0.64	0.269	6.59762801521794	24	24	0	2	1	10	4	1	5000	2500	1	0.99	14	10000	101800	0.6508	1	0.997105591818524	-4.46015833414681	1.01966966591922	6.26311005786253	10.7232683920093	2.1684656481687	1.09018670371411	2.17124131597577	3.20771212868908	2.11752542497497	0.587687980093043	1.2508934973952	-10.1121189945509	1.11584332558293	12.4954105221868	22.6075295167377	0.0757	0.998	3.32258090842547	1.05543459863227	3.29804070791336	5.87051704835366	4.81508244972139	0	NA	NA	NA	NA	NA	NA	1	-1.2277287608798	1.50731791029146	1	-0.0563687045296279	0.0031774308503485	1	-3.6276722573266	13.1600060065771	1	-1.55598484629633	2.42108884190381	1.00142536602264	4157.22886043745	0	1.00180640010302	11421.4262497468	0	NA	NA	NA	NA	NA	NA	NA	NA
841	7	7	benefit_positive_truncnorm	benefit_positive_truncnorm	continuous	1	waning	benefit	1	1	NA	1.54623368924095	2.79102416407608	1000	360	600	1000	1000	360	702	0.64	0.298	6.80990594700025	24	24	0	2	1	10	4	1	5000	2500	1	0.99	14	10000	101840	0.638	0.9966	0.928680809313977	-4.34685533864821	0.990790813480417	6.05987613428804	10.4067314729363	1.47669723035034	0.411310621770157	1.47087107725334	2.56353122004218	2.15222059827202	0.594087181700475	1.19385582418688	-10.1656304599106	1.18223957049027	12.011605807364	22.1772362672746	0.0732	0.9995	3.13741987240168	1.5102234065325	3.08671916741856	5.0207927490859	3.51056934255339	0	NA	NA	NA	NA	NA	NA	1	-0.617552879926969	0.381371559506093	1	-0.0695364588906089	0.00483531911504534	1	-1.5971683398892	2.55094670594442	1	0.346395708325606	0.119989986746398	1.00111761064455	4511.21395668572	0	1.00191640208365	11075.223656525	0	NA	NA	NA	NA	NA	NA	NA	NA
830	7	7	benefit_positive_truncnorm	benefit_positive_truncnorm	continuous	1	waning	benefit	1	1	NA	1.86791836353745	3.96221140640128	1000	360	600	1000	1000	360	708	0.64	0.292	7.20527175410445	24	24	0	2	1	10	4	1	5000	2500	1	0.99	14	10000	101829	0.7	1	1.24200528636895	-3.68281500490697	1.31090759042756	5.85401115550465	9.53682616041162	2.14003092410935	1.03969744583645	2.13978670814267	3.22186131172388	2.18216386588743	0.649360341151386	1.89690545031227	-8.596563262585	1.74372863843693	12.0492811267974	20.6458443893824	0.062	0.9997	4.31697089521181	1.65887367784646	4.27404711138834	7.10280811749235	5.44393443964589	0	NA	NA	NA	NA	NA	NA	1	-0.625913077168507	0.391767180170549	1	0.272112560571894	0.0740452456209928	1	-2.06530595608901	4.26548869225674	1	0.354759488810526	0.125854294901106	1.00127847064665	4450.58963952692	0	1.00200557652143	11556.825508334	0	NA	NA	NA	NA	NA	NA	NA	NA
915	7	7	benefit_positive_truncnorm	benefit_positive_truncnorm	continuous	1	waning	benefit	1	1	NA	2.5909267937217	4.34217842199264	1000	360	600	1000	1000	360	694	0.64	0.306	7.73066078318052	24	24	0	2	1	10	4	1	5000	2500	1	0.99	14	10000	101914	0.7453	1	1.68773767850641	-3.44444459299591	1.70175982541514	6.63542077227515	10.0798653652711	2.43977654782231	1.38498946551479	2.44196657908054	3.49615923874621	2.11116977323141	0.643048426690471	1.9668536059853	-8.92473656073307	1.86707664489947	12.4034525844042	21.3281891451373	0.1038	1	4.81700554748954	2.51989392456741	4.761649457747	7.5079712090963	4.98807728452889	0	NA	NA	NA	NA	NA	NA	1	-0.90318911521529	0.815750577843379	1	-0.151150245899385	0.0228463968354446	1	-2.37532481600735	5.64216798154034	1	0.474827125496899	0.225460799107648	1.0012509432789	4879.58539606302	0	1.00142002848822	12117.5557830387	0	NA	NA	NA	NA	NA	NA	NA	NA
913	7	7	benefit_positive_truncnorm	benefit_positive_truncnorm	continuous	1	waning	benefit	1	1	NA	1.97500883241496	3.56868574924435	1000	360	600	1000	1000	360	681	0.64	0.319	7.41171138883576	24	24	0	2	1	10	4	1	5000	2500	1	0.99	14	10000	101912	0.6128	0.9991	0.731772674875139	-4.3267310770035	0.752151921765012	5.70204418713222	10.0287752641357	1.75185748430066	0.648645464361479	1.75815385572105	2.84339661042448	2.19475114606301	0.55968603510302	0.809940912173953	-9.93525184260281	0.750738242631412	11.2705090201738	21.2057608627766	0.0827	0.9995	4.08382214695886	1.68756913268776	4.00977577399469	6.73028385248223	5.04271471979447	0	NA	NA	NA	NA	NA	NA	1	-1.24323615753982	1.54563614341437	1	-0.223151348114301	0.04979652416523	1	-2.7587448370704	7.61067307606259	1	0.515136397714501	0.265365508250273	1.00135152648804	4328.76523044675	0	1.00177369405249	12013.8746503606	0	NA	NA	NA	NA	NA	NA	NA	NA
943	7	7	benefit_positive_truncnorm	benefit_positive_truncnorm	continuous	1	waning	benefit	1	1	NA	1.77715718488611	3.29485748254929	1000	360	600	1000	1000	360	682	0.64	0.318	7.53317988279213	24	24	0	2	1	10	4	1	5000	2500	1	0.99	14	10000	101942	0.7052	0.9996	1.4037553995451	-3.52419153798476	1.43753584147271	6.22885793046696	9.75304946845172	1.8421441982412	0.772439660135414	1.84279146385694	2.91496611046323	2.14252645032782	0.609877361617501	1.54045815435734	-9.02756034251115	1.38161757136129	12.0062770686375	21.0338374111486	0.0949	0.9964	4.5116985151996	1.12319330289757	4.63540718085401	7.61063472993284	6.48744142703527	0	NA	NA	NA	NA	NA	NA	1	-0.373401785341014	0.139428893295857	1	0.0649870133550925	0.00422331190481497	1	-1.75439932819195	3.07791700276037	1	1.21684103265031	1.48070209874147	1.00145326412899	4470.21380282683	0	1.00173757519103	10508.8957465216	0	NA	NA	NA	NA	NA	NA	NA	NA
926	7	7	benefit_positive_truncnorm	benefit_positive_truncnorm	continuous	1	waning	benefit	1	1	NA	1.51803469540589	2.62534891416371	1000	360	600	1000	1000	360	723	0.64	0.277	7.18898827281448	24	24	0	2	1	10	4	1	5000	2500	1	0.99	14	10000	101925	0.6918	0.993	1.22388630608448	-3.61857775547348	1.263021692224	5.99773866116811	9.61631641664159	1.35244290751719	0.265219037160443	1.3534324745017	2.42168615292623	2.15646711576579	0.654802744425386	1.96372507677599	-8.64157128675194	1.78785702662776	12.1624440680521	20.8040153548041	0.0672	0.9883	2.47639989145468	0.329091177796301	2.48481700929882	4.56833902267744	4.23924784488114	0	NA	NA	NA	NA	NA	NA	1	-0.294148389321413	0.0865232749403818	1	-0.165591787888703	0.0274206402161773	1	-0.661623837387717	0.437746102199648	1	-0.148949022709034	0.0221858113659763	1.0023126012836	4499.22949911312	0	1.00153520199561	11813.977253406	0	NA	NA	NA	NA	NA	NA	NA	NA
937	7	7	benefit_positive_truncnorm	benefit_positive_truncnorm	continuous	1	waning	benefit	1	1	NA	1.3649543385302	2.61983810141255	1000	360	600	1000	1000	360	704	0.64	0.296	7.00375329547239	24	24	0	2	1	10	4	1	5000	2500	1	0.99	14	10000	101936	0.79	1	2.22991383479246	-3.18138296630492	2.31380500060545	7.24482017336963	10.4262031396746	1.90492262852898	0.823963540352093	1.90208281050169	2.9834415725887	2.1594780322366	0.839276153763786	4.32958054173291	-6.73563367467883	4.05022130175528	14.3671615349704	21.1027952096492	0.0661	0.9993	4.30882983424193	1.73294293747611	4.2659790195373	7.19939488808911	5.46645195061301	0	NA	NA	NA	NA	NA	NA	1	0.864959496262259	0.748154930174261	1	0.539968289998779	0.291565754204206	1	1.70974244032036	2.92321921223262	1	1.68899173282938	2.852693073566	1.0015075906872	4559.32371811025	0	1.00174854812776	12488.0760295718	0	NA	NA	NA	NA	NA	NA	NA	NA
749	7	7	benefit_positive_truncnorm	benefit_positive_truncnorm	continuous	1	waning	benefit	1	1	NA	2.01008909668333	3.8391714152563	1000	360	600	1000	1000	360	745	0.64	0.255	6.94953640202711	24	24	0	2	1	10	4	1	5000	2500	1	0.99	14	10000	101748	0.6126	0.9719	0.77544629285522	-4.79364325994816	0.812642814531357	6.22119745621845	11.0148407161666	1.05377753408106	-0.0284439154296871	1.05399239841868	2.1125998704319	2.14104378586158	0.566265060240964	0.961884686516573	-10.4437968292946	0.835653240288585	12.0350349549261	22.4788317842206	0.087	0.9234	1.61375487560095	-0.559580101030316	1.62503440660531	3.79800722701507	4.35758732804539	0	NA	NA	NA	NA	NA	NA	1	-1.23464280382811	1.52434285304455	1	-0.956311562602271	0.914531804766798	1	-2.87728672873973	8.27877891938176	0	-2.22541653965535	4.95247877497161	1.00128170618274	4225.74781005944	0	1.00111648512625	9922.9751223739	0	NA	NA	NA	NA	NA	NA	NA	NA
945	7	7	benefit_positive_truncnorm	benefit_positive_truncnorm	continuous	1	waning	benefit	1	1	NA	1.8569542778946	3.32126715530433	1000	360	600	1000	1000	360	709	0.64	0.291	7.47479927660275	24	24	0	2	1	10	4	1	5000	2500	1	0.99	14	10000	101944	0.6592	0.9999	1.01664493459763	-3.95579485756504	1.07223843708239	5.79793754120907	9.7537323987741	1.90561060766683	0.861336968949197	1.90464732437239	2.95856801189737	2.09723104294818	0.616693766937669	1.45980725291947	-9.38866467116569	1.35993320406749	11.9345642001586	21.3232288713243	0.0775	0.9998	3.65171087186614	1.8409761992245	3.64369462999873	5.5243615666602	3.6833853674357	0	NA	NA	NA	NA	NA	NA	1	-0.840309343296964	0.706119792432174	1	0.0486563297722338	0.00236743842690436	1	-1.86145990238486	3.46503296818665	1	0.330443716561805	0.109193049815179	1.00135618484808	4166.65723048925	0	1.00338877728522	13286.1443506669	0	NA	NA	NA	NA	NA	NA	NA	NA
920	7	7	benefit_positive_truncnorm	benefit_positive_truncnorm	continuous	1	waning	benefit	1	1	NA	2.84230282276925	6.19207452547245	1000	360	600	1000	1000	360	686	0.64	0.314	7.3989560459051	24	24	0	2	1	10	4	1	5000	2500	1	0.99	14	10000	101919	0.8611	1	2.73231441961795	-2.24329604190046	2.79898224817339	7.47963216550076	9.72292820740123	3.69886904784271	2.60355418723858	3.69805897462701	4.7775246227304	2.17397043549182	0.809711581793601	4.1068079138556	-5.81595863734898	3.8997131926135	13.6151619978275	19.4311206351765	0.1124	1	8.44068909773369	5.81971767524568	8.36040422889182	11.4123589914657	5.59264131621998	1e-04	NA	NA	NA	NA	NA	NA	1	-0.109988403151302	0.0120974488277734	1	0.856566225073454	0.733705697936588	1	-2.08526661161685	4.348336841524	1	2.24861457226124	5.05626749458561	1.00211832039648	4144.13589819723	0	1.00159173784058	10274.7757390617	0	NA	NA	NA	NA	NA	NA	NA	NA
777	7	7	benefit_positive_truncnorm	benefit_positive_truncnorm	continuous	1	waning	benefit	1	1	NA	1.72352378714218	3.44390133772079	1000	360	600	1000	1000	360	691	0.64	0.309	7.61565558475707	24	24	0	2	1	10	4	1	5000	2500	1	0.99	14	10000	101776	0.6714	0.9989	1.11412983783331	-3.89091026487009	1.18276753950037	5.96865529402017	9.85956555889026	1.70558180607556	0.621230750386326	1.70347706680978	2.79857240085706	2.17734165047073	0.602789770840252	1.3737393225719	-9.77056939336539	1.25154976562342	11.9624114721825	21.7329808655479	0.0967	0.9994	4.45121712955309	1.78386280185486	4.4940891820881	6.92313398692986	5.139271185075	0	NA	NA	NA	NA	NA	NA	1	-0.609393949308876	0.371360985454268	1	-0.0179419810666244	0.000321914684595107	1	-2.0701620151489	4.28557076896533	1	1.0073157918323	1.01468510447473	1.00216798676493	4481.02472313132	0	1.00110859836534	13576.3814265081	0	NA	NA	NA	NA	NA	NA	NA	NA
808	7	7	benefit_positive_truncnorm	benefit_positive_truncnorm	continuous	1	waning	benefit	1	1	NA	2.68464194510075	5.22402408951136	1000	360	600	1000	1000	360	681	0.64	0.319	7.8614534545529	24	24	0	2	1	10	4	1	5000	2500	1	0.99	14	10000	101807	0.7908	1	2.11869542742842	-3.24084955520835	2.165471856163	7.14854221498243	10.3893917701908	3.13992574161994	2.07049286432084	3.14164940564389	4.19872803342437	2.12823516910353	0.67973708068903	2.44945933496108	-8.53007136457552	2.42659796854768	12.642508951433	21.1725803160085	0.1176	1	6.81832127034311	4.41768397628777	6.7525034636412	9.57469812670869	5.15701415042092	0	NA	NA	NA	NA	NA	NA	1	-0.565946517672332	0.32029546086544	1	0.455283796519184	0.207283335372921	1	-2.77456475455028	7.69820957719267	1	1.59429718083174	2.54178350080804	1.00152276176847	4223.46130845359	0	1.00119743574957	10422.0551836665	0	NA	NA	NA	NA	NA	NA	NA	NA
923	7	7	benefit_positive_truncnorm	benefit_positive_truncnorm	continuous	1	waning	benefit	1	1	NA	2.34934539108359	4.62475825520024	1000	360	600	1000	1000	360	696	0.64	0.304	7.45040252218356	24	24	0	2	1	10	4	1	5000	2500	1	0.99	14	10000	101922	0.7233	0.9997	1.44836372569087	-3.48856083860304	1.48082309091584	6.17080762144888	9.65936846005191	1.89133512987093	0.808892853701469	1.89487797542854	2.96052426826117	2.1516314145597	0.652820288587669	1.9535023696942	-8.39056963234111	1.84230347024374	12.1442761782794	20.5348458106205	0.0852	0.9995	4.06987445096973	1.49907863299398	4.09695673675572	6.36975645363635	4.87067782064237	0	NA	NA	NA	NA	NA	NA	1	-0.900981665392727	0.811767961373851	1	-0.458010261212665	0.209773399376094	1	-2.67125588550604	7.13560800585065	1	-0.55488380423051	0.307896036197323	1.00229456184872	4531.41894967604	0	1.001847453908	11431.8124092443	0	NA	NA	NA	NA	NA	NA	NA	NA
944	7	7	benefit_positive_truncnorm	benefit_positive_truncnorm	continuous	1	waning	benefit	1	1	NA	2.48502741813279	5.06736186094776	1000	360	600	1000	1000	360	702	0.64	0.298	7.67058264480182	24	24	0	2	1	10	4	1	5000	2500	1	0.99	14	10000	101943	0.7817	1	2.03864615432775	-3.25454452936696	2.12540737523198	6.99255847942768	10.2471030087946	2.66226779381316	1.61170330997905	2.65518351388228	3.72151418944929	2.10981087947025	0.711207858897075	2.84718485832923	-7.85342690454511	2.6908428940848	12.9348450952392	20.7882719997843	0.1042	1	6.01030380254353	3.91468068919021	5.98929791278326	8.13083751738375	4.21615682819353	0	NA	NA	NA	NA	NA	NA	1	-0.446381263805038	0.199256232676183	1	0.17724037568037	0.0314141507713188	1	-2.22017700261853	4.9291859229562	1	0.942941941595771	0.889139505220403	1.00128660609396	4606.54759176783	0	1.00132627787911	10547.301450403	0	NA	NA	NA	NA	NA	NA	NA	NA
930	7	7	benefit_positive_truncnorm	benefit_positive_truncnorm	continuous	1	waning	benefit	1	1	NA	2.18556113179074	4.44326957764686	1000	360	600	1000	1000	360	713	0.64	0.287	6.92825557196699	24	24	0	2	1	10	4	1	5000	2500	1	0.99	14	10000	101929	0.557	0.883	0.37688593769578	-4.80051608527855	0.377836982546377	5.70023642261018	10.5007525078887	0.668425126132519	-0.427207235938784	0.671661164148484	1.73029462494983	2.15750186088862	0.543374539145522	0.587773682237165	-10.9455259816116	0.552445449198362	11.7765991386096	22.7221251202212	0.0778	0.8797	1.56694471708989	-0.767823544441206	1.5740842787579	4.00839943882486	4.77622298326607	0	NA	NA	NA	NA	NA	NA	1	-1.80867519409496	3.27130595773444	0	-1.51713600565822	2.30170165966457	1	-3.85549589540969	14.864848599521	0	-2.87632486055697	8.27324470345806	1.00168756934479	4131.84977481219	0	1.00268188426014	12462.0363075476	0	NA	NA	NA	NA	NA	NA	NA	NA
922	7	7	benefit_positive_truncnorm	benefit_positive_truncnorm	continuous	1	waning	benefit	1	1	NA	1.34361992950704	2.74737951985897	1000	360	600	1000	1000	360	740	0.64	0.26	6.09139969405177	24	24	0	2	1	10	4	1	5000	2500	1	0.99	14	10000	101921	0.6763	0.9895	1.17866060005246	-3.70167288724014	1.16439329409957	6.11656312945304	9.81823601669317	1.24880052088847	0.184172483352877	1.25112822238023	2.32228807798207	2.13811559462919	0.707114706492429	2.56499680925651	-7.87041579005403	2.26835106814119	13.1978598042906	21.0682755943446	0.0358	0.9729	2.32753918155262	-0.0447518103345227	2.33683297322977	4.6256162971095	4.67036810744402	0	NA	NA	NA	NA	NA	NA	1	-0.164959329454571	0.0272115803741017	1	-0.0948194086185667	0.00899072025077473	1	-0.182382710602467	0.0332634531267033	1	-0.419840338306352	0.176265909669192	1.00131278075881	4362.545804307	0	1.00183861692357	11686.4030501276	0	NA	NA	NA	NA	NA	NA	NA	NA
863	7	7	benefit_positive_truncnorm	benefit_positive_truncnorm	continuous	1	waning	benefit	1	1	NA	1.79020183390737	3.150565927614	1000	360	600	1000	1000	360	692	0.64	0.308	7.07530110887763	24	24	0	2	1	10	4	1	5000	2500	1	0.99	14	10000	101862	0.788	1	1.97877370178404	-2.89685168764349	2.06913765556749	6.5731262191445	9.46997790678799	2.30129637958657	1.25723716575295	2.29729462517927	3.35669163311658	2.09945446736363	0.798036006546645	3.76195701432624	-6.48433494620859	3.53544440488776	13.5959185321372	20.0802534783458	0.0835	0.9999	4.70790782060906	2.09380728560367	4.71496302893941	7.31801749175352	5.22421020614985	0	NA	NA	NA	NA	NA	NA	1	0.188571867876668	0.0355593493544955	1	0.511094545679196	0.261217634623024	1	0.61139108671224	0.373799060911174	1	1.55734189299506	2.42531377167745	1.0011113507582	4393.78952050878	0	1.00195296563693	12354.7308749418	0	NA	NA	NA	NA	NA	NA	NA	NA
800	7	7	benefit_positive_truncnorm	benefit_positive_truncnorm	continuous	1	waning	benefit	1	1	NA	2.07511519282133	3.82084632262053	1000	360	600	1000	1000	360	720	0.64	0.28	7.7236744049771	24	24	0	2	1	10	4	1	5000	2500	1	0.99	14	10000	101799	0.7952	1	2.09851850688168	-2.92808998373201	2.13560435953829	6.96866100671426	9.89675099044628	2.63324559400731	1.55861465091859	2.62682576465938	3.71160130619172	2.15298665527313	0.669238510566924	2.31488267340091	-8.06492373195289	2.18322298153681	12.4390153070799	20.5039390390328	0.1057	1	4.68621138614757	2.41974629285554	4.73839711513415	6.57353224431668	4.15378595146114	0	NA	NA	NA	NA	NA	NA	1	0.0234033140603547	0.000547715109007595	1	0.55813040118598	0.311509544728023	1	-1.50596364921961	2.26792651277086	1	0.865365063527043	0.748856693173163	1.00124877443046	4415.03567065092	0	1.00151128185979	11484.9820332234	0	NA	NA	NA	NA	NA	NA	NA	NA
778	7	7	benefit_positive_truncnorm	benefit_positive_truncnorm	continuous	1	waning	benefit	1	1	NA	1.83336201266142	3.48317513224885	1000	360	600	1000	1000	360	683	0.64	0.317	7.71859168450774	24	24	0	2	1	10	4	1	5000	2500	1	0.99	14	10000	101777	0.778	1	1.96334582125911	-3.19950280231496	2.02977299176439	6.84565694006391	10.0451597423789	2.53878797595612	1.44843074909928	2.5376109774917	3.62275089397116	2.17432014487188	0.674141008478358	2.34553159791896	-8.22255681221387	2.16997072846659	12.5551497842255	20.7777065964394	0.1036	0.9999	5.24409656306276	2.54706192877767	5.26268794820932	7.74078293126698	5.19372100248931	0	NA	NA	NA	NA	NA	NA	1	0.129983808597694	0.016895790497562	1	0.7054259632947	0.497625789690256	1	-1.13764353432989	1.29423281120259	1	1.76092143081392	3.10084428549973	1.0020036874677	4430.91895307698	0	1.00125488631093	12375.2058542322	0	NA	NA	NA	NA	NA	NA	NA	NA
869	7	7	benefit_positive_truncnorm	benefit_positive_truncnorm	continuous	1	waning	benefit	1	1	NA	1.63673596566981	2.66038345667034	1000	360	600	1000	1000	360	735	0.64	0.265	6.87929392120552	24	24	0	2	1	10	4	1	5000	2500	1	0.99	14	10000	101868	0.6957	0.9994	1.42613879710011	-4.022383498453	1.50264669964705	6.62061705970363	10.6430005581566	1.81684347333016	0.772507666802389	1.81455507898655	2.87278242284245	2.10027475604007	0.601397074874482	1.42046183344076	-10.0498530085769	1.33488476458049	12.1820681560918	22.2319211646687	0.0838	0.9962	3.06502266039888	0.834222061501413	3.08014002294775	5.36542890281387	4.53120684131246	0	NA	NA	NA	NA	NA	NA	1	-0.2105971685697	0.0443511674095746	1	0.180107507660352	0.0324387143156238	1	-1.23992162322958	1.53740563175228	1	0.404639203728541	0.163732885194067	1.00165054260164	4558.7230714956	0	1.00169796035683	11789.891920388	0	NA	NA	NA	NA	NA	NA	NA	NA
916	7	7	benefit_positive_truncnorm	benefit_positive_truncnorm	continuous	1	waning	benefit	1	1	NA	2.21223278647238	4.50588571842503	1000	360	600	1000	1000	360	729	0.64	0.271	6.92696497206106	24	24	0	2	1	10	4	1	5000	2500	1	0.99	14	10000	101915	0.5883	0.9815	0.595829757641423	-4.82651757216847	0.619673821564507	5.84488545027118	10.6714030224397	1.1687829454513	0.0690057951051023	1.16675804446505	2.2317532729432	2.16274747783809	0.553676631027711	0.790462868442025	-10.8354652074015	0.743652522994702	12.1808655078115	23.016330715213	0.0834	0.9684	2.36973067460521	-0.143722163937289	2.40302098692384	4.65645592558762	4.80017808952491	0	NA	NA	NA	NA	NA	NA	1	-1.61640302883095	2.61275875161388	1	-1.04344984102108	1.08878757072692	1	-3.71542284998301	13.8043669541759	1	-2.13615504381982	4.56315837123685	1.00210540406469	4237.89898471095	0	1.00220219361274	12795.2920916985	0	NA	NA	NA	NA	NA	NA	NA	NA
876	7	7	benefit_positive_truncnorm	benefit_positive_truncnorm	continuous	1	waning	benefit	1	1	NA	1.75245165989584	3.37949037825147	1000	360	600	1000	1000	360	698	0.64	0.302	7.02607406253257	24	24	0	2	1	10	4	1	5000	2500	1	0.99	14	10000	101875	0.8332	1	2.54831656337335	-2.51333770169542	2.66462733937909	7.2410557316499	9.75439343334532	2.24777231646249	1.16411811290926	2.24773135206358	3.31742063012639	2.15330251721712	0.811061452513966	4.2740443867598	-6.45530354625019	4.15153011234877	14.0861143527874	20.5414178990376	0.105	0.9997	4.6385821756839	2.08993622628881	4.63439505262604	7.15595820154139	5.06602197525258	0	NA	NA	NA	NA	NA	NA	1	0.795864903477508	0.633400944587264	1	0.495320656566649	0.245342552821616	1	0.894554008508329	0.80022687413832	1	1.25909179743243	1.58531215436163	1.0016801705739	4369.22976080625	0	1.00113631404185	12845.6861518502	0	NA	NA	NA	NA	NA	NA	NA	NA
870	7	7	benefit_positive_truncnorm	benefit_positive_truncnorm	continuous	1	waning	benefit	1	1	NA	2.36889109729377	4.8748560422414	1000	360	600	1000	1000	360	694	0.64	0.306	7.73293679018307	24	24	0	2	1	10	4	1	5000	2500	1	0.99	14	10000	101869	0.7813	1	1.98968875521648	-3.12543154543475	2.05670479282366	6.79433958194714	9.91977112738189	2.67543171742787	1.60916405891056	2.67088173701188	3.74091427071237	2.1317502118018	0.679730488489613	2.46879180754012	-7.99846247415693	2.38016402964173	12.4263362414846	20.4247987156416	0.1095	0.9999	5.06949587975054	2.68930148278483	5.02246972945163	7.70256740164502	5.01326591886019	0	NA	NA	NA	NA	NA	NA	1	-0.379202342077291	0.143794416236902	1	0.306540620134103	0.0939671517922006	1	-2.40606423470128	5.78914510150867	1	0.194639837509142	0.037884666345585	1.00116232367889	4487.16600628472	0	1.0024170100674	15072.3998552787	0	NA	NA	NA	NA	NA	NA	NA	NA
927	7	7	benefit_positive_truncnorm	benefit_positive_truncnorm	continuous	1	waning	benefit	1	1	NA	1.7368324549938	3.01336336899775	1000	360	600	1000	1000	360	736	0.64	0.264	6.86299009349494	24	24	0	2	1	10	4	1	5000	2500	1	0.99	14	10000	101926	0.7017	0.9996	1.43320387764895	-4.01126092750849	1.46366769271827	6.64458365834497	10.6558445858535	1.9091164318277	0.858911132399277	1.90746841013756	2.98112147726696	2.12221034486769	0.622797476615184	1.72053567483281	-9.59031452448099	1.72016346259632	12.7609298597349	22.3512443842159	0.0806	0.996	3.02820460586527	0.78281201367042	3.01796732655904	5.17890423926721	4.39609222559679	0	NA	NA	NA	NA	NA	NA	1	-0.303628577344849	0.0921903129804573	1	0.172283976833893	0.0296817686737014	1	-1.29282769416494	1.67140344679985	1	0.0148412368675208	0.000220262311757859	1.00153808065068	4481.65347455189	0	1.00197017293179	11608.0675483513	0	NA	NA	NA	NA	NA	NA	NA	NA
896	7	7	benefit_positive_truncnorm	benefit_positive_truncnorm	continuous	1	waning	benefit	1	1	NA	2.32255137673972	4.71782278510582	1000	360	600	1000	1000	360	693	0.64	0.307	7.17242570949177	24	24	0	2	1	10	4	1	5000	2500	1	0.99	14	10000	101895	0.755	1	1.75151144824519	-3.27244927453764	1.78609023262972	6.45196528778826	9.7244145623259	2.67032018724331	1.58354200385293	2.67587205888915	3.76709629446534	2.18355429061241	0.706567453898415	2.68136566329171	-7.84296560918501	2.45376766201016	12.7834087062918	20.6263743154768	0.0727	1	6.27399304897614	3.82005330317081	6.34978469192422	8.30198144567619	4.48192814250538	0	NA	NA	NA	NA	NA	NA	1	-0.571039928494535	0.326086599935044	1	0.347768810503589	0.120943145559081	1	-2.03645712181411	4.14715760898739	1	1.55617026387032	2.42166589015421	1.00160422203488	4686.69482710207	0	1.0020386151799	13192.7462015872	0	NA	NA	NA	NA	NA	NA	NA	NA
948	7	7	benefit_positive_truncnorm	benefit_positive_truncnorm	continuous	1	waning	benefit	1	1	NA	2.13928669376906	4.4120847875869	1000	360	600	1000	1000	360	709	0.64	0.291	7.37249846656122	24	24	0	2	1	10	4	1	5000	2500	1	0.99	14	10000	101947	0.7306	0.9998	1.5337184473228	-3.41608156925628	1.59396779008073	6.24307788397508	9.65915945323136	2.06844240143	1.00950291760796	2.07160541174771	3.11020668842691	2.10070377081895	0.639233616372741	1.78617346025036	-8.91033275527225	1.61439086058491	12.1395647583023	21.0498975135746	0.0814	0.9982	3.35509501913394	1.05257713873276	3.30615161116666	6.00270463539434	4.95012749666158	0	NA	NA	NA	NA	NA	NA	1	-0.605568246446261	0.366712901104	1	-0.0708442923390642	0.00501891375702279	1	-2.62591132733654	6.89541029903437	1	-1.05698976845296	1.11722737061424	1.00116410389831	4751.27558267178	0	1.00150098415026	11973.1828995265	0	NA	NA	NA	NA	NA	NA	NA	NA
832	7	7	benefit_positive_truncnorm	benefit_positive_truncnorm	continuous	1	waning	benefit	1	1	NA	1.69745359032272	3.48373585031575	1000	360	600	1000	1000	360	721	0.64	0.279	6.27958628917745	24	24	0	2	1	10	4	1	5000	2500	1	0.99	14	10000	101831	0.6598	0.9996	1.02889513009578	-4.21337347739722	1.05010573686864	6.10956251878578	10.322935996183	1.9257387636615	0.812099702182968	1.93256171169628	3.03070093301936	2.21860123083639	0.62963354102862	1.69940489773298	-9.20178577064592	1.59012801440177	12.3971921417724	21.5989779124184	0.0531	0.9998	4.38383532739142	1.88117903382883	4.29106229568222	6.92327931873095	5.04210028490212	0	NA	NA	NA	NA	NA	NA	1	-0.66855846022694	0.446970414741017	1	0.228285173338777	0.0521141203663154	1	-1.78433095258277	3.18383694834494	1	0.900099477075663	0.810179068631883	1.00139830901093	4375.67045712585	0	1.00170123336049	12719.2486331004	0	NA	NA	NA	NA	NA	NA	NA	NA
878	7	7	benefit_positive_truncnorm	benefit_positive_truncnorm	continuous	1	waning	benefit	1	1	NA	1.2837459172568	2.22330660688651	1000	360	600	1000	1000	360	749	0.64	0.251	6.55803963840679	24	24	0	2	1	10	4	1	5000	2500	1	0.99	14	10000	101877	0.6244	0.9455	0.853708627313464	-4.35512736281977	0.849577768318492	6.12154117009633	10.4766685329161	0.878926335172457	-0.195202521106956	0.875965410926455	1.94389359148806	2.13909611259502	0.569652807543935	0.979880724046465	-10.3235644485292	0.886934445646302	12.1768797948166	22.5004442433458	0.0668	0.838	1.14586050848909	-1.35251720408341	1.22330050170775	3.23147938234681	4.58399658643022	0	NA	NA	NA	NA	NA	NA	1	-0.430037289943337	0.18493207074181	1	-0.404819582084345	0.163878894038943	1	-1.24342588284005	1.54610792611655	1	-1.07744609839742	1.16089009495182	1.0014334202668	4255.59867588772	0	1.00180570145347	12364.6525883104	0	NA	NA	NA	NA	NA	NA	NA	NA
781	7	7	benefit_positive_truncnorm	benefit_positive_truncnorm	continuous	1	waning	benefit	1	1	NA	2.0971439602579	3.92134786240445	1000	360	600	1000	1000	360	724	0.64	0.276	6.62276476009644	24	24	0	2	1	10	4	1	5000	2500	1	0.99	14	10000	101780	0.6856	0.9968	1.30765916025838	-3.96880152567778	1.37159999835915	6.38669820240851	10.3554997280863	1.45049534745626	0.392842223231641	1.45068784038781	2.49991036409397	2.10706814086232	0.624959794146028	1.72152737080418	-9.45553866809863	1.64156832740225	12.5109976199254	21.966536288024	0.0673	0.9815	2.50658464338841	0.161422165994271	2.52702996580995	4.6297568411052	4.46833467511093	0	NA	NA	NA	NA	NA	NA	1	-0.78948479999952	0.623286249430281	1	-0.646648612801642	0.418154428438288	1	-2.19982049160027	4.83921019526446	1	-1.41476321901604	2.00155496588062	1.00154519829475	4533.32107476436	0	1.001327958708	11861.0595001156	0	NA	NA	NA	NA	NA	NA	NA	NA
797	7	7	benefit_positive_truncnorm	benefit_positive_truncnorm	continuous	1	waning	benefit	1	1	NA	1.96768134151123	3.9288839081634	1000	360	600	1000	1000	360	682	0.64	0.318	7.84264985490333	24	24	0	2	1	10	4	1	5000	2500	1	0.99	14	10000	101796	0.674	0.9981	1.13631579344805	-3.87025031095996	1.14903063257435	5.97154338277325	9.84179369373321	1.58637305557976	0.537241651771137	1.58753628905542	2.65395492997085	2.11671327819971	0.591466131907308	1.29491830991358	-9.75362505911858	1.21271723056813	11.8458983852582	21.5995234443768	0.1024	0.9955	3.47723967522456	0.755756687972364	3.49938443844396	6.17975902042276	5.4240023324504	0	NA	NA	NA	NA	NA	NA	1	-0.831365548063189	0.691168674506406	1	-0.381308285931478	0.145396008920001	1	-2.63396559824982	6.93777477276352	1	-0.451644232938846	0.203982513146919	1.00208568286602	4475.82160584992	0	1.00253306504934	13673.2832305994	0	NA	NA	NA	NA	NA	NA	NA	NA
989	7	7	benefit_positive_truncnorm	benefit_positive_truncnorm	continuous	1	waning	benefit	1	1	NA	1.94681934028088	3.83638495427746	1000	360	600	1000	1000	360	709	0.64	0.291	7.22171595034501	24	24	0	2	1	10	4	1	5000	2500	1	0.99	14	10000	101988	0.8032	1	2.12741624815857	-2.79264183375189	2.15970324641463	6.86601636245603	9.65865819620792	2.4616420922251	1.41324450626648	2.45725635340456	3.53802389861645	2.12477939234997	0.753910552985239	3.3383273273094	-6.83958950531578	3.08237872337543	13.1294213496754	19.9690108549912	0.0922	0.9997	5.22909729034643	2.53506145537692	5.32412232997069	7.45748996282033	4.92242850744341	0	NA	NA	NA	NA	NA	NA	1	0.180596907877687	0.0326152431349817	1	0.514822751944221	0.265042465919421	1	-0.498057626968062	0.248061399781057	1	1.39271233606897	1.93964765103868	1.00135515674409	4285.51267348216	0	1.00114914773101	14023.0810913207	0	NA	NA	NA	NA	NA	NA	NA	NA
961	7	7	benefit_positive_truncnorm	benefit_positive_truncnorm	continuous	1	waning	benefit	1	1	NA	2.32330150490133	4.76998257462207	1000	360	600	1000	1000	360	709	0.64	0.291	7.93266087722432	24	24	0	2	1	10	4	1	5000	2500	1	0.99	14	10000	101960	0.7762	1	2.01645492815158	-3.19845629798087	2.07745421746219	6.98110781091925	10.1795641089001	2.34588798666893	1.29770132801387	2.34472801918186	3.39013103820562	2.09242971019175	0.672710890866088	2.32549014073022	-8.46793675876871	2.20338290429069	12.5666338228677	21.0345705816364	0.1121	1	5.00272522818091	2.85111405268465	5.01369328992882	7.17795370012541	4.32683964744076	0	NA	NA	NA	NA	NA	NA	1	-0.306846576749752	0.0941548216630415	1	0.0225864817675987	0.000510149158638068	1	-2.44449243389186	5.97554325935454	1	0.232742653558836	0.0541691427856085	1.0016168388922	4598.56048720527	0	1.00344824354939	11620.6735513147	0	NA	NA	NA	NA	NA	NA	NA	NA
879	7	7	benefit_positive_truncnorm	benefit_positive_truncnorm	continuous	1	waning	benefit	1	1	NA	2.37230429461248	4.3863599934346	1000	360	600	1000	1000	360	719	0.64	0.281	7.12291621174546	24	24	0	2	1	10	4	1	5000	2500	1	0.99	14	10000	101878	0.7431	0.9997	1.64507653508348	-3.37852015210874	1.69925975124356	6.35146234346437	9.72998249557311	1.97420808149088	0.917065627171032	1.9673149227965	3.02816758146113	2.1111019542901	0.688331350708338	2.45651783169747	-7.90441285420498	2.26525288343627	12.8309079152585	20.7353207694635	0.0753	0.9981	3.97156188048135	1.28284945735163	3.98005216084725	6.57743791256035	5.29458845520873	0	NA	NA	NA	NA	NA	NA	1	-0.727227759529004	0.528860214229574	1	-0.398096213121605	0.158480594901762	1	-1.92984216173713	3.72429076921823	1	-0.414798112953247	0.172057474509575	1.00141960798915	4181.72027839071	0	1.00160902776937	11280.3267439065	0	NA	NA	NA	NA	NA	NA	NA	NA
899	7	7	benefit_positive_truncnorm	benefit_positive_truncnorm	continuous	1	waning	benefit	1	1	NA	2.17429080043847	4.24756910073048	1000	360	600	1000	1000	360	731	0.64	0.269	7.35009236584971	24	24	0	2	1	10	4	1	5000	2500	1	0.99	14	10000	101898	0.806	1	2.18524929661781	-2.82294496012459	2.24948807116619	6.93682084733201	9.7597658074566	3.20499543366829	2.17865793081762	3.19995356619089	4.23178657025791	2.0531286394403	0.731985940246046	3.06134970894108	-7.1388483696132	2.89870716277342	12.882310937567	20.0211593071802	0.0896	1	6.02621921798355	3.81556784991213	6.00436362228198	8.1874844630632	4.37191661315107	0	NA	NA	NA	NA	NA	NA	1	0.0109584961793323	0.000120088638512441	0	1.03070463322982	1.06235204096141	1	-1.18621939178941	1.40711644545723	1	1.77865011725307	3.16359623960437	1.0022568002387	4399.66958114282	0	1.00183717858405	11824.0665765157	0	NA	NA	NA	NA	NA	NA	NA	NA
966	7	7	benefit_positive_truncnorm	benefit_positive_truncnorm	continuous	1	waning	benefit	1	1	NA	2.23745808903415	4.2699366735752	1000	360	600	1000	1000	360	708	0.64	0.292	7.05563794278393	24	24	0	2	1	10	4	1	5000	2500	1	0.99	14	10000	101965	0.7559	1	1.7745361322132	-3.15139987174958	1.78625891554128	6.74136433568787	9.89276420743745	2.80870388865684	1.73917249562423	2.81339492812279	3.85864501812825	2.11947252250402	0.6198823921003	1.67192033393177	-9.00582388217022	1.43192205083697	12.304470438411	21.3102943205812	0.0987	0.9999	4.59876354124224	2.13493558393084	4.56158511062072	7.29957509322092	5.16463950929007	0	NA	NA	NA	NA	NA	NA	1	-0.462921956820947	0.214296738106935	1	0.571245799622694	0.326321763586571	1	-2.59801633964344	6.74968890105427	1	0.328826867667042	0.108127108899718	1.0016384900137	4334.76112578327	0	1.00125930872389	9818.88773882158	0	NA	NA	NA	NA	NA	NA	NA	NA
975	7	7	benefit_positive_truncnorm	benefit_positive_truncnorm	continuous	1	waning	benefit	1	1	NA	0.960492140822295	1.65430356988999	1000	360	600	1000	1000	360	717	0.64	0.283	6.60860909153105	24	24	0	2	1	10	4	1	5000	2500	1	0.99	14	10000	101974	0.5384	0.8591	0.213391684567312	-5.04752133833248	0.249641580796944	5.31851200312567	10.3660333414582	0.589055324554626	-0.496675976256648	0.590777476954949	1.67155844878336	2.16823442504001	0.530848329048843	0.388740007814256	-10.626713382967	0.348064944964405	11.3562577436129	21.9829711265799	0.0664	0.9017	1.45321726294753	-0.769266228421347	1.42497511708155	3.89615773722448	4.66542396564583	0	NA	NA	NA	NA	NA	NA	1	-0.747100456254983	0.558159091736403	1	-0.371436816267669	0.137965308479062	1	-1.26556356207574	1.60165112965383	1	-0.201086306942461	0.0404357028397576	1.00132422486628	4386.59276309792	0	1.00138960721284	11730.072391487	0	NA	NA	NA	NA	NA	NA	NA	NA
887	7	7	benefit_positive_truncnorm	benefit_positive_truncnorm	continuous	1	waning	benefit	1	1	NA	2.41430621383796	4.80041111365509	1000	360	600	1000	1000	360	720	0.64	0.28	6.83916294960967	24	24	0	2	1	10	4	1	5000	2500	1	0.99	14	10000	101886	0.7219	1	1.6157653236001	-3.81894489871784	1.68352057321669	6.91095685652698	10.7299017552448	2.37097574793672	1.32250881208455	2.36472980843355	3.4265931610534	2.10408434896885	0.650322863084163	2.18024475105889	-9.05576758453796	1.97060212418574	12.8863668390214	21.9421344235593	0.0863	1	4.19397165372095	2.40451077702015	4.16036638737259	6.12020170449025	3.71569092747011	0	NA	NA	NA	NA	NA	NA	1	-0.798540890237865	0.637667553381882	1	-0.0433304659012386	0.0018775292752184	1	-2.6201663625962	6.86527176768063	1	-0.606439459934145	0.367768818565217	1.0014875340044	4338.40547051038	0	1.00157689740862	6498.88361510362	0	NA	NA	NA	NA	NA	NA	NA	NA
880	7	7	benefit_positive_truncnorm	benefit_positive_truncnorm	continuous	1	waning	benefit	1	1	NA	1.50665005192635	2.61456981866688	1000	360	600	1000	1000	360	721	0.64	0.279	6.89359967790292	24	24	0	2	1	10	4	1	5000	2500	1	0.99	14	10000	101879	0.6515	0.9936	1.1192692391807	-4.42613975263287	1.16111422596979	6.42522064707233	10.8513603997052	1.35808414029233	0.282542669995451	1.35833741638921	2.43699048584339	2.15444781584794	0.602434744461505	1.40419004375768	-10.1112757541022	1.2665059961283	12.4582343848509	22.5695101389532	0.0882	0.9819	2.3530384435589	0.184896010997057	2.33132538883689	4.67929662056638	4.49440060956933	0	NA	NA	NA	NA	NA	NA	1	-0.387380812745642	0.150063894083474	1	-0.148565911634016	0.0220718300996463	1	-1.2103797749092	1.46501919950926	1	-0.261531375107981	0.0683986601658714	1.00172608429302	4502.06676408431	0	1.00215310856764	10717.715556938	0	NA	NA	NA	NA	NA	NA	NA	NA
947	7	7	benefit_positive_truncnorm	benefit_positive_truncnorm	continuous	1	waning	benefit	1	1	NA	1.35358302842844	2.64256104400564	1000	360	600	1000	1000	360	747	0.64	0.253	6.57035825217531	24	24	0	2	1	10	4	1	5000	2500	1	0.99	14	10000	101946	0.6352	0.9999	0.946211568983319	-4.32822438770453	0.965808052772936	6.10730988696702	10.4355342746716	1.9618523457777	0.8995167764772	1.96447740828107	3.02598395214203	2.12646717566483	0.577171109200344	1.09243865990767	-9.93960942939166	1.00699263040257	12.1549474267824	22.0945568561741	0.0696	0.996	2.68656875828437	0.522381293746939	2.67364597949721	4.95801314234667	4.43563184859973	0	NA	NA	NA	NA	NA	NA	1	-0.407371459445122	0.165951505970448	1	0.608269317349257	0.369991562428531	1	-1.55012238409797	2.40287940568157	1	0.044007714278735	0.00193667891603877	1.00205653672207	4560.14353079093	0	1.00157050592363	13561.1797970409	0	NA	NA	NA	NA	NA	NA	NA	NA
872	7	7	benefit_positive_truncnorm	benefit_positive_truncnorm	continuous	1	waning	benefit	1	1	NA	1.81340035890954	3.28206289433211	1000	360	600	1000	1000	360	734	0.64	0.266	6.66831092363188	24	24	0	2	1	10	4	1	5000	2500	1	0.99	14	10000	101871	0.6077	0.9861	0.733663758802698	-4.65877918616337	0.757025492491694	6.12707464586074	10.7858538320241	1.18486316081777	0.13109727538338	1.18627702580315	2.24569864847107	2.11460137308769	0.537289408734843	0.563709594385783	-10.925121522986	0.514064198932148	11.8396968200332	22.7648183430192	0.0681	0.9707	1.97462753564385	-0.0660701807880602	1.9682882371171	4.11681653938429	4.18288672017235	0	NA	NA	NA	NA	NA	NA	1	-1.07973660010685	1.16583112561029	1	-0.62853719809177	0.395059009385053	1	-2.71835329994632	7.38944466332907	1	-1.30743535868826	1.70938721714829	1.00133806317913	4402.9669578818	0	1.00166345663643	12310.9438006406	0	NA	NA	NA	NA	NA	NA	NA	NA
902	7	7	benefit_positive_truncnorm	benefit_positive_truncnorm	continuous	1	waning	benefit	1	1	NA	2.49307733409579	5.35717868195798	1000	360	600	1000	1000	360	712	0.64	0.288	7.38785032935759	24	24	0	2	1	10	4	1	5000	2500	1	0.99	14	10000	101901	0.6731	0.9994	1.13294140739138	-3.9001701907359	1.17599595268643	6.02697627740769	9.92714646814358	1.8344109597885	0.730335603856029	1.83212475726963	2.92857579823273	2.1982401943767	0.611537617898662	1.49526332150815	-9.27564247810161	1.43152016594593	11.9762291324622	21.2518716105638	0.0882	0.9996	3.99250698110775	1.49870400439254	4.0177754416964	6.51220333318988	5.01349932879734	0	NA	NA	NA	NA	NA	NA	1	-1.3601359267044	1.84996973911205	1	-0.658666374307288	0.433841392643109	1	-3.86191536044982	14.9143902512783	1	-1.36467170085023	1.86232885110145	1.0014259180078	4764.79422391648	0	1.00225270320976	10468.4860307119	0	NA	NA	NA	NA	NA	NA	NA	NA
877	7	7	benefit_positive_truncnorm	benefit_positive_truncnorm	continuous	1	waning	benefit	1	1	NA	2.13021894326163	3.93343751859603	1000	360	600	1000	1000	360	715	0.64	0.285	7.32036703802887	24	24	0	2	1	10	4	1	5000	2500	1	0.99	14	10000	101876	0.8363	1	2.46500675440874	-2.54894509854102	2.51776563862264	7.15024161495928	9.69918671350031	2.34602750845276	1.29807502566703	2.33996351481894	3.42140178613286	2.12332676046583	0.766230888544206	3.5903008308386	-6.4913794024024	3.37023507578057	13.4381329678969	19.9295123702993	0.0974	1	3.9920933148989	2.11508733702802	3.88513060067523	6.42725782935502	4.312170492327	0	NA	NA	NA	NA	NA	NA	1	0.334787811147102	0.112082878492668	1	0.215808565191131	0.0465733368098547	1	-0.343136687757428	0.117742786485139	1	0.0586557963028715	0.00344050243992396	1.00154928730423	4472.4305936205	0	1.00252769959161	11931.5356237698	0	NA	NA	NA	NA	NA	NA	NA	NA
986	7	7	benefit_positive_truncnorm	benefit_positive_truncnorm	continuous	1	waning	benefit	1	1	NA	1.55843001646799	2.78199535996305	1000	360	600	1000	1000	360	705	0.64	0.295	7.15998610724292	24	24	0	2	1	10	4	1	5000	2500	1	0.99	14	10000	101985	0.7334	0.9993	1.59919466507665	-3.47274720322434	1.65371177706778	6.4703993161074	9.94314651933174	1.81116705856313	0.721494241894584	1.80450278006913	2.9002116268283	2.17871738493371	0.669278485145282	2.27380710332012	-8.22362741530119	2.12029167346863	12.6034419583083	20.8270693736095	0.0811	0.9981	3.44009341853802	1.20247271365648	3.4873375326753	5.5388039050683	4.33633119141182	0	NA	NA	NA	NA	NA	NA	1	0.0407646486086539	0.00166175657618703	1	0.252737042095134	0.0638760124469977	1	-0.508188256642933	0.258255304189783	1	0.658098058574971	0.433093054700145	1.00156211389216	4182.53453202932	0	1.00164993958489	14507.4700943314	0	NA	NA	NA	NA	NA	NA	NA	NA
897	7	7	benefit_positive_truncnorm	benefit_positive_truncnorm	continuous	1	waning	benefit	1	1	NA	1.14905006742064	1.9478392654164	1000	360	600	1000	1000	360	733	0.64	0.267	6.42143260949504	24	24	0	2	1	10	4	1	5000	2500	1	0.99	14	10000	101896	0.6303	0.9937	0.870423610848131	-4.2407965709833	0.897543027211495	5.9795035081681	10.2203000791514	1.3408745415408	0.27827513909291	1.34144991422832	2.39150505459521	2.1132299155023	0.594285714285714	1.21257820183663	-10.021425674889	1.10227599141355	11.9422538634007	21.9636795382897	0.055	0.9758	2.89055578324968	0.0311996234579385	2.96456382186926	5.39442394734267	5.36322432388473	0	NA	NA	NA	NA	NA	NA	1	-0.278626456572505	0.0776327023021497	1	0.191824474120165	0.0367966288714777	1	-0.735261063579768	0.540608831616452	1	0.942716517833281	0.888714432995708	1.00157428903419	4566.99603277349	0	1.00116792855059	13404.1243986422	0	NA	NA	NA	NA	NA	NA	NA	NA
871	7	7	benefit_positive_truncnorm	benefit_positive_truncnorm	continuous	1	waning	benefit	1	1	NA	2.0862093821462	3.80206212660744	1000	360	600	1000	1000	360	703	0.64	0.297	7.78995558640132	24	24	0	2	1	10	4	1	5000	2500	1	0.99	14	10000	101870	0.6971	0.9998	1.31129738320471	-3.86229640378049	1.3333697621071	6.2738907246292	10.1361871284097	1.98753739198468	0.916223162439119	1.98463727490311	3.05436389871876	2.13814073627964	0.620376522702104	1.5202208044009	-9.49845042343544	1.49989824123955	11.9378618376581	21.4363122610936	0.097	0.9996	4.32760021373514	1.92432988891755	4.22750833428557	6.96496285428742	5.04063296536987	0	NA	NA	NA	NA	NA	NA	1	-0.774911998941494	0.600488606103503	1	-0.0986719901615187	0.00973616164243485	1	-2.28184132220654	5.20679981972927	1	0.525538087127696	0.276190281021838	1.00243660733063	4488.86576127601	0	1.0015521256631	11282.8245140278	0	NA	NA	NA	NA	NA	NA	NA	NA
985	7	7	benefit_positive_truncnorm	benefit_positive_truncnorm	continuous	1	waning	benefit	1	1	NA	1.55506788581964	2.82703136355318	1000	360	600	1000	1000	360	687	0.64	0.313	6.47905556241144	24	24	0	2	1	10	4	1	5000	2500	1	0.99	14	10000	101984	0.6771	0.9999	1.21740075583312	-4.10224302339693	1.26098979595438	6.33381149083835	10.4360545142353	2.12938172214743	1.02676959602966	2.13035468008887	3.21876696915743	2.19199737312778	0.608307328096417	1.37883538477706	-9.99436145286383	1.30767410029577	12.4571046876626	22.4514661405264	0.0707	0.9976	4.49736422549819	1.25322112170768	4.43228863583591	7.97828489047178	6.7250637687641	0	NA	NA	NA	NA	NA	NA	1	-0.337667129986525	0.114019090673337	1	0.574313836327785	0.329836382597538	1	-1.44819597877612	2.09727159294333	1	1.67033286194501	2.79001186969339	1.00188123632686	4253.17572541977	0	1.00226741451525	13204.2573200752	0	NA	NA	NA	NA	NA	NA	NA	NA
873	7	7	benefit_positive_truncnorm	benefit_positive_truncnorm	continuous	1	waning	benefit	1	1	NA	2.04670677284951	3.8232647177104	1000	360	600	1000	1000	360	696	0.64	0.304	7.73218115159518	24	24	0	2	1	10	4	1	5000	2500	1	0.99	14	10000	101872	0.8168	1	2.35707079089005	-2.76152547538021	2.40064296533283	7.19556098493219	9.95708646031241	2.56900730554941	1.48399288026693	2.57068956170905	3.63324069540506	2.14924781513813	0.693223028105168	2.66552264890306	-8.06024704801926	2.52537092973952	12.8588837774036	20.9191308254229	0.1176	0.9986	3.73778080818989	1.25358535684911	3.67812243629286	6.52195172613759	5.26836636928848	0	NA	NA	NA	NA	NA	NA	1	0.310364018040534	0.0963258236942651	1	0.522300532699895	0.272797846458594	1	-1.15774206880734	1.34036669788629	1	-0.0854839095205131	0.00730749878691127	1.00139624070953	4628.5361747007	0	1.00092613479281	11030.2632466309	0	NA	NA	NA	NA	NA	NA	NA	NA
840	7	7	benefit_positive_truncnorm	benefit_positive_truncnorm	continuous	1	waning	benefit	1	1	NA	2.63710547269142	5.32197677913772	1000	360	600	1000	1000	360	680	0.64	0.32	8.37007263089932	24	24	0	2	1	10	4	1	5000	2500	1	0.99	14	10000	101839	0.8136	1	2.15561881230441	-2.66657987865876	2.17307763580932	6.66020547096466	9.32678534962342	3.11693001012903	2.04662966385439	3.11903785293946	4.1608758647945	2.11424620094011	0.695766892279454	2.42059536741382	-7.99332592597529	2.38184077102921	11.8998098884668	19.8931358144421	0.1283	1	7.24437380526551	4.40649024174116	7.29416552660855	9.79750083620369	5.39101059446252	0	NA	NA	NA	NA	NA	NA	1	-0.48148666038701	0.231829404130636	1	0.479824537437607	0.230231586727213	1	-2.9013814117239	8.41801409629699	1	1.92239702612779	3.69561032606497	1.00174514821564	4938.96388744741	0	1.00153820921146	13327.9758807646	0	NA	NA	NA	NA	NA	NA	NA	NA
962	7	7	benefit_positive_truncnorm	benefit_positive_truncnorm	continuous	1	waning	benefit	1	1	NA	1.86480534625729	3.626031346618	1000	360	600	1000	1000	360	753	0.64	0.247	7.0617980360784	24	24	0	2	1	10	4	1	5000	2500	1	0.99	14	10000	101961	0.4838	0.5228	-0.119467938283953	-4.91853877171773	-0.108923067555719	4.69986867514449	9.61840744686222	0.0338940428923154	-1.0214471597593	0.0321202613533345	1.0656932651572	2.0871404249165	0.461258950518329	-0.502591686260956	-11.0136873541239	-0.451700094924593	10.0409294218053	21.0546167759292	0.0643	0.5626	0.157060325435063	-1.8136334404191	0.1775577243038	2.04618534452506	3.85981878494416	0	NA	NA	NA	NA	NA	NA	1	-1.98427328454125	3.9373404677441	0	-1.83091130336498	3.35223620078964	1	-4.12862303287895	17.0455281476186	0	-3.46897102118293	12.033759945807	1.00144698728509	4895.59635621916	0	1.00225446982186	13446.2525745236	0	NA	NA	NA	NA	NA	NA	NA	NA
938	7	7	benefit_positive_truncnorm	benefit_positive_truncnorm	continuous	1	waning	benefit	1	1	NA	2.23963720430831	4.21542060338924	1000	360	600	1000	1000	360	706	0.64	0.294	7.42371513989183	24	24	0	2	1	10	4	1	5000	2500	1	0.99	14	10000	101937	0.7493	1	1.6854608493372	-3.33557463079276	1.72147236386338	6.53755139801386	9.87312602880662	2.03498588539966	0.982689274339974	2.03071119846637	3.1108295272098	2.12814025286983	0.657932244271461	2.10262158048182	-8.50834805313387	1.98387078122756	12.4026807637877	20.9110288169215	0.0879	0.9996	3.5430226598271	1.32136596810554	3.53661655593549	5.85356481024267	4.53219884213712	0	NA	NA	NA	NA	NA	NA	1	-0.554176354971113	0.307111432409069	1	-0.204651318908646	0.0418821623310484	1	-2.11279902290741	4.46391971119852	1	-0.672397943562136	0.452118994506589	1.00161453019545	4257.12437627643	0	1.00178549925059	10923.9591255526	0	NA	NA	NA	NA	NA	NA	NA	NA
857	7	7	benefit_positive_truncnorm	benefit_positive_truncnorm	continuous	1	waning	benefit	1	1	NA	1.49477254058025	3.00424874759149	1000	360	600	1000	1000	360	711	0.64	0.289	7.27184611307771	24	24	0	2	1	10	4	1	5000	2500	1	0.99	14	10000	101856	0.6881	0.9961	1.2524191944288	-3.64324161240702	1.27492771794229	6.16581962812861	9.80906124053563	1.46784211928786	0.37192016883267	1.46943289174079	2.56344605102289	2.19152588219022	0.628067484662577	1.67058148069954	-9.22230127778255	1.56975614014828	12.0955927196667	21.3178939974493	0.0872	0.9845	2.83088965502906	0.216104043456102	2.79029730972943	5.63884770298517	5.42274365952907	0	NA	NA	NA	NA	NA	NA	1	-0.242353346151444	0.0587351443908018	1	-0.0269304212923822	0.000725247590985193	1	-1.33366726689195	1.77866837877903	1	-0.173359092562424	0.0300533749740672	1.00130870279415	4438.03624761866	0	1.00185479773709	12587.5458439068	0	NA	NA	NA	NA	NA	NA	NA	NA
911	7	7	benefit_positive_truncnorm	benefit_positive_truncnorm	continuous	1	waning	benefit	1	1	NA	1.91724484251775	3.41577533724895	1000	360	600	1000	1000	360	710	0.64	0.29	7.07634242589484	24	24	0	2	1	10	4	1	5000	2500	1	0.99	14	10000	101910	0.7627	1	1.78390688097591	-3.29080739226157	1.83445786331626	6.57287435411397	9.86368174637554	2.40704619192412	1.33679736192371	2.41193607167865	3.47658255618499	2.13978519426129	0.714942528735632	2.81379786800194	-7.71435819581342	2.60896275457972	12.928697377434	20.6430555732474	0.0865	0.9998	4.34883869036993	1.68908363547761	4.30389938686931	7.17396670461915	5.48488306914154	0	NA	NA	NA	NA	NA	NA	1	-0.133337961541844	0.0177790119881343	1	0.489801349406373	0.239905361880304	1	-0.601977469247006	0.36237687348103	1	0.93306335312098	0.870607220937367	1.00168332064957	4393.04611108976	0	1.00164127914074	10704.8633722624	0	NA	NA	NA	NA	NA	NA	NA	NA
960	7	7	benefit_positive_truncnorm	benefit_positive_truncnorm	continuous	1	waning	benefit	1	1	NA	2.62409368535077	5.30992884498597	1000	360	600	1000	1000	360	675	0.64	0.325	8.04642357803134	24	24	0	2	1	10	4	1	5000	2500	1	0.99	14	10000	101959	0.7419	1	1.49264275255157	-3.31611964428684	1.57079720894515	6.0190548717667	9.33517451605354	2.74906462606712	1.68607563777326	2.7480688068165	3.79112975983676	2.1050541220635	0.617742476787113	1.51283807727411	-8.89391732800512	1.3271471680984	11.4440486638157	20.3379659918208	0.1061	1	5.27080635096007	2.76289884171051	5.20449510333791	8.16914888757033	5.40625004585982	0	NA	NA	NA	NA	NA	NA	1	-1.1314509327992	1.28018121333218	1	0.12497094071635	0.0156177360235296	1	-3.79709076771186	14.4178982982427	1	-0.0391224940259036	0.00153056953880686	1.00164367274382	4602.34485527077	0	1.00139982138691	12983.0454866802	0	NA	NA	NA	NA	NA	NA	NA	NA
892	7	7	benefit_positive_truncnorm	benefit_positive_truncnorm	continuous	1	waning	benefit	1	1	NA	1.53295610019032	3.11809315029466	1000	360	600	1000	1000	360	719	0.64	0.281	6.99409054123882	24	24	0	2	1	10	4	1	5000	2500	1	0.99	14	10000	101891	0.545	0.7507	0.24746544409607	-5.16729152056609	0.292584218749276	5.50039967876926	10.6676911993354	0.367779788468021	-0.684815406074031	0.369132613647729	1.45059599807125	2.13541140414528	0.534587774635632	0.480325250733943	-11.1096751888746	0.498535639786883	11.4692594703605	22.5789346592351	0.0806	0.8673	1.11626687668204	-0.807506146070605	1.09678532818661	3.3347437505525	4.1422498966231	0	NA	NA	NA	NA	NA	NA	1	-1.28549065609425	1.65248622690562	0	-1.1651763117223	1.35763583739878	1	-2.63776789956071	6.95781949195294	1	-2.00182627361261	4.00730842972576	1.00204036658693	4556.21101531423	0	1.00169372036396	14587.3895330964	0	NA	NA	NA	NA	NA	NA	NA	NA
898	7	7	benefit_positive_truncnorm	benefit_positive_truncnorm	continuous	1	waning	benefit	1	1	NA	2.00829264737896	3.88017536016698	1000	360	600	1000	1000	360	720	0.64	0.28	7.03803772764121	24	24	0	2	1	10	4	1	5000	2500	1	0.99	14	10000	101897	0.7201	1	1.48233404992382	-3.6334122550079	1.51596489265395	6.27112836119533	9.90454061620322	1.98213883091043	0.891749014415869	1.97963992588992	3.06845557169414	2.17670655727827	0.681813180767961	2.37976466475895	-8.61278297442391	2.31198594423361	12.6387813266387	21.2515643010626	0.0911	0.9773	3.17324164693871	0.06330213149641	3.06255330044475	6.62885525479814	6.56555312330173	0	NA	NA	NA	NA	NA	NA	1	-0.525958597455142	0.27663244623698	1	-0.0261538164685298	0.000684022115869539	1	-1.50041069540803	2.25123225489481	1	-0.706933713228274	0.499755274898716	1.00181369294359	4173.20085013259	0	1.0013285430872	12841.9612156339	0	NA	NA	NA	NA	NA	NA	NA	NA
854	7	7	benefit_positive_truncnorm	benefit_positive_truncnorm	continuous	1	waning	benefit	1	1	NA	2.88837744416577	5.83711815828825	1000	360	600	1000	1000	360	710	0.64	0.29	7.73472460504034	24	24	0	2	1	10	4	1	5000	2500	1	0.99	14	10000	101853	0.7549	1	1.79259095149429	-3.3576698046321	1.82141806068398	6.70106982886792	10.0587396335	2.6366304022227	1.5663135721728	2.64567387524877	3.6940856807847	2.1277721086119	0.659197324414716	2.1526834618828	-8.66702643163415	1.98290865683786	12.6066150965079	21.2736415281421	0.103	1	5.1407147204952	3.30846612932684	5.17908210591199	6.88334476067994	3.57487863135311	0	NA	NA	NA	NA	NA	NA	1	-1.09578649267148	1.20074803752126	1	-0.251747041943063	0.0633765731270822	1	-3.68443469640545	13.5750590320763	1	-0.696403437793057	0.484977748169988	1.00214937858889	4232.47834294313	0	1.00139560888035	10522.880743681	0	NA	NA	NA	NA	NA	NA	NA	NA
856	7	7	benefit_positive_truncnorm	benefit_positive_truncnorm	continuous	1	waning	benefit	1	1	NA	1.9901177510729	3.79441679785316	1000	360	600	1000	1000	360	728	0.64	0.272	6.87446592137965	24	24	0	2	1	10	4	1	5000	2500	1	0.99	14	10000	101855	0.6616	0.9998	1.10899080490379	-4.25691894529718	1.12265415952706	6.31260701834892	10.5695259636461	1.81675720065542	0.749773624014923	1.81488717532978	2.8999294803307	2.15015585631578	0.592740628713406	1.30229249793955	-10.0217658343536	1.19268393709929	12.1417944837323	22.1635603180859	0.0743	0.9947	2.93495099482374	0.658418320442386	2.95355004777589	5.17484035894787	4.51642203850548	0	NA	NA	NA	NA	NA	NA	1	-0.881126946169109	0.776384695265301	1	-0.173360550417478	0.0300538804410509	1	-2.49212429991361	6.21068352621991	1	-0.859465803029418	0.738681466577002	1.00178620666867	4160.9225520756	0	1.00155454247339	12822.8295419646	0	NA	NA	NA	NA	NA	NA	NA	NA
893	7	7	benefit_positive_truncnorm	benefit_positive_truncnorm	continuous	1	waning	benefit	1	1	NA	2.29442505175738	4.4130588537872	1000	360	600	1000	1000	360	698	0.64	0.302	8.21194982176661	24	24	0	2	1	10	4	1	5000	2500	1	0.99	14	10000	101892	0.8325	1	2.28475697720758	-2.33930196448947	2.33370187004859	6.68213559692448	9.02143756141394	2.3239256365912	1.25869951149463	2.32079936776986	3.38741797822178	2.12871846672715	0.747521932323117	3.17089677983256	-6.96060515078485	3.13418591764369	12.7666434995698	19.7272486503546	0.1223	0.9996	4.18911019972682	1.61504582247754	4.21851149279378	6.63106639526554	5.016020572788	0	NA	NA	NA	NA	NA	NA	1	-0.00966807454980012	9.34716655004928e-05	1	0.0295005848338228	0.000870284505537575	1	-1.24216207395463	1.54296661797127	1	-0.223948654060375	0.0501529996554534	1.00169423800477	4798.03938952927	0	1.00163852648116	10850.4641261445	0	NA	NA	NA	NA	NA	NA	NA	NA
859	7	7	benefit_positive_truncnorm	benefit_positive_truncnorm	continuous	1	waning	benefit	1	1	NA	1.51845636999178	2.81987921479681	1000	360	600	1000	1000	360	711	0.64	0.289	6.52621443479627	24	24	0	2	1	10	4	1	5000	2500	1	0.99	14	10000	101858	0.7326	1	1.65453862020429	-3.61452766405178	1.6442650432308	6.84528436802882	10.4598120320806	2.4187569651177	1.31058334732082	2.42309564766082	3.53127553711992	2.2206921897991	0.669610165841051	2.33997052340561	-8.76222862139625	2.19713505892508	13.0437876673194	21.8060162887157	0.0714	0.999	3.91267819121377	1.31373649132415	3.95955933052682	6.46461281939294	5.15087632806879	0	NA	NA	NA	NA	NA	NA	1	0.136082250212507	0.0185183788228992	1	0.900300595125915	0.810541161584077	1	-0.479908691391204	0.230312352072818	1	1.09279897641696	1.19420960285797	1.00093147183873	4382.12034695926	0	1.00179779483744	11321.1493271596	0	NA	NA	NA	NA	NA	NA	NA	NA
858	7	7	benefit_positive_truncnorm	benefit_positive_truncnorm	continuous	1	waning	benefit	1	1	NA	2.26795820304387	4.5917559545477	1000	360	600	1000	1000	360	681	0.64	0.319	7.55571866930623	24	24	0	2	1	10	4	1	5000	2500	1	0.99	14	10000	101857	0.7358	0.9998	1.6243781219957	-3.41828422246446	1.66412124479375	6.54719524576223	9.96547946822669	1.92853333631862	0.852356293125628	1.93058924796949	3.02469017435503	2.1723338812294	0.635271878127432	1.8463882594895	-8.833544973529	1.69332568265884	12.2780664513244	21.1116114248534	0.1007	0.9944	3.69087635952719	0.885582071615231	3.69740682989036	6.6281627841336	5.74258071251837	0	NA	NA	NA	NA	NA	NA	1	-0.643580081048162	0.414195320721959	1	-0.339424866725244	0.115209240151449	1	-2.7453676950582	7.53704378106917	1	-0.900879595020503	0.811584044724305	1.00160748657975	4541.09753526527	0	1.0016729868238	12381.1941368429	0	NA	NA	NA	NA	NA	NA	NA	NA
847	7	7	benefit_positive_truncnorm	benefit_positive_truncnorm	continuous	1	waning	benefit	1	1	NA	1.1738050794981	2.43114264045282	1000	360	600	1000	1000	360	694	0.64	0.306	7.13010738403743	24	24	0	2	1	10	4	1	5000	2500	1	0.99	14	10000	101846	0.6387	0.9932	0.87076087215471	-4.10382118203971	0.901496499483221	5.66609661057315	9.76991779261285	1.39346032756544	0.307010201159062	1.39139449121453	2.4716528912179	2.16464269005884	0.606635071090047	1.38358140624002	-9.45515322541776	1.27305737223763	11.8948949065362	21.3500481319539	0.0716	0.9854	3.00208480819676	0.256365568573812	2.91759574333916	6.04724703873964	5.79088147016582	0	NA	NA	NA	NA	NA	NA	1	-0.303044207343394	0.091835791604386	1	0.219655248067337	0.0482484280035234	1	-1.0475612342128	1.09738453942545	1	0.570942167743939	0.325974958908148	1.00145825272751	4418.94434699171	0	1.00172729000889	10230.0847173463	0	NA	NA	NA	NA	NA	NA	NA	NA
845	7	7	benefit_positive_truncnorm	benefit_positive_truncnorm	continuous	1	waning	benefit	1	1	NA	1.60955801304968	2.83121277902607	1000	360	600	1000	1000	360	720	0.64	0.28	6.60447495339603	24	24	0	2	1	10	4	1	5000	2500	1	0.99	14	10000	101844	0.6638	0.9995	1.11759579942114	-4.16270725935531	1.11396606789724	6.30799424431143	10.4707015036667	1.67705244329373	0.599198645392979	1.67027588388503	2.75463403189154	2.15543538649856	0.597094637897885	1.32849952789571	-9.92146350748849	1.24174177370169	12.2744320486754	22.1958955561638	0.0638	0.9928	3.15747600781234	0.564685885273005	3.128426242447	5.8896086068606	5.3249227215876	0	NA	NA	NA	NA	NA	NA	1	-0.491962213628543	0.242026819638296	1	0.0674944302440472	0.00455549811396856	1	-1.50271325113037	2.2581471151228	1	0.326263228786261	0.106447694458036	1.00165173650657	4579.12961842365	0	1.00183237681202	11706.1050702615	0	NA	NA	NA	NA	NA	NA	NA	NA
904	7	7	benefit_positive_truncnorm	benefit_positive_truncnorm	continuous	1	waning	benefit	1	1	NA	1.67101863762778	2.95101319599722	1000	360	600	1000	1000	360	718	0.64	0.282	7.27795599149151	24	24	0	2	1	10	4	1	5000	2500	1	0.99	14	10000	101903	0.7599	0.9999	1.75455408600715	-3.08340966038097	1.81068486366348	6.39573737463605	9.47914703501702	2.04636490046957	0.970197937365015	2.04053374394994	3.10955914646882	2.13936120910381	0.730872411202919	2.96194964286394	-7.15977296827099	2.74938915432988	13.0239519585267	20.1837249267977	0.0681	0.9988	3.79590566429121	1.30842610246882	3.83348566598752	6.03310503490067	4.72467893243185	0	NA	NA	NA	NA	NA	NA	1	0.0835354483793738	0.00697817113594302	1	0.375346262841793	0.1408848170293	1	0.0109364468667272	0.000119605870068748	1	0.844892468293994	0.713843282979918	1.00167485589133	4473.55495030956	0	1.00109788988923	11893.2215963334	0	NA	NA	NA	NA	NA	NA	NA	NA
976	7	7	benefit_positive_truncnorm	benefit_positive_truncnorm	continuous	1	waning	benefit	1	1	NA	1.81370889601151	3.41708369311065	1000	360	600	1000	1000	360	710	0.64	0.29	6.4516828532487	24	24	0	2	1	10	4	1	5000	2500	1	0.99	14	10000	101975	0.6434	0.9865	0.929537380694905	-4.15912453317252	0.944619613202475	6.10190129192037	10.2610258250929	1.24674007348203	0.131604528938084	1.24264552493526	2.32668957236934	2.19508504343126	0.572863778762018	1.0381291714556	-10.3224392593478	0.92758811004431	12.1318457485972	22.454285007945	0.0743	0.9613	1.9773308934874	-0.204124365591185	1.90674513877666	4.53844532942824	4.74256969501942	0	NA	NA	NA	NA	NA	NA	1	-0.884171515316602	0.781759268497257	1	-0.566968822529478	0.321453645720462	1	-2.37895452165504	5.65942461610297	1	-1.43975279962325	2.07288812402299	1.00135923009064	4331.86966968667	0	1.00156750236266	6211.35233870347	0	NA	NA	NA	NA	NA	NA	NA	NA
956	7	7	benefit_positive_truncnorm	benefit_positive_truncnorm	continuous	1	waning	benefit	1	1	NA	1.96154024016335	3.75637753479579	1000	360	600	1000	1000	360	692	0.64	0.308	7.7850291904566	24	24	0	2	1	10	4	1	5000	2500	1	0.99	14	10000	101955	0.7253	0.9993	1.54796390598704	-3.53942665239926	1.59700324418103	6.43006784095765	9.96949449335691	1.7321933265495	0.66972816264824	1.72358247300969	2.80992203319486	2.14019387054662	0.619153923428954	1.6608435691807	-9.20440981852137	1.46799463819248	12.0257013046985	21.2301111232199	0.1041	0.9936	3.1778605231966	0.733550727113741	3.12067924818728	5.99625316382894	5.2627024367152	0	NA	NA	NA	NA	NA	NA	1	-0.413576334176316	0.17104538419072	1	-0.229346913613852	0.0526000067841999	1	-2.09553396561509	4.39126260104652	1	-0.578517011599186	0.334681932709652	1.00141758010396	4851.11978329434	0	1.00245820276039	12932.5896614167	0	NA	NA	NA	NA	NA	NA	NA	NA
954	7	7	benefit_positive_truncnorm	benefit_positive_truncnorm	continuous	1	waning	benefit	1	1	NA	2.39585927107452	4.59660953917485	1000	360	600	1000	1000	360	705	0.64	0.295	7.87132860908518	24	24	0	2	1	10	4	1	5000	2500	1	0.99	14	10000	101953	0.7149	0.9999	1.43680404163815	-3.72774867756336	1.4697590053637	6.3686857389059	10.0964344164693	2.13556380041495	1.06054206951111	2.13979183781699	3.18540325206899	2.12486118255789	0.615566037735849	1.57186545789502	-9.65333534968442	1.57265802698316	12.0088397779817	21.6621751276661	0.1096	0.9996	4.28051186190022	1.98077502213942	4.21130395255489	6.89114627125181	4.91037124911238	0	NA	NA	NA	NA	NA	NA	1	-0.959055229436368	0.919786933109244	1	-0.260295470659567	0.0677537320458853	1	-3.02474408127983	9.14907675723736	1	-0.316097677274631	0.0999177415784168	1.0015573857587	4464.01049229481	0	1.00231634015461	10816.9294280486	0	NA	NA	NA	NA	NA	NA	NA	NA
955	7	7	benefit_positive_truncnorm	benefit_positive_truncnorm	continuous	1	waning	benefit	1	1	NA	1.7921574214527	3.36889598942327	1000	360	600	1000	1000	360	736	0.64	0.264	6.56202789579287	24	24	0	2	1	10	4	1	5000	2500	1	0.99	14	10000	101954	0.7782	0.9999	2.10687632991586	-3.20485829509473	2.13466930095332	7.26510389262029	10.469962187715	2.01762640344141	0.96493687392228	2.02451731789403	3.04599915204061	2.08106227811833	0.694951897092206	2.76289373947044	-7.94019002865971	2.56715010606803	13.2324394544748	21.1726294831345	0.0749	0.9978	2.95369385425147	0.899405772781376	2.92230887616922	5.18482894588498	4.2854231731036	0	NA	NA	NA	NA	NA	NA	1	0.314718908463156	0.0990479913442406	1	0.225468981988711	0.0508362618390257	1	-0.606002249952831	0.367238726947894	1	-0.415202135171802	0.172392813051224	1.00123747326661	4143.93421942945	0	1.00129521724289	12696.1846063502	0	NA	NA	NA	NA	NA	NA	NA	NA
964	7	7	benefit_positive_truncnorm	benefit_positive_truncnorm	continuous	1	waning	benefit	1	1	NA	2.22162633976969	4.22013859546816	1000	360	600	1000	1000	360	705	0.64	0.295	7.90655911780711	24	24	0	2	1	10	4	1	5000	2500	1	0.99	14	10000	101963	0.7122	0.9999	1.43380575113853	-3.76604524658789	1.48693423275852	6.40996540598834	10.1760106525762	2.12093587314474	1.04625043341443	2.12460278536152	3.16781580059186	2.12156536717743	0.628140137433818	1.7129068381614	-9.30427733654075	1.7557746264778	12.2079487979147	21.5122261344555	0.1123	0.9997	4.47939786046311	2.25869538917216	4.37983972964494	7.18764677286149	4.92895138368933	0	NA	NA	NA	NA	NA	NA	1	-0.787820588631162	0.620661279871151	1	-0.100690466624958	0.0101385700691519	1	-2.50723175730676	6.28621108484752	1	0.259259264994952	0.0672153664857229	1.00192007677982	4693.81579123449	0	1.00178433568382	10938.8383911016	0	NA	NA	NA	NA	NA	NA	NA	NA
972	7	7	benefit_positive_truncnorm	benefit_positive_truncnorm	continuous	1	waning	benefit	1	1	NA	1.98850283416908	3.33415828530856	1000	360	600	1000	1000	360	742	0.64	0.258	7.21277897526767	24	24	0	2	1	10	4	1	5000	2500	1	0.99	14	10000	101971	0.6646	0.9772	1.06380819001762	-3.80242379158869	1.10053364732516	5.79879119912446	9.60121499071315	1.05649342348253	0.0220147659416835	1.05728627073374	2.08895798374059	2.0669432177989	0.619386873920553	1.5263314342854	-8.9772528463654	1.38630146892175	12.0314330427147	21.0086858890801	0.0736	0.9554	1.52877839041968	-0.224563526453215	1.52933314146413	3.25703005822345	3.48159358467667	0	NA	NA	NA	NA	NA	NA	1	-0.924694644151461	0.855060184922397	1	-0.932009410686553	0.868641541608296	1	-1.80782685102316	3.26823792328032	0	-1.80537989488888	3.25939656486899	1.00131829249174	4444.00956287897	0	1.0014563553706	12117.1927830886	0	NA	NA	NA	NA	NA	NA	NA	NA
970	7	7	benefit_positive_truncnorm	benefit_positive_truncnorm	continuous	1	waning	benefit	1	1	NA	2.39013581800699	4.55179424295659	1000	360	600	1000	1000	360	746	0.64	0.254	7.23622258901774	24	24	0	2	1	10	4	1	5000	2500	1	0.99	14	10000	101969	0.7628	1	1.82098169513684	-3.13020566051783	1.89779162910649	6.66702547982361	9.79723114034145	2.1442401523182	1.10577163027125	2.14385339998077	3.17880102157749	2.07302939130624	0.685533906607162	2.42165484331046	-8.13264468549168	2.26372284263402	12.3514842449282	20.4841289304199	0.0813	1	3.91843080442185	1.97583521106253	3.8989979524328	5.93618905151058	3.96035384044805	0	NA	NA	NA	NA	NA	NA	1	-0.569154122870154	0.323936415580095	1	-0.245895665688793	0.0604646784045346	1	-2.13013939964613	4.53749386192478	1	-0.633363438534738	0.401149245272547	1.00149029090583	4513.60048618294	0	1.0015609849906	10582.91070147	0	NA	NA	NA	NA	NA	NA	NA	NA
855	7	7	benefit_positive_truncnorm	benefit_positive_truncnorm	continuous	1	waning	benefit	1	1	NA	1.42323425849739	2.59842473234346	1000	360	600	1000	1000	360	718	0.64	0.282	7.37823707990141	24	24	0	2	1	10	4	1	5000	2500	1	0.99	14	10000	101854	0.6986	0.9962	1.26396148135072	-3.70013983198043	1.31687131157238	5.96228215920686	9.66242199118729	1.40005125045531	0.330873885261375	1.40441432125362	2.4791057836902	2.14823189842882	0.620875494940607	1.62298257005428	-9.01809896429993	1.49533508929061	11.9713972052439	20.9894961695438	0.0908	0.9981	3.04943990992711	0.978301077126616	3.05204388729367	5.13520648823618	4.15690541110956	0	NA	NA	NA	NA	NA	NA	1	-0.159272777146667	0.0253678175400117	1	-0.0231830080420841	0.000537451861879334	1	-0.975442162289182	0.951487411971395	1	0.45101517758365	0.203414690410811	1.00105168791383	4671.20429548628	0	1.00151517190383	10236.0290054584	0	NA	NA	NA	NA	NA	NA	NA	NA
890	7	7	benefit_positive_truncnorm	benefit_positive_truncnorm	continuous	1	waning	benefit	1	1	NA	1.85877083893786	3.52955871640339	1000	360	600	1000	1000	360	704	0.64	0.296	7.2382944083399	24	24	0	2	1	10	4	1	5000	2500	1	0.99	14	10000	101889	0.6507	0.9999	0.959823873746104	-4.01788452705386	1.00417181327185	5.80904576633464	9.82693029338849	1.88336029900081	0.798211672513818	1.88833889965733	2.93570576616898	2.13749409365516	0.612702908813596	1.4712683233288	-9.32121344746598	1.38061496091388	12.0315896104216	21.3528030578876	0.0821	0.999	3.81098303900866	1.40579417327213	3.7975591192492	6.16177855576174	4.75598438248961	0	NA	NA	NA	NA	NA	NA	1	-0.898946965191756	0.808105646227468	1	0.0245894600629535	0.000604641546187584	1	-2.05829039307459	4.23655934222315	1	0.28142432260527	0.0791996493538351	1.00161463341338	4407.73285940524	0	1.00268132283362	11437.2233563118	0	NA	NA	NA	NA	NA	NA	NA	NA
908	7	7	benefit_positive_truncnorm	benefit_positive_truncnorm	continuous	1	waning	benefit	1	1	NA	2.05683623333193	4.28983459629004	1000	360	600	1000	1000	360	707	0.64	0.293	7.30172199992572	24	24	0	2	1	10	4	1	5000	2500	1	0.99	14	10000	101907	0.73	1	1.58701943603072	-3.4895547825659	1.6453685240747	6.49016902445115	9.97972380701705	2.14653044317228	1.0518634418236	2.14944379085938	3.23894873203852	2.18708529021491	0.685425368212794	2.45561826275965	-8.30144433999194	2.30439337951066	12.6670791995361	20.9685235395281	0.0902	0.9994	4.06761010610123	1.39403786850027	3.96093227011103	7.317440208845	5.92340234034473	0	NA	NA	NA	NA	NA	NA	1	-0.469816797301202	0.220727823026358	1	0.0896942098403519	0.00804505127888508	1	-1.83421633353039	3.36434955818967	1	-0.222224490188808	0.0493837240396758	1.00182363403502	4595.36420361953	0	1.00214847818227	11975.3375609879	0	NA	NA	NA	NA	NA	NA	NA	NA
980	7	7	benefit_positive_truncnorm	benefit_positive_truncnorm	continuous	1	waning	benefit	1	1	NA	2.12315009261978	3.96480070210909	1000	360	600	1000	1000	360	710	0.64	0.29	7.81071109451067	24	24	0	2	1	10	4	1	5000	2500	1	0.99	14	10000	101979	0.7337	0.9991	1.64138691569833	-3.52259474400289	1.71900839435216	6.60616509867807	10.128759842681	1.68951139512998	0.619661956607483	1.68789347293816	2.76143232081919	2.14177036421171	0.644547093285264	1.90801757426702	-9.10578969444562	1.83406766921708	12.324260823478	21.4300505179236	0.1124	0.9993	3.53778591427235	1.35492678315144	3.63758035349158	5.31080133292291	3.95587454977146	0	NA	NA	NA	NA	NA	NA	1	-0.481763176921452	0.23209575863745	1	-0.433638697489799	0.188042519960649	1	-2.05678312784208	4.23035683497583	1	-0.427014787836743	0.182341629031259	1.00192767822091	4783.46986285852	0	1.00190186623352	11708.1966814776	0	NA	NA	NA	NA	NA	NA	NA	NA
907	7	7	benefit_positive_truncnorm	benefit_positive_truncnorm	continuous	1	waning	benefit	1	1	NA	1.6905608388113	3.02260107610955	1000	360	600	1000	1000	360	686	0.64	0.314	7.00022883010243	24	24	0	2	1	10	4	1	5000	2500	1	0.99	14	10000	101906	0.8092	1	2.47952592670262	-3.10084489069701	2.57349764835323	7.6247257268108	10.7255706175078	2.01328511932941	0.909114104449067	2.00853378526831	3.14560243196026	2.2364883275112	0.853373058097468	4.39239790271552	-6.34394753191093	4.14055027463074	14.3006990704198	20.6446466023308	0.0602	0.9999	5.21431172617815	2.1182300197513	5.23674142340115	8.3143793325113	6.19614931276	0	NA	NA	NA	NA	NA	NA	1	0.788965087891315	0.62246590991135	1	0.322724280518113	0.104150961235934	1	1.36979682660597	1.87634334617979	1	2.1917106500686	4.80359557362413	1.00192433922686	4542.56236209408	0	1.00182604624232	14096.8404793035	0	NA	NA	NA	NA	NA	NA	NA	NA
867	7	7	benefit_positive_truncnorm	benefit_positive_truncnorm	continuous	1	waning	benefit	1	1	NA	2.39778456765646	4.90146522302312	1000	360	600	1000	1000	360	685	0.64	0.315	7.30769210517909	24	24	0	2	1	10	4	1	5000	2500	1	0.99	14	10000	101866	0.7564	1	1.79022176731018	-3.34069748347471	1.83685045804764	6.64980814063758	9.99050562411229	2.99865535012409	1.90656948163662	2.99707561775565	4.09042986182545	2.18386038018883	0.686209193870753	2.46795965754396	-7.87317955460149	2.3238596558165	12.6802449433903	20.5534244979917	0.0994	1	7.83048261154656	5.5734471414576	7.90704320880784	9.77058010264699	4.19713296118939	0	NA	NA	NA	NA	NA	NA	1	-0.607562800346283	0.369132556364618	1	0.600870782467628	0.361045697223259	1	-2.43350556547916	5.92194933721804	0	2.92901738852345	8.57914286227271	1.00133466007436	4463.6861613092	0	1.00135410193421	11775.3540037188	0	NA	NA	NA	NA	NA	NA	NA	NA
865	7	7	benefit_positive_truncnorm	benefit_positive_truncnorm	continuous	1	waning	benefit	1	1	NA	1.99067965018173	3.91929165705632	1000	360	600	1000	1000	360	720	0.64	0.28	6.89315951134688	24	24	0	2	1	10	4	1	5000	2500	1	0.99	14	10000	101864	0.6476	0.9908	1.0360908080898	-4.36631638946461	1.05744388331417	6.25556447176127	10.6218808612259	1.31151630020067	0.217951359513383	1.31308202311065	2.36308150406749	2.14513014455411	0.593227744401966	1.28516813579134	-9.9596293468008	1.16127597986907	12.3972228003753	22.3568521471761	0.0845	0.9778	2.00357279519117	0.0500540879454174	1.99525444593161	4.01021925565036	3.96016516770494	0	NA	NA	NA	NA	NA	NA	1	-0.954588842091924	0.911239857446401	1	-0.679163349981055	0.461262855957489	1	-2.63412352126498	6.9386067252814	1	-1.91571886186515	3.66997875770589	1.00179220810781	4150.06945135486	0	1.00155569678246	11958.5433216457	0	NA	NA	NA	NA	NA	NA	NA	NA
846	7	7	benefit_positive_truncnorm	benefit_positive_truncnorm	continuous	1	waning	benefit	1	1	NA	1.90996806228689	3.66110037943563	1000	360	600	1000	1000	360	710	0.64	0.29	8.31150211244805	24	24	0	2	1	10	4	1	5000	2500	1	0.99	14	10000	101845	0.7639	0.9999	1.73822413922536	-3.0972552201646	1.80286446976607	6.27573924349795	9.37299446366254	2.1836459787626	1.09356341897983	2.17956817299696	3.24987226236161	2.15630884338179	0.637257142857143	1.75683262452438	-8.62296618684448	1.68858227237749	11.5382792784142	20.1612454652587	0.125	0.9991	3.3574005393821	1.20372070072407	3.31372100777299	5.7266846335155	4.52296393279143	0	NA	NA	NA	NA	NA	NA	1	-0.171743923061533	0.0294959751085658	1	0.273677916475707	0.0748996019664843	1	-1.90426775491124	3.6262356823947	1	-0.303699840053524	0.0922335928485358	1.00150977350558	4508.99512025157	0	1.00255064002206	12729.3795938375	0	NA	NA	NA	NA	NA	NA	NA	NA
977	7	7	benefit_positive_truncnorm	benefit_positive_truncnorm	continuous	1	waning	benefit	1	1	NA	2.42736005924112	4.65958208901596	1000	360	600	1000	1000	360	720	0.64	0.28	7.3764834642012	24	24	0	2	1	10	4	1	5000	2500	1	0.99	14	10000	101976	0.8128	1	2.24697138967899	-2.74384484641957	2.30529106189192	6.85683409879573	9.60067894521529	2.97836914101321	1.93228251519394	2.98057010794437	3.99927722499346	2.06699470979952	0.746542759154774	3.24172786864468	-7.10379055361672	3.10106152883104	13.0899246190981	20.1937151727149	0.0961	1	5.08904669822728	2.97520882064878	5.0912038943612	7.1644128654503	4.18920404480153	0	NA	NA	NA	NA	NA	NA	1	-0.180388669562136	0.0325400721063974	1	0.551009081772085	0.303611008195316	1	-1.41785422037128	2.01031059022465	1	0.429464609211317	0.184439850565029	1.00175279621042	4311.8901008445	0	1.001002454821	12357.9930882681	0	NA	NA	NA	NA	NA	NA	NA	NA
965	7	7	benefit_positive_truncnorm	benefit_positive_truncnorm	continuous	1	waning	benefit	1	1	NA	2.28813370682448	4.00624322766012	1000	360	600	1000	1000	360	708	0.64	0.292	6.97111010640832	24	24	0	2	1	10	4	1	5000	2500	1	0.99	14	10000	101964	0.7776	1	2.14892149157281	-3.40009878123412	2.2092026447986	7.43269082077326	10.8327896020074	3.07049342862854	1.9963152690398	3.0664116412908	4.17376869856119	2.17745342952139	0.675582685904551	2.53296719042675	-8.9909770517025	2.42631748939095	13.1993297050608	22.1903067567633	0.099	1	6.21383826403523	3.50755552491378	6.00788777185515	9.31193500309749	5.80437947818371	0	NA	NA	NA	NA	NA	NA	1	-0.139212215251666	0.0193800408752763	1	0.78235972180406	0.612086734301326	1	-1.47327603723337	2.17054228188608	1	2.2075950363751	4.873475844628	1.00103531535721	4514.84419616906	0	1.00207507686075	13946.5836199898	0	NA	NA	NA	NA	NA	NA	NA	NA
996	7	7	benefit_positive_truncnorm	benefit_positive_truncnorm	continuous	1	waning	benefit	1	1	NA	2.02749022234118	4.03230287408955	1000	360	600	1000	1000	360	723	0.64	0.277	7.64999305119315	24	24	0	2	1	10	4	1	5000	2500	1	0.99	14	10000	101995	0.6602	0.9965	1.04081044837577	-4.0979798705179	1.05941325533	6.04278293023346	10.1407628007514	1.40017443435446	0.370895235743112	1.39378313441177	2.43847869852452	2.0675834627814	0.592890160686771	1.2411195115218	-9.81369220360481	1.1306673117083	11.7775644544636	21.5912566580684	0.0914	0.9926	2.50846904122833	0.52495798641066	2.49359658719147	4.5832547883036	4.05829680189294	0	NA	NA	NA	NA	NA	NA	1	-0.986679773965408	0.973536976352428	1	-0.627315787986721	0.393525097857401	1	-2.79118336256775	7.79070456347499	1	-1.52383383286122	2.32206955017251	1.00103793570165	4659.18483802618	0	1.0019099137883	15251.0644844321	0	NA	NA	NA	NA	NA	NA	NA	NA
939	7	7	benefit_positive_truncnorm	benefit_positive_truncnorm	continuous	1	waning	benefit	1	1	NA	1.92927057152414	3.87271739259252	1000	360	600	1000	1000	360	706	0.64	0.294	6.63226367616692	24	24	0	2	1	10	4	1	5000	2500	1	0.99	14	10000	101938	0.7857	1	2.20084115658559	-3.29372594083769	2.23274350526189	7.48901737962541	10.7827433204631	2.8371614839517	1.76005026664416	2.84212221192634	3.89176867577537	2.13171840913121	0.715955007098395	3.02514471770308	-7.84679218077304	2.8558792953387	13.6397207168379	21.486512897611	0.0843	1	5.55095062264982	3.34101302869668	5.48010993019417	8.14241187216649	4.80139884346981	0	NA	NA	NA	NA	NA	NA	1	0.27157058506145	0.0737505826706185	1	0.907890912427554	0.824265908868536	1	-0.847572674889441	0.718379439219242	1	1.67823323005731	2.81646677446858	1.00163505720407	4793.73081122123	0	1.00189389130343	12778.2854089616	0	NA	NA	NA	NA	NA	NA	NA	NA
910	7	7	benefit_positive_truncnorm	benefit_positive_truncnorm	continuous	1	waning	benefit	1	1	NA	1.43638563236854	2.90593532634326	1000	360	600	1000	1000	360	736	0.64	0.264	6.40377773750335	24	24	0	2	1	10	4	1	5000	2500	1	0.99	14	10000	101909	0.7041	0.9994	1.45411770467776	-3.79201468929063	1.52394486858173	6.50627211565022	10.2982868049409	1.72139017407434	0.672046143743359	1.72247666937375	2.79361536782597	2.12156922408261	0.657627842425537	2.15968812785728	-8.87217589745649	2.02706739136036	12.7894132876423	21.6615891850988	0.0633	0.9985	3.19060167590312	1.07428240741477	3.21109612090998	5.1229785873659	4.04869617995112	0	NA	NA	NA	NA	NA	NA	1	0.01773207230922	0.000314426388379408	1	0.285004541705801	0.0812275887929337	1	-0.746247198485984	0.55688488124818	1	0.284666349559863	0.0810349305717381	1.00167699885513	4370.9490425949	0	1.00147474694204	12409.0807052525	0	NA	NA	NA	NA	NA	NA	NA	NA
967	7	7	benefit_positive_truncnorm	benefit_positive_truncnorm	continuous	1	waning	benefit	1	1	NA	1.83420642553885	3.62623003329951	1000	360	600	1000	1000	360	735	0.64	0.265	6.5531761839636	24	24	0	2	1	10	4	1	5000	2500	1	0.99	14	10000	101966	0.6207	0.9928	0.80978700557693	-4.4585121127318	0.836633008722859	6.0334989025955	10.4920110153273	1.31546845102346	0.25326145395972	1.31207664061899	2.37637697510006	2.12311552114034	0.570938705529361	0.94537978781996	-10.2434786248725	0.885515314118618	12.0024224533666	22.245901078239	0.0668	0.9683	2.11350312144363	-0.128158016752118	2.10299272698486	4.3454780837056	4.47363610045772	0	NA	NA	NA	NA	NA	NA	1	-1.02441941996192	1.04943514799511	1	-0.518737974515381	0.26908908620432	1	-2.68085024547955	7.18695803868777	1	-1.51272691185588	2.28834270985304	1.00153261188249	4877.45955321427	0	1.00236903239055	10555.6190529757	0	NA	NA	NA	NA	NA	NA	NA	NA
816	7	7	benefit_positive_truncnorm	benefit_positive_truncnorm	continuous	1	waning	benefit	1	1	NA	2.15240162987959	4.09470949794418	1000	360	600	1000	1000	360	701	0.64	0.299	8.32382587526998	24	24	0	2	1	10	4	1	5000	2500	1	0.99	14	10000	101815	0.6747	0.995	1.07196602877395	-3.5321391171197	1.09529720961704	5.62794078497952	9.16007990209923	1.36184084005467	0.332723212254035	1.36406526582316	2.38887781957949	2.05615460732546	0.579659879167599	0.997793890035678	-9.51818014196838	1.00481528416295	11.1978119312081	20.7159920731765	0.1062	0.9771	2.60683233991857	0.0685459518799783	2.53241878094977	5.35921330208821	5.29066735020823	0	NA	NA	NA	NA	NA	NA	1	-1.08043560110564	1.16734108813651	1	-0.790560789824924	0.624986362408608	1	-3.0969156079085	9.59088628250729	1	-1.48787715802561	2.21377843737436	1.00172845792906	5071.59550873711	0	1.00206498255378	11262.0272246491	0	NA	NA	NA	NA	NA	NA	NA	NA
974	7	7	benefit_positive_truncnorm	benefit_positive_truncnorm	continuous	1	waning	benefit	1	1	NA	1.38018793340721	2.91375113065508	1000	360	600	1000	1000	360	705	0.64	0.295	7.12960236658507	24	24	0	2	1	10	4	1	5000	2500	1	0.99	14	10000	101973	0.5455	0.7817	0.299152444736094	-4.69069038893499	0.301987720764445	5.30153435444876	9.99222474338375	0.445891924541303	-0.669576406327149	0.442353907545365	1.5833416991247	2.25291810545185	0.534292514063176	0.430063929135403	-10.5643744930266	0.428836268606911	11.2425062949337	21.8068807879603	0.0756	0.8952	1.73392998585347	-1.01643334391312	1.78754936130838	4.27225423571917	5.28868757963229	0	NA	NA	NA	NA	NA	NA	1	-1.08103548867112	1.16863772776641	1	-0.934296008865911	0.87290903218277	1	-2.48368720151967	6.16870211499263	1	-1.17982114480161	1.39197793372098	1.00195169683267	4599.33979467214	0	1.00195419082823	10953.4624993814	0	NA	NA	NA	NA	NA	NA	NA	NA
991	7	7	benefit_positive_truncnorm	benefit_positive_truncnorm	continuous	1	waning	benefit	1	1	NA	1.56229076852232	3.09102674318529	1000	360	600	1000	1000	360	728	0.64	0.272	7.24098983044422	24	24	0	2	1	10	4	1	5000	2500	1	0.99	14	10000	101990	0.7458	0.9999	1.70420807179295	-3.44345710141103	1.78229685371815	6.57879265596227	10.0222497573733	2.03264193886397	0.974531869273948	2.03791905736795	3.08510887054212	2.11057700126817	0.667109193494856	2.19399255494252	-8.4556100729425	2.1449486310706	12.4387968850074	20.8944069579499	0.0961	0.9984	3.51457887528366	1.29806817505059	3.53773557690981	5.68666268860353	4.38859451355294	0	NA	NA	NA	NA	NA	NA	1	0.141917303270633	0.0201405209676088	1	0.470351170341651	0.22123022344176	1	-0.897034188242765	0.804670334876356	1	0.423552132098376	0.17939640860508	1.00123301788931	4547.86704747163	0	1.0018527695318	10466.3452210932	0	NA	NA	NA	NA	NA	NA	NA	NA
969	7	7	benefit_positive_truncnorm	benefit_positive_truncnorm	continuous	1	waning	benefit	1	1	NA	2.26211171815865	4.2515764518045	1000	360	600	1000	1000	360	716	0.64	0.284	7.32805089888589	24	24	0	2	1	10	4	1	5000	2500	1	0.99	14	10000	101968	0.7478	0.9999	1.71291261878991	-3.2415146986578	1.75813546824017	6.53304875076364	9.77456344942144	1.99207263911717	0.920978366934159	1.99490452990897	3.04981347901056	2.1288351120764	0.6585715862678	2.09520817980498	-8.51626435485786	1.9655920172793	12.3819254797453	20.8981898346032	0.0941	1	4.21559749249133	2.34591034020043	4.25809252216852	5.86277242579107	3.51686208559063	0	NA	NA	NA	NA	NA	NA	1	-0.549199099368743	0.301619650747439	1	-0.270039079041477	0.072921104209569	1	-2.15636827199952	4.6499241244862	1	-0.0359789593131712	0.00129448551325883	1.00129845024281	4355.42128285717	0	1.00168820704269	11927.2727809438	0	NA	NA	NA	NA	NA	NA	NA	NA
951	7	7	benefit_positive_truncnorm	benefit_positive_truncnorm	continuous	1	waning	benefit	1	1	NA	2.14810979251458	4.38625948001336	1000	360	600	1000	1000	360	717	0.64	0.283	7.16356047381443	24	24	0	2	1	10	4	1	5000	2500	1	0.99	14	10000	101950	0.7496	1	1.66436550927186	-3.23666114459787	1.72276713207723	6.30430978529617	9.54097092989404	2.54773540386418	1.4830823030957	2.55069200840422	3.57323663749757	2.09015433440188	0.728266753274873	2.95128188910418	-7.47454233364297	2.73457350509516	13.0699313560644	20.5444736897074	0.0763	1	5.15438811968236	2.51829809771316	5.26156673013517	7.44618849105641	4.92789039334326	0	NA	NA	NA	NA	NA	NA	1	-0.48374428324272	0.234008531570013	1	0.399625611349594	0.159700629246537	1	-1.43497759090918	2.05916068641151	1	0.768128639668997	0.590021607079743	1.00140713572679	4550.2806607965	0	1.00246501946172	15723.8952295472	0	NA	NA	NA	NA	NA	NA	NA	NA
817	7	7	benefit_positive_truncnorm	benefit_positive_truncnorm	continuous	1	waning	benefit	1	1	NA	1.71064411570222	3.1370257867052	1000	360	600	1000	1000	360	724	0.64	0.276	7.06101866450701	24	24	0	2	1	10	4	1	5000	2500	1	0.99	14	10000	101816	0.6726	0.998	1.09523740618449	-3.72371274355931	1.13470118139405	5.81839517633145	9.54210791989075	1.58049348190863	0.512757492972468	1.58419528563468	2.65402879944235	2.14127130646989	0.651265008576329	1.92246675483649	-8.7322724494757	1.81678458774678	12.2110646000616	20.9433370495373	0.0672	0.9937	2.36979244036779	0.525082278238103	2.35006507750971	4.29026563286631	3.76518335462821	0	NA	NA	NA	NA	NA	NA	1	-0.615406709517731	0.378725418119441	1	-0.130150633793596	0.0169391874768749	1	-1.21455903186871	1.47515364189385	1	-0.76723334633741	0.588647007732101	1.00158931968372	4064.13267483372	0	1.00255041831894	13606.7862585489	0	NA	NA	NA	NA	NA	NA	NA	NA
752	7	7	benefit_positive_truncnorm	benefit_positive_truncnorm	continuous	1	waning	benefit	1	1	NA	1.89678099764314	3.69424224742669	1000	360	600	1000	1000	360	718	0.64	0.282	7.41101712022895	24	24	0	2	1	10	4	1	5000	2500	1	0.99	14	10000	101751	0.6653	0.9999	1.12063512482159	-3.89875199291903	1.15414451809908	6.1175229502134	10.0162749431324	1.7747648388242	0.71243535031985	1.76983963870891	2.84582687345159	2.13339152313174	0.594035435237152	1.25152320550566	-9.38326480164437	1.1560967979283	11.7267307670048	21.1099955686492	0.0913	0.9989	2.62922520648306	0.697424561691581	2.52507368732592	5.2149244267944	4.51749986510282	0	NA	NA	NA	NA	NA	NA	1	-0.776145872821559	0.60240241589794	1	-0.122016158818948	0.0148879430129307	1	-2.44271904192103	5.96687631776359	1	-1.06501704094364	1.13426129750034	1.00186593611618	4370.03885606488	0	1.00268491802081	10140.0118998311	0	NA	NA	NA	NA	NA	NA	NA	NA
868	7	7	benefit_positive_truncnorm	benefit_positive_truncnorm	continuous	1	waning	benefit	1	1	NA	2.01350586716728	3.5973184520843	1000	360	600	1000	1000	360	717	0.64	0.283	7.29524860032262	24	24	0	2	1	10	4	1	5000	2500	1	0.99	14	10000	101867	0.7123	0.9985	1.39754984274661	-3.42086842331306	1.43700710271193	6.01802606318945	9.43889448650251	1.63825339197163	0.578531213728413	1.63838730057842	2.71141908804784	2.13288787431943	0.658505015640168	2.02263944930286	-8.472976795416	1.91315538851002	12.2586084634679	20.7315852588839	0.0729	0.9888	2.6899792101919	0.395596896417284	2.76417592736819	4.64985727399947	4.25426037758218	0	NA	NA	NA	NA	NA	NA	1	-0.615956024420674	0.379401824020122	1	-0.375252475195652	0.140814420140463	1	-1.57467900278144	2.47961396180076	1	-0.907339241892398	0.823264499877872	1.00132765403397	4720.40036244084	0	1.00208705478135	10340.116537023	0	NA	NA	NA	NA	NA	NA	NA	NA
987	7	7	benefit_positive_truncnorm	benefit_positive_truncnorm	continuous	1	waning	benefit	1	1	NA	1.82832904698261	3.70076777489763	1000	360	600	1000	1000	360	702	0.64	0.298	7.0222573197666	24	24	0	2	1	10	4	1	5000	2500	1	0.99	14	10000	101986	0.8136	0.9721	2.21220654249428	-2.68046187626756	2.28726995841301	6.75290896915575	9.43337084542331	1.06249232062736	-0.0327614428394913	1.06202484643195	2.116709726989	2.14947116982849	0.904828028199103	5.13591178392768	-4.18474898641373	4.73430358289311	14.6168739210641	18.8016229074778	0.0638	0.938	2.01929523860344	-0.512062600789936	1.99172502077815	4.76671214480797	5.2787747455979	0	NA	NA	NA	NA	NA	NA	1	0.383877495511671	0.147361931560313	1	-0.765836726355244	0.586505891434517	1	1.43514400903005	2.05963832665483	1	-1.68147253629419	2.82734989031161	1.00194449629793	4358.77701867651	0	1.00181098247755	15212.4206755665	0	NA	NA	NA	NA	NA	NA	NA	NA
950	7	7	benefit_positive_truncnorm	benefit_positive_truncnorm	continuous	1	waning	benefit	1	1	NA	1.80881928811335	3.43693766240573	1000	360	600	1000	1000	360	738	0.64	0.262	7.4432391113354	24	24	0	2	1	10	4	1	5000	2500	1	0.99	14	10000	101949	0.7755	0.9999	1.94257336462118	-3.219350769556	1.98484665637433	6.84505572505342	10.0644064946094	2.07720124695586	1.02248657062812	2.07743118448767	3.12207861492455	2.09959204429644	0.661677649949738	2.18530066384561	-8.51883301446731	2.05998725743167	12.272241488933	20.7910745034003	0.1047	0.9999	3.4565481789174	1.65438231558088	3.46368631180625	5.24639055013585	3.59200823455497	0	NA	NA	NA	NA	NA	NA	1	0.133754076507835	0.0178901529824638	1	0.268381958842517	0.0720288758321466	1	-1.25163699856012	1.56659517616459	1	0.0196105165116727	0.000384572357854586	1.00126591047707	4407.78874072234	0	1.00169170820963	11490.2905155796	0	NA	NA	NA	NA	NA	NA	NA	NA
894	7	7	benefit_positive_truncnorm	benefit_positive_truncnorm	continuous	1	waning	benefit	1	1	NA	1.22915046399581	2.14236468169528	1000	360	600	1000	1000	360	703	0.64	0.297	7.33075678552465	24	24	0	2	1	10	4	1	5000	2500	1	0.99	14	10000	101893	0.6813	1	1.17890545725495	-3.70618773473079	1.22889000570078	6.02930466819409	9.73549240292489	2.12511691762294	1.06703375368515	2.12289864065533	3.1788114267778	2.11177767309264	0.642756375474769	1.8719236928838	-8.32979303998995	1.7129877771238	12.0826435084046	20.4124365483946	0.0785	1	5.28240063258805	3.35380880579058	5.25673220711141	7.42962903111439	4.07582022532381	0	NA	NA	NA	NA	NA	NA	1	-0.0502450067408649	0.00252456070238955	1	0.895966453627127	0.802755886025171	1	-0.270440988811477	0.0731383284293294	0	3.14003595089277	9.85982577289907	1.00198103259329	4423.4046962569	0	1.00198187987711	7059.78144309894	0	NA	NA	NA	NA	NA	NA	NA	NA
891	7	7	benefit_positive_truncnorm	benefit_positive_truncnorm	continuous	1	waning	benefit	1	1	NA	2.44097240305788	4.4840981599442	1000	360	600	1000	1000	360	734	0.64	0.266	6.67220724161337	24	24	0	2	1	10	4	1	5000	2500	1	0.99	14	10000	101890	0.7812	1	2.13725932947251	-3.24765149530502	2.19084434441438	7.29401733374548	10.5416688290505	2.80832701214545	1.7905181324017	2.80947003142382	3.83293923429692	2.04242110189523	0.717843222174101	3.00263462129578	-7.58542920525267	2.83735482894384	13.2862123193748	20.8716415246274	0.0764	1	4.54186280204408	3.07649576183074	4.52661257905149	6.10571670940902	3.02922094757828	0	NA	NA	NA	NA	NA	NA	1	-0.303713073585367	0.0922416310666707	1	0.36735460908757	0.134949408817881	1	-1.48146353864842	2.1947342163447	1	0.0577646420998752	0.00333675387692667	1.00160581419014	4289.36518620771	0	1.00243785752116	10018.2306307735	0	NA	NA	NA	NA	NA	NA	NA	NA
909	7	7	benefit_positive_truncnorm	benefit_positive_truncnorm	continuous	1	waning	benefit	1	1	NA	1.73382246891541	3.53406733675201	1000	360	600	1000	1000	360	708	0.64	0.292	7.1386602924202	24	24	0	2	1	10	4	1	5000	2500	1	0.99	14	10000	101908	0.6708	0.9919	1.06312058326768	-3.78218308726023	1.0571274007943	5.80994578830585	9.59212887556608	1.36738340563184	0.257019205318407	1.36127250288085	2.46457867048371	2.2075594651653	0.611039241052178	1.36584279465326	-9.28145311796505	1.23747766535861	11.7901520870058	21.0716052049709	0.0724	0.906	1.86584202661547	-0.762528993264457	1.75062050395059	5.01539166874809	5.77792066201254	0	NA	NA	NA	NA	NA	NA	1	-0.670701885647732	0.449841019411423	1	-0.366439063283575	0.134277587100144	1	-2.16822454209874	4.7011976649593	1	-1.66822531013654	2.78297568538015	1.00193655463454	4473.69976305717	0	1.00208339017745	10639.9872932729	0	NA	NA	NA	NA	NA	NA	NA	NA
973	7	7	benefit_positive_truncnorm	benefit_positive_truncnorm	continuous	1	waning	benefit	1	1	NA	2.26436361761231	4.23485785771197	1000	360	600	1000	1000	360	698	0.64	0.302	7.69003863059171	24	24	0	2	1	10	4	1	5000	2500	1	0.99	14	10000	101972	0.6702	1	1.13609908137095	-3.80599267068217	1.15412784385666	6.0648873609397	9.87088003162188	2.16607485572753	1.10544044687277	2.17139559922534	3.22441088466266	2.1189704377899	0.572426022387233	0.998540063480043	-9.73653103890125	0.909490018054559	11.5915395342338	21.3280705731351	0.0977	0.999	3.89459376481637	1.33721163209707	3.89611615643033	6.34086992341494	5.00365829131787	0	NA	NA	NA	NA	NA	NA	1	-1.12826453624136	1.27298086373994	1	-0.0982887618847812	0.00966068071284322	1	-3.23631779423192	10.4737528652622	1	-0.340264092895596	0.115779652914063	1.00261252080647	4572.87513553718	0	1.00256068512232	13133.9112379988	0	NA	NA	NA	NA	NA	NA	NA	NA
866	7	7	benefit_positive_truncnorm	benefit_positive_truncnorm	continuous	1	waning	benefit	1	1	NA	2.09997837379973	4.03139112875603	1000	360	600	1000	1000	360	712	0.64	0.288	7.65194200022995	24	24	0	2	1	10	4	1	5000	2500	1	0.99	14	10000	101865	0.6439	1	0.934092914494384	-3.98297628450214	0.966678194982381	5.82141043751398	9.80438672201613	1.95430755519088	0.909444064132855	1.9512506825617	2.9906329827604	2.08118891862755	0.583554964539007	1.07928503372663	-9.84803195039532	1.04482289091119	11.8719013317448	21.7199332821402	0.0976	0.9992	3.76718246553142	1.64171008842118	3.74765804418474	6.12662986955775	4.48491978113657	0	NA	NA	NA	NA	NA	NA	1	-1.16588545930534	1.35928890421963	1	-0.145670818608844	0.0212199873941708	1	-2.9521060950294	8.71493039630972	1	-0.264208663224607	0.0698062177229337	1.00220821449934	3629.89124541164	0	1.00238016345064	14279.4435434682	0	NA	NA	NA	NA	NA	NA	NA	NA
988	7	7	benefit_positive_truncnorm	benefit_positive_truncnorm	continuous	1	waning	benefit	1	1	NA	1.62052385542447	3.31693329484734	1000	360	600	1000	1000	360	727	0.64	0.273	7.53274837249336	24	24	0	2	1	10	4	1	5000	2500	1	0.99	14	10000	101987	0.5665	0.6016	0.445706812110326	-4.44326733331857	0.42308819753616	5.37784942773976	9.82111676105833	0.144405236924996	-0.898691272943882	0.137430062107891	1.20592427586357	2.10461554880745	0.517325362559504	0.279042340110916	-10.6906362608471	0.192602930213495	11.0194051327005	21.7100413935477	0.0967	0.4778	-0.0417941358286676	-1.85908485355327	-0.0558461922847027	1.83749282783119	3.69657768138446	0	NA	NA	NA	NA	NA	NA	1	-1.17481704331415	1.38019508526139	0	-1.47611861849948	2.17892617588081	1	-3.03789095473642	9.22878145286937	0	-3.35872743067601	11.2810499535754	1.0011861012542	4708.12721337845	0	1.00172295864928	11424.8769293604	0	NA	NA	NA	NA	NA	NA	NA	NA
968	7	7	benefit_positive_truncnorm	benefit_positive_truncnorm	continuous	1	waning	benefit	1	1	NA	2.34152662210751	4.66042737812204	1000	360	600	1000	1000	360	698	0.64	0.302	7.82134165634313	24	24	0	2	1	10	4	1	5000	2500	1	0.99	14	10000	101967	0.6909	0.9954	1.27746603222131	-3.85848619029114	1.33664072680296	6.24116774900673	10.0996539392979	1.47375646872215	0.382375336961177	1.47599950401442	2.54913499553315	2.16675965857198	0.614697341970069	1.53524487362614	-9.57768897730334	1.46382473061829	12.1622018381994	21.7398908155028	0.1046	0.975	2.31670156989272	0.000553183188419071	2.33937158038207	4.58071462751446	4.58016144432604	0	NA	NA	NA	NA	NA	NA	1	-1.0640605898862	1.13222493894896	1	-0.867770153385357	0.753025039106447	1	-3.12518250449591	9.7667656864073	0	-2.34372580822932	5.49305066416019	1.00162350491604	4732.2850223038	0	1.002221125579	13158.2543173371	0	NA	NA	NA	NA	NA	NA	NA	NA
971	7	7	benefit_positive_truncnorm	benefit_positive_truncnorm	continuous	1	waning	benefit	1	1	NA	1.4846112148414	2.51725971629712	1000	360	600	1000	1000	360	714	0.64	0.286	7.15313139988702	24	24	0	2	1	10	4	1	5000	2500	1	0.99	14	10000	101970	0.5627	0.9661	0.366895320842842	-4.39798499782198	0.414678231725046	5.12319748760972	9.5211824854317	1.02845305106537	-0.0673530396425126	1.02514753338462	2.15442011087761	2.22177315052013	0.536836461126005	0.507356411922587	-10.1526456937992	0.420580117256796	11.1581390203293	21.3107847141285	0.0675	0.8708	1.76346511074534	-0.872185303706784	1.61438399625353	4.88040465663486	5.75258996034165	0	NA	NA	NA	NA	NA	NA	1	-1.11771589399856	1.24928881969701	1	-0.456158163776032	0.208080270379521	1	-2.00990330437453	4.03971129293565	1	-0.753794605551772	0.568206307358951	1.0014386471051	4964.5938178687	0	1.00122124770484	15861.9124723154	0	NA	NA	NA	NA	NA	NA	NA	NA
815	7	7	benefit_positive_truncnorm	benefit_positive_truncnorm	continuous	1	waning	benefit	1	1	NA	1.38600833503081	2.54481650817644	1000	360	600	1000	1000	360	731	0.64	0.269	6.51459070261603	24	24	0	2	1	10	4	1	5000	2500	1	0.99	14	10000	101814	0.6445	0.9983	0.968843061999279	-4.39454006557198	1.01350176916714	6.11974171379693	10.5142817793689	1.63274455297694	0.559940933100687	1.63151863668685	2.72675502856941	2.16681409546872	0.598966742008395	1.30999196886312	-10.1474539790839	1.21793238390459	12.0890696912327	22.2365236703166	0.0709	0.9949	3.03156756516065	0.741600726497316	2.99433087941876	5.47174519720918	4.73014447071187	0	NA	NA	NA	NA	NA	NA	1	-0.41716527303153	0.174026865023471	1	0.246736217946134	0.060878761246362	1	-1.23482453931331	1.52479164289033	1	0.486751056984218	0.236926591475253	1.00161484823798	4472.01270970813	0	1.00171846253424	12233.3108894782	0	NA	NA	NA	NA	NA	NA	NA	NA
844	7	7	benefit_positive_truncnorm	benefit_positive_truncnorm	continuous	1	waning	benefit	1	1	NA	2.22075690438106	4.21196663978665	1000	360	600	1000	1000	360	689	0.64	0.311	6.47067671261047	24	24	0	2	1	10	4	1	5000	2500	1	0.99	14	10000	101843	0.8031	1	2.32301121696642	-3.03703248764293	2.3893583544019	7.40198533497321	10.4390178226161	2.90917089684165	1.83540025877433	2.91047317260977	3.98274233628497	2.14734207751064	0.731396479101415	3.23819469616281	-7.6237593054492	3.09410230571374	13.595107025008	21.2188663304572	0.0741	1	5.85101635976072	3.15366837774972	5.83718825644003	8.78369048286118	5.63002210511145	0	NA	NA	NA	NA	NA	NA	1	0.10225431258536	0.0104559444423045	1	0.688413992460599	0.473913825015542	1	-0.973771943623849	0.948231798188968	1	1.63904971997406	2.68648398454706	1.00145712072533	4321.51075381963	0	1.00155359880294	7651.78300104251	0	NA	NA	NA	NA	NA	NA	NA	NA
919	7	7	benefit_positive_truncnorm	benefit_positive_truncnorm	continuous	1	waning	benefit	1	1	NA	2.12884265329177	3.84398417315362	1000	360	600	1000	1000	360	708	0.64	0.292	6.96632215165286	24	24	0	2	1	10	4	1	5000	2500	1	0.99	14	10000	101918	0.7592	1	1.9772449067121	-3.43970777760937	2.03440934392971	7.18166908583591	10.6213768634453	2.83826210947581	1.76190810723294	2.84542820636742	3.90094404586069	2.13903593862774	0.662575342465753	2.36505719468507	-8.76026828013502	2.12948658652832	13.1244532297099	21.884721509845	0.0875	1	5.45156137714504	3.27025201406	5.4209534513239	7.79905474551129	4.52880273145129	0	NA	NA	NA	NA	NA	NA	1	-0.15159774657967	0.0229818767680337	1	0.709419456184047	0.503275964812469	1	-1.47892697846855	2.1872250076421	1	1.60757720399142	2.58430446679288	1.00164921321928	4298.19879366253	0	1.00163874227473	12139.9282569742	0	NA	NA	NA	NA	NA	NA	NA	NA
959	7	7	benefit_positive_truncnorm	benefit_positive_truncnorm	continuous	1	waning	benefit	1	1	NA	2.11377268979901	4.49444490846895	1000	360	600	1000	1000	360	710	0.64	0.29	7.15431110649946	24	24	0	2	1	10	4	1	5000	2500	1	0.99	14	10000	101958	0.5909	0.9759	0.561842545280966	-4.25867331487711	0.566917084939822	5.27581927884395	9.53449259372105	1.07887230355259	0.008158384799356	1.07915460841771	2.15485161186414	2.14669322706478	0.565359477124183	0.775451833772276	-9.97484280409085	0.724365113459002	11.304575776852	21.2794185809428	0.0514	0.995	2.79707572496009	0.701527461767627	2.77517415514128	5.0183253486906	4.31679788692297	0	NA	NA	NA	NA	NA	NA	1	-1.55193014451805	2.40848717346381	1	-1.03490038624642	1.07101880945299	1	-3.71899307469667	13.8309094896418	1	-1.69736918350886	2.88106214512553	1.00137285284986	4350.52372498478	0	1.00177614311046	11162.912188957	0	NA	NA	NA	NA	NA	NA	NA	NA
953	7	7	benefit_positive_truncnorm	benefit_positive_truncnorm	continuous	1	waning	benefit	1	1	NA	1.91695201823259	3.37082127465958	1000	360	600	1000	1000	360	706	0.64	0.294	6.98377837045115	24	24	0	2	1	10	4	1	5000	2500	1	0.99	14	10000	101952	0.7444	1	1.79354740589759	-3.64773865328308	1.81227035412831	7.10667318882954	10.7544118421126	2.62702292073933	1.5555548799737	2.62771986472579	3.68812528189735	2.13257040192365	0.658096828046745	2.27140862785432	-9.05825704787901	2.12003822453533	12.9368086214991	21.9950656693781	0.1015	1	4.3604947086035	1.98750077763658	4.32902149376525	6.85013659780572	4.86263582016914	0	NA	NA	NA	NA	NA	NA	1	-0.123404612335002	0.015228698345552	1	0.710070902506732	0.504200686586724	1	-1.09941264680527	1.20870816795536	1	0.98967343394392	0.97945350585435	1.00140812348535	4290.08373113211	0	1.00130084216509	10129.8547052448	0	NA	NA	NA	NA	NA	NA	NA	NA
821	7	7	benefit_positive_truncnorm	benefit_positive_truncnorm	continuous	1	waning	benefit	1	1	NA	1.87095746876502	3.20648817762894	1000	360	600	1000	1000	360	730	0.64	0.27	6.60247960818249	24	24	0	2	1	10	4	1	5000	2500	1	0.99	14	10000	101820	0.6947	1	1.35087176106154	-3.94242383696944	1.38738633972499	6.47045837001744	10.4128822069869	2.20329904995706	1.15731184255997	2.20466747256239	3.25191954577022	2.09460770321025	0.621339362618432	1.71975845894438	-9.30434443596937	1.49908315833841	12.6556203219058	21.9599647578752	0.0712	0.9977	3.50721033210359	1.05878841447406	3.52407843523377	6.07470813582705	5.01591972135299	0	NA	NA	NA	NA	NA	NA	1	-0.520085707703473	0.270489143357422	1	0.332341581192048	0.110450926589231	1	-1.48672971868457	2.21036525641989	1	0.300722154474649	0.0904338141918747	1.00175259117412	4519.62801353445	0	1.00233849187392	13456.7181070039	0	NA	NA	NA	NA	NA	NA	NA	NA
995	7	7	benefit_positive_truncnorm	benefit_positive_truncnorm	continuous	1	waning	benefit	1	1	NA	2.12034005802354	4.08663015580713	1000	360	600	1000	1000	360	722	0.64	0.278	7.22588889482156	24	24	0	2	1	10	4	1	5000	2500	1	0.99	14	10000	101994	0.6413	0.9997	0.878655173289852	-3.87445934424646	0.915339073010127	5.55711983555714	9.43157917980361	1.83167367274093	0.758779271407654	1.8298439694185	2.89421720592978	2.13543793452213	0.60562198447661	1.28395124492838	-9.11569122952039	1.12824765438786	11.4769021780522	20.5925934075726	0.0466	0.9952	3.00666858640965	0.778648929504908	3.02720389267327	5.28390951147287	4.50526058196796	0	NA	NA	NA	NA	NA	NA	1	-1.24168488473369	1.54178135297612	1	-0.288666385282617	0.083328281992132	1	-2.80267891087875	7.8550090774845	1	-1.07996156939748	1.16631699137547	1.00195424240455	4969.81563306777	0	1.00160926798661	13238.4526669615	0	NA	NA	NA	NA	NA	NA	NA	NA
997	7	7	benefit_positive_truncnorm	benefit_positive_truncnorm	continuous	1	waning	benefit	1	1	NA	1.25786828385705	2.46099142888752	1000	360	600	1000	1000	360	732	0.64	0.268	6.45733303389954	24	24	0	2	1	10	4	1	5000	2500	1	0.99	14	10000	101996	0.5717	0.9962	0.458229347407602	-4.78699681136681	0.465021480787914	5.63660315408095	10.4235999654478	1.52881164409888	0.431401631199252	1.53407021919965	2.58845965830636	2.1570580271071	0.537494674051981	0.452638431182115	-10.7893148908104	0.515200231574498	11.3331214744564	22.1224363652668	0.0612	0.973	2.72734553376677	-0.0500046112239515	2.73010925770986	5.71028702364326	5.76029163486722	0	NA	NA	NA	NA	NA	NA	1	-0.799638936449448	0.639422428686004	1	0.270943360241829	0.0734103044591337	1	-2.00835299770541	4.03348176339231	1	0.266354104879248	0.0709445091860253	1.00139358470311	4693.26617635679	0	1.00201538096294	13061.8413048089	0	NA	NA	NA	NA	NA	NA	NA	NA
949	7	7	benefit_positive_truncnorm	benefit_positive_truncnorm	continuous	1	waning	benefit	1	1	NA	2.06483116802544	4.0924148844938	1000	360	600	1000	1000	360	671	0.64	0.329	8.08174887359852	24	24	0	2	1	10	4	1	5000	2500	1	0.99	14	10000	101948	0.5774	0.989	0.45252686071936	-4.15332846231163	0.445057208107504	5.01951227574172	9.17284073805335	1.2569324264986	0.18570169878565	1.25953969823138	2.33214077310461	2.14643907431896	0.533202486097481	0.38623232783158	-9.93905661317783	0.36719589187263	10.4972025645814	20.4362591777592	0.0829	0.9526	2.557483581941	-0.397581627246392	2.51969757437094	5.81829668859288	6.21587831583927	0	NA	NA	NA	NA	NA	NA	1	-1.61230430730608	2.59952517935775	1	-0.807898741526841	0.652700376560653	1	-3.70618255666222	13.7357891433073	1	-1.53493130255279	2.35601410355642	1.00152589941453	4515.35380899902	0	1.00183558533423	12530.5021655295	0	NA	NA	NA	NA	NA	NA	NA	NA
990	7	7	benefit_positive_truncnorm	benefit_positive_truncnorm	continuous	1	waning	benefit	1	1	NA	2.27014899984851	4.57243877658972	1000	360	600	1000	1000	360	696	0.64	0.304	7.92563165683907	24	24	0	2	1	10	4	1	5000	2500	1	0.99	14	10000	101989	0.7259	0.9988	1.52849080966282	-3.66941640267208	1.57629630411822	6.38786408609429	10.0572804887664	1.76897917786526	0.675569474410494	1.77036421478035	2.85677029599162	2.18120082158113	0.642696376322305	1.94640561792089	-8.99143845238422	1.90362915203408	12.2855160591678	21.276954511552	0.1114	1	4.68389828435318	2.251867389182	4.68274350478624	7.14104428085359	4.88917689167159	0	NA	NA	NA	NA	NA	NA	1	-0.741658190185696	0.550056871069522	1	-0.50116982198325	0.251171190466722	1	-2.62603315866883	6.8960501504282	1	0.111459507763459	0.0124232218708725	1.00117723823561	4717.40080371904	0	1.00149102093182	12634.2092181732	0	NA	NA	NA	NA	NA	NA	NA	NA
998	7	7	benefit_positive_truncnorm	benefit_positive_truncnorm	continuous	1	waning	benefit	1	1	NA	1.88966073244578	3.93504586507419	1000	360	600	1000	1000	360	700	0.64	0.3	7.91926998373806	24	24	0	2	1	10	4	1	5000	2500	1	0.99	14	10000	101997	0.7503	1	1.78373112741015	-3.43327396706962	1.85931531721049	6.68623323812915	10.1195072051988	2.27814910306644	1.21078122585211	2.28464394316789	3.31427792814815	2.10349670229604	0.648339317773788	2.06254378159844	-8.77051941327649	1.95903147552877	12.2708960108429	21.0414154241194	0.1088	0.9999	4.64232981619367	2.19114583034022	4.65774160004646	7.08601648198774	4.89487065164753	0	NA	NA	NA	NA	NA	NA	1	-0.105929605035628	0.011221081223004	1	0.388488370620663	0.150923214107498	1	-1.87250208347576	3.50626405262104	1	0.707283951119476	0.500250587511177	1.00163665178728	4054.33515363496	0	1.00130677940442	11541.1361834248	0	NA	NA	NA	NA	NA	NA	NA	NA
993	7	7	benefit_positive_truncnorm	benefit_positive_truncnorm	continuous	1	waning	benefit	1	1	NA	2.12700154348907	3.59114225089637	1000	360	600	1000	1000	360	711	0.64	0.289	7.00506849750577	24	24	0	2	1	10	4	1	5000	2500	1	0.99	14	10000	101992	0.6713	1	1.20774672088192	-3.72091286770393	1.143411635885	6.42527198258716	10.1461848502911	3.09657679285697	2.02962647545357	3.09874425709858	4.13312429726431	2.10349782181074	0.478956228956229	0.217107097413018	-10.3255336940966	-0.215900570312676	11.5490410214805	21.8745747155771	0.0496	1	4.97783941804074	2.96413429870777	4.88876917757369	7.46203201827509	4.49789771956732	0	NA	NA	NA	NA	NA	NA	1	-0.919254822607141	0.845029428886486	1	0.969575249367904	0.940076164186832	1	-3.37403515348335	11.3841132169414	1	1.38669716714437	1.92292903336622	1.00151594424113	4616.44799487029	0	1.00253949615735	12663.4567032071	0	NA	NA	NA	NA	NA	NA	NA	NA
992	7	7	benefit_positive_truncnorm	benefit_positive_truncnorm	continuous	1	waning	benefit	1	1	NA	1.97709264838444	4.20666918084963	1000	360	600	1000	1000	360	707	0.64	0.293	6.75714849432337	24	24	0	2	1	10	4	1	5000	2500	1	0.99	14	10000	101991	0.7586	1	1.91915406982969	-3.43991852859742	1.96964934633677	7.12383488424498	10.5637534128424	3.04425935018118	1.97547770326005	3.04454365678985	4.1034305281447	2.12795282488465	0.658149779735683	2.2594999372623	-8.89693483825342	2.12022543949996	12.857125784017	21.7540606222705	0.092	1	6.30453531987115	3.17152631419761	6.29942119424612	9.676230844095	6.50470452989738	0	NA	NA	NA	NA	NA	NA	1	-0.0579385785547557	0.0033568788849456	1	1.06716670179673	1.13884476942372	1	-1.94716924358734	3.79146806317248	1	2.09786613902152	4.40104233725305	1.00141262129277	4477.10880284638	0	1.00183007463829	14171.204572819	0	NA	NA	NA	NA	NA	NA	NA	NA
958	7	7	benefit_positive_truncnorm	benefit_positive_truncnorm	continuous	1	waning	benefit	1	1	NA	1.34988206050194	2.3068602520586	1000	360	600	1000	1000	360	727	0.64	0.273	7.24973877851542	24	24	0	2	1	10	4	1	5000	2500	1	0.99	14	10000	101957	0.5488	0.9465	0.29682588760975	-4.35710661302632	0.295398035118273	4.97558449704582	9.33269111007215	0.874554932491366	-0.194656447362439	0.868232743420544	1.95031905218582	2.14497549954825	0.520596061734965	0.255273017726743	-10.3145568003948	0.201126056436138	10.8239935279196	21.1385503283144	0.0605	0.6839	0.724201714159757	-1.63438922807723	0.640333433941185	3.50266622496155	5.13705545303878	0	NA	NA	NA	NA	NA	NA	1	-1.05305617289219	1.10892730326634	1	-0.475327128010573	0.225935878622779	1	-2.05158723433185	4.20901018007342	1	-1.58265853789884	2.50480804758409	1.00196871388856	4278.02000265831	0	1.00144664676554	12556.1475699191	0	NA	NA	NA	NA	NA	NA	NA	NA
952	7	7	benefit_positive_truncnorm	benefit_positive_truncnorm	continuous	1	waning	benefit	1	1	NA	2.37134240729507	4.80781299173645	1000	360	600	1000	1000	360	694	0.64	0.306	7.63471402664493	24	24	0	2	1	10	4	1	5000	2500	1	0.99	14	10000	101951	0.7368	1	1.62032567153258	-3.48599869100865	1.67176311930725	6.53409355110166	10.0200922421103	2.29569257282679	1.18859460198708	2.2978394965265	3.37410673650794	2.18551213452086	0.633448776672997	1.85610033609873	-9.14565679528672	1.70207964802024	12.1722449430613	21.317901738348	0.1049	1	4.77231586220276	2.12385450926219	4.85117168710731	7.18081922788721	5.05696471862502	0	NA	NA	NA	NA	NA	NA	1	-0.751016735762483	0.564026137395335	1	-0.0756498344682743	0.00572289745507731	1	-2.95171265563772	8.71260760145186	1	-0.0354971295336837	0.00126004620513112	1.00124116004662	4691.53892422815	0	1.0020176543913	14432.9675878381	0	NA	NA	NA	NA	NA	NA	NA	NA
978	7	7	benefit_positive_truncnorm	benefit_positive_truncnorm	continuous	1	waning	benefit	1	1	NA	2.05514046000312	3.79853990905102	1000	360	600	1000	1000	360	703	0.64	0.297	7.61312836136944	24	24	0	2	1	10	4	1	5000	2500	1	0.99	14	10000	101977	0.7702	1	1.85084812642459	-3.11702418323947	1.88611114743567	6.55798920718376	9.67501339042323	2.45815896043151	1.35897099557653	2.45849735312654	3.51875400987224	2.15978301429572	0.686022214890575	2.35117515243702	-8.43835327362266	2.15126269440546	12.4656756791117	20.9040289527343	0.0907	1	5.00468990429566	2.88755054890054	4.99132250609543	7.13142926614846	4.24387871724792	0	NA	NA	NA	NA	NA	NA	1	-0.204292333578534	0.0417353575589631	1	0.403018500428385	0.162423911687544	1	-1.447364756614	2.09486473868831	1	1.20614999524464	1.45479781102865	1.00179548863787	4598.85565799226	0	1.00191598748469	11341.3004651467	0	NA	NA	NA	NA	NA	NA	NA	NA
940	7	7	benefit_positive_truncnorm	benefit_positive_truncnorm	continuous	1	waning	benefit	1	1	NA	2.11765244864571	4.01676608039593	1000	360	600	1000	1000	360	697	0.64	0.303	7.91002374211663	24	24	0	2	1	10	4	1	5000	2500	1	0.99	14	10000	101939	0.6576	0.9995	1.03929197746321	-4.16498646999836	1.07592247850163	6.00245825507485	10.1674447250732	1.78829461494197	0.705576264254907	1.79085566174112	2.8213551577781	2.1157788935232	0.574392148115102	1.04120758159137	-9.86683427278143	1.00798591558799	11.8969112920097	21.7637455647911	0.1034	0.9958	2.82157628021497	0.511212008271525	2.77988114045984	5.48685330758647	4.97564129931494	0	NA	NA	NA	NA	NA	NA	1	-1.0783604711825	1.16286130580895	1	-0.329357833703743	0.108476582622023	1	-2.97555849880456	8.85394837980805	1	-1.19518980018096	1.4284786584566	1.00110390401133	4249.95963191854	0	1.00183186975236	13823.6191520618	0	NA	NA	NA	NA	NA	NA	NA	NA
994	7	7	benefit_positive_truncnorm	benefit_positive_truncnorm	continuous	1	waning	benefit	1	1	NA	1.86866642667841	3.63586185783371	1000	360	600	1000	1000	360	722	0.64	0.278	6.67571655887695	24	24	0	2	1	10	4	1	5000	2500	1	0.99	14	10000	101993	0.5587	0.8414	0.375761876807479	-4.80350370733437	0.401275829313916	5.43383648774832	10.2373401950827	0.54945416327312	-0.531298618344891	0.549405462928606	1.61103523153301	2.1423338498779	0.546709470304976	0.665268877557511	-10.4494589588219	0.577641812334345	11.6821392036413	22.1315981624632	0.0655	0.7379	0.782668729319812	-1.74500250736943	0.819631405514503	3.20731330191319	4.95231580928262	0	NA	NA	NA	NA	NA	NA	1	-1.49290454987093	2.22876399502532	0	-1.31921226340529	1.7403209959189	1	-2.9705929802762	8.82442265446621	0	-2.85319312851389	8.14071102859891	1.00125675196378	4345.88799291414	0	1.00174951672103	10235.3709355318	0	NA	NA	NA	NA	NA	NA	NA	NA
963	7	7	benefit_positive_truncnorm	benefit_positive_truncnorm	continuous	1	waning	benefit	1	1	NA	1.30124616873927	2.27070531762638	1000	360	600	1000	1000	360	734	0.64	0.266	6.79843969203406	24	24	0	2	1	10	4	1	5000	2500	1	0.99	14	10000	101962	0.6714	0.9998	1.21282667984154	-4.14382791466851	1.22611391454319	6.52348669184612	10.6673146065146	1.94886415872432	0.891318357273154	1.94446839624749	3.01882710452493	2.12750874725178	0.605100379815518	1.54957263264196	-9.74856010030916	1.43755667164372	12.5161824007149	22.264742501024	0.0785	0.9992	3.05410518649119	1.11740446530639	3.00690296541312	5.34821069030943	4.23080622500304	0	NA	NA	NA	NA	NA	NA	1	-0.0884194888977248	0.00781800601693487	1	0.64761798998505	0.419409060952277	1	-0.721132684984415	0.520032349352831	1	0.783399868864818	0.613715354537415	1.00125220080598	4562.45616454802	0	1.00154856476249	10588.9181556161	0	NA	NA	NA	NA	NA	NA	NA	NA
941	7	7	benefit_positive_truncnorm	benefit_positive_truncnorm	continuous	1	waning	benefit	1	1	NA	1.84529233685634	3.72974375582598	1000	360	600	1000	1000	360	731	0.64	0.269	6.56331567039553	24	24	0	2	1	10	4	1	5000	2500	1	0.99	14	10000	101940	0.6405	0.9992	0.948408347666936	-4.36259518897457	0.996168893906208	6.11601920325575	10.4786143922303	1.82984262905215	0.783214567847314	1.83114925273597	2.87712305950744	2.09390849166013	0.61237890204521	1.57298058439929	-9.60690350880986	1.48031702803837	12.6263628447511	22.2332663535609	0.071	0.9997	3.777313695121	1.94369416848474	3.75479744071057	5.82608042184049	3.88238625335575	0	NA	NA	NA	NA	NA	NA	1	-0.896883989189407	0.804400890064304	1	-0.0154497078041951	0.000238693471235006	1	-2.15676317142669	4.65162737762251	1	0.047569939295022	0.00226289912453207	1.00111011757334	4608.20164399068	0	1.00246205286496	11508.6565990979	0	NA	NA	NA	NA	NA	NA	NA	NA
999	7	7	benefit_positive_truncnorm	benefit_positive_truncnorm	continuous	1	waning	benefit	1	1	NA	2.53629278179429	4.93536246184368	1000	360	600	1000	1000	360	724	0.64	0.276	7.14458220687419	24	24	0	2	1	10	4	1	5000	2500	1	0.99	14	10000	101998	0.7006	1	1.33413229948003	-3.6375084676613	1.37552772257617	6.14252255750772	9.78003102516902	2.03814651956716	0.960898073870053	2.03271624082602	3.1320089420483	2.17111086817825	0.6082029141932	1.40054923328647	-9.17376025095613	1.25860246382536	11.8700400854684	21.0438003364245	0.0735	0.9888	2.78606522415853	0.367227474471872	2.793244018621	5.35786845974693	4.99064098527506	0	NA	NA	NA	NA	NA	NA	1	-1.20216048231426	1.44518982523806	1	-0.498146262227129	0.24814969857086	1	-3.5348132285572	12.494904560783	1	-2.14929723768514	4.61947861592099	1.00177740076474	4592.88975742413	0	1.0015645263968	11929.0506521553	0	NA	NA	NA	NA	NA	NA	NA	NA
984	7	7	benefit_positive_truncnorm	benefit_positive_truncnorm	continuous	1	waning	benefit	1	1	NA	2.47303610958404	4.67131462851887	1000	360	600	1000	1000	360	712	0.64	0.288	7.48128238367692	24	24	0	2	1	10	4	1	5000	2500	1	0.99	14	10000	101983	0.7181	0.9994	1.51091957415977	-3.52789160071582	1.56137006085661	6.27163078437668	9.7995223850925	1.67046698014934	0.582550321440888	1.67520054646507	2.73272671329179	2.15017639185091	0.630663164806303	1.80602954051489	-8.7224192933696	1.62453673073358	12.074872773205	20.7972920665746	0.0862	0.9961	3.20946107757477	0.934448613305445	3.28172446023908	5.07673603668889	4.14228742338345	0	NA	NA	NA	NA	NA	NA	1	-0.962116535424266	0.925668227736794	1	-0.802569129434697	0.644117207521568	1	-2.86528508800398	8.20985863553799	1	-1.46185355094411	2.1370158044079	1.00146152075282	4583.0887243376	0	1.0023251668123	10525.4336550119	0	NA	NA	NA	NA	NA	NA	NA	NA
981	7	7	benefit_positive_truncnorm	benefit_positive_truncnorm	continuous	1	waning	benefit	1	1	NA	1.44318874705095	2.48295811948591	1000	360	600	1000	1000	360	706	0.64	0.294	6.6603917571455	24	24	0	2	1	10	4	1	5000	2500	1	0.99	14	10000	101980	0.4013	0.3345	-0.727884783577211	-6.05267202997771	-0.695061739771251	4.52739784802512	10.5800698780028	-0.234808567105117	-1.32273486999515	-0.22772344816544	0.832316337936928	2.15505120793208	0.45163384548799	-0.703804690987106	-11.6729467675053	-0.627916789719889	10.521446179581	22.1943929470863	0.0758	0.1266	-1.19306561961687	-3.13222590811474	-1.25837311945918	0.914564202128428	4.04679011024316	0	NA	NA	NA	NA	NA	NA	1	-2.17107353062816	4.71356027539424	0	-1.67799731415607	2.81567498631499	1	-3.18676281047301	10.1554572102139	0	-3.67602373910278	13.5131505304472	1.00132962432737	4160.71514638917	0	1.00140364377713	11882.7956602242	0	NA	NA	NA	NA	NA	NA	NA	NA
942	7	7	benefit_positive_truncnorm	benefit_positive_truncnorm	continuous	1	waning	benefit	1	1	NA	2.20064901966773	4.19600871640869	1000	360	600	1000	1000	360	726	0.64	0.274	6.7143534365368	24	24	0	2	1	10	4	1	5000	2500	1	0.99	14	10000	101941	0.745	1	1.76716238582205	-3.69224596644463	1.84590242448955	6.80405539080533	10.49630135725	2.60714780337526	1.53033309220083	2.61029718884244	3.67129953655039	2.14096644434955	0.661940872623365	2.32447677131236	-9.01674891929724	2.25974467766758	13.082051993598	22.0988009128952	0.0901	1	5.40418158442679	3.21298789082839	5.40775020750918	7.53671545571216	4.32372756488377	0	NA	NA	NA	NA	NA	NA	1	-0.433486633845688	0.187910661722866	1	0.406498783707527	0.165241261155699	1	-1.87153194509634	3.50263182151608	1	1.2081728680181	1.45968167901508	1.00235617049286	4661.34228341962	0	1.00141382034915	13486.0075843672	0	NA	NA	NA	NA	NA	NA	NA	NA
983	7	7	benefit_positive_truncnorm	benefit_positive_truncnorm	continuous	1	waning	benefit	1	1	NA	2.49842753249502	4.72201542050776	1000	360	600	1000	1000	360	693	0.64	0.307	7.99764258789812	24	24	0	2	1	10	4	1	5000	2500	1	0.99	14	10000	101982	0.721	0.9999	1.5394539551803	-3.68193482587663	1.62856109880291	6.45397736661245	10.1359121924891	1.92050602096584	0.844461565732067	1.9186318705133	2.96569781783378	2.12123625210171	0.620857369075896	1.62825695853843	-9.36248099220256	1.61435540258886	12.0886528320438	21.4511338242463	0.1159	0.9995	3.99903730017371	1.58172882248471	3.99236068938146	6.39615054414326	4.81442172165855	0	NA	NA	NA	NA	NA	NA	1	-0.958973577314725	0.9196303219878	1	-0.577921511529176	0.333993273488167	1	-3.09375846196933	9.57134142100685	1	-0.722978120334053	0.522697362481761	1.0009981867745	4485.99673701433	0	1.00224777320613	14243.0389159022	0	NA	NA	NA	NA	NA	NA	NA	NA
1000	7	7	benefit_positive_truncnorm	benefit_positive_truncnorm	continuous	1	waning	benefit	1	1	NA	1.52801294036503	2.6588015403792	1000	360	600	1000	1000	360	697	0.64	0.303	6.82094581635118	24	24	0	2	1	10	4	1	5000	2500	1	0.99	14	10000	101999	0.6482	0.9842	1.05482417537688	-4.36198860676975	1.05506721474442	6.34508051480695	10.7070691215767	1.2132970360267	0.11031465668141	1.22088970940106	2.27473432786024	2.16441967117883	0.580078551167358	1.15014039811484	-10.4517781125162	1.04669411123294	12.3161772427165	22.7679553552327	0.0834	0.9619	2.4046977453964	-0.233675331011648	2.43621726460419	4.87146315757826	5.10513848858991	0	NA	NA	NA	NA	NA	NA	1	-0.473188764988155	0.223907607311015	1	-0.31471590433833	0.0990461004434931	1	-1.50866114226436	2.27605844217841	1	-0.2541037949828	0.064568738624661	1.00143507809794	4718.3136050856	0	1.00215784067861	6585.98054068642	0	NA	NA	NA	NA	NA	NA	NA	NA
979	7	7	benefit_positive_truncnorm	benefit_positive_truncnorm	continuous	1	waning	benefit	1	1	NA	2.09314454110394	4.13992755906914	1000	360	600	1000	1000	360	700	0.64	0.3	7.49513438741213	24	24	0	2	1	10	4	1	5000	2500	1	0.99	14	10000	101978	0.6676	0.9999	1.09696386822888	-3.9212189522325	1.1366619094843	5.94638100557779	9.86759995781029	2.04663133400402	0.97267132281009	2.0502910279203	3.08491667232175	2.11224534951166	0.602682497801231	1.37253764565298	-9.34653975745097	1.24884897846096	11.9147029350738	21.2612426925248	0.0904	0.9998	4.74596471278556	2.51909593768145	4.78479058092738	6.89086075285205	4.37176481517061	0	NA	NA	NA	NA	NA	NA	1	-0.996180672875065	0.992375933009817	1	-0.0465132070999243	0.00216347843472045	1	-2.76738991341616	7.65844693287753	1	0.606037153716414	0.367281031684693	1.00165505977038	4597.41633744794	0	1.00153130006728	13471.9444128389	0	NA	NA	NA	NA	NA	NA	NA	NA
