rep	prior_id	scenario_id	prior_label	design_prior_type	prior_family	omega_D	profile	component	component_id	H_D	true_delta_rmst_lookup	true_delta_rmst_rep	true_delta_med_rep	N_planned	K1	K2	n_interim	n_final	events_interim	events_final	censor_rate_interim	censor_rate_final	calendar_cutoff_interim	calendar_cutoff_final	tau	delta_star	a0_gp	grid_width_gp	B0_median_pfs	chains	parallel_chains	iter_warmup	iter_sampling	thin	adapt_delta	max_treedepth	n_saved_draws	cmdstan_seed	Pi1	Pi2_cf	post_mean_1	post_q025_1	post_q500_1	post_q975_1	post_width_1	post_mean_2	post_q025_2	post_q500_2	post_q975_2	post_width_2	Pi_beneficial_med_1	post_mean_med_1	post_q025_med_1	post_q500_med_1	post_q975_med_1	post_width_med_1	na_rate_med_1	Pi_beneficial_med_2	post_mean_med_2	post_q025_med_2	post_q500_med_2	post_q975_med_2	post_width_med_2	na_rate_med_2	cover_lookup_1	bias_lookup_1	sqerr_lookup_1	cover_lookup_2	bias_lookup_2	sqerr_lookup_2	cover_rep_1	bias_rep_1	sqerr_rep_1	cover_rep_2	bias_rep_2	sqerr_rep_2	cover_med_rep_1	bias_med_rep_1	sqerr_med_rep_1	cover_med_rep_2	bias_med_rep_2	sqerr_med_rep_2	max_Rhat_1	min_ESS_1	n_divergent_1	max_Rhat_2	min_ESS_2	n_divergent_2	post_eta_PH_trt_mean_1	post_eta_PH_trt_q025_1	post_eta_PH_trt_q500_1	post_eta_PH_trt_q975_1	post_eta_PH_trt_mean_2	post_eta_PH_trt_q025_2	post_eta_PH_trt_q500_2	post_eta_PH_trt_q975_2
14	3	3	exact_null_point_mass	exact_null_point_mass	point_mass	0	none	no_benefit	0	0	NA	0	0	1000	360	600	1000	1000	360	762	0.64	0.238	6.02725881663374	24	24	0	2	1	10	4	1	5000	2500	1	0.99	14	10000	101013	0.6208	0.5864	0.831457179335517	-4.56616062687496	0.87478940500586	6.00497626900632	10.5711368958813	0.121761047484178	-0.926006865944502	0.121681893491377	1.15782637247828	2.08383323842279	0.628138574001483	1.59587993455841	-10.2680230884999	1.54013333560608	12.6871321057839	22.9551551942837	0.0561	0.4343	-0.154312702459066	-2.08014305921514	-0.181180866378414	1.88301920994943	3.96316226916457	0	NA	NA	NA	NA	NA	NA	1	0.831457179335517	0.691321041068574	1	0.121761047484178	0.0148257526844442	1	1.59587993455841	2.54683276552615	1	-0.154312702459066	0.0238124101402201	1.00157933448272	4173.1336379233	0	1.00243788664019	10818.2746443105	0	NA	NA	NA	NA	NA	NA	NA	NA
13	3	3	exact_null_point_mass	exact_null_point_mass	point_mass	0	none	no_benefit	0	0	NA	0	0	1000	360	600	1000	1000	360	715	0.64	0.285	6.93430363727953	24	24	0	2	1	10	4	1	5000	2500	1	0.99	14	10000	101012	0.607	0.8759	0.715099332944122	-4.61380949502981	0.743625168107176	5.84776456393144	10.4615740589613	0.632472091202339	-0.4657209936148	0.624172387006295	1.7267615606202	2.192482554235	0.569529206625981	0.972845540063549	-10.6998639970455	0.955347372664447	12.0841915994268	22.7840555964723	0.0824	0.9233	1.57779841239176	-0.657098809555098	1.54545240792567	3.85776266382175	4.51486147337685	0	NA	NA	NA	NA	NA	NA	1	0.715099332944122	0.511367055977129	1	0.632472091202339	0.40002094614986	1	0.972845540063549	0.946428444821539	1	1.57779841239176	2.48944783014596	1.00114281474384	4625.58189760134	0	1.00137512641752	12657.8160973347	0	NA	NA	NA	NA	NA	NA	NA	NA
16	3	3	exact_null_point_mass	exact_null_point_mass	point_mass	0	none	no_benefit	0	0	NA	0	0	1000	360	600	1000	1000	360	775	0.64	0.225	5.72473691118236	24	24	0	2	1	10	4	1	5000	2500	1	0.99	14	10000	101015	0.5351	0.7558	0.254966719333159	-5.26956145045175	0.267328122392646	5.90026666863689	11.1698281190886	0.370528140546209	-0.691534188830169	0.37237263533566	1.41619620509612	2.10773039392629	0.519133192389006	0.238419008426729	-11.4019979362783	0.2443623669515	12.0095597330012	23.4115576692795	0.054	0.776	0.70296619321571	-0.965617805320558	0.680544965518195	2.46151261091976	3.42713041624031	0	NA	NA	NA	NA	NA	NA	1	0.254966719333159	0.0650080279675137	1	0.370528140546209	0.137291102936631	1	0.238419008426729	0.0568436235791848	1	0.70296619321571	0.494161468804187	1.00228865172642	4611.73728888145	0	1.00185534087493	11306.2980981802	0	NA	NA	NA	NA	NA	NA	NA	NA
17	3	3	exact_null_point_mass	exact_null_point_mass	point_mass	0	none	no_benefit	0	0	NA	0	0	1000	360	600	1000	1000	360	759	0.64	0.241	6.53923559866383	24	24	0	2	1	10	4	1	5000	2500	1	0.99	14	10000	101016	0.4571	0.5524	-0.286495245303584	-5.545519344992	-0.286382436008446	4.92563975551036	10.4711591005024	0.0732912264207126	-0.991222664733795	0.0717684649453538	1.16314416539655	2.15436683013035	0.467665445139039	-0.524433706379723	-11.7350266395696	-0.441945081542956	10.6886611513603	22.42368779093	0.0722	0.3603	-0.330463914133804	-2.14216846363341	-0.319782098649049	1.42114011067215	3.56330857430555	0	NA	NA	NA	NA	NA	NA	1	-0.286495245303584	0.0820795255815608	1	0.0732912264207126	0.00537160387025216	1	-0.524433706379723	0.275030712387174	1	-0.330463914133804	0.109206398544634	1.00114585399225	4196.99928361105	0	1.00187544062066	15074.1445374936	0	NA	NA	NA	NA	NA	NA	NA	NA
15	3	3	exact_null_point_mass	exact_null_point_mass	point_mass	0	none	no_benefit	0	0	NA	0	0	1000	360	600	1000	1000	360	763	0.64	0.237	5.96096723694998	24	24	0	2	1	10	4	1	5000	2500	1	0.99	14	10000	101014	0.4972	0.2714	-0.00337969874080465	-5.55754299440655	-0.0168924699273525	5.62663659380672	11.1841795882133	-0.335551882174361	-1.39169970380177	-0.335101264418966	0.749625689220074	2.14132539302184	0.498986882798336	0.0108502498574283	-11.9106776906962	-0.0133821128208904	11.9549122254903	23.8655899161865	0.0623	0.2422	-0.573029334816607	-2.26490977516301	-0.554438326004075	1.03890515692028	3.30381493208329	0	NA	NA	NA	NA	NA	NA	1	-0.00337969874080465	1.14223635785965e-05	1	-0.335551882174361	0.112595065630756	1	0.0108502498574283	0.000117727921968623	1	-0.573029334816607	0.328362618560363	1.00121395760467	4308.87526123233	0	1.00155003007987	9680.63346234445	0	NA	NA	NA	NA	NA	NA	NA	NA
86	3	3	exact_null_point_mass	exact_null_point_mass	point_mass	0	none	no_benefit	0	0	NA	0	0	1000	360	600	1000	1000	360	743	0.64	0.257	6.12316958572706	24	24	0	2	1	10	4	1	5000	2500	1	0.99	14	10000	101085	0.5366	0.7781	0.220059387711982	-4.90292124200283	0.222943789449428	5.29956773228507	10.2024889742879	0.421852038260039	-0.64665366436741	0.427428047817091	1.48777425473833	2.13442791910574	0.535634861802393	0.456208957615062	-10.6582297739083	0.431986554756232	11.6417886501807	22.300018424089	0.0557	0.787	0.765675497932026	-1.15777755325561	0.778388259116442	2.73465964609299	3.8924371993486	0	NA	NA	NA	NA	NA	NA	1	0.220059387711982	0.0484261341201724	1	0.421852038260039	0.17795914218415	1	0.456208957615062	0.208126613008222	1	0.765675497932026	0.586258968133456	1.00132439493932	4390.22780621228	0	1.00142239357859	12990.9325538157	0	NA	NA	NA	NA	NA	NA	NA	NA
4	3	3	exact_null_point_mass	exact_null_point_mass	point_mass	0	none	no_benefit	0	0	NA	0	0	1000	360	600	1000	1000	360	748	0.64	0.252	6.45452459213612	24	24	0	2	1	10	4	1	5000	2500	1	0.99	14	10000	101003	0.3904	0.0686	-0.712214142182373	-5.78348306431981	-0.729910789040932	4.49257061160841	10.2760536759282	-0.809810265959028	-1.87531101609734	-0.822292651847344	0.271426524261762	2.1467375403591	0.430827067669173	-0.976549649580476	-12.00483914955	-0.902058590899666	10.2157058003457	22.2205449498957	0.069	0.0115	-1.94043514219822	-3.59446672248649	-1.94484634963894	-0.286329846906463	3.30813687558002	0	NA	NA	NA	NA	NA	NA	1	-0.712214142182373	0.507248984324573	1	-0.809810265959028	0.655792666852632	1	-0.976549649580476	0.953649218095751	0	-1.94043514219822	3.76528854107783	1.00143404502224	4385.45307237394	0	1.00157366907687	9884.76722350058	0	NA	NA	NA	NA	NA	NA	NA	NA
1	3	3	exact_null_point_mass	exact_null_point_mass	point_mass	0	none	no_benefit	0	0	NA	0	0	1000	360	600	1000	1000	360	744	0.64	0.256	5.89877857430284	24	24	0	2	1	10	4	1	5000	2500	1	0.99	14	10000	101000	0.4479	0.7038	-0.373046325029164	-6.08439884899029	-0.378089230959911	5.34839620611287	11.4327950551032	0.300778039435938	-0.785069282049008	0.302088721034972	1.40171451707423	2.18678379912324	0.478191148171905	-0.384519355247719	-12.1593436695629	-0.290938609980673	11.3773637515	23.536707421063	0.0646	0.7873	0.822455919105868	-1.28616374751013	0.854708585025644	2.78187274560182	4.06803649311196	0	NA	NA	NA	NA	NA	NA	1	-0.373046325029164	0.139163560617765	1	0.300778039435938	0.0904674290069266	1	-0.384519355247719	0.147855134560121	1	0.822455919105868	0.676433738872279	1.00181902537659	4249.05475110529	0	1.00229510893515	12561.5662502454	0	NA	NA	NA	NA	NA	NA	NA	NA
85	3	3	exact_null_point_mass	exact_null_point_mass	point_mass	0	none	no_benefit	0	0	NA	0	0	1000	360	600	1000	1000	360	738	0.64	0.262	6.42262892531124	24	24	0	2	1	10	4	1	5000	2500	1	0.99	14	10000	101084	0.5855	0.7398	0.5622390218414	-4.68503499597751	0.577559515335498	5.60587400581942	10.2909090017969	0.348829428873727	-0.747366888211778	0.343501231417726	1.41372664703349	2.16109353524527	0.550600343053173	0.688777192174273	-10.5798972702081	0.68141474142381	11.7178350817349	22.2977323519429	0.0672	0.8437	1.24726823021939	-1.2575946949779	1.28183672370283	3.41118393249458	4.66877862747248	0	NA	NA	NA	NA	NA	NA	1	0.5622390218414	0.316112717681174	1	0.348829428873727	0.121681970448371	1	0.688777192174273	0.474414020459476	1	1.24726823021939	1.55567803811461	1.00162565968387	4543.29345065059	0	1.00186494937141	12208.9524869984	0	NA	NA	NA	NA	NA	NA	NA	NA
49	3	3	exact_null_point_mass	exact_null_point_mass	point_mass	0	none	no_benefit	0	0	NA	0	0	1000	360	600	1000	1000	360	724	0.64	0.276	6.20203111620751	24	24	0	2	1	10	4	1	5000	2500	1	0.99	14	10000	101048	0.5821	0.6927	0.514277546700886	-4.63660625068959	0.521451794866262	5.55658465179848	10.1931909024881	0.280952221884355	-0.817979978187667	0.284394323523665	1.38960142477223	2.2075814029599	0.572565445026178	0.906262362374916	-9.83104167574491	0.816249144377895	11.923940383703	21.7549820594479	0.045	0.8648	1.13351764157659	-0.86456243542689	1.14202595074147	3.09772387357413	3.96228630900102	0	NA	NA	NA	NA	NA	NA	1	0.514277546700886	0.264481395040682	1	0.280952221884355	0.0789341509817561	1	0.906262362374916	0.821311469457363	1	1.13351764157659	1.28486224376535	1.00154334266	4182.38036556413	0	1.00100881658632	9692.64773241807	0	NA	NA	NA	NA	NA	NA	NA	NA
52	3	3	exact_null_point_mass	exact_null_point_mass	point_mass	0	none	no_benefit	0	0	NA	0	0	1000	360	600	1000	1000	360	751	0.64	0.249	5.9308144325839	24	24	0	2	1	10	4	1	5000	2500	1	0.99	14	10000	101051	0.5944	0.7343	0.66958167578464	-4.89974730551016	0.677312966069739	6.17136325939233	11.0711105649025	0.340366789181278	-0.752350326575188	0.344837882890437	1.39872481909195	2.15107514566714	0.553837953091684	0.771540381290531	-11.1659780617393	0.735524293638318	12.375270825501	23.5412488872402	0.062	0.8279	0.912448491384677	-1.03933848119416	0.939912388988644	2.69824883033306	3.73758731152722	0	NA	NA	NA	NA	NA	NA	1	0.66958167578464	0.448339620546567	1	0.340366789181278	0.115849551177573	1	0.771540381290531	0.595274559961939	1	0.912448491384677	0.832562249430173	1.00220729387032	4110.94366081185	0	1.00148394938988	11324.7168532966	0	NA	NA	NA	NA	NA	NA	NA	NA
51	3	3	exact_null_point_mass	exact_null_point_mass	point_mass	0	none	no_benefit	0	0	NA	0	0	1000	360	600	1000	1000	360	758	0.64	0.242	6.02505702957658	24	24	0	2	1	10	4	1	5000	2500	1	0.99	14	10000	101050	0.7494	0.8391	1.72018188881083	-3.49062464329561	1.77206038146405	6.47934269257041	9.96996733586602	0.51997455959148	-0.505594187218128	0.520940097380866	1.55285561935124	2.05844980656937	0.8516034374345	4.35587309873577	-6.27877098136278	4.0605131034072	14.5320142224174	20.8107852037802	0.0458	0.5225	0.111579399801384	-1.41101640744227	0.0421477486707964	1.95613386254864	3.36715026999091	0	NA	NA	NA	NA	NA	NA	1	1.72018188881083	2.95902573059281	1	0.51997455959148	0.270373542622354	1	4.35587309873577	18.97363045229	1	0.111579399801384	0.0124499624600371	1.00166261882651	4693.81887752913	0	1.00138195141387	12822.7684735433	0	NA	NA	NA	NA	NA	NA	NA	NA
89	3	3	exact_null_point_mass	exact_null_point_mass	point_mass	0	none	no_benefit	0	0	NA	0	0	1000	360	600	1000	1000	360	736	0.64	0.264	6.20471929423931	24	24	0	2	1	10	4	1	5000	2500	1	0.99	14	10000	101088	0.3712	0.0338	-0.851293033986242	-5.99291453007631	-0.874363117970369	4.33606331189442	10.3289778419707	-1.00004118800542	-2.07383389743262	-1.00279229941799	0.0700348551687363	2.14386875260135	0.394588859416446	-1.38574101449747	-12.3261212412773	-1.23735018210841	9.6177146332021	21.9438358744794	0.0575	0.0714	-1.69287506489967	-4.09508818826075	-1.67299834714173	0.488681605767826	4.58376979402858	0	NA	NA	NA	NA	NA	NA	1	-0.851293033986242	0.724699829713502	1	-1.00004118800542	1.0000823777073	1	-1.38574101449747	1.92027815926048	1	-1.69287506489967	2.86582598535907	1.00171199120887	4344.58257821866	0	1.00104902848633	11866.0921275939	0	NA	NA	NA	NA	NA	NA	NA	NA
62	3	3	exact_null_point_mass	exact_null_point_mass	point_mass	0	none	no_benefit	0	0	NA	0	0	1000	360	600	1000	1000	360	760	0.64	0.24	5.94984739446263	24	24	0	2	1	10	4	1	5000	2500	1	0.99	14	10000	101061	0.3769	0.0342	-0.945049383263297	-6.58013086583221	-0.978355524529994	4.76757982165464	11.3477106874869	-0.996465817872916	-2.04251566007264	-0.995733804950133	0.0714151528245272	2.11393081289717	0.418914562063407	-1.27712557606986	-12.9719462642131	-1.12795803037751	10.6148388058688	23.5867850700819	0.0695	0.0401	-1.99517617448919	-4.19099486452012	-2.01279210349715	0.222790621732325	4.41378548625244	0	NA	NA	NA	NA	NA	NA	1	-0.945049383263297	0.893118336806337	1	-0.996465817872916	0.992944126189139	1	-1.27712557606986	1.63104973705177	1	-1.99517617448919	3.98072796724931	1.00175711574091	4298.20513145228	0	1.00122097281942	12899.4839266982	0	NA	NA	NA	NA	NA	NA	NA	NA
50	3	3	exact_null_point_mass	exact_null_point_mass	point_mass	0	none	no_benefit	0	0	NA	0	0	1000	360	600	1000	1000	360	757	0.64	0.243	5.92922122849427	24	24	0	2	1	10	4	1	5000	2500	1	0.99	14	10000	101049	0.4448	0.6813	-0.382981085112663	-5.92772811310553	-0.414951251346851	5.26884041130715	11.1965685244127	0.251107287916737	-0.825778081726556	0.251281409493661	1.30967543116678	2.13545351289334	0.46985891406584	-0.42059629956372	-12.0798683653977	-0.404410190815466	11.7303085985327	23.8101769639305	0.0644	0.5353	0.110391862081064	-1.9367096779102	0.100396536661738	2.2663097589156	4.2030194368258	0	NA	NA	NA	NA	NA	NA	1	-0.382981085112663	0.146674511554073	1	0.251107287916737	0.0630548700448989	1	-0.42059629956372	0.176901247206694	1	0.110391862081064	0.0121863632137247	1.00134987752683	4054.65939168175	0	1.00219304592992	11015.3810272809	0	NA	NA	NA	NA	NA	NA	NA	NA
66	3	3	exact_null_point_mass	exact_null_point_mass	point_mass	0	none	no_benefit	0	0	NA	0	0	1000	360	600	1000	1000	360	730	0.64	0.27	6.77850035407227	24	24	0	2	1	10	4	1	5000	2500	1	0.99	14	10000	101065	0.6016	0.7646	0.703850013382908	-4.66698150120191	0.736907608666303	6.07063982752405	10.737621328726	0.396380450237049	-0.679669695374282	0.394676790312668	1.48486496309854	2.16453465847283	0.567558817181092	0.914365111552657	-10.5048841472733	0.836328887321244	12.1257767803229	22.6306609275962	0.0734	0.5954	0.264764681427165	-2.09482367911752	0.278505409200613	2.48836205701	4.58318573612751	0	NA	NA	NA	NA	NA	NA	1	0.703850013382908	0.495404841339119	1	0.396380450237049	0.157117461330126	1	0.914365111552657	0.836063557224703	1	0.264764681427165	0.0701003365312281	1.00139583701193	4240.96967499589	0	1.00109917320789	11672.442598078	0	NA	NA	NA	NA	NA	NA	NA	NA
65	3	3	exact_null_point_mass	exact_null_point_mass	point_mass	0	none	no_benefit	0	0	NA	0	0	1000	360	600	1000	1000	360	748	0.64	0.252	6.29274034921915	24	24	0	2	1	10	4	1	5000	2500	1	0.99	14	10000	101064	0.6093	0.798	0.673488252059369	-4.68627838234245	0.754220125297826	5.77371752744768	10.4599959097901	0.457075982653874	-0.603739270193085	0.465958624324214	1.52210674962676	2.12584601981984	0.580129911617506	1.12116966576121	-10.2555567682916	0.982298158536427	12.0919611934229	22.3475179617144	0.0609	0.8544	1.14407515128045	-0.961063184456928	1.14641866758923	3.27168966936382	4.23275285382075	0	NA	NA	NA	NA	NA	NA	1	0.673488252059369	0.453586425661985	1	0.457075982653874	0.208918453919005	1	1.12116966576121	1.25702141942309	1	1.14407515128045	1.30890795177738	1.00204955680101	4711.8378291918	0	1.00216903665565	12750.4838704994	0	NA	NA	NA	NA	NA	NA	NA	NA
67	3	3	exact_null_point_mass	exact_null_point_mass	point_mass	0	none	no_benefit	0	0	NA	0	0	1000	360	600	1000	1000	360	765	0.64	0.235	5.87832900298528	24	24	0	2	1	10	4	1	5000	2500	1	0.99	14	10000	101066	0.5195	0.2942	0.162321066860483	-5.33472375926892	0.157396357963218	5.78656265575247	11.1212864150214	-0.295661647739189	-1.35928741792937	-0.297163936116907	0.772089140939002	2.13137655886837	0.510382280907252	0.171235087488089	-11.5568750610693	0.114043066964836	12.1018716381088	23.6587466991782	0.0609	0.401	-0.196261387624118	-1.8558121825927	-0.211116038434877	1.493629576912	3.3494417595047	0	NA	NA	NA	NA	NA	NA	1	0.162321066860483	0.0263481287467255	1	-0.295661647739189	0.0874158099438523	1	0.171235087488089	0.0293214551870537	1	-0.196261387624118	0.0385185322721443	1.00157811934156	4232.40452724144	0	1.00118666757905	11487.2175548022	0	NA	NA	NA	NA	NA	NA	NA	NA
7	3	3	exact_null_point_mass	exact_null_point_mass	point_mass	0	none	no_benefit	0	0	NA	0	0	1000	360	600	1000	1000	360	761	0.64	0.239	6.18560958349993	24	24	0	2	1	10	4	1	5000	2500	1	0.99	14	10000	101006	0.5411	0.4506	0.293150375748699	-4.84992010208979	0.302736164902894	5.36227997506537	10.2122000771552	-0.0652959330266127	-1.13050763628776	-0.0642668635349226	1.0001106685016	2.13061830478936	0.542289080580686	0.519848318715023	-10.5583190690274	0.458239188469258	11.4568707522021	22.0151898212295	0.0494	0.473	-0.113476707408813	-2.25649439737528	-0.0716264773044335	1.98551830456702	4.2420127019423	0	NA	NA	NA	NA	NA	NA	1	0.293150375748699	0.0859371428016036	1	-0.0652959330266127	0.00426355886981589	1	0.519848318715023	0.270242274470836	1	-0.113476707408813	0.0128769631243454	1.00171373207269	4052.27803112642	0	1.00104834757711	10400.8763610599	0	NA	NA	NA	NA	NA	NA	NA	NA
55	3	3	exact_null_point_mass	exact_null_point_mass	point_mass	0	none	no_benefit	0	0	NA	0	0	1000	360	600	1000	1000	360	762	0.64	0.238	6.46271522439363	24	24	0	2	1	10	4	1	5000	2500	1	0.99	14	10000	101054	0.4868	0.661	-0.0960521249609565	-5.35592359045956	-0.0856978167377314	5.19111336409116	10.5470369545507	0.23873406999715	-0.811944712358115	0.235380651967127	1.32269629866023	2.13464101101835	0.491986662364204	-0.0888704736264498	-11.2153109319905	-0.101531765329081	11.2821705479319	22.4974814799224	0.0703	0.6709	0.398734939470253	-1.59060418110417	0.424410711688568	2.43677428684679	4.02737846795096	0	NA	NA	NA	NA	NA	NA	1	-0.0960521249609565	0.00922601070951519	1	0.23873406999715	0.0569939561774041	1	-0.0888704736264498	0.0078979610825895	1	0.398734939470253	0.158989551954346	1.00141061809179	4392.30644519349	0	1.00126643527151	12548.2137552278	0	NA	NA	NA	NA	NA	NA	NA	NA
27	3	3	exact_null_point_mass	exact_null_point_mass	point_mass	0	none	no_benefit	0	0	NA	0	0	1000	360	600	1000	1000	360	748	0.64	0.252	6.29486253063721	24	24	0	2	1	10	4	1	5000	2500	1	0.99	14	10000	101026	0.4447	0.3821	-0.334456693676826	-5.44900032112479	-0.397760767329662	4.90090006608557	10.3499003872104	-0.167182455534616	-1.23821046487936	-0.164477716249833	0.924984909897422	2.16319537477678	0.461932181701855	-0.557738799617667	-11.7910214443321	-0.489303629613747	10.7210072177283	22.5120286620604	0.0622	0.1575	-1.10394782577324	-3.23008365391169	-1.09447473268017	1.00631690926496	4.23640056317665	0	NA	NA	NA	NA	NA	NA	1	-0.334456693676826	0.111861279945234	1	-0.167182455534616	0.027949973438584	1	-0.557738799617667	0.311072568598956	1	-1.10394782577324	1.21870080202947	1.0016956147007	4627.15227008857	0	1.00140666064483	12183.3827250359	0	NA	NA	NA	NA	NA	NA	NA	NA
5	3	3	exact_null_point_mass	exact_null_point_mass	point_mass	0	none	no_benefit	0	0	NA	0	0	1000	360	600	1000	1000	360	752	0.64	0.248	6.03676378702834	24	24	0	2	1	10	4	1	5000	2500	1	0.99	14	10000	101004	0.6612	0.5466	1.06630628992198	-4.101176045816	1.07373963238792	6.08815639569705	10.189332441513	0.0690894293763012	-0.990958579082635	0.0619466775044453	1.14085868158278	2.13181726066541	0.704111911827045	2.5876219997382	-9.14321459902302	2.47728281775694	13.4476285215959	22.590843120619	0.0564	0.7906	0.871109891372102	-1.46129582874312	0.970449849507265	2.74642181837247	4.20771764711559	0	NA	NA	NA	NA	NA	NA	1	1.06630628992198	1.13700910392718	1	0.0690894293763012	0.00477334925154291	1	2.5876219997382	6.69578761352911	1	0.871109891372102	0.758832442846315	1.00140059101905	4416.887612046	0	1.00238240395167	14541.0787513593	0	NA	NA	NA	NA	NA	NA	NA	NA
102	3	3	exact_null_point_mass	exact_null_point_mass	point_mass	0	none	no_benefit	0	0	NA	0	0	1000	360	600	1000	1000	360	741	0.64	0.259	6.25494149715599	24	24	0	2	1	10	4	1	5000	2500	1	0.99	14	10000	101101	0.4843	0.2158	-0.107374813706486	-5.20720895512231	-0.103612976632295	5.00811823171078	10.2153271868331	-0.425217967188737	-1.48804666686692	-0.426863009355834	0.641025829063714	2.12907249593063	0.508428436812899	0.204455103428945	-10.6634822203063	0.0799147176607189	11.0640317911989	21.7275140115052	0.0449	0.4357	-0.322442232154282	-2.62669307289832	-0.221814391175324	1.71669431147517	4.3433873843735	0	NA	NA	NA	NA	NA	NA	1	-0.107374813706486	0.0115293506185025	1	-0.425217967188737	0.180810319620122	1	0.204455103428945	0.0418018893181406	1	-0.322442232154282	0.103968993076636	1.0012568824206	4334.39221905187	0	1.00205417425711	12763.9861702778	0	NA	NA	NA	NA	NA	NA	NA	NA
8	3	3	exact_null_point_mass	exact_null_point_mass	point_mass	0	none	no_benefit	0	0	NA	0	0	1000	360	600	1000	1000	360	741	0.64	0.259	5.95052945227042	24	24	0	2	1	10	4	1	5000	2500	1	0.99	14	10000	101007	0.5753	0.8291	0.537585987847942	-5.01344509763838	0.575384870493567	6.01534805520754	11.0287931528459	0.520312815424876	-0.541384122495345	0.517736193083733	1.59767852400736	2.1390626465027	0.555591156680551	0.819376168493286	-11.0899136331612	0.741145366526942	12.4555290438899	23.5454426770512	0.0637	0.8132	1.14877193010324	-1.05252799291263	1.15676550917213	3.45350886038708	4.50603685329971	0	NA	NA	NA	NA	NA	NA	1	0.537585987847942	0.288998694330448	1	0.520312815424876	0.270725425895361	1	0.819376168493286	0.671377305494737	1	1.14877193010324	1.31967694739312	1.00214555133839	4405.50329577082	0	1.00167918830143	10948.4149446943	0	NA	NA	NA	NA	NA	NA	NA	NA
114	3	3	exact_null_point_mass	exact_null_point_mass	point_mass	0	none	no_benefit	0	0	NA	0	0	1000	360	600	1000	1000	360	774	0.64	0.226	5.94019601450222	24	24	0	2	1	10	4	1	5000	2500	1	0.99	14	10000	101113	0.4617	0.2841	-0.273034801546011	-5.94098817676876	-0.284897531560741	5.37920687488334	11.3201950516521	-0.313141190382452	-1.36145331562909	-0.313987591143118	0.741019660842635	2.10247297647173	0.480141312493309	-0.315615315585333	-12.1302995817283	-0.256829035667913	11.4479065136764	23.5782060954047	0.0659	0.6612	0.32344088181872	-1.3770949894704	0.345059315146275	1.82598807578439	3.20308306525479	0	NA	NA	NA	NA	NA	NA	1	-0.273034801546011	0.0745480028552694	1	-0.313141190382452	0.0980574051141389	1	-0.315615315585333	0.0996130274320292	1	0.32344088181872	0.104614004031671	1.00132712194462	3885.20838212437	0	1.00174728406687	10455.987711065	0	NA	NA	NA	NA	NA	NA	NA	NA
6	3	3	exact_null_point_mass	exact_null_point_mass	point_mass	0	none	no_benefit	0	0	NA	0	0	1000	360	600	1000	1000	360	750	0.64	0.25	6.16976006626548	24	24	0	2	1	10	4	1	5000	2500	1	0.99	14	10000	101005	0.4673	0.6977	-0.194214027451907	-5.30405546431029	-0.222198729659596	4.88074837571861	10.1848038400289	0.284763387150867	-0.793808765147563	0.285286725891183	1.36345125630217	2.15726002144973	0.466975666280417	-0.38155236603953	-11.585661584761	-0.358657387111752	10.9592814365616	22.5449430213226	0.0507	0.603	0.292239908302844	-1.70893328219879	0.274044492673564	2.33972335955544	4.04865664175422	0	NA	NA	NA	NA	NA	NA	1	-0.194214027451907	0.03771908845909	1	0.284763387150867	0.0810901866616346	1	-0.38155236603953	0.145582208030363	1	0.292239908302844	0.0854041640048547	1.00159412871893	4473.72074125151	0	1.00133967161047	11734.731461007	0	NA	NA	NA	NA	NA	NA	NA	NA
103	3	3	exact_null_point_mass	exact_null_point_mass	point_mass	0	none	no_benefit	0	0	NA	0	0	1000	360	600	1000	1000	360	746	0.64	0.254	6.27338127131955	24	24	0	2	1	10	4	1	5000	2500	1	0.99	14	10000	101102	0.5435	0.7355	0.297550049765781	-4.6744516202274	0.286915593379528	5.34557427847865	10.0200258987061	0.347100970632614	-0.730481805198187	0.347264597347759	1.44122301213509	2.17170481733328	0.530220356768101	0.468340350816933	-10.3078568255185	0.362341340313648	11.5347845036956	21.8426413292141	0.047	0.7848	0.824705280056031	-1.24044902900026	0.852536699450526	2.7625652009909	4.00301422999116	0	NA	NA	NA	NA	NA	NA	1	0.297550049765781	0.0885360321156186	1	0.347100970632614	0.120479083814103	1	0.468340350816933	0.219342684203328	1	0.824705280056031	0.680138798952296	1.00126643093157	4495.98350165651	0	1.00160773030886	12236.9069535358	0	NA	NA	NA	NA	NA	NA	NA	NA
9	3	3	exact_null_point_mass	exact_null_point_mass	point_mass	0	none	no_benefit	0	0	NA	0	0	1000	360	600	1000	1000	360	760	0.64	0.24	5.99463808774905	24	24	0	2	1	10	4	1	5000	2500	1	0.99	14	10000	101008	0.6309	0.895	0.974388758729532	-4.83732132002322	0.993228512181985	6.59137062020648	11.4286919402297	0.67700148053741	-0.377249678533863	0.681700954225776	1.71052676215677	2.08777644069064	0.586011139674379	1.31228391872571	-10.3944684198742	1.21122643293487	12.9269414847096	23.3214099045838	0.0664	0.7078	0.582931665439469	-1.28904930317564	0.50718889729395	2.80793704121692	4.09698634439256	0	NA	NA	NA	NA	NA	NA	1	0.974388758729532	0.949433453138479	1	0.67700148053741	0.458331004649845	1	1.31228391872571	1.72208908334611	1	0.582931665439469	0.339809326572033	1.00174856981847	4232.00643014445	0	1.00215326590615	12020.3072012041	0	NA	NA	NA	NA	NA	NA	NA	NA
54	3	3	exact_null_point_mass	exact_null_point_mass	point_mass	0	none	no_benefit	0	0	NA	0	0	1000	360	600	1000	1000	360	740	0.64	0.26	6.59902734526112	24	24	0	2	1	10	4	1	5000	2500	1	0.99	14	10000	101053	0.4164	0.0787	-0.58240931606849	-5.86031825787573	-0.569211656813715	4.70811988588253	10.5684381437583	-0.796378259123886	-1.87596760245129	-0.802249953156654	0.287820492624852	2.16378809507615	0.450490248895593	-0.675870407867928	-11.9606394046264	-0.545696352237746	10.5886436846496	22.5492830892759	0.0719	0.072	-1.40601403485463	-3.19805487338755	-1.43957247580084	0.510785594179715	3.70884046756726	0	NA	NA	NA	NA	NA	NA	1	-0.58240931606849	0.339200611443367	1	-0.796378259123886	0.634218331605192	1	-0.675870407867928	0.456800808231559	1	-1.40601403485463	1.9768754662082	1.00138558503908	4411.34396528873	0	1.00198154377276	13774.8378750524	0	NA	NA	NA	NA	NA	NA	NA	NA
48	3	3	exact_null_point_mass	exact_null_point_mass	point_mass	0	none	no_benefit	0	0	NA	0	0	1000	360	600	1000	1000	360	765	0.64	0.235	6.51560939010636	24	24	0	2	1	10	4	1	5000	2500	1	0.99	14	10000	101047	0.5844	0.7342	0.533813296112203	-4.50719914498943	0.570419963544033	5.61587496650926	10.1230741114987	0.328843912831297	-0.699151214162882	0.331941956613741	1.35527534130167	2.05442655546456	0.553603747471521	0.67062208219882	-10.6073256194797	0.618794073555373	11.8902782940119	22.4976039134917	0.0607	0.701	0.389735114054569	-1.17336650308882	0.373495223598284	1.97547343099044	3.14883993407926	0	NA	NA	NA	NA	NA	NA	1	0.533813296112203	0.284956635106175	1	0.328843912831297	0.108138319006198	1	0.67062208219882	0.449733977132681	1	0.389735114054569	0.151893459127128	1.00137431244205	4538.56194977609	0	1.00243861975403	12726.48007441	0	NA	NA	NA	NA	NA	NA	NA	NA
26	3	3	exact_null_point_mass	exact_null_point_mass	point_mass	0	none	no_benefit	0	0	NA	0	0	1000	360	600	1000	1000	360	767	0.64	0.233	5.94171353049278	24	24	0	2	1	10	4	1	5000	2500	1	0.99	14	10000	101025	0.4657	0.5188	-0.266714822800391	-5.86489803522675	-0.264028217317358	5.44621984371798	11.3111178789447	0.0304476579671741	-1.0314184326281	0.0259689466081019	1.1053833714426	2.1368018040707	0.480703624733475	-0.304527999728739	-12.0919094356147	-0.247673959964776	11.3951481537659	23.4870575893806	0.062	0.3319	-0.346412429100209	-2.06913227983779	-0.436125829904668	1.68955893928371	3.7586912191215	0	NA	NA	NA	NA	NA	NA	1	-0.266714822800391	0.0711367967014441	1	0.0304476579671741	0.000927059875686022	1	-0.304527999728739	0.0927373026187868	1	-0.346412429100209	0.120001571035108	1.00113068856313	4370.11745550963	0	1.00151348251451	12977.8255261333	0	NA	NA	NA	NA	NA	NA	NA	NA
29	3	3	exact_null_point_mass	exact_null_point_mass	point_mass	0	none	no_benefit	0	0	NA	0	0	1000	360	600	1000	1000	360	778	0.64	0.222	6.06048565067134	24	24	0	2	1	10	4	1	5000	2500	1	0.99	14	10000	101028	0.4415	0.2851	-0.386144311022119	-5.51262444055355	-0.400291753982239	4.85155041600801	10.3641748565616	-0.289964342988317	-1.31200532959654	-0.29089030549402	0.755484842256666	2.0674901718532	0.463832487309645	-0.502698006556547	-11.5828764171164	-0.421951490076407	10.7660579180632	22.3489343351796	0.0544	0.289	-0.51207236419581	-2.26599803543216	-0.544476217715209	1.34795901050483	3.61395704593699	0	NA	NA	NA	NA	NA	NA	1	-0.386144311022119	0.149107428934747	1	-0.289964342988317	0.0840793202046465	1	-0.502698006556547	0.252705285795926	1	-0.51207236419581	0.262218106173086	1.00092623775721	3990.66661819883	0	1.00117506922346	14233.6571576348	0	NA	NA	NA	NA	NA	NA	NA	NA
104	3	3	exact_null_point_mass	exact_null_point_mass	point_mass	0	none	no_benefit	0	0	NA	0	0	1000	360	600	1000	1000	360	746	0.64	0.254	6.5740096917672	24	24	0	2	1	10	4	1	5000	2500	1	0.99	14	10000	101103	0.4984	0.28	-0.00350449836845553	-5.28386097651108	-0.0116184807862316	5.20541712153189	10.489278098043	-0.311261359949677	-1.35665858334359	-0.311295313308579	0.752781950321874	2.10944053366547	0.501293661060802	0.0165146340156627	-11.3162821486302	0.0161811698113041	11.3469155704901	22.6631977191203	0.0724	0.242	-0.680766620085544	-2.64234032501027	-0.644295563317664	1.1347687383778	3.77710906338807	0	NA	NA	NA	NA	NA	NA	1	-0.00350449836845553	1.22815088145074e-05	1	-0.311261359949677	0.0968836341977226	1	0.0165146340156627	0.000272733136671285	1	-0.680766620085544	0.463443191022695	1.00180108163887	4235.77513581394	0	1.00241443323341	10468.7416908906	0	NA	NA	NA	NA	NA	NA	NA	NA
30	3	3	exact_null_point_mass	exact_null_point_mass	point_mass	0	none	no_benefit	0	0	NA	0	0	1000	360	600	1000	1000	360	758	0.64	0.242	5.62476468124878	24	24	0	2	1	10	4	1	5000	2500	1	0.99	14	10000	101029	0.4344	0.2518	-0.456033203157182	-5.89380032601007	-0.480188490595475	5.1019082895369	10.995708615547	-0.367218764403425	-1.44773800094628	-0.362467646729181	0.685100164679685	2.13283816562597	0.448457963667089	-0.772644804364727	-12.4663008046075	-0.699582072739022	10.8937893439451	23.3600901485527	0.0532	0.0896	-1.0210234417579	-2.37085984542916	-1.06136418602153	0.539203873059589	2.91006371848875	0	NA	NA	NA	NA	NA	NA	1	-0.456033203157182	0.2079662823818	1	-0.367218764403425	0.134849620929978	1	-0.772644804364727	0.596979993711808	1	-1.0210234417579	1.04248886861915	1.0014245554491	4547.25812023391	0	1.00149787703721	15686.2568910303	0	NA	NA	NA	NA	NA	NA	NA	NA
57	3	3	exact_null_point_mass	exact_null_point_mass	point_mass	0	none	no_benefit	0	0	NA	0	0	1000	360	600	1000	1000	360	776	0.64	0.224	5.716670647081	24	24	0	2	1	10	4	1	5000	2500	1	0.99	14	10000	101056	0.36	0.0211	-1.04007835546197	-6.58207834197061	-1.0585643980427	4.59049874950469	11.1725770914753	-1.06968570537304	-2.09399662039956	-1.06611664732575	-0.0408967875837312	2.05309983281583	0.398117796341334	-1.46007554162722	-12.859357189347	-1.42033364145038	10.1785840731767	23.0379412625236	0.0543	0.0231	-1.33630937259409	-3.03403989418303	-1.26949302594948	-0.0235477758934464	3.01049211828958	0	NA	NA	NA	NA	NA	NA	1	-1.04007835546197	1.08176298550047	0	-1.06968570537304	1.14422750827942	1	-1.46007554162722	2.13182058725801	0	-1.33630937259409	1.78572273928282	1.00194649918701	4107.34094958367	0	1.00119573234674	10642.2201637918	0	NA	NA	NA	NA	NA	NA	NA	NA
61	3	3	exact_null_point_mass	exact_null_point_mass	point_mass	0	none	no_benefit	0	0	NA	0	0	1000	360	600	1000	1000	360	748	0.64	0.252	6.61119616301785	24	24	0	2	1	10	4	1	5000	2500	1	0.99	14	10000	101060	0.5197	0.3739	0.139093244305258	-5.10504859201313	0.142531243499935	5.44147352567424	10.5465221176874	-0.170478806558528	-1.23043632495633	-0.172455747508797	0.87311013757038	2.10354646252671	0.511501597444089	0.173229357358485	-10.9864920715129	0.139190468681861	11.3774428523465	22.3639349238594	0.061	0.5605	0.0718763840482182	-2.21489848023536	0.126309994315235	1.9080693319197	4.12296781215506	0	NA	NA	NA	NA	NA	NA	1	0.139093244305258	0.0193469306113622	1	-0.170478806558528	0.02906302348562	1	0.173229357358485	0.0300084102508336	1	0.0718763840482182	0.00516621458384696	1.00139727155996	4368.18954069376	0	1.00178987602192	11067.4384586463	0	NA	NA	NA	NA	NA	NA	NA	NA
28	3	3	exact_null_point_mass	exact_null_point_mass	point_mass	0	none	no_benefit	0	0	NA	0	0	1000	360	600	1000	1000	360	771	0.64	0.229	5.88211379597343	24	24	0	2	1	10	4	1	5000	2500	1	0.99	14	10000	101027	0.4829	0.2201	-0.152621399588763	-5.80204436810136	-0.125131175059539	5.36904508841795	11.1710894565193	-0.416222605208819	-1.46223848072934	-0.415427657280187	0.650516320383296	2.11275480111263	0.47961247737677	-0.316406120959186	-12.1166361146679	-0.28683910515042	11.5192460735	23.6358821881678	0.0607	0.1788	-0.852011950807426	-2.69113982458214	-0.84516811671608	1.03257161515759	3.72371143973973	0	NA	NA	NA	NA	NA	NA	1	-0.152621399588763	0.0232932916124327	1	-0.416222605208819	0.173241257086817	1	-0.316406120959186	0.100112833380439	1	-0.852011950807426	0.725924364318676	1.00155980833995	4459.66826678406	0	1.00178471342391	10296.5381889298	0	NA	NA	NA	NA	NA	NA	NA	NA
56	3	3	exact_null_point_mass	exact_null_point_mass	point_mass	0	none	no_benefit	0	0	NA	0	0	1000	360	600	1000	1000	360	772	0.64	0.228	6.39146278786849	24	24	0	2	1	10	4	1	5000	2500	1	0.99	14	10000	101055	0.5138	0.7923	0.0872709640372573	-5.14507074061409	0.0799302477044321	5.42625694742273	10.5713276880368	0.431512918522224	-0.602328326304123	0.430116095825866	1.46178077715861	2.06410910346273	0.506632707205773	0.0695030315469425	-10.9140972134285	0.0757723879605976	11.2319616598811	22.1460588733095	0.0577	0.6168	0.286965532890837	-1.47081069860353	0.268648083271873	2.15113710980849	3.62194780841202	0	NA	NA	NA	NA	NA	NA	1	0.0872709640372573	0.00761622116399226	1	0.431512918522224	0.186203398851567	1	0.0695030315469425	0.00483067139421528	1	0.286965532890837	0.0823492170673218	1.00269813351521	4488.37862276919	0	1.00149376598299	11649.1500536992	0	NA	NA	NA	NA	NA	NA	NA	NA
37	3	3	exact_null_point_mass	exact_null_point_mass	point_mass	0	none	no_benefit	0	0	NA	0	0	1000	360	600	1000	1000	360	742	0.64	0.258	6.13321281209276	24	24	0	2	1	10	4	1	5000	2500	1	0.99	14	10000	101036	0.2747	0.3499	-1.60197972510095	-6.54055309799966	-1.61698927652586	3.40881103732065	9.94936413532031	-0.216622961829581	-1.3008439327082	-0.214961508358264	0.88001377431332	2.18085770702152	0.234482031826325	-3.40836783400015	-13.724217126965	-3.158872745495	6.7969179374377	20.5211350644027	0.0511	0.4983	-0.065401240898074	-2.08890195636701	-0.0045868116345833	1.64440678821883	3.73330874458584	0	NA	NA	NA	NA	NA	NA	1	-1.60197972510095	2.56633903963453	1	-0.216622961829581	0.0469255075918202	1	-3.40836783400015	11.6169712918469	1	-0.065401240898074	0.00427732231100791	1.00096913821334	4541.9543323228	0	1.00140274904135	11359.8100813371	0	NA	NA	NA	NA	NA	NA	NA	NA
10	3	3	exact_null_point_mass	exact_null_point_mass	point_mass	0	none	no_benefit	0	0	NA	0	0	1000	360	600	1000	1000	360	724	0.64	0.276	6.43733047663132	24	24	0	2	1	10	4	1	5000	2500	1	0.99	14	10000	101009	0.552	0.8535	0.365892887764453	-4.68609098032184	0.359270751461089	5.48759139547919	10.173682375801	0.574133745212758	-0.498996960718095	0.575022035136299	1.63021247143759	2.12920943215569	0.533012820512821	0.525875670161601	-10.500178092999	0.408148987806383	11.6423029187427	22.1424810117417	0.064	0.8556	1.15908022664118	-1.15057205540108	1.18237505166206	3.26469120925955	4.41526326466063	0	NA	NA	NA	NA	NA	NA	1	0.365892887764453	0.133877605316611	1	0.574133745212758	0.329629557392028	1	0.525875670161601	0.276545220467913	1	1.15908022664118	1.34346697179057	1.00169060946756	4485.14523814777	0	1.00157620647553	12985.6516437845	0	NA	NA	NA	NA	NA	NA	NA	NA
3	3	3	exact_null_point_mass	exact_null_point_mass	point_mass	0	none	no_benefit	0	0	NA	0	0	1000	360	600	1000	1000	360	767	0.64	0.233	5.93561435374327	24	24	0	2	1	10	4	1	5000	2500	1	0.99	14	10000	101002	0.5175	0.7906	0.124340496722692	-5.45029960186885	0.124787463089421	5.75154146289992	11.2018410647688	0.436168407705135	-0.643384899306934	0.434599880998165	1.50271341729224	2.14609831659918	0.515038395904437	0.186446791111839	-11.7973877463313	0.196358767266012	12.1578642152991	23.9552519616304	0.0624	0.819	0.93914368342677	-0.992466587311754	0.933403734228532	2.87982427202408	3.87229085933584	0	NA	NA	NA	NA	NA	NA	1	0.124340496722692	0.0154605591252458	1	0.436168407705135	0.190242879880033	1	0.186446791111839	0.0347624059159016	1	0.93914368342677	0.881990858120401	1.00180737837578	4069.04264101737	0	1.00213965389304	10771.9970422749	0	NA	NA	NA	NA	NA	NA	NA	NA
12	3	3	exact_null_point_mass	exact_null_point_mass	point_mass	0	none	no_benefit	0	0	NA	0	0	1000	360	600	1000	1000	360	767	0.64	0.233	6.58587288588317	24	24	0	2	1	10	4	1	5000	2500	1	0.99	14	10000	101011	0.3976	0.066	-0.660707284024674	-5.8734318276201	-0.695924409262716	4.56705045095565	10.4404822785758	-0.787477756592908	-1.82776786511465	-0.786757119418207	0.242011418334028	2.06977928344868	0.441226941226941	-0.781835096921259	-11.977261054975	-0.714526067922134	10.401048730005	22.3783097849801	0.0676	0.0266	-1.72821204333385	-3.23953199460246	-1.76641390058625	0.0272581204930428	3.2667901150955	0	NA	NA	NA	NA	NA	NA	1	-0.660707284024674	0.436534115163262	1	-0.787477756592908	0.620121217128599	1	-0.781835096921259	0.611266118777874	1	-1.72821204333385	2.98671686672416	1.00201384769091	4413.08953331283	0	1.00196408305404	12757.8132051976	0	NA	NA	NA	NA	NA	NA	NA	NA
53	3	3	exact_null_point_mass	exact_null_point_mass	point_mass	0	none	no_benefit	0	0	NA	0	0	1000	360	600	1000	1000	360	747	0.64	0.253	5.87837803540592	24	24	0	2	1	10	4	1	5000	2500	1	0.99	14	10000	101052	0.4392	0.0702	-0.418046284818338	-5.91831831838881	-0.480132562934862	5.24658699974328	11.1649053181321	-0.810609600677974	-1.87073380086777	-0.807678018291297	0.258240568325108	2.12897436919288	0.454069643238624	-0.63274470849664	-12.3105007872155	-0.608529108758702	11.3554417156166	23.6659425028321	0.0638	0.0696	-1.51101903082166	-3.55283301099072	-1.48909307750768	0.547873181661174	4.1007061926519	0	NA	NA	NA	NA	NA	NA	1	-0.418046284818338	0.174762696250415	1	-0.810609600677974	0.657087924711304	1	-0.63274470849664	0.400365866130498	1	-1.51101903082166	2.28317851150523	1.00139762107266	4065.87042416594	0	1.00127822055495	10968.1434238758	0	NA	NA	NA	NA	NA	NA	NA	NA
11	3	3	exact_null_point_mass	exact_null_point_mass	point_mass	0	none	no_benefit	0	0	NA	0	0	1000	360	600	1000	1000	360	771	0.64	0.229	5.58124613960749	24	24	0	2	1	10	4	1	5000	2500	1	0.99	14	10000	101010	0.4782	0.2929	-0.160168570897967	-5.6777140903322	-0.138637312197608	5.33369834604078	11.011412436373	-0.2915408963719	-1.34572059244059	-0.298626310221264	0.77418505019702	2.11990564263761	0.475157894736842	-0.343703757026142	-12.129042411297	-0.283697886915331	11.2665272372557	23.3955696485527	0.05	0.4805	-0.107291201934036	-2.05877229419428	-0.0375792348747961	1.36742899943344	3.42620129362772	0	NA	NA	NA	NA	NA	NA	1	-0.160168570897967	0.025653971103497	1	-0.2915408963719	0.0849960942573309	1	-0.343703757026142	0.118132272593886	1	-0.107291201934036	0.0115114020124501	1.00176075488786	4529.06826897599	0	1.00132937433	12055.8556159554	0	NA	NA	NA	NA	NA	NA	NA	NA
63	3	3	exact_null_point_mass	exact_null_point_mass	point_mass	0	none	no_benefit	0	0	NA	0	0	1000	360	600	1000	1000	360	769	0.64	0.231	6.24484587816852	24	24	0	2	1	10	4	1	5000	2500	1	0.99	14	10000	101062	0.4336	0.5877	-0.427541335411135	-5.51269707803235	-0.446729527308719	4.81535310670052	10.3280501847329	0.114129524284731	-0.940110286573564	0.116790651003926	1.16532786787843	2.105438154452	0.455419395732094	-0.724648224423232	-11.7620676438477	-0.568734858910402	10.3557437301315	22.1178113739792	0.0534	0.4429	-0.116419542625991	-1.96436663994293	-0.12426204429904	1.70463828218837	3.6690049221313	0	NA	NA	NA	NA	NA	NA	1	-0.427541335411135	0.182791593485137	1	0.114129524284731	0.0130255483134591	1	-0.724648224423232	0.525115049159743	1	-0.116419542625991	0.013553509905245	1.00137371135191	4337.53885867771	0	1.00194266903628	13014.1351937736	0	NA	NA	NA	NA	NA	NA	NA	NA
31	3	3	exact_null_point_mass	exact_null_point_mass	point_mass	0	none	no_benefit	0	0	NA	0	0	1000	360	600	1000	1000	360	770	0.64	0.23	5.62425577794254	24	24	0	2	1	10	4	1	5000	2500	1	0.99	14	10000	101030	0.5398	0.605	0.237530717614443	-5.35397952523201	0.293627067437694	5.73936816827387	11.0933476935059	0.136725174515722	-0.929350043203037	0.142771324438602	1.17180316292599	2.10115320612903	0.517928707023835	0.187515498308518	-11.7805215255962	0.196719523035908	11.9439603740093	23.7244818996054	0.0518	0.3505	-0.296932736854786	-1.97261130491981	-0.307104372793953	1.48213557205278	3.45474687697258	0	NA	NA	NA	NA	NA	NA	1	0.237530717614443	0.0564208418104324	1	0.136725174515722	0.0186937733463546	1	0.187515498308518	0.0351620621058919	1	-0.296932736854786	0.0881690502160734	1.00150136699237	4431.4712790133	0	1.00172711130252	11868.2570725129	0	NA	NA	NA	NA	NA	NA	NA	NA
84	3	3	exact_null_point_mass	exact_null_point_mass	point_mass	0	none	no_benefit	0	0	NA	0	0	1000	360	600	1000	1000	360	734	0.64	0.266	6.50004613669095	24	24	0	2	1	10	4	1	5000	2500	1	0.99	14	10000	101083	0.4167	0.1551	-0.533191222008676	-5.74281546959337	-0.557146798737619	4.74969165088482	10.4925071204782	-0.557506442201867	-1.63819130568609	-0.558815766399388	0.515724039299687	2.15391534498578	0.441444337297761	-0.788363327990224	-11.79555883443	-0.716035099989153	10.3569466022299	22.1525054366599	0.0667	0.2027	-0.945499872156977	-3.11588466391437	-0.971199963495777	1.27281032939789	4.38869499331226	0	NA	NA	NA	NA	NA	NA	1	-0.533191222008676	0.284292879227105	1	-0.557506442201867	0.310813433096583	1	-0.788363327990224	0.621516736919821	1	-0.945499872156977	0.893970008248861	1.00144832085651	4372.05388891118	0	1.00120268136792	12326.0242196188	0	NA	NA	NA	NA	NA	NA	NA	NA
19	3	3	exact_null_point_mass	exact_null_point_mass	point_mass	0	none	no_benefit	0	0	NA	0	0	1000	360	600	1000	1000	360	761	0.64	0.239	6.02180335249133	24	24	0	2	1	10	4	1	5000	2500	1	0.99	14	10000	101018	0.3235	0.1327	-1.21036941949688	-6.29381320260832	-1.23708217588936	4.04803550027893	10.3418487028873	-0.602524575422362	-1.6619671971162	-0.604570909380657	0.459652233591803	2.121619430708	0.325417201540436	-2.3334544651208	-13.3492619755541	-2.2191591987443	8.9111486278979	22.260410603452	0.0652	0.097	-1.25435918509767	-3.14517174406392	-1.27022145130331	0.662328401528175	3.8075001455921	0	NA	NA	NA	NA	NA	NA	1	-1.21036941949688	1.46499413165321	1	-0.602524575422362	0.363035863987898	1	-2.3334544651208	5.44500974079218	1	-1.25435918509767	1.5734169652389	1.00161219565872	4369.82861393622	0	1.00155034103765	13010.3376795947	0	NA	NA	NA	NA	NA	NA	NA	NA
117	3	3	exact_null_point_mass	exact_null_point_mass	point_mass	0	none	no_benefit	0	0	NA	0	0	1000	360	600	1000	1000	360	765	0.64	0.235	5.69666035660998	24	24	0	2	1	10	4	1	5000	2500	1	0.99	14	10000	101116	0.6308	0.8682	0.94778853116177	-4.61037603688876	0.998399852463252	6.4304721866131	11.0408482235019	0.609980722164815	-0.463721489503836	0.613241885623022	1.68822438981875	2.15194587932259	0.590932996739245	1.24076382808024	-10.1447970410521	1.18466595528827	12.7811114449168	22.9259084859689	0.0493	0.7342	0.713783090361284	-1.36025974775542	0.670468688541836	2.9608600583201	4.32111980607551	0	NA	NA	NA	NA	NA	NA	1	0.94778853116177	0.898303099801786	1	0.609980722164815	0.37207648141271	1	1.24076382808024	1.53949487707232	1	0.713783090361284	0.509486300085705	1.00225668338561	4280.68169827131	0	1.00186815965663	12159.9731000949	0	NA	NA	NA	NA	NA	NA	NA	NA
68	3	3	exact_null_point_mass	exact_null_point_mass	point_mass	0	none	no_benefit	0	0	NA	0	0	1000	360	600	1000	1000	360	753	0.64	0.247	5.75518778433966	24	24	0	2	1	10	4	1	5000	2500	1	0.99	14	10000	101067	0.3999	0.1989	-0.692229229257282	-6.19855267859983	-0.736429098139095	4.86875700089381	11.0673096794936	-0.469345291280043	-1.53896412657118	-0.472876728852848	0.618157753031524	2.15712187960271	0.420745920745921	-1.1234372106313	-12.7904657721482	-1.03642405288939	10.6224543902449	23.4129201623931	0.0562	0.342	-0.337725999367781	-2.06478500065848	-0.356460987844213	1.32231688006068	3.38710188071916	0	NA	NA	NA	NA	NA	NA	1	-0.692229229257282	0.479181305838131	1	-0.469345291280043	0.220285002446748	1	-1.1234372106313	1.26211116623104	1	-0.337725999367781	0.114058850648967	1.00150287892753	4346.81502842163	0	1.00227825367741	11566.9068889348	0	NA	NA	NA	NA	NA	NA	NA	NA
2	3	3	exact_null_point_mass	exact_null_point_mass	point_mass	0	none	no_benefit	0	0	NA	0	0	1000	360	600	1000	1000	360	742	0.64	0.258	6.3123529208096	24	24	0	2	1	10	4	1	5000	2500	1	0.99	14	10000	101001	0.573	0.5997	0.465592560983798	-4.58884440508584	0.468672605893214	5.53661899078199	10.1254633958678	0.145518027215602	-0.944332472106932	0.144035174990913	1.20154765549288	2.14588012759981	0.547365119196989	0.668893626841754	-10.2712545768172	0.553198927549977	11.6153560448267	21.8866106216439	0.0436	0.5404	0.0944947298553067	-1.76337440046841	0.0795653813178827	1.95541669189384	3.71879109236225	0	NA	NA	NA	NA	NA	NA	1	0.465592560983798	0.216776432843451	1	0.145518027215602	0.0211754962447206	1	0.668893626841754	0.447418684029516	1	0.0944947298553067	0.00892925397042739	1.0016752264545	4505.62023302602	0	1.00113616842797	11654.5576155892	0	NA	NA	NA	NA	NA	NA	NA	NA
33	3	3	exact_null_point_mass	exact_null_point_mass	point_mass	0	none	no_benefit	0	0	NA	0	0	1000	360	600	1000	1000	360	737	0.64	0.263	6.36459401695793	24	24	0	2	1	10	4	1	5000	2500	1	0.99	14	10000	101032	0.4342	0.1805	-0.433930958230851	-5.53294179282152	-0.448824771473505	4.73161814253051	10.264559935352	-0.505898025211171	-1.59277310180509	-0.504956434477977	0.57389242369456	2.16666552549965	0.434353193773484	-0.842796162548981	-12.1313663590838	-0.832518375115422	10.6690958264795	22.8004621855633	0.0685	0.1994	-0.921493622979174	-2.95881042390077	-0.933976896326006	1.19789271025902	4.15670313415978	0	NA	NA	NA	NA	NA	NA	1	-0.433930958230851	0.188296076511145	1	-0.505898025211171	0.255932811912563	1	-0.842796162548981	0.710305371607289	1	-0.921493622979174	0.849150497191284	1.00187389255818	4131.3245122155	0	1.00178082477465	12939.3103786005	0	NA	NA	NA	NA	NA	NA	NA	NA
64	3	3	exact_null_point_mass	exact_null_point_mass	point_mass	0	none	no_benefit	0	0	NA	0	0	1000	360	600	1000	1000	360	750	0.64	0.25	6.15709829185147	24	24	0	2	1	10	4	1	5000	2500	1	0.99	14	10000	101063	0.4645	0.3174	-0.229104060626898	-5.1912337713414	-0.24360052632137	4.72006885878984	9.91130263013124	-0.263351977682338	-1.33234462300093	-0.26147476672902	0.80499399450788	2.13733861750881	0.484549979261717	-0.204813985020359	-10.8994489536412	-0.171528269667904	10.7214549881666	21.6209039418078	0.0356	0.161	-1.08978552309808	-3.12852231605901	-1.14398985301858	1.18038771791327	4.30891003397229	0	NA	NA	NA	NA	NA	NA	1	-0.229104060626898	0.0524886705957332	1	-0.263351977682338	0.0693542641491988	1	-0.204813985020359	0.0419487684599199	1	-1.08978552309808	1.18763248635415	1.00152445311027	4059.02300431696	0	1.00150071306013	12958.9916939683	0	NA	NA	NA	NA	NA	NA	NA	NA
18	3	3	exact_null_point_mass	exact_null_point_mass	point_mass	0	none	no_benefit	0	0	NA	0	0	1000	360	600	1000	1000	360	771	0.64	0.229	6.3679126605989	24	24	0	2	1	10	4	1	5000	2500	1	0.99	14	10000	101017	0.4872	0.3333	-0.075419239788434	-5.14892340469702	-0.0889236149543295	5.07656836979889	10.2254917744959	-0.226705729301013	-1.25625298928008	-0.231317618344036	0.815780744781633	2.07203373406171	0.505540897097625	0.0798223246354518	-11.0071285349137	0.0756511031164315	11.3032896149961	22.3104181499098	0.0525	0.5169	0.0218274610654231	-1.7450873907153	0.0373294408505265	1.7047200483197	3.449807439035	0	NA	NA	NA	NA	NA	NA	1	-0.075419239788434	0.00568806173026531	1	-0.226705729301013	0.0513954876979042	1	0.0798223246354518	0.00637160351020745	1	0.0218274610654231	0.000476438056562561	1.00161687560739	4549.15302942393	0	1.00170250818439	13032.7610468977	0	NA	NA	NA	NA	NA	NA	NA	NA
40	3	3	exact_null_point_mass	exact_null_point_mass	point_mass	0	none	no_benefit	0	0	NA	0	0	1000	360	600	1000	1000	360	772	0.64	0.228	5.59496532318134	24	24	0	2	1	10	4	1	5000	2500	1	0.99	14	10000	101039	0.6144	0.9027	0.785267629159336	-4.64008299559544	0.836528705815991	6.20964359353945	10.8497265891349	0.685197992455694	-0.373542447752	0.681403804573231	1.74202013207907	2.11556257983107	0.570410729253982	0.969462182483146	-10.6098086992709	0.894984555088773	12.341145352702	22.9509540519729	0.0456	0.923	1.18917607058768	-0.560113917586757	1.19002437053986	2.85605396992291	3.41616788750967	0	NA	NA	NA	NA	NA	NA	1	0.785267629159336	0.616645249405524	1	0.685197992455694	0.469496288865314	1	0.969462182483146	0.939856923264984	1	1.18917607058768	1.41413972685836	1.00139103858209	4591.04920924982	0	1.00163104484537	12646.8407358592	0	NA	NA	NA	NA	NA	NA	NA	NA
22	3	3	exact_null_point_mass	exact_null_point_mass	point_mass	0	none	no_benefit	0	0	NA	0	0	1000	360	600	1000	1000	360	758	0.64	0.242	5.96443089529328	24	24	0	2	1	10	4	1	5000	2500	1	0.99	14	10000	101021	0.5146	0.6793	0.0852968305006099	-5.43954753706103	0.10939650267532	5.60796084956042	11.0475083866215	0.251646570418955	-0.780953920470393	0.247872523902076	1.307826876369	2.08878079683939	0.509452201933405	0.206898182995554	-11.5531048546693	0.130506231861563	11.9725098229703	23.5256146776396	0.069	0.7073	0.62780361675219	-1.42295709527452	0.612441889476504	2.81121042108099	4.23416751635551	0	NA	NA	NA	NA	NA	NA	1	0.0852968305006099	0.00727554929344978	1	0.251646570418955	0.063325996403622	1	0.206898182995554	0.0428068581268618	1	0.62780361675219	0.39413738120713	1.00168293807254	4325.93924345373	0	1.00211155502995	12042.978929671	0	NA	NA	NA	NA	NA	NA	NA	NA
32	3	3	exact_null_point_mass	exact_null_point_mass	point_mass	0	none	no_benefit	0	0	NA	0	0	1000	360	600	1000	1000	360	755	0.64	0.245	5.92444498110011	24	24	0	2	1	10	4	1	5000	2500	1	0.99	14	10000	101031	0.421	0.2552	-0.545961906441675	-6.01851798520807	-0.559903895559001	4.94314312665797	10.961661111866	-0.352765965350218	-1.40610726788759	-0.354387257854809	0.685425210675916	2.09153247856351	0.465875053487377	-0.398928030923204	-12.0273320455127	-0.454987118483404	11.5224439217589	23.5497759672716	0.0652	0.5049	0.0539875794179943	-1.96851586126442	0.0106229354139522	2.21239164214941	4.18090750341383	0	NA	NA	NA	NA	NA	NA	1	-0.545961906441675	0.298074403285428	1	-0.352765965350218	0.124443826309471	1	-0.398928030923204	0.159143573856265	1	0.0539875794179943	0.00291465873141424	1.00120965049444	4391.65150627427	0	1.00158307387357	10968.5133272905	0	NA	NA	NA	NA	NA	NA	NA	NA
105	3	3	exact_null_point_mass	exact_null_point_mass	point_mass	0	none	no_benefit	0	0	NA	0	0	1000	360	600	1000	1000	360	744	0.64	0.256	5.80793038777041	24	24	0	2	1	10	4	1	5000	2500	1	0.99	14	10000	101104	0.4927	0.478	-0.0260366158346514	-5.59982477144654	-0.0468725040189568	5.49683532197312	11.0966600934197	-0.024849847444304	-1.09237636070702	-0.0299101131566681	1.02893013969672	2.12130650040373	0.494836580432237	-0.029019936720271	-11.870265124706	-0.0796781181000394	11.8372536103076	23.7075187350137	0.0607	0.5123	0.0195810776633796	-2.46230333757744	0.0438216572349805	2.26899200731781	4.73129534489526	0	NA	NA	NA	NA	NA	NA	1	-0.0260366158346514	0.000677905364121222	1	-0.024849847444304	0.000617514918005185	1	-0.029019936720271	0.000842156727248535	1	0.0195810776633796	0.000383418602459305	1.00159764544136	4260.96694087331	0	1.00203150793033	13198.5276255019	0	NA	NA	NA	NA	NA	NA	NA	NA
25	3	3	exact_null_point_mass	exact_null_point_mass	point_mass	0	none	no_benefit	0	0	NA	0	0	1000	360	600	1000	1000	360	761	0.64	0.239	6.23640040858312	24	24	0	2	1	10	4	1	5000	2500	1	0.99	14	10000	101024	0.502	0.5536	-0.00460494303586882	-5.00543198371171	0.0133200489112282	4.92690751754878	9.93233950126049	0.0712444842362181	-0.957846159481025	0.0737305215789732	1.10467750473454	2.06252366421557	0.48540222642302	-0.182568402057123	-11.1278598749002	-0.159998493244546	10.7949481538899	21.9228080287901	0.0478	0.4305	-0.109926150925395	-1.75662518957519	-0.152607786035412	1.7670620792972	3.52368726887239	0	NA	NA	NA	NA	NA	NA	1	-0.00460494303586882	2.12055003635967e-05	1	0.0712444842362181	0.00507577653408473	1	-0.182568402057123	0.0333312214296912	1	-0.109926150925395	0.0120837586572728	1.00175018198494	4757.19089839004	0	1.00163241213817	12315.1462727829	0	NA	NA	NA	NA	NA	NA	NA	NA
24	3	3	exact_null_point_mass	exact_null_point_mass	point_mass	0	none	no_benefit	0	0	NA	0	0	1000	360	600	1000	1000	360	751	0.64	0.249	6.16503848378486	24	24	0	2	1	10	4	1	5000	2500	1	0.99	14	10000	101023	0.4414	0.565	-0.34316703356355	-5.18898720676608	-0.394290639845727	4.55375004609707	9.74273725286315	0.0875096269132765	-0.976342275108613	0.0908602239717	1.13690840773079	2.1132506828394	0.4109391124871	-1.01747194587858	-11.7721617220399	-0.902822617656656	9.68292499178717	21.4550867138271	0.031	0.5385	0.102922930618853	-1.75847353325716	0.104428270866179	2.06167509555581	3.82014862881297	0	NA	NA	NA	NA	NA	NA	1	-0.34316703356355	0.117763612924807	1	0.0875096269132765	0.00765793480250085	1	-1.01747194587858	1.03524916064995	1	0.102922930618853	0.0105931296471733	1.00174556796436	4245.67222042751	0	1.00191679796885	14754.3729039794	0	NA	NA	NA	NA	NA	NA	NA	NA
70	3	3	exact_null_point_mass	exact_null_point_mass	point_mass	0	none	no_benefit	0	0	NA	0	0	1000	360	600	1000	1000	360	754	0.64	0.246	5.96153085927155	24	24	0	2	1	10	4	1	5000	2500	1	0.99	14	10000	101069	0.5839	0.6479	0.60905161339302	-5.01842514907561	0.619503244965871	6.11965790854049	11.1380830576161	0.202333650731115	-0.860544344959915	0.19995404587225	1.25292515858177	2.11346950354169	0.550426439232409	0.785147917635753	-11.3431465905712	0.665926897639858	12.5034899792989	23.8466365698701	0.062	0.4674	-0.132163857593145	-2.4171212237151	-0.0980446560476347	2.20584468432005	4.62296590803515	0	NA	NA	NA	NA	NA	NA	1	0.60905161339302	0.370943867776641	1	0.202333650731115	0.0409389062181808	1	0.785147917635753	0.616457252567759	1	-0.132163857593145	0.0174672852539011	1.00151202552664	4355.76853428549	0	1.00145180622394	11295.1727972951	0	NA	NA	NA	NA	NA	NA	NA	NA
21	3	3	exact_null_point_mass	exact_null_point_mass	point_mass	0	none	no_benefit	0	0	NA	0	0	1000	360	600	1000	1000	360	763	0.64	0.237	5.92760669930668	24	24	0	2	1	10	4	1	5000	2500	1	0.99	14	10000	101020	0.5705	0.9582	0.495511728403598	-5.12352254069736	0.524909966535676	6.1041835701936	11.227706110891	0.927496750052856	-0.110054644983895	0.926754035821906	1.98979143687373	2.09984608185762	0.526861048809142	0.383593837062365	-11.4455593774749	0.30736116649718	12.183292031948	23.6288514094229	0.0637	0.9518	1.65085631797556	-0.334709334269847	1.65758933357911	3.59561189663994	3.93032123090979	0	NA	NA	NA	NA	NA	NA	1	0.495511728403598	0.245531872985521	1	0.927496750052856	0.860250221358611	1	0.383593837062365	0.147144231832228	1	1.65085631797556	2.72532658259983	1.00174660484598	4183.65255990666	0	1.00162095463915	12371.4191123343	0	NA	NA	NA	NA	NA	NA	NA	NA
116	3	3	exact_null_point_mass	exact_null_point_mass	point_mass	0	none	no_benefit	0	0	NA	0	0	1000	360	600	1000	1000	360	745	0.64	0.255	5.7635065564647	24	24	0	2	1	10	4	1	5000	2500	1	0.99	14	10000	101115	0.4162	0.2887	-0.613525239782836	-6.07465861751684	-0.624759064400764	4.93327618925247	11.0079348067693	-0.309012425811767	-1.42721936254201	-0.3091821442239	0.781385959726819	2.20860532226882	0.434451380806264	-0.875386510537887	-12.2609293497372	-0.846047223429597	11.0175008531085	23.2784302028456	0.0549	0.2161	-0.82180954831914	-3.11335411000544	-0.787318631898397	1.25515234455004	4.36850645455548	0	NA	NA	NA	NA	NA	NA	1	-0.613525239782836	0.376413219850586	1	-0.309012425811767	0.0954886793060726	1	-0.875386510537887	0.766301542831699	1	-0.82180954831914	0.675370933708508	1.00113860466881	4429.18282275008	0	1.00123973458081	16502.7586816377	0	NA	NA	NA	NA	NA	NA	NA	NA
23	3	3	exact_null_point_mass	exact_null_point_mass	point_mass	0	none	no_benefit	0	0	NA	0	0	1000	360	600	1000	1000	360	751	0.64	0.249	5.99977753171272	24	24	0	2	1	10	4	1	5000	2500	1	0.99	14	10000	101022	0.5864	0.7615	0.656487939449097	-5.0881160853544	0.665818694885346	6.38731139904347	11.4754274843979	0.391501204767382	-0.660239657513831	0.390876287531436	1.46140611569722	2.12164577321106	0.5565886502084	0.792708683789412	-10.9850034440636	0.70322754716358	12.5800438714192	23.5650473154828	0.0643	0.8083	0.968981734138812	-1.19873093985195	0.987789645295293	3.07245123606853	4.27118217592048	0	NA	NA	NA	NA	NA	NA	1	0.656487939449097	0.430976414642121	1	0.391501204767382	0.153273193334312	1	0.792708683789412	0.628387057355141	1	0.968981734138812	0.93892560109466	1.00200334895084	4059.51259932537	0	1.00188959682869	11843.0318946467	0	NA	NA	NA	NA	NA	NA	NA	NA
69	3	3	exact_null_point_mass	exact_null_point_mass	point_mass	0	none	no_benefit	0	0	NA	0	0	1000	360	600	1000	1000	360	747	0.64	0.253	6.3576281797191	24	24	0	2	1	10	4	1	5000	2500	1	0.99	14	10000	101068	0.5041	0.9742	0.0141248938232582	-4.96457254149766	0.0284426608843544	4.99185481447674	9.9564273559744	1.06326834091355	-0.00543915258675179	1.064535657461	2.12777451949593	2.13321367208268	0.493009565857248	-0.110147688117326	-10.9615445483338	-0.0696036465980274	10.901992788582	21.8635373369158	0.0487	0.8919	1.32909694937335	-0.805967742346946	1.35258223314816	3.19640236115404	4.00237010350098	0	NA	NA	NA	NA	NA	NA	1	0.0141248938232582	0.000199512625518318	1	1.06326834091355	1.13053956478906	1	-0.110147688117326	0.0121325131975918	1	1.32909694937335	1.76649870083354	1.00134496038433	4418.39940515657	0	1.00120626339737	10999.4070440059	0	NA	NA	NA	NA	NA	NA	NA	NA
177	3	3	exact_null_point_mass	exact_null_point_mass	point_mass	0	none	no_benefit	0	0	NA	0	0	1000	360	600	1000	1000	360	772	0.64	0.228	6.73669362622003	24	24	0	2	1	10	4	1	5000	2500	1	0.99	14	10000	101176	0.4744	0.7	-0.187399919993957	-5.39828556925285	-0.190659887102754	5.06125581554067	10.4595413847935	0.274436822776251	-0.7699837258862	0.26845775538998	1.31316085497378	2.08314458085998	0.468901063486948	-0.41375472128659	-11.6475848320827	-0.414649509285173	10.9349393124415	22.5825241445242	0.0691	0.854	0.884683618302722	-1.03921862168405	0.935754577011648	2.46079455968961	3.50001318137367	0	NA	NA	NA	NA	NA	NA	1	-0.187399919993957	0.0351187300137416	1	0.274436822776251	0.0753155696955233	1	-0.41375472128659	0.171192969386943	1	0.884683618302722	0.782665104493196	1.00125715167817	3922.61288812999	0	1.00175791099944	12445.6997673214	0	NA	NA	NA	NA	NA	NA	NA	NA
74	3	3	exact_null_point_mass	exact_null_point_mass	point_mass	0	none	no_benefit	0	0	NA	0	0	1000	360	600	1000	1000	360	745	0.64	0.255	6.64244190445911	24	24	0	2	1	10	4	1	5000	2500	1	0.99	14	10000	101073	0.463	0.5752	-0.278150997492207	-5.50562649937789	-0.251016616432498	4.86639224800729	10.3720187473852	0.0964571265003995	-0.959465500899897	0.0975491813953271	1.16592036059527	2.12538586149517	0.468353056128542	-0.392871720126947	-11.7242808263228	-0.383519516138568	10.7916291190588	22.5159099453815	0.0789	0.5604	0.175001513258968	-1.82603908413396	0.153889243787132	2.19876015062461	4.02479923475856	0	NA	NA	NA	NA	NA	NA	1	-0.278150997492207	0.0773679774059097	1	0.0964571265003995	0.00930397725271407	1	-0.392871720126947	0.154348188475506	1	0.175001513258968	0.0306255296429288	1.00159006665328	4236.03059909447	0	1.0013960887285	11962.4439041974	0	NA	NA	NA	NA	NA	NA	NA	NA
38	3	3	exact_null_point_mass	exact_null_point_mass	point_mass	0	none	no_benefit	0	0	NA	0	0	1000	360	600	1000	1000	360	764	0.64	0.236	6.2773257446187	24	24	0	2	1	10	4	1	5000	2500	1	0.99	14	10000	101037	0.5196	0.6639	0.0776279663742575	-5.30968699568855	0.127952141408742	5.22368189426408	10.5333688899526	0.221813653988528	-0.821626987568697	0.222748664873476	1.27685720644802	2.09848419401672	0.511732081911263	0.175195105868354	-10.9277384032995	0.136890452275956	11.2389877796805	22.1667261829801	0.0624	0.3723	-0.221846148537702	-1.8674347374395	-0.291047706620356	1.73307648172202	3.60051121916151	0	NA	NA	NA	NA	NA	NA	1	0.0776279663742575	0.00602610116340286	1	0.221813653988528	0.0492012970957423	1	0.175195105868354	0.0306933251202238	1	-0.221846148537702	0.049215713621012	1.00134717379388	4854.40877959685	0	1.00157745846985	10387.3227585786	0	NA	NA	NA	NA	NA	NA	NA	NA
73	3	3	exact_null_point_mass	exact_null_point_mass	point_mass	0	none	no_benefit	0	0	NA	0	0	1000	360	600	1000	1000	360	736	0.64	0.264	6.43393442558758	24	24	0	2	1	10	4	1	5000	2500	1	0.99	14	10000	101072	0.3908	0.097	-0.720673122506548	-5.84788159191614	-0.707298413498466	4.3827742130745	10.2306558049906	-0.70912284627563	-1.79943106972986	-0.708152773134767	0.358433498028359	2.15786456775822	0.432878755593437	-0.956084659784141	-12.1349528346238	-0.870610311522847	10.146434825043	22.2813876596668	0.0614	0.1903	-0.96335277365535	-3.01229466024886	-0.95667590656612	0.972537857491133	3.98483251773999	0	NA	NA	NA	NA	NA	NA	1	-0.720673122506548	0.519369749503338	1	-0.70912284627563	0.502855211110051	1	-0.956084659784141	0.914097876674556	1	-0.96335277365535	0.928048566509456	1.00138074981299	4507.94749550322	0	1.00131297708624	10219.4489033218	0	NA	NA	NA	NA	NA	NA	NA	NA
91	3	3	exact_null_point_mass	exact_null_point_mass	point_mass	0	none	no_benefit	0	0	NA	0	0	1000	360	600	1000	1000	360	777	0.64	0.223	5.89920422304525	24	24	0	2	1	10	4	1	5000	2500	1	0.99	14	10000	101090	0.5947	0.8332	0.694718827241341	-4.86136967330967	0.701497799164146	6.29428878510096	11.1556584584106	0.50088040520334	-0.541921729768427	0.492608262505348	1.56337758862402	2.10529931839245	0.563486982501067	0.886594224025561	-10.8344060891703	0.838430853241877	12.7916367286517	23.626042817822	0.0628	0.721	0.653554814371797	-1.36779009768567	0.640508192331343	2.7728704667854	4.14066056447107	0	NA	NA	NA	NA	NA	NA	1	0.694718827241341	0.482634248923585	1	0.50088040520334	0.250881180316662	1	0.886594224025561	0.786049318075487	1	0.653554814371797	0.427133895388554	1.00142613780808	4559.29966418998	0	1.00132594568849	10294.6822146423	0	NA	NA	NA	NA	NA	NA	NA	NA
71	3	3	exact_null_point_mass	exact_null_point_mass	point_mass	0	none	no_benefit	0	0	NA	0	0	1000	360	600	1000	1000	360	742	0.64	0.258	6.15298051422317	24	24	0	2	1	10	4	1	5000	2500	1	0.99	14	10000	101070	0.3401	0.282	-1.02062638232751	-5.92194221727041	-1.06241581537476	4.12323910948949	10.0451813267599	-0.314634018689045	-1.37019950442077	-0.313725571550982	0.780196134281497	2.15039563870226	0.318469323213156	-2.19746878617813	-12.7452040441018	-2.07078445242358	8.51043240915052	21.2556364532524	0.0514	0.2932	-0.548127980299214	-2.46229083793913	-0.539817181728721	1.29094396573415	3.75323480367328	0	NA	NA	NA	NA	NA	NA	1	-1.02062638232751	1.04167821230294	1	-0.314634018689045	0.0989945657164186	1	-2.19746878617813	4.8288690662272	1	-0.548127980299214	0.300444282786895	1.00199009477289	4439.43237954812	0	1.00166530758769	9462.99511186806	0	NA	NA	NA	NA	NA	NA	NA	NA
176	3	3	exact_null_point_mass	exact_null_point_mass	point_mass	0	none	no_benefit	0	0	NA	0	0	1000	360	600	1000	1000	360	774	0.64	0.226	5.67624715780718	24	24	0	2	1	10	4	1	5000	2500	1	0.99	14	10000	101175	0.3628	0.0019	-1.03372057401557	-6.52665118685116	-1.04694884811988	4.53612863317453	11.0627798200257	-1.61321647207036	-2.67453167185951	-1.61331736976952	-0.546333048951598	2.12819862290791	0.417639566970919	-1.2314279439808	-12.6272466100172	-1.08147194561916	10.5034667254662	23.1307133354834	0.0578	0.0072	-2.49363326935783	-4.498209283454	-2.50154932273472	-0.493353166476194	4.0048561169778	0	NA	NA	NA	NA	NA	NA	1	-1.03372057401557	1.06857822514308	0	-1.61321647207036	2.60246738575914	1	-1.2314279439808	1.51641478121678	0	-2.49363326935783	6.21820688204824	1.00218135846834	4328.87076609684	0	1.00200844028784	13582.5235042929	0	NA	NA	NA	NA	NA	NA	NA	NA
41	3	3	exact_null_point_mass	exact_null_point_mass	point_mass	0	none	no_benefit	0	0	NA	0	0	1000	360	600	1000	1000	360	778	0.64	0.222	5.47480394641988	24	24	0	2	1	10	4	1	5000	2500	1	0.99	14	10000	101040	0.5744	0.8983	0.572694329457898	-4.8256698999986	0.538168217879843	6.1865986286012	11.0122685285998	0.69150256108644	-0.356805380105345	0.694870686911515	1.75298508530202	2.10979046540737	0.532283464566929	0.554929191968519	-10.9057246786694	0.444143097445803	12.2367974801777	23.1425221588471	0.0475	0.9181	1.07226654398381	-0.408295154134256	1.08330065010345	2.51951267013717	2.92780782427142	0	NA	NA	NA	NA	NA	NA	1	0.572694329457898	0.327978794993231	1	0.69150256108644	0.478175791989106	1	0.554929191968519	0.307946408098834	1	1.07226654398381	1.14975554134698	1.0014716017847	4511.05391014706	0	1.00177059210324	12339.6542568704	0	NA	NA	NA	NA	NA	NA	NA	NA
113	3	3	exact_null_point_mass	exact_null_point_mass	point_mass	0	none	no_benefit	0	0	NA	0	0	1000	360	600	1000	1000	360	758	0.64	0.242	6.00328831019401	24	24	0	2	1	10	4	1	5000	2500	1	0.99	14	10000	101112	0.2967	0.2056	-1.51675369587724	-6.84510141329457	-1.58096461535412	4.26229135777784	11.1073927710724	-0.44788856641856	-1.50652791123856	-0.456702570659666	0.610217861918948	2.1167457731575	0.221804118323403	-3.44110483173001	-14.3946027384479	-3.18768741854245	8.24893432799823	22.6435370664461	0.0433	0.2818	-0.575907187635486	-2.64767375738567	-0.571637123946362	1.12273378573407	3.77040754311974	0	NA	NA	NA	NA	NA	NA	1	-1.51675369587724	2.30054177395727	1	-0.44788856641856	0.200604167928472	1	-3.44110483173001	11.8412024629556	1	-0.575907187635486	0.331669088770215	1.00133828409494	4781.79098968341	0	1.00175264560433	10614.4659658426	0	NA	NA	NA	NA	NA	NA	NA	NA
75	3	3	exact_null_point_mass	exact_null_point_mass	point_mass	0	none	no_benefit	0	0	NA	0	0	1000	360	600	1000	1000	360	763	0.64	0.237	6.02869267851994	24	24	0	2	1	10	4	1	5000	2500	1	0.99	14	10000	101074	0.607	0.9098	0.7188788325398	-4.18529357666069	0.7564782306036	5.63813041127593	9.82342398793662	0.737522939951676	-0.33185449357836	0.739838151492992	1.81308136682643	2.14493586040479	0.633810010214505	1.37255369917927	-9.36623989980849	1.04059681371338	12.1752150788246	21.5414549786331	0.021	0.9283	1.43841843725968	-0.507716761603124	1.39420121846968	3.56016653640515	4.06788329800827	0	NA	NA	NA	NA	NA	NA	1	0.7188788325398	0.516786775873786	1	0.737522939951676	0.543940086954964	1	1.37255369917927	1.8839036571307	1	1.43841843725968	2.06904760064859	1.00186160178832	4415.64870364105	0	1.00185798590344	10703.6802477794	0	NA	NA	NA	NA	NA	NA	NA	NA
36	3	3	exact_null_point_mass	exact_null_point_mass	point_mass	0	none	no_benefit	0	0	NA	0	0	1000	360	600	1000	1000	360	710	0.64	0.29	6.12893239347978	24	24	0	2	1	10	4	1	5000	2500	1	0.99	14	10000	101035	0.514	0.4076	0.101850402492944	-4.78701265152937	0.101706719081313	4.98738823746918	9.77440088899855	-0.137109487685864	-1.25797583723452	-0.132642868403377	0.960929417819638	2.21890525505416	0.53360173428306	0.360159279388902	-10.3162664559199	0.327890122748304	11.1691270180765	21.4853934739964	0.0313	0.2725	-0.760326528278042	-3.21977049741017	-0.753836620137331	1.59081879041779	4.81058928782796	0	NA	NA	NA	NA	NA	NA	1	0.101850402492944	0.0103735044879748	1	-0.137109487685864	0.0187990116134802	1	0.360159279388902	0.129714706529933	1	-0.760326528278042	0.578096429603341	1.00162302830964	4012.45953426687	0	1.00154931922093	10940.057464133	0	NA	NA	NA	NA	NA	NA	NA	NA
39	3	3	exact_null_point_mass	exact_null_point_mass	point_mass	0	none	no_benefit	0	0	NA	0	0	1000	360	600	1000	1000	360	750	0.64	0.25	6.21152233801694	24	24	0	2	1	10	4	1	5000	2500	1	0.99	14	10000	101038	0.4687	0.8507	-0.241140207941723	-5.30128694883016	-0.21029327436445	4.79408893392687	10.095375882757	0.570302983173308	-0.490749771503659	0.573607538668462	1.62731364440945	2.11806341591311	0.492982823627985	-0.155474715510454	-11.1779627722168	-0.0785716705192607	10.8484412793376	22.0264040515544	0.0452	0.9382	1.79803569262584	-0.570951711339724	1.85019657192563	3.93380573177224	4.50475744311196	0	NA	NA	NA	NA	NA	NA	1	-0.241140207941723	0.0581485998861772	1	0.570302983173308	0.325245492616375	1	-0.155474715510454	0.0241723871630566	1	1.79803569262584	3.23293235195647	1.00130118534619	4091.54994086838	0	1.00161231454139	12510.3829184941	0	NA	NA	NA	NA	NA	NA	NA	NA
204	3	3	exact_null_point_mass	exact_null_point_mass	point_mass	0	none	no_benefit	0	0	NA	0	0	1000	360	600	1000	1000	360	742	0.64	0.258	6.1187950451753	24	24	0	2	1	10	4	1	5000	2500	1	0.99	14	10000	101203	0.5018	0.9203	-0.00238523969299286	-5.06045275088086	0.0132902299983106	4.95074538696057	10.0111981378414	0.759991804764896	-0.299312488370164	0.763039807399797	1.81526852417498	2.11458101254514	0.479470612755315	-0.234720871318834	-11.1745909349654	-0.233243627262231	10.7646112430086	21.939202177974	0.0404	0.8717	1.05793390807067	-0.745426963876194	1.04800073268344	3.00838119893448	3.75380816281068	0	NA	NA	NA	NA	NA	NA	1	-0.00238523969299286	5.68936839302867e-06	1	0.759991804764896	0.577587543309804	1	-0.234720871318834	0.0550938874326727	1	1.05793390807067	1.11922415384568	1.00162580265419	4195.93997842607	0	1.00194916645101	13787.8520754637	0	NA	NA	NA	NA	NA	NA	NA	NA
88	3	3	exact_null_point_mass	exact_null_point_mass	point_mass	0	none	no_benefit	0	0	NA	0	0	1000	360	600	1000	1000	360	742	0.64	0.258	6.31210574694421	24	24	0	2	1	10	4	1	5000	2500	1	0.99	14	10000	101087	0.5178	0.365	0.111917109328276	-5.04918384180768	0.117418020533209	5.23689628100957	10.2860801228173	-0.189654380443122	-1.27016750914428	-0.182922920567025	0.894351771128089	2.16451928027237	0.525329927628778	0.354785859494584	-10.903094310501	0.312451096087767	11.4117738589367	22.3148681694377	0.0604	0.5546	0.119754059891063	-2.2944409554598	0.158695679039604	2.3109086634946	4.6053496189544	0	NA	NA	NA	NA	NA	NA	1	0.111917109328276	0.0125254393603973	1	-0.189654380443122	0.0359687840212646	1	0.354785859494584	0.125873006097311	1	0.119754059891063	0.0143410348603923	1.00185665555585	4071.51895130704	0	1.00112049729306	11373.093734936	0	NA	NA	NA	NA	NA	NA	NA	NA
160	3	3	exact_null_point_mass	exact_null_point_mass	point_mass	0	none	no_benefit	0	0	NA	0	0	1000	360	600	1000	1000	360	759	0.64	0.241	6.22017228416349	24	24	0	2	1	10	4	1	5000	2500	1	0.99	14	10000	101159	0.3565	0.1017	-0.924660982894417	-5.82360757301514	-0.964634844178945	4.25692638897434	10.0805339619895	-0.688464514832383	-1.72008899295792	-0.703441490182471	0.374121626895183	2.0942106198531	0.366291898707576	-1.74917728759989	-12.6693777438973	-1.56495732204958	9.07693335066665	21.7463110945639	0.0483	0.3892	-0.352384107753683	-2.39022167991833	-0.295415424472687	1.4477015968514	3.83792327676973	0	NA	NA	NA	NA	NA	NA	1	-0.924660982894417	0.854997933287269	1	-0.688464514832383	0.473983388183389	1	-1.74917728759989	3.0596211834553	1	-0.352384107753683	0.124174559397359	1.00173501797791	4253.35492464815	0	1.00147483733391	10574.7416209858	0	NA	NA	NA	NA	NA	NA	NA	NA
20	3	3	exact_null_point_mass	exact_null_point_mass	point_mass	0	none	no_benefit	0	0	NA	0	0	1000	360	600	1000	1000	360	772	0.64	0.228	6.04663408261749	24	24	0	2	1	10	4	1	5000	2500	1	0.99	14	10000	101019	0.5712	0.8669	0.485630294804679	-4.82126139030447	0.491146470802961	5.77912168946107	10.6003830797655	0.611866928124341	-0.435822232305925	0.616129972233961	1.66996006032096	2.10578229262689	0.57257460690983	0.964310416915681	-10.4634927224086	0.900269322686702	11.9514767378069	22.4149694602155	0.0651	0.5796	0.302051166558826	-2.11267519183282	0.243112928263191	3.24293491365453	5.35561010548735	0	NA	NA	NA	NA	NA	NA	1	0.485630294804679	0.23583678323208	1	0.611866928124341	0.374381137732317	1	0.964310416915681	0.929894580172095	1	0.302051166558826	0.0912349072195475	1.00160569913616	4411.58197713835	0	1.00175128896535	13325.6925281694	0	NA	NA	NA	NA	NA	NA	NA	NA
106	3	3	exact_null_point_mass	exact_null_point_mass	point_mass	0	none	no_benefit	0	0	NA	0	0	1000	360	600	1000	1000	360	782	0.64	0.218	5.48201516123272	24	24	0	2	1	10	4	1	5000	2500	1	0.99	14	10000	101105	0.4888	0.4046	-0.0483087193572211	-5.40799910257103	-0.0742464676090799	5.45182605120721	10.8598251537782	-0.12552059699309	-1.14544443388711	-0.122243240554668	0.89571676798504	2.04116120187215	0.492462833974426	-0.100629496695983	-11.6194493634289	-0.0838591139488027	11.433731603975	23.053180967404	0.0381	0.4447	-0.120470315795623	-1.85085150204857	-0.118254013585818	1.60786640752844	3.45871790957702	0	NA	NA	NA	NA	NA	NA	1	-0.0483087193572211	0.00233373236593474	1	-0.12552059699309	0.0157554202695017	1	-0.100629496695983	0.0101262956052868	1	-0.120470315795623	0.0145130969878972	1.00155411905414	4213.22863952824	0	1.00207848648092	13310.5987462126	0	NA	NA	NA	NA	NA	NA	NA	NA
247	3	3	exact_null_point_mass	exact_null_point_mass	point_mass	0	none	no_benefit	0	0	NA	0	0	1000	360	600	1000	1000	360	747	0.64	0.253	5.73858877204146	24	24	0	2	1	10	4	1	5000	2500	1	0.99	14	10000	101246	0.4654	0.4344	-0.265004474385107	-5.88114726428413	-0.233245825130325	5.34241118989349	11.2235584541776	-0.0939500344251757	-1.20912785044552	-0.0914947552824179	0.998360229457109	2.20748807990263	0.470214792085494	-0.445907772189444	-12.1888478913255	-0.398099105667649	11.6285495773092	23.8173974686347	0.0549	0.3102	-0.589284866000539	-3.02168677677768	-0.622430147449165	1.85868212987844	4.88036890665613	0	NA	NA	NA	NA	NA	NA	1	-0.265004474385107	0.0702273714441268	1	-0.0939500344251757	0.0088266089684917	1	-0.445907772189444	0.198833741298953	1	-0.589284866000539	0.347256653297273	1.00215756215317	4352.82260868718	0	1.0011639570424	11655.5123859354	0	NA	NA	NA	NA	NA	NA	NA	NA
87	3	3	exact_null_point_mass	exact_null_point_mass	point_mass	0	none	no_benefit	0	0	NA	0	0	1000	360	600	1000	1000	360	763	0.64	0.237	6.05426803592901	24	24	0	2	1	10	4	1	5000	2500	1	0.99	14	10000	101086	0.3903	0.1677	-0.697353340976906	-5.64622311705417	-0.725587382998386	4.41518473789942	10.0614078549536	-0.511260654645124	-1.57880087673583	-0.512502846737342	0.549581436698658	2.12838231343449	0.350665428659858	-1.73651839092559	-12.445931460739	-1.51267890745004	9.25782010486919	21.7037515656082	0.0307	0.3746	-0.285417118248146	-2.07669121333481	-0.265311364891509	1.43193241921674	3.50862363255155	0	NA	NA	NA	NA	NA	NA	1	-0.697353340976906	0.486301682171653	1	-0.511260654645124	0.261387456988161	1	-1.73651839092559	3.01549612202279	1	-0.285417118248146	0.081462931389076	1.00172693662799	4442.25824027589	0	1.00142276311042	13226.1124933987	0	NA	NA	NA	NA	NA	NA	NA	NA
237	3	3	exact_null_point_mass	exact_null_point_mass	point_mass	0	none	no_benefit	0	0	NA	0	0	1000	360	600	1000	1000	360	737	0.64	0.263	6.37878967558007	24	24	0	2	1	10	4	1	5000	2500	1	0.99	14	10000	101236	0.55	0.8105	0.351287249686313	-4.58626450814852	0.332449448499636	5.47598223482181	10.0622467429703	0.489380792707029	-0.584795817038117	0.489791679384536	1.55815480994067	2.14295062697878	0.528936036130659	0.463057320509808	-10.4767073410498	0.346852015160948	11.6521492163505	22.1288565574003	0.0479	0.9271	1.49475700571926	-0.485217386620777	1.47933048730698	3.53638892668916	4.02160631330994	0	NA	NA	NA	NA	NA	NA	1	0.351287249686313	0.123402731792174	1	0.489380792707029	0.23949356027056	1	0.463057320509808	0.214422082077723	1	1.49475700571926	2.23429850614681	1.00138557704428	4561.43574392489	0	1.00173193937404	11376.8100935891	0	NA	NA	NA	NA	NA	NA	NA	NA
35	3	3	exact_null_point_mass	exact_null_point_mass	point_mass	0	none	no_benefit	0	0	NA	0	0	1000	360	600	1000	1000	360	746	0.64	0.254	6.17603148407958	24	24	0	2	1	10	4	1	5000	2500	1	0.99	14	10000	101034	0.5211	0.06	0.132078954004698	-4.86322669468371	0.131441285017844	5.16364500183042	10.0268716965141	-0.864334663721211	-1.94596651788406	-0.875358577559583	0.239373899288054	2.18534041717212	0.510834926704908	0.0936698950573889	-10.7894819734725	0.130185517747324	11.1512691020069	21.9407510754793	0.0586	0.079	-1.39691004399795	-3.5134184612642	-1.31661311651775	0.492119213609427	4.00553767487363	0	NA	NA	NA	NA	NA	NA	1	0.132078954004698	0.0174448500909751	1	-0.864334663721211	0.747074410910058	1	0.0936698950573889	0.00877404924006226	1	-1.39691004399795	1.95135767102236	1.00127648538661	4199.35244876484	0	1.00201061233715	11887.8466958191	0	NA	NA	NA	NA	NA	NA	NA	NA
112	3	3	exact_null_point_mass	exact_null_point_mass	point_mass	0	none	no_benefit	0	0	NA	0	0	1000	360	600	1000	1000	360	747	0.64	0.253	6.59626608342638	24	24	0	2	1	10	4	1	5000	2500	1	0.99	14	10000	101111	0.45	0.6053	-0.306543798857221	-5.61590483616829	-0.339960311432659	5.22538126329979	10.8412860994681	0.142146281054154	-0.94505119761606	0.14702923476576	1.21876163561037	2.16381283322643	0.451179909071228	-0.688271127171592	-11.9771642087346	-0.629186520347502	10.6341111838465	22.611275392581	0.0762	0.4477	-0.16581145483804	-2.3306139048988	-0.138658306925612	1.96855487107693	4.29916877597572	0	NA	NA	NA	NA	NA	NA	1	-0.306543798857221	0.0939691006178164	1	0.142146281054154	0.0202055652175265	1	-0.688271127171592	0.473717144498054	1	-0.16581145483804	0.0274934385555073	1.00136627416953	4508.92124911172	0	1.00212629731784	11401.2666371727	0	NA	NA	NA	NA	NA	NA	NA	NA
60	3	3	exact_null_point_mass	exact_null_point_mass	point_mass	0	none	no_benefit	0	0	NA	0	0	1000	360	600	1000	1000	360	750	0.64	0.25	6.14745743073377	24	24	0	2	1	10	4	1	5000	2500	1	0.99	14	10000	101059	0.453	0.3465	-0.279140374044468	-5.35178997359073	-0.307844327926845	4.86794202067443	10.2197319942652	-0.210353503629411	-1.24611000013427	-0.220784356551553	0.863937194948618	2.11004719508289	0.459238275102298	-0.522474671853755	-11.4873460189715	-0.502131971444484	10.5121072972448	21.9994533162163	0.0469	0.4247	-0.190810271486771	-2.01671444272989	-0.157094702484263	1.53237952226466	3.54909396499455	0	NA	NA	NA	NA	NA	NA	1	-0.279140374044468	0.0779193484216857	1	-0.210353503629411	0.0442485964891687	1	-0.522474671853755	0.272979782728689	1	-0.190810271486771	0.0364085597048553	1.00180119771676	4702.83550680059	0	1.0013932242828	10576.4913108548	0	NA	NA	NA	NA	NA	NA	NA	NA
115	3	3	exact_null_point_mass	exact_null_point_mass	point_mass	0	none	no_benefit	0	0	NA	0	0	1000	360	600	1000	1000	360	762	0.64	0.238	5.62444818245348	24	24	0	2	1	10	4	1	5000	2500	1	0.99	14	10000	101114	0.4508	0.3144	-0.333056875752293	-5.7750523006141	-0.347200272428509	5.1870258017628	10.9620781023769	-0.259410793729194	-1.33983784208545	-0.257325149471146	0.797617833250107	2.13745567533555	0.487815170376622	-0.231200202618079	-11.8910312396233	-0.167753910667118	11.3128563810446	23.2038876206679	0.0521	0.3733	-0.421847722972983	-2.68777183342145	-0.357801250743738	1.48785380119028	4.17562563461173	0	NA	NA	NA	NA	NA	NA	1	-0.333056875752293	0.110926882485878	1	-0.259410793729194	0.0672939599032104	1	-0.231200202618079	0.0534535336906408	1	-0.421847722972983	0.177955501377491	1.0014387684582	4717.74558073508	0	1.001513696793	14078.1669947622	0	NA	NA	NA	NA	NA	NA	NA	NA
244	3	3	exact_null_point_mass	exact_null_point_mass	point_mass	0	none	no_benefit	0	0	NA	0	0	1000	360	600	1000	1000	360	758	0.64	0.242	6.09609788185449	24	24	0	2	1	10	4	1	5000	2500	1	0.99	14	10000	101243	0.5272	0.403	0.18880194263155	-4.70663875641668	0.176719673714698	5.14121613793547	9.84785489435215	-0.12777206124506	-1.16003057074328	-0.123948019227186	0.904253232661605	2.06428380340489	0.553235476535042	0.575226888891363	-9.94623759767158	0.519560343797223	11.4036298735412	21.3498674712128	0.0326	0.7846	0.856024723052226	-1.46375644038818	0.913465923426676	2.85645021915829	4.32020665954647	0	NA	NA	NA	NA	NA	NA	1	0.18880194263155	0.0356461735414473	1	-0.12777206124506	0.0163256996348114	1	0.575226888891363	0.330885973703637	1	0.856024723052226	0.73277832647664	1.00162396186636	4537.08654766361	0	1.00117178425455	10295.1995152477	0	NA	NA	NA	NA	NA	NA	NA	NA
34	3	3	exact_null_point_mass	exact_null_point_mass	point_mass	0	none	no_benefit	0	0	NA	0	0	1000	360	600	1000	1000	360	768	0.64	0.232	5.96800290791557	24	24	0	2	1	10	4	1	5000	2500	1	0.99	14	10000	101033	0.5131	0.1914	0.0880128303818905	-5.65063864448724	0.0873311287687004	5.74493525959716	11.3955739040844	-0.477286779449081	-1.54202069697968	-0.477461514496258	0.560012538900608	2.10203323588029	0.504692832764505	0.0741519895742485	-11.8692958454854	0.064544976808302	11.9315536318139	23.8008494772993	0.0624	0.1034	-1.20682674131263	-3.14124558062438	-1.17534241654557	0.710309512720955	3.85155509334534	0	NA	NA	NA	NA	NA	NA	1	0.0880128303818905	0.00774625831183143	1	-0.477286779449081	0.227802669836876	1	0.0741519895742485	0.00549851755781946	1	-1.20682674131263	1.45643078354725	1.00147508643958	3994.7677578315	0	1.00216687350848	12667.8297745214	0	NA	NA	NA	NA	NA	NA	NA	NA
162	3	3	exact_null_point_mass	exact_null_point_mass	point_mass	0	none	no_benefit	0	0	NA	0	0	1000	360	600	1000	1000	360	740	0.64	0.26	6.19336644046778	24	24	0	2	1	10	4	1	5000	2500	1	0.99	14	10000	101161	0.46	0.1377	-0.266268782743888	-5.28699183838917	-0.268649620184459	4.80619134235588	10.0931831807451	-0.588998083148059	-1.64121430864308	-0.583141426944815	0.47686130891933	2.1180756175624	0.484456499061131	-0.173866428250712	-11.0086453398396	-0.161621796219437	10.4709093371148	21.4795546769544	0.0414	0.1117	-1.36823085308227	-3.414817376703	-1.38281111653455	0.757544283923743	4.17236166062674	0	NA	NA	NA	NA	NA	NA	1	-0.266268782743888	0.0708990646639116	1	-0.588998083148059	0.346918741952088	1	-0.173866428250712	0.0302295348726601	1	-1.36823085308227	1.87205566732623	1.00157315197055	4530.92169183221	0	1.00167725214081	9865.80604499749	0	NA	NA	NA	NA	NA	NA	NA	NA
248	3	3	exact_null_point_mass	exact_null_point_mass	point_mass	0	none	no_benefit	0	0	NA	0	0	1000	360	600	1000	1000	360	751	0.64	0.249	6.65694296721195	24	24	0	2	1	10	4	1	5000	2500	1	0.99	14	10000	101247	0.5173	0.7759	0.153512372243178	-5.13291516360191	0.121671703779005	5.48914354495437	10.6220587085563	0.413021477971792	-0.6486225893318	0.413663400603643	1.47798432968957	2.12660691902137	0.489167739167739	-0.115939407766447	-11.3773458851322	-0.142688492993014	11.2564078359922	22.6337537211244	0.0676	0.7048	0.467948766506505	-1.23214524701802	0.452059947507434	2.20547759585054	3.43762284286857	0	NA	NA	NA	NA	NA	NA	1	0.153512372243178	0.0235660484317279	1	0.413021477971792	0.170586741266004	1	-0.115939407766447	0.0134419462732344	1	0.467948766506505	0.218976048074959	1.00196821021992	4063.89960703729	0	1.00135203251825	10295.4071744908	0	NA	NA	NA	NA	NA	NA	NA	NA
93	3	3	exact_null_point_mass	exact_null_point_mass	point_mass	0	none	no_benefit	0	0	NA	0	0	1000	360	600	1000	1000	360	764	0.64	0.236	6.24454572051484	24	24	0	2	1	10	4	1	5000	2500	1	0.99	14	10000	101092	0.5666	0.7035	0.42409310587113	-4.68553279689166	0.426383485959066	5.50462310442103	10.1901559013127	0.290796707012998	-0.781243920759359	0.2922131055587	1.36553587021513	2.14677979097449	0.55340622371741	0.722396027110046	-10.2912297819778	0.616592337299433	11.7548237300602	22.046053512038	0.0488	0.3221	-0.402833600721572	-2.15790653075121	-0.421747034048914	1.51821441971905	3.67612095047026	0	NA	NA	NA	NA	NA	NA	1	0.42409310587113	0.179854962447421	1	0.290796707012998	0.0845627248096032	1	0.722396027110046	0.521856019984379	1	-0.402833600721572	0.162274909870307	1.00172398533068	3948.94303528721	0	1.00139568828917	11027.3326743533	0	NA	NA	NA	NA	NA	NA	NA	NA
44	3	3	exact_null_point_mass	exact_null_point_mass	point_mass	0	none	no_benefit	0	0	NA	0	0	1000	360	600	1000	1000	360	742	0.64	0.258	6.28875017594365	24	24	0	2	1	10	4	1	5000	2500	1	0.99	14	10000	101043	0.5539	0.628	0.34496506426626	-4.69368935035786	0.355366038969532	5.44468213311069	10.1383714834686	0.175233999262572	-0.915172187739858	0.178249274584402	1.24689176568237	2.16206395342223	0.534279705573081	0.492589494172857	-10.2897813265061	0.392058542282339	11.4558933396341	21.7456746661402	0.049	0.698	0.561996799244702	-1.40776764420485	0.553445983248348	2.64170822158901	4.04947586579387	0	NA	NA	NA	NA	NA	NA	1	0.34496506426626	0.119000895564225	1	0.175233999262572	0.030706954497555	1	0.492589494172857	0.242644409769471	1	0.561996799244702	0.31584040236129	1.00135559244244	3951.96851703795	0	1.00146435680606	6884.72851810593	0	NA	NA	NA	NA	NA	NA	NA	NA
118	3	3	exact_null_point_mass	exact_null_point_mass	point_mass	0	none	no_benefit	0	0	NA	0	0	1000	360	600	1000	1000	360	747	0.64	0.253	6.28726812981718	24	24	0	2	1	10	4	1	5000	2500	1	0.99	14	10000	101117	0.5666	0.6731	0.419383488739269	-4.67224626033047	0.42732641204936	5.41254092833456	10.084787188665	0.247675774406015	-0.818542917280181	0.257234253072103	1.29788309742128	2.11642601470146	0.556883061958131	0.703506939223647	-10.2858028841845	0.629365831140067	11.6034900452703	21.8892929294548	0.0542	0.6529	0.432304986776818	-1.70255429888233	0.432163160539151	2.56413331150394	4.26668761038627	0	NA	NA	NA	NA	NA	NA	1	0.419383488739269	0.17588251062712	1	0.247675774406015	0.0613432892276192	1	0.703506939223647	0.494922013535825	1	0.432304986776818	0.186887601592105	1.00120579572029	4061.58272664221	0	1.00218888572265	13303.3430362208	0	NA	NA	NA	NA	NA	NA	NA	NA
122	3	3	exact_null_point_mass	exact_null_point_mass	point_mass	0	none	no_benefit	0	0	NA	0	0	1000	360	600	1000	1000	360	748	0.64	0.252	6.47591006755362	24	24	0	2	1	10	4	1	5000	2500	1	0.99	14	10000	101121	0.5036	0.1363	0.00325060070143136	-5.2623197613506	0.0267064216120261	5.34013224482506	10.6024520061757	-0.595688494988388	-1.667755918793	-0.592066945247243	0.481468669627809	2.1492245884208	0.497107969151671	-0.122886822158015	-11.5870985851516	-0.0228238691737825	11.2345899063158	22.8216884914674	0.0664	0.1309	-1.09108029739672	-3.06369071885165	-1.08265891404111	0.821472013163504	3.88516273201516	0	NA	NA	NA	NA	NA	NA	1	0.00325060070143136	1.0566404920146e-05	1	-0.595688494988388	0.35484478306153	1	-0.122886822158015	0.0151011710600955	1	-1.09108029739672	1.19045621536731	1.00143980707883	4507.73445545181	0	1.00163036734404	10710.966402012	0	NA	NA	NA	NA	NA	NA	NA	NA
107	3	3	exact_null_point_mass	exact_null_point_mass	point_mass	0	none	no_benefit	0	0	NA	0	0	1000	360	600	1000	1000	360	765	0.64	0.235	6.16544226321083	24	24	0	2	1	10	4	1	5000	2500	1	0.99	14	10000	101106	0.4863	0.2066	-0.106617974752598	-5.1810871007152	-0.0927553435058837	5.01860051613852	10.1996876168537	-0.437125678333411	-1.48390082872648	-0.433453833336666	0.62750143261125	2.11140226133773	0.495962244362874	-0.0524883910368522	-11.0501444460924	-0.0507948332334074	10.9939154322228	22.0440598783152	0.0465	0.1541	-1.06749672469376	-2.99925746899196	-1.09593607529034	1.01057771751206	4.00983518650402	0	NA	NA	NA	NA	NA	NA	1	-0.106617974752598	0.0113673925403457	1	-0.437125678333411	0.191078858658444	1	-0.0524883910368522	0.00275503119363751	1	-1.06749672469376	1.1395492572319	1.0014557671497	4844.05833195039	0	1.00138587310942	11686.6294803827	0	NA	NA	NA	NA	NA	NA	NA	NA
111	3	3	exact_null_point_mass	exact_null_point_mass	point_mass	0	none	no_benefit	0	0	NA	0	0	1000	360	600	1000	1000	360	778	0.64	0.222	5.87605899998364	24	24	0	2	1	10	4	1	5000	2500	1	0.99	14	10000	101110	0.4389	0.2879	-0.428286473235392	-6.04638015537556	-0.428976519216521	5.23637298042434	11.2827531357999	-0.294147194103004	-1.3237293453945	-0.298383469022089	0.756012122721881	2.07974146811639	0.458581771720613	-0.579516809575322	-12.4036583007625	-0.533796346811322	11.3400425971086	23.7437008978711	0.0608	0.12	-1.026521528248	-2.69601758410083	-1.03572188593423	0.703850465856866	3.39986804995769	0	NA	NA	NA	NA	NA	NA	1	-0.428286473235392	0.18342930315641	1	-0.294147194103004	0.0865225717986703	1	-0.579516809575322	0.33583973258036	1	-1.026521528248	1.0537464479566	1.00160080973305	4733.15861045697	0	1.00205894324005	13792.1506785153	0	NA	NA	NA	NA	NA	NA	NA	NA
131	3	3	exact_null_point_mass	exact_null_point_mass	point_mass	0	none	no_benefit	0	0	NA	0	0	1000	360	600	1000	1000	360	758	0.64	0.242	5.73354610017535	24	24	0	2	1	10	4	1	5000	2500	1	0.99	14	10000	101130	0.4633	0.0941	-0.261872722918182	-5.72268795965987	-0.246164319633426	5.34438864343227	11.0670766030921	-0.707654525051822	-1.75415424615038	-0.705253060278556	0.34722807057624	2.10138231672662	0.475695538057743	-0.348166108051228	-12.3173231565024	-0.272928309840978	11.5354325060066	23.852755662509	0.0475	0.1064	-1.34724307260004	-3.41327657753447	-1.34364800318341	0.779885957025541	4.19316253456001	0	NA	NA	NA	NA	NA	NA	1	-0.261872722918182	0.0685773230085829	1	-0.707654525051822	0.50077492682632	1	-0.348166108051228	0.12121963879554	1	-1.34724307260004	1.8150638966688	1.00201270796971	3911.54046356521	0	1.00170047068653	11539.5294925561	0	NA	NA	NA	NA	NA	NA	NA	NA
245	3	3	exact_null_point_mass	exact_null_point_mass	point_mass	0	none	no_benefit	0	0	NA	0	0	1000	360	600	1000	1000	360	764	0.64	0.236	6.04996013169589	24	24	0	2	1	10	4	1	5000	2500	1	0.99	14	10000	101244	0.4292	0.2304	-0.460374079713195	-5.55245671185315	-0.487713725782885	4.7190377270963	10.2714944389494	-0.385071084802453	-1.39912837076275	-0.389791777039308	0.672000477428279	2.07112884819103	0.414845791949817	-1.00345873610221	-11.9715275813194	-0.915745130976729	10.0114965054203	21.9830240867397	0.0435	0.5371	0.104015451989795	-1.46360492837707	0.0770123339660298	1.85172151923588	3.31532644761294	0	NA	NA	NA	NA	NA	NA	1	-0.460374079713195	0.211944293271771	1	-0.385071084802453	0.148279740350938	1	-1.00345873610221	1.00692943505984	1	0.104015451989795	0.0108192142526414	1.00190076168264	4823.54126298777	0	1.0012348942395	12571.8077411117	0	NA	NA	NA	NA	NA	NA	NA	NA
238	3	3	exact_null_point_mass	exact_null_point_mass	point_mass	0	none	no_benefit	0	0	NA	0	0	1000	360	600	1000	1000	360	730	0.64	0.27	6.71071550560064	24	24	0	2	1	10	4	1	5000	2500	1	0.99	14	10000	101237	0.5729	0.9338	0.490097474198523	-4.84148854077582	0.483425593326073	5.72345055441476	10.5649390951906	0.834859483980872	-0.259534326274163	0.836082218856038	1.90390720406807	2.16344153034223	0.544492440604752	0.641010290120348	-10.7001904420191	0.560719879852009	11.7988686295806	22.4990590715997	0.074	0.92	1.70309265380417	-0.774026956798048	1.73740652362085	3.88926509197446	4.66329204877251	0	NA	NA	NA	NA	NA	NA	1	0.490097474198523	0.240195534215772	1	0.834859483980872	0.696990357992807	1	0.641010290120348	0.410894192040173	1	1.70309265380417	2.90052458744173	1.00187385628706	4619.91320393519	0	1.00123849222466	13861.079303193	0	NA	NA	NA	NA	NA	NA	NA	NA
90	3	3	exact_null_point_mass	exact_null_point_mass	point_mass	0	none	no_benefit	0	0	NA	0	0	1000	360	600	1000	1000	360	769	0.64	0.231	5.58898379664791	24	24	0	2	1	10	4	1	5000	2500	1	0.99	14	10000	101089	0.498	0.5628	-0.0437434332082523	-5.61164230745938	-0.0136671444500518	5.46037884127574	11.0720211487351	0.0817159539214897	-0.982805550850475	0.0846872074963763	1.14722853080032	2.1300340816508	0.494456762749446	-0.152749147777793	-11.7058277561567	-0.0615927467138437	11.6586779196121	23.3645056757688	0.0529	0.5761	0.149015040952589	-1.92859458994432	0.191280937248909	1.90519394248151	3.83378853242582	0	NA	NA	NA	NA	NA	NA	1	-0.0437434332082523	0.00191348794884483	1	0.0817159539214897	0.00667749712529903	1	-0.152749147777793	0.0233323021468419	1	0.149015040952589	0.0222054824301018	1.00161941523359	4231.13104021057	0	1.00206065505934	11922.7248777219	0	NA	NA	NA	NA	NA	NA	NA	NA
42	3	3	exact_null_point_mass	exact_null_point_mass	point_mass	0	none	no_benefit	0	0	NA	0	0	1000	360	600	1000	1000	360	756	0.64	0.244	6.19317678590971	24	24	0	2	1	10	4	1	5000	2500	1	0.99	14	10000	101041	0.5874	0.7187	0.570220522227243	-4.66803289697189	0.601471370609131	5.68310702121093	10.3511399181828	0.314385984739794	-0.736825711463664	0.318662829881179	1.37682430429266	2.11365001575632	0.59478021978022	1.28867572964088	-9.78179795493589	1.13279613418451	12.200610695959	21.9824086508949	0.0536	0.8192	0.890830616572093	-1.29717137309147	0.962307331765765	2.67955094655293	3.9767223196444	0	NA	NA	NA	NA	NA	NA	1	0.570220522227243	0.32515144396911	1	0.314385984739794	0.0988385474008097	1	1.28867572964088	1.66068513616545	1	0.890830616572093	0.793579187422216	1.00144346535654	4268.26019029261	0	1.00257917084798	12085.9305778311	0	NA	NA	NA	NA	NA	NA	NA	NA
259	3	3	exact_null_point_mass	exact_null_point_mass	point_mass	0	none	no_benefit	0	0	NA	0	0	1000	360	600	1000	1000	360	755	0.64	0.245	6.74778591712891	24	24	0	2	1	10	4	1	5000	2500	1	0.99	14	10000	101258	0.4884	0.4838	-0.104581136478279	-5.43911012889995	-0.0731485667543863	5.28969369933543	10.7288038282354	-0.0145539421885684	-1.03283142134983	-0.0194987566333342	1.01588329350207	2.04871471485189	0.506119354489332	0.0401255373837219	-11.5715940105443	0.0866565831074553	11.3553419904861	22.9269360010304	0.0767	0.7032	0.546230623415288	-1.51296194212431	0.563600247993911	2.45582969502195	3.96879163714626	0	NA	NA	NA	NA	NA	NA	1	-0.104581136478279	0.0109372141070884	1	-0.0145539421885684	0.000211817233228191	1	0.0401255373837219	0.00161005875033246	1	0.546230623415288	0.298367893956654	1.00145740147753	4563.75897444711	0	1.00178069960172	6846.53326597239	0	NA	NA	NA	NA	NA	NA	NA	NA
125	3	3	exact_null_point_mass	exact_null_point_mass	point_mass	0	none	no_benefit	0	0	NA	0	0	1000	360	600	1000	1000	360	769	0.64	0.231	5.82907887070331	24	24	0	2	1	10	4	1	5000	2500	1	0.99	14	10000	101124	0.5496	0.7969	0.339751931153804	-5.15411234112644	0.364977876710329	5.82079207373993	10.9749044148664	0.448609585394096	-0.602200047853496	0.450644171695312	1.4694692997507	2.07166934760419	0.520179372197309	0.343093914180731	-11.2120715814425	0.267541086567853	11.7733939375682	22.9854655190107	0.0634	0.8147	0.821708740626892	-0.807284932503807	0.754575415492557	2.7444323103785	3.5517172428823	0	NA	NA	NA	NA	NA	NA	1	0.339751931153804	0.115431374722739	1	0.448609585394096	0.201250560107463	1	0.343093914180731	0.117713433947855	1	0.821708740626892	0.675205254422633	1.00149955872307	4395.92208808381	0	1.00133589591629	11524.9120506811	0	NA	NA	NA	NA	NA	NA	NA	NA
246	3	3	exact_null_point_mass	exact_null_point_mass	point_mass	0	none	no_benefit	0	0	NA	0	0	1000	360	600	1000	1000	360	740	0.64	0.26	6.02915994462913	24	24	0	2	1	10	4	1	5000	2500	1	0.99	14	10000	101245	0.5281	0.7626	0.195542395807681	-4.93529523595652	0.177648827392538	5.28122946522371	10.2165247011802	0.383523953575001	-0.680335026086028	0.380327991824824	1.47066163719331	2.15099666327934	0.507604166666667	0.108013044553804	-11.400359783448	0.0826074350715125	11.3629922345434	22.7633520179914	0.04	0.5262	0.205531475120886	-1.99187441521503	0.0876561796879338	3.11952084149276	5.11139525670779	0	NA	NA	NA	NA	NA	NA	1	0.195542395807681	0.0382368285582079	1	0.383523953575001	0.147090622965799	1	0.108013044553804	0.011666817793782	1	0.205531475120886	0.0422431872653675	1.00251371867189	4651.71779413125	0	1.00111125616659	12103.3588935864	0	NA	NA	NA	NA	NA	NA	NA	NA
172	3	3	exact_null_point_mass	exact_null_point_mass	point_mass	0	none	no_benefit	0	0	NA	0	0	1000	360	600	1000	1000	360	778	0.64	0.222	5.58049450338612	24	24	0	2	1	10	4	1	5000	2500	1	0.99	14	10000	101171	0.5665	0.9414	0.500082045637178	-5.18977346175673	0.484431758155454	6.03721747928079	11.2269909410375	0.843638420842367	-0.195225478027714	0.843804492218703	1.89475022446405	2.08997570249177	0.546354825115887	0.691167833814168	-10.8233377101316	0.597934702477819	12.2864536810577	23.1097913911892	0.0508	0.8117	0.83971099109355	-0.894177988127133	0.82205397219889	2.61367788641209	3.50785587453922	0	NA	NA	NA	NA	NA	NA	1	0.500082045637178	0.250082052368665	1	0.843638420842367	0.711725785121402	1	0.691167833814168	0.47771297449937	1	0.83971099109355	0.705114548563312	1.0013525003762	4591.58377840942	0	1.00270456096274	12085.2976734612	0	NA	NA	NA	NA	NA	NA	NA	NA
43	3	3	exact_null_point_mass	exact_null_point_mass	point_mass	0	none	no_benefit	0	0	NA	0	0	1000	360	600	1000	1000	360	772	0.64	0.228	5.6353978627089	24	24	0	2	1	10	4	1	5000	2500	1	0.99	14	10000	101042	0.5125	0.5343	0.0984494885951599	-5.37539958895482	0.100076335946786	5.60383564638324	10.9792352353381	0.0512871642355272	-0.996564075157304	0.0484130418169801	1.10063683686166	2.09720091201896	0.512688758389262	0.146293003237992	-11.4760939629993	0.142127966010492	11.7390416034465	23.2151355664459	0.0464	0.6902	0.521780757402213	-1.35700598534617	0.529153342917671	2.38387994043328	3.74088592577945	0	NA	NA	NA	NA	NA	NA	1	0.0984494885951599	0.00969230180464853	1	0.0512871642355272	0.00263037321532194	1	0.146293003237992	0.021401642796391	1	0.521780757402213	0.272255158795227	1.00149105630961	4560.82728249126	0	1.00347239312402	11759.230236173	0	NA	NA	NA	NA	NA	NA	NA	NA
170	3	3	exact_null_point_mass	exact_null_point_mass	point_mass	0	none	no_benefit	0	0	NA	0	0	1000	360	600	1000	1000	360	759	0.64	0.241	6.25319340819917	24	24	0	2	1	10	4	1	5000	2500	1	0.99	14	10000	101169	0.5892	0.7874	0.56169189211723	-4.48717536515153	0.572879091504785	5.50885056848851	9.99602593364004	0.425508513953455	-0.618215970477845	0.429230492934722	1.47190965081173	2.09012562128958	0.597378080755113	1.21494493747368	-9.83035781571532	1.04361804424001	11.8176551457156	21.6480129614309	0.0465	0.9277	1.44435359816719	-0.517108161039937	1.39656716983384	3.49325968424747	4.01036784528741	0	NA	NA	NA	NA	NA	NA	1	0.56169189211723	0.315497781670234	1	0.425508513953455	0.181057495446878	1	1.21494493747368	1.47609120109294	1	1.44435359816719	2.0861573165385	1.00132021160367	4218.04249976602	0	1.00198718336927	13900.1367432119	0	NA	NA	NA	NA	NA	NA	NA	NA
171	3	3	exact_null_point_mass	exact_null_point_mass	point_mass	0	none	no_benefit	0	0	NA	0	0	1000	360	600	1000	1000	360	764	0.64	0.236	6.53675829513089	24	24	0	2	1	10	4	1	5000	2500	1	0.99	14	10000	101170	0.6015	0.7171	0.651653511778867	-4.54465846517206	0.685725800244695	5.60388116851552	10.1485396336876	0.302203107249014	-0.747527196507117	0.295928353272371	1.35898642726868	2.1065136237758	0.570290086069493	0.960840946757795	-10.159618730961	0.830806867853056	11.9320179940946	22.0916367250557	0.0589	0.5769	0.148666758618119	-1.58998186019616	0.160843207301963	1.79345705069682	3.38343891089297	0	NA	NA	NA	NA	NA	NA	1	0.651653511778867	0.424652299413729	1	0.302203107249014	0.0913267180309593	1	0.960840946757795	0.923215324966415	1	0.148666758618119	0.022101805118018	1.00222775524166	4423.51037844852	0	1.00160534718726	12780.1957231086	0	NA	NA	NA	NA	NA	NA	NA	NA
92	3	3	exact_null_point_mass	exact_null_point_mass	point_mass	0	none	no_benefit	0	0	NA	0	0	1000	360	600	1000	1000	360	731	0.64	0.269	6.40398852261752	24	24	0	2	1	10	4	1	5000	2500	1	0.99	14	10000	101091	0.5423	0.7503	0.286257897755562	-4.78665995801494	0.293632539713435	5.40509316446571	10.1917531224807	0.368274283704317	-0.713662850386572	0.367297101816135	1.43465882516373	2.1483216755503	0.522749067661161	0.308159175962774	-10.6565688097596	0.239946425458779	11.4860428534876	22.1426116632472	0.0615	0.7549	0.825009281652815	-1.50701763833469	0.817167061203519	3.24257398588932	4.74959162422401	0	NA	NA	NA	NA	NA	NA	1	0.286257897755562	0.0819435840274337	1	0.368274283704317	0.135625948037928	1	0.308159175962774	0.0949620777300561	1	0.825009281652815	0.680640314813294	1.0015389715481	4457.79380703331	0	1.00166139406649	11880.6122163419	0	NA	NA	NA	NA	NA	NA	NA	NA
121	3	3	exact_null_point_mass	exact_null_point_mass	point_mass	0	none	no_benefit	0	0	NA	0	0	1000	360	600	1000	1000	360	762	0.64	0.238	6.1858994793767	24	24	0	2	1	10	4	1	5000	2500	1	0.99	14	10000	101120	0.4804	0.5372	-0.116168164650681	-5.03096317827777	-0.119640690196448	4.98668471311108	10.0176478913889	0.0476697733768108	-1.02492614895102	0.0500848968746679	1.10088367757153	2.12580982652256	0.462462148898402	-0.499708938923011	-11.1246496690012	-0.414540068390226	10.2918319219112	21.4164815909125	0.0423	0.4428	-0.123864438174438	-1.95295611368951	-0.129392172163166	1.66972351737488	3.62267963106439	0	NA	NA	NA	NA	NA	NA	1	-0.116168164650681	0.0134950424783076	1	0.0476697733768108	0.0022724072937965	1	-0.499708938923011	0.249709023639561	1	-0.123864438174438	0.0153423990442691	1.00147646866554	4241.60992917414	0	1.00185930853613	12882.1146273169	0	NA	NA	NA	NA	NA	NA	NA	NA
225	3	3	exact_null_point_mass	exact_null_point_mass	point_mass	0	none	no_benefit	0	0	NA	0	0	1000	360	600	1000	1000	360	750	0.64	0.25	6.23573513441616	24	24	0	2	1	10	4	1	5000	2500	1	0.99	14	10000	101224	0.5787	0.4949	0.514626157623433	-4.60253525621418	0.525522560322489	5.65951441127834	10.2620496674925	-0.0134628031822145	-1.09198012659769	-0.00777081250581535	1.03968103936996	2.13166116596765	0.575662373023353	0.983495660447457	-9.83313346220487	0.897096208811744	11.9396742216904	21.7728076838953	0.0451	0.6325	0.267721852993671	-1.6558982986994	0.3166028050446	2.01154872119419	3.66744701989359	0	NA	NA	NA	NA	NA	NA	1	0.514626157623433	0.264840082110258	1	-0.0134628031822145	0.000181247069523044	1	0.983495660447457	0.967263714118979	1	0.267721852993671	0.071674990570365	1.00138173576578	4239.85686981307	0	1.0014472877555	12159.0465298677	0	NA	NA	NA	NA	NA	NA	NA	NA
123	3	3	exact_null_point_mass	exact_null_point_mass	point_mass	0	none	no_benefit	0	0	NA	0	0	1000	360	600	1000	1000	360	761	0.64	0.239	5.84995620235824	24	24	0	2	1	10	4	1	5000	2500	1	0.99	14	10000	101122	0.4506	0.0958	-0.360240168358207	-5.91687439805529	-0.364190318491028	5.2094365625922	11.1263109606475	-0.71221725928921	-1.75834989331086	-0.710414434716505	0.360319717965251	2.11866961127612	0.463783553472518	-0.48290934424486	-11.9679455124226	-0.459333589075512	11.3851162145603	23.3530617269829	0.0612	0.0549	-1.55325242467837	-3.22515293914532	-1.61414036351751	0.40843447413919	3.63358741328451	0	NA	NA	NA	NA	NA	NA	1	-0.360240168358207	0.129772978898749	1	-0.71221725928921	0.507253424429434	1	-0.48290934424486	0.233201434759001	1	-1.55325242467837	2.41259309476925	1.00188729029914	4444.40008002876	0	1.00161017534702	13259.4121256016	0	NA	NA	NA	NA	NA	NA	NA	NA
161	3	3	exact_null_point_mass	exact_null_point_mass	point_mass	0	none	no_benefit	0	0	NA	0	0	1000	360	600	1000	1000	360	753	0.64	0.247	6.22168085532468	24	24	0	2	1	10	4	1	5000	2500	1	0.99	14	10000	101160	0.4179	0.0141	-0.512157727512202	-5.45281711448655	-0.525284060996104	4.46606963089826	9.91888674538481	-1.19604522273114	-2.27731782001084	-1.19538083398241	-0.129016805345612	2.14830101466523	0.446741854636591	-0.70906635269255	-11.3379794088439	-0.564084939863373	10.1308516065366	21.4688310153805	0.0424	0.0258	-2.11180223436961	-4.14695407511509	-2.13231738478433	0.00659505861033587	4.15354913372542	0	NA	NA	NA	NA	NA	NA	1	-0.512157727512202	0.262305537850463	0	-1.19604522273114	1.43052417481798	1	-0.70906635269255	0.502775092520716	1	-2.11180223436961	4.45970867708847	1.00214594970551	4221.27602510999	0	1.00203815629571	14441.9288527738	0	NA	NA	NA	NA	NA	NA	NA	NA
258	3	3	exact_null_point_mass	exact_null_point_mass	point_mass	0	none	no_benefit	0	0	NA	0	0	1000	360	600	1000	1000	360	771	0.64	0.229	5.89908518706367	24	24	0	2	1	10	4	1	5000	2500	1	0.99	14	10000	101257	0.5159	0.1533	0.127790546142956	-5.48355872197631	0.110638863663635	5.79163288577573	11.275191607752	-0.541335468429198	-1.58649031610707	-0.535544466341773	0.497027272806432	2.08351758891351	0.493789149591252	-0.0225623733273662	-11.6623814406611	-0.0904879155360376	11.7704562503119	23.432837690973	0.0581	0.2079	-0.843713810469524	-2.87662743443878	-0.823383896040399	1.09180488039851	3.96843231483729	0	NA	NA	NA	NA	NA	NA	1	0.127790546142956	0.0163304236835149	1	-0.541335468429198	0.293044089379459	1	-0.0225623733273662	0.000509060690163445	1	-0.843713810469524	0.711852993977004	1.00234762367941	4203.56383700877	0	1.00162529892659	12239.9981270671	0	NA	NA	NA	NA	NA	NA	NA	NA
124	3	3	exact_null_point_mass	exact_null_point_mass	point_mass	0	none	no_benefit	0	0	NA	0	0	1000	360	600	1000	1000	360	747	0.64	0.253	6.07923663654738	24	24	0	2	1	10	4	1	5000	2500	1	0.99	14	10000	101123	0.3794	0.5846	-0.770656390699808	-5.74760256823145	-0.799961535526728	4.33968991298889	10.0872924812203	0.11959386877572	-0.939613386888746	0.117109283287721	1.19354781529916	2.1331612021879	0.377808104136049	-1.58410728092839	-12.5246389188082	-1.45496909991701	9.64032430736305	22.1649632261712	0.0474	0.4481	-0.107734751315506	-1.8096973947861	-0.108595470369662	1.54201978969496	3.35171718448106	0	NA	NA	NA	NA	NA	NA	1	-0.770656390699808	0.593911272526455	1	0.11959386877572	0.0143026934487441	1	-1.58410728092839	2.50939587749035	1	-0.107734751315506	0.011606776641014	1.00124560460678	4527.51894116933	0	1.00151376629949	12504.352774567	0	NA	NA	NA	NA	NA	NA	NA	NA
130	3	3	exact_null_point_mass	exact_null_point_mass	point_mass	0	none	no_benefit	0	0	NA	0	0	1000	360	600	1000	1000	360	754	0.64	0.246	6.40340350820013	24	24	0	2	1	10	4	1	5000	2500	1	0.99	14	10000	101129	0.4591	0.664	-0.252636913546915	-5.47282468147321	-0.281765237137038	5.07470440092524	10.5475290823984	0.218547219999329	-0.842164135423134	0.213035302125085	1.27445695100812	2.11662108643125	0.45813704496788	-0.616882691025169	-11.817379263547	-0.547180299380029	10.7522776236817	22.5696568872287	0.066	0.4384	-0.0772342525008452	-1.94129804152208	-0.162657276837274	2.19122816542501	4.13252620694709	0	NA	NA	NA	NA	NA	NA	1	-0.252636913546915	0.0638254100865114	1	0.218547219999329	0.0477628873694353	1	-0.616882691025169	0.380544254486454	1	-0.0772342525008452	0.00596512975936432	1.00187321795038	4416.4510495379	0	1.00216672051031	12400.6066009746	0	NA	NA	NA	NA	NA	NA	NA	NA
128	3	3	exact_null_point_mass	exact_null_point_mass	point_mass	0	none	no_benefit	0	0	NA	0	0	1000	360	600	1000	1000	360	740	0.64	0.26	6.11232483280646	24	24	0	2	1	10	4	1	5000	2500	1	0.99	14	10000	101127	0.6042	0.6458	0.660230352706418	-4.5394440480055	0.682278110791633	5.71897187908934	10.2584159270948	0.209642269381739	-0.865397851003252	0.211333102350467	1.29485080937842	2.16024866038167	0.629680704359818	1.70936890331705	-9.54575723359687	1.60952635936302	12.6896127039126	22.2353699375095	0.0573	0.7063	0.583397375931955	-1.43858313906298	0.566354812108406	2.68980227787797	4.12838541694095	0	NA	NA	NA	NA	NA	NA	1	0.660230352706418	0.435904118634841	1	0.209642269381739	0.0439498811115256	1	1.70936890331705	2.92194204762732	1	0.583397375931955	0.340352498244291	1.00165484084244	4286.00588028042	0	1.00169911692348	11565.1365093862	0	NA	NA	NA	NA	NA	NA	NA	NA
129	3	3	exact_null_point_mass	exact_null_point_mass	point_mass	0	none	no_benefit	0	0	NA	0	0	1000	360	600	1000	1000	360	766	0.64	0.234	5.82791412096358	24	24	0	2	1	10	4	1	5000	2500	1	0.99	14	10000	101128	0.5808	0.88	0.571585515840963	-4.88007906344994	0.550900881670509	6.04423984243198	10.9243189058819	0.604638734617083	-0.451834413732231	0.606092317816733	1.63929042282439	2.09112483655662	0.555025445292621	0.724474048733175	-11.1846882898581	0.713589342670748	12.3197211802015	23.5044094700596	0.0568	0.7467	0.544644712859725	-1.1737697998213	0.573872483039264	2.14362903110215	3.31739883092345	0	NA	NA	NA	NA	NA	NA	1	0.571585515840963	0.326710001919179	1	0.604638734617083	0.365587999399347	1	0.724474048733175	0.524862647287838	1	0.544644712859725	0.296637863246052	1.00151892234012	4291.14255617298	0	1.00143111346938	12727.2171997186	0	NA	NA	NA	NA	NA	NA	NA	NA
156	3	3	exact_null_point_mass	exact_null_point_mass	point_mass	0	none	no_benefit	0	0	NA	0	0	1000	360	600	1000	1000	360	742	0.64	0.258	6.41965749577304	24	24	0	2	1	10	4	1	5000	2500	1	0.99	14	10000	101155	0.4958	0.2415	-0.0450709325076364	-5.23837520299482	-0.0323985386343146	5.16283617775546	10.4012113807503	-0.389134613418518	-1.44205857546206	-0.394152286034088	0.692982412840577	2.13504098830264	0.494504321843987	-0.00513310017120217	-11.1826232387553	-0.0588660395098799	11.2157620201143	22.3983852588697	0.0629	0.1245	-1.05055933496851	-2.77377313461223	-1.09543677061243	0.984824397561734	3.75859753217396	0	NA	NA	NA	NA	NA	NA	1	-0.0450709325076364	0.00203138895710791	1	-0.389134613418518	0.15142574736038	1	-0.00513310017120217	2.63487173675957e-05	1	-1.05055933496851	1.10367491628949	1.00186719322857	4499.32225742806	0	1.00139804787093	12627.9155224861	0	NA	NA	NA	NA	NA	NA	NA	NA
224	3	3	exact_null_point_mass	exact_null_point_mass	point_mass	0	none	no_benefit	0	0	NA	0	0	1000	360	600	1000	1000	360	735	0.64	0.265	5.96988706391014	24	24	0	2	1	10	4	1	5000	2500	1	0.99	14	10000	101223	0.5257	0.6046	0.153904342201558	-5.4967933404962	0.197327563736133	5.848026612368	11.3448199528642	0.141028664531353	-0.927840435797031	0.145212137048209	1.2504300443413	2.17827048013833	0.508719375200599	0.132975955231599	-11.601983390932	0.114465497968121	11.8726314436622	23.4746148345942	0.0653	0.397	-0.22280850311864	-2.11548366014823	-0.25678295909365	1.87814106018881	3.99362472033703	0	NA	NA	NA	NA	NA	NA	1	0.153904342201558	0.0236865465484942	1	0.141028664531353	0.0198890842194968	1	0.132975955231599	0.0176826046697562	1	-0.22280850311864	0.0496436290619689	1.00231476492639	4439.64421585524	0	1.00145287961334	11656.808712856	0	NA	NA	NA	NA	NA	NA	NA	NA
120	3	3	exact_null_point_mass	exact_null_point_mass	point_mass	0	none	no_benefit	0	0	NA	0	0	1000	360	600	1000	1000	360	753	0.64	0.247	6.37062906134164	24	24	0	2	1	10	4	1	5000	2500	1	0.99	14	10000	101119	0.6216	0.9466	0.82554155092925	-4.53059237629165	0.842869021840976	6.11862891132091	10.6492212876126	0.893017744001273	-0.177490321750686	0.89774455873704	1.96949436509634	2.14698468684702	0.572224603514788	1.03038531068061	-9.90792904090675	0.921972760520455	12.065905509733	21.9738345506397	0.0668	0.9309	1.41052410119425	-0.475087427485078	1.42417264058926	3.18034289023384	3.65543031771892	0	NA	NA	NA	NA	NA	NA	1	0.82554155092925	0.681518852310671	1	0.893017744001273	0.797480691101123	1	1.03038531068061	1.06169388846638	1	1.41052410119425	1.98957824004985	1.00117867695081	4494.12795316821	0	1.00184838666537	10269.282402484	0	NA	NA	NA	NA	NA	NA	NA	NA
76	3	3	exact_null_point_mass	exact_null_point_mass	point_mass	0	none	no_benefit	0	0	NA	0	0	1000	360	600	1000	1000	360	761	0.64	0.239	6.12453047466629	24	24	0	2	1	10	4	1	5000	2500	1	0.99	14	10000	101075	0.5758	0.9731	0.475584658442414	-4.72078478013019	0.495645092671466	5.56802749959863	10.2888122797288	1.04712036505925	-0.0139241288832459	1.04804853141117	2.08673946107989	2.10066358996314	0.584516671925949	1.05639053202007	-9.95660750344764	1.00922134358821	11.7638191354744	21.720426638922	0.0493	0.9658	1.93549934216446	-0.193150165060588	1.91427426597347	4.11408763147071	4.30723779653129	0	NA	NA	NA	NA	NA	NA	1	0.475584658442414	0.226180767345787	1	1.04712036505925	1.09646105892181	1	1.05639053202007	1.11596095614164	1	1.93549934216446	3.74615770351907	1.00172963982962	4528.71737369714	0	1.00154821296286	12108.4415308455	0	NA	NA	NA	NA	NA	NA	NA	NA
155	3	3	exact_null_point_mass	exact_null_point_mass	point_mass	0	none	no_benefit	0	0	NA	0	0	1000	360	600	1000	1000	360	747	0.64	0.253	6.00433836265589	24	24	0	2	1	10	4	1	5000	2500	1	0.99	14	10000	101154	0.7008	0.7257	1.45905121605027	-4.15309323606531	1.55267940745653	6.79065100204022	10.9437442381055	0.324914092720204	-0.753892152593583	0.328368800498835	1.39773455316013	2.15162670575372	0.763034165708912	3.18577794366878	-8.60033153357473	3.07040246192736	13.9167619255824	22.5170934591571	0.0429	0.7549	0.687442848769319	-1.2958489202868	0.726980136550053	2.64709804816967	3.94294696845647	0	NA	NA	NA	NA	NA	NA	1	1.45905121605027	2.12883045105777	1	0.324914092720204	0.105569167648193	1	3.18577794366878	10.1491811063665	1	0.687442848769319	0.472577670324076	1.0029959732115	4343.44469344184	0	1.0014917476924	10867.8512359375	0	NA	NA	NA	NA	NA	NA	NA	NA
208	3	3	exact_null_point_mass	exact_null_point_mass	point_mass	0	none	no_benefit	0	0	NA	0	0	1000	360	600	1000	1000	360	765	0.64	0.235	5.65332922909056	24	24	0	2	1	10	4	1	5000	2500	1	0.99	14	10000	101207	0.4562	0.5413	-0.340269052815592	-5.89830323449485	-0.32674235292219	5.16848153638408	11.0667847708789	0.0533112030181066	-1.00362238923908	0.0560577482443794	1.12311132211262	2.1267337113517	0.472857594603141	-0.437210760456159	-12.1290289832973	-0.357993870511596	11.4355599996262	23.5645889829234	0.0513	0.5916	0.191022595681759	-1.49291910614484	0.200542077001982	1.88298379383221	3.37590289997705	0	NA	NA	NA	NA	NA	NA	1	-0.340269052815592	0.11578302830402	1	0.0533112030181066	0.00284208436723778	1	-0.437210760456159	0.191153249058652	1	0.191022595681759	0.0364896320609969	1.00156980910117	4636.56671963036	0	1.00238506326204	12217.000372757	0	NA	NA	NA	NA	NA	NA	NA	NA
72	3	3	exact_null_point_mass	exact_null_point_mass	point_mass	0	none	no_benefit	0	0	NA	0	0	1000	360	600	1000	1000	360	746	0.64	0.254	5.93905062259933	24	24	0	2	1	10	4	1	5000	2500	1	0.99	14	10000	101071	0.4661	0.1989	-0.244564578003941	-5.93747494936658	-0.250581256854028	5.41867707753984	11.3561520269064	-0.46899744407611	-1.55154316102447	-0.467006273271084	0.599848004805017	2.15139116582948	0.486621363346783	-0.275716317249879	-12.0872237879712	-0.190536127784831	11.7030816670315	23.7903054550026	0.0582	0.3512	-0.3937163552547	-2.41977264204278	-0.388719476368657	1.5317645764022	3.95153721844498	0	NA	NA	NA	NA	NA	NA	1	-0.244564578003941	0.0598118328142459	1	-0.46899744407611	0.219958602549924	1	-0.275716317249879	0.0760194875978361	1	-0.3937163552547	0.155012568395045	1.00150312119528	4272.4295044653	0	1.00138375797346	10183.0112110673	0	NA	NA	NA	NA	NA	NA	NA	NA
220	3	3	exact_null_point_mass	exact_null_point_mass	point_mass	0	none	no_benefit	0	0	NA	0	0	1000	360	600	1000	1000	360	738	0.64	0.262	6.17193221490252	24	24	0	2	1	10	4	1	5000	2500	1	0.99	14	10000	101219	0.4739	0.2238	-0.158811793598592	-5.23233481523651	-0.176582467895088	5.04937702396941	10.2817118392059	-0.414422151254523	-1.5030291340237	-0.411007837190778	0.654008954593358	2.15703808861706	0.478085106382979	-0.259155144225738	-11.4152352386236	-0.264839766671434	11.0635880668196	22.4788233054432	0.06	0.3731	-0.330340310684981	-2.41900881796045	-0.346903256286269	1.77506338522976	4.1940722031902	0	NA	NA	NA	NA	NA	NA	1	-0.158811793598592	0.0252211857860018	1	-0.414422151254523	0.171745719450427	1	-0.259155144225738	0.067161388778663	1	-0.330340310684981	0.10912472086345	1.00107530414304	4547.9709778521	0	1.00207047871694	12456.9130073939	0	NA	NA	NA	NA	NA	NA	NA	NA
239	3	3	exact_null_point_mass	exact_null_point_mass	point_mass	0	none	no_benefit	0	0	NA	0	0	1000	360	600	1000	1000	360	774	0.64	0.226	5.63677687567213	24	24	0	2	1	10	4	1	5000	2500	1	0.99	14	10000	101238	0.4776	0.4995	-0.168281224183379	-5.64221608238905	-0.164466535875625	5.38999283427658	11.0322089166656	-0.000534572469553371	-1.06313023898116	-0.00107712689687034	1.08025110975313	2.14338134873429	0.48768054375531	-0.244043704505226	-12.0103728503122	-0.151830636498652	11.4549209145398	23.465293764852	0.0584	0.3091	-0.562111546112599	-2.66307122087421	-0.595505619711384	1.82800228551025	4.49107350638446	0	NA	NA	NA	NA	NA	NA	1	-0.168281224183379	0.0283185704126567	1	-0.000534572469553371	2.8576772520439e-07	1	-0.244043704505226	0.0595573297086339	1	-0.562111546112599	0.315969390273097	1.00151608334863	4165.98341321814	0	1.00130693158763	12280.9147384935	0	NA	NA	NA	NA	NA	NA	NA	NA
119	3	3	exact_null_point_mass	exact_null_point_mass	point_mass	0	none	no_benefit	0	0	NA	0	0	1000	360	600	1000	1000	360	734	0.64	0.266	5.79589739650714	24	24	0	2	1	10	4	1	5000	2500	1	0.99	14	10000	101118	0.4656	0.3157	-0.24681052685073	-5.84923588885053	-0.235144825246739	5.28298860079538	11.1322244896459	-0.259810132917679	-1.33725841941733	-0.266576500672572	0.850562711449028	2.18782113086635	0.479339723109691	-0.308183767269848	-12.0848991085752	-0.307272282959562	11.5501205573504	23.6350196659255	0.061	0.454	-0.131156719859926	-2.24653706983009	-0.135806755056985	2.04510566330846	4.29164273313855	0	NA	NA	NA	NA	NA	NA	1	-0.24681052685073	0.0609154361643348	1	-0.259810132917679	0.067501305166702	1	-0.308183767269848	0.0949772344086358	1	-0.131156719859926	0.017202085164415	1.00153160489611	4346.46963050315	0	1.0022959916876	10831.7647944002	0	NA	NA	NA	NA	NA	NA	NA	NA
167	3	3	exact_null_point_mass	exact_null_point_mass	point_mass	0	none	no_benefit	0	0	NA	0	0	1000	360	600	1000	1000	360	755	0.64	0.245	5.49294939651968	24	24	0	2	1	10	4	1	5000	2500	1	0.99	14	10000	101166	0.5249	0.9724	0.206796892948346	-5.15939105627146	0.177906365011303	5.687814799889	10.8472058561605	1.0658541994426	-0.0147525534219565	1.06748682408362	2.16397634454855	2.1787288979705	0.523267946577629	0.364935257816312	-11.2837764043086	0.298883130478609	11.7499502233401	23.0337266276486	0.0416	0.954	1.92183532904099	-0.342724606242334	1.92056357242649	4.16044879918092	4.50317340542325	0	NA	NA	NA	NA	NA	NA	1	0.206796892948346	0.0427649549330897	1	1.0658541994426	1.13604517446942	1	0.364935257816312	0.133177742397458	1	1.92183532904099	3.69345103195009	1.00131722273463	4248.15180822955	0	1.0010713952846	10717.2347258577	0	NA	NA	NA	NA	NA	NA	NA	NA
278	3	3	exact_null_point_mass	exact_null_point_mass	point_mass	0	none	no_benefit	0	0	NA	0	0	1000	360	600	1000	1000	360	741	0.64	0.259	6.56927825058581	24	24	0	2	1	10	4	1	5000	2500	1	0.99	14	10000	101277	0.4817	0.2247	-0.132514977116298	-5.4216400662801	-0.129440244170341	5.11448970559965	10.5361297718798	-0.404608925853568	-1.46842856947978	-0.402197672986611	0.682378119209024	2.1508066886888	0.484667165295438	-0.183546310115174	-11.3060440968899	-0.197006132941251	10.9259734779055	22.2320175747954	0.0641	0.3722	-0.449515237626391	-2.9816026584177	-0.508980296870952	2.43498597754229	5.41658863595999	0	NA	NA	NA	NA	NA	NA	1	-0.132514977116298	0.017560219160133	1	-0.404608925853568	0.163708382880378	1	-0.183546310115174	0.0336892479568958	1	-0.449515237626391	0.202063948858311	1.00159622749865	4214.72212225356	0	1.00178452342781	12284.7125161829	0	NA	NA	NA	NA	NA	NA	NA	NA
227	3	3	exact_null_point_mass	exact_null_point_mass	point_mass	0	none	no_benefit	0	0	NA	0	0	1000	360	600	1000	1000	360	758	0.64	0.242	6.182775050731	24	24	0	2	1	10	4	1	5000	2500	1	0.99	14	10000	101226	0.4219	0.3428	-0.488694609260852	-5.45564455257036	-0.494997109588808	4.4224400677518	9.87808462032216	-0.219112942740827	-1.27609521329369	-0.223537440990049	0.829690703689113	2.1057859169828	0.410007236638065	-1.04631042348239	-11.9540011018685	-0.892802503094062	9.62750136216952	21.581502464038	0.0327	0.2513	-0.615049404886502	-2.40462470225526	-0.624375880965561	1.29226240566179	3.69688710791705	0	NA	NA	NA	NA	NA	NA	1	-0.488694609260852	0.238822421120617	1	-0.219112942740827	0.048010481676545	1	-1.04631042348239	1.0947655022879	1	-0.615049404886502	0.37828577045124	1.00161212545124	4546.70040004876	0	1.00175587805673	11886.2614075494	0	NA	NA	NA	NA	NA	NA	NA	NA
191	3	3	exact_null_point_mass	exact_null_point_mass	point_mass	0	none	no_benefit	0	0	NA	0	0	1000	360	600	1000	1000	360	740	0.64	0.26	6.57294084153369	24	24	0	2	1	10	4	1	5000	2500	1	0.99	14	10000	101190	0.5123	0.6473	0.0661082864308185	-5.16553348359642	0.0788398932865997	5.31313432130855	10.478667804905	0.208793824766471	-0.881387675499231	0.212449436336922	1.30476852245918	2.18615619795841	0.508811763433885	0.131052539673774	-11.1082710629848	0.114870247895958	11.4898805143966	22.5981515773814	0.0751	0.5375	0.0270274804892766	-1.8103389041819	0.0731774508491778	1.69387571372357	3.50421461790547	0	NA	NA	NA	NA	NA	NA	1	0.0661082864308185	0.00437030553481915	1	0.208793824766471	0.0435948612606119	1	0.131052539673774	0.017174768154946	1	0.0270274804892766	0.000730484701598229	1.00178299200605	4401.49437364063	0	1.00146940894954	13268.1108790453	0	NA	NA	NA	NA	NA	NA	NA	NA
109	3	3	exact_null_point_mass	exact_null_point_mass	point_mass	0	none	no_benefit	0	0	NA	0	0	1000	360	600	1000	1000	360	778	0.64	0.222	6.28144971453186	24	24	0	2	1	10	4	1	5000	2500	1	0.99	14	10000	101108	0.3045	0.1547	-1.37973908570674	-6.331326004817	-1.42374367214683	3.70363299439834	10.0349589992153	-0.551474688228407	-1.60692594660052	-0.544257843571078	0.508803798357726	2.11572974495825	0.33731853116994	-2.20761422005512	-13.0015538073553	-1.9844921235669	8.73198671870185	21.7335405260572	0.0632	0.1183	-1.32412551268349	-3.34345095743578	-1.38396815221408	0.955854555811006	4.29930551324679	0	NA	NA	NA	NA	NA	NA	1	-1.37973908570674	1.90367994462686	1	-0.551474688228407	0.304124331756619	1	-2.20761422005512	4.87356054458958	1	-1.32412551268349	1.75330837333932	1.00145852357275	4577.29181966718	0	1.00149561651719	13467.2937327878	0	NA	NA	NA	NA	NA	NA	NA	NA
165	3	3	exact_null_point_mass	exact_null_point_mass	point_mass	0	none	no_benefit	0	0	NA	0	0	1000	360	600	1000	1000	360	764	0.64	0.236	6.25738936218752	24	24	0	2	1	10	4	1	5000	2500	1	0.99	14	10000	101164	0.5893	0.4168	0.621903204526828	-4.47961970527068	0.649155370565614	5.75299370993138	10.2326134152021	-0.118470452751391	-1.18006047343873	-0.119116158418502	0.954759606287133	2.13482007972587	0.576221430069197	0.960079845538633	-10.2651937651259	0.847677896482248	12.0621395774293	22.3273333425552	0.0462	0.2497	-0.74908920316556	-2.9527529979934	-0.756208086145366	1.40919273822248	4.36194573621588	0	NA	NA	NA	NA	NA	NA	1	0.621903204526828	0.386763595800738	1	-0.118470452751391	0.0140352481751196	1	0.960079845538633	0.921753309809485	1	-0.74908920316556	0.561134634299214	1.0012418944555	4336.49290856387	0	1.0020507658449	13128.1998096404	0	NA	NA	NA	NA	NA	NA	NA	NA
58	3	3	exact_null_point_mass	exact_null_point_mass	point_mass	0	none	no_benefit	0	0	NA	0	0	1000	360	600	1000	1000	360	752	0.64	0.248	6.35552868954404	24	24	0	2	1	10	4	1	5000	2500	1	0.99	14	10000	101057	0.5097	0.6791	0.0675634299499493	-5.19365774118447	0.0673605518635396	5.28835199116433	10.4820097323488	0.25649698945632	-0.813763227953056	0.25821149449009	1.33033064841985	2.14409387637291	0.492834224598931	-0.111762083099686	-11.3577500940401	-0.0950906660607918	11.3378321126549	22.695582206695	0.065	0.4303	-0.125421686446548	-2.09445245502885	-0.205171276040062	2.22031593435778	4.31476838938663	0	NA	NA	NA	NA	NA	NA	1	0.0675634299499493	0.0045648170666017	1	0.25649698945632	0.0657907056001554	1	-0.111762083099686	0.0124907632187812	1	-0.125421686446548	0.0157305994310961	1.001302268701	4705.01468868096	0	1.00152647924005	14173.7018783051	0	NA	NA	NA	NA	NA	NA	NA	NA
287	3	3	exact_null_point_mass	exact_null_point_mass	point_mass	0	none	no_benefit	0	0	NA	0	0	1000	360	600	1000	1000	360	740	0.64	0.26	6.3579101512235	24	24	0	2	1	10	4	1	5000	2500	1	0.99	14	10000	101286	0.5742	0.7069	0.494377466826631	-4.69872340628354	0.505336798364452	5.68809534675854	10.3868187530421	0.29301690527833	-0.763258203951706	0.291508396167671	1.35280364422571	2.11606184817741	0.54275013376137	0.600999984391029	-10.4036200800044	0.535430955909815	11.755609265098	22.1592293451024	0.0655	0.8307	1.13334661222194	-1.19352749716578	1.13184135844256	3.54077772329077	4.73430522045656	0	NA	NA	NA	NA	NA	NA	1	0.494377466826631	0.244409079705916	1	0.29301690527833	0.0858589067788897	1	0.600999984391029	0.361200981238017	1	1.13334661222194	1.28447454343495	1.00180283195319	4327.25565703978	0	1.00165646010706	14689.7221555036	0	NA	NA	NA	NA	NA	NA	NA	NA
189	3	3	exact_null_point_mass	exact_null_point_mass	point_mass	0	none	no_benefit	0	0	NA	0	0	1000	360	600	1000	1000	360	755	0.64	0.245	6.19887866622034	24	24	0	2	1	10	4	1	5000	2500	1	0.99	14	10000	101188	0.5718	0.7754	0.467687783670838	-4.62504847002905	0.495661871918971	5.52407350059504	10.1491219706241	0.424739466809296	-0.645080229186471	0.41791075943893	1.48985558840404	2.13493581759051	0.561541692921655	0.781057678290217	-9.9129227028132	0.688245544348565	11.4519690951924	21.3648917980056	0.0478	0.8437	1.36618748532908	-1.27980102914822	1.39949451867639	3.91781385632862	5.19761488547684	0	NA	NA	NA	NA	NA	NA	1	0.467687783670838	0.218731862994941	1	0.424739466809296	0.180403614665445	1	0.781057678290217	0.610051096816105	1	1.36618748532908	1.86646824506979	1.0027895406495	4354.01496274414	0	1.0017073898209	10724.56077699	0	NA	NA	NA	NA	NA	NA	NA	NA
190	3	3	exact_null_point_mass	exact_null_point_mass	point_mass	0	none	no_benefit	0	0	NA	0	0	1000	360	600	1000	1000	360	753	0.64	0.247	6.85730743536049	24	24	0	2	1	10	4	1	5000	2500	1	0.99	14	10000	101189	0.5732	0.9489	0.487736282235718	-4.90951482475628	0.511585914386832	5.80993099191574	10.719445816672	0.857321240830751	-0.167603200886413	0.856410769612289	1.88643757524816	2.05404077613458	0.529302832244009	0.410107423803749	-11.1402958407658	0.382059486893381	11.7950235421143	22.9353193828801	0.082	0.7825	0.803962954149336	-1.12610821481089	0.76066821339066	2.95515930975483	4.08126752456572	0	NA	NA	NA	NA	NA	NA	1	0.487736282235718	0.23788668100912	1	0.857321240830751	0.734999709979579	1	0.410107423803749	0.168188099058947	1	0.803962954149336	0.646356431644527	1.00186693989071	4635.73147564198	0	1.0016407727555	11068.8647315979	0	NA	NA	NA	NA	NA	NA	NA	NA
150	3	3	exact_null_point_mass	exact_null_point_mass	point_mass	0	none	no_benefit	0	0	NA	0	0	1000	360	600	1000	1000	360	727	0.64	0.273	6.97053776182076	24	24	0	2	1	10	4	1	5000	2500	1	0.99	14	10000	101149	0.4139	0.5319	-0.559636514735914	-5.83799511650343	-0.576186828491815	4.7822390271518	10.6202341436552	0.0420650926740102	-1.00182210914571	0.0437761530633578	1.10062906948309	2.10245117862879	0.465344376634699	-0.458592117679872	-11.849114991272	-0.449009883101622	10.8250273677896	22.6741423590616	0.0824	0.4893	-0.0747378795830583	-2.41958367969256	-0.0341378046006424	2.07876666408887	4.49835034378143	0	NA	NA	NA	NA	NA	NA	1	-0.559636514735914	0.313193028625761	1	0.0420650926740102	0.00176947202167306	1	-0.458592117679872	0.21030673039811	1	-0.0747378795830583	0.00558575064457172	1.0011914510436	4606.44037815702	0	1.00299503006673	12622.6957835349	0	NA	NA	NA	NA	NA	NA	NA	NA
157	3	3	exact_null_point_mass	exact_null_point_mass	point_mass	0	none	no_benefit	0	0	NA	0	0	1000	360	600	1000	1000	360	742	0.64	0.258	6.91945786250601	24	24	0	2	1	10	4	1	5000	2500	1	0.99	14	10000	101156	0.5004	0.0855	0.00779685286434628	-5.12508974316564	0.00194895999678302	5.26420806840283	10.3892978115685	-0.709041126220322	-1.7512002892803	-0.71011356141383	0.323446927637171	2.07464721691747	0.496140045667065	-0.0237814175788981	-11.4224576375624	-0.0479685225275706	11.2391946629829	22.6616523005453	0.0803	0.0145	-1.77119953996654	-3.44921211271078	-1.74302561504153	-0.217150668886077	3.2320614438247	0	NA	NA	NA	NA	NA	NA	1	0.00779685286434628	6.07909145882648e-05	1	-0.709041126220322	0.502739318671782	1	-0.0237814175788981	0.000565555822061922	0	-1.77119953996654	3.13714781037768	1.00180523242214	4567.72766868082	0	1.00255036764595	11279.9656373022	0	NA	NA	NA	NA	NA	NA	NA	NA
193	3	3	exact_null_point_mass	exact_null_point_mass	point_mass	0	none	no_benefit	0	0	NA	0	0	1000	360	600	1000	1000	360	750	0.64	0.25	5.8577800759775	24	24	0	2	1	10	4	1	5000	2500	1	0.99	14	10000	101192	0.5491	0.8288	0.35810851916893	-5.3125680955301	0.36106109709088	5.93938907867733	11.2519571742074	0.52335101767357	-0.569382125236169	0.524805566462058	1.6170035522736	2.18638567750977	0.523804440649018	0.303025992276847	-11.3448415811268	0.289315437389843	12.3466371018154	23.6914786829422	0.0632	0.7411	0.649568337609236	-1.40643900097448	0.677152025609932	2.58401176858869	3.99045076956317	0	NA	NA	NA	NA	NA	NA	1	0.35810851916893	0.128241711501364	1	0.52335101767357	0.273896287699961	1	0.303025992276847	0.0918247519953675	1	0.649568337609236	0.421939025224426	1.0014464056645	4103.21526825002	0	1.00191884472541	6589.47203906997	0	NA	NA	NA	NA	NA	NA	NA	NA
286	3	3	exact_null_point_mass	exact_null_point_mass	point_mass	0	none	no_benefit	0	0	NA	0	0	1000	360	600	1000	1000	360	753	0.64	0.247	5.84579884610257	24	24	0	2	1	10	4	1	5000	2500	1	0.99	14	10000	101285	0.493	0.4667	-0.0629031492354104	-5.62439011129502	-0.0474359976757519	5.54603839371741	11.1704285050124	-0.0439028436925547	-1.11592381745457	-0.0468110132404558	1.0471187776396	2.16304259509417	0.485267524731412	-0.220952264560678	-12.1199397875723	-0.18933440578477	11.5501125990393	23.6700523866116	0.0599	0.5923	0.215696120191496	-1.91048440506272	0.226618365648183	2.26458366522317	4.17506807028589	0	NA	NA	NA	NA	NA	NA	1	-0.0629031492354104	0.00395680618373231	1	-0.0439028436925547	0.00192745968429289	1	-0.220952264560678	0.048819903214492	1	0.215696120191496	0.0465248162656643	1.00207097290635	4882.38632947538	0	1.00261186687868	13276.3539869929	0	NA	NA	NA	NA	NA	NA	NA	NA
223	3	3	exact_null_point_mass	exact_null_point_mass	point_mass	0	none	no_benefit	0	0	NA	0	0	1000	360	600	1000	1000	360	754	0.64	0.246	6.31774271676316	24	24	0	2	1	10	4	1	5000	2500	1	0.99	14	10000	101222	0.5036	0.7613	-0.00131150524102533	-5.18959283418708	0.0287704409744496	5.13113499366932	10.3207278278564	0.383086839241607	-0.666104467927846	0.385938338109859	1.42915585045442	2.09526031838227	0.480422163588391	-0.271499148953384	-11.5575756326981	-0.218640964955437	11.2532917721169	22.8108674048149	0.0525	0.8048	0.719116487869302	-0.968783720042434	0.734580791630425	2.38558071817464	3.35436443821707	0	NA	NA	NA	NA	NA	NA	1	-0.00131150524102533	1.72004599723691e-06	1	0.383086839241607	0.146755526400125	1	-0.271499148953384	0.0737117878824118	1	0.719116487869302	0.51712852312548	1.00203460127602	3504.85620382479	0	1.001912633055	10949.2720252336	0	NA	NA	NA	NA	NA	NA	NA	NA
234	3	3	exact_null_point_mass	exact_null_point_mass	point_mass	0	none	no_benefit	0	0	NA	0	0	1000	360	600	1000	1000	360	760	0.64	0.24	6.43577385036702	24	24	0	2	1	10	4	1	5000	2500	1	0.99	14	10000	101233	0.478	0.6513	-0.147470220100536	-5.14024389405737	-0.161022934332993	4.89020510132122	10.0304489953786	0.206014424007282	-0.833988221823724	0.205529714707085	1.25099122955397	2.0849794513777	0.476165421445859	-0.304669715207792	-11.2807203175705	-0.257222861696038	10.7430132972623	22.0237336148328	0.0497	0.4801	-0.0423972956641085	-1.58733213197977	-0.0385900551788065	1.49691199975194	3.08424413173171	0	NA	NA	NA	NA	NA	NA	1	-0.147470220100536	0.0217474658165006	1	0.206014424007282	0.042441942899052	1	-0.304669715207792	0.0928236353647972	1	-0.0423972956641085	0.00179753067962984	1.0012407765207	4200.9945333189	0	1.00205591041299	16311.3768390796	0	NA	NA	NA	NA	NA	NA	NA	NA
101	3	3	exact_null_point_mass	exact_null_point_mass	point_mass	0	none	no_benefit	0	0	NA	0	0	1000	360	600	1000	1000	360	753	0.64	0.247	5.78663558699875	24	24	0	2	1	10	4	1	5000	2500	1	0.99	14	10000	101100	0.539	0.5155	0.252337684791532	-5.25696162055328	0.287888922401418	5.70606546141963	10.9630270819729	0.0175005440166568	-1.05001238989288	0.0207227460113995	1.07788361988578	2.12789600977866	0.52511367241197	0.294326988127615	-11.4553765060285	0.29440023881171	12.0284133887049	23.4837898947334	0.0543	0.5989	0.264249194055489	-1.98381706326246	0.274296411483541	2.44500555027104	4.4288226135335	0	NA	NA	NA	NA	NA	NA	1	0.252337684791532	0.0636743071659508	1	0.0175005440166568	0.000306269040878941	1	0.294326988127615	0.0866283759402731	1	0.264249194055489	0.0698276365589753	1.00264396368954	4544.1100000789	0	1.00153796687743	14290.9180390618	0	NA	NA	NA	NA	NA	NA	NA	NA
235	3	3	exact_null_point_mass	exact_null_point_mass	point_mass	0	none	no_benefit	0	0	NA	0	0	1000	360	600	1000	1000	360	752	0.64	0.248	6.09610398125334	24	24	0	2	1	10	4	1	5000	2500	1	0.99	14	10000	101234	0.6099	0.7221	0.694483246286996	-4.37952421723467	0.723264417764043	5.60505561736214	9.98457983459681	0.315244370326187	-0.755647655675616	0.31002150812342	1.37452118250099	2.13016883817661	0.617305883582401	1.41095183321564	-9.77779207115601	1.28662048956473	12.3504823283819	22.1282743995379	0.0431	0.6085	0.268135584010278	-1.76706540172903	0.28288780934053	2.25530114770058	4.02236654942961	0	NA	NA	NA	NA	NA	NA	1	0.694483246286996	0.482306979373325	1	0.315244370326187	0.0993790130223544	1	1.41095183321564	1.99078507565457	1	0.268135584010278	0.0718966914125328	1.00191178473818	4476.07369966332	0	1.00163983505002	13114.1376848955	0	NA	NA	NA	NA	NA	NA	NA	NA
212	3	3	exact_null_point_mass	exact_null_point_mass	point_mass	0	none	no_benefit	0	0	NA	0	0	1000	360	600	1000	1000	360	756	0.64	0.244	6.4495307856273	24	24	0	2	1	10	4	1	5000	2500	1	0.99	14	10000	101211	0.3965	0.2816	-0.699871523205069	-5.82508596116208	-0.737938001460577	4.48892895782974	10.3140149189918	-0.316869513871894	-1.38766015703542	-0.316815963526603	0.73319042155661	2.12085057859203	0.436938862761864	-0.815451371825401	-12.0175759198209	-0.756937208793749	10.3328114655287	22.3503873853495	0.0644	0.1714	-0.747855963762615	-2.42940385857986	-0.771718263171381	1.0953201944522	3.52472405303206	0	NA	NA	NA	NA	NA	NA	1	-0.699871523205069	0.489820148993384	1	-0.316869513871894	0.10040628882141	1	-0.815451371825401	0.664960939811928	1	-0.747855963762615	0.55928854253531	1.00141355938993	4563.16458710143	0	1.00148055770512	15376.9570057056	0	NA	NA	NA	NA	NA	NA	NA	NA
151	3	3	exact_null_point_mass	exact_null_point_mass	point_mass	0	none	no_benefit	0	0	NA	0	0	1000	360	600	1000	1000	360	771	0.64	0.229	5.9037138723461	24	24	0	2	1	10	4	1	5000	2500	1	0.99	14	10000	101150	0.4657	0.9499	-0.247716885014702	-5.94443886051872	-0.274084087522406	5.45198388007872	11.3964227405974	0.86781161969985	-0.18329757424001	0.877265025167607	1.91888238518979	2.1021799594298	0.483960353831397	-0.233109975110894	-11.9519620603191	-0.206963986764327	11.6558086867646	23.6077707470837	0.0617	0.968	1.48755536968583	-0.0859689360943711	1.45657023032094	3.20927344822831	3.29524238432268	0	NA	NA	NA	NA	NA	NA	1	-0.247716885014702	0.0613636551213869	1	0.86781161969985	0.753097007286077	1	-0.233109975110894	0.0543402604962016	1	1.48755536968583	2.21282097788115	1.00150928860182	4424.0178548516	0	1.00172448184729	12210.4345283517	0	NA	NA	NA	NA	NA	NA	NA	NA
159	3	3	exact_null_point_mass	exact_null_point_mass	point_mass	0	none	no_benefit	0	0	NA	0	0	1000	360	600	1000	1000	360	760	0.64	0.24	5.82387923101484	24	24	0	2	1	10	4	1	5000	2500	1	0.99	14	10000	101158	0.4554	0.2401	-0.355410702581183	-6.0272276043506	-0.349485542657134	5.2769472539336	11.3041748582842	-0.396204113184037	-1.49035322677958	-0.398767792931123	0.669595879297959	2.15994910607754	0.464708368554522	-0.493671247983082	-12.346637543277	-0.429793025712918	11.0039982979508	23.3506358412278	0.0536	0.4222	-0.279224213729718	-2.68941316530345	-0.208464275143498	1.7762715235612	4.46568468886465	0	NA	NA	NA	NA	NA	NA	1	-0.355410702581183	0.12631676750925	1	-0.396204113184037	0.156977699303949	1	-0.493671247983082	0.243711301085173	1	-0.279224213729718	0.0779661615329795	1.00195511030851	4635.02201532395	0	1.00205043323502	12211.4097392321	0	NA	NA	NA	NA	NA	NA	NA	NA
158	3	3	exact_null_point_mass	exact_null_point_mass	point_mass	0	none	no_benefit	0	0	NA	0	0	1000	360	600	1000	1000	360	756	0.64	0.244	6.21919591657659	24	24	0	2	1	10	4	1	5000	2500	1	0.99	14	10000	101157	0.6022	0.8758	0.719886337695017	-4.41420335179428	0.688854414301121	5.94469985106318	10.3589032028575	0.633181081921543	-0.452748873049071	0.636059073136783	1.68857887301423	2.1413277460633	0.571382944746088	0.935010601492684	-10.3352254208126	0.857846715499631	12.086946742908	22.4221721637206	0.0607	0.8164	0.864717997160684	-1.17446439379568	0.870559904823642	2.8336973542803	4.00816174807598	0	NA	NA	NA	NA	NA	NA	1	0.719886337695017	0.518236339199944	1	0.633181081921543	0.400918282503335	1	0.935010601492684	0.874244824903711	1	0.864717997160684	0.747737214613584	1.00164457193865	4720.42206851913	0	1.00227221350679	10444.9328960388	0	NA	NA	NA	NA	NA	NA	NA	NA
169	3	3	exact_null_point_mass	exact_null_point_mass	point_mass	0	none	no_benefit	0	0	NA	0	0	1000	360	600	1000	1000	360	760	0.64	0.24	6.38463822139459	24	24	0	2	1	10	4	1	5000	2500	1	0.99	14	10000	101168	0.365	0.2164	-0.898233560736586	-6.10653119739024	-0.918573442065433	4.43673743347595	10.5432686308662	-0.429994838917617	-1.5116075541083	-0.428240752199636	0.631041438847166	2.14264899295547	0.416143115749121	-1.23505350130221	-12.2276209453152	-1.02938108738875	9.92184331466269	22.1494642599779	0.0609	0.2724	-0.629028967509017	-2.59918777129855	-0.619844513290365	1.18567790682584	3.78486567812439	0	NA	NA	NA	NA	NA	NA	1	-0.898233560736586	0.806823529633526	1	-0.429994838917617	0.184895561495787	1	-1.23505350130221	1.52535715107884	1	-0.629028967509017	0.39567744196546	1.00151903070652	4577.05848469599	0	1.00171280986491	12783.764692839	0	NA	NA	NA	NA	NA	NA	NA	NA
168	3	3	exact_null_point_mass	exact_null_point_mass	point_mass	0	none	no_benefit	0	0	NA	0	0	1000	360	600	1000	1000	360	756	0.64	0.244	5.84083920721247	24	24	0	2	1	10	4	1	5000	2500	1	0.99	14	10000	101167	0.4888	0.4483	-0.110068855695636	-5.69040179571847	-0.07580207183406	5.45222840055474	11.1426301962732	-0.0703251252495247	-1.11832590896206	-0.0737661745245664	0.994767476124455	2.11309338508651	0.488560178780462	-0.123334711768786	-11.6483820946704	-0.135561897204617	11.6334421528323	23.2818242475027	0.0603	0.5018	0.0182968143559997	-1.73143503918288	0.00686031405009402	1.84955633967655	3.58099137885943	0	NA	NA	NA	NA	NA	NA	1	-0.110068855695636	0.0121151529941467	1	-0.0703251252495247	0.00494562324136133	1	-0.123334711768786	0.0152114511270894	1	0.0182968143559997	0.000334773415577917	1.00123545470181	4393.21210870834	0	1.00205133790999	11092.8720088413	0	NA	NA	NA	NA	NA	NA	NA	NA
166	3	3	exact_null_point_mass	exact_null_point_mass	point_mass	0	none	no_benefit	0	0	NA	0	0	1000	360	600	1000	1000	360	760	0.64	0.24	5.70850044415569	24	24	0	2	1	10	4	1	5000	2500	1	0.99	14	10000	101165	0.4996	0.6535	0.028254228093195	-5.53140659437122	-0.00335122650868946	5.61415262419462	11.1455592185658	0.216772795677395	-0.838191722749264	0.214642043584252	1.28071720897312	2.11890893172238	0.492695320770697	-0.0855762572121765	-11.9888833273221	-0.080725999712385	11.8069330136125	23.7958163409346	0.0554	0.7053	0.500873999757316	-1.58979839740472	0.546703527056747	2.30259122276127	3.89238962016599	0	NA	NA	NA	NA	NA	NA	1	0.028254228093195	0.00079830140514229	1	0.216772795677395	0.0469904449457935	1	-0.0855762572121765	0.0073232957984446	1	0.500873999757316	0.250874763632892	1.00134578269656	4174.86055067754	0	1.00183073229458	12736.5974084575	0	NA	NA	NA	NA	NA	NA	NA	NA
226	3	3	exact_null_point_mass	exact_null_point_mass	point_mass	0	none	no_benefit	0	0	NA	0	0	1000	360	600	1000	1000	360	737	0.64	0.263	6.4730979451607	24	24	0	2	1	10	4	1	5000	2500	1	0.99	14	10000	101225	0.527	0.7167	0.166905653371638	-5.01680427736425	0.187654580779705	5.28282736138485	10.2996316387491	0.313919330177466	-0.76736349780354	0.304497666277181	1.37547595491451	2.14283945271805	0.512399321746503	0.153382948645621	-10.8452033359205	0.136461320856073	11.1865245397545	22.0317278756751	0.0564	0.9069	1.4557015996858	-0.816503242148105	1.51690836646174	3.37690334744862	4.19340658959673	0	NA	NA	NA	NA	NA	NA	1	0.166905653371638	0.0278574971274135	1	0.313919330177466	0.098545345859069	1	0.153382948645621	0.0235263289352252	1	1.4557015996858	2.11906714732779	1.00207551554281	4257.26708722101	0	1.00203828979177	12998.0708990127	0	NA	NA	NA	NA	NA	NA	NA	NA
82	3	3	exact_null_point_mass	exact_null_point_mass	point_mass	0	none	no_benefit	0	0	NA	0	0	1000	360	600	1000	1000	360	742	0.64	0.258	5.89194287856899	24	24	0	2	1	10	4	1	5000	2500	1	0.99	14	10000	101081	0.4598	0.1867	-0.297146298186982	-5.82959020415914	-0.277554771492891	5.26860991824622	11.0982001224054	-0.489144250508496	-1.57386465860649	-0.490766872930927	0.609965412408835	2.18383007101532	0.476980728051392	-0.30742242751867	-11.9801712734361	-0.293212979636863	11.6327605854864	23.6129318589224	0.066	0.3689	-0.386050864816769	-2.74058246102587	-0.356320438325127	1.79847950280423	4.5390619638301	0	NA	NA	NA	NA	NA	NA	1	-0.297146298186982	0.0882959225262269	1	-0.489144250508496	0.239262097805518	1	-0.30742242751867	0.0945085489414719	1	-0.386050864816769	0.149035270225775	1.00119533779814	4039.05169871443	0	1.00179604068716	11640.717732514	0	NA	NA	NA	NA	NA	NA	NA	NA
188	3	3	exact_null_point_mass	exact_null_point_mass	point_mass	0	none	no_benefit	0	0	NA	0	0	1000	360	600	1000	1000	360	757	0.64	0.243	6.21971526924173	24	24	0	2	1	10	4	1	5000	2500	1	0.99	14	10000	101187	0.5571	0.6609	0.385461616788849	-4.81219374574012	0.401728105397158	5.59490196268528	10.4070957084254	0.236256994579163	-0.862071957082584	0.228771652273208	1.34490940311995	2.20698136020253	0.544943820224719	0.577980396275664	-10.5961957684074	0.544435562011608	11.7383591464731	22.3345549148805	0.0566	0.4114	-0.20108012063119	-2.22858053750393	-0.236360656350509	2.04481471165803	4.27339524916196	0	NA	NA	NA	NA	NA	NA	1	0.385461616788849	0.148580658017473	1	0.236256994579163	0.0558173674875785	1	0.577980396275664	0.334061338478974	1	-0.20108012063119	0.040433214913054	1.00129689115791	4376.8763757329	0	1.0011941528591	12366.6222200193	0	NA	NA	NA	NA	NA	NA	NA	NA
222	3	3	exact_null_point_mass	exact_null_point_mass	point_mass	0	none	no_benefit	0	0	NA	0	0	1000	360	600	1000	1000	360	752	0.64	0.248	6.08778255781864	24	24	0	2	1	10	4	1	5000	2500	1	0.99	14	10000	101221	0.4806	0.0396	-0.173373982472424	-5.15503055702711	-0.132569036828177	4.83737069657152	9.99240125359863	-0.948205849484606	-1.98344872220757	-0.954439220133574	0.101948662667032	2.08539738487461	0.497902684563758	-0.0872332561109659	-11.1749560150832	-0.0201378806873227	10.8113078824781	21.9862638975612	0.0464	0.0557	-1.50620901320807	-3.18889429660865	-1.54534921164067	0.410709820561829	3.59960411717047	0	NA	NA	NA	NA	NA	NA	1	-0.173373982472424	0.0300585377983484	1	-0.948205849484606	0.899094332996823	1	-0.0872332561109659	0.00760964097172137	1	-1.50620901320807	2.26866559146921	1.00212248501052	4149.39718310138	0	1.00166802790243	13811.3528891928	0	NA	NA	NA	NA	NA	NA	NA	NA
164	3	3	exact_null_point_mass	exact_null_point_mass	point_mass	0	none	no_benefit	0	0	NA	0	0	1000	360	600	1000	1000	360	760	0.64	0.24	6.03863037023564	24	24	0	2	1	10	4	1	5000	2500	1	0.99	14	10000	101163	0.4417	0.7775	-0.350615846998812	-5.32551940318798	-0.383922283103423	4.82327468638761	10.1487940895756	0.414580062683857	-0.634525350379225	0.417674734210032	1.45763483181388	2.09216018219311	0.376443894389439	-1.31724160377979	-12.1425268059305	-1.25438537691841	10.0590565455669	22.2015833514973	0.0304	0.5181	0.0729734831204657	-1.68822442435236	0.0410937588704696	2.04141285363246	3.72963727798482	0	NA	NA	NA	NA	NA	NA	1	-0.350615846998812	0.122931472166694	1	0.414580062683857	0.17187662837495	1	-1.31724160377979	1.73512544272836	1	0.0729734831204657	0.00532512923873289	1.00200175714175	3770.98541899326	0	1.00202501906457	13612.2441835302	0	NA	NA	NA	NA	NA	NA	NA	NA
221	3	3	exact_null_point_mass	exact_null_point_mass	point_mass	0	none	no_benefit	0	0	NA	0	0	1000	360	600	1000	1000	360	745	0.64	0.255	6.48961666814021	24	24	0	2	1	10	4	1	5000	2500	1	0.99	14	10000	101220	0.5298	0.432	0.216157999543911	-4.81969572051072	0.207103131942636	5.4043730373565	10.2240687578672	-0.088943896250595	-1.13846024250754	-0.0863909633905795	0.968624272384463	2.107084514892	0.502022567596338	0.0182488880759204	-11.0999949767615	0.0136212082140257	11.1845939586002	22.2845889353617	0.0606	0.4529	-0.100543896602892	-2.19181791799548	-0.127089568016762	2.10521330796529	4.29703122596077	0	NA	NA	NA	NA	NA	NA	1	0.216157999543911	0.0467242807668255	1	-0.088943896250595	0.0079110166802366	1	0.0182488880759204	0.000333021916007471	1	-0.100543896602892	0.010109075144093	1.00162530120928	4298.19828416061	0	1.00180564001672	5856.78698531228	0	NA	NA	NA	NA	NA	NA	NA	NA
199	3	3	exact_null_point_mass	exact_null_point_mass	point_mass	0	none	no_benefit	0	0	NA	0	0	1000	360	600	1000	1000	360	730	0.64	0.27	6.07464439939361	24	24	0	2	1	10	4	1	5000	2500	1	0.99	14	10000	101198	0.5344	0.5149	0.196664035323538	-4.88150285388093	0.229785059439804	5.24918934412141	10.1306921980023	0.0156910368504482	-1.10180756903561	0.0188364003285528	1.10595150395916	2.20775907299477	0.557714405097671	0.732261265989334	-10.1237335242474	0.701147370113471	11.5281819527859	21.6519154770333	0.0427	0.5731	0.284234732770777	-2.34506527247226	0.259183440304326	2.99093895781523	5.33600423028749	0	NA	NA	NA	NA	NA	NA	1	0.196664035323538	0.0386767427897377	1	0.0156910368504482	0.000246208637442123	1	0.732261265989334	0.536206561668302	1	0.284234732770777	0.0807893833132749	1.00142275535117	4471.79244872604	0	1.00197066528603	13361.9190750359	0	NA	NA	NA	NA	NA	NA	NA	NA
243	3	3	exact_null_point_mass	exact_null_point_mass	point_mass	0	none	no_benefit	0	0	NA	0	0	1000	360	600	1000	1000	360	773	0.64	0.227	5.66425529076433	24	24	0	2	1	10	4	1	5000	2500	1	0.99	14	10000	101242	0.5635	0.7719	0.472489492956431	-5.25908432143947	0.476141979116408	6.01725063687953	11.276334958319	0.404093739439697	-0.679979794337376	0.404292062095223	1.45852063183733	2.13850042617471	0.551261746383698	0.733682768305461	-10.904634605064	0.630643725601083	12.2949170952275	23.1995517002916	0.0529	0.5895	0.192683327282576	-1.65912452904033	0.195373218200386	2.19545396078894	3.85457848982928	0	NA	NA	NA	NA	NA	NA	1	0.472489492956431	0.223246320954225	1	0.404093739439697	0.163291750254358	1	0.733682768305461	0.538290404508365	1	0.192683327282576	0.0371268646126841	1.00128409939696	4682.27187454792	0	1.00178046688575	11308.9735638963	0	NA	NA	NA	NA	NA	NA	NA	NA
141	3	3	exact_null_point_mass	exact_null_point_mass	point_mass	0	none	no_benefit	0	0	NA	0	0	1000	360	600	1000	1000	360	745	0.64	0.255	6.58659373421705	24	24	0	2	1	10	4	1	5000	2500	1	0.99	14	10000	101140	0.3805	0.0086	-0.819212020483162	-5.89536087981015	-0.840306622984077	4.47257168272677	10.3679325625369	-1.28010991077697	-2.33306783247396	-1.27915275526591	-0.213456250800486	2.11961158167347	0.427753779697624	-1.02401337296647	-12.2145202468125	-0.928416618564412	10.5035053321734	22.7180255789859	0.074	0.0585	-1.69818871610287	-3.66915908731144	-1.73413790703609	0.507403049832741	4.17656213714418	0	NA	NA	NA	NA	NA	NA	1	-0.819212020483162	0.671108334504105	0	-1.28010991077697	1.63868138366941	1	-1.02401337296647	1.04860338801417	1	-1.69818871610287	2.88384491549912	1.00157053315891	4724.35058104567	0	1.00217462293595	11572.3217192952	0	NA	NA	NA	NA	NA	NA	NA	NA
186	3	3	exact_null_point_mass	exact_null_point_mass	point_mass	0	none	no_benefit	0	0	NA	0	0	1000	360	600	1000	1000	360	742	0.64	0.258	6.62052177945093	24	24	0	2	1	10	4	1	5000	2500	1	0.99	14	10000	101185	0.6351	0.9519	0.907077415980199	-4.35956034402414	0.936234066804951	6.00947964843322	10.3690399924574	0.904595054711155	-0.16459835715985	0.905194673587183	1.97088858475297	2.13548694191282	0.586622217442736	1.1372285348899	-10.0899641449721	1.11847303982925	11.9457855055706	22.0357496505428	0.0701	0.8515	1.10952206430887	-0.790635458841941	1.0527485307942	3.30629624203376	4.09693170087571	0	NA	NA	NA	NA	NA	NA	1	0.907077415980199	0.822789438581314	1	0.904595054711155	0.818292213007878	1	1.1372285348899	1.29328874056784	1	1.10952206430887	1.23103921118822	1.00235012146185	4307.24301427903	0	1.00217840287945	13078.2934170755	0	NA	NA	NA	NA	NA	NA	NA	NA
149	3	3	exact_null_point_mass	exact_null_point_mass	point_mass	0	none	no_benefit	0	0	NA	0	0	1000	360	600	1000	1000	360	767	0.64	0.233	5.79287563829398	24	24	0	2	1	10	4	1	5000	2500	1	0.99	14	10000	101148	0.3942	0.0814	-0.781729669238253	-6.27009896023167	-0.81099040324125	4.88321400887833	11.15331296911	-0.759375937275467	-1.82526491976265	-0.760510211174378	0.306253379230716	2.13151829899336	0.418885941644562	-1.12605448525953	-12.8246461056661	-1.02433312190998	10.3390962889243	23.1637423945904	0.0575	0.0351	-2.05976977880285	-4.22658013708283	-2.05879825601336	0.14796198456141	4.37454212164424	0	NA	NA	NA	NA	NA	NA	1	-0.781729669238253	0.611101275767348	1	-0.759375937275467	0.576651814112994	1	-1.12605448525953	1.26799870377311	1	-2.05976977880285	4.24265154166956	1.00129678178383	4311.02425858855	0	1.0025249075648	13888.4312031021	0	NA	NA	NA	NA	NA	NA	NA	NA
325	3	3	exact_null_point_mass	exact_null_point_mass	point_mass	0	none	no_benefit	0	0	NA	0	0	1000	360	600	1000	1000	360	741	0.64	0.259	6.07917447396739	24	24	0	2	1	10	4	1	5000	2500	1	0.99	14	10000	101324	0.4924	0.9478	-0.0501490669082748	-5.09455716514045	-0.0594688453262995	4.99381562546811	10.0883727906086	0.901849011434045	-0.168829176154094	0.905917603793289	1.97161362268082	2.14044279883491	0.477148272957035	-0.271689526449046	-11.4202065607844	-0.250790358603536	11.2267915978641	22.6469981586485	0.0504	0.8283	1.36869727469616	-1.15936527847499	1.34567654107234	4.07227139860866	5.23163667708366	0	NA	NA	NA	NA	NA	NA	1	-0.0501490669082748	0.00251492891177062	1	0.901849011434045	0.813331639424564	1	-0.271689526449046	0.0738151987821069	1	1.36869727469616	1.8733322297607	1.00125849541765	4608.93505214904	0	1.00174770097846	7752.21599089654	0	NA	NA	NA	NA	NA	NA	NA	NA
288	3	3	exact_null_point_mass	exact_null_point_mass	point_mass	0	none	no_benefit	0	0	NA	0	0	1000	360	600	1000	1000	360	747	0.64	0.253	6.03543863507071	24	24	0	2	1	10	4	1	5000	2500	1	0.99	14	10000	101287	0.6062	0.8505	0.717259315545558	-4.47016870959153	0.740591114224923	5.63742885103826	10.1075975606298	0.578167669502683	-0.509194583390725	0.578278968491131	1.65037463626391	2.15956921965464	0.651141078838174	1.75218791417683	-9.57179477483509	1.65525445535955	12.8448244644409	22.416619239276	0.036	0.8642	1.4316412708395	-1.15788946000664	1.4721141298848	3.81240595999112	4.97029541999777	0	NA	NA	NA	NA	NA	NA	1	0.717259315545558	0.514460925736882	1	0.578167669502683	0.334277854058163	1	1.75218791417683	3.07016248658735	1	1.4316412708395	2.04959672837094	1.00145937308233	4483.00350422079	0	1.00298968484892	11125.246746955	0	NA	NA	NA	NA	NA	NA	NA	NA
152	3	3	exact_null_point_mass	exact_null_point_mass	point_mass	0	none	no_benefit	0	0	NA	0	0	1000	360	600	1000	1000	360	754	0.64	0.246	6.06939593170639	24	24	0	2	1	10	4	1	5000	2500	1	0.99	14	10000	101151	0.7156	0.9407	1.45373128950892	-3.76736544517892	1.47519790662321	6.45951929952905	10.226884744708	0.829544599403491	-0.19070736856656	0.829101672159407	1.85057554266319	2.04128291122975	0.712105151579394	2.78412794704684	-7.90092427160631	2.56464128068649	13.5025042640011	21.4034285356074	0.0566	0.9586	1.70354180234066	-0.204107370214095	1.71927320378706	3.53983930453519	3.74394667474929	0	NA	NA	NA	NA	NA	NA	1	1.45373128950892	2.11333466209727	1	0.829544599403491	0.688144242399498	1	2.78412794704684	7.75136842552725	1	1.70354180234066	2.90205467232205	1.00149457698211	4733.66889473134	0	1.00178317612982	12153.7723640623	0	NA	NA	NA	NA	NA	NA	NA	NA
175	3	3	exact_null_point_mass	exact_null_point_mass	point_mass	0	none	no_benefit	0	0	NA	0	0	1000	360	600	1000	1000	360	754	0.64	0.246	6.83065267339074	24	24	0	2	1	10	4	1	5000	2500	1	0.99	14	10000	101174	0.564	0.7795	0.402172590413656	-5.01220102570669	0.456131263332562	5.63552668831516	10.6477277140218	0.397646643700097	-0.657135767742624	0.397161853904306	1.43564290465026	2.09277867239289	0.537319900335825	0.530304824943809	-10.8487928206778	0.51587694123527	12.0367575070028	22.8855503276806	0.0769	0.5149	0.0110544069504145	-1.86634716234638	0.0417683745598234	1.6794975743039	3.54584473665028	0	NA	NA	NA	NA	NA	NA	1	0.402172590413656	0.16174279248003	1	0.397646643700097	0.158122853245952	1	0.530304824943809	0.281223207358684	1	0.0110544069504145	0.000122199913025372	1.00150878167151	4670.72404764819	0	1.00192314233715	11636.2469055934	0	NA	NA	NA	NA	NA	NA	NA	NA
323	3	3	exact_null_point_mass	exact_null_point_mass	point_mass	0	none	no_benefit	0	0	NA	0	0	1000	360	600	1000	1000	360	772	0.64	0.228	5.50321160062157	24	24	0	2	1	10	4	1	5000	2500	1	0.99	14	10000	101322	0.4428	0.4677	-0.369946122751588	-5.88741695537156	-0.395816440191926	5.24898116899521	11.1363981243668	-0.0427088256507209	-1.1082638691271	-0.0408845229931183	1.04099457233655	2.14925844146365	0.466435549952726	-0.496738576309992	-12.0385300418397	-0.404709824551665	11.2594839390739	23.2980139809136	0.0481	0.5135	0.0157410380972872	-1.77629359570164	0.0253153755466782	1.7449505033621	3.52124409906375	0	NA	NA	NA	NA	NA	NA	1	-0.369946122751588	0.136860133738933	1	-0.0427088256507209	0.00182404378846368	1	-0.496738576309992	0.246749213194478	1	0.0157410380972872	0.000247780280380247	1.00198970583131	4405.24416871368	0	1.0014842439484	10701.5819510367	0	NA	NA	NA	NA	NA	NA	NA	NA
293	3	3	exact_null_point_mass	exact_null_point_mass	point_mass	0	none	no_benefit	0	0	NA	0	0	1000	360	600	1000	1000	360	737	0.64	0.263	6.65273900889148	24	24	0	2	1	10	4	1	5000	2500	1	0.99	14	10000	101292	0.4579	0.2586	-0.285477094635211	-5.47393047757805	-0.304997994611878	4.93122315508228	10.4051536326603	-0.351690708458161	-1.4205234750838	-0.347688590219341	0.715206193158345	2.13572966824215	0.468274383708467	-0.42827163975381	-11.8307338514901	-0.406352496829066	10.835094651657	22.665828503147	0.067	0.2668	-0.731403336544382	-2.99898228969271	-0.770696583414886	1.68376022081245	4.68274251050515	0	NA	NA	NA	NA	NA	NA	1	-0.285477094635211	0.0814971715613615	1	-0.351690708458161	0.123686354415803	1	-0.42827163975381	0.183416597417417	1	-0.731403336544382	0.534950840708255	1.0013863106796	4271.75902017783	0	1.00184254770915	12419.048085613	0	NA	NA	NA	NA	NA	NA	NA	NA
179	3	3	exact_null_point_mass	exact_null_point_mass	point_mass	0	none	no_benefit	0	0	NA	0	0	1000	360	600	1000	1000	360	741	0.64	0.259	5.88610366046859	24	24	0	2	1	10	4	1	5000	2500	1	0.99	14	10000	101178	0.524	0.2681	0.142260170751771	-5.47384271102524	0.18496031622657	5.52819583543558	11.0020385464608	-0.332064302065403	-1.39959651927683	-0.33091304307215	0.739550521993727	2.13914704127055	0.511882028431997	0.155050910080177	-11.7714725561732	0.16744145405635	11.767081589606	23.5385541457792	0.0574	0.6145	0.332327479367153	-1.99835384652893	0.320367261494784	2.62758711357933	4.62594096010826	0	NA	NA	NA	NA	NA	NA	1	0.142260170751771	0.0202379561823231	1	-0.332064302065403	0.110266700706183	1	0.155050910080177	0.0240407847166912	1	0.332327479367153	0.110441553542525	1.00129868148916	4690.15518929443	0	1.00143192959543	11428.6516803999	0	NA	NA	NA	NA	NA	NA	NA	NA
214	3	3	exact_null_point_mass	exact_null_point_mass	point_mass	0	none	no_benefit	0	0	NA	0	0	1000	360	600	1000	1000	360	758	0.64	0.242	5.71741324543519	24	24	0	2	1	10	4	1	5000	2500	1	0.99	14	10000	101213	0.4915	0.2854	-0.0964830517614137	-5.72756616499498	-0.0584945306937019	5.39909997014106	11.126666135136	-0.299691658374116	-1.34982274077328	-0.294749794142204	0.737278691285055	2.08710143205833	0.487038408634007	-0.192317509656341	-12.052232554774	-0.142103935813623	11.5487056101624	23.6009381649364	0.0549	0.4569	-0.074563118417635	-1.76420975593434	-0.0929226360456301	1.85680560413202	3.62101536006636	0	NA	NA	NA	NA	NA	NA	1	-0.0964830517614137	0.00930897927719564	1	-0.299691658374116	0.0898150900990279	1	-0.192317509656341	0.0369860245204166	1	-0.074563118417635	0.00555965862816226	1.00140323581924	4232.95220603723	0	1.00182197442856	6730.80014663532	0	NA	NA	NA	NA	NA	NA	NA	NA
324	3	3	exact_null_point_mass	exact_null_point_mass	point_mass	0	none	no_benefit	0	0	NA	0	0	1000	360	600	1000	1000	360	753	0.64	0.247	5.5797354826517	24	24	0	2	1	10	4	1	5000	2500	1	0.99	14	10000	101323	0.4756	0.598	-0.178496506659488	-5.5540635964005	-0.183466212722825	5.22860196765679	10.7826655640573	0.138771250345654	-0.928293545614874	0.13875840689605	1.20644174795	2.13473529356487	0.490216705238797	-0.198814549936677	-11.6979846741181	-0.135355509607241	11.5708869715775	23.2688716456955	0.0494	0.6029	0.285811630613703	-1.64419945987053	0.238278381613982	2.45741607522736	4.1016155350979	0	NA	NA	NA	NA	NA	NA	1	-0.178496506659488	0.0318610028896407	1	0.138771250345654	0.0192574599224961	1	-0.198814549936677	0.0395272252665233	1	0.285811630613703	0.0816882881940636	1.00193523908824	4459.61558040664	0	1.00252046942465	10359.2665118754	0	NA	NA	NA	NA	NA	NA	NA	NA
108	3	3	exact_null_point_mass	exact_null_point_mass	point_mass	0	none	no_benefit	0	0	NA	0	0	1000	360	600	1000	1000	360	742	0.64	0.258	6.70327813256893	24	24	0	2	1	10	4	1	5000	2500	1	0.99	14	10000	101107	0.3372	0.0199	-1.13488038156028	-6.31195938943696	-1.18402802108558	4.26575290887981	10.5777122983168	-1.08877033042106	-2.13464943726541	-1.08623748347642	-0.0487372536926031	2.08591218357281	0.400217155266015	-1.41254369170361	-12.3589725175367	-1.29100768004254	9.7351013127221	22.0940738302588	0.079	0.0175	-2.29698990132455	-4.43616327947777	-2.29243719820117	-0.189828533833721	4.24633474564405	0	NA	NA	NA	NA	NA	NA	1	-1.13488038156028	1.2879534804504	0	-1.08877033042106	1.18542083240519	1	-1.41254369170361	1.99527968097165	0	-2.29698990132455	5.27616260678695	1.00177474977379	3832.36451514247	0	1.00258997777691	13072.7205531179	0	NA	NA	NA	NA	NA	NA	NA	NA
59	3	3	exact_null_point_mass	exact_null_point_mass	point_mass	0	none	no_benefit	0	0	NA	0	0	1000	360	600	1000	1000	360	778	0.64	0.222	6.00008988022976	24	24	0	2	1	10	4	1	5000	2500	1	0.99	14	10000	101058	0.7848	0.4623	2.39816170436267	-3.68524298170637	2.5312106004813	7.81875002198411	11.5039930036905	-0.0497679205250863	-1.1091114974826	-0.0509161711703197	1.01684784943517	2.12595934691777	0.836753731343284	4.07729667133065	-6.90120514484559	3.71382741227373	14.5018457181536	21.4030508629991	0.0352	0.5939	0.237817369527923	-1.69634415132094	0.239461335606766	2.14402083806464	3.84036498938558	0	NA	NA	NA	NA	NA	NA	1	2.39816170436267	5.75117956027169	1	-0.0497679205250863	0.0024768459133913	1	4.07729667133065	16.624348146044	1	0.237817369527923	0.0565571012491805	1.00189565463758	4297.46010319017	0	1.00171802701138	11951.3300490923	0	NA	NA	NA	NA	NA	NA	NA	NA
83	3	3	exact_null_point_mass	exact_null_point_mass	point_mass	0	none	no_benefit	0	0	NA	0	0	1000	360	600	1000	1000	360	738	0.64	0.262	6.76537095144074	24	24	0	2	1	10	4	1	5000	2500	1	0.99	14	10000	101082	0.4394	0.0276	-0.473504892676049	-5.77806337448023	-0.46221094593189	4.88229656069301	10.6603599351732	-1.03693412914811	-2.07965704451363	-1.04064731623935	0.0293517966138131	2.10900884112744	0.473889490790899	-0.402058533553602	-11.8605928001345	-0.321232073102783	11.061441761413	22.9220345615475	0.077	0.1505	-0.92860303892555	-2.82383942250061	-0.897792829554406	0.777369968606163	3.60120939110677	0	NA	NA	NA	NA	NA	NA	1	-0.473504892676049	0.224206883388157	1	-1.03693412914811	1.07523238819216	1	-0.402058533553602	0.161651064403273	1	-0.92860303892555	0.862303603901766	1.00127444952256	4309.59482565415	0	1.00153023374552	12594.1700908608	0	NA	NA	NA	NA	NA	NA	NA	NA
183	3	3	exact_null_point_mass	exact_null_point_mass	point_mass	0	none	no_benefit	0	0	NA	0	0	1000	360	600	1000	1000	360	758	0.64	0.242	5.8516337340271	24	24	0	2	1	10	4	1	5000	2500	1	0.99	14	10000	101182	0.4347	0.0489	-0.445259781122126	-5.99408493463797	-0.487682194684001	5.14907987462435	11.1431648092623	-0.896667695091212	-1.96248850711064	-0.89522315825611	0.158620827235753	2.12110933434639	0.456241338876452	-0.648163837464328	-12.3301691869828	-0.595115666867969	11.3264540429392	23.656623229922	0.0619	0.0524	-1.62603367094973	-3.71427912627781	-1.60061874743319	0.304518583326044	4.01879770960385	0	NA	NA	NA	NA	NA	NA	1	-0.445259781122126	0.198256272684923	1	-0.896667695091212	0.804012955420186	1	-0.648163837464328	0.420116360196484	1	-1.62603367094973	2.64398549906227	1.00175323537695	4361.15222103903	0	1.00161024503934	9471.07961825907	0	NA	NA	NA	NA	NA	NA	NA	NA
249	3	3	exact_null_point_mass	exact_null_point_mass	point_mass	0	none	no_benefit	0	0	NA	0	0	1000	360	600	1000	1000	360	772	0.64	0.228	6.44049242357108	24	24	0	2	1	10	4	1	5000	2500	1	0.99	14	10000	101248	0.3208	0.081	-1.21645410681611	-6.38721044351331	-1.22385580529892	4.01266757145772	10.399878014971	-0.752540706858158	-1.79837743064232	-0.75636238408827	0.294039227422399	2.09241665806471	0.36665951512551	-1.82488683895125	-12.6979128828175	-1.68569255189532	9.25876334121325	21.9566762240307	0.0678	0.0597	-1.63433401922389	-3.39845755147217	-1.6823772569482	0.444972575268474	3.84343012674064	0	NA	NA	NA	NA	NA	NA	1	-1.21645410681611	1.47976059398979	1	-0.752540706858158	0.566317515478575	1	-1.82488683895125	3.3302119749775	1	-1.63433401922389	2.67104768639252	1.00200528062684	4205.66841772169	0	1.00148874864143	15485.6240257581	0	NA	NA	NA	NA	NA	NA	NA	NA
201	3	3	exact_null_point_mass	exact_null_point_mass	point_mass	0	none	no_benefit	0	0	NA	0	0	1000	360	600	1000	1000	360	750	0.64	0.25	6.13842078573532	24	24	0	2	1	10	4	1	5000	2500	1	0.99	14	10000	101200	0.6558	0.9973	1.01764465450755	-4.03499973974421	1.04345545677939	6.0254570503087	10.0604567900529	1.48540046554145	0.430067694729588	1.48795388449662	2.57312577219398	2.14305807746439	0.6266250650026	1.57268176229239	-8.8847276408333	1.37923271649779	12.2479176061063	21.1326452469396	0.0385	0.9995	2.87194524636059	1.10335136840291	2.8755995125301	4.65273288591667	3.54938151751376	0	NA	NA	NA	NA	NA	NA	1	1.01764465450755	1.03560064284779	0	1.48540046554145	2.20641454303075	1	1.57268176229239	2.47332792544711	0	2.87194524636059	8.24806949809319	1.0020157352081	4381.86017632892	0	1.00190984544976	12625.3451769131	0	NA	NA	NA	NA	NA	NA	NA	NA
182	3	3	exact_null_point_mass	exact_null_point_mass	point_mass	0	none	no_benefit	0	0	NA	0	0	1000	360	600	1000	1000	360	737	0.64	0.263	6.51947805434579	24	24	0	2	1	10	4	1	5000	2500	1	0.99	14	10000	101181	0.3654	0.0558	-0.911274472117158	-6.0864478678095	-0.972023784442735	4.51586825866116	10.6023161264707	-0.877601085810008	-1.95157815720817	-0.882838447967737	0.203763735937095	2.15534189314526	0.411859318035599	-1.22683543422384	-12.2843841009228	-1.17930997653762	10.0153863045314	22.2997704054542	0.0674	0.0499	-1.88890576477852	-3.7913645122464	-1.96169135838517	0.426337682695419	4.21770219494182	0	NA	NA	NA	NA	NA	NA	1	-0.911274472117158	0.830421163532404	1	-0.877601085810008	0.770183665814905	1	-1.22683543422384	1.50512518266719	1	-1.88890576477852	3.56796498821353	1.00246449204761	4164.46154700411	0	1.00230045792145	12707.067582551	0	NA	NA	NA	NA	NA	NA	NA	NA
192	3	3	exact_null_point_mass	exact_null_point_mass	point_mass	0	none	no_benefit	0	0	NA	0	0	1000	360	600	1000	1000	360	750	0.64	0.25	6.38618452937301	24	24	0	2	1	10	4	1	5000	2500	1	0.99	14	10000	101191	0.6058	0.936	0.725203751998959	-4.51673345447018	0.734023708860337	6.04896266968279	10.565696124153	0.839730707563394	-0.236998574636917	0.849577425484506	1.91049800389852	2.14749657853543	0.555412647374062	0.799575295428461	-10.546439112379	0.67927677113794	12.0283200036289	22.5747591160079	0.067	0.7237	0.84837047800719	-1.99464187325755	0.878140051564499	3.51745560692982	5.51209748018737	0	NA	NA	NA	NA	NA	NA	1	0.725203751998959	0.525920481913368	1	0.839730707563394	0.705147661224918	1	0.799575295428461	0.639320653059511	1	0.84837047800719	0.719732467954148	1.00121298257314	4278.6926730069	0	1.00179050619124	14741.4944590447	0	NA	NA	NA	NA	NA	NA	NA	NA
254	3	3	exact_null_point_mass	exact_null_point_mass	point_mass	0	none	no_benefit	0	0	NA	0	0	1000	360	600	1000	1000	360	742	0.64	0.258	6.08497376497628	24	24	0	2	1	10	4	1	5000	2500	1	0.99	14	10000	101253	0.3349	0.0095	-1.09893628517039	-5.93337472741006	-1.12211977455327	3.99112497064552	9.92449969805558	-1.25857616177459	-2.33066434819648	-1.25672369982782	-0.184756883219504	2.14590746497697	0.337421383647799	-2.08396844212426	-12.7784898144676	-1.90786705756181	8.64816107717177	21.4266508916393	0.046	0.0037	-2.90390991628884	-4.87600723799678	-2.9165349295142	-0.859763617365737	4.01624362063104	0	NA	NA	NA	NA	NA	NA	1	-1.09893628517039	1.20766095886409	0	-1.25857616177459	1.58401395498725	1	-2.08396844212426	4.34292446776983	0	-2.90390991628884	8.43269280192065	1.00148295127016	4564.19617028635	0	1.00148810559951	11354.6198138839	0	NA	NA	NA	NA	NA	NA	NA	NA
80	3	3	exact_null_point_mass	exact_null_point_mass	point_mass	0	none	no_benefit	0	0	NA	0	0	1000	360	600	1000	1000	360	761	0.64	0.239	6.53090007055285	24	24	0	2	1	10	4	1	5000	2500	1	0.99	14	10000	101079	0.4696	0.7521	-0.181395142296477	-5.20467346364938	-0.210556288873379	5.04537039417891	10.2500438578283	0.357901801685041	-0.695167845377083	0.362280275555119	1.41209193837685	2.10725978375393	0.47521771852489	-0.301476326876465	-11.4721183746714	-0.28575618976337	11.1230822300006	22.595200604672	0.0699	0.6621	0.419345207713054	-1.49019250382532	0.391519937507947	2.48506041415418	3.9752529179795	0	NA	NA	NA	NA	NA	NA	1	-0.181395142296477	0.0329041976487593	1	0.357901801685041	0.128093699649398	1	-0.301476326876465	0.0908879756669254	1	0.419345207713054	0.175850403231905	1.00223611785131	4708.03169699099	0	1.00208948074585	10540.2523320551	0	NA	NA	NA	NA	NA	NA	NA	NA
81	3	3	exact_null_point_mass	exact_null_point_mass	point_mass	0	none	no_benefit	0	0	NA	0	0	1000	360	600	1000	1000	360	759	0.64	0.241	6.20843569264173	24	24	0	2	1	10	4	1	5000	2500	1	0.99	14	10000	101080	0.4641	0.4509	-0.220457357886044	-5.50613610130885	-0.234070815233766	4.98171031402538	10.4878464153342	-0.069826840401353	-1.13740280568242	-0.0703439558951509	1.01203477855358	2.149437584236	0.471536096681862	-0.381994821628612	-11.6990961267355	-0.306666208494907	10.9381167768025	22.637212903538	0.0567	0.2674	-0.618226154340201	-2.64300943764618	-0.6331259506464	1.43229809426145	4.07530753190764	0	NA	NA	NA	NA	NA	NA	1	-0.220457357886044	0.0486014466460953	1	-0.069826840401353	0.00487578764043603	1	-0.381994821628612	0.145920043751075	1	-0.618226154340201	0.382203577910274	1.00174303398861	4507.75556670414	0	1.00165663734414	13283.1935542351	0	NA	NA	NA	NA	NA	NA	NA	NA
146	3	3	exact_null_point_mass	exact_null_point_mass	point_mass	0	none	no_benefit	0	0	NA	0	0	1000	360	600	1000	1000	360	745	0.64	0.255	5.95061102456051	24	24	0	2	1	10	4	1	5000	2500	1	0.99	14	10000	101145	0.4486	0.2259	-0.383627664927695	-6.11084913882121	-0.391332680638396	5.26782572204444	11.3786748608656	-0.418362393254919	-1.4641659129348	-0.42207198253982	0.676768060257295	2.1409339731921	0.47906037414966	-0.34860857049129	-12.5360202167876	-0.295099158239106	11.5287394822197	24.0647596990073	0.0592	0.2093	-0.750243190803011	-2.62481970919282	-0.757242033787936	1.23676039196549	3.86158010115831	0	NA	NA	NA	NA	NA	NA	1	-0.383627664927695	0.147170185297876	1	-0.418362393254919	0.175027092089983	1	-0.34860857049129	0.121527935419981	1	-0.750243190803011	0.562864845346284	1.00142480056025	4302.94012096759	0	1.00193205003311	11729.4633802218	0	NA	NA	NA	NA	NA	NA	NA	NA
178	3	3	exact_null_point_mass	exact_null_point_mass	point_mass	0	none	no_benefit	0	0	NA	0	0	1000	360	600	1000	1000	360	760	0.64	0.24	6.49536482140481	24	24	0	2	1	10	4	1	5000	2500	1	0.99	14	10000	101177	0.4685	0.5727	-0.224345954411205	-5.47075287540781	-0.214558154798115	4.92392939661217	10.39468227202	0.0979362107076606	-0.966111551643423	0.0987333918925897	1.14586821657937	2.11197976822279	0.481781376518219	-0.27190097154249	-11.6612940835844	-0.224098107127059	10.9981713867003	22.6594654702847	0.0614	0.6531	0.386226881152043	-1.70492774742126	0.417470481855406	2.3208933783623	4.02582112578356	0	NA	NA	NA	NA	NA	NA	1	-0.224345954411205	0.0503311072606746	1	0.0979362107076606	0.0095915013677753	1	-0.27190097154249	0.0739301383257502	1	0.386226881152043	0.149171203724434	1.00104573913388	4436.43959373614	0	1.00204083057303	11888.3913656184	0	NA	NA	NA	NA	NA	NA	NA	NA
205	3	3	exact_null_point_mass	exact_null_point_mass	point_mass	0	none	no_benefit	0	0	NA	0	0	1000	360	600	1000	1000	360	747	0.64	0.253	6.56012157663205	24	24	0	2	1	10	4	1	5000	2500	1	0.99	14	10000	101204	0.4471	0.2936	-0.35246545463486	-5.6007050216553	-0.336765095784652	5.04368601635518	10.6443910380105	-0.285749085306583	-1.35715864341766	-0.288120589335628	0.79867338980033	2.15583203321799	0.470607097050021	-0.397549321142162	-11.6871717772762	-0.334855201446793	10.8949159851056	22.5820877623819	0.0644	0.3797	-0.321984873527602	-2.23311962773166	-0.295801454363249	1.49422329699366	3.72734292472532	0	NA	NA	NA	NA	NA	NA	1	-0.35246545463486	0.124231896710959	1	-0.285749085306583	0.0816525397535491	1	-0.397549321142162	0.158045462740594	1	-0.321984873527602	0.103674258780586	1.00191156804104	4277.61839398707	0	1.00211887971439	13202.2866425787	0	NA	NA	NA	NA	NA	NA	NA	NA
250	3	3	exact_null_point_mass	exact_null_point_mass	point_mass	0	none	no_benefit	0	0	NA	0	0	1000	360	600	1000	1000	360	750	0.64	0.25	6.26610440587929	24	24	0	2	1	10	4	1	5000	2500	1	0.99	14	10000	101249	0.6208	0.9623	0.808672639251703	-4.29835965838591	0.81372367783702	5.9414955747223	10.2398552331082	0.972552701567962	-0.10035732694762	0.96757112452821	2.04724137590221	2.14759870284983	0.582540689072078	1.02405866270405	-9.83311369530676	1.00653937294773	11.847921702886	21.6810353981927	0.0538	0.9402	1.6712152847026	-0.443087955161961	1.67253788732087	3.73898962512227	4.18207758028423	0	NA	NA	NA	NA	NA	NA	1	0.808672639251703	0.653951437474316	1	0.972552701567962	0.945858757327142	1	1.02405866270405	1.04869614465921	1	1.6712152847026	2.7929605278236	1.0017178102296	4436.99426447729	0	1.00192372183728	11847.891886671	0	NA	NA	NA	NA	NA	NA	NA	NA
134	3	3	exact_null_point_mass	exact_null_point_mass	point_mass	0	none	no_benefit	0	0	NA	0	0	1000	360	600	1000	1000	360	754	0.64	0.246	6.65634155163979	24	24	0	2	1	10	4	1	5000	2500	1	0.99	14	10000	101133	0.6017	0.7862	0.676570208521457	-4.54748979978287	0.733993986220347	5.78783659974295	10.3353263995258	0.418429259905487	-0.626930376714661	0.417613267313146	1.45760935586093	2.08453973257559	0.555314768663994	0.815335670417586	-10.7588355223858	0.764080825563319	11.9043512676738	22.6631867900596	0.0771	0.6098	0.283956432343306	-2.02694154677079	0.303388291988897	2.39447517052446	4.42141671729525	0	NA	NA	NA	NA	NA	NA	1	0.676570208521457	0.457747247058768	1	0.418429259905487	0.175083045545053	1	0.815335670417586	0.664772255455294	1	0.283956432343306	0.0806312554691386	1.00181083678603	4322.18489943481	0	1.00145841890723	11385.2246622741	0	NA	NA	NA	NA	NA	NA	NA	NA
228	3	3	exact_null_point_mass	exact_null_point_mass	point_mass	0	none	no_benefit	0	0	NA	0	0	1000	360	600	1000	1000	360	726	0.64	0.274	6.25909420516083	24	24	0	2	1	10	4	1	5000	2500	1	0.99	14	10000	101227	0.4312	0.3779	-0.454513056291935	-5.59421797970169	-0.461565763627237	4.7671134745921	10.3613314542938	-0.174729399726036	-1.23546423002794	-0.173514943196987	0.901037628281798	2.13650185830974	0.459551760939168	-0.578669369980954	-11.6500836866598	-0.507962339864022	10.768126065358	22.4182097520178	0.063	0.3309	-0.508648378620889	-2.69043909179437	-0.545849139895735	1.8883502875617	4.57878937935607	0	NA	NA	NA	NA	NA	NA	1	-0.454513056291935	0.206582118339836	1	-0.174729399726036	0.0305303631286209	1	-0.578669369980954	0.334858239754154	1	-0.508648378620889	0.258723173073659	1.00202581381937	4630.4416150378	0	1.00161318085541	11844.7366504064	0	NA	NA	NA	NA	NA	NA	NA	NA
185	3	3	exact_null_point_mass	exact_null_point_mass	point_mass	0	none	no_benefit	0	0	NA	0	0	1000	360	600	1000	1000	360	741	0.64	0.259	5.32379487000082	24	24	0	2	1	10	4	1	5000	2500	1	0.99	14	10000	101184	0.6093	0.9586	0.821040661364978	-4.67191303339379	0.842627710586219	6.37810863032895	11.0500216637227	0.959833097750258	-0.129355440481125	0.960228207305851	2.05460585994433	2.18396130042545	0.580329935904171	1.21305544537288	-10.3009131143469	0.98344152685665	12.7168525578278	23.0177656721747	0.0483	0.9814	2.17913989458468	0.170945867995047	2.22129464040444	4.04353446221802	3.87258859422297	0	NA	NA	NA	NA	NA	NA	1	0.821040661364978	0.67410776761464	1	0.959833097750258	0.921279575536857	1	1.21305544537288	1.47150351354878	0	2.17913989458468	4.74865068017053	1.00213980137578	4486.400446056	0	1.00126744207785	11409.5275373809	0	NA	NA	NA	NA	NA	NA	NA	NA
94	3	3	exact_null_point_mass	exact_null_point_mass	point_mass	0	none	no_benefit	0	0	NA	0	0	1000	360	600	1000	1000	360	748	0.64	0.252	6.29198092552528	24	24	0	2	1	10	4	1	5000	2500	1	0.99	14	10000	101093	0.4858	0.6994	-0.0721351308784445	-5.25856189777367	-0.0835548653726619	5.19967468670425	10.4582365844779	0.285083445973865	-0.781088694244829	0.285995857768325	1.34275017022047	2.1238388644653	0.506645401382243	0.169657394720042	-10.9750238182387	0.0722947559344522	11.6212339967424	22.5962578149811	0.0595	0.7225	0.523474876714637	-1.57090860233901	0.611885909174315	2.21979105281667	3.79069965515568	0	NA	NA	NA	NA	NA	NA	1	-0.0721351308784445	0.00520347710685032	1	0.285083445973865	0.0812725711683338	1	0.169657394720042	0.028783631583192	1	0.523474876714637	0.274025946551405	1.00108352457099	4751.89567047771	0	1.0013318003886	10573.3764010473	0	NA	NA	NA	NA	NA	NA	NA	NA
251	3	3	exact_null_point_mass	exact_null_point_mass	point_mass	0	none	no_benefit	0	0	NA	0	0	1000	360	600	1000	1000	360	737	0.64	0.263	6.62435645470627	24	24	0	2	1	10	4	1	5000	2500	1	0.99	14	10000	101250	0.4967	0.4278	-0.00573246482247982	-5.15607884210237	-0.024376084285973	5.14679751174747	10.3028763538498	-0.0942565058683739	-1.13918430103763	-0.0986919328044511	0.964735861100143	2.10392016213777	0.496619083395943	-0.088533546885197	-11.3983153906349	-0.0347912217547393	11.1097036437526	22.5080190343876	0.0683	0.5408	0.0843038733645886	-1.99156890071583	0.122899469911415	2.02684018205155	4.01840908276739	0	NA	NA	NA	NA	NA	NA	1	-0.00573246482247982	3.28611529409686e-05	1	-0.0942565058683739	0.00888428889851481	1	-0.088533546885197	0.00783818892407338	1	0.0843038733645886	0.00710714306427259	1.00174711118567	4373.58078037431	0	1.00271358275313	15482.0931061745	0	NA	NA	NA	NA	NA	NA	NA	NA
200	3	3	exact_null_point_mass	exact_null_point_mass	point_mass	0	none	no_benefit	0	0	NA	0	0	1000	360	600	1000	1000	360	777	0.64	0.223	5.65807429211261	24	24	0	2	1	10	4	1	5000	2500	1	0.99	14	10000	101199	0.5275	0.7739	0.179571151305552	-5.35044829665716	0.188089701274347	5.75623819780796	11.1066864944651	0.41211204916744	-0.641866692761287	0.413879131302202	1.46635702374062	2.10822371650191	0.52202852614897	0.331671093687515	-11.2942849982677	0.307114532709848	11.992685967903	23.2869709661707	0.0535	0.7508	0.556319780086779	-1.09796148204696	0.573048681015896	2.21451340613228	3.31247488817924	0	NA	NA	NA	NA	NA	NA	1	0.179571151305552	0.0322457983812015	1	0.41211204916744	0.169836341068986	1	0.331671093687515	0.110005714387872	1	0.556319780086779	0.309491697715802	1.0020320621356	3729.36912387	0	1.00160563048993	10993.303962498	0	NA	NA	NA	NA	NA	NA	NA	NA
413	3	3	exact_null_point_mass	exact_null_point_mass	point_mass	0	none	no_benefit	0	0	NA	0	0	1000	360	600	1000	1000	360	758	0.64	0.242	6.02941186574264	24	24	0	2	1	10	4	1	5000	2500	1	0.99	14	10000	101412	0.6422	0.6315	0.961199842022589	-4.3506543891059	0.979419282452926	6.01112532679612	10.361779715902	0.176556908413624	-0.882918727406327	0.174844797459179	1.20722744840357	2.0901461758099	0.657773491910425	2.03501325536996	-9.69794725621943	1.98539395140759	13.0535785813257	22.7515258375452	0.0667	0.8592	0.866181240267599	-0.842181316204271	0.884409069686985	2.50115046472483	3.3433317809291	0	NA	NA	NA	NA	NA	NA	1	0.961199842022589	0.92390513630425	1	0.176556908413624	0.0311723419085767	1	2.03501325536996	4.14127894953145	1	0.866181240267599	0.750269940991516	1.00160937874653	4046.78511734165	0	1.00258897297795	9896.24998371703	0	NA	NA	NA	NA	NA	NA	NA	NA
210	3	3	exact_null_point_mass	exact_null_point_mass	point_mass	0	none	no_benefit	0	0	NA	0	0	1000	360	600	1000	1000	360	761	0.64	0.239	5.87412721738303	24	24	0	2	1	10	4	1	5000	2500	1	0.99	14	10000	101209	0.549	0.8873	0.329190502561264	-5.43682357524894	0.351645027724719	5.9139660542425	11.3507896294914	0.667473137208006	-0.421726615349353	0.668224141789775	1.73631286935689	2.15803948470624	0.524365643911243	0.258333169496297	-11.7626393734814	0.316193053852623	12.0614171612886	23.82405653477	0.0581	0.937	1.73563287762626	-0.512580122202449	1.78973796782065	3.68007784900338	4.19265797120583	0	NA	NA	NA	NA	NA	NA	1	0.329190502561264	0.108366386976537	1	0.667473137208006	0.445520388894298	1	0.258333169496297	0.0667360264620027	1	1.73563287762626	3.01242148589722	1.00154056080848	4373.6153211813	0	1.00169181551246	9485.72573549074	0	NA	NA	NA	NA	NA	NA	NA	NA
100	3	3	exact_null_point_mass	exact_null_point_mass	point_mass	0	none	no_benefit	0	0	NA	0	0	1000	360	600	1000	1000	360	728	0.64	0.272	6.57978517336853	24	24	0	2	1	10	4	1	5000	2500	1	0.99	14	10000	101099	0.5312	0.4868	0.232182350835781	-5.02086113762011	0.232059122253853	5.45987006455995	10.4807312021801	-0.0225520488782087	-1.1147019621411	-0.0186099180003634	1.07378477087561	2.18848673301671	0.521001181652165	0.33077441859296	-10.9699302295943	0.255041572047483	11.7655163100982	22.7354465396925	0.0691	0.74	0.68790567569144	-1.64219847139399	0.715487275786738	2.78029234732196	4.42249081871596	0	NA	NA	NA	NA	NA	NA	1	0.232182350835781	0.0539086440396295	1	-0.0225520488782087	0.000508594908605115	1	0.33077441859296	0.109411715995511	1	0.68790567569144	0.473214218648496	1.00224500534277	3878.86968366975	0	1.002315468186	13376.7165724175	0	NA	NA	NA	NA	NA	NA	NA	NA
132	3	3	exact_null_point_mass	exact_null_point_mass	point_mass	0	none	no_benefit	0	0	NA	0	0	1000	360	600	1000	1000	360	751	0.64	0.249	5.97856792323441	24	24	0	2	1	10	4	1	5000	2500	1	0.99	14	10000	101131	0.3688	0.1065	-0.981099635049861	-6.63012532953871	-1.02131783938183	4.81047144123098	11.4405967707697	-0.683215663028019	-1.77573620397555	-0.681738194162753	0.386628784826855	2.1623649888024	0.41952365694756	-1.1768619173788	-12.9350242722301	-1.02581947800872	10.7916585805478	23.7266828527779	0.0637	0.2226	-0.558599371645271	-2.15165908561812	-0.558141682737197	1.23682222114289	3.38848130676102	0	NA	NA	NA	NA	NA	NA	1	-0.981099635049861	0.96255649389497	1	-0.683215663028019	0.466783642206816	1	-1.1768619173788	1.3850039725765	1	-0.558599371645271	0.312033258002491	1.00123528732965	4143.37882244429	0	1.00164705267612	12362.050440654	0	NA	NA	NA	NA	NA	NA	NA	NA
184	3	3	exact_null_point_mass	exact_null_point_mass	point_mass	0	none	no_benefit	0	0	NA	0	0	1000	360	600	1000	1000	360	771	0.64	0.229	5.76333981315048	24	24	0	2	1	10	4	1	5000	2500	1	0.99	14	10000	101183	0.4414	0.0454	-0.406987811608787	-5.9561187233064	-0.428770422573729	5.23091576882361	11.18703449213	-0.903660672552583	-1.9876882169055	-0.900198148088953	0.152435284078184	2.14012350098368	0.475596873019227	-0.422100180084018	-12.2452425298094	-0.300313572762678	11.5291710257945	23.7744135556039	0.0534	0.049	-1.54270460295636	-3.25474607522411	-1.58035898109332	0.339797628475818	3.59454370369993	0	NA	NA	NA	NA	NA	NA	1	-0.406987811608787	0.16563907879811	1	-0.903660672552583	0.816602611118187	1	-0.422100180084018	0.17816856202696	1	-1.54270460295636	2.37993749198273	1.00226885097607	4477.79263021396	0	1.00159046771442	12099.0048678531	0	NA	NA	NA	NA	NA	NA	NA	NA
181	3	3	exact_null_point_mass	exact_null_point_mass	point_mass	0	none	no_benefit	0	0	NA	0	0	1000	360	600	1000	1000	360	743	0.64	0.257	5.88925272468525	24	24	0	2	1	10	4	1	5000	2500	1	0.99	14	10000	101180	0.5692	0.9169	0.530567488741298	-5.15796752179379	0.504506583982655	6.17240937011931	11.3303768919131	0.748264121011585	-0.336542905706033	0.744970882832798	1.8110977781662	2.14764068387223	0.5375	0.651935248837763	-11.2420051783704	0.542780804336622	12.2318233941887	23.4738285725591	0.064	0.7671	0.982739662490958	-1.51369055165432	0.952582996841737	3.62298423964749	5.13667479130181	0	NA	NA	NA	NA	NA	NA	1	0.530567488741298	0.281501860109247	1	0.748264121011585	0.55989919479324	1	0.651935248837763	0.425019568677156	1	0.982739662490958	0.965777244232842	1.00188298078836	4030.33822491489	0	1.00166426869819	12570.5793301744	0	NA	NA	NA	NA	NA	NA	NA	NA
229	3	3	exact_null_point_mass	exact_null_point_mass	point_mass	0	none	no_benefit	0	0	NA	0	0	1000	360	600	1000	1000	360	772	0.64	0.228	6.28983973515694	24	24	0	2	1	10	4	1	5000	2500	1	0.99	14	10000	101228	0.4827	0.135	-0.145176437261357	-5.27756305199602	-0.125359505971909	4.9606460156393	10.2382090676353	-0.580854664018079	-1.61766983075921	-0.582818512692699	0.466863659889488	2.0845334906487	0.488757521376544	-0.189270870239158	-11.0612058830353	-0.128474534842574	10.7380310640083	21.7992369470436	0.0527	0.2531	-0.844377791117229	-3.1890203504827	-0.851390893822488	1.51323464987798	4.70225500036068	0	NA	NA	NA	NA	NA	NA	1	-0.145176437261357	0.0210761979359006	1	-0.580854664018079	0.337392140711555	1	-0.189270870239158	0.0358234623210883	1	-0.844377791117229	0.712973854132011	1.00145066988523	4351.4067416439	0	1.00134760476638	11541.1552212554	0	NA	NA	NA	NA	NA	NA	NA	NA
79	3	3	exact_null_point_mass	exact_null_point_mass	point_mass	0	none	no_benefit	0	0	NA	0	0	1000	360	600	1000	1000	360	738	0.64	0.262	6.5302366231837	24	24	0	2	1	10	4	1	5000	2500	1	0.99	14	10000	101078	0.454	0.339	-0.348950769895439	-5.54732320156128	-0.307337174993625	4.84794795143339	10.3952711529947	-0.225423513319144	-1.28121154554433	-0.222582005915629	0.830110634182531	2.11132217972686	0.472846542638993	-0.454734489202559	-11.6808267464472	-0.373266695941248	10.7388234893513	22.4196502357985	0.0701	0.3987	-0.255584723892336	-2.21853490580212	-0.257715869521347	1.71653343067666	3.93506833647877	0	NA	NA	NA	NA	NA	NA	1	-0.348950769895439	0.121766639810619	1	-0.225423513319144	0.0508157603571465	1	-0.454734489202559	0.206783455670312	1	-0.255584723892336	0.0653235510871218	1.00147403967097	3918.19470794348	0	1.00139146109862	14934.8978291171	0	NA	NA	NA	NA	NA	NA	NA	NA
255	3	3	exact_null_point_mass	exact_null_point_mass	point_mass	0	none	no_benefit	0	0	NA	0	0	1000	360	600	1000	1000	360	763	0.64	0.237	6.06812920572923	24	24	0	2	1	10	4	1	5000	2500	1	0.99	14	10000	101254	0.4596	0.2655	-0.243133177288369	-5.24444379549429	-0.276068959632935	4.92925679584179	10.1737005913361	-0.337427719362819	-1.38370268052107	-0.330374336364635	0.725817261450473	2.10951994197154	0.448913157618398	-0.695152881385585	-11.7343684119881	-0.611298066174697	10.2819646974192	22.0163331094073	0.0477	0.4368	-0.173213480099011	-2.47373307170965	-0.166737263681413	2.01753138655831	4.49126445826796	0	NA	NA	NA	NA	NA	NA	1	-0.243133177288369	0.0591137418983375	1	-0.337427719362819	0.113857465794393	1	-0.695152881385585	0.483237528498681	1	-0.173213480099011	0.0300029096880106	1.0022364879621	4281.04699815141	0	1.00168995766896	12420.2113179504	0	NA	NA	NA	NA	NA	NA	NA	NA
276	3	3	exact_null_point_mass	exact_null_point_mass	point_mass	0	none	no_benefit	0	0	NA	0	0	1000	360	600	1000	1000	360	716	0.64	0.284	6.24251981796672	24	24	0	2	1	10	4	1	5000	2500	1	0.99	14	10000	101275	0.5425	0.8268	0.249318813622179	-4.80666006548577	0.264800878956796	5.25635388885271	10.0630139543385	0.521575982621853	-0.577953664597254	0.522870266103054	1.59500446478723	2.17295812938449	0.520809309151903	0.227693068452959	-10.6897620779236	0.218061390584599	11.113499657852	21.8032617357756	0.0461	0.7912	1.17802231854659	-1.61713802749757	1.24798937684073	3.7789522526736	5.39609028017118	0	NA	NA	NA	NA	NA	NA	1	0.249318813622179	0.0621598708259707	1	0.521575982621853	0.272041505647952	1	0.227693068452959	0.0518441334215241	1	1.17802231854659	1.38773658299388	1.0022487187027	4545.89400514896	0	1.0021953269011	12224.9539606103	0	NA	NA	NA	NA	NA	NA	NA	NA
163	3	3	exact_null_point_mass	exact_null_point_mass	point_mass	0	none	no_benefit	0	0	NA	0	0	1000	360	600	1000	1000	360	740	0.64	0.26	6.26064669130147	24	24	0	2	1	10	4	1	5000	2500	1	0.99	14	10000	101162	0.4658	0.5888	-0.232220778007313	-5.46228694049564	-0.236518745610661	4.99299905363088	10.4552859941265	0.12388054430017	-0.966472947899339	0.122270999701436	1.1985493491611	2.16502229706044	0.460871404399323	-0.592164158504901	-11.6943615803139	-0.469668298184993	10.5890659552267	22.2834275355406	0.0544	0.6635	0.378567126399227	-1.67389709180451	0.415812422351046	2.16233647850054	3.83623357030506	0	NA	NA	NA	NA	NA	NA	1	-0.232220778007313	0.0539264897383218	1	0.12388054430017	0.0153463892561063	1	-0.592164158504901	0.350658390617818	1	0.378567126399227	0.143313069190168	1.00146432937254	4718.7983931666	0	1.00178321795831	10127.554683551	0	NA	NA	NA	NA	NA	NA	NA	NA
137	3	3	exact_null_point_mass	exact_null_point_mass	point_mass	0	none	no_benefit	0	0	NA	0	0	1000	360	600	1000	1000	360	742	0.64	0.258	6.32788292996791	24	24	0	2	1	10	4	1	5000	2500	1	0.99	14	10000	101136	0.4551	0.4145	-0.231868880339277	-5.42038916141465	-0.29435494806734	4.98677057578035	10.407159737195	-0.123535318036314	-1.19578311604187	-0.121147157015213	0.927500031759698	2.12328314780157	0.480204342273308	-0.335717699165753	-11.4609091190119	-0.235878365665501	10.8844186670674	22.3453277860793	0.0604	0.5015	-0.0338897781540639	-2.11146714517538	0.00318512454785402	1.90309745156783	4.01456459674321	0	NA	NA	NA	NA	NA	NA	1	-0.231868880339277	0.0537631776697898	1	-0.123535318036314	0.0152609748023333	1	-0.335717699165753	0.112706373533147	1	-0.0338897781540639	0.00114851706333167	1.0019586030955	4444.57195889882	0	1.00286838309058	11957.2938841867	0	NA	NA	NA	NA	NA	NA	NA	NA
127	3	3	exact_null_point_mass	exact_null_point_mass	point_mass	0	none	no_benefit	0	0	NA	0	0	1000	360	600	1000	1000	360	763	0.64	0.237	5.72410381682253	24	24	0	2	1	10	4	1	5000	2500	1	0.99	14	10000	101126	0.3849	0.219	-0.81058248597922	-6.2208350149419	-0.842683180150746	4.77108677934417	10.9919217942861	-0.421513783414452	-1.4756638539394	-0.424590103396218	0.638116363675359	2.11378021761476	0.434287538576141	-0.962713314417765	-12.3675103249834	-0.916686367136597	10.8284044441223	23.1959147691057	0.0603	0.1973	-1.09057707819461	-3.32675254135028	-1.1679090366053	1.45520087548218	4.78195341683246	0	NA	NA	NA	NA	NA	NA	1	-0.81058248597922	0.657043966576252	1	-0.421513783414452	0.177673869608365	1	-0.962713314417765	0.926816925757238	1	-1.09057707819461	1.18935836348348	1.00148432398674	4180.57519049806	0	1.00209669719267	11234.6319475662	0	NA	NA	NA	NA	NA	NA	NA	NA
45	3	3	exact_null_point_mass	exact_null_point_mass	point_mass	0	none	no_benefit	0	0	NA	0	0	1000	360	600	1000	1000	360	743	0.64	0.257	6.54195324409479	24	24	0	2	1	10	4	1	5000	2500	1	0.99	14	10000	101044	0.4013	0.1768	-0.677321296651822	-5.81812384049482	-0.694544283878548	4.51656397638807	10.3346878168829	-0.513771623487202	-1.60651857313736	-0.512352262873676	0.567213463095787	2.17373203623315	0.416488907849829	-1.0829131435764	-12.1364013757606	-0.999681420503172	10.0298267194276	22.1662280951882	0.0624	0.4156	-0.311065269269669	-2.77849873124913	-0.257978595415072	1.90781062864242	4.68630935989155	0	NA	NA	NA	NA	NA	NA	1	-0.677321296651822	0.458764138898106	1	-0.513771623487202	0.263961281100675	1	-1.0829131435764	1.17270087653051	1	-0.311065269269669	0.0967616017458118	1.00156856005369	4448.01478315397	0	1.00151115296561	14569.3658070953	0	NA	NA	NA	NA	NA	NA	NA	NA
46	3	3	exact_null_point_mass	exact_null_point_mass	point_mass	0	none	no_benefit	0	0	NA	0	0	1000	360	600	1000	1000	360	750	0.64	0.25	6.43725782198131	24	24	0	2	1	10	4	1	5000	2500	1	0.99	14	10000	101045	0.479	0.2885	-0.152591257153749	-5.56271582612127	-0.163498615337722	5.2679224476208	10.8306382737421	-0.301221964466623	-1.40613320621743	-0.302433851481101	0.815367898932316	2.22150110514975	0.484946584655228	-0.249350709754713	-11.5382424799244	-0.194716942527705	10.9692671833163	22.5075096632407	0.0733	0.115	-1.19728591603736	-3.01846555568912	-1.26581423269593	1.08607060025768	4.1045361559468	0	NA	NA	NA	NA	NA	NA	1	-0.152591257153749	0.0232840917597617	1	-0.301221964466623	0.0907346718771313	1	-0.249350709754713	0.0621757764551791	1	-1.19728591603736	1.43349356474141	1.00113149538989	4551.11440712764	0	1.00136220496584	12730.9544585414	0	NA	NA	NA	NA	NA	NA	NA	NA
196	3	3	exact_null_point_mass	exact_null_point_mass	point_mass	0	none	no_benefit	0	0	NA	0	0	1000	360	600	1000	1000	360	767	0.64	0.233	5.49934085231105	24	24	0	2	1	10	4	1	5000	2500	1	0.99	14	10000	101195	0.4532	0.6259	-0.364256381075326	-5.82820782405345	-0.37199401677982	5.12478532248812	10.9529931465416	0.167439383072106	-0.863753736236976	0.165874541060647	1.21325495610745	2.07700869234443	0.478890989287965	-0.347312393356115	-11.8639696336561	-0.246122830500232	11.2101841441083	23.0741537777644	0.0478	0.7916	0.800474777942838	-1.12012683767813	0.77803371686557	2.84145739276293	3.96158423044105	0	NA	NA	NA	NA	NA	NA	1	-0.364256381075326	0.132682711154093	1	0.167439383072106	0.0280359470035674	1	-0.347312393356115	0.120625898578753	1	0.800474777942838	0.640759870122636	1.00110776652605	4148.0841780253	0	1.00153000845205	12510.8937738212	0	NA	NA	NA	NA	NA	NA	NA	NA
292	3	3	exact_null_point_mass	exact_null_point_mass	point_mass	0	none	no_benefit	0	0	NA	0	0	1000	360	600	1000	1000	360	777	0.64	0.223	6.13388288302498	24	24	0	2	1	10	4	1	5000	2500	1	0.99	14	10000	101291	0.6951	0.8164	1.25689015313537	-3.61006376824393	1.28071873893445	5.95997071505899	9.57003448330292	0.477878655457521	-0.544639335736538	0.472675022127386	1.50142479742827	2.04606413316481	0.756310377064506	3.08145852092748	-7.32663108912106	2.76173465767918	13.6072578692728	20.9338889583938	0.0373	0.6511	0.399989047003942	-1.51134400442116	0.380855925834777	2.44171153232764	3.95305553674879	0	NA	NA	NA	NA	NA	NA	1	1.25689015313537	1.57977285704866	1	0.477878655457521	0.228368009341888	1	3.08145852092748	9.49538661619655	1	0.399989047003942	0.159991237723122	1.00152069640154	4477.52878463588	0	1.00158977752604	11737.071937903	0	NA	NA	NA	NA	NA	NA	NA	NA
256	3	3	exact_null_point_mass	exact_null_point_mass	point_mass	0	none	no_benefit	0	0	NA	0	0	1000	360	600	1000	1000	360	743	0.64	0.257	5.69674466511337	24	24	0	2	1	10	4	1	5000	2500	1	0.99	14	10000	101255	0.5149	0.9286	0.0797035622165015	-5.42472563115342	0.120249237439502	5.72102592800266	11.1457515591561	0.82009970476927	-0.257055594889263	0.822246094443167	1.88068226203633	2.13773785692559	0.509013785790032	0.117573279913577	-11.6456266781435	0.120234158255041	12.0590443020124	23.704670980156	0.057	0.8505	1.10769770818811	-0.883042988431167	1.08262003574753	3.30356589825939	4.18660888669056	0	NA	NA	NA	NA	NA	NA	1	0.0797035622165015	0.00635265782999973	1	0.82009970476927	0.672563525762644	1	0.117573279913577	0.0138234761496364	1	1.10769770818811	1.2269942127252	1.00151600618807	4554.3154950315	0	1.00213024349105	12440.9758407935	0	NA	NA	NA	NA	NA	NA	NA	NA
138	3	3	exact_null_point_mass	exact_null_point_mass	point_mass	0	none	no_benefit	0	0	NA	0	0	1000	360	600	1000	1000	360	763	0.64	0.237	6.10303223961394	24	24	0	2	1	10	4	1	5000	2500	1	0.99	14	10000	101137	0.4263	0.4876	-0.478091605878219	-5.53668018487299	-0.495863802622957	4.72697499605105	10.263655180924	-0.0137162219333612	-1.07132793037707	-0.0158098602369829	1.03080246235656	2.10213039273363	0.441825743841314	-0.768692894841724	-11.8222629886235	-0.756385070754835	10.5729989467808	22.3952619354043	0.0623	0.5348	0.0674374203947054	-1.76558787517682	0.0757876655761009	1.77816578652985	3.54375366170667	0	NA	NA	NA	NA	NA	NA	1	-0.478091605878219	0.228571583611214	1	-0.0137162219333612	0.000188134744125219	1	-0.768692894841724	0.59088876658015	1	0.0674374203947054	0.00454780566949223	1.00104107954486	4117.83339295107	0	1.00166916853738	8411.03612291269	0	NA	NA	NA	NA	NA	NA	NA	NA
289	3	3	exact_null_point_mass	exact_null_point_mass	point_mass	0	none	no_benefit	0	0	NA	0	0	1000	360	600	1000	1000	360	775	0.64	0.225	5.31683275186839	24	24	0	2	1	10	4	1	5000	2500	1	0.99	14	10000	101288	0.5786	0.6487	0.533117663737309	-4.86472639600744	0.546219938412016	5.85000469552404	10.7147310915315	0.204927885245536	-0.853346900121499	0.213535051719988	1.27493151033251	2.12827841045401	0.558295027162557	0.864788635883331	-10.5955503273039	0.718328894904936	12.5438630774723	23.1394134047763	0.0428	0.7407	0.581795334408686	-1.22188636567359	0.598916337974999	2.34183759353058	3.56372395920417	0	NA	NA	NA	NA	NA	NA	1	0.533117663737309	0.284214443388726	1	0.204927885245536	0.0419954381512076	1	0.864788635883331	0.747859384752952	1	0.581795334408686	0.338485811139715	1.00145072785553	3871.12741485665	0	1.00247418327465	12123.6200757084	0	NA	NA	NA	NA	NA	NA	NA	NA
291	3	3	exact_null_point_mass	exact_null_point_mass	point_mass	0	none	no_benefit	0	0	NA	0	0	1000	360	600	1000	1000	360	767	0.64	0.233	5.86369968780157	24	24	0	2	1	10	4	1	5000	2500	1	0.99	14	10000	101290	0.4921	0.3113	-0.0707921706245357	-5.64135661533331	-0.0494154197770298	5.5042847317188	11.1456413470521	-0.259491658039781	-1.29066586023827	-0.257997723104968	0.765922245215103	2.05658810545338	0.500373174112379	-0.00847160907293851	-12.051228961996	0.00363633703328325	11.7949741428857	23.8462031048817	0.0621	0.4627	-0.0313378477195165	-1.84454848693808	-0.087338949112886	1.98262168609784	3.82717017303592	0	NA	NA	NA	NA	NA	NA	1	-0.0707921706245357	0.00501153142173338	1	-0.259491658039781	0.0673359205922344	1	-0.00847160907293851	7.1768160284694e-05	1	-0.0313378477195165	0.000982060699691605	1.00175547535893	3930.52446907318	0	1.00161203614903	12521.1504519226	0	NA	NA	NA	NA	NA	NA	NA	NA
133	3	3	exact_null_point_mass	exact_null_point_mass	point_mass	0	none	no_benefit	0	0	NA	0	0	1000	360	600	1000	1000	360	744	0.64	0.256	5.62086053049239	24	24	0	2	1	10	4	1	5000	2500	1	0.99	14	10000	101132	0.4617	0.2575	-0.236948066819414	-5.75028254051249	-0.272427422341702	5.3550851446564	11.1053676851689	-0.361193418008673	-1.45386048266015	-0.365164784436589	0.747958022972297	2.20181850563245	0.484237074401009	-0.268745408962534	-11.8232280293191	-0.186006251465068	11.3627035932121	23.1859316225312	0.0484	0.3682	-0.351084349893563	-2.33977956859677	-0.333894336615894	1.5013870124163	3.84116658101307	0	NA	NA	NA	NA	NA	NA	1	-0.236948066819414	0.0561443863694577	1	-0.361193418008673	0.130460685212788	1	-0.268745408962534	0.0722240948384394	1	-0.351084349893563	0.123260220740186	1.00180128738701	3957.39833569199	0	1.00122460179763	13265.0072341177	0	NA	NA	NA	NA	NA	NA	NA	NA
195	3	3	exact_null_point_mass	exact_null_point_mass	point_mass	0	none	no_benefit	0	0	NA	0	0	1000	360	600	1000	1000	360	752	0.64	0.248	5.62629728808422	24	24	0	2	1	10	4	1	5000	2500	1	0.99	14	10000	101194	0.5054	0.7963	0.0614519983096548	-5.33288652599138	0.0357482406638532	5.4540477322897	10.7869342582811	0.445885285996618	-0.630645787493295	0.449133388143252	1.5220318837865	2.1526776712798	0.520511736096426	0.291869649724748	-11.5593745332845	0.253762686037898	11.7165218539257	23.2758963872102	0.0542	0.8141	0.819226198475746	-1.12237676050746	0.880438129207465	2.65769240776848	3.78006916827594	0	NA	NA	NA	NA	NA	NA	1	0.0614519983096548	0.00377634809624982	1	0.445885285996618	0.198813688268286	1	0.291869649724748	0.0851878924304472	1	0.819226198475746	0.671131564269023	1.00194068610997	4547.79934249166	0	1.0009712569132	11216.3589303056	0	NA	NA	NA	NA	NA	NA	NA	NA
153	3	3	exact_null_point_mass	exact_null_point_mass	point_mass	0	none	no_benefit	0	0	NA	0	0	1000	360	600	1000	1000	360	747	0.64	0.253	6.80749438540433	24	24	0	2	1	10	4	1	5000	2500	1	0.99	14	10000	101152	0.4959	0.2875	-0.0113495653400532	-5.2912722523582	-0.0311575936614599	5.16428717902454	10.4555594313827	-0.310360858613694	-1.3951611088716	-0.311895672531786	0.771947652610316	2.16710876148191	0.501139941374444	-0.0328545841253764	-11.5547341265671	0.0186093509560781	11.2031062705556	22.7578403971228	0.0789	0.3525	-0.409041507425684	-2.57376547351945	-0.416754891968231	1.77931123838699	4.35307671190644	0	NA	NA	NA	NA	NA	NA	1	-0.0113495653400532	0.000128812633408136	1	-0.310360858613694	0.0963238625594291	1	-0.0328545841253764	0.00107942369805144	1	-0.409041507425684	0.167314954797076	1.00165141947784	4456.34601403396	0	1.00141308164263	11147.5643421986	0	NA	NA	NA	NA	NA	NA	NA	NA
202	3	3	exact_null_point_mass	exact_null_point_mass	point_mass	0	none	no_benefit	0	0	NA	0	0	1000	360	600	1000	1000	360	767	0.64	0.233	6.28254047902733	24	24	0	2	1	10	4	1	5000	2500	1	0.99	14	10000	101201	0.5243	0.392	0.176377842256339	-5.01433738055071	0.170360967108064	5.39964166173073	10.4139790422814	-0.147855566746552	-1.18873428526237	-0.147843840714482	0.935731178134871	2.12446546339724	0.513780993934234	0.235026024904376	-10.8515735631791	0.163534313823812	11.5237518993111	22.3753254624903	0.0603	0.4869	-0.0610729720646244	-2.00978960234383	-0.0350312926139482	1.76223130726738	3.77202090961121	0	NA	NA	NA	NA	NA	NA	1	0.176377842256339	0.0311091432390019	1	-0.147855566746552	0.0218612686179442	1	0.235026024904376	0.0552372323823524	1	-0.0610729720646244	0.00372990791680639	1.00261082401786	3980.07984985059	0	1.00183559880869	11216.0555990874	0	NA	NA	NA	NA	NA	NA	NA	NA
147	3	3	exact_null_point_mass	exact_null_point_mass	point_mass	0	none	no_benefit	0	0	NA	0	0	1000	360	600	1000	1000	360	749	0.64	0.251	6.10292816165955	24	24	0	2	1	10	4	1	5000	2500	1	0.99	14	10000	101146	0.3073	0.4053	-1.26506141394564	-6.16919190189299	-1.33632155757385	4.00515064729797	10.174342549191	-0.144056260537749	-1.2229061474294	-0.137380657558013	0.911752577892457	2.13465872532186	0.270518643709729	-3.04829201939835	-13.6762191817612	-2.85992079382508	7.59057435787997	21.2667935396411	0.0533	0.3484	-0.386491786222128	-2.44313247460465	-0.418697830503596	1.79172457663541	4.23485705124006	0	NA	NA	NA	NA	NA	NA	1	-1.26506141394564	1.60038038105413	1	-0.144056260537749	0.0207522062001199	1	-3.04829201939835	9.29208423552764	1	-0.386491786222128	0.149375900817171	1.00193664780947	4132.39190146633	0	1.001585966487	13044.9123241415	0	NA	NA	NA	NA	NA	NA	NA	NA
142	3	3	exact_null_point_mass	exact_null_point_mass	point_mass	0	none	no_benefit	0	0	NA	0	0	1000	360	600	1000	1000	360	764	0.64	0.236	5.93174600327161	24	24	0	2	1	10	4	1	5000	2500	1	0.99	14	10000	101141	0.5632	0.729	0.425104423554955	-5.27300898571607	0.486290666941185	5.98484621994251	11.2578552056586	0.324392322813664	-0.716301970240912	0.325468734453416	1.37696996486123	2.09327193510214	0.538748932536294	0.520192273945905	-11.3864614808576	0.528180083372694	12.3219729701153	23.7084344509729	0.0632	0.7004	0.505526691998989	-1.4906017291379	0.522345213744253	2.40207902137244	3.89268075051034	0	NA	NA	NA	NA	NA	NA	1	0.425104423554955	0.18071377092599	1	0.324392322813664	0.105230379100445	1	0.520192273945905	0.270600001873012	1	0.505526691998989	0.255557236323441	1.00167953295633	4276.89440066374	0	1.00122190380041	10731.1720118917	0	NA	NA	NA	NA	NA	NA	NA	NA
284	3	3	exact_null_point_mass	exact_null_point_mass	point_mass	0	none	no_benefit	0	0	NA	0	0	1000	360	600	1000	1000	360	751	0.64	0.249	6.09358305046386	24	24	0	2	1	10	4	1	5000	2500	1	0.99	14	10000	101283	0.4769	0.7464	-0.138863127483696	-5.13865920708841	-0.169175778704209	5.03652201093918	10.1751812180276	0.370478613975843	-0.718292053287771	0.371509285823127	1.4503100811666	2.16860213445437	0.469445611087778	-0.356281334729121	-11.438546289996	-0.329059280379999	10.7423671953982	22.1809134853942	0.0476	0.6761	0.511351932773085	-1.67976740529673	0.479537502562292	2.81367523794207	4.4934426432388	0	NA	NA	NA	NA	NA	NA	1	-0.138863127483696	0.0192829681745531	1	0.370478613975843	0.137254403413461	1	-0.356281334729121	0.126936389476364	1	0.511351932773085	0.26148079915077	1.00131561293922	4738.81812436574	0	1.00217790453819	10267.3248342406	0	NA	NA	NA	NA	NA	NA	NA	NA
253	3	3	exact_null_point_mass	exact_null_point_mass	point_mass	0	none	no_benefit	0	0	NA	0	0	1000	360	600	1000	1000	360	752	0.64	0.248	6.05639192554195	24	24	0	2	1	10	4	1	5000	2500	1	0.99	14	10000	101252	0.54	0.7008	0.268642634936009	-4.60677515549721	0.254849749523864	5.08414456024879	9.69091971574601	0.288050724510156	-0.766553208770147	0.290490119440325	1.34378094584032	2.11033415461047	0.565596471432967	0.729476824221212	-9.76266422959836	0.605705171547552	11.4822218003706	21.2448860299689	0.0251	0.9094	1.33101251568355	-0.576967663307348	1.34059986709744	3.17696143457461	3.75392909788196	0	NA	NA	NA	NA	NA	NA	1	0.268642634936009	0.0721688653053617	1	0.288050724510156	0.0829732198908261	1	0.729476824221212	0.532136437075865	1	1.33101251568355	1.77159431690624	1.0013700829554	4285.45816513165	0	1.00213332828605	14785.3054125987	0	NA	NA	NA	NA	NA	NA	NA	NA
95	3	3	exact_null_point_mass	exact_null_point_mass	point_mass	0	none	no_benefit	0	0	NA	0	0	1000	360	600	1000	1000	360	760	0.64	0.24	5.60872682741031	24	24	0	2	1	10	4	1	5000	2500	1	0.99	14	10000	101094	0.4706	0.6426	-0.196977681002569	-5.67052592999544	-0.216543237271014	5.39888477945763	11.0694107094531	0.203200953789226	-0.884827806274792	0.204190872297889	1.26899031007867	2.15381811635346	0.483489819601224	-0.29716701530104	-11.9773784541112	-0.191955198815837	11.2213706063592	23.1987490604704	0.0521	0.5182	0.132165016717728	-1.82714810188266	0.0454809831658478	2.34730683593476	4.17445493781742	0	NA	NA	NA	NA	NA	NA	1	-0.196977681002569	0.0388002068131499	1	0.203200953789226	0.0412906276208513	1	-0.29716701530104	0.0883082349829286	1	0.132165016717728	0.0174675916439973	1.00126180317135	4451.3857370035	0	1.00127087237826	12500.9659982896	0	NA	NA	NA	NA	NA	NA	NA	NA
242	3	3	exact_null_point_mass	exact_null_point_mass	point_mass	0	none	no_benefit	0	0	NA	0	0	1000	360	600	1000	1000	360	734	0.64	0.266	6.22340209006591	24	24	0	2	1	10	4	1	5000	2500	1	0.99	14	10000	101241	0.556	0.464	0.400183170172464	-4.68057720129309	0.378492783492588	5.39376947489191	10.074346676185	-0.0478016883158633	-1.11644361565237	-0.0479036332590761	1.01851841692718	2.13496203257955	0.532291885091214	0.417947547795838	-10.7697996655419	0.389255445593849	11.4040242689944	22.1738239345363	0.0462	0.502	0.0242155492360404	-2.17483362578173	0.00521745774947302	2.23725182336534	4.41208544914707	0	NA	NA	NA	NA	NA	NA	1	0.400183170172464	0.160146569689283	1	-0.0478016883158633	0.00228500140584694	1	0.417947547795838	0.174680152708554	1	0.0242155492360404	0.000586392824803096	1.00155590929176	4519.88996859493	0	1.00171055546567	11965.5601917455	0	NA	NA	NA	NA	NA	NA	NA	NA
219	3	3	exact_null_point_mass	exact_null_point_mass	point_mass	0	none	no_benefit	0	0	NA	0	0	1000	360	600	1000	1000	360	743	0.64	0.257	6.4679847269058	24	24	0	2	1	10	4	1	5000	2500	1	0.99	14	10000	101218	0.6191	0.9897	0.845321232622183	-4.3764958081124	0.855317526519356	6.06576955120392	10.4422653593163	1.23797687590426	0.178007317972674	1.24029884122151	2.29281914109389	2.11481182312122	0.574147757823422	0.999910910958772	-10.2848586691953	0.957335091624982	12.0924958456526	22.3773545148479	0.0701	0.963	1.74143582169344	-0.18065556606691	1.75639909223582	3.61724685100586	3.79790241707277	0	NA	NA	NA	NA	NA	NA	1	0.845321232622183	0.714567986321887	0	1.23797687590426	1.53258674527368	1	0.999910910958772	0.999821829854402	1	1.74143582169344	3.0325987210771	1.00121864721157	4414.47540602779	0	1.00187089929133	12197.0056903117	0	NA	NA	NA	NA	NA	NA	NA	NA
194	3	3	exact_null_point_mass	exact_null_point_mass	point_mass	0	none	no_benefit	0	0	NA	0	0	1000	360	600	1000	1000	360	749	0.64	0.251	6.18046152850844	24	24	0	2	1	10	4	1	5000	2500	1	0.99	14	10000	101193	0.5256	0.6216	0.158925788293932	-4.95319893145662	0.172003377927119	5.25019404748089	10.2033929789375	0.170549773620046	-0.921361438464065	0.175639781805398	1.23939625882005	2.16075769728411	0.528197064989518	0.376922918913308	-10.7961774773327	0.342975544776855	11.3503777832717	22.1465552606044	0.046	0.5005	0.0205395836497382	-1.73257043124059	0.0014214076080421	1.98693405598347	3.71950448722405	0	NA	NA	NA	NA	NA	NA	1	0.158925788293932	0.0252574061848476	1	0.170549773620046	0.0290872252818489	1	0.376922918913308	0.142070886802128	1	0.0205395836497382	0.000421874496504592	1.00219181009042	4437.32497505856	0	1.00162648386229	13974.7155089065	0	NA	NA	NA	NA	NA	NA	NA	NA
262	3	3	exact_null_point_mass	exact_null_point_mass	point_mass	0	none	no_benefit	0	0	NA	0	0	1000	360	600	1000	1000	360	749	0.64	0.251	5.87514314694636	24	24	0	2	1	10	4	1	5000	2500	1	0.99	14	10000	101261	0.502	0.1439	0.0164509303588936	-5.5690248088964	0.0149375461990173	5.69675492939824	11.2657797382946	-0.584304474501743	-1.65510880888967	-0.58214285075959	0.477614560264389	2.13272336915406	0.489683046160391	-0.151706532575708	-11.7361871539919	-0.131504827199938	11.7513708464213	23.4875580004133	0.0598	0.0321	-1.92263682623775	-3.73226189527707	-1.95813359656399	0.134699643759731	3.8669615390368	0	NA	NA	NA	NA	NA	NA	1	0.0164509303588936	0.000270633109673166	1	-0.584304474501743	0.341411718922758	1	-0.151706532575708	0.0230148720261442	1	-1.92263682623775	3.69653236560556	1.00113741867895	4418.72918739312	0	1.00226002823826	12275.4252010213	0	NA	NA	NA	NA	NA	NA	NA	NA
206	3	3	exact_null_point_mass	exact_null_point_mass	point_mass	0	none	no_benefit	0	0	NA	0	0	1000	360	600	1000	1000	360	758	0.64	0.242	6.11945130163897	24	24	0	2	1	10	4	1	5000	2500	1	0.99	14	10000	101205	0.4938	0.4808	-0.0536988151848089	-5.02830439240164	-0.0399783624463188	5.03519410718681	10.0634984995885	-0.0270628918887365	-1.08206717208345	-0.0259931727288016	1.04411347650052	2.12618064858397	0.50250626566416	0.0482579259659016	-10.7613591448186	0.0291406360810216	10.9573728584865	21.718732003305	0.0424	0.17	-0.89931242524882	-2.64975493673718	-0.938199750971016	1.05715322181525	3.70690815855243	0	NA	NA	NA	NA	NA	NA	1	-0.0536988151848089	0.00288356275225227	1	-0.0270628918887365	0.000732400117381438	1	0.0482579259659016	0.00232882741853044	1	-0.89931242524882	0.808762838206915	1.00125743808307	4763.39798129144	0	1.00133058443821	5806.22351360337	0	NA	NA	NA	NA	NA	NA	NA	NA
290	3	3	exact_null_point_mass	exact_null_point_mass	point_mass	0	none	no_benefit	0	0	NA	0	0	1000	360	600	1000	1000	360	736	0.64	0.264	7.06486912089518	24	24	0	2	1	10	4	1	5000	2500	1	0.99	14	10000	101289	0.4801	0.308	-0.153437041168498	-5.01556246839562	-0.137334899524904	4.73309092572022	9.74865339411583	-0.276374484955232	-1.36211206666795	-0.280170001995313	0.79164959438965	2.1537616610576	0.473392342966834	-0.325397063666702	-11.2758520675884	-0.289220481151148	10.6948589656037	21.970711033192	0.0623	0.2721	-0.67935939764795	-2.82565065581784	-0.751422533586585	1.73244800055612	4.55809865637397	0	NA	NA	NA	NA	NA	NA	1	-0.153437041168498	0.0235429256025434	1	-0.276374484955232	0.0763828559342697	1	-0.325397063666702	0.105883249042911	1	-0.67935939764795	0.461529191172585	1.00219033130899	4626.2241209805	0	1.00167172597688	13390.8924125359	0	NA	NA	NA	NA	NA	NA	NA	NA
145	3	3	exact_null_point_mass	exact_null_point_mass	point_mass	0	none	no_benefit	0	0	NA	0	0	1000	360	600	1000	1000	360	791	0.64	0.209	6.12965762674944	24	24	0	2	1	10	4	1	5000	2500	1	0.99	14	10000	101144	0.4712	0.5368	-0.193279764823647	-5.23309630236843	-0.185554551793352	4.83166758730388	10.0647638896723	0.0501510725215566	-0.978548805458808	0.0467287475166991	1.04528831218673	2.02383711764553	0.466028607488431	-0.498345456788023	-11.6353034610714	-0.421466556490381	10.4679218564616	22.1032253175329	0.0492	0.3753	-0.32411124095382	-2.20371227359244	-0.277966530486458	1.33993387102738	3.54364614461983	0	NA	NA	NA	NA	NA	NA	1	-0.193279764823647	0.0373570674902843	1	0.0501510725215566	0.00251513007506243	1	-0.498345456788023	0.248348194301263	1	-0.32411124095382	0.105048096512625	1.00125109866889	4393.58439845727	0	1.00179595728301	11900.5816566476	0	NA	NA	NA	NA	NA	NA	NA	NA
98	3	3	exact_null_point_mass	exact_null_point_mass	point_mass	0	none	no_benefit	0	0	NA	0	0	1000	360	600	1000	1000	360	764	0.64	0.236	6.06149438783463	24	24	0	2	1	10	4	1	5000	2500	1	0.99	14	10000	101097	0.5621	0.3176	0.389623200314495	-4.74834423660864	0.40435030526158	5.53105725873553	10.2794014953442	-0.244502722456463	-1.2779175542894	-0.24912453621324	0.805615078021994	2.0835326323114	0.540924512298558	0.548532621830341	-10.6053705187714	0.43516168273785	11.4330327171327	22.0384032359041	0.0568	0.2134	-1.02037696964001	-3.21984775538747	-1.18258226444566	1.81157033784105	5.03141809322852	0	NA	NA	NA	NA	NA	NA	1	0.389623200314495	0.151806238223309	1	-0.244502722456463	0.0597815812886223	1	0.548532621830341	0.300888037212068	1	-1.02037696964001	1.04116916017172	1.00191089442161	4630.4743813894	0	1.00121941633491	11154.1470151778	0	NA	NA	NA	NA	NA	NA	NA	NA
197	3	3	exact_null_point_mass	exact_null_point_mass	point_mass	0	none	no_benefit	0	0	NA	0	0	1000	360	600	1000	1000	360	773	0.64	0.227	5.74419526962447	24	24	0	2	1	10	4	1	5000	2500	1	0.99	14	10000	101196	0.5567	0.9131	0.382218673345537	-5.12913786226765	0.413487104223621	5.98801914765461	11.1171570099223	0.730591497605093	-0.328327336501544	0.728202001425831	1.77498083427456	2.10330817077611	0.534425880600192	0.52395762544743	-11.1360517670138	0.448379601572247	12.3331831223713	23.4692348893851	0.0603	0.814	0.92056551344001	-1.10316755062269	0.910627288657502	2.93431261171317	4.03748016233586	0	NA	NA	NA	NA	NA	NA	1	0.382218673345537	0.146091114254022	1	0.730591497605093	0.533763936372853	1	0.52395762544743	0.27453159326451	1	0.92056551344001	0.847440864535069	1.00161291797929	4152.93060116704	0	1.00118223306757	9053.80814239795	0	NA	NA	NA	NA	NA	NA	NA	NA
282	3	3	exact_null_point_mass	exact_null_point_mass	point_mass	0	none	no_benefit	0	0	NA	0	0	1000	360	600	1000	1000	360	781	0.64	0.219	5.66225518782723	24	24	0	2	1	10	4	1	5000	2500	1	0.99	14	10000	101281	0.6144	0.8524	0.830709621791252	-4.9076409998906	0.861668542772133	6.37718997000511	11.2848309698957	0.549753645210465	-0.487331749842462	0.549133567643303	1.6064358581488	2.09376760799126	0.576449352304099	1.1117823531617	-10.7727666294477	0.955082014354653	12.9210008892271	23.6937675186748	0.0582	0.8942	1.11243529849088	-0.608060153991037	1.05955835456399	3.08821852969208	3.69627868368311	0	NA	NA	NA	NA	NA	NA	1	0.830709621791252	0.690078475736565	1	0.549753645210465	0.302229070422194	1	1.1117823531617	1.23606000080176	1	1.11243529849088	1.23751229332849	1.00149613222107	4563.65650321107	0	1.00139157212767	12081.391688202	0	NA	NA	NA	NA	NA	NA	NA	NA
99	3	3	exact_null_point_mass	exact_null_point_mass	point_mass	0	none	no_benefit	0	0	NA	0	0	1000	360	600	1000	1000	360	770	0.64	0.23	5.62451346860331	24	24	0	2	1	10	4	1	5000	2500	1	0.99	14	10000	101098	0.4092	0.0959	-0.638559651232282	-6.1951428250106	-0.661790919414163	4.85440278856617	11.0495456135768	-0.689846660835267	-1.73530416028009	-0.688334566977965	0.368558849341087	2.10386300962118	0.433952310614054	-1.01409610524795	-12.5802293217399	-0.882155098426269	10.8464465314295	23.4266758531694	0.0522	0.1265	-1.21891969595761	-3.31194003186243	-1.21907965668442	0.794658362729898	4.10659839459233	0	NA	NA	NA	NA	NA	NA	1	-0.638559651232282	0.407758428181893	1	-0.689846660835267	0.475888415465567	1	-1.01409610524795	1.02839091067905	1	-1.21891969595761	1.48576522519339	1.00146817872931	4384.34327920487	0	1.00276931929188	6691.39115846084	0	NA	NA	NA	NA	NA	NA	NA	NA
140	3	3	exact_null_point_mass	exact_null_point_mass	point_mass	0	none	no_benefit	0	0	NA	0	0	1000	360	600	1000	1000	360	760	0.64	0.24	5.68681797301521	24	24	0	2	1	10	4	1	5000	2500	1	0.99	14	10000	101139	0.4574	0.1404	-0.307989295624951	-5.78891411492882	-0.318960812873867	5.22838086703984	11.0172949819687	-0.587077284791464	-1.63465692219625	-0.593174439268032	0.468993884632466	2.10365080682872	0.484720312995665	-0.266339340413455	-11.816380917382	-0.225587578963253	11.3168441706521	23.1332250880341	0.0543	0.252	-0.707288668996165	-2.89711762589633	-0.608044774928246	1.15909855607877	4.0562161819751	0	NA	NA	NA	NA	NA	NA	1	-0.307989295624951	0.0948574062195532	1	-0.587077284791464	0.344659738318117	1	-0.266339340413455	0.0709366442518744	1	-0.707288668996165	0.500257261290366	1.00194705866151	4462.89440960895	0	1.00176211431237	10821.0745498273	0	NA	NA	NA	NA	NA	NA	NA	NA
180	3	3	exact_null_point_mass	exact_null_point_mass	point_mass	0	none	no_benefit	0	0	NA	0	0	1000	360	600	1000	1000	360	771	0.64	0.229	5.40498692429019	24	24	0	2	1	10	4	1	5000	2500	1	0.99	14	10000	101179	0.4548	0.3299	-0.296696940123399	-5.6458145981873	-0.321497642238224	5.1576976322639	10.8035122304512	-0.233537892813481	-1.28840669816001	-0.233134881775901	0.824483100934747	2.11288979909475	0.463687735454165	-0.593166483655323	-12.0417156089085	-0.493469740704385	11.2136685130197	23.2553841219282	0.0444	0.1871	-0.850261595741459	-2.69917178946746	-0.820925088521398	0.900817932523764	3.59998972199122	0	NA	NA	NA	NA	NA	NA	1	-0.296696940123399	0.0880290742785877	1	-0.233537892813481	0.0545399473797609	1	-0.593166483655323	0.35184647733202	1	-0.850261595741459	0.722944781192813	1.00127696632192	4276.09265499197	0	1.00246941270856	13153.8144738113	0	NA	NA	NA	NA	NA	NA	NA	NA
279	3	3	exact_null_point_mass	exact_null_point_mass	point_mass	0	none	no_benefit	0	0	NA	0	0	1000	360	600	1000	1000	360	771	0.64	0.229	6.50098368436423	24	24	0	2	1	10	4	1	5000	2500	1	0.99	14	10000	101278	0.5977	0.9071	0.713411181822015	-4.55033517872323	0.707940240972076	6.0762717449179	10.6266069236411	0.707673914261735	-0.331787672803115	0.706037885747828	1.75233679241408	2.08412446521719	0.557038312526905	0.848175159367517	-10.4085574727028	0.712402247897555	12.111018620255	22.5195760929579	0.0708	0.8501	0.87886481754295	-0.712254550999526	0.865031082988927	2.58890978195539	3.30116433295492	0	NA	NA	NA	NA	NA	NA	1	0.713411181822015	0.508955514348684	1	0.707673914261735	0.500802368926525	1	0.848175159367517	0.719401100968113	1	0.87886481754295	0.772403367514803	1.00117184014356	4532.69391808616	0	1.00157773717634	11547.2759556552	0	NA	NA	NA	NA	NA	NA	NA	NA
143	3	3	exact_null_point_mass	exact_null_point_mass	point_mass	0	none	no_benefit	0	0	NA	0	0	1000	360	600	1000	1000	360	736	0.64	0.264	6.24420778670632	24	24	0	2	1	10	4	1	5000	2500	1	0.99	14	10000	101142	0.3131	0.1421	-1.28547187680132	-6.36768265408516	-1.36497680436037	4.07051376932353	10.4381964234087	-0.602124620658358	-1.70060153569521	-0.596874000861976	0.45923986861667	2.15984140431188	0.342448056841425	-2.20120932771243	-12.9308613289837	-2.04646947433461	9.00862471208927	21.939486041073	0.0711	0.061	-1.54747196062587	-3.23198717015216	-1.61478510965266	0.399066921052629	3.63105409120479	0	NA	NA	NA	NA	NA	NA	1	-1.28547187680132	1.65243794604712	1	-0.602124620658358	0.362554058802972	1	-2.20120932771243	4.84532250440821	1	-1.54747196062587	2.39466946892326	1.00157674700394	4397.70826957417	0	1.00201952025502	11584.3875392878	0	NA	NA	NA	NA	NA	NA	NA	NA
252	3	3	exact_null_point_mass	exact_null_point_mass	point_mass	0	none	no_benefit	0	0	NA	0	0	1000	360	600	1000	1000	360	747	0.64	0.253	5.49818885588331	24	24	0	2	1	10	4	1	5000	2500	1	0.99	14	10000	101251	0.449	0.2556	-0.337277318069857	-5.70393569551881	-0.338107579846611	5.06103106266115	10.76496675818	-0.372090064275318	-1.47719657740961	-0.37093137307136	0.718132444981745	2.19532902239135	0.459614982213852	-0.589079501509749	-12.0463661169436	-0.494873850805615	10.7206171447087	22.7669832616523	0.0442	0.2099	-0.961129742101967	-3.32354209913045	-0.983095506497575	1.53219175644657	4.85573385557702	0	NA	NA	NA	NA	NA	NA	1	-0.337277318069857	0.113755989284395	1	-0.372090064275318	0.138451015932411	1	-0.589079501509749	0.347014659098975	1	-0.961129742101967	0.923770381152993	1.00132434824012	4107.07760469916	0	1.00180978285173	12261.8010509187	0	NA	NA	NA	NA	NA	NA	NA	NA
144	3	3	exact_null_point_mass	exact_null_point_mass	point_mass	0	none	no_benefit	0	0	NA	0	0	1000	360	600	1000	1000	360	785	0.64	0.215	5.78451461095554	24	24	0	2	1	10	4	1	5000	2500	1	0.99	14	10000	101143	0.4674	0.1242	-0.216548821167802	-5.67829042859818	-0.248789463269954	5.37449784661318	11.0527882752114	-0.612029158146081	-1.64268289124158	-0.612039188319058	0.420570454582342	2.06325334582392	0.479255319148936	-0.381801496428438	-12.1214711874081	-0.258612370720002	11.2073693754023	23.3288405628104	0.06	0.1231	-1.10598797541896	-2.90412150695417	-1.11811444722797	0.778327565720925	3.68244907267509	0	NA	NA	NA	NA	NA	NA	1	-0.216548821167802	0.0468933919491646	1	-0.612029158146081	0.374579690421001	1	-0.381801496428438	0.145772382674995	1	-1.10598797541896	1.22320940177133	1.00138134648391	4507.08233490298	0	1.00245765583557	14965.7141414312	0	NA	NA	NA	NA	NA	NA	NA	NA
458	3	3	exact_null_point_mass	exact_null_point_mass	point_mass	0	none	no_benefit	0	0	NA	0	0	1000	360	600	1000	1000	360	759	0.64	0.241	5.63652696916278	24	24	0	2	1	10	4	1	5000	2500	1	0.99	14	10000	101457	0.5244	0.7414	0.183692338791558	-5.3457252446807	0.145138152845412	5.64887499634907	10.9946002410298	0.358542349856301	-0.723078424473198	0.358075627850499	1.42608913122845	2.14916755570164	0.522428826557412	0.291488727088159	-11.2848594420497	0.291710021373429	11.7632376657677	23.0480971078174	0.0481	0.787	0.851671056691476	-1.27665065477468	0.866760716054756	2.94232008411282	4.21897073888749	0	NA	NA	NA	NA	NA	NA	1	0.183692338791558	0.0337428753307125	1	0.358542349856301	0.128552616640478	1	0.291488727088159	0.0849656780194751	1	0.851671056691476	0.725343588805976	1.00144884747322	4961.97003992199	0	1.00155965485845	9595.54227645321	0	NA	NA	NA	NA	NA	NA	NA	NA
198	3	3	exact_null_point_mass	exact_null_point_mass	point_mass	0	none	no_benefit	0	0	NA	0	0	1000	360	600	1000	1000	360	727	0.64	0.273	6.7470254449216	24	24	0	2	1	10	4	1	5000	2500	1	0.99	14	10000	101197	0.4915	0.1744	-0.0697689107254629	-5.3497635495672	-0.0640816425740587	5.20683175293728	10.5565953025045	-0.52030616802879	-1.5950417521685	-0.52179404463075	0.553522703595155	2.14856445576366	0.496574225122349	-0.110324086325312	-11.4997172708934	-0.0353012080900328	11.1576692116274	22.6573864825208	0.0805	0.0628	-1.47266029452386	-3.26240325895485	-1.49581640506889	0.418974368466262	3.68137762742111	0	NA	NA	NA	NA	NA	NA	1	-0.0697689107254629	0.00486770090381762	1	-0.52030616802879	0.270718508488804	1	-0.110324086325312	0.0121714040235149	1	-1.47266029452386	2.16872834306711	1.00197615566271	4289.46736886465	0	1.00169208936643	13598.9484941013	0	NA	NA	NA	NA	NA	NA	NA	NA
207	3	3	exact_null_point_mass	exact_null_point_mass	point_mass	0	none	no_benefit	0	0	NA	0	0	1000	360	600	1000	1000	360	779	0.64	0.221	5.65452748047152	24	24	0	2	1	10	4	1	5000	2500	1	0.99	14	10000	101206	0.3959	0.4449	-0.743321341538135	-6.23385988445463	-0.747732332505485	4.77452063920467	11.0083805236593	-0.0686482998893558	-1.11410103891822	-0.0725078349885244	0.983382326633737	2.09748336555196	0.430492323980942	-0.991896685001894	-12.4819036035393	-0.904822888186796	10.6735461685405	23.1554497720798	0.0555	0.381	-0.275837513190699	-2.11044206299556	-0.299732175084429	1.82491881744106	3.93536088043662	0	NA	NA	NA	NA	NA	NA	1	-0.743321341538135	0.552526616786053	1	-0.0686482998893558	0.00471258907769892	1	-0.991896685001894	0.983859033717747	1	-0.275837513190699	0.076086333683229	1.00134172833261	4052.19509840123	0	1.00115633569651	12721.4915188672	0	NA	NA	NA	NA	NA	NA	NA	NA
203	3	3	exact_null_point_mass	exact_null_point_mass	point_mass	0	none	no_benefit	0	0	NA	0	0	1000	360	600	1000	1000	360	729	0.64	0.271	6.95455815561248	24	24	0	2	1	10	4	1	5000	2500	1	0.99	14	10000	101202	0.5351	0.7962	0.248313061022746	-5.13342331091768	0.245718458781712	5.55950313689933	10.692926447817	0.433006799706624	-0.601361101641618	0.439609230356415	1.46795300172319	2.06931410336481	0.521999564365062	0.28613357045832	-10.9937133656204	0.27509883142626	11.6760006979461	22.6697140635665	0.0818	0.7796	0.779486715167776	-1.07400359750579	0.722020543674002	3.04380674519449	4.11781034270029	0	NA	NA	NA	NA	NA	NA	1	0.248313061022746	0.0616593762744861	1	0.433006799706624	0.187494888592172	1	0.28613357045832	0.0818724201432261	1	0.779486715167776	0.607599539123049	1.00206158608559	4469.7491356719	0	1.00171206163257	13246.4252512572	0	NA	NA	NA	NA	NA	NA	NA	NA
47	3	3	exact_null_point_mass	exact_null_point_mass	point_mass	0	none	no_benefit	0	0	NA	0	0	1000	360	600	1000	1000	360	737	0.64	0.263	6.28780390983739	24	24	0	2	1	10	4	1	5000	2500	1	0.99	14	10000	101046	0.5409	0.34	0.256656493114379	-4.93326190791138	0.269476491792963	5.27225461073179	10.2055165186432	-0.225988057881138	-1.31696943267074	-0.22827044005897	0.869877348419329	2.18684678109007	0.55184331797235	0.692497634213141	-10.3784642098084	0.591970729678497	11.6082533012577	21.9867175110662	0.0452	0.4937	-0.00511039832488296	-1.86264853709401	-0.0141068258476889	1.80936019489673	3.67200873199074	0	NA	NA	NA	NA	NA	NA	1	0.256656493114379	0.0658725554577712	1	-0.225988057881138	0.0510706023048884	1	0.692497634213141	0.479552973390797	1	-0.00511039832488296	2.61161710389665e-05	1.00170412796969	3993.96989036599	0	1.00159360025347	6644.62799783325	0	NA	NA	NA	NA	NA	NA	NA	NA
456	3	3	exact_null_point_mass	exact_null_point_mass	point_mass	0	none	no_benefit	0	0	NA	0	0	1000	360	600	1000	1000	360	749	0.64	0.251	6.13360694965208	24	24	0	2	1	10	4	1	5000	2500	1	0.99	14	10000	101455	0.423	0.3147	-0.504486502398928	-5.65183733057475	-0.517021173215276	4.80360123663391	10.4554385672087	-0.266553713272423	-1.33401084725765	-0.265478872323548	0.796398430902971	2.13040927816062	0.441070290932257	-0.677024916281374	-11.8714275015661	-0.634428478845119	10.6203285401115	22.4917560416776	0.0582	0.418	-0.166527720055619	-2.35478082322136	-0.225941432523586	2.43031630410094	4.7850971273223	0	NA	NA	NA	NA	NA	NA	1	-0.504486502398928	0.254506631102704	1	-0.266553713272423	0.0710508820593173	1	-0.677024916281374	0.458362737265801	1	-0.166527720055619	0.0277314815469225	1.00167440669024	4445.49533919093	0	1.00126889370846	11702.0143418073	0	NA	NA	NA	NA	NA	NA	NA	NA
449	3	3	exact_null_point_mass	exact_null_point_mass	point_mass	0	none	no_benefit	0	0	NA	0	0	1000	360	600	1000	1000	360	757	0.64	0.243	6.48406822219638	24	24	0	2	1	10	4	1	5000	2500	1	0.99	14	10000	101448	0.4342	0.2362	-0.445420652503681	-5.6327303444794	-0.489961941842474	4.88210467345201	10.5148350179314	-0.38398112703631	-1.41526587745658	-0.388754819207856	0.676090882739929	2.09135676019651	0.470248905031514	-0.403762374015697	-11.4653181878259	-0.350424717206788	10.9176935485202	22.3830117363461	0.0639	0.402	-0.239046294761103	-2.1294278448997	-0.269254866143705	1.79310361369467	3.92253145859436	0	NA	NA	NA	NA	NA	NA	1	-0.445420652503681	0.198399557676805	1	-0.38398112703631	0.147441505920075	1	-0.403762374015697	0.163024054670791	1	-0.239046294761103	0.0571431310390123	1.00128462760593	4694.98550312511	0	1.00219711516566	11503.9275702663	0	NA	NA	NA	NA	NA	NA	NA	NA
187	3	3	exact_null_point_mass	exact_null_point_mass	point_mass	0	none	no_benefit	0	0	NA	0	0	1000	360	600	1000	1000	360	742	0.64	0.258	6.13740499360853	24	24	0	2	1	10	4	1	5000	2500	1	0.99	14	10000	101186	0.4474	0.851	-0.334899640551072	-5.42209960934234	-0.369811358570008	4.73908076277979	10.1611803721221	0.57652742889572	-0.480652317035207	0.579503641270183	1.64657079248337	2.12722310951857	0.453403141361257	-0.604801218383322	-11.7110137920635	-0.53522420756324	10.4978251406072	22.2088389326707	0.045	0.6683	0.618346426913043	-1.43032141669648	0.507664737293398	3.14712036790673	4.57744178460321	0	NA	NA	NA	NA	NA	NA	1	-0.334899640551072	0.112157769241237	1	0.57652742889572	0.332383876269109	1	-0.604801218383322	0.365784513757951	1	0.618346426913043	0.382352303676128	1.00168880876572	4450.01112636385	0	1.00193652306245	11397.3386856589	0	NA	NA	NA	NA	NA	NA	NA	NA
300	3	3	exact_null_point_mass	exact_null_point_mass	point_mass	0	none	no_benefit	0	0	NA	0	0	1000	360	600	1000	1000	360	775	0.64	0.225	5.92284599773988	24	24	0	2	1	10	4	1	5000	2500	1	0.99	14	10000	101299	0.5955	0.9361	0.696193693363063	-5.05822192607064	0.724146933014661	6.32148274614564	11.3797046722163	0.82761994005559	-0.241476236970076	0.824016420918986	1.88893450145192	2.13041073842199	0.549158357456846	0.689246939535695	-11.0476820273563	0.627222504275196	12.2598254674003	23.3075074947566	0.0673	0.889	1.03206149635919	-0.600205284785485	1.00657305299847	2.84757479489943	3.44778007968492	0	NA	NA	NA	NA	NA	NA	1	0.696193693363063	0.484685658678502	1	0.82761994005559	0.684954765177618	1	0.689246939535695	0.475061343659322	1	1.03206149635919	1.06515093226716	1.00128796026603	4316.14141298516	0	1.00178891645551	11866.6868544894	0	NA	NA	NA	NA	NA	NA	NA	NA
274	3	3	exact_null_point_mass	exact_null_point_mass	point_mass	0	none	no_benefit	0	0	NA	0	0	1000	360	600	1000	1000	360	756	0.64	0.244	6.07707576365337	24	24	0	2	1	10	4	1	5000	2500	1	0.99	14	10000	101273	0.3112	0.2323	-1.27473762581327	-6.24593805204892	-1.32988722530002	3.77464360906942	10.0205816611183	-0.391905835685353	-1.44485968482844	-0.403291582583847	0.675151773873587	2.12001145870203	0.275643028220348	-2.82424116582225	-13.5373702535399	-2.50166494548622	7.672896043055	21.2102662965949	0.0397	0.2969	-0.54059548566214	-2.49324925440508	-0.571019804494405	1.52240308246098	4.01565233686606	0	NA	NA	NA	NA	NA	NA	1	-1.27473762581327	1.62495601466406	1	-0.391905835685353	0.153590184044235	1	-2.82424116582225	7.97633816272503	1	-0.54059548566214	0.292243479118285	1.00172398690663	4267.94906162818	0	1.00332010672549	13812.4468748139	0	NA	NA	NA	NA	NA	NA	NA	NA
260	3	3	exact_null_point_mass	exact_null_point_mass	point_mass	0	none	no_benefit	0	0	NA	0	0	1000	360	600	1000	1000	360	760	0.64	0.24	6.35489266748973	24	24	0	2	1	10	4	1	5000	2500	1	0.99	14	10000	101259	0.5585	0.6375	0.417138337418391	-4.74884886004156	0.412770550338046	5.4598540468075	10.2087029068491	0.194381441796306	-0.850875453195992	0.198300896852874	1.25984695834893	2.11072241154492	0.53803946396539	0.493410860839415	-10.6181302010208	0.426436658982535	11.5871576531213	22.2052878541421	0.0523	0.4849	-0.0847554381586556	-2.23972848023113	-0.0391437811316937	1.87373411454923	4.11346259478035	0	NA	NA	NA	NA	NA	NA	1	0.417138337418391	0.174004392544179	1	0.194381441796306	0.0377841449148106	1	0.493410860839415	0.243454277594292	1	-0.0847554381586556	0.00718348429746569	1.00176234101799	4723.75203938174	0	1.00113751404305	10481.3644537649	0	NA	NA	NA	NA	NA	NA	NA	NA
139	3	3	exact_null_point_mass	exact_null_point_mass	point_mass	0	none	no_benefit	0	0	NA	0	0	1000	360	600	1000	1000	360	749	0.64	0.251	5.87262239707922	24	24	0	2	1	10	4	1	5000	2500	1	0.99	14	10000	101138	0.4886	0.1864	-0.0626467735515052	-5.642978961214	-0.096311609628926	5.61045793058054	11.2534368917945	-0.509649092034431	-1.58762036269867	-0.50828179634629	0.582719727820039	2.17034009051871	0.480102149393488	-0.296745486385501	-11.9749886206034	-0.282279022886779	11.463232073584	23.4382206941874	0.0602	0.1016	-1.32176134331036	-3.35169672379739	-1.3035485437421	0.640225594755085	3.99192231855247	0	NA	NA	NA	NA	NA	NA	1	-0.0626467735515052	0.00392461823641358	1	-0.509649092034431	0.25974219701152	1	-0.296745486385501	0.0880578836901674	1	-1.32176134331036	1.74705304866962	1.00231175084106	4347.48204331229	0	1.00181339709254	12867.8096672217	0	NA	NA	NA	NA	NA	NA	NA	NA
303	3	3	exact_null_point_mass	exact_null_point_mass	point_mass	0	none	no_benefit	0	0	NA	0	0	1000	360	600	1000	1000	360	764	0.64	0.236	6.3289539244032	24	24	0	2	1	10	4	1	5000	2500	1	0.99	14	10000	101302	0.5731	0.8063	0.507523456732749	-4.62498784449739	0.524356319968065	5.57928094752693	10.2042687920243	0.460857556041009	-0.586475238313699	0.451666139484129	1.52506896611144	2.11154420442514	0.555082490686535	0.756666390630946	-10.2220680966822	0.671035954771023	11.7685473253656	21.9906154220478	0.0605	0.7519	0.607923044004381	-1.14628474338299	0.582842166623498	2.47723747428561	3.6235222176686	0	NA	NA	NA	NA	NA	NA	1	0.507523456732749	0.257580059133959	1	0.460857556041009	0.212389686960092	1	0.756666390630946	0.572544026710464	1	0.607923044004381	0.369570427431553	1.00234015348935	4318.1800331764	0	1.00160506361203	13874.3990495443	0	NA	NA	NA	NA	NA	NA	NA	NA
148	3	3	exact_null_point_mass	exact_null_point_mass	point_mass	0	none	no_benefit	0	0	NA	0	0	1000	360	600	1000	1000	360	768	0.64	0.232	5.6817955268592	24	24	0	2	1	10	4	1	5000	2500	1	0.99	14	10000	101147	0.4418	0.0882	-0.399838065044157	-5.85940710204197	-0.397259260181604	5.01138370041349	10.8707908024555	-0.716905792497364	-1.76192753839699	-0.722151982663474	0.319719753129827	2.08164729152682	0.46692689102226	-0.423352469213762	-12.2500922090855	-0.446972428371467	11.441679373475	23.6917715825604	0.0521	0.0601	-1.33702763553847	-3.10122976379663	-1.34064176608428	0.410504243154265	3.51173400695089	0	NA	NA	NA	NA	NA	NA	1	-0.399838065044157	0.159870478258256	1	-0.716905792497364	0.513953915316273	1	-0.423352469213762	0.179227313189389	1	-1.33702763553847	1.78764289819358	1.0014120403857	4036.46630208699	0	1.00257665618025	11827.7727589354	0	NA	NA	NA	NA	NA	NA	NA	NA
304	3	3	exact_null_point_mass	exact_null_point_mass	point_mass	0	none	no_benefit	0	0	NA	0	0	1000	360	600	1000	1000	360	719	0.64	0.281	6.25888360132202	24	24	0	2	1	10	4	1	5000	2500	1	0.99	14	10000	101303	0.4092	0.0634	-0.570007765941692	-5.80960082399541	-0.600557572503615	4.74473456367244	10.5543353876678	-0.850109957619873	-1.91223559767407	-0.850772784921044	0.225465083721457	2.13770068139553	0.461389128559103	-0.586004241013776	-11.8593058360139	-0.456658329078192	10.6880637287146	22.5473695647285	0.0728	0.1684	-1.37286261694137	-4.12926410654228	-1.31967396488247	1.22028216974197	5.34954627628425	0	NA	NA	NA	NA	NA	NA	1	-0.570007765941692	0.324908853233839	1	-0.850109957619873	0.722686940044462	1	-0.586004241013776	0.343400970486131	1	-1.37286261694137	1.88475176499511	1.00230738968918	4747.45298865565	0	1.00177707462648	12508.7054708964	0	NA	NA	NA	NA	NA	NA	NA	NA
301	3	3	exact_null_point_mass	exact_null_point_mass	point_mass	0	none	no_benefit	0	0	NA	0	0	1000	360	600	1000	1000	360	737	0.64	0.263	6.22521036934742	24	24	0	2	1	10	4	1	5000	2500	1	0.99	14	10000	101300	0.5158	0.4712	0.11110659989362	-5.09172499816606	0.111131197416408	5.24083427543272	10.3325592735988	-0.0348230854653975	-1.11265719725996	-0.0410176926609012	1.00749085567007	2.12014805293003	0.508740332662358	0.101388202751033	-11.081657273873	0.0941751850874759	11.4112849893251	22.4929422631981	0.0561	0.2992	-0.498453637486997	-2.39849938323983	-0.532728468024025	1.56806371859509	3.96656310183492	0	NA	NA	NA	NA	NA	NA	1	0.11110659989362	0.012344676539921	1	-0.0348230854653975	0.00121264728133038	1	0.101388202751033	0.0102795676570845	1	-0.498453637486997	0.248456028724019	1.00253481013416	4006.70411105012	0	1.00137151865174	12698.4441312153	0	NA	NA	NA	NA	NA	NA	NA	NA
457	3	3	exact_null_point_mass	exact_null_point_mass	point_mass	0	none	no_benefit	0	0	NA	0	0	1000	360	600	1000	1000	360	744	0.64	0.256	6.28849771577888	24	24	0	2	1	10	4	1	5000	2500	1	0.99	14	10000	101456	0.4735	0.2251	-0.171880596319969	-5.11553407291899	-0.172529544013848	4.8405831996054	9.95611727252439	-0.413918320873348	-1.49185327431372	-0.411679206055682	0.658063993642592	2.14991726795632	0.493338884263114	-0.131586301024298	-10.9612438672254	-0.0658263130526473	10.6941049563785	21.6553488236039	0.0392	0.4217	-0.1970722938054	-2.11371889600342	-0.186324092998432	1.60144488650104	3.71516378250446	0	NA	NA	NA	NA	NA	NA	1	-0.171880596319969	0.029542939391308	1	-0.413918320873348	0.171328376354612	1	-0.131586301024298	0.0173149546172571	1	-0.1970722938054	0.0388374889857218	1.00161501027152	3752.65040649005	0	1.00201171427953	11496.7843215698	0	NA	NA	NA	NA	NA	NA	NA	NA
277	3	3	exact_null_point_mass	exact_null_point_mass	point_mass	0	none	no_benefit	0	0	NA	0	0	1000	360	600	1000	1000	360	771	0.64	0.229	5.97370979839321	24	24	0	2	1	10	4	1	5000	2500	1	0.99	14	10000	101276	0.5094	0.7179	0.054927825900924	-5.67434376225843	0.0674067476318001	5.67427351268957	11.348617274948	0.313670401866236	-0.76495952057459	0.315035779219104	1.360955847907	2.12591536848159	0.495725582389399	-0.0396835429648323	-12.07049543864	-0.0453636490252736	11.9730139253427	24.0435093639827	0.0642	0.5638	0.128970873605399	-1.91464431254152	0.157008258206115	2.05718200473972	3.97182631728124	0	NA	NA	NA	NA	NA	NA	1	0.054927825900924	0.00301706605820222	1	0.313670401866236	0.0983891210069261	1	-0.0396835429648323	0.00157478358224169	1	0.128970873605399	0.0166334862385397	1.00148969220065	4745.07924713324	0	1.00107452913782	11054.256026143	0	NA	NA	NA	NA	NA	NA	NA	NA
271	3	3	exact_null_point_mass	exact_null_point_mass	point_mass	0	none	no_benefit	0	0	NA	0	0	1000	360	600	1000	1000	360	744	0.64	0.256	6.45756947689623	24	24	0	2	1	10	4	1	5000	2500	1	0.99	14	10000	101270	0.6221	0.9634	0.804247404968841	-4.46560037914008	0.828285214932143	6.06092612458394	10.526526503724	0.976102003773134	-0.0934833913641967	0.979169189005781	2.04147272248334	2.13495611384754	0.57522974994657	1.0630234095727	-10.034188507204	0.927644925125552	12.1906884861226	22.2248769933266	0.0642	0.9153	1.48660894205459	-0.736892806498713	1.51321401331509	3.56242999208155	4.29932279858026	0	NA	NA	NA	NA	NA	NA	1	0.804247404968841	0.646813888399115	1	0.976102003773134	0.952775121769928	1	1.0630234095727	1.13001876929957	1	1.48660894205459	2.21000614659667	1.00178001365135	4745.46960067535	0	1.00147987786884	10627.9880993449	0	NA	NA	NA	NA	NA	NA	NA	NA
218	3	3	exact_null_point_mass	exact_null_point_mass	point_mass	0	none	no_benefit	0	0	NA	0	0	1000	360	600	1000	1000	360	748	0.64	0.252	6.24606295107487	24	24	0	2	1	10	4	1	5000	2500	1	0.99	14	10000	101217	0.4715	0.6846	-0.203367936902531	-5.26503440698941	-0.204213443382088	4.92711020139233	10.1921446083817	0.27353305158935	-0.801110843643151	0.273111341898239	1.36905394392161	2.17016478756476	0.46081438392385	-0.525564494507837	-11.5415817986971	-0.447652937981299	10.3922908020931	21.9338726007902	0.0545	0.676	0.493960324704316	-1.37007860316048	0.444236000780192	2.58827127004709	3.95834987320757	0	NA	NA	NA	NA	NA	NA	1	-0.203367936902531	0.041358517759992	1	0.27353305158935	0.0748203303117819	1	-0.525564494507837	0.276218037887278	1	0.493960324704316	0.243996802381993	1.00133055952637	4401.08157623419	0	1.00163519270031	13546.3709695963	0	NA	NA	NA	NA	NA	NA	NA	NA
280	3	3	exact_null_point_mass	exact_null_point_mass	point_mass	0	none	no_benefit	0	0	NA	0	0	1000	360	600	1000	1000	360	762	0.64	0.238	6.03070522660074	24	24	0	2	1	10	4	1	5000	2500	1	0.99	14	10000	101279	0.5683	0.0462	0.399056567258537	-4.78686769450111	0.469950570182106	5.34335010137505	10.1302177958762	-0.894614348928458	-1.93696770571211	-0.898583539287844	0.137773494671256	2.07474120038336	0.633848402589267	1.54432040277617	-9.68015614735906	1.5735928400204	12.4315360982522	22.1116922456113	0.0422	0.0568	-1.638387082024	-3.57878356830518	-1.67326894022332	0.442172445743502	4.02095601404868	0	NA	NA	NA	NA	NA	NA	1	0.399056567258537	0.159246143872168	1	-0.894614348928458	0.800334833308689	1	1.54432040277617	2.38492550643076	1	-1.638387082024	2.6843122305431	1.00110742146247	4453.74434064758	0	1.00128239804224	10221.1502604224	0	NA	NA	NA	NA	NA	NA	NA	NA
452	3	3	exact_null_point_mass	exact_null_point_mass	point_mass	0	none	no_benefit	0	0	NA	0	0	1000	360	600	1000	1000	360	753	0.64	0.247	6.03026904889528	24	24	0	2	1	10	4	1	5000	2500	1	0.99	14	10000	101451	0.661	0.4183	1.03984666145232	-4.00650765984496	1.0915036339848	5.8104082056242	9.81691586546917	-0.11311779692595	-1.18620148068327	-0.109472478092492	0.954207172466502	2.14040865314977	0.754384155147514	2.81480208817838	-7.6939319681109	2.45639109936804	13.5075206922819	21.2014526603928	0.0306	0.4938	-0.0045278556232953	-1.91384377615128	-0.0142918589431202	1.86894115038412	3.7827849265354	0	NA	NA	NA	NA	NA	NA	1	1.03984666145232	1.08128107933354	1	-0.11311779692595	0.0127956359813805	1	2.81480208817838	7.92311079561335	1	-0.0045278556232953	2.05014765454069e-05	1.00152081199722	4663.70060918272	0	1.00241706799597	12740.8283711802	0	NA	NA	NA	NA	NA	NA	NA	NA
232	3	3	exact_null_point_mass	exact_null_point_mass	point_mass	0	none	no_benefit	0	0	NA	0	0	1000	360	600	1000	1000	360	758	0.64	0.242	5.91803666184577	24	24	0	2	1	10	4	1	5000	2500	1	0.99	14	10000	101231	0.4882	0.7021	-0.0917404130965303	-5.63499843357462	-0.07994755854887	5.39898128968438	11.033979723259	0.282025681674862	-0.726544914695435	0.279316431966022	1.32526812717848	2.05181304187392	0.496702127659574	-0.0279799714928226	-11.6517732869666	-0.0392385182347592	11.6990386545194	23.3508119414861	0.06	0.7792	0.758700913249775	-1.22627043985902	0.77720929192484	2.71205422624183	3.93832466610085	0	NA	NA	NA	NA	NA	NA	1	-0.0917404130965303	0.00841630339512203	1	0.282025681674862	0.0795384851241707	1	-0.0279799714928226	0.000782878804739165	1	0.758700913249775	0.575627075766042	1.00140611460952	4603.725174993	0	1.0015589377033	10958.4254482203	0	NA	NA	NA	NA	NA	NA	NA	NA
285	3	3	exact_null_point_mass	exact_null_point_mass	point_mass	0	none	no_benefit	0	0	NA	0	0	1000	360	600	1000	1000	360	745	0.64	0.255	5.75887110691808	24	24	0	2	1	10	4	1	5000	2500	1	0.99	14	10000	101284	0.4302	0.6134	-0.507005605146581	-6.02311900321131	-0.537652499593441	5.09484030921148	11.1179593124228	0.157265481386489	-0.922026187031324	0.158805252348968	1.23583977188625	2.15786595891757	0.457227764805774	-0.597993597783349	-12.2306187387244	-0.579017865587052	11.423971150991	23.6545898897154	0.0578	0.804	0.684710388761989	-0.912533763533079	0.676822062642033	2.37422238289543	3.28675614642851	0	NA	NA	NA	NA	NA	NA	1	-0.507005605146581	0.257054683650051	1	0.157265481386489	0.0247324316357242	1	-0.597993597783349	0.357596342989874	1	0.684710388761989	0.468828316478594	1.00169520476674	4194.26866084633	0	1.00152370024837	10986.5659718446	0	NA	NA	NA	NA	NA	NA	NA	NA
217	3	3	exact_null_point_mass	exact_null_point_mass	point_mass	0	none	no_benefit	0	0	NA	0	0	1000	360	600	1000	1000	360	736	0.64	0.264	6.14283356803325	24	24	0	2	1	10	4	1	5000	2500	1	0.99	14	10000	101216	0.5748	0.8381	0.46944110016316	-4.85028593537585	0.506998494291099	5.72018179435285	10.5704677297287	0.542357922725268	-0.543948021407545	0.539512689722164	1.62214329108286	2.1660913124904	0.548342394201045	0.636443350306924	-10.6721312133075	0.580740036779439	11.9278131377392	22.5999443510467	0.0619	0.8714	1.37247522646478	-0.919596597549689	1.38280647940231	3.63575955853926	4.55535615608895	0	NA	NA	NA	NA	NA	NA	1	0.46944110016316	0.220374946522398	1	0.542357922725268	0.294152116342868	1	0.636443350306924	0.405060138149902	1	1.37247522646478	1.88368824725956	1.00134572606538	4366.85283477071	0	1.00098047130221	10552.017995602	0	NA	NA	NA	NA	NA	NA	NA	NA
454	3	3	exact_null_point_mass	exact_null_point_mass	point_mass	0	none	no_benefit	0	0	NA	0	0	1000	360	600	1000	1000	360	726	0.64	0.274	7.11665128994369	24	24	0	2	1	10	4	1	5000	2500	1	0.99	14	10000	101453	0.5763	0.239	0.498994767772423	-4.42776224318451	0.497303659974333	5.40188681934618	9.8296490625307	-0.381543153781563	-1.43513015068161	-0.385726596860357	0.69807770492145	2.13320785560306	0.558031869078381	0.767378163810156	-10.1424551287738	0.641240000683358	11.4200929265639	21.5625480553377	0.0712	0.3186	-0.440517677510363	-2.38175565448583	-0.471301650526066	1.60372157539403	3.98547722987986	0	NA	NA	NA	NA	NA	NA	1	0.498994767772423	0.248995778264254	1	-0.381543153781563	0.145575178197581	1	0.767378163810156	0.588869246292647	1	-0.440517677510363	0.194055824199124	1.00089348768283	4528.38840102143	0	1.00164321540965	12747.8996265407	0	NA	NA	NA	NA	NA	NA	NA	NA
213	3	3	exact_null_point_mass	exact_null_point_mass	point_mass	0	none	no_benefit	0	0	NA	0	0	1000	360	600	1000	1000	360	752	0.64	0.248	6.6753383410562	24	24	0	2	1	10	4	1	5000	2500	1	0.99	14	10000	101212	0.4045	0.0428	-0.65740174755298	-5.80305154578166	-0.653637381039678	4.69332555403635	10.496377099818	-0.914700282965027	-1.95490934771271	-0.919556734965477	0.133350140448686	2.08825948816139	0.42840312734283	-0.981031375730524	-12.4576525946377	-0.875251038218498	10.405366609999	22.8630192046367	0.0663	0.0463	-1.68680666895306	-3.61720282601354	-1.68243206699993	0.245734300612203	3.86293712662574	0	NA	NA	NA	NA	NA	NA	1	-0.65740174755298	0.432177057685712	1	-0.914700282965027	0.836676607656301	1	-0.981031375730524	0.962422560167725	1	-1.68680666895306	2.84531673842452	1.00212367861684	4359.36135984726	0	1.00145297523061	10592.1025358254	0	NA	NA	NA	NA	NA	NA	NA	NA
451	3	3	exact_null_point_mass	exact_null_point_mass	point_mass	0	none	no_benefit	0	0	NA	0	0	1000	360	600	1000	1000	360	742	0.64	0.258	6.13446485425707	24	24	0	2	1	10	4	1	5000	2500	1	0.99	14	10000	101450	0.468	0.5257	-0.211546468144486	-5.45496159727502	-0.214474843763233	4.96589381583923	10.4208554131142	0.040437288231271	-1.02994575688029	0.0330688152151	1.10755907173015	2.13750482861044	0.472339974565494	-0.31119319536347	-11.4280232518281	-0.320350190971727	10.7968238061439	22.224847057972	0.0564	0.6472	0.370397461510024	-1.50854730704077	0.367592510961051	2.29769804362129	3.80624535066205	0	NA	NA	NA	NA	NA	NA	1	-0.211546468144486	0.044751908184406	1	0.040437288231271	0.00163517427949889	1	-0.31119319536347	0.096841204840527	1	0.370397461510024	0.13719427949307	1.0016743695677	4737.19816711431	0	1.00141865236064	9570.28854284596	0	NA	NA	NA	NA	NA	NA	NA	NA
455	3	3	exact_null_point_mass	exact_null_point_mass	point_mass	0	none	no_benefit	0	0	NA	0	0	1000	360	600	1000	1000	360	751	0.64	0.249	6.57117937022699	24	24	0	2	1	10	4	1	5000	2500	1	0.99	14	10000	101454	0.5035	0.4047	0.0242674845101886	-5.21862774102253	0.0255235642873055	5.20798414124129	10.4266118822638	-0.127740936984367	-1.18514880329566	-0.123913156686768	0.91611237657318	2.10126117986884	0.509530948811309	0.13735185569217	-11.2534662289028	0.115010903543912	11.405303226501	22.6587694554037	0.0662	0.6212	0.296755756858507	-1.59446964160276	0.290028215524716	2.20393183300953	3.79840147461229	0	NA	NA	NA	NA	NA	NA	1	0.0242674845101886	0.000588910804452242	1	-0.127740936984367	0.016317746981644	1	0.13735185569217	0.0188655322620828	1	0.296755756858507	0.0880639792286651	1.0019442979633	4189.87695284745	0	1.00171303713341	13144.0155285196	0	NA	NA	NA	NA	NA	NA	NA	NA
211	3	3	exact_null_point_mass	exact_null_point_mass	point_mass	0	none	no_benefit	0	0	NA	0	0	1000	360	600	1000	1000	360	764	0.64	0.236	6.16720837338339	24	24	0	2	1	10	4	1	5000	2500	1	0.99	14	10000	101210	0.5071	0.1177	0.0638828004777457	-5.2081681569331	0.0404064783086309	5.34341075620853	10.5515789131416	-0.644517477814806	-1.6763151654826	-0.649659130888138	0.412918853015276	2.08923401849787	0.504443730592141	0.043502190604022	-11.0974895735362	0.0458210345530148	11.3438283173903	22.4413178909265	0.0661	0.0683	-1.46183535945571	-3.54866486604191	-1.43813759529448	0.401411902946489	3.9500767689884	0	NA	NA	NA	NA	NA	NA	1	0.0638828004777457	0.00408101219687946	1	-0.644517477814806	0.415402779208759	1	0.043502190604022	0.00189244058734866	1	-1.46183535945571	2.136962618155	1.00178411367743	4144.9918091022	0	1.00150310353605	11786.2839896107	0	NA	NA	NA	NA	NA	NA	NA	NA
308	3	3	exact_null_point_mass	exact_null_point_mass	point_mass	0	none	no_benefit	0	0	NA	0	0	1000	360	600	1000	1000	360	749	0.64	0.251	6.48771725073945	24	24	0	2	1	10	4	1	5000	2500	1	0.99	14	10000	101307	0.5445	0.5936	0.295498784806827	-4.93654709585867	0.307944436308146	5.53697047293828	10.473517568797	0.124659711333527	-0.934965484785827	0.123986804101609	1.20513285768332	2.14009834246915	0.538885941644562	0.454997225249784	-10.9019801131318	0.461473121487197	11.5992545163585	22.5012346294903	0.0575	0.4842	-0.0235332386139073	-1.77972243528707	-0.0382871659454969	1.77535276934229	3.55507520462936	0	NA	NA	NA	NA	NA	NA	1	0.295498784806827	0.0873195318223112	1	0.124659711333527	0.0155400436297582	1	0.454997225249784	0.207022474985003	1	-0.0235332386139073	0.0005538133196591	1.00133369113929	4174.10005822391	0	1.00167662655799	11381.1507459298	0	NA	NA	NA	NA	NA	NA	NA	NA
391	3	3	exact_null_point_mass	exact_null_point_mass	point_mass	0	none	no_benefit	0	0	NA	0	0	1000	360	600	1000	1000	360	753	0.64	0.247	6.08451237516211	24	24	0	2	1	10	4	1	5000	2500	1	0.99	14	10000	101390	0.4976	0.684	-0.0291770513303118	-5.23245595966471	-0.0146304294241677	5.17724320281596	10.4096991624807	0.260006438978615	-0.820767161153319	0.264501306461867	1.34876735009645	2.16953451124976	0.501596424010217	0.0596814097930159	-11.1138636887729	0.0220357918435941	11.0554646353808	22.1693283241537	0.0604	0.4936	0.00837100560100157	-1.78598364127291	-0.0150562513784527	1.98225250216663	3.76823614343954	0	NA	NA	NA	NA	NA	NA	1	-0.0291770513303118	0.000851300324331649	1	0.260006438978615	0.06760334831034	1	0.0596814097930159	0.0035618706748819	1	0.00837100560100157	7.00737347719997e-05	1.00119177816463	4083.7754064535	0	1.00128402615101	12359.8934532506	0	NA	NA	NA	NA	NA	NA	NA	NA
450	3	3	exact_null_point_mass	exact_null_point_mass	point_mass	0	none	no_benefit	0	0	NA	0	0	1000	360	600	1000	1000	360	753	0.64	0.247	5.82569394922938	24	24	0	2	1	10	4	1	5000	2500	1	0.99	14	10000	101449	0.6079	0.8414	0.784797958810385	-4.75855414201515	0.781663396051292	6.36830793462785	11.126862076643	0.542803182821102	-0.507850714809023	0.541879493227139	1.6199933429974	2.12784405780642	0.557604177768304	0.870307573337815	-10.8853114574702	0.79325119738953	12.5235282446386	23.4088397021088	0.0617	0.5688	0.205982050393027	-2.09005092611018	0.23708165261093	2.54898619420314	4.63903712031331	0	NA	NA	NA	NA	NA	NA	1	0.784797958810385	0.615907836152947	1	0.542803182821102	0.294635295280719	1	0.870307573337815	0.757435272209156	1	0.205982050393027	0.0424286050841153	1.00142366440676	3916.84511031699	0	1.00178553105265	13674.7991576516	0	NA	NA	NA	NA	NA	NA	NA	NA
453	3	3	exact_null_point_mass	exact_null_point_mass	point_mass	0	none	no_benefit	0	0	NA	0	0	1000	360	600	1000	1000	360	729	0.64	0.271	5.59215829949664	24	24	0	2	1	10	4	1	5000	2500	1	0.99	14	10000	101452	0.5423	0.5139	0.308200588334786	-5.23342461623425	0.30068959068597	5.84136899572355	11.0747936119578	0.026368292971188	-1.06618549864376	0.0185880399263993	1.13136275220785	2.19754825085161	0.524170616113744	0.321696495006633	-11.4518987812912	0.314516317551757	12.086092949448	23.5379917307392	0.0505	0.608	0.264569997757843	-1.98337878409251	0.297586682736779	2.32795217367162	4.31133095776413	0	NA	NA	NA	NA	NA	NA	1	0.308200588334786	0.094987602649908	1	0.026368292971188	0.000695286874214401	1	0.321696495006633	0.103488634899553	1	0.264569997757843	0.0699972837135851	1.00154799542824	4222.24965084454	0	1.00160124549762	10486.3483311534	0	NA	NA	NA	NA	NA	NA	NA	NA
236	3	3	exact_null_point_mass	exact_null_point_mass	point_mass	0	none	no_benefit	0	0	NA	0	0	1000	360	600	1000	1000	360	763	0.64	0.237	6.19062416156696	24	24	0	2	1	10	4	1	5000	2500	1	0.99	14	10000	101235	0.4565	0.3077	-0.283666386695859	-5.36728327602775	-0.290865081727676	4.90062199798487	10.2679052740126	-0.26478396275067	-1.32861248583505	-0.268588066790656	0.793023699694577	2.12163618552962	0.461554755348443	-0.584907043546235	-11.6981974260597	-0.471797154317138	10.5771643597186	22.2753617857783	0.0558	0.2798	-0.532770885762612	-2.37024935993011	-0.562565006991399	1.44917910655126	3.81942846648137	0	NA	NA	NA	NA	NA	NA	1	-0.283666386695859	0.0804666189410844	1	-0.26478396275067	0.0701105469299482	1	-0.584907043546235	0.342116249589997	1	-0.532770885762612	0.283844816716278	1.00156756210074	4542.95597826863	0	1.00227662923416	13475.007235444	0	NA	NA	NA	NA	NA	NA	NA	NA
307	3	3	exact_null_point_mass	exact_null_point_mass	point_mass	0	none	no_benefit	0	0	NA	0	0	1000	360	600	1000	1000	360	771	0.64	0.229	5.6496731182261	24	24	0	2	1	10	4	1	5000	2500	1	0.99	14	10000	101306	0.4054	0.0513	-0.683976218428381	-6.18840601422269	-0.712360899891877	4.9337976217653	11.122203635988	-0.887341707179104	-1.96125622422229	-0.891514135211751	0.196436284304695	2.15769250852698	0.43556073281796	-0.945327052844387	-12.4065124294236	-0.871913824690408	10.9326126105161	23.3391250399398	0.0557	0.1388	-1.15632823272689	-3.40003792942709	-1.13953284951553	0.907424845843731	4.30746277527082	0	NA	NA	NA	NA	NA	NA	1	-0.683976218428381	0.467823467375588	1	-0.887341707179104	0.787375305299527	1	-0.945327052844387	0.893643236839454	1	-1.15632823272689	1.3370949818013	1.00109653241393	4478.79971374342	0	1.00225165880198	12015.3343867411	0	NA	NA	NA	NA	NA	NA	NA	NA
459	3	3	exact_null_point_mass	exact_null_point_mass	point_mass	0	none	no_benefit	0	0	NA	0	0	1000	360	600	1000	1000	360	739	0.64	0.261	5.96851004468015	24	24	0	2	1	10	4	1	5000	2500	1	0.99	14	10000	101458	0.4502	0.182	-0.378871642394806	-5.93915364609485	-0.348915555140786	5.20568433136285	11.1448379774577	-0.50095201860644	-1.56391019389261	-0.50462234580367	0.577948425176132	2.14185861906874	0.472591006423983	-0.386055972056726	-12.2167462448151	-0.338881834545266	11.3657153290941	23.5824615739092	0.066	0.35	-0.4014221133407	-2.3456043718972	-0.421987886593119	1.6395448235593	3.9851491954565	0	NA	NA	NA	NA	NA	NA	1	-0.378871642394806	0.143543721410938	1	-0.50095201860644	0.250952924945867	1	-0.386055972056726	0.149039213560664	1	-0.4014221133407	0.161139713078914	1.0018396988288	4076.18523271439	0	1.00112845622388	11601.0945207613	0	NA	NA	NA	NA	NA	NA	NA	NA
306	3	3	exact_null_point_mass	exact_null_point_mass	point_mass	0	none	no_benefit	0	0	NA	0	0	1000	360	600	1000	1000	360	777	0.64	0.223	5.75159953361428	24	24	0	2	1	10	4	1	5000	2500	1	0.99	14	10000	101305	0.4579	0.121	-0.309960330295017	-5.85455550668105	-0.319547558273701	5.17540841585552	11.0299639225366	-0.635262718026108	-1.69366312461414	-0.633876203099327	0.423500705940631	2.11716383055477	0.467952772506852	-0.544776957168391	-12.5010564745885	-0.428617172610448	11.4402311022251	23.9412875768137	0.0514	0.1726	-0.897087953168827	-2.76149418213922	-0.885882872723878	0.974212053513278	3.7357062356525	0	NA	NA	NA	NA	NA	NA	1	-0.309960330295017	0.096075406356596	1	-0.635262718026108	0.403558720913918	1	-0.544776957168391	0.296781933061651	1	-0.897087953168827	0.804766795720636	1.00145280034201	4515.81705763406	0	1.00180869729982	15183.2676031634	0	NA	NA	NA	NA	NA	NA	NA	NA
448	3	3	exact_null_point_mass	exact_null_point_mass	point_mass	0	none	no_benefit	0	0	NA	0	0	1000	360	600	1000	1000	360	764	0.64	0.236	6.38166250228007	24	24	0	2	1	10	4	1	5000	2500	1	0.99	14	10000	101447	0.554	0.8144	0.372924316157828	-4.92937326989469	0.370597123750165	5.59892813607183	10.5283014059665	0.472073867869595	-0.564023103483108	0.469936942955905	1.49228746535755	2.05631056884065	0.541755888650964	0.590991016905077	-10.7769645913274	0.561637369740321	11.8394369278076	22.616401519135	0.066	0.7619	0.678534122673527	-1.19501613881574	0.682142683849479	2.54858663094461	3.74360276976035	0	NA	NA	NA	NA	NA	NA	1	0.372924316157828	0.139072545581784	1	0.472073867869595	0.22285373672536	1	0.590991016905077	0.349270382062497	1	0.678534122673527	0.460408555632332	1.00159711665276	4005.29429549775	0	1.00212406439234	12425.2632178223	0	NA	NA	NA	NA	NA	NA	NA	NA
78	3	3	exact_null_point_mass	exact_null_point_mass	point_mass	0	none	no_benefit	0	0	NA	0	0	1000	360	600	1000	1000	360	744	0.64	0.256	6.00259676587229	24	24	0	2	1	10	4	1	5000	2500	1	0.99	14	10000	101077	0.26	0.2572	-1.8304277501413	-7.10592275005808	-1.89688933963188	3.85913210663633	10.9650548566944	-0.359335619875	-1.41112237302808	-0.365183259170822	0.709865414714623	2.1209877877427	0.198501092953055	-3.73561232350402	-14.5947835567251	-3.54802997065292	8.08483046223188	22.6796140189569	0.0393	0.17	-0.786375158928521	-2.53030851154811	-0.757910196050521	0.828076992358387	3.3583855039065	0	NA	NA	NA	NA	NA	NA	1	-1.8304277501413	3.35046574848735	1	-0.359335619875	0.129122087710951	1	-3.73561232350402	13.9547994315151	1	-0.786375158928521	0.618385890579857	1.00144434961852	4344.7004503123	0	1.00188555819924	10505.2697397768	0	NA	NA	NA	NA	NA	NA	NA	NA
272	3	3	exact_null_point_mass	exact_null_point_mass	point_mass	0	none	no_benefit	0	0	NA	0	0	1000	360	600	1000	1000	360	763	0.64	0.237	5.83673418671533	24	24	0	2	1	10	4	1	5000	2500	1	0.99	14	10000	101271	0.3854	0.1442	-0.822880393669927	-6.39528024661158	-0.857497937322131	4.89542510896258	11.2907053555742	-0.585620937737781	-1.64957040572504	-0.582287148489085	0.484835103989766	2.13440550971481	0.430093776641091	-1.08384975838414	-12.7312314799867	-0.953535601904054	10.6917842326581	23.4230157126448	0.0616	0.1506	-1.0412819431998	-3.19040959646864	-0.963989093464585	0.789229860181838	3.97963945665048	0	NA	NA	NA	NA	NA	NA	1	-0.822880393669927	0.677132142286375	1	-0.585620937737781	0.342951882716878	1	-1.08384975838414	1.17473029874936	1	-1.0412819431998	1.08426808523394	1.00143276434395	4280.46762401725	0	1.0010420387702	13397.6111543656	0	NA	NA	NA	NA	NA	NA	NA	NA
425	3	3	exact_null_point_mass	exact_null_point_mass	point_mass	0	none	no_benefit	0	0	NA	0	0	1000	360	600	1000	1000	360	751	0.64	0.249	6.17241438206171	24	24	0	2	1	10	4	1	5000	2500	1	0.99	14	10000	101424	0.361	0.106	-0.951429918253815	-5.91870965370763	-0.96183698666922	4.10478555666277	10.0234952103704	-0.667970393456077	-1.72251687953167	-0.661747129893628	0.399486030152912	2.12200290968458	0.386761774887234	-1.44226127445833	-12.2408146858831	-1.25797911961542	9.42965104979373	21.6704657356768	0.0467	0.1568	-1.14168774033645	-3.3340495006905	-1.12634999304339	1.02172624733859	4.35577574802909	0	NA	NA	NA	NA	NA	NA	1	-0.951429918253815	0.905218889348462	1	-0.667970393456077	0.446184446533866	1	-1.44226127445833	2.08011758380216	1	-1.14168774033645	1.30345089643455	1.00147332107426	4337.59878532669	0	1.00135768243517	9149.27215564148	0	NA	NA	NA	NA	NA	NA	NA	NA
327	3	3	exact_null_point_mass	exact_null_point_mass	point_mass	0	none	no_benefit	0	0	NA	0	0	1000	360	600	1000	1000	360	742	0.64	0.258	6.01752256525558	24	24	0	2	1	10	4	1	5000	2500	1	0.99	14	10000	101326	0.5201	0.903	0.131552916342281	-4.67877317288219	0.129217552484022	4.88776674056212	9.56653991344431	0.701584956944688	-0.344464158551416	0.699849388635981	1.75224757377232	2.09671173232374	0.531003039513678	0.239952023387951	-9.94387329681227	0.0921025964278561	10.8205278574893	20.7644011543015	0.013	0.7985	1.1137922148116	-1.28514245506317	1.10054998707168	3.61804674392818	4.90318919899136	0	NA	NA	NA	NA	NA	NA	1	0.131552916342281	0.0173061697981592	1	0.701584956944688	0.49222145181108	1	0.239952023387951	0.0575769735279716	1	1.1137922148116	1.24053309777493	1.00137549360196	4325.13686354107	0	1.00259466008884	12190.8157370513	0	NA	NA	NA	NA	NA	NA	NA	NA
447	3	3	exact_null_point_mass	exact_null_point_mass	point_mass	0	none	no_benefit	0	0	NA	0	0	1000	360	600	1000	1000	360	741	0.64	0.259	6.58657127415633	24	24	0	2	1	10	4	1	5000	2500	1	0.99	14	10000	101446	0.5705	0.8177	0.476447024550887	-4.74943906882742	0.492331323790305	5.54463726954314	10.2940763383706	0.506041310092938	-0.590489731845884	0.508768982551514	1.5773112595778	2.16780099142369	0.556801195814649	0.655094760614075	-10.4726709481031	0.691736096019586	11.6875581641685	22.1602291122716	0.0634	0.667	0.431926844197354	-1.68585229429641	0.436808866157271	2.44347857470059	4.12933086899699	0	NA	NA	NA	NA	NA	NA	1	0.476447024550887	0.227001767203393	1	0.506041310092938	0.256077807520577	1	0.655094760614075	0.429149145384013	1	0.431926844197354	0.186560798738286	1.00200452044631	4598.81543688355	0	1.00198865836493	11003.6524426174	0	NA	NA	NA	NA	NA	NA	NA	NA
373	3	3	exact_null_point_mass	exact_null_point_mass	point_mass	0	none	no_benefit	0	0	NA	0	0	1000	360	600	1000	1000	360	725	0.64	0.275	6.35166504666305	24	24	0	2	1	10	4	1	5000	2500	1	0.99	14	10000	101372	0.5637	0.8304	0.401211766582356	-4.77594980038809	0.423726458872986	5.54177802698694	10.317727827375	0.515264261624064	-0.555775067251399	0.514612662515738	1.59700918559598	2.15278425284738	0.545512683862716	0.580934990922502	-10.5365063409345	0.515631461512058	11.5706541667318	22.1071605076663	0.0618	0.8999	1.68616422402665	-1.07822598922279	1.72003543565303	4.18691964339568	5.26514563261847	0	NA	NA	NA	NA	NA	NA	1	0.401211766582356	0.160970881644135	1	0.515264261624064	0.265497259306992	1	0.580934990922502	0.337485463678127	1	1.68616422402665	2.8431497903874	1.00178172075651	4389.70157961949	0	1.0011097585611	11280.4187760012	0	NA	NA	NA	NA	NA	NA	NA	NA
268	3	3	exact_null_point_mass	exact_null_point_mass	point_mass	0	none	no_benefit	0	0	NA	0	0	1000	360	600	1000	1000	360	753	0.64	0.247	6.52247300518279	24	24	0	2	1	10	4	1	5000	2500	1	0.99	14	10000	101267	0.486	0.1845	-0.0898126389519175	-5.27429431742669	-0.0928678454769765	5.18546757864823	10.4597618960749	-0.491500243740166	-1.54795952002643	-0.494431180344496	0.548360844617375	2.09632036464381	0.495090715048026	0.00906443963968377	-11.0812841308399	-0.0526889546169418	11.210335894052	22.2916200248918	0.063	0.3238	-0.499565747860654	-2.54623066819959	-0.487020455725952	1.45102176622578	3.99725243442536	0	NA	NA	NA	NA	NA	NA	1	-0.0898126389519175	0.00806631011550749	1	-0.491500243740166	0.241572489596643	1	0.00906443963968377	8.21640659814705e-05	1	-0.499565747860654	0.249565936435575	1.0016685784176	4382.75102592517	0	1.0019874645786	12846.7052458288	0	NA	NA	NA	NA	NA	NA	NA	NA
275	3	3	exact_null_point_mass	exact_null_point_mass	point_mass	0	none	no_benefit	0	0	NA	0	0	1000	360	600	1000	1000	360	757	0.64	0.243	6.19383353591409	24	24	0	2	1	10	4	1	5000	2500	1	0.99	14	10000	101274	0.4414	0.3544	-0.382939215183116	-5.39908701050737	-0.38929915686138	4.5800028920747	9.97908990258207	-0.203854935519102	-1.26690943017999	-0.201360824839325	0.853730424994489	2.12063985517447	0.449236204925699	-0.737294976173418	-11.7349708835286	-0.611236432662356	10.0660223971542	21.8009932806829	0.0377	0.5145	0.0187122307558835	-2.18920780468402	0.0365731628440988	2.11315538396686	4.30236318865088	0	NA	NA	NA	NA	NA	NA	1	-0.382939215183116	0.146642442525061	1	-0.203854935519102	0.0415568347354971	1	-0.737294976173418	0.543603881890561	1	0.0187122307558835	0.000350147579861432	1.00123593689887	4756.39779793706	0	1.00162188356734	11957.4587932352	0	NA	NA	NA	NA	NA	NA	NA	NA
267	3	3	exact_null_point_mass	exact_null_point_mass	point_mass	0	none	no_benefit	0	0	NA	0	0	1000	360	600	1000	1000	360	768	0.64	0.232	5.55976976229921	24	24	0	2	1	10	4	1	5000	2500	1	0.99	14	10000	101266	0.4895	0.1177	-0.114895014617554	-5.53546127350724	-0.0729814278562193	5.39787184910161	10.9333331226089	-0.652324597548144	-1.72773541433199	-0.64689511679474	0.411718727260006	2.139454141592	0.485428721725408	-0.201247561011839	-11.7441279600471	-0.155405167618232	11.3755256514806	23.1196536115278	0.0495	0.1676	-1.05588222380518	-3.34330169029264	-1.00182405116853	0.985846400423139	4.32914809071578	0	NA	NA	NA	NA	NA	NA	1	-0.114895014617554	0.013200864383968	1	-0.652324597548144	0.425527380566348	1	-0.201247561011839	0.0405005808132139	1	-1.05588222380518	1.11488727054778	1.00262838837559	4073.27066448716	0	1.00199563760372	12259.0410870323	0	NA	NA	NA	NA	NA	NA	NA	NA
110	3	3	exact_null_point_mass	exact_null_point_mass	point_mass	0	none	no_benefit	0	0	NA	0	0	1000	360	600	1000	1000	360	748	0.64	0.252	5.9503142208654	24	24	0	2	1	10	4	1	5000	2500	1	0.99	14	10000	101109	0.5349	0.9558	0.250147100821006	-5.44105936601035	0.263000367032832	5.8577014241941	11.2987607902045	0.938135168240854	-0.138922068541511	0.931316466151326	2.034327488063	2.17324955660451	0.522327613769583	0.286371127412745	-11.5713942489041	0.26643118387536	12.0656711081557	23.6370653570598	0.0617	0.8887	1.37329040653767	-0.72259998955609	1.33726171106081	3.66307770954209	4.38567769909818	0	NA	NA	NA	NA	NA	NA	1	0.250147100821006	0.0625735720491545	1	0.938135168240854	0.880097593890295	1	0.286371127412745	0.0820084226156464	1	1.37329040653767	1.88592654068841	1.00207846879363	4353.35763972304	0	1.0015453614215	10236.1948303227	0	NA	NA	NA	NA	NA	NA	NA	NA
376	3	3	exact_null_point_mass	exact_null_point_mass	point_mass	0	none	no_benefit	0	0	NA	0	0	1000	360	600	1000	1000	360	736	0.64	0.264	6.37423844814712	24	24	0	2	1	10	4	1	5000	2500	1	0.99	14	10000	101375	0.5007	0.5671	0.00850489340034884	-5.1471247845416	0.00622897629732666	5.24777382096648	10.3948986055081	0.094088854726334	-0.96166579818377	0.0937427141324667	1.16135448043265	2.12302027861642	0.500635324015248	0.00845169404940139	-10.9547778284067	0.0140834298430814	10.9561703370053	21.910948165412	0.0556	0.8014	0.886503200310056	-1.39496123173499	0.927118360719864	2.91158818954499	4.30654942127998	0	NA	NA	NA	NA	NA	NA	1	0.00850489340034884	7.23332117512972e-05	1	0.094088854726334	0.00885271258371318	1	0.00845169404940139	7.14311323046869e-05	1	0.886503200310056	0.785887924159971	1.00163358252511	4461.08678273742	0	1.00140776208032	11515.222963055	0	NA	NA	NA	NA	NA	NA	NA	NA
261	3	3	exact_null_point_mass	exact_null_point_mass	point_mass	0	none	no_benefit	0	0	NA	0	0	1000	360	600	1000	1000	360	760	0.64	0.24	5.63271685861093	24	24	0	2	1	10	4	1	5000	2500	1	0.99	14	10000	101260	0.5531	0.8438	0.345347193360258	-5.20829558138049	0.377677729805593	5.68741789383659	10.8957134752171	0.547293431133307	-0.529055512242992	0.5465712344938	1.62392145432389	2.15297696656688	0.533735833068531	0.453216056356616	-11.1805761911933	0.426015069311216	11.9829908156316	23.1635670068249	0.0559	0.8371	1.03624258876758	-1.05954318634276	1.04760135734166	3.11667403074442	4.17621721708718	0	NA	NA	NA	NA	NA	NA	1	0.345347193360258	0.119264683961807	1	0.547293431133307	0.299530099761668	1	0.453216056356616	0.205404793739443	1	1.03624258876758	1.07379870277574	1.00180107281266	4534.1904934421	0	1.00144368756447	11550.9037393385	0	NA	NA	NA	NA	NA	NA	NA	NA
231	3	3	exact_null_point_mass	exact_null_point_mass	point_mass	0	none	no_benefit	0	0	NA	0	0	1000	360	600	1000	1000	360	757	0.64	0.243	6.21018569924988	24	24	0	2	1	10	4	1	5000	2500	1	0.99	14	10000	101230	0.5264	0.3611	0.138066190175955	-5.07436202400243	0.173809062560013	5.23783368554199	10.3121957095444	-0.192547262477462	-1.26036862118174	-0.191542184741017	0.893441185216317	2.15380980639806	0.518378093733544	0.251228639382733	-10.9374176023909	0.2236675932798	11.4465375287984	22.3839551311893	0.0505	0.5081	-0.013800997161217	-2.6185807212939	0.0292138817860668	2.35521600529232	4.97379672658622	0	NA	NA	NA	NA	NA	NA	1	0.138066190175955	0.019062272869703	1	-0.192547262477462	0.0370744482875647	1	0.251228639382733	0.0631158292460993	1	-0.013800997161217	0.000190467522643921	1.00131356382737	4654.48975894463	0	1.00139482884876	11650.740655693	0	NA	NA	NA	NA	NA	NA	NA	NA
230	3	3	exact_null_point_mass	exact_null_point_mass	point_mass	0	none	no_benefit	0	0	NA	0	0	1000	360	600	1000	1000	360	752	0.64	0.248	5.53693541067905	24	24	0	2	1	10	4	1	5000	2500	1	0.99	14	10000	101229	0.551	0.4465	0.387555669449567	-5.15282114070798	0.409702879357443	5.97923980857157	11.1320609492795	-0.0784959226809124	-1.18828510635361	-0.0741879208229816	1.01017320548831	2.19845831184192	0.547515626655366	0.752093853338476	-10.991676184789	0.61174304894061	12.3842611583699	23.3759373431589	0.0561	0.4318	-0.0768838841235354	-1.88102005219144	-0.167530239195104	2.12249205032131	4.00351210251275	0	NA	NA	NA	NA	NA	NA	1	0.387555669449567	0.150199396922502	1	-0.0784959226809124	0.00616160987752778	1	0.752093853338476	0.565645164229517	1	-0.0768838841235354	0.00591113163792122	1.00214750129107	4608.49273422126	0	1.00239474952247	9347.84782564283	0	NA	NA	NA	NA	NA	NA	NA	NA
270	3	3	exact_null_point_mass	exact_null_point_mass	point_mass	0	none	no_benefit	0	0	NA	0	0	1000	360	600	1000	1000	360	755	0.64	0.245	5.80156704097498	24	24	0	2	1	10	4	1	5000	2500	1	0.99	14	10000	101269	0.5497	0.8243	0.349004407327992	-5.16929696059198	0.360206448528174	5.86965255877761	11.0389495193696	0.504394431252191	-0.564145744647087	0.504151477103271	1.56106699382402	2.12521273847111	0.534064296359378	0.38819236833303	-11.5707355924557	0.443888115409099	11.9778974867773	23.548633079233	0.0606	0.7905	0.726785013350813	-1.02653323709755	0.682919018144877	2.63258481276685	3.6591180498644	0	NA	NA	NA	NA	NA	NA	1	0.349004407327992	0.121804076334363	1	0.504394431252191	0.254413742278221	1	0.38819236833303	0.150693314832007	1	0.726785013350813	0.528216455631342	1.00257573105639	4212.35790732111	0	1.00193390633686	11250.683230226	0	NA	NA	NA	NA	NA	NA	NA	NA
209	3	3	exact_null_point_mass	exact_null_point_mass	point_mass	0	none	no_benefit	0	0	NA	0	0	1000	360	600	1000	1000	360	752	0.64	0.248	6.54244914946128	24	24	0	2	1	10	4	1	5000	2500	1	0.99	14	10000	101208	0.6141	0.9779	0.752192339430499	-4.56061510437266	0.787275261621005	5.96242793604693	10.5230430404196	1.10491486705079	0.0279133471896126	1.10482519489867	2.15908772398993	2.13117437680032	0.561590688651794	0.935201229092994	-10.2690679558835	0.842832502465365	12.1621371704397	22.4312051263232	0.0721	0.8903	1.34381260703607	-0.696015812280537	1.28794391379388	3.51490359070378	4.21091940298432	0	NA	NA	NA	NA	NA	NA	1	0.752192339430499	0.565793315497927	0	1.10491486705079	1.22083686342986	1	0.935201229092994	0.874601338897047	1	1.34381260703607	1.80583232282907	1.00174638359063	4301.0011199992	0	1.00162023011358	10212.779721069	0	NA	NA	NA	NA	NA	NA	NA	NA
273	3	3	exact_null_point_mass	exact_null_point_mass	point_mass	0	none	no_benefit	0	0	NA	0	0	1000	360	600	1000	1000	360	754	0.64	0.246	5.90500470535875	24	24	0	2	1	10	4	1	5000	2500	1	0.99	14	10000	101272	0.403	0.0686	-0.668696332672148	-6.23856780429501	-0.718318783721003	4.92932295217142	11.1678907564664	-0.81327986609393	-1.87384537185784	-0.818308434257822	0.24734938853911	2.12119476039695	0.442925787506674	-0.870817245695356	-12.9113390552915	-0.787463845946304	11.0173797643905	23.928718819682	0.0635	0.0673	-1.62407782733006	-3.62048338370814	-1.6795324854704	0.423406299703956	4.0438896834121	0	NA	NA	NA	NA	NA	NA	1	-0.668696332672148	0.44715478532918	1	-0.81327986609393	0.66142414059376	1	-0.870817245695356	0.758322675400446	1	-1.62407782733006	2.63762878922512	1.00197571624777	4032.81432932902	0	1.00216256535517	11679.8845457669	0	NA	NA	NA	NA	NA	NA	NA	NA
97	3	3	exact_null_point_mass	exact_null_point_mass	point_mass	0	none	no_benefit	0	0	NA	0	0	1000	360	600	1000	1000	360	740	0.64	0.26	7.05026521544867	24	24	0	2	1	10	4	1	5000	2500	1	0.99	14	10000	101096	0.4128	0.4023	-0.570351024697944	-5.18532196602226	-0.539821772088248	3.97039717791665	9.15571914393891	-0.138129450757606	-1.21922472166089	-0.140217210260528	0.926219944527035	2.14544466618792	0.344059405940594	-1.58776537591077	-11.7993948486656	-1.37722981448908	8.897530368009	20.6969252166746	0.0304	0.6024	0.21945313133112	-1.84170540698254	0.260175698651507	2.04045033392863	3.88215574091117	0	NA	NA	NA	NA	NA	NA	1	-0.570351024697944	0.325300291373995	1	-0.138129450757606	0.0190797451665978	1	-1.58776537591077	2.52099888894106	1	0.21945313133112	0.0481596768510338	1.0012782289212	4064.88378708677	0	1.0021461145185	10911.0462411562	0	NA	NA	NA	NA	NA	NA	NA	NA
446	3	3	exact_null_point_mass	exact_null_point_mass	point_mass	0	none	no_benefit	0	0	NA	0	0	1000	360	600	1000	1000	360	752	0.64	0.248	6.47563894807381	24	24	0	2	1	10	4	1	5000	2500	1	0.99	14	10000	101445	0.4313	0.0479	-0.443215068514352	-5.54131724265401	-0.458663603197372	4.7579906991917	10.2993079418457	-0.877915429904386	-1.91005888427105	-0.885112298766277	0.168515242030681	2.07857412630173	0.444575219345174	-0.751522356704864	-11.7336801881911	-0.659142709497875	10.5758477155959	22.309527903787	0.0654	0.0385	-1.61558620264107	-3.3345929726801	-1.61054718261842	0.196165120730283	3.53075809341038	0	NA	NA	NA	NA	NA	NA	1	-0.443215068514352	0.196439596958182	1	-0.877915429904386	0.770735502064202	1	-0.751522356704864	0.564785852627233	1	-1.61558620264107	2.61011877816419	1.00170564632191	4353.99608944934	0	1.00216391902502	13403.3938269623	0	NA	NA	NA	NA	NA	NA	NA	NA
311	3	3	exact_null_point_mass	exact_null_point_mass	point_mass	0	none	no_benefit	0	0	NA	0	0	1000	360	600	1000	1000	360	725	0.64	0.275	6.6348139178297	24	24	0	2	1	10	4	1	5000	2500	1	0.99	14	10000	101310	0.4607	0.5384	-0.257195657448255	-5.50195928471451	-0.290530690761461	5.0614393117413	10.5633985964558	0.0518043779275449	-1.03272296379295	0.0552240442795977	1.14082155354725	2.17354451734021	0.480937466249055	-0.255260138370783	-11.6841476087051	-0.241277685968508	11.2173637047805	22.9015113134856	0.0741	0.4897	-0.0286663043605782	-1.80314535367861	-0.0250087935013488	1.74130548418125	3.54445083785986	0	NA	NA	NA	NA	NA	NA	1	-0.257195657448255	0.0661496062102399	1	0.0518043779275449	0.0026836935724599	1	-0.255260138370783	0.0651577382410712	1	-0.0286663043605782	0.000821757005693303	1.00158941647519	4618.42916713243	0	1.00197464728982	9019.68165338006	0	NA	NA	NA	NA	NA	NA	NA	NA
379	3	3	exact_null_point_mass	exact_null_point_mass	point_mass	0	none	no_benefit	0	0	NA	0	0	1000	360	600	1000	1000	360	751	0.64	0.249	6.05018072144219	24	24	0	2	1	10	4	1	5000	2500	1	0.99	14	10000	101378	0.5135	0.13	0.076380570088976	-5.03473941782569	0.113178734814612	5.11626744526117	10.1510068630869	-0.622298491127492	-1.68194132297099	-0.624281352913972	0.467817907782456	2.14975923075345	0.545911949685535	0.550217882016286	-10.7403080704617	0.499861737429451	11.6935343135508	22.4338423840125	0.046	0.321	-0.560535741961928	-2.74366739168162	-0.52605124944192	1.49848499976835	4.24215239144997	0	NA	NA	NA	NA	NA	NA	1	0.076380570088976	0.00583399148711698	1	-0.622298491127492	0.387255412059553	1	0.550217882016286	0.302739717690488	1	-0.560535741961928	0.314200318016809	1.00158607317155	4526.09088948565	0	1.00163125501943	9810.64383596987	0	NA	NA	NA	NA	NA	NA	NA	NA
378	3	3	exact_null_point_mass	exact_null_point_mass	point_mass	0	none	no_benefit	0	0	NA	0	0	1000	360	600	1000	1000	360	771	0.64	0.229	5.87842579748397	24	24	0	2	1	10	4	1	5000	2500	1	0.99	14	10000	101377	0.6487	0.948	1.1130962585106	-4.53987590410423	1.14184348052141	6.6941498666687	11.2340257707729	0.864778042236556	-0.171020006115081	0.872594714122872	1.90535164976829	2.07637165588337	0.580572531360566	1.17690418514714	-10.7193008967206	1.14487506771417	12.748047267896	23.4673481646167	0.0673	0.6984	0.46338643956351	-1.4188569304748	0.472605472831449	2.30317074821295	3.72202767868775	0	NA	NA	NA	NA	NA	NA	1	1.1130962585106	1.23898328071031	1	0.864778042236556	0.74784106233449	1	1.17690418514714	1.38510346101686	1	0.46338643956351	0.214726992371347	1.00117222639896	4562.35564920341	0	1.0014544879764	11290.2001327743	0	NA	NA	NA	NA	NA	NA	NA	NA
377	3	3	exact_null_point_mass	exact_null_point_mass	point_mass	0	none	no_benefit	0	0	NA	0	0	1000	360	600	1000	1000	360	728	0.64	0.272	6.87119990528051	24	24	0	2	1	10	4	1	5000	2500	1	0.99	14	10000	101376	0.5988	0.9686	0.66122912309196	-4.78238376735305	0.691693618281732	5.95165536888973	10.7340391362428	1.03923073101233	-0.0492079600017064	1.04265305158512	2.11234119326724	2.16154915326895	0.565377932232841	0.861800189015933	-10.7117296087509	0.864753572901567	12.1043549980543	22.8160846068052	0.0792	0.8928	1.16786559567208	-0.717631859612624	1.1625393913585	2.98312612052589	3.70075798013852	0	NA	NA	NA	NA	NA	NA	1	0.66122912309196	0.437223953224962	1	1.03923073101233	1.08000051228041	1	0.861800189015933	0.742699565787898	1	1.16786559567208	1.3639100495545	1.00136408257151	4436.25183498194	0	1.00160467592398	13402.2547637795	0	NA	NA	NA	NA	NA	NA	NA	NA
126	3	3	exact_null_point_mass	exact_null_point_mass	point_mass	0	none	no_benefit	0	0	NA	0	0	1000	360	600	1000	1000	360	739	0.64	0.261	6.87885802438874	24	24	0	2	1	10	4	1	5000	2500	1	0.99	14	10000	101125	0.5607	0.5618	0.40644657153265	-4.84805488917993	0.400140551230075	5.68954136276428	10.5375962519442	0.0880387805020204	-0.931854758128068	0.0829557626883748	1.16142429350486	2.09327905163293	0.537839020122485	0.518592163483079	-10.8149433048303	0.504673595038655	11.7875640629099	22.6025073677401	0.0856	0.7748	0.789268981631222	-1.38426543071333	0.798677212607776	2.83092043020081	4.21518586091413	0	NA	NA	NA	NA	NA	NA	1	0.40644657153265	0.165198815510645	1	0.0880387805020204	0.00775082687228292	1	0.518592163483079	0.268937832026061	1	0.789268981631222	0.622945525365186	1.00156114774098	4344.49580805097	0	1.00126164208715	13785.3564886684	0	NA	NA	NA	NA	NA	NA	NA	NA
233	3	3	exact_null_point_mass	exact_null_point_mass	point_mass	0	none	no_benefit	0	0	NA	0	0	1000	360	600	1000	1000	360	746	0.64	0.254	5.73177319494375	24	24	0	2	1	10	4	1	5000	2500	1	0.99	14	10000	101232	0.5407	0.5266	0.27607434894048	-5.29479379698475	0.304602557890141	5.73651231418731	11.0313061111721	0.0424886161465918	-1.04659168906205	0.0387217176651076	1.14895470332321	2.19554639238526	0.529943623018828	0.396649285915375	-11.3553783730119	0.370532829327333	12.0959153187277	23.4512936917396	0.0599	0.5264	0.117724845995091	-2.45319636676463	0.0843636743546181	2.77273698501918	5.22593335178381	0	NA	NA	NA	NA	NA	NA	1	0.27607434894048	0.0762170461429101	1	0.0424886161465918	0.00180528250205243	1	0.396649285915375	0.157330656017177	1	0.117724845995091	0.0138591393645679	1.00199423816572	4111.29554612713	0	1.00190908067395	11211.5992899764	0	NA	NA	NA	NA	NA	NA	NA	NA
135	3	3	exact_null_point_mass	exact_null_point_mass	point_mass	0	none	no_benefit	0	0	NA	0	0	1000	360	600	1000	1000	360	765	0.64	0.235	6.62539799624484	24	24	0	2	1	10	4	1	5000	2500	1	0.99	14	10000	101134	0.4852	0.4272	-0.0929224566474389	-5.36568920237314	-0.0926296430471405	5.18131160548439	10.5470008078575	-0.101594361267161	-1.17786577320544	-0.0990781324270351	0.958871200807927	2.13673697401336	0.491634491634492	-0.0948959485998915	-11.1870062362435	-0.0999722264467735	11.1624433499095	22.349449586153	0.0676	0.3179	-0.394458346161434	-2.13972941860724	-0.404309571091132	1.38132050870093	3.52104992730817	0	NA	NA	NA	NA	NA	NA	1	-0.0929224566474389	0.00863458294939516	1	-0.101594361267161	0.0103214142412824	1	-0.0948959485998915	0.00900524106067325	1	-0.394458346161434	0.155597386856414	1.00180702239911	4395.19286955383	0	1.00186105471474	10804.8763886852	0	NA	NA	NA	NA	NA	NA	NA	NA
241	3	3	exact_null_point_mass	exact_null_point_mass	point_mass	0	none	no_benefit	0	0	NA	0	0	1000	360	600	1000	1000	360	747	0.64	0.253	5.71677598334078	24	24	0	2	1	10	4	1	5000	2500	1	0.99	14	10000	101240	0.4839	0.4362	-0.139042619093475	-5.65647718600524	-0.128056697101622	5.36047913272446	11.0169563187297	-0.0874370855077886	-1.19423843756102	-0.0854356893019368	0.994944904421875	2.18918334198289	0.4887074541406	-0.191534184706399	-12.0072155460507	-0.150120995126551	11.3927384007475	23.3999539467982	0.0569	0.5596	0.104698541512353	-1.85632483465656	0.128789362044754	2.04129875642516	3.89762359108172	0	NA	NA	NA	NA	NA	NA	1	-0.139042619093475	0.0193328499243731	1	-0.0874370855077886	0.00764524392209634	1	-0.191534184706399	0.036685343911145	1	0.104698541512353	0.0109617845948139	1.00141378861034	4098.66134449768	0	1.00232203749805	11015.5407913341	0	NA	NA	NA	NA	NA	NA	NA	NA
257	3	3	exact_null_point_mass	exact_null_point_mass	point_mass	0	none	no_benefit	0	0	NA	0	0	1000	360	600	1000	1000	360	756	0.64	0.244	6.13856404509422	24	24	0	2	1	10	4	1	5000	2500	1	0.99	14	10000	101256	0.4892	0.6326	-0.0756926005372923	-5.06578030995999	-0.068395912445804	4.98475386337999	10.05053417334	0.187157989697692	-0.872060100272248	0.187424408440137	1.23226767625039	2.10432777652264	0.478297425118234	-0.326823804963882	-11.4056604924984	-0.258791425703135	10.7930186512444	22.1986791437427	0.0485	0.8441	0.908616221418594	-1.00956631443812	0.956806938993715	2.51101747903398	3.5205837934721	0	NA	NA	NA	NA	NA	NA	1	-0.0756926005372923	0.0057293697760981	1	0.187157989697692	0.0350281131076813	1	-0.326823804963882	0.106813799491069	1	0.908616221418594	0.825583437825003	1.00174661844613	4166.73801178458	0	1.00162822310778	11451.4545816054	0	NA	NA	NA	NA	NA	NA	NA	NA
136	3	3	exact_null_point_mass	exact_null_point_mass	point_mass	0	none	no_benefit	0	0	NA	0	0	1000	360	600	1000	1000	360	748	0.64	0.252	6.55318300171414	24	24	0	2	1	10	4	1	5000	2500	1	0.99	14	10000	101135	0.5789	0.7202	0.483715929981941	-4.91819884064846	0.513133316693103	5.73154294809367	10.6497417887421	0.321771530771782	-0.734052494606782	0.325790666282921	1.39578116626391	2.1298336608707	0.545806451612903	0.585953317389408	-10.8410068949858	0.630160246630743	11.8471388616576	22.6881457566434	0.07	0.7224	0.698121630072565	-1.66494848253347	0.750999854987459	2.86816184352158	4.53311032605505	0	NA	NA	NA	NA	NA	NA	1	0.483715929981941	0.233981100918294	1	0.321771530771782	0.103536918015216	1	0.585953317389408	0.343341290159653	1	0.698121630072565	0.487373810375175	1.00172878736777	4111.26647680305	0	1.00178728818925	11428.9272900118	0	NA	NA	NA	NA	NA	NA	NA	NA
310	3	3	exact_null_point_mass	exact_null_point_mass	point_mass	0	none	no_benefit	0	0	NA	0	0	1000	360	600	1000	1000	360	764	0.64	0.236	6.71391258729226	24	24	0	2	1	10	4	1	5000	2500	1	0.99	14	10000	101309	0.4822	0.6128	-0.126053344119121	-5.3836607632901	-0.125790169480756	5.10786814199859	10.4915289052887	0.155724851190554	-0.863498054977008	0.154959199109362	1.17766531479986	2.04116336977687	0.493352070046481	-0.0536433089039211	-11.5410610679205	-0.0885241873248095	11.5697227450824	23.1107838130029	0.0749	0.5132	0.0369029794083019	-1.86428694660582	0.0354758313758312	1.93976831704465	3.80405526365048	0	NA	NA	NA	NA	NA	NA	1	-0.126053344119121	0.0158894455636136	1	0.155724851190554	0.0242502292783201	1	-0.0536433089039211	0.0028776045901615	1	0.0369029794083019	0.00136182988920955	1.00140994244623	4291.01015614437	0	1.00247876958904	12245.0382716262	0	NA	NA	NA	NA	NA	NA	NA	NA
265	3	3	exact_null_point_mass	exact_null_point_mass	point_mass	0	none	no_benefit	0	0	NA	0	0	1000	360	600	1000	1000	360	744	0.64	0.256	6.49052400536708	24	24	0	2	1	10	4	1	5000	2500	1	0.99	14	10000	101264	0.5521	0.5282	0.342043196604831	-4.91408550898816	0.350736325404347	5.3739948614019	10.2880803703901	0.03573588526436	-1.01624603660516	0.0370550167211325	1.07179463234065	2.08804066894582	0.538379870474573	0.497858574334418	-10.6085841542964	0.414588089844012	11.7202471451739	22.3288312994703	0.0581	0.5545	0.136680709476465	-1.54495936738277	0.12819542650383	2.01144973903121	3.55640910641397	0	NA	NA	NA	NA	NA	NA	1	0.342043196604831	0.116993548343651	1	0.03573588526436	0.0012770534956275	1	0.497858574334418	0.247863160038299	1	0.136680709476465	0.0186816163429897	1.00139982140888	4569.85438279415	0	1.00198175752844	14249.8907815476	0	NA	NA	NA	NA	NA	NA	NA	NA
312	3	3	exact_null_point_mass	exact_null_point_mass	point_mass	0	none	no_benefit	0	0	NA	0	0	1000	360	600	1000	1000	360	772	0.64	0.228	6.2084030801885	24	24	0	2	1	10	4	1	5000	2500	1	0.99	14	10000	101311	0.4801	0.4348	-0.164064929991331	-5.17440945292585	-0.12668291060709	4.83741213308958	10.0118215860154	-0.0862217150846705	-1.09409966897136	-0.0862774732528182	0.948134119953994	2.04223378892536	0.49385593220339	-0.113865116379545	-11.0601833772816	-0.0623772106811584	10.9439136059979	22.0040969832795	0.056	0.3873	-0.193115408452475	-1.60069353074424	-0.190165524560425	1.20671677195512	2.80741030269935	0	NA	NA	NA	NA	NA	NA	1	-0.164064929991331	0.0269173012530605	1	-0.0862217150846705	0.00743418415214209	1	-0.113865116379545	0.0129652647281273	1	-0.193115408452475	0.0372935609817664	1.00126512226929	4570.16986703091	0	1.00238896133244	10384.0447089154	0	NA	NA	NA	NA	NA	NA	NA	NA
426	3	3	exact_null_point_mass	exact_null_point_mass	point_mass	0	none	no_benefit	0	0	NA	0	0	1000	360	600	1000	1000	360	770	0.64	0.23	5.39699356205684	24	24	0	2	1	10	4	1	5000	2500	1	0.99	14	10000	101425	0.5188	0.5483	0.146258708409332	-5.33978195589625	0.120889134736441	5.58567175696793	10.9254537128642	0.0600512988800698	-1.02256810552343	0.0679422448510554	1.13235100145328	2.15491910697671	0.512443557702405	0.237250663932956	-11.3296186270357	0.128807258400357	11.9007737280098	23.2303923550456	0.0477	0.5677	0.208864643691053	-1.53244497396288	0.174729691653324	2.11276486949509	3.64520984345797	0	NA	NA	NA	NA	NA	NA	1	0.146258708409332	0.021391609785566	1	0.0600512988800698	0.00360615849718348	1	0.237250663932956	0.0562878775366286	1	0.208864643691053	0.0436244393841904	1.00267971675739	4714.77048022655	0	1.00140752124176	12787.8185616057	0	NA	NA	NA	NA	NA	NA	NA	NA
374	3	3	exact_null_point_mass	exact_null_point_mass	point_mass	0	none	no_benefit	0	0	NA	0	0	1000	360	600	1000	1000	360	758	0.64	0.242	5.91986328311205	24	24	0	2	1	10	4	1	5000	2500	1	0.99	14	10000	101373	0.5034	0.3535	-0.00530226611789182	-5.53395764562975	0.0260960932231615	5.48819504823447	11.0221526938642	-0.207682827980909	-1.28999553059143	-0.212889016476919	0.873601003167029	2.16359653375846	0.503158120115619	0.0101681312907876	-11.950721333197	0.0372422337743039	11.6508245495091	23.6015458827061	0.0659	0.5002	-0.0117350043727707	-1.77798677106609	0.000186585492301106	1.7209594632374	3.49894623430349	0	NA	NA	NA	NA	NA	NA	1	-0.00530226611789182	2.81140259849436e-05	1	-0.207682827980909	0.043132157038148	1	0.0101681312907876	0.000103390893946693	1	-0.0117350043727707	0.000137710327628946	1.00155260970295	4188.8518940178	0	1.00158469605735	11355.1485018414	0	NA	NA	NA	NA	NA	NA	NA	NA
393	3	3	exact_null_point_mass	exact_null_point_mass	point_mass	0	none	no_benefit	0	0	NA	0	0	1000	360	600	1000	1000	360	757	0.64	0.243	5.8940381800845	24	24	0	2	1	10	4	1	5000	2500	1	0.99	14	10000	101392	0.5186	0.7239	0.103342954664769	-5.50979289652138	0.139973610481244	5.74043979451363	11.250232691035	0.328468996788607	-0.737949777139917	0.323915459832953	1.38674447115221	2.12469424829213	0.513331911262799	0.179159010478698	-11.6760234518614	0.148965183325688	11.9272122500562	23.6032357019176	0.0624	0.7559	0.7179530290418	-1.27907410660169	0.725970701846744	2.70664969202313	3.98572379862482	0	NA	NA	NA	NA	NA	NA	1	0.103342954664769	0.0106797662788446	1	0.328468996788607	0.107891881851314	1	0.179159010478698	0.0320979510357062	1	0.7179530290418	0.515456551910296	1.0014419088928	4470.8660253985	0	1.00173049522883	12538.1510899293	0	NA	NA	NA	NA	NA	NA	NA	NA
314	3	3	exact_null_point_mass	exact_null_point_mass	point_mass	0	none	no_benefit	0	0	NA	0	0	1000	360	600	1000	1000	360	750	0.64	0.25	6.70009043551884	24	24	0	2	1	10	4	1	5000	2500	1	0.99	14	10000	101313	0.5953	0.9666	0.651374221856543	-4.4816863854751	0.642235813664972	5.74055678127565	10.2222431667508	1.00162025817985	-0.0522466512112124	1.00073292965747	2.06894792404434	2.12119457525556	0.56376127093173	0.870390784975658	-10.4369352677419	0.777118816752248	11.9486602461524	22.3855955138943	0.0684	0.9731	2.56174589887889	-0.0485244191387372	2.51843106936728	5.17323264183585	5.22175706097459	0	NA	NA	NA	NA	NA	NA	1	0.651374221856543	0.424288376899217	1	1.00162025817985	1.00324314159627	1	0.870390784975658	0.757580118570542	1	2.56174589887889	6.56254205042282	1.00242832006439	3707.45905751843	0	1.00187635585178	12841.6314639988	0	NA	NA	NA	NA	NA	NA	NA	NA
309	3	3	exact_null_point_mass	exact_null_point_mass	point_mass	0	none	no_benefit	0	0	NA	0	0	1000	360	600	1000	1000	360	736	0.64	0.264	5.78622175500941	24	24	0	2	1	10	4	1	5000	2500	1	0.99	14	10000	101308	0.5469	0.9616	0.346470990467901	-5.2654576809248	0.340886336593393	6.06098388756308	11.3264415684879	0.994413284684799	-0.102838864284205	0.996639900396499	2.08653260722146	2.18937147150567	0.53125	0.429047428062195	-11.4438017372996	0.436349721309224	12.1151667719718	23.5589685092715	0.056	0.9568	1.95468217738798	-0.27393678746215	1.9899808272647	3.94053041032477	4.21446719778692	0	NA	NA	NA	NA	NA	NA	1	0.346470990467901	0.120042147235808	1	0.994413284684799	0.98885778075761	1	0.429047428062195	0.184081695526784	1	1.95468217738798	3.82078241459821	1.001926694254	4399.48016568492	0	1.00152708050272	14095.0095947505	0	NA	NA	NA	NA	NA	NA	NA	NA
77	3	3	exact_null_point_mass	exact_null_point_mass	point_mass	0	none	no_benefit	0	0	NA	0	0	1000	360	600	1000	1000	360	764	0.64	0.236	5.89712094216668	24	24	0	2	1	10	4	1	5000	2500	1	0.99	14	10000	101076	0.3734	0.1017	-0.906487983574209	-6.49765086239049	-0.936795678850905	4.66505482815877	11.1627056905493	-0.698340098115518	-1.75808038983841	-0.700890519300295	0.384439858433042	2.14252024827145	0.413263674165689	-1.24401872643996	-12.8873967238139	-1.20326160807224	10.5589970024101	23.446393726224	0.0621	0.1812	-0.888956414805693	-2.88745800448706	-0.877865164210017	1.10385486603646	3.99131287052351	0	NA	NA	NA	NA	NA	NA	1	-0.906487983574209	0.821720464364435	1	-0.698340098115518	0.487678892635991	1	-1.24401872643996	1.54758259173329	1	-0.888956414805693	0.79024350742419	1.00143505807783	3984.59429472094	0	1.00101729932445	11367.6559473606	0	NA	NA	NA	NA	NA	NA	NA	NA
329	3	3	exact_null_point_mass	exact_null_point_mass	point_mass	0	none	no_benefit	0	0	NA	0	0	1000	360	600	1000	1000	360	732	0.64	0.268	6.55721831410882	24	24	0	2	1	10	4	1	5000	2500	1	0.99	14	10000	101328	0.5293	0.7214	0.221147998508561	-4.99680653346418	0.214629995064889	5.43666299584164	10.4334695293058	0.31165230650057	-0.749969074346568	0.31331587386745	1.35891309249216	2.10888216683873	0.510785988893635	0.220231452580571	-10.9867960859585	0.144898384244637	11.3713369910596	22.3581330770181	0.0636	0.7075	0.479578300858293	-1.19210332005195	0.470049198434348	2.14554598538813	3.33764930544008	0	NA	NA	NA	NA	NA	NA	1	0.221147998508561	0.0489064372443426	1	0.31165230650057	0.0971271601471255	1	0.220231452580571	0.0485018927057483	1	0.479578300858293	0.229995346654127	1.00182547584065	4542.77627188978	0	1.0016748558613	11043.3157156464	0	NA	NA	NA	NA	NA	NA	NA	NA
396	3	3	exact_null_point_mass	exact_null_point_mass	point_mass	0	none	no_benefit	0	0	NA	0	0	1000	360	600	1000	1000	360	734	0.64	0.266	5.86377387785669	24	24	0	2	1	10	4	1	5000	2500	1	0.99	14	10000	101395	0.5053	0.7206	0.0495222038472668	-5.56401009023113	0.0447260903817606	5.63906528519906	11.2030753754302	0.309776174058846	-0.775203544351703	0.309431379618711	1.40038423059555	2.17558777494726	0.503988088907795	0.0525509021041729	-11.7206037494371	0.0571385503812518	11.86582150443	23.5864252538671	0.0597	0.6676	0.382228257762222	-1.51607660888649	0.392514797874727	2.32332517306047	3.83940178194696	0	NA	NA	NA	NA	NA	NA	1	0.0495222038472668	0.00245244867389025	1	0.309776174058846	0.0959612780145364	1	0.0525509021041729	0.00276159731196237	1	0.382228257762222	0.146098441031944	1.00183235985345	4466.55803489144	0	1.001707733511	6024.86939781804	0	NA	NA	NA	NA	NA	NA	NA	NA
347	3	3	exact_null_point_mass	exact_null_point_mass	point_mass	0	none	no_benefit	0	0	NA	0	0	1000	360	600	1000	1000	360	746	0.64	0.254	6.57456352918779	24	24	0	2	1	10	4	1	5000	2500	1	0.99	14	10000	101346	0.4874	0.4067	-0.0877154830494341	-5.22023980837639	-0.0842038160841794	5.10738747753548	10.3276272859119	-0.130616582961977	-1.19904891668095	-0.133884458613997	0.93156310567955	2.1306120223605	0.478023156089194	-0.244100979566589	-11.1727729146074	-0.284663398653232	10.9664586785607	22.1392315931681	0.0672	0.4313	-0.298436775717394	-2.69185360754848	-0.232697046483316	1.74759445327192	4.4394480608204	0	NA	NA	NA	NA	NA	NA	1	-0.0877154830494341	0.00769400596659556	1	-0.130616582961977	0.0170606917446629	1	-0.244100979566589	0.0595852882253683	1	-0.298436775717394	0.0890645091005941	1.00185882205472	3917.58570185296	0	1.00214671529353	10467.6860964964	0	NA	NA	NA	NA	NA	NA	NA	NA
294	3	3	exact_null_point_mass	exact_null_point_mass	point_mass	0	none	no_benefit	0	0	NA	0	0	1000	360	600	1000	1000	360	755	0.64	0.245	6.27910008463397	24	24	0	2	1	10	4	1	5000	2500	1	0.99	14	10000	101293	0.5381	0.4956	0.237703514181022	-4.86634355892849	0.261524286310611	5.35070736365119	10.2170509225797	-0.00461415637296495	-1.07896293057395	-0.00609684233124241	1.05855096210791	2.13751389268186	0.5528146742568	0.687502355217303	-10.1142507780728	0.656209478725122	11.7280497158502	21.842300493923	0.0514	0.4391	-0.12126861723122	-1.99371059110696	-0.165448079378103	1.75933601746497	3.75304660857193	0	NA	NA	NA	NA	NA	NA	1	0.237703514181022	0.0565029606540073	1	-0.00461415637296495	2.1290439034173e-05	1	0.687502355217303	0.472659488429339	1	-0.12126861723122	0.0147060775251723	1.0021409568335	4373.50059710947	0	1.00147660495326	13449.9477358217	0	NA	NA	NA	NA	NA	NA	NA	NA
266	3	3	exact_null_point_mass	exact_null_point_mass	point_mass	0	none	no_benefit	0	0	NA	0	0	1000	360	600	1000	1000	360	733	0.64	0.267	5.93237204405662	24	24	0	2	1	10	4	1	5000	2500	1	0.99	14	10000	101265	0.5087	0.417	0.0549987367660788	-5.5398036190151	0.0629013489138108	5.70491020219049	11.2447138212056	-0.116582641240659	-1.20072877396176	-0.11776232661848	0.950450771939497	2.15117954590125	0.500798977309044	0.0508520882890107	-12.0171444625889	0.00775686742059811	11.9384902719102	23.9556347344991	0.0613	0.5202	0.0384122154056963	-2.54872660499868	0.0790340353178607	2.45705122637494	5.00577783137362	0	NA	NA	NA	NA	NA	NA	1	0.0549987367660788	0.00302486104586443	1	-0.116582641240659	0.0135915122386481	1	0.0508520882890107	0.00258593488335334	1	0.0384122154056963	0.00147549829237361	1.0012284304101	4514.59751207461	0	1.00161525175298	11027.091044157	0	NA	NA	NA	NA	NA	NA	NA	NA
414	3	3	exact_null_point_mass	exact_null_point_mass	point_mass	0	none	no_benefit	0	0	NA	0	0	1000	360	600	1000	1000	360	736	0.64	0.264	6.60870790022393	24	24	0	2	1	10	4	1	5000	2500	1	0.99	14	10000	101413	0.4715	0.4011	-0.176882654942275	-5.46817717260083	-0.180370197901804	5.16048195552711	10.6286591281279	-0.137178316731865	-1.18836413180996	-0.136644705974534	0.923331591411529	2.11169572322149	0.472845841351294	-0.325202748577704	-11.4608147545617	-0.33240435928397	11.114022066875	22.5748368214367	0.0646	0.3488	-0.444277989287591	-2.71216549110668	-0.387858393097697	1.59589599998084	4.30806149108752	0	NA	NA	NA	NA	NA	NA	1	-0.176882654942275	0.0312874736194281	1	-0.137178316731865	0.0188178905813879	1	-0.325202748577704	0.105756827682493	1	-0.444277989287591	0.197382931765425	1.00140790401476	4690.13597562411	0	1.00214048635613	12146.6646906764	0	NA	NA	NA	NA	NA	NA	NA	NA
394	3	3	exact_null_point_mass	exact_null_point_mass	point_mass	0	none	no_benefit	0	0	NA	0	0	1000	360	600	1000	1000	360	770	0.64	0.23	6.31102566065327	24	24	0	2	1	10	4	1	5000	2500	1	0.99	14	10000	101393	0.5173	0.6892	0.127187261463561	-5.09585935665763	0.114703436810541	5.26320739204358	10.3590667487012	0.269399133705524	-0.760296852936272	0.27018460571556	1.30478826280228	2.06508511573856	0.493837654058649	-0.0501360211580299	-11.1162026114125	-0.05275258220549	11.1608310734073	22.2770336848198	0.0588	0.864	0.973554207889663	-0.915933576587105	0.991153160055925	2.76014088659948	3.67607446318659	0	NA	NA	NA	NA	NA	NA	1	0.127187261463561	0.0161765994786003	1	0.269399133705524	0.0725758932412869	1	-0.0501360211580299	0.00251362061755842	1	0.973554207889663	0.947807795699668	1.00129027711947	4545.24701739918	0	1.00128868214931	13050.4651192169	0	NA	NA	NA	NA	NA	NA	NA	NA
173	3	3	exact_null_point_mass	exact_null_point_mass	point_mass	0	none	no_benefit	0	0	NA	0	0	1000	360	600	1000	1000	360	763	0.64	0.237	5.81455218395506	24	24	0	2	1	10	4	1	5000	2500	1	0.99	14	10000	101172	0.4483	0.1989	-0.345453718947266	-5.95703168918405	-0.375882570357208	5.29919982524694	11.256231514431	-0.467406386916616	-1.54034722319095	-0.473439607295172	0.624663820576328	2.16501104376728	0.463636363636364	-0.488397962692361	-12.3200601777815	-0.480308908669597	11.5202603130087	23.8403204907902	0.065	0.2345	-0.69590941860895	-2.57121008566665	-0.703969467197847	1.22941472119455	3.80062480686121	0	NA	NA	NA	NA	NA	NA	1	-0.345453718947266	0.119338271934496	1	-0.467406386916616	0.218468730530445	1	-0.488397962692361	0.238532569962049	1	-0.69590941860895	0.484289918908647	1.00171141406838	4564.96868020069	0	1.00340838915236	14643.7402491766	0	NA	NA	NA	NA	NA	NA	NA	NA
424	3	3	exact_null_point_mass	exact_null_point_mass	point_mass	0	none	no_benefit	0	0	NA	0	0	1000	360	600	1000	1000	360	768	0.64	0.232	6.40859093534591	24	24	0	2	1	10	4	1	5000	2500	1	0.99	14	10000	101423	0.5423	0.2408	0.260526875410513	-4.99168960225247	0.265267517308859	5.37823571236681	10.3699253146193	-0.379664252456865	-1.41675353073882	-0.37444491779118	0.660853305238773	2.0776068359776	0.53034160831742	0.401547887406693	-10.6066604159362	0.3900235091383	11.5392459793268	22.1459063952631	0.0574	0.134	-0.955829591700204	-2.65449917736649	-0.980299065340563	0.9411115031492	3.59561068051569	0	NA	NA	NA	NA	NA	NA	1	0.260526875410513	0.067874252811165	1	-0.379664252456865	0.14414494459363	1	0.401547887406693	0.161240705880778	1	-0.955829591700204	0.913610208369779	1.00143399279761	4072.22550992886	0	1.00169793173468	14672.2287777476	0	NA	NA	NA	NA	NA	NA	NA	NA
263	3	3	exact_null_point_mass	exact_null_point_mass	point_mass	0	none	no_benefit	0	0	NA	0	0	1000	360	600	1000	1000	360	747	0.64	0.253	5.87875597644612	24	24	0	2	1	10	4	1	5000	2500	1	0.99	14	10000	101262	0.5494	0.7603	0.342770077637898	-5.33020912430995	0.380608267872004	5.98908987367122	11.3192989979812	0.390792325715769	-0.662425833785644	0.386473254171718	1.45328390198207	2.11570973576772	0.526545842217484	0.432862297681961	-11.5122875515046	0.353336446420595	12.0654885381849	23.5777760896895	0.062	0.7938	0.833299360788022	-1.19744279307723	0.805427954618193	2.98430000599744	4.18174279907467	0	NA	NA	NA	NA	NA	NA	1	0.342770077637898	0.117491326123891	1	0.390792325715769	0.15271864183834	1	0.432862297681961	0.187369768754506	1	0.833299360788022	0.694387824689726	1.00136457363857	3839.35923748847	0	1.00168540916296	11393.4398874527	0	NA	NA	NA	NA	NA	NA	NA	NA
240	3	3	exact_null_point_mass	exact_null_point_mass	point_mass	0	none	no_benefit	0	0	NA	0	0	1000	360	600	1000	1000	360	750	0.64	0.25	6.30045659878664	24	24	0	2	1	10	4	1	5000	2500	1	0.99	14	10000	101239	0.6169	0.7719	0.770530422001703	-4.46714630839296	0.819919544269998	5.85721528467244	10.3243615930654	0.398726991854053	-0.676610870784059	0.398289243785403	1.44457002439796	2.12118089518202	0.572905563845662	0.938906223083493	-10.3069543907584	0.873898742392133	11.9109719403717	22.2179263311301	0.0618	0.8158	1.04858425092148	-1.19173473864775	1.06891973044671	3.08613242493702	4.27786716358477	0	NA	NA	NA	NA	NA	NA	1	0.770530422001703	0.593717131230123	1	0.398726991854053	0.158983214032982	1	0.938906223083493	0.88154489574491	1	1.04858425092148	1.09952893128057	1.00136924377082	4411.6789883147	0	1.00235222200112	11047.5562483684	0	NA	NA	NA	NA	NA	NA	NA	NA
313	3	3	exact_null_point_mass	exact_null_point_mass	point_mass	0	none	no_benefit	0	0	NA	0	0	1000	360	600	1000	1000	360	758	0.64	0.242	6.19599761218075	24	24	0	2	1	10	4	1	5000	2500	1	0.99	14	10000	101312	0.5123	0.575	0.069500885193566	-4.99732819270539	0.0819626428143154	5.0338577636116	10.031185956317	0.0971785486973124	-0.938967557557236	0.101390001871012	1.14056004197356	2.0795275995308	0.480886368409998	-0.24249276952098	-10.9364500138729	-0.244703583483912	10.7174539219946	21.6539039358675	0.0478	0.4586	-0.133691358060191	-2.34078236630584	-0.119225946728166	2.08141927946496	4.4222016457708	0	NA	NA	NA	NA	NA	NA	1	0.069500885193566	0.00483037304268924	1	0.0971785486973124	0.00944367032691593	1	-0.24249276952098	0.058802743269955	1	-0.133691358060191	0.0178733792199781	1.00160998804394	4349.21824712553	0	1.00169849197954	11640.2952210564	0	NA	NA	NA	NA	NA	NA	NA	NA
434	3	3	exact_null_point_mass	exact_null_point_mass	point_mass	0	none	no_benefit	0	0	NA	0	0	1000	360	600	1000	1000	360	755	0.64	0.245	6.40130130118976	24	24	0	2	1	10	4	1	5000	2500	1	0.99	14	10000	101433	0.4563	0.3483	-0.277836106594643	-5.51373355931326	-0.28418867542153	4.93837557450047	10.4521091338137	-0.211554354658461	-1.26118251683564	-0.216533461256794	0.852285446141591	2.11346796297723	0.470050005319715	-0.439353695399616	-11.6664003293597	-0.406053549881175	10.8395345838249	22.5059349131846	0.0601	0.3616	-0.290279993651641	-2.10401423186965	-0.31639390857828	1.66592370424687	3.76993793611652	0	NA	NA	NA	NA	NA	NA	1	-0.277836106594643	0.0771929021276699	1	-0.211554354658461	0.044755244974958	1	-0.439353695399616	0.193031669661298	1	-0.290279993651641	0.0842624747143969	1.001196444498	4393.05267425183	0	1.00147357832871	11455.9359407838	0	NA	NA	NA	NA	NA	NA	NA	NA
264	3	3	exact_null_point_mass	exact_null_point_mass	point_mass	0	none	no_benefit	0	0	NA	0	0	1000	360	600	1000	1000	360	748	0.64	0.252	6.2584121664906	24	24	0	2	1	10	4	1	5000	2500	1	0.99	14	10000	101263	0.4927	0.6169	-0.0588561441445499	-4.93028199137186	-0.0443212266079565	4.94195259447822	9.87223458585008	0.153565776562651	-0.927423050555571	0.15698252524911	1.21644257873858	2.14386562929415	0.499895876718034	0.0341980055234656	-10.7870929814807	-0.000652268760693353	10.9838138677973	21.7709068492779	0.0396	0.6059	0.28865599420741	-1.75478024416279	0.282105400788295	2.32574696571119	4.08052720987398	0	NA	NA	NA	NA	NA	NA	1	-0.0588561441445499	0.00346404570356404	1	0.153565776562651	0.0235824477312901	1	0.0341980055234656	0.00116950358178298	1	0.28865599420741	0.0833222829918683	1.00154949495432	4408.20782218621	0	1.00157597968005	11770.9071595687	0	NA	NA	NA	NA	NA	NA	NA	NA
383	3	3	exact_null_point_mass	exact_null_point_mass	point_mass	0	none	no_benefit	0	0	NA	0	0	1000	360	600	1000	1000	360	767	0.64	0.233	6.17434254190556	24	24	0	2	1	10	4	1	5000	2500	1	0.99	14	10000	101382	0.4304	0.1434	-0.480439946698241	-5.56719601845283	-0.494580232167294	4.71842953683007	10.2856255552829	-0.585730327827884	-1.65859657724882	-0.587461198760484	0.461700814093084	2.12029739134191	0.456510223540629	-0.570301862146987	-11.745875139564	-0.530838349847723	10.6313357400983	22.3772108796622	0.0561	0.1173	-1.10724649779596	-2.77258490019746	-1.1770096039637	0.805278203303791	3.57786310350125	0	NA	NA	NA	NA	NA	NA	1	-0.480439946698241	0.230822542383409	1	-0.585730327827884	0.34308001693736	1	-0.570301862146987	0.32524421396832	1	-1.10724649779596	1.22599480688143	1.0020719031502	4511.28432259295	0	1.00134491970326	11710.781175974	0	NA	NA	NA	NA	NA	NA	NA	NA
395	3	3	exact_null_point_mass	exact_null_point_mass	point_mass	0	none	no_benefit	0	0	NA	0	0	1000	360	600	1000	1000	360	749	0.64	0.251	7.07058245381454	24	24	0	2	1	10	4	1	5000	2500	1	0.99	14	10000	101394	0.5185	0.5946	0.131481889677338	-4.46859064260233	0.129457728500829	4.67993939669528	9.14853003929761	0.122543352247204	-0.946715098082807	0.122532574530312	1.19394164468358	2.14065674276639	0.54319074188882	0.460282210880969	-9.88974154919199	0.390439837139125	10.8442864975704	20.7340280467624	0.0322	0.683	0.407420898536273	-1.33317728891461	0.423611739649653	2.04468987181465	3.37786716072926	0	NA	NA	NA	NA	NA	NA	1	0.131481889677338	0.0172874873131236	1	0.122543352247204	0.0150168731799823	1	0.460282210880969	0.211859713653473	1	0.407420898536273	0.165991788564104	1.00131066611918	4380.68203838653	0	1.0016412567638	12906.5580029305	0	NA	NA	NA	NA	NA	NA	NA	NA
345	3	3	exact_null_point_mass	exact_null_point_mass	point_mass	0	none	no_benefit	0	0	NA	0	0	1000	360	600	1000	1000	360	744	0.64	0.256	5.48362685139611	24	24	0	2	1	10	4	1	5000	2500	1	0.99	14	10000	101344	0.4528	0.4634	-0.345600283303596	-5.89419352196748	-0.318988953449646	5.24870414362628	11.1428976655938	-0.0451125350888324	-1.13066340935336	-0.0528885017401652	1.06143342008658	2.19209682943994	0.462749213011542	-0.537970951384657	-12.1878835622449	-0.462794527714742	11.0300341441869	23.2179177064318	0.047	0.5099	0.0482571141960828	-2.47547694631555	0.0329721340383475	2.70895636148741	5.18443330780296	0	NA	NA	NA	NA	NA	NA	1	-0.345600283303596	0.119439555819526	1	-0.0451125350888324	0.00203514082214114	1	-0.537970951384657	0.289412744533713	1	0.0482571141960828	0.00232874907053377	1.00177182153459	4497.37342132796	0	1.00211044150608	11560.995364381	0	NA	NA	NA	NA	NA	NA	NA	NA
400	3	3	exact_null_point_mass	exact_null_point_mass	point_mass	0	none	no_benefit	0	0	NA	0	0	1000	360	600	1000	1000	360	773	0.64	0.227	5.84025661648103	24	24	0	2	1	10	4	1	5000	2500	1	0.99	14	10000	101399	0.5416	0.9085	0.292884912595568	-5.32264553137955	0.32208377961491	5.90816072515551	11.2308062565351	0.722680001638216	-0.335304822494038	0.727833467737849	1.79070205359459	2.12600687608863	0.531120771922384	0.444404369601831	-11.6336520846731	0.408070874626044	12.0755254618174	23.7091775464905	0.0569	0.876	1.05299339713075	-0.699555822854476	1.05613921766008	2.76442153647507	3.46397735932954	0	NA	NA	NA	NA	NA	NA	1	0.292884912595568	0.0857815720261137	1	0.722680001638216	0.522266384767813	1	0.444404369601831	0.197495243721201	1	1.05299339713075	1.10879509440096	1.00145521948967	4251.642775129	0	1.00172838276149	12742.5256038132	0	NA	NA	NA	NA	NA	NA	NA	NA
269	3	3	exact_null_point_mass	exact_null_point_mass	point_mass	0	none	no_benefit	0	0	NA	0	0	1000	360	600	1000	1000	360	772	0.64	0.228	5.85758363199987	24	24	0	2	1	10	4	1	5000	2500	1	0.99	14	10000	101268	0.5829	0.8228	0.563042641931233	-5.05316941636717	0.601304094133496	6.13082361127331	11.1839930276405	0.487147215574557	-0.54675554052668	0.487658431356593	1.51659331149148	2.06334885201816	0.549065420560748	0.717963552652911	-11.3901443995001	0.646602813810775	12.4641152012295	23.8542596007295	0.0584	0.5963	0.309905041921962	-1.36833022022985	0.226505475728168	2.3192759827607	3.68760620299054	0	NA	NA	NA	NA	NA	NA	1	0.563042641931233	0.317017016632903	1	0.487147215574557	0.237312409642044	1	0.717963552652911	0.51547166293799	1	0.309905041921962	0.0960411350086532	1.00101952101316	4311.72162686262	0	1.0021939861956	14670.6725801422	0	NA	NA	NA	NA	NA	NA	NA	NA
333	3	3	exact_null_point_mass	exact_null_point_mass	point_mass	0	none	no_benefit	0	0	NA	0	0	1000	360	600	1000	1000	360	760	0.64	0.24	5.71664930419557	24	24	0	2	1	10	4	1	5000	2500	1	0.99	14	10000	101332	0.5165	0.5979	0.119645224841809	-5.37334230219906	0.133027643289767	5.61974233337444	10.9930846355735	0.142058202245276	-0.908728848440934	0.141259210400648	1.2188630707115	2.12759191915244	0.494484514212983	-0.0744196648602152	-11.9001139386009	-0.0626171378409444	11.7720517608606	23.6721656994616	0.0572	0.2125	-0.70233465107879	-2.37205801345791	-0.748051460532876	1.21849437077123	3.59055238422913	0	NA	NA	NA	NA	NA	NA	1	0.119645224841809	0.014314979827447	1	0.142058202245276	0.0201805328251599	1	-0.0744196648602152	0.00553828651790675	1	-0.70233465107879	0.493273962105966	1.00139391868337	4466.63271360287	0	1.00284382271891	10873.1311409071	0	NA	NA	NA	NA	NA	NA	NA	NA
317	3	3	exact_null_point_mass	exact_null_point_mass	point_mass	0	none	no_benefit	0	0	NA	0	0	1000	360	600	1000	1000	360	777	0.64	0.223	5.10063075881075	24	24	0	2	1	10	4	1	5000	2500	1	0.99	14	10000	101316	0.5581	0.5958	0.398676982986213	-5.11658441363775	0.435614213502793	5.78543530292376	10.9020197165615	0.130172787950021	-0.921472103949857	0.133490242767786	1.17769552241001	2.09916762635987	0.565036852486245	0.80647154398524	-10.95165924839	0.824201062754657	12.0769976370471	23.0286568854372	0.0367	0.5112	-0.00346724374480607	-1.65555522842535	0.0212166041525306	1.54164520008716	3.19720042851251	0	NA	NA	NA	NA	NA	NA	1	0.398676982986213	0.158943336762989	1	0.130172787950021	0.0169449547226813	1	0.80647154398524	0.650396351257937	1	-0.00346724374480607	1.20217791858968e-05	1.00178882864106	4122.07568626042	0	1.00153720105207	10375.1791970588	0	NA	NA	NA	NA	NA	NA	NA	NA
435	3	3	exact_null_point_mass	exact_null_point_mass	point_mass	0	none	no_benefit	0	0	NA	0	0	1000	360	600	1000	1000	360	762	0.64	0.238	6.57121927066898	24	24	0	2	1	10	4	1	5000	2500	1	0.99	14	10000	101434	0.4095	0.0694	-0.632293743604345	-5.80884823962975	-0.618245598534669	4.75338456471601	10.5622328043458	-0.797136310638651	-1.84864058493799	-0.794906687394857	0.267553111587306	2.1161936965253	0.432968682968683	-0.947402421343185	-12.0453209046762	-0.859926799444322	10.3021036921425	22.3474245968187	0.0676	0.1494	-1.18796912322779	-3.63488280863377	-1.1210208294548	0.894011125269982	4.52889393390375	0	NA	NA	NA	NA	NA	NA	1	-0.632293743604345	0.399795378201197	1	-0.797136310638651	0.6354262977386	1	-0.947402421343185	0.89757134796693	1	-1.18796912322779	1.41127063774261	1.00143342094051	4524.9564183773	0	1.0013955328225	11680.8830550287	0	NA	NA	NA	NA	NA	NA	NA	NA
302	3	3	exact_null_point_mass	exact_null_point_mass	point_mass	0	none	no_benefit	0	0	NA	0	0	1000	360	600	1000	1000	360	757	0.64	0.243	5.94817358547765	24	24	0	2	1	10	4	1	5000	2500	1	0.99	14	10000	101301	0.4663	0.3177	-0.235983237648689	-5.85425339816603	-0.254377452755605	5.3744854570041	11.2287388551701	-0.261830927897052	-1.34107604958057	-0.262275125657534	0.82062859911776	2.16170464869833	0.474369927381461	-0.363102421181082	-12.1051153298084	-0.315249547237198	11.5594695941197	23.664584923928	0.0636	0.1866	-0.841559629065468	-2.89990764174398	-0.817801346907517	1.0243397663966	3.92424740814058	0	NA	NA	NA	NA	NA	NA	1	-0.235983237648689	0.0556880884511577	1	-0.261830927897052	0.0685554348034313	1	-0.363102421181082	0.131843368267564	1	-0.841559629065468	0.708222609272809	1.00166827227843	4443.89714283698	0	1.00126611170815	8500.94800441427	0	NA	NA	NA	NA	NA	NA	NA	NA
96	3	3	exact_null_point_mass	exact_null_point_mass	point_mass	0	none	no_benefit	0	0	NA	0	0	1000	360	600	1000	1000	360	743	0.64	0.257	5.43910157882033	24	24	0	2	1	10	4	1	5000	2500	1	0.99	14	10000	101095	0.5239	0.8677	0.163938025302848	-5.34873316984876	0.173921039559125	5.58432678085747	10.9330599507062	0.620221961543538	-0.463781863731264	0.619758080447983	1.71003811757208	2.17381998130334	0.511891042430592	0.120448861972787	-11.6885507337311	0.149339324686068	11.6267769521727	23.3153276859039	0.0455	0.8287	0.970534214950395	-1.16576733181	1.01009926551023	2.92357144797854	4.08933877978854	0	NA	NA	NA	NA	NA	NA	1	0.163938025302848	0.0268756761401973	1	0.620221961543538	0.384675281580914	1	0.120448861972787	0.0145079283505394	1	0.970534214950395	0.94193666238938	1.00184544035381	3979.14276500821	0	1.00158384179193	10535.3699742632	0	NA	NA	NA	NA	NA	NA	NA	NA
315	3	3	exact_null_point_mass	exact_null_point_mass	point_mass	0	none	no_benefit	0	0	NA	0	0	1000	360	600	1000	1000	360	749	0.64	0.251	5.80225065210781	24	24	0	2	1	10	4	1	5000	2500	1	0.99	14	10000	101314	0.4392	0.7749	-0.404357845840984	-5.97526525694944	-0.424069236321417	5.27920807086162	11.2544733278111	0.412609641168368	-0.692981167123797	0.410489711419352	1.50038852466604	2.19336969178983	0.467630487934517	-0.497919669303878	-12.1687580805961	-0.395108559267658	11.4269351854433	23.5956932660393	0.0593	0.6331	0.385195208465239	-1.80559060811494	0.373875004893069	2.62594706489473	4.43153767300968	0	NA	NA	NA	NA	NA	NA	1	-0.404357845840984	0.163505267493161	1	0.412609641168368	0.170246715985089	1	-0.497919669303878	0.247923997079683	1	0.385195208465239	0.148375348624579	1.00171521674258	4508.15075334837	0	1.00118923110427	11141.9727030415	0	NA	NA	NA	NA	NA	NA	NA	NA
316	3	3	exact_null_point_mass	exact_null_point_mass	point_mass	0	none	no_benefit	0	0	NA	0	0	1000	360	600	1000	1000	360	778	0.64	0.222	5.34339341200869	24	24	0	2	1	10	4	1	5000	2500	1	0.99	14	10000	101315	0.5155	0.9142	0.102163189530035	-5.32691525033612	0.116619773573158	5.41981608389376	10.7467313342299	0.751368817246353	-0.330278063895777	0.761240130206595	1.81480894764919	2.14508701154497	0.514411027568922	0.0859168406301001	-11.3836259124585	0.151460113060799	11.6013981100532	22.9850240225117	0.0424	0.8777	1.17792093967783	-0.870714302686085	1.19105166012051	3.20723439826583	4.07794870095191	0	NA	NA	NA	NA	NA	NA	1	0.102163189530035	0.0104373172949499	1	0.751368817246353	0.564555099530184	1	0.0859168406301001	0.00738170350385802	1	1.17792093967783	1.38749774013149	1.00159651955524	4648.79099249748	0	1.00151020479289	11293.8449405381	0	NA	NA	NA	NA	NA	NA	NA	NA
348	3	3	exact_null_point_mass	exact_null_point_mass	point_mass	0	none	no_benefit	0	0	NA	0	0	1000	360	600	1000	1000	360	754	0.64	0.246	6.34515993994193	24	24	0	2	1	10	4	1	5000	2500	1	0.99	14	10000	101347	0.6511	0.8863	1.00975383371018	-4.15510128098966	1.03665833214275	5.99904429138513	10.1541455723748	0.658631011373758	-0.411419977839873	0.661717244117176	1.73087281089085	2.14229278873073	0.59575821845175	1.20686626252789	-9.71429913016542	1.10806350003846	12.0194575927115	21.7337567228769	0.057	0.9489	1.73189920044181	-0.360898306457149	1.70351756990848	3.90285135979505	4.2637496662522	0	NA	NA	NA	NA	NA	NA	1	1.00975383371018	1.01960280469241	1	0.658631011373758	0.43379480914322	1	1.20686626252789	1.45652617562804	1	1.73189920044181	2.99947484049099	1.00118664241903	4457.03895768241	0	1.00165780920246	11712.7702949878	0	NA	NA	NA	NA	NA	NA	NA	NA
349	3	3	exact_null_point_mass	exact_null_point_mass	point_mass	0	none	no_benefit	0	0	NA	0	0	1000	360	600	1000	1000	360	750	0.64	0.25	6.43461025031797	24	24	0	2	1	10	4	1	5000	2500	1	0.99	14	10000	101348	0.6412	0.8737	0.941070493458822	-4.4210386583312	1.02083718578308	6.04581179436815	10.4668504526993	0.619128151931168	-0.461296679749565	0.622196570916555	1.68487116399539	2.14616784374496	0.618162393162393	1.54420741851566	-9.49027616638169	1.45552448581069	12.5854482448512	22.0757244112329	0.064	0.7108	0.598008091061581	-1.3696051768552	0.567122444881742	2.66870120908141	4.03830638593661	0	NA	NA	NA	NA	NA	NA	1	0.941070493458822	0.885613673658831	1	0.619128151931168	0.383319668513703	1	1.54420741851566	2.38457655139879	1	0.598008091061581	0.357613676975116	1.00164050923888	3929.90031082272	0	1.00176144899036	11633.1837807609	0	NA	NA	NA	NA	NA	NA	NA	NA
346	3	3	exact_null_point_mass	exact_null_point_mass	point_mass	0	none	no_benefit	0	0	NA	0	0	1000	360	600	1000	1000	360	741	0.64	0.259	5.95644722615194	24	24	0	2	1	10	4	1	5000	2500	1	0.99	14	10000	101345	0.5937	0.992	0.682860387164977	-4.97972073279809	0.703066320685974	6.24025631563156	11.2199770484296	1.33130832684819	0.254787694239522	1.32946331656378	2.41799082891171	2.16320313467219	0.560918060918061	0.832553204086907	-10.8438439517196	0.77665543334035	12.393115031951	23.2369589836706	0.0676	0.8432	1.22708218138181	-1.10017136103009	1.19213445451863	3.80396061034302	4.90413197137311	0	NA	NA	NA	NA	NA	NA	1	0.682860387164977	0.466298308359103	0	1.33130832684819	1.77238186113534	1	0.832553204086907	0.693144837635374	1	1.22708218138181	1.50573067986475	1.00122482002883	3478.32655808488	0	1.00162501456067	12406.4816762108	0	NA	NA	NA	NA	NA	NA	NA	NA
174	3	3	exact_null_point_mass	exact_null_point_mass	point_mass	0	none	no_benefit	0	0	NA	0	0	1000	360	600	1000	1000	360	740	0.64	0.26	5.76667173099137	24	24	0	2	1	10	4	1	5000	2500	1	0.99	14	10000	101173	0.4982	0.7195	-0.00314158021115664	-5.47022353092334	-0.0145575816037269	5.5309218909498	11.0011454218731	0.313191764665806	-0.745782665031784	0.308799503304017	1.35983027358509	2.10561293861687	0.489830688957513	-0.0991289414751978	-11.9361426762213	-0.13768960652297	11.6553430212729	23.5914856974943	0.0609	0.6049	0.334914327311584	-1.71770034225834	0.287996584615563	2.61932328466153	4.33702362691986	0	NA	NA	NA	NA	NA	NA	1	-0.00314158021115664	9.86952622313102e-06	1	0.313191764665806	0.0980890814544816	1	-0.0991289414751978	0.00982654703799319	1	0.334914327311584	0.112167606638571	1.00155943320567	4483.36799105127	0	1.00196444384265	11931.2493966107	0	NA	NA	NA	NA	NA	NA	NA	NA
298	3	3	exact_null_point_mass	exact_null_point_mass	point_mass	0	none	no_benefit	0	0	NA	0	0	1000	360	600	1000	1000	360	741	0.64	0.259	6.31974129853524	24	24	0	2	1	10	4	1	5000	2500	1	0.99	14	10000	101297	0.4997	0.9796	0.0036675992631224	-5.10748775354498	-0.00218920494719033	5.02740669635796	10.1348944499029	1.10346389017228	0.0423056446256415	1.1057303809519	2.16207875110617	2.11977310648053	0.500318945354029	-0.0379683188371453	-11.2107873031952	0.00359907060319031	10.9816492111127	22.1924365143079	0.0594	0.9471	1.46719270607945	-0.306933473678528	1.32104214579747	3.85825514366573	4.16518861734426	0	NA	NA	NA	NA	NA	NA	1	0.0036675992631224	1.3451284354856e-05	0	1.10346389017228	1.21763255691414	1	-0.0379683188371453	0.00144159323531913	1	1.46719270607945	2.15265443677275	1.00160074132888	4253.90194134687	0	1.00185956606483	11006.0404679348	0	NA	NA	NA	NA	NA	NA	NA	NA
342	3	3	exact_null_point_mass	exact_null_point_mass	point_mass	0	none	no_benefit	0	0	NA	0	0	1000	360	600	1000	1000	360	775	0.64	0.225	6.05135738419582	24	24	0	2	1	10	4	1	5000	2500	1	0.99	14	10000	101341	0.518	0.8539	0.110543973724091	-5.20818844539562	0.121140660723946	5.45221656005326	10.6604050054489	0.567664146422673	-0.483792188449613	0.562845034729366	1.63623615313292	2.12002834158253	0.489979637766584	-0.141746238757642	-11.5013023192235	-0.126645523414435	11.3242392311553	22.8255415503788	0.0669	0.9284	1.37047393940146	-0.483083809808263	1.39288651431436	3.15413491170364	3.6372187215119	0	NA	NA	NA	NA	NA	NA	1	0.110543973724091	0.0122199701267125	1	0.567664146422673	0.322242583133782	1	-0.141746238757642	0.0200919962019384	1	1.37047393940146	1.87819881857855	1.0011889503012	4612.68356165856	0	1.00183772942389	10842.6782311221	0	NA	NA	NA	NA	NA	NA	NA	NA
407	3	3	exact_null_point_mass	exact_null_point_mass	point_mass	0	none	no_benefit	0	0	NA	0	0	1000	360	600	1000	1000	360	746	0.64	0.254	5.93237457662399	24	24	0	2	1	10	4	1	5000	2500	1	0.99	14	10000	101406	0.6085	0.5837	0.769252002325229	-4.91031012904302	0.786031101672111	6.28788404709952	11.1981941761425	0.115320640466977	-0.94252483818359	0.12091647613721	1.17422823517886	2.11675307336245	0.558829832833262	0.809045732085679	-11.3360300229411	0.758763525675499	12.5924328381594	23.9284628611005	0.0668	0.7041	0.418850420704551	-1.25179126297843	0.436014141758102	2.00330391044343	3.25509517342186	0	NA	NA	NA	NA	NA	NA	1	0.769252002325229	0.591748643081375	1	0.115320640466977	0.0132988501177137	1	0.809045732085679	0.654554996606052	1	0.418850420704551	0.175435674924379	1.00197799156771	4407.17966910241	0	1.00176566715636	12372.3499209709	0	NA	NA	NA	NA	NA	NA	NA	NA
283	3	3	exact_null_point_mass	exact_null_point_mass	point_mass	0	none	no_benefit	0	0	NA	0	0	1000	360	600	1000	1000	360	741	0.64	0.259	5.944858754847	24	24	0	2	1	10	4	1	5000	2500	1	0.99	14	10000	101282	0.4414	0.1307	-0.446481688077342	-6.17176335167904	-0.439359342952771	5.22653124613785	11.3982945978169	-0.61151427871917	-1.67584040804572	-0.615299083774739	0.454342180395499	2.13018258844122	0.464728516460026	-0.53430414825061	-12.2011003455491	-0.49520872793819	11.3084851431294	23.5095854886785	0.0644	0.1633	-1.02132709059107	-3.07202568699578	-1.02671965811605	1.00420015423981	4.07622584123559	0	NA	NA	NA	NA	NA	NA	1	-0.446481688077342	0.199345897788393	1	-0.61151427871917	0.373949713077427	1	-0.53430414825061	0.28548092283781	1	-1.02132709059107	1.04310902597521	1.00116083999611	4132.28941096017	0	1.00114138818753	9308.94056540427	0	NA	NA	NA	NA	NA	NA	NA	NA
375	3	3	exact_null_point_mass	exact_null_point_mass	point_mass	0	none	no_benefit	0	0	NA	0	0	1000	360	600	1000	1000	360	747	0.64	0.253	5.72535570102979	24	24	0	2	1	10	4	1	5000	2500	1	0.99	14	10000	101374	0.4772	0.553	-0.167393189600392	-5.73913665801143	-0.160556469820439	5.44175895326474	11.1808956112762	0.0685549822004993	-1.01720912917595	0.0722591299885158	1.13376912597495	2.1509782551509	0.471804112783549	-0.356965294941755	-12.0249258524069	-0.351343519881095	11.2234162593898	23.2483421117967	0.0566	0.331	-0.373553536107434	-2.13833202644403	-0.382957808417874	1.50190298128878	3.64023500773281	0	NA	NA	NA	NA	NA	NA	1	-0.167393189600392	0.0280204799245929	1	0.0685549822004993	0.00469978558451077	1	-0.356965294941755	0.127424221792854	1	-0.373553536107434	0.139542244338368	1.00118755801028	4132.47380353073	0	1.00228810679365	12379.2574808408	0	NA	NA	NA	NA	NA	NA	NA	NA
351	3	3	exact_null_point_mass	exact_null_point_mass	point_mass	0	none	no_benefit	0	0	NA	0	0	1000	360	600	1000	1000	360	759	0.64	0.241	6.36456698025163	24	24	0	2	1	10	4	1	5000	2500	1	0.99	14	10000	101350	0.4118	0.2534	-0.574167638071793	-5.57124053507068	-0.566499134124628	4.62984783121488	10.2010883662856	-0.35063475337227	-1.39848390878753	-0.3509215491419	0.707566263182987	2.10605017197052	0.423955787012435	-1.00575169978235	-11.9940828773563	-0.91719167819311	9.9934061097587	21.987488987115	0.0591	0.0924	-1.33132292725701	-3.28592199996071	-1.35250543945751	0.689983763996574	3.97590576395729	0	NA	NA	NA	NA	NA	NA	1	-0.574167638071793	0.329668476608942	1	-0.35063475337227	0.122944730272433	1	-1.00575169978235	1.01153648161508	1	-1.33132292725701	1.77242073664016	1.00129697884794	4103.52225102062	0	1.00156320556094	14229.9768932794	0	NA	NA	NA	NA	NA	NA	NA	NA
339	3	3	exact_null_point_mass	exact_null_point_mass	point_mass	0	none	no_benefit	0	0	NA	0	0	1000	360	600	1000	1000	360	762	0.64	0.238	6.43794366639491	24	24	0	2	1	10	4	1	5000	2500	1	0.99	14	10000	101338	0.5652	0.6613	0.442833407288171	-4.86017269143276	0.434499298667077	5.69678620960448	10.5569589010372	0.225469426369873	-0.824248328639229	0.229750033639179	1.26006608089411	2.08431440953334	0.533102553007356	0.48170367011648	-10.9316049562039	0.417901222658928	11.8268035022534	22.7584084584574	0.0756	0.8104	0.87372385892574	-1.07702416231094	0.892056423791439	2.6955402109412	3.77256437325214	0	NA	NA	NA	NA	NA	NA	1	0.442833407288171	0.196101426610451	1	0.225469426369873	0.0508364622275598	1	0.48170367011648	0.232038425803686	1	0.87372385892574	0.763393381656086	1.00162430728766	4245.99330651882	0	1.0012752226591	11887.1437539569	0	NA	NA	NA	NA	NA	NA	NA	NA
411	3	3	exact_null_point_mass	exact_null_point_mass	point_mass	0	none	no_benefit	0	0	NA	0	0	1000	360	600	1000	1000	360	748	0.64	0.252	6.83497515074255	24	24	0	2	1	10	4	1	5000	2500	1	0.99	14	10000	101410	0.5812	0.8999	0.530217751622684	-4.77306908199002	0.570541095561251	5.71316630842697	10.486235390417	0.684218342163737	-0.371339711347063	0.681788224303726	1.73736338451526	2.10870309586232	0.546840958605665	0.616903629267444	-10.7509610629302	0.603959388439547	11.858866487106	22.6098275500362	0.082	0.8707	1.1716531398002	-0.817092357634068	1.12857235697147	3.33751231534757	4.15460467298163	0	NA	NA	NA	NA	NA	NA	1	0.530217751622684	0.281130864135814	1	0.684218342163737	0.468154739753293	1	0.616903629267444	0.380570087803343	1	1.1716531398002	1.37277108000366	1.00107965180972	4659.35875616685	0	1.00200632255	11797.8339120859	0	NA	NA	NA	NA	NA	NA	NA	NA
281	3	3	exact_null_point_mass	exact_null_point_mass	point_mass	0	none	no_benefit	0	0	NA	0	0	1000	360	600	1000	1000	360	740	0.64	0.26	6.00583732765166	24	24	0	2	1	10	4	1	5000	2500	1	0.99	14	10000	101280	0.1434	0.3353	-3.01701693753784	-7.95405851400058	-3.13109455426932	2.58571334044859	10.5397718544492	-0.232572470028001	-1.34210411188509	-0.23341639332798	0.867440496274563	2.20954460815965	0.0622645458350774	-5.5607882245483	-15.3492847379455	-4.96677470734534	3.02687538496028	18.3761601229058	0.0444	0.3851	-0.342635011246051	-2.65890106714723	-0.322351774517538	1.85876205410342	4.51766312125064	0	NA	NA	NA	NA	NA	NA	1	-3.01701693753784	9.10239120139022	1	-0.232572470028001	0.0540899538149254	1	-5.5607882245483	30.9223656782751	1	-0.342635011246051	0.117398750931582	1.00104713992501	4508.39755188209	0	1.00167733329151	9690.86877671133	0	NA	NA	NA	NA	NA	NA	NA	NA
297	3	3	exact_null_point_mass	exact_null_point_mass	point_mass	0	none	no_benefit	0	0	NA	0	0	1000	360	600	1000	1000	360	751	0.64	0.249	6.44415762432215	24	24	0	2	1	10	4	1	5000	2500	1	0.99	14	10000	101296	0.52	0.4359	0.126561973023014	-5.02891466935325	0.147026973539043	5.21913400405603	10.2480486734093	-0.0831943834904963	-1.13811324330772	-0.0886568740379392	1.00498370238346	2.14309694569118	0.53669627749577	0.416332719498482	-10.6186502258854	0.48804541715728	11.5098200097697	22.1284702356551	0.0544	0.3826	-0.290060940995434	-2.21189188909945	-0.30785537508206	1.67769506530106	3.88958695440051	0	NA	NA	NA	NA	NA	NA	1	0.126561973023014	0.0160179330154782	1	-0.0831943834904963	0.00692130544436375	1	0.416332719498482	0.173332933325001	1	-0.290060940995434	0.0841353494911565	1.00169098018954	4248.11596645567	0	1.00165195449239	11685.7094737909	0	NA	NA	NA	NA	NA	NA	NA	NA
352	3	3	exact_null_point_mass	exact_null_point_mass	point_mass	0	none	no_benefit	0	0	NA	0	0	1000	360	600	1000	1000	360	760	0.64	0.24	6.33186700200999	24	24	0	2	1	10	4	1	5000	2500	1	0.99	14	10000	101351	0.4712	0.8146	-0.160907436179566	-5.3877285992199	-0.190012713578842	5.06786547939384	10.4555940786137	0.485187356993103	-0.5785349698219	0.484725271940088	1.55039351214252	2.12892848196442	0.501053518752634	0.0649406881553498	-10.9782886996621	0.0190383492961042	11.4263344685503	22.4046231682125	0.0508	0.8718	1.30351955831157	-0.851519492823801	1.31078376675849	3.45858203982386	4.31010153264766	0	NA	NA	NA	NA	NA	NA	1	-0.160907436179566	0.0258912030178811	1	0.485187356993103	0.235406771385953	1	0.0649406881553498	0.00421729297809039	1	1.30351955831157	1.6991632389008	1.00200047033169	4754.45903050858	0	1.00137024059531	11060.6294715055	0	NA	NA	NA	NA	NA	NA	NA	NA
216	3	3	exact_null_point_mass	exact_null_point_mass	point_mass	0	none	no_benefit	0	0	NA	0	0	1000	360	600	1000	1000	360	752	0.64	0.248	6.42921955993811	24	24	0	2	1	10	4	1	5000	2500	1	0.99	14	10000	101215	0.6318	0.9422	0.899074903204887	-4.28804433779647	0.939455323369467	5.9312208376807	10.2192651754772	0.844373686909877	-0.221709161562312	0.839118756952059	1.91365785536501	2.13536701692733	0.598717263495457	1.40035736945111	-9.87530708518238	1.25311470269497	12.3708199512971	22.2461270364795	0.0645	0.9274	1.50701589551292	-0.549598199309112	1.51552427239718	3.40369493198214	3.95329313129125	0	NA	NA	NA	NA	NA	NA	1	0.899074903204887	0.808335681572876	1	0.844373686909877	0.712966923145778	1	1.40035736945111	1.96100076217602	1	1.50701589551292	2.2710969093286	1.00134537537367	4604.40486754135	0	1.00153111454894	11661.6518499322	0	NA	NA	NA	NA	NA	NA	NA	NA
371	3	3	exact_null_point_mass	exact_null_point_mass	point_mass	0	none	no_benefit	0	0	NA	0	0	1000	360	600	1000	1000	360	774	0.64	0.226	6.02043278230654	24	24	0	2	1	10	4	1	5000	2500	1	0.99	14	10000	101370	0.6864	0.9699	1.28250552564351	-3.89940319607597	1.35661964752839	6.16913891380114	10.0685421098771	1.02264408171424	-0.0401202596078886	1.03124002206146	2.04800704357322	2.08812730318111	0.780782330477861	3.20873998531031	-6.95745461333303	2.78335901055812	13.6126237376514	20.5700783509844	0.0311	0.9662	2.14333814768881	-0.151481046742788	2.16121971550534	4.30605240495702	4.45753345169981	0	NA	NA	NA	NA	NA	NA	1	1.28250552564351	1.64482042330615	1	1.02264408171424	1.04580091786516	1	3.20873998531031	10.2960122933292	1	2.14333814768881	4.59389841533811	1.00143918869807	4634.44393332127	0	1.00140285581139	13264.6101145872	0	NA	NA	NA	NA	NA	NA	NA	NA
372	3	3	exact_null_point_mass	exact_null_point_mass	point_mass	0	none	no_benefit	0	0	NA	0	0	1000	360	600	1000	1000	360	762	0.64	0.238	6.38695350663543	24	24	0	2	1	10	4	1	5000	2500	1	0.99	14	10000	101371	0.4943	0.5609	-0.0344285700699559	-5.29479008735396	-0.0363818739116013	5.27646637234063	10.5712564596946	0.0827094182963361	-0.985175448222639	0.0855650563146115	1.14400852840982	2.12918397663246	0.509621552277101	0.12729967396006	-11.0452406504579	0.118382173606324	11.3536303248196	22.3988709752775	0.0646	0.3966	-0.181546623653034	-1.83858021066697	-0.240020092667098	1.75919716484333	3.59777737551029	0	NA	NA	NA	NA	NA	NA	1	-0.0344285700699559	0.00118532643706186	1	0.0827094182963361	0.00684084787491829	1	0.12729967396006	0.0162052069903377	1	-0.181546623653034	0.0329591765598163	1.00133019675786	4422.98767831017	0	1.00212532522809	13434.1942726146	0	NA	NA	NA	NA	NA	NA	NA	NA
355	3	3	exact_null_point_mass	exact_null_point_mass	point_mass	0	none	no_benefit	0	0	NA	0	0	1000	360	600	1000	1000	360	753	0.64	0.247	6.26254432006148	24	24	0	2	1	10	4	1	5000	2500	1	0.99	14	10000	101354	0.5435	0.4819	0.291718952618269	-4.66974261435895	0.284689508556942	5.34133270798676	10.0110753223457	-0.0280286451732163	-1.08701885247284	-0.026523488059838	1.00035976809158	2.08737862056442	0.537905759162304	0.495195789508521	-10.141856085256	0.424122280720574	11.0877961632123	21.2296522484682	0.045	0.7658	0.666977502002586	-1.27211790476106	0.683666088883757	2.52531525273935	3.79743315750042	0	NA	NA	NA	NA	NA	NA	1	0.291718952618269	0.0850999473166997	1	-0.0280286451732163	0.000785604950246062	1	0.495195789508521	0.245218869946967	1	0.666977502002586	0.444858988177609	1.00144149399726	4383.52332926639	0	1.00265416925982	10547.7795552331	0	NA	NA	NA	NA	NA	NA	NA	NA
461	3	3	exact_null_point_mass	exact_null_point_mass	point_mass	0	none	no_benefit	0	0	NA	0	0	1000	360	600	1000	1000	360	775	0.64	0.225	5.44120531966962	24	24	0	2	1	10	4	1	5000	2500	1	0.99	14	10000	101460	0.5872	0.6358	0.617809483353798	-4.96927918544411	0.668981995084298	6.06568993851692	11.034969123961	0.185537384231201	-0.889409423167743	0.187265672785022	1.23130941356431	2.12071883673206	0.56125687685146	0.900453978693633	-10.7798413728564	0.786175405351358	12.5124173552208	23.2922587280772	0.0548	0.5371	0.120932522037174	-1.7444341521537	0.0921502019569331	2.12192454707202	3.86635869922572	0	NA	NA	NA	NA	NA	NA	1	0.617809483353798	0.381688557721887	1	0.185537384231201	0.0344241209473565	1	0.900453978693633	0.810817367745193	1	0.120932522037174	0.0146246748862716	1.00113665414044	4339.22240467572	0	1.00132040943821	11397.7850717389	0	NA	NA	NA	NA	NA	NA	NA	NA
386	3	3	exact_null_point_mass	exact_null_point_mass	point_mass	0	none	no_benefit	0	0	NA	0	0	1000	360	600	1000	1000	360	758	0.64	0.242	6.6804309466936	24	24	0	2	1	10	4	1	5000	2500	1	0.99	14	10000	101385	0.4823	0.5425	-0.108224879936393	-5.38621993806312	-0.135513363341659	5.31746132214597	10.7036812602091	0.0583787935474394	-0.992449688062544	0.058320897902477	1.10708829023318	2.09953797829572	0.504585176394433	0.053227588602714	-11.4323685974566	0.0444173694079879	11.5638361704096	22.9962047678662	0.0731	0.316	-0.520494450768372	-2.64487805018133	-0.528409759844478	1.63594628086626	4.28082433104759	0	NA	NA	NA	NA	NA	NA	1	-0.108224879936393	0.0117126246372467	1	0.0583787935474394	0.00340808353605455	1	0.053227588602714	0.00283317618845977	1	-0.520494450768372	0.270914473280669	1.00120754738285	4641.20206798516	0	1.00120752531598	11086.8164860557	0	NA	NA	NA	NA	NA	NA	NA	NA
357	3	3	exact_null_point_mass	exact_null_point_mass	point_mass	0	none	no_benefit	0	0	NA	0	0	1000	360	600	1000	1000	360	768	0.64	0.232	6.43217815457347	24	24	0	2	1	10	4	1	5000	2500	1	0.99	14	10000	101356	0.5848	0.9038	0.591128895105338	-4.65321610702009	0.614267332889724	5.82157763442707	10.4747937414472	0.690993075001923	-0.341929796466903	0.685405480622802	1.72796004052171	2.06988983698862	0.552222931291215	0.609203621435992	-10.7934233267962	0.589712692835409	11.6568811182319	22.450304445028	0.0598	0.7959	0.879318793797495	-1.02338517279564	0.858014740872162	2.9480376017081	3.97142277450374	0	NA	NA	NA	NA	NA	NA	1	0.591128895105338	0.349433370628458	1	0.690993075001923	0.477471429700613	1	0.609203621435992	0.371129052370727	1	0.879318793797495	0.773201541125481	1.00124585210524	4440.79168512753	0	1.00184983421109	14830.6811718074	0	NA	NA	NA	NA	NA	NA	NA	NA
331	3	3	exact_null_point_mass	exact_null_point_mass	point_mass	0	none	no_benefit	0	0	NA	0	0	1000	360	600	1000	1000	360	763	0.64	0.237	6.43760894378064	24	24	0	2	1	10	4	1	5000	2500	1	0.99	14	10000	101330	0.5451	0.8916	0.291079663318886	-5.05354590320745	0.275412787079998	5.61920965567235	10.6727555588798	0.679245130211997	-0.394241090280952	0.675476249908881	1.74450908595943	2.13875017624038	0.5345756139595	0.449602534980136	-10.9149990206873	0.487438956423285	11.8401170651628	22.7551160858501	0.0716	0.8892	1.18786215803977	-0.823893468629453	1.22697351089349	2.98094245776053	3.80483592638998	0	NA	NA	NA	NA	NA	NA	1	0.291079663318886	0.0847273703978362	1	0.679245130211997	0.461373946916713	1	0.449602534980136	0.202142439460564	1	1.18786215803977	1.4110165065029	1.00172191815417	4213.9638259027	0	1.00144811440174	13159.4934508754	0	NA	NA	NA	NA	NA	NA	NA	NA
350	3	3	exact_null_point_mass	exact_null_point_mass	point_mass	0	none	no_benefit	0	0	NA	0	0	1000	360	600	1000	1000	360	748	0.64	0.252	6.40982062499038	24	24	0	2	1	10	4	1	5000	2500	1	0.99	14	10000	101349	0.5996	0.749	0.630282962690773	-4.56153781017441	0.660894024252212	5.74921374663521	10.3107515568096	0.364056698431185	-0.708763865615548	0.36785423861656	1.44682055405747	2.15558441967302	0.580099925587329	1.10994471778235	-9.85565850202539	1.03843625759306	12.1089800718082	21.9646385738336	0.0593	0.7507	0.67966371450164	-1.33354066088789	0.712699333004342	2.61147938189015	3.94502004277804	0	NA	NA	NA	NA	NA	NA	1	0.630282962690773	0.397256613058259	1	0.364056698431185	0.132537279672615	1	1.10994471778235	1.23197727653293	1	0.67966371450164	0.461942764810167	1.00170843151683	4340.48300431575	0	1.00229720106783	13494.8963380009	0	NA	NA	NA	NA	NA	NA	NA	NA
322	3	3	exact_null_point_mass	exact_null_point_mass	point_mass	0	none	no_benefit	0	0	NA	0	0	1000	360	600	1000	1000	360	743	0.64	0.257	6.67368847087577	24	24	0	2	1	10	4	1	5000	2500	1	0.99	14	10000	101321	0.5359	0.5254	0.209838215991084	-5.02920363975139	0.243201668422691	5.43821950987574	10.4674231496271	0.029103152249161	-1.08522850419917	0.037795766117978	1.09448767169197	2.17971617589114	0.525982392097917	0.343341458910362	-10.9878094134727	0.29696970353556	11.5271006049774	22.5149100184501	0.0686	0.5137	0.0201925220077317	-2.38434248518231	0.0448335431741107	2.40124925688479	4.7855917420671	0	NA	NA	NA	NA	NA	NA	1	0.209838215991084	0.0440320768903209	1	0.029103152249161	0.000846993470837848	1	0.343341458910362	0.117883357406696	1	0.0201925220077317	0.000407737945032727	1.00145316918205	4766.2624822709	0	1.00176260767422	13223.7848146205	0	NA	NA	NA	NA	NA	NA	NA	NA
467	3	3	exact_null_point_mass	exact_null_point_mass	point_mass	0	none	no_benefit	0	0	NA	0	0	1000	360	600	1000	1000	360	754	0.64	0.246	6.20893473892764	24	24	0	2	1	10	4	1	5000	2500	1	0.99	14	10000	101466	0.3511	0.5903	-0.954677504959149	-5.85862146994166	-0.985200421407489	4.11100514133705	9.96962661127872	0.123662631523907	-0.950197145928148	0.12370544155677	1.21381185275201	2.16400899868015	0.351830361852516	-1.91792086802332	-12.6272983966462	-1.74494356733278	8.64070166584197	21.2680000624882	0.0521	0.5786	0.177904188857791	-1.72665129206928	0.176692529833887	2.08362939488562	3.8102806869549	0	NA	NA	NA	NA	NA	NA	1	-0.954677504959149	0.911409138475026	1	0.123662631523907	0.0152924464354177	1	-1.91792086802332	3.67842045599932	1	0.177904188857791	0.0316499004131485	1.00139676978701	4736.62894528804	0	1.00199052644409	9704.15546097169	0	NA	NA	NA	NA	NA	NA	NA	NA
154	3	3	exact_null_point_mass	exact_null_point_mass	point_mass	0	none	no_benefit	0	0	NA	0	0	1000	360	600	1000	1000	360	741	0.64	0.259	5.99183203027197	24	24	0	2	1	10	4	1	5000	2500	1	0.99	14	10000	101153	0.4565	0.6911	-0.31729552148031	-6.02230763399179	-0.311221330863885	5.45949754915677	11.4818051831486	0.274708410441951	-0.81292846293391	0.281723892189862	1.36060693983151	2.17353540276542	0.476941226941227	-0.285905229360228	-12.2308154015781	-0.28915916906028	11.4494951594161	23.6803105609942	0.0676	0.5084	0.0751662245617101	-2.17179134184465	0.0281260539118877	2.51472179886342	4.68651314070807	0	NA	NA	NA	NA	NA	NA	1	-0.31729552148031	0.100676447951462	1	0.274708410441951	0.0754647107675437	1	-0.285905229360228	0.0817418001755244	1	0.0751662245617101	0.00564996131486143	1.00261319396255	3721.32455363395	0	1.00207114639056	11638.4875159951	0	NA	NA	NA	NA	NA	NA	NA	NA
354	3	3	exact_null_point_mass	exact_null_point_mass	point_mass	0	none	no_benefit	0	0	NA	0	0	1000	360	600	1000	1000	360	766	0.64	0.234	5.72699259048876	24	24	0	2	1	10	4	1	5000	2500	1	0.99	14	10000	101353	0.5577	0.4565	0.423493105781869	-5.14842283957131	0.442475678934933	5.97779049000482	11.1262133295761	-0.0618707736604	-1.10691376210654	-0.0644078576019131	0.991756431621455	2.09867019372799	0.5351294241944	0.520370907660504	-11.219489068585	0.453944186315655	12.4036811318647	23.6231702004497	0.0535	0.4221	-0.167825506318165	-1.76842740396074	-0.154711934131029	1.37393668921868	3.14236409317942	0	NA	NA	NA	NA	NA	NA	1	0.423493105781869	0.179346410644773	1	-0.0618707736604	0.00382799263333645	1	0.520370907660504	0.270785881539417	1	-0.167825506318165	0.0281654005709484	1.00258886847332	4365.49613572069	0	1.00149865247825	9427.7234871129	0	NA	NA	NA	NA	NA	NA	NA	NA
318	3	3	exact_null_point_mass	exact_null_point_mass	point_mass	0	none	no_benefit	0	0	NA	0	0	1000	360	600	1000	1000	360	774	0.64	0.226	6.25876330717023	24	24	0	2	1	10	4	1	5000	2500	1	0.99	14	10000	101317	0.6033	0.9887	0.664053721326059	-4.61376424634407	0.67800153945062	5.74069015341896	10.354454399763	1.20386958703316	0.16204975154945	1.21302880504499	2.23828079370161	2.07623104215216	0.553533643673297	0.718894088078444	-10.4904491851077	0.640718446519941	11.7675010478185	22.2579502329262	0.0548	0.987	2.05759927128014	0.2409688057326	2.03515246659027	3.94821469785288	3.70724589212028	0	NA	NA	NA	NA	NA	NA	1	0.664053721326059	0.440967344806987	0	1.20386958703316	1.4493019825834	1	0.718894088078444	0.516808709874138	0	2.05759927128014	4.23371476117258	1.00195427726165	4637.86100008844	0	1.00242399143418	12484.1244248826	0	NA	NA	NA	NA	NA	NA	NA	NA
328	3	3	exact_null_point_mass	exact_null_point_mass	point_mass	0	none	no_benefit	0	0	NA	0	0	1000	360	600	1000	1000	360	756	0.64	0.244	5.3696698803841	24	24	0	2	1	10	4	1	5000	2500	1	0.99	14	10000	101327	0.4368	0.2081	-0.432941138897533	-5.84900807079909	-0.473431564349214	4.94357860708756	10.7925866778867	-0.439389748561899	-1.52898311786884	-0.433774834403772	0.623069074180278	2.15205219204912	0.457240948813983	-0.549669581490141	-12.1243927520734	-0.480982513249398	10.7153132494538	22.8397060015272	0.0388	0.0807	-1.47867051133501	-3.33436180598958	-1.52198187019295	0.759243689451233	4.09360549544081	0	NA	NA	NA	NA	NA	NA	1	-0.432941138897533	0.187438029749893	1	-0.439389748561899	0.193063351141289	1	-0.549669581490141	0.302136648815547	1	-1.47867051133501	2.18646648109174	1.00216634704119	4426.30322378225	0	1.00149605189687	12693.4482217033	0	NA	NA	NA	NA	NA	NA	NA	NA
417	3	3	exact_null_point_mass	exact_null_point_mass	point_mass	0	none	no_benefit	0	0	NA	0	0	1000	360	600	1000	1000	360	754	0.64	0.246	6.37568272189021	24	24	0	2	1	10	4	1	5000	2500	1	0.99	14	10000	101416	0.5194	0.5319	0.144396913028189	-5.08684330809008	0.151327221442882	5.31736961104178	10.4042129191319	0.0361999625133025	-1.02428243652605	0.0405676923135267	1.12161306095664	2.14589549748268	0.517373286579535	0.275053316961965	-10.7136233379528	0.192510325967724	11.2473300385783	21.9609533765312	0.0589	0.4791	0.00358229457786854	-1.80489450026678	-0.0487890009614755	2.0964755992431	3.90137009950989	0	NA	NA	NA	NA	NA	NA	1	0.144396913028189	0.0208504684920704	1	0.0361999625133025	0.00131043728596451	1	0.275053316961965	0.0756543271717793	1	0.00358229457786854	1.28328344426263e-05	1.00142588889307	4725.52469404083	0	1.00231561454318	11497.4295193631	0	NA	NA	NA	NA	NA	NA	NA	NA
412	3	3	exact_null_point_mass	exact_null_point_mass	point_mass	0	none	no_benefit	0	0	NA	0	0	1000	360	600	1000	1000	360	759	0.64	0.241	6.25320907659393	24	24	0	2	1	10	4	1	5000	2500	1	0.99	14	10000	101411	0.3532	0.2092	-0.974584378714483	-6.09599500588128	-0.986149490995573	4.22279608855372	10.318791094435	-0.436464179455845	-1.49966601897491	-0.442440362221141	0.648117166416332	2.14778318539125	0.37522671503254	-1.68696330384972	-12.5519338254892	-1.52880723943154	9.50874585645688	22.0606796819461	0.0627	0.209	-0.797483352990276	-2.80060655221713	-0.782554609533975	1.18979466227624	3.99040121449338	0	NA	NA	NA	NA	NA	NA	1	-0.974584378714483	0.949814711234294	1	-0.436464179455845	0.190500979948064	1	-1.68696330384972	2.84584518853555	1	-0.797483352990276	0.635979698296612	1.00182155661863	4319.19379054213	0	1.00218002237705	11715.167215199	0	NA	NA	NA	NA	NA	NA	NA	NA
353	3	3	exact_null_point_mass	exact_null_point_mass	point_mass	0	none	no_benefit	0	0	NA	0	0	1000	360	600	1000	1000	360	777	0.64	0.223	5.66618517072584	24	24	0	2	1	10	4	1	5000	2500	1	0.99	14	10000	101352	0.4976	0.1113	-0.00967534479397089	-5.47689112504181	-0.0195745330554526	5.45863592839639	10.9355270534382	-0.653532646398823	-1.71027750549193	-0.6532719468536	0.418334857011265	2.12861236250319	0.494759131815776	-0.0348021651587175	-11.8421765244152	-0.0584931120244896	11.8069464910274	23.6491230154426	0.0555	0.1409	-0.987811892430299	-2.97305152880089	-0.967228599935121	0.815094612409489	3.78814614121038	0	NA	NA	NA	NA	NA	NA	1	-0.00967534479397089	9.36122968822196e-05	1	-0.653532646398823	0.427104919909049	1	-0.0348021651587175	0.00121119069973465	1	-0.987811892430299	0.975772334826728	1.00178963716846	4244.24213571648	0	1.00179227320616	10894.508997285	0	NA	NA	NA	NA	NA	NA	NA	NA
356	3	3	exact_null_point_mass	exact_null_point_mass	point_mass	0	none	no_benefit	0	0	NA	0	0	1000	360	600	1000	1000	360	738	0.64	0.262	6.52638254524522	24	24	0	2	1	10	4	1	5000	2500	1	0.99	14	10000	101355	0.378	0.0704	-0.769654428346811	-5.83874689135256	-0.801127402892509	4.4034156193306	10.2421625106832	-0.807843561093375	-1.86101489195837	-0.814422342476037	0.267158332357941	2.12817322431631	0.424791977810967	-1.07238781981397	-12.1635431167605	-0.906550779502937	9.99504308392519	22.1585862006857	0.0626	0.1753	-1.1789520698808	-3.67707019216199	-1.15238111899762	1.17202809450236	4.84909828666435	0	NA	NA	NA	NA	NA	NA	1	-0.769654428346811	0.592367939073857	1	-0.807843561093375	0.652611219200026	1	-1.07238781981397	1.15001563608535	1	-1.1789520698808	1.38992798307623	1.00183118548728	3746.62833046575	0	1.00216704844784	17749.3945004506	0	NA	NA	NA	NA	NA	NA	NA	NA
408	3	3	exact_null_point_mass	exact_null_point_mass	point_mass	0	none	no_benefit	0	0	NA	0	0	1000	360	600	1000	1000	360	743	0.64	0.257	6.9037904355291	24	24	0	2	1	10	4	1	5000	2500	1	0.99	14	10000	101407	0.464	0.5976	-0.229778025606427	-5.54561992082577	-0.25584006977488	5.15755041836066	10.7031703391864	0.138130497416347	-0.943909584658533	0.140561037694535	1.20270939454214	2.14661897920067	0.474557763703865	-0.314592730247193	-11.5605390357348	-0.326793014347434	10.9234671541535	22.4840061898884	0.0842	0.5178	0.0295549504515547	-2.16826641071747	0.0495458442022532	2.13767426204795	4.30594067276542	0	NA	NA	NA	NA	NA	NA	1	-0.229778025606427	0.0527979410515877	1	0.138130497416347	0.0190800343164874	1	-0.314592730247193	0.0989685859243828	1	0.0295549504515547	0.000873495096193853	1.00151240851682	4462.9976672373	0	1.00180102331932	13058.964127289	0	NA	NA	NA	NA	NA	NA	NA	NA
299	3	3	exact_null_point_mass	exact_null_point_mass	point_mass	0	none	no_benefit	0	0	NA	0	0	1000	360	600	1000	1000	360	755	0.64	0.245	6.7150505470034	24	24	0	2	1	10	4	1	5000	2500	1	0.99	14	10000	101298	0.4075	0.0403	-0.630670126957493	-5.9025510219876	-0.621722743408859	4.56514005420951	10.4676910761971	-0.938125473022058	-1.99867453887908	-0.940301422178762	0.11042034639776	2.10909488527684	0.453153638814016	-0.638980172755481	-12.0186089437116	-0.640336984351103	10.8994347135996	22.9180436573112	0.0725	0.0319	-1.89193092370864	-3.77964612093586	-1.92835714588596	0.119310424347246	3.89895654528311	0	NA	NA	NA	NA	NA	NA	1	-0.630670126957493	0.39774480903658	1	-0.938125473022058	0.880079403132859	1	-0.638980172755481	0.408295661174624	1	-1.89193092370864	3.57940262008501	1.00155572278944	4520.69134633628	0	1.00149131869819	11085.0462899641	0	NA	NA	NA	NA	NA	NA	NA	NA
332	3	3	exact_null_point_mass	exact_null_point_mass	point_mass	0	none	no_benefit	0	0	NA	0	0	1000	360	600	1000	1000	360	728	0.64	0.272	6.83845488110766	24	24	0	2	1	10	4	1	5000	2500	1	0.99	14	10000	101331	0.4387	0.1276	-0.468060513575981	-5.85803059191311	-0.407665105104818	4.85932158329241	10.7173521752055	-0.629178117017619	-1.71571909416415	-0.620102718143438	0.437498588791257	2.1532176829554	0.465817548443283	-0.522250266573283	-11.9092942422197	-0.422001936751737	10.9636598777069	22.8729541199266	0.0814	0.2125	-0.856908679604792	-3.0495617326191	-0.838393439788409	1.22344343559303	4.27300516821212	0	NA	NA	NA	NA	NA	NA	1	-0.468060513575981	0.219080644369011	1	-0.629178117017619	0.395865102933837	1	-0.522250266573283	0.272745340935865	1	-0.856908679604792	0.734292485182029	1.00235743024207	4378.55161042414	0	1.0013286600318	11284.7115872995	0	NA	NA	NA	NA	NA	NA	NA	NA
341	3	3	exact_null_point_mass	exact_null_point_mass	point_mass	0	none	no_benefit	0	0	NA	0	0	1000	360	600	1000	1000	360	754	0.64	0.246	6.16924995969505	24	24	0	2	1	10	4	1	5000	2500	1	0.99	14	10000	101340	0.5597	0.7684	0.402804536161271	-4.7865017977725	0.423791141554768	5.48019892682468	10.2667007245972	0.393908609504317	-0.64462037637256	0.386612966632813	1.46983880800591	2.11445918437847	0.539647108843537	0.54838769526815	-10.7728670845239	0.472777560447653	11.7043584496786	22.4772255342025	0.0592	0.9629	1.97652598077542	-0.235075776780809	1.99304304277454	3.96472634761318	4.19980212439399	0	NA	NA	NA	NA	NA	NA	1	0.402804536161271	0.162251494352097	1	0.393908609504317	0.155163992641624	1	0.54838769526815	0.300729064321513	1	1.97652598077542	3.90665495268024	1.00125855141749	4474.1223628629	0	1.00186979995575	12063.559921011	0	NA	NA	NA	NA	NA	NA	NA	NA
326	3	3	exact_null_point_mass	exact_null_point_mass	point_mass	0	none	no_benefit	0	0	NA	0	0	1000	360	600	1000	1000	360	764	0.64	0.236	6.15835155134747	24	24	0	2	1	10	4	1	5000	2500	1	0.99	14	10000	101325	0.5156	0.9066	0.128998205680982	-4.74814162189971	0.0853505745207634	5.1307619253547	9.87890354725442	0.708779298838846	-0.354344051090319	0.715423238179439	1.75483852542396	2.10918257651428	0.501466890192791	0.0639672619144141	-10.5941074619715	0.0133963611403418	10.9352824181231	21.5293898800946	0.0456	0.7566	0.594680358404462	-1.09988421083261	0.598198904834174	2.31955510134229	3.41943931217489	0	NA	NA	NA	NA	NA	NA	1	0.128998205680982	0.0166405370689129	1	0.708779298838846	0.502368094462487	1	0.0639672619144141	0.00409181059682725	1	0.594680358404462	0.353644728672059	1.00150989087896	4672.64819692659	0	1.00131457522907	12404.8257618648	0	NA	NA	NA	NA	NA	NA	NA	NA
368	3	3	exact_null_point_mass	exact_null_point_mass	point_mass	0	none	no_benefit	0	0	NA	0	0	1000	360	600	1000	1000	360	725	0.64	0.275	6.47424555085816	24	24	0	2	1	10	4	1	5000	2500	1	0.99	14	10000	101367	0.5019	0.5712	-0.0147069986462971	-5.25100147811701	0.0155549356562332	5.24559629139986	10.4965977695169	0.091627537859664	-0.989945111174306	0.101747014600443	1.1602194348151	2.15016454598941	0.496734125709391	-0.063063976132154	-11.2610786698052	-0.0324691810381541	11.1657529375308	22.426831607336	0.0661	0.5887	0.261221020742634	-2.09253524224098	0.278756444076989	2.54308806086737	4.63562330310835	0	NA	NA	NA	NA	NA	NA	1	-0.0147069986462971	0.000216295809182186	1	0.091627537859664	0.00839560569422416	1	-0.063063976132154	0.00397706508559689	1	0.261221020742634	0.0682364216778234	1.00156407073271	4652.20162811482	0	1.00150412628683	11157.3362160818	0	NA	NA	NA	NA	NA	NA	NA	NA
529	3	3	exact_null_point_mass	exact_null_point_mass	point_mass	0	none	no_benefit	0	0	NA	0	0	1000	360	600	1000	1000	360	750	0.64	0.25	6.21880290683706	24	24	0	2	1	10	4	1	5000	2500	1	0.99	14	10000	101528	0.5726	0.3298	0.481711543301199	-4.61137803381995	0.478722432604967	5.5485994412108	10.1599774750308	-0.261287399368336	-1.36253043117728	-0.262630706705906	0.821852525260567	2.18438295643785	0.572966757265315	0.97964210958115	-9.84629676439146	0.841669643728101	11.8406155074915	21.686912271883	0.0434	0.5398	0.0548791807374151	-2.20253716306418	0.107761070222149	2.09884514204491	4.30138230510909	0	NA	NA	NA	NA	NA	NA	1	0.481711543301199	0.232046010949623	1	-0.261287399368336	0.0682711050686681	1	0.97964210958115	0.959698662864606	1	0.0548791807374151	0.00301172447840987	1.00203680640019	4388.59877755779	0	1.00177679860541	10804.0785809944	0	NA	NA	NA	NA	NA	NA	NA	NA
215	3	3	exact_null_point_mass	exact_null_point_mass	point_mass	0	none	no_benefit	0	0	NA	0	0	1000	360	600	1000	1000	360	745	0.64	0.255	5.89237977283019	24	24	0	2	1	10	4	1	5000	2500	1	0.99	14	10000	101214	0.4199	0.0531	-0.566788523353092	-6.02686366522624	-0.562746152294967	4.94346896144277	10.970332626669	-0.871903795512819	-1.93463510958677	-0.870042684405798	0.173487957746736	2.1081230673335	0.455534229046705	-0.644002792554591	-12.3334158552274	-0.567284299081126	11.0144093615517	23.3478252167791	0.0622	0.1314	-1.14383910428502	-3.37406032465705	-1.06757732850095	0.784730652262832	4.15879097691988	0	NA	NA	NA	NA	NA	NA	1	-0.566788523353092	0.321249230204779	1	-0.871903795512819	0.76021622862966	1	-0.644002792554591	0.414739596818111	1	-1.14383910428502	1.30836789649157	1.00161737978325	4198.62121544731	0	1.00275792409408	15218.097850537	0	NA	NA	NA	NA	NA	NA	NA	NA
343	3	3	exact_null_point_mass	exact_null_point_mass	point_mass	0	none	no_benefit	0	0	NA	0	0	1000	360	600	1000	1000	360	736	0.64	0.264	6.62787683289951	24	24	0	2	1	10	4	1	5000	2500	1	0.99	14	10000	101342	0.5403	0.6144	0.245103282225629	-5.16673257496466	0.265489268867555	5.46821671955828	10.6349492945229	0.166565741701339	-0.921021953947667	0.165334575805126	1.25990049818371	2.18092245213138	0.536608863198459	0.488563533414654	-10.7844109085727	0.444380339881538	11.9646806595139	22.7490915680866	0.0658	0.6604	0.414004914329597	-1.66691686099295	0.435432158000935	2.37841421718409	4.04533107817704	0	NA	NA	NA	NA	NA	NA	1	0.245103282225629	0.0600756189577762	1	0.166565741701339	0.0277441463085172	1	0.488563533414654	0.238694326182612	1	0.414004914329597	0.171400069089057	1.00124565634771	4468.58907931455	0	1.00169082640976	11244.7908081187	0	NA	NA	NA	NA	NA	NA	NA	NA
358	3	3	exact_null_point_mass	exact_null_point_mass	point_mass	0	none	no_benefit	0	0	NA	0	0	1000	360	600	1000	1000	360	774	0.64	0.226	5.94072468941451	24	24	0	2	1	10	4	1	5000	2500	1	0.99	14	10000	101357	0.5048	0.4916	0.0367964596596647	-5.64835361321174	0.0405424965277783	5.60979730822447	11.2581509214362	-0.00753520348979159	-1.09410913162724	-0.0115030602792441	1.04794969909841	2.14205883072565	0.50341224141608	0.0560342792703524	-11.8500609681233	0.0310278956570276	11.9999997920405	23.8500607601638	0.0622	0.7253	0.523894980379372	-1.25039849400019	0.532409190307458	2.29384081627221	3.5442393102724	0	NA	NA	NA	NA	NA	NA	1	0.0367964596596647	0.00135397944348533	1	-0.00753520348979159	5.67792916325674e-05	1	0.0560342792703524	0.00313984045334785	1	0.523894980379372	0.274465950466702	1.00144228537721	4559.46759737566	0	1.0017500888375	13504.6412526888	0	NA	NA	NA	NA	NA	NA	NA	NA
296	3	3	exact_null_point_mass	exact_null_point_mass	point_mass	0	none	no_benefit	0	0	NA	0	0	1000	360	600	1000	1000	360	735	0.64	0.265	5.94141463199719	24	24	0	2	1	10	4	1	5000	2500	1	0.99	14	10000	101295	0.4409	0.0356	-0.414948329731724	-5.87973414829844	-0.412133115441477	4.97188216386554	10.851616312164	-0.985011691408163	-2.04347357274638	-0.987010752184868	0.0792981693739452	2.12277174212032	0.463950511945392	-0.497390312973849	-12.290099988734	-0.50017907168648	11.351871542635	23.6419715313691	0.0624	0.0368	-1.95965167602334	-4.31400526079586	-1.9240561906929	0.214520761176925	4.52852602197278	0	NA	NA	NA	NA	NA	NA	1	-0.414948329731724	0.172182116347147	1	-0.985011691408163	0.970248032210769	1	-0.497390312973849	0.247397123440224	1	-1.95965167602334	3.84023469134109	1.00149415079976	4141.88799120099	0	1.00237997966345	13704.3851061228	0	NA	NA	NA	NA	NA	NA	NA	NA
418	3	3	exact_null_point_mass	exact_null_point_mass	point_mass	0	none	no_benefit	0	0	NA	0	0	1000	360	600	1000	1000	360	777	0.64	0.223	5.59487133571449	24	24	0	2	1	10	4	1	5000	2500	1	0.99	14	10000	101417	0.4008	0.4486	-0.684792578119258	-6.23646959032453	-0.744288768391875	5.04089123686919	11.2773608271937	-0.0698334060248414	-1.14749242680914	-0.0675444664639864	0.994159268096611	2.14165169490575	0.424117522722469	-1.01456116719975	-12.3770079321872	-0.999039764240647	10.882744336261	23.2597522684482	0.0538	0.52	0.0570363520769037	-2.39122871721925	0.0658329669282907	2.43717262243722	4.82840133965647	0	NA	NA	NA	NA	NA	NA	1	-0.684792578119258	0.46894087504722	1	-0.0698334060248414	0.00487670459703036	1	-1.01456116719975	1.02933436198972	1	0.0570363520769037	0.00325314545824051	1.00194821249712	4333.94299289945	0	1.00190500609283	12796.7200402244	0	NA	NA	NA	NA	NA	NA	NA	NA
401	3	3	exact_null_point_mass	exact_null_point_mass	point_mass	0	none	no_benefit	0	0	NA	0	0	1000	360	600	1000	1000	360	731	0.64	0.269	6.61154045272328	24	24	0	2	1	10	4	1	5000	2500	1	0.99	14	10000	101400	0.5559	0.8467	0.388592454505796	-4.79108005809501	0.393730476667915	5.64590594149696	10.436985999592	0.559777945543442	-0.525995159124503	0.55651367813541	1.65123094876381	2.17722610788832	0.528951318893416	0.359482608833338	-10.985243128623	0.388655991242869	11.6757845365018	22.6610276651247	0.0674	0.7677	0.690666845670494	-1.24274579458392	0.688417930666814	2.57629729224424	3.81904308682816	0	NA	NA	NA	NA	NA	NA	1	0.388592454505796	0.151004095698839	1	0.559777945543442	0.313351348316837	1	0.359482608833338	0.129227746053623	1	0.690666845670494	0.47702069170843	1.00111550121163	4321.65021297839	0	1.00234359799594	11504.1057568027	0	NA	NA	NA	NA	NA	NA	NA	NA
334	3	3	exact_null_point_mass	exact_null_point_mass	point_mass	0	none	no_benefit	0	0	NA	0	0	1000	360	600	1000	1000	360	766	0.64	0.234	5.90999952068339	24	24	0	2	1	10	4	1	5000	2500	1	0.99	14	10000	101333	0.5138	0.5188	0.0845584130700865	-5.61413579956025	0.110301418549772	5.80974239433336	11.4238781938936	0.0209991411481052	-1.049101942846	0.0244573657919709	1.08097363502866	2.13007557787466	0.502865633623435	0.0585790003116893	-11.6392538891046	0.0311349561078655	11.7924051131929	23.4316590022976	0.0578	0.3459	-0.31311495578432	-2.0927334564876	-0.326760678931892	1.49606738605108	3.58880084253868	0	NA	NA	NA	NA	NA	NA	1	0.0845584130700865	0.00715012522093138	1	0.0209991411481052	0.000440963928958046	1	0.0585790003116893	0.0034314992775169	1	-0.31311495578432	0.0980409755358165	1.00237733795935	4506.37611110858	0	1.0012645351889	10239.5458589695	0	NA	NA	NA	NA	NA	NA	NA	NA
370	3	3	exact_null_point_mass	exact_null_point_mass	point_mass	0	none	no_benefit	0	0	NA	0	0	1000	360	600	1000	1000	360	739	0.64	0.261	5.90517551517123	24	24	0	2	1	10	4	1	5000	2500	1	0.99	14	10000	101369	0.4091	0.1755	-0.625828071280865	-6.09956241076774	-0.638015843049913	5.0082082433483	11.107770654116	-0.509687972377658	-1.56503566812732	-0.506033006079461	0.550886267795787	2.1159219359231	0.44004693834009	-0.925787224411505	-12.8355755349439	-0.818810646141796	10.9216746229523	23.7572501578962	0.0626	0.2158	-0.965652410091291	-3.37376654900588	-0.931083188164069	1.37186192573602	4.74562847474189	0	NA	NA	NA	NA	NA	NA	1	-0.625828071280865	0.391660774803127	1	-0.509687972377658	0.259781829186448	1	-0.925787224411505	0.857081984883558	1	-0.965652410091291	0.93248457711512	1.00142520362688	4538.84903481999	0	1.00142302742666	13749.2206382035	0	NA	NA	NA	NA	NA	NA	NA	NA
397	3	3	exact_null_point_mass	exact_null_point_mass	point_mass	0	none	no_benefit	0	0	NA	0	0	1000	360	600	1000	1000	360	747	0.64	0.253	5.88351453338093	24	24	0	2	1	10	4	1	5000	2500	1	0.99	14	10000	101396	0.66	0.994	1.1835136038764	-4.48919834785857	1.21542910764502	6.70771992382404	11.1969182716826	1.35263012383129	0.285122118243532	1.35090695248513	2.40333719374125	2.11821507549772	0.604106512672441	1.51200010233972	-10.3065208878726	1.45866712376127	13.0226284071018	23.3291492949743	0.0649	0.95	1.83220839512221	-0.274381193612879	1.75399100762794	4.10333113837412	4.377712331987	0	NA	NA	NA	NA	NA	NA	1	1.1835136038764	1.4007044505605	0	1.35263012383129	1.82960825189585	1	1.51200010233972	2.28614430947531	1	1.83220839512221	3.35698760315631	1.00170440334544	4216.71725380847	0	1.00283197758194	12194.9343658553	0	NA	NA	NA	NA	NA	NA	NA	NA
421	3	3	exact_null_point_mass	exact_null_point_mass	point_mass	0	none	no_benefit	0	0	NA	0	0	1000	360	600	1000	1000	360	758	0.64	0.242	5.56387273153321	24	24	0	2	1	10	4	1	5000	2500	1	0.99	14	10000	101420	0.6115	0.8027	0.756377162094962	-4.7820838235409	0.775910539791782	6.24822894461343	11.0303127681543	0.456894193471168	-0.59591909241882	0.461001813390807	1.52032143763377	2.11624053005259	0.580027504495927	1.14406426886099	-10.4782135473336	1.03664324906212	12.6812985962199	23.1595121435536	0.0547	0.8074	0.750308133136477	-0.861102001111761	0.717104869204112	2.57718164964734	3.4382836507591	0	NA	NA	NA	NA	NA	NA	1	0.756377162094962	0.572106411338829	1	0.456894193471168	0.208752304027669	1	1.14406426886099	1.30888305128443	1	0.750308133136477	0.562962294650746	1.00136831991006	4195.42997009785	0	1.00250318196398	12675.2401847003	0	NA	NA	NA	NA	NA	NA	NA	NA
340	3	3	exact_null_point_mass	exact_null_point_mass	point_mass	0	none	no_benefit	0	0	NA	0	0	1000	360	600	1000	1000	360	742	0.64	0.258	6.55112098437896	24	24	0	2	1	10	4	1	5000	2500	1	0.99	14	10000	101339	0.4739	0.0563	-0.166628635538364	-5.42343975125754	-0.16325454015496	5.05980072223698	10.4832404734945	-0.871426361003688	-1.94369354701101	-0.870596592232604	0.196690824039161	2.14038437105017	0.48130393096836	-0.264406633507219	-11.2043705578332	-0.215649495788744	10.8842072692991	22.0885778271323	0.0613	0.0795	-1.3886607667649	-3.44805589083336	-1.34959352089392	0.593963459448477	4.04201935028183	0	NA	NA	NA	NA	NA	NA	1	-0.166628635538364	0.0277651021813768	1	-0.871426361003688	0.75938390265213	1	-0.264406633507219	0.0699108678426206	1	-1.3886607667649	1.92837872515208	1.00179229057913	4435.18327043793	0	1.00158248248122	14932.0797284905	0	NA	NA	NA	NA	NA	NA	NA	NA
476	3	3	exact_null_point_mass	exact_null_point_mass	point_mass	0	none	no_benefit	0	0	NA	0	0	1000	360	600	1000	1000	360	740	0.64	0.26	6.43540853819842	24	24	0	2	1	10	4	1	5000	2500	1	0.99	14	10000	101475	0.456	0.1846	-0.275257526730247	-5.54758388292674	-0.292239965769647	5.01473184410598	10.5623157270327	-0.503283324097183	-1.57123362295808	-0.510393081669148	0.573156963509143	2.14439058646722	0.474068506388919	-0.327241330372617	-11.4865979104905	-0.291642869860535	10.8877079085884	22.3743058190789	0.0687	0.0409	-1.87519304973327	-3.80586739090297	-1.93456160977118	0.27262375626691	4.07849114716988	0	NA	NA	NA	NA	NA	NA	1	-0.275257526730247	0.0757667060216525	1	-0.503283324097183	0.25329410431431	1	-0.327241330372617	0.10708688830404	1	-1.87519304973327	3.51634897376796	1.00157948716009	4314.67062287715	0	1.00140312739269	12679.3003487078	0	NA	NA	NA	NA	NA	NA	NA	NA
398	3	3	exact_null_point_mass	exact_null_point_mass	point_mass	0	none	no_benefit	0	0	NA	0	0	1000	360	600	1000	1000	360	747	0.64	0.253	6.57501791318218	24	24	0	2	1	10	4	1	5000	2500	1	0.99	14	10000	101397	0.5018	0.653	0.0178840468100454	-5.11500821061615	0.00881252443049796	5.08805350151526	10.2030617121314	0.211761698550076	-0.841553559031881	0.212339761350959	1.2800604687633	2.12161402779518	0.493912857753097	-0.106481411834413	-11.3417431421297	-0.0710956650191257	11.2203251271265	22.5620682692562	0.0636	0.6457	0.435984693641889	-1.95283295240951	0.455866346306215	2.72626757023045	4.67910052263995	0	NA	NA	NA	NA	NA	NA	1	0.0178840468100454	0.000319839130303895	1	0.211761698550076	0.0448430169728133	1	-0.106481411834413	0.0113382910662498	1	0.435984693641889	0.190082653090012	1.00173686303678	4305.45816562181	0	1.0014862827796	11113.0959648869	0	NA	NA	NA	NA	NA	NA	NA	NA
359	3	3	exact_null_point_mass	exact_null_point_mass	point_mass	0	none	no_benefit	0	0	NA	0	0	1000	360	600	1000	1000	360	771	0.64	0.229	6.0721906503137	24	24	0	2	1	10	4	1	5000	2500	1	0.99	14	10000	101358	0.2883	0.0851	-1.33054871966243	-5.92598462316717	-1.39171513689309	3.43051246030991	9.35649708347709	-0.72967991270095	-1.7836867114368	-0.72528270000275	0.318308231500674	2.10199494293747	0.17218407297325	-3.51633022155067	-13.5870765906427	-3.06021531228059	5.65870278967166	19.2457793803144	0.0243	0.0315	-1.45097894958539	-3.18550205384736	-1.40485228420967	0.0714717242962754	3.25697377814363	0	NA	NA	NA	NA	NA	NA	1	-1.33054871966243	1.77035989539534	1	-0.72967991270095	0.532432774999265	1	-3.51633022155067	12.3645782269906	1	-1.45097894958539	2.10533991213992	1.00151709930379	4473.92792216105	0	1.00203742522673	14158.1294768678	0	NA	NA	NA	NA	NA	NA	NA	NA
409	3	3	exact_null_point_mass	exact_null_point_mass	point_mass	0	none	no_benefit	0	0	NA	0	0	1000	360	600	1000	1000	360	761	0.64	0.239	6.15611135040121	24	24	0	2	1	10	4	1	5000	2500	1	0.99	14	10000	101408	0.5331	0.6437	0.212800069919468	-5.07479536132153	0.233843629643051	5.48219910980768	10.5569944711292	0.206587276647067	-0.862921601003982	0.209635806063633	1.28333531894872	2.14625691995271	0.514273495135251	0.188395495645448	-10.8110362759244	0.179753491480231	11.2928216804053	22.1038579563297	0.0647	0.6546	0.383659667872106	-1.41582080325806	0.384395636316852	2.13985423488331	3.55567503814137	0	NA	NA	NA	NA	NA	NA	1	0.212800069919468	0.0452838697577306	1	0.206587276647067	0.0426783028724519	1	0.188395495645448	0.035492862779494	1	0.383659667872106	0.147194740751735	1.00170247969431	3968.16461985036	0	1.00215060615721	11627.6194195604	0	NA	NA	NA	NA	NA	NA	NA	NA
319	3	3	exact_null_point_mass	exact_null_point_mass	point_mass	0	none	no_benefit	0	0	NA	0	0	1000	360	600	1000	1000	360	723	0.64	0.277	6.45567723420522	24	24	0	2	1	10	4	1	5000	2500	1	0.99	14	10000	101318	0.4965	0.5667	-0.0161564574028214	-5.126285802592	-0.0237594377975752	5.06608125465025	10.1923670572423	0.0995125335885079	-1.00184710418907	0.0936784832522948	1.18384286455238	2.18568996874144	0.485583572720502	-0.245822276243784	-11.4796544082152	-0.186748810084298	10.8412835801817	22.3209379883969	0.0601	0.6064	0.329582405791584	-1.73318758337517	0.269825869494279	2.5654642314298	4.29865181480496	0	NA	NA	NA	NA	NA	NA	1	-0.0161564574028214	0.000261031115809182	1	0.0995125335885079	0.00990274434120391	1	-0.245822276243784	0.0604285914976754	1	0.329582405791584	0.108624562207369	1.00185675200608	4839.23060059342	0	1.00125582417125	12436.6995095912	0	NA	NA	NA	NA	NA	NA	NA	NA
438	3	3	exact_null_point_mass	exact_null_point_mass	point_mass	0	none	no_benefit	0	0	NA	0	0	1000	360	600	1000	1000	360	747	0.64	0.253	6.23840471165628	24	24	0	2	1	10	4	1	5000	2500	1	0.99	14	10000	101437	0.4233	0.1491	-0.50675842622567	-5.60724878652565	-0.500580477733315	4.59195306403158	10.1992018505572	-0.570905539487277	-1.65417545887546	-0.575492136572848	0.519340476742151	2.17351593561761	0.423202442362354	-1.02645067324195	-12.2435770164501	-0.913671850874627	10.2382953389514	22.4818723554015	0.0501	0.3145	-0.562357768587062	-2.84743390698496	-0.539155345054668	1.64261602529041	4.49004993227537	0	NA	NA	NA	NA	NA	NA	1	-0.50675842622567	0.256804102550718	1	-0.570905539487277	0.325933135017259	1	-1.02645067324195	1.05360098459885	1	-0.562357768587062	0.31624625989022	1.0014498734031	4558.95806493789	0	1.00143974896169	12259.4491615293	0	NA	NA	NA	NA	NA	NA	NA	NA
410	3	3	exact_null_point_mass	exact_null_point_mass	point_mass	0	none	no_benefit	0	0	NA	0	0	1000	360	600	1000	1000	360	778	0.64	0.222	5.99812195277049	24	24	0	2	1	10	4	1	5000	2500	1	0.99	14	10000	101409	0.4941	0.3649	-0.0538430838123036	-5.65570794108808	-0.0484691923058316	5.61316711877669	11.2688750598648	-0.189114024423442	-1.24871394541663	-0.187978885359117	0.862657972269509	2.11137191768614	0.497651579846285	-0.0379103070812748	-12.0214018650248	-0.0373167922467035	11.8239369005524	23.8453387655772	0.0632	0.7049	0.43062904546181	-1.46150495397022	0.47736287700312	2.12453260015917	3.58603755412938	0	NA	NA	NA	NA	NA	NA	1	-0.0538430838123036	0.00289907767441875	1	-0.189114024423442	0.03576411423363	1	-0.0379103070812748	0.00143719138299656	1	0.43062904546181	0.18544137479535	1.00185911738529	4222.09207742376	0	1.00172588575035	11979.5410023026	0	NA	NA	NA	NA	NA	NA	NA	NA
305	3	3	exact_null_point_mass	exact_null_point_mass	point_mass	0	none	no_benefit	0	0	NA	0	0	1000	360	600	1000	1000	360	753	0.64	0.247	6.28552034624725	24	24	0	2	1	10	4	1	5000	2500	1	0.99	14	10000	101304	0.4411	0.5248	-0.359916174472875	-5.42055750157044	-0.371108154237016	4.85265537232779	10.2732128738982	0.0314073021424951	-1.01405342428619	0.0370617225522167	1.08918932596606	2.10324275025225	0.442369263607257	-0.854972200274505	-11.9921876010558	-0.710216399229969	10.3399663519034	22.3321539529592	0.063	0.3824	-0.257676466561509	-1.98272430073449	-0.257809080083204	1.43192918597071	3.4146534867052	0	NA	NA	NA	NA	NA	NA	1	-0.359916174472875	0.129539652647189	1	0.0314073021424951	0.000986418627869977	1	-0.854972200274505	0.730977463242229	1	-0.257676466561509	0.0663971614196243	1.00122743070705	4528.7606631046	0	1.00235461460136	15427.5978689314	0	NA	NA	NA	NA	NA	NA	NA	NA
392	3	3	exact_null_point_mass	exact_null_point_mass	point_mass	0	none	no_benefit	0	0	NA	0	0	1000	360	600	1000	1000	360	748	0.64	0.252	5.90338914923847	24	24	0	2	1	10	4	1	5000	2500	1	0.99	14	10000	101391	0.4573	0.509	-0.293313344192588	-5.87114322765261	-0.31852070020032	5.38734768920965	11.2584909168623	0.013489887366768	-1.06793316042348	0.0122303157867067	1.0867889927224	2.15472215314588	0.472462838199123	-0.471799849681132	-12.2229716316838	-0.361222721046209	11.5531939769299	23.7761656086137	0.0649	0.6986	0.502067106558334	-1.20987665905028	0.451368456208831	2.38595658584162	3.5958332448919	0	NA	NA	NA	NA	NA	NA	1	-0.293313344192588	0.0860327178814395	1	0.013489887366768	0.000181977061168087	1	-0.471799849681132	0.222595098159139	1	0.502067106558334	0.252071379487858	1.00184456749929	4291.53912453028	0	1.00160119169508	12586.9141152116	0	NA	NA	NA	NA	NA	NA	NA	NA
474	3	3	exact_null_point_mass	exact_null_point_mass	point_mass	0	none	no_benefit	0	0	NA	0	0	1000	360	600	1000	1000	360	738	0.64	0.262	6.2806696483021	24	24	0	2	1	10	4	1	5000	2500	1	0.99	14	10000	101473	0.5198	0.2147	0.13024104768075	-5.04090426291035	0.126496226520534	5.25245340396616	10.2933576668765	-0.437570409138091	-1.53351584185643	-0.435498826717341	0.667508087695921	2.20102392955235	0.519722309876933	0.236240579818538	-10.8860402527237	0.188388659785586	11.0662435751393	21.952283827863	0.0493	0.4445	-0.189729305400263	-2.3999031322036	-0.148664156532058	1.78030266987206	4.18020580207566	0	NA	NA	NA	NA	NA	NA	1	0.13024104768075	0.0169627305009794	1	-0.437570409138091	0.191467862953276	1	0.236240579818538	0.0558096115529992	1	-0.189729305400263	0.0359972093276663	1.00162333160103	4282.93748249961	0	1.00273232404694	13230.9773671805	0	NA	NA	NA	NA	NA	NA	NA	NA
344	3	3	exact_null_point_mass	exact_null_point_mass	point_mass	0	none	no_benefit	0	0	NA	0	0	1000	360	600	1000	1000	360	755	0.64	0.245	6.3662433712608	24	24	0	2	1	10	4	1	5000	2500	1	0.99	14	10000	101343	0.4291	0.5544	-0.465007269519052	-5.51548052829889	-0.490644988971371	4.71208407830893	10.2275646066078	0.0725137425131841	-0.961264835655326	0.0708559065228744	1.10138816829722	2.06265300395254	0.457057823129252	-0.598438642877281	-11.6805494874133	-0.520864363324776	10.4210549753038	22.101604462717	0.0592	0.6351	0.287660683738395	-1.8134781387407	0.342216012975861	2.27372746216732	4.08720560090803	0	NA	NA	NA	NA	NA	NA	1	-0.465007269519052	0.216231760705564	1	0.0725137425131841	0.00525824285326836	1	-0.598438642877281	0.358128809288801	1	0.287660683738395	0.0827486689688408	1.00133791996086	4419.89604064409	0	1.00141844995237	13537.589641228	0	NA	NA	NA	NA	NA	NA	NA	NA
508	3	3	exact_null_point_mass	exact_null_point_mass	point_mass	0	none	no_benefit	0	0	NA	0	0	1000	360	600	1000	1000	360	746	0.64	0.254	6.16495502355355	24	24	0	2	1	10	4	1	5000	2500	1	0.99	14	10000	101507	0.393	0.636	-0.709912441034416	-5.78957947497127	-0.715984640658205	4.39792280152349	10.1875022764948	0.18817290906663	-0.892868756070845	0.178921449240403	1.27584067727266	2.16870943334351	0.395216520914551	-1.3150473704182	-12.1302332650259	-1.23004041144474	9.68600508654658	21.8162383515725	0.0509	0.4406	-0.1152820417775	-1.88779965700423	-0.132599160327583	1.69850078204927	3.5863004390535	0	NA	NA	NA	NA	NA	NA	1	-0.709912441034416	0.503975673935443	1	0.18817290906663	0.0354090437065984	1	-1.3150473704182	1.72934958644383	1	-0.1152820417775	0.0132899491563891	1.00157750377668	4465.27000792538	0	1.0013115700963	9621.16644543874	0	NA	NA	NA	NA	NA	NA	NA	NA
369	3	3	exact_null_point_mass	exact_null_point_mass	point_mass	0	none	no_benefit	0	0	NA	0	0	1000	360	600	1000	1000	360	757	0.64	0.243	5.52789257781589	24	24	0	2	1	10	4	1	5000	2500	1	0.99	14	10000	101368	0.3982	0.1908	-0.703187043790239	-6.08532211291409	-0.719264466745563	4.80668778889581	10.8920099018099	-0.485635997090125	-1.59698657113256	-0.483519704765482	0.583540087365661	2.18052665849822	0.429216551144718	-1.09224405704903	-12.5733721981123	-0.961965009358339	10.7288911294034	23.3022633275158	0.0478	0.1645	-1.03129355811295	-2.89892327961669	-1.07680637685022	0.981020116364443	3.87994339598113	0	NA	NA	NA	NA	NA	NA	1	-0.703187043790239	0.494472018554455	1	-0.485635997090125	0.23584232166972	1	-1.09224405704903	1.19299708015892	1	-1.03129355811295	1.06356640300526	1.00155064004067	4036.83022972217	0	1.00143344975026	13981.6795673369	0	NA	NA	NA	NA	NA	NA	NA	NA
295	3	3	exact_null_point_mass	exact_null_point_mass	point_mass	0	none	no_benefit	0	0	NA	0	0	1000	360	600	1000	1000	360	757	0.64	0.243	6.34556958593463	24	24	0	2	1	10	4	1	5000	2500	1	0.99	14	10000	101294	0.534	0.2523	0.247111653926098	-4.94307740367955	0.230577923745814	5.48987455567105	10.4329519593506	-0.362857364371821	-1.43384748919119	-0.357693114996634	0.667328618393602	2.10117610758479	0.545713682432432	0.671402119669764	-10.6073902209137	0.596228080000555	11.9880541907447	22.5954444116584	0.0528	0.3056	-0.582276428293183	-2.9631106871109	-0.553884261256472	1.57773156473233	4.54084225184322	0	NA	NA	NA	NA	NA	NA	1	0.247111653926098	0.0610641695060915	1	-0.362857364371821	0.131665466878864	1	0.671402119669764	0.450780806297052	1	-0.582276428293183	0.339045838945866	1.00186245744132	4046.32568011958	0	1.00155680229733	11679.4462622419	0	NA	NA	NA	NA	NA	NA	NA	NA
422	3	3	exact_null_point_mass	exact_null_point_mass	point_mass	0	none	no_benefit	0	0	NA	0	0	1000	360	600	1000	1000	360	771	0.64	0.229	6.00287447092465	24	24	0	2	1	10	4	1	5000	2500	1	0.99	14	10000	101421	0.4587	0.6184	-0.310985334207018	-5.98242696496424	-0.32208992974243	5.22136291772058	11.2037898826848	0.158574415953987	-0.893229689512946	0.161219389323884	1.18344129561414	2.07667098512708	0.438987187309335	-0.583682880263339	-11.5998236835406	-0.168176710410926	9.98825848226442	21.5880821658051	0.0166	0.5624	0.114799110968408	-1.39425581993901	0.111218117050274	1.63856282644666	3.03281864638566	0	NA	NA	NA	NA	NA	NA	1	-0.310985334207018	0.0967118780918506	1	0.158574415953987	0.025145845395148	1	-0.583682880263339	0.340685704712507	1	0.114799110968408	0.0131788358791368	1.0016832313399	4366.50396329749	0	1.00114421109735	9730.66196794855	0	NA	NA	NA	NA	NA	NA	NA	NA
431	3	3	exact_null_point_mass	exact_null_point_mass	point_mass	0	none	no_benefit	0	0	NA	0	0	1000	360	600	1000	1000	360	744	0.64	0.256	6.35979210983736	24	24	0	2	1	10	4	1	5000	2500	1	0.99	14	10000	101430	0.5374	0.7938	0.200988599935561	-4.913557679126	0.231785322377363	5.29092763350631	10.2044853126323	0.459221829230381	-0.625451934977847	0.463867358277301	1.54281163427007	2.16826356924792	0.525862068965517	0.265266583984959	-10.7859345464907	0.264803016987281	11.3058254297265	22.0917599762172	0.0488	0.8162	1.01039503280057	-1.1710723542887	1.01123601620349	3.17205180827655	4.34312416256525	0	NA	NA	NA	NA	NA	NA	1	0.200988599935561	0.0403964173040571	1	0.459221829230381	0.210884688441697	1	0.265266583984959	0.0703663605790492	1	1.01039503280057	1.02089812230806	1.00167588281816	4711.70710367731	0	1.00154161986949	10395.5948654182	0	NA	NA	NA	NA	NA	NA	NA	NA
405	3	3	exact_null_point_mass	exact_null_point_mass	point_mass	0	none	no_benefit	0	0	NA	0	0	1000	360	600	1000	1000	360	748	0.64	0.252	6.09396990491685	24	24	0	2	1	10	4	1	5000	2500	1	0.99	14	10000	101404	0.6241	0.6367	0.861118351350952	-4.41787908185334	0.875258757401658	5.97454565967998	10.3924247415333	0.200014852673142	-0.875722813017811	0.198999620486472	1.30404608784746	2.17976890086527	0.599508599508599	1.28875203470436	-9.91883049896552	1.23185237323241	12.2761122791774	22.1949427781429	0.0639	0.4552	-0.0953343541089004	-2.07882458582946	-0.108901634286963	1.97135601861464	4.05018060444411	0	NA	NA	NA	NA	NA	NA	1	0.861118351350952	0.741524815033381	1	0.200014852673142	0.0400059412898586	1	1.28875203470436	1.66088180695463	1	-0.0953343541089004	0.00908863907336122	1.00117057533892	4806.22132589077	0	1.00162177513488	10132.3831056311	0	NA	NA	NA	NA	NA	NA	NA	NA
365	3	3	exact_null_point_mass	exact_null_point_mass	point_mass	0	none	no_benefit	0	0	NA	0	0	1000	360	600	1000	1000	360	752	0.64	0.248	6.80320869577564	24	24	0	2	1	10	4	1	5000	2500	1	0.99	14	10000	101364	0.5147	0.6793	0.0930605075016286	-5.23505924132104	0.120014816572658	5.53818888021497	10.773248121536	0.249392496951846	-0.7822395967961	0.251554866965912	1.31717707299429	2.09941666979039	0.509251290877797	0.149516803274762	-11.1900923138689	0.119039378450077	11.5367882685984	22.7268805824673	0.0704	0.6992	0.559790516749599	-1.48706581596859	0.593477953600042	2.58065619505012	4.06772201101871	0	NA	NA	NA	NA	NA	NA	1	0.0930605075016286	0.00866025805646068	1	0.249392496951846	0.0621966175358766	1	0.149516803274762	0.0223552744615039	1	0.559790516749599	0.313365422642783	1.00161825909637	4041.16931646432	0	1.00149138848127	11637.0955811165	0	NA	NA	NA	NA	NA	NA	NA	NA
384	3	3	exact_null_point_mass	exact_null_point_mass	point_mass	0	none	no_benefit	0	0	NA	0	0	1000	360	600	1000	1000	360	769	0.64	0.231	6.69738384308945	24	24	0	2	1	10	4	1	5000	2500	1	0.99	14	10000	101383	0.5467	0.804	0.322102661067567	-5.04093998540157	0.324954641334894	5.64026633683971	10.6812063222413	0.467462794345681	-0.55896377567093	0.464960670806237	1.52023634494606	2.07920012061699	0.527663712988978	0.383626664187843	-10.9119816556503	0.326130657539302	11.6041427567871	22.5161244124375	0.0746	0.8759	1.3285460482023	-0.976195535338292	1.35279494816856	3.45979437329494	4.43598990863323	0	NA	NA	NA	NA	NA	NA	1	0.322102661067567	0.103750124266808	1	0.467462794345681	0.218521464097472	1	0.383626664187843	0.147169417475892	1	1.3285460482023	1.76503460219396	1.00147270252149	4534.5257692193	0	1.00171322336344	11409.2023744816	0	NA	NA	NA	NA	NA	NA	NA	NA
366	3	3	exact_null_point_mass	exact_null_point_mass	point_mass	0	none	no_benefit	0	0	NA	0	0	1000	360	600	1000	1000	360	751	0.64	0.249	6.36602313231124	24	24	0	2	1	10	4	1	5000	2500	1	0.99	14	10000	101365	0.4809	0.5916	-0.132060356717872	-5.31452451200545	-0.131201774173888	5.09497909930214	10.4095036113076	0.127905097611365	-0.939969914135956	0.125278728317969	1.21107605042987	2.15104596456583	0.478740494805612	-0.182126966114319	-11.4149307935717	-0.232989096268868	11.2304286146511	22.6453594082228	0.0663	0.5372	0.0529296756482175	-1.64779596389172	0.0727919105106931	1.66937369817802	3.31716966206974	0	NA	NA	NA	NA	NA	NA	1	-0.132060356717872	0.0174399378164515	1	0.127905097611365	0.0163597139949729	1	-0.182126966114319	0.0331702317860062	1	0.0529296756482175	0.00280155056422551	1.00168125703105	4393.1816096734	0	1.00133395702306	11878.8768159626	0	NA	NA	NA	NA	NA	NA	NA	NA
402	3	3	exact_null_point_mass	exact_null_point_mass	point_mass	0	none	no_benefit	0	0	NA	0	0	1000	360	600	1000	1000	360	764	0.64	0.236	5.79056117355829	24	24	0	2	1	10	4	1	5000	2500	1	0.99	14	10000	101401	0.4365	0.2104	-0.456272422741551	-6.16998036329659	-0.480996246991256	5.09582374613449	11.2658041094311	-0.444079714283236	-1.51834518471004	-0.446070148593049	0.641731500257674	2.16007668496771	0.455427596502453	-0.587056842046951	-12.2101296550513	-0.59942302960297	11.4232445518357	23.633374206887	0.0622	0.1841	-0.994844383181546	-2.98416062597601	-1.05000208092122	1.15181863456696	4.13597926054297	0	NA	NA	NA	NA	NA	NA	1	-0.456272422741551	0.208184523754445	1	-0.444079714283236	0.197206792637881	1	-0.587056842046951	0.344635735794138	1	-0.994844383181546	0.989715346747871	1.00171647763969	4199.19729487992	0	1.00166056264174	12186.425205787	0	NA	NA	NA	NA	NA	NA	NA	NA
381	3	3	exact_null_point_mass	exact_null_point_mass	point_mass	0	none	no_benefit	0	0	NA	0	0	1000	360	600	1000	1000	360	733	0.64	0.267	6.34336918110516	24	24	0	2	1	10	4	1	5000	2500	1	0.99	14	10000	101380	0.4066	0.1953	-0.592606934147578	-5.59545349195068	-0.619219739489384	4.5443559025476	10.1398093944983	-0.479092775936774	-1.56076435478397	-0.475665215699806	0.595458076333025	2.15622243111699	0.429476351351351	-0.935695492285218	-11.8622593494489	-0.819824777992336	9.83646670428483	21.6987260537337	0.0528	0.5805	0.179250887727731	-2.03422115968361	0.235091852454837	2.07497049768018	4.10919165736378	0	NA	NA	NA	NA	NA	NA	1	-0.592606934147578	0.351182978399792	1	-0.479092775936774	0.229529887954804	1	-0.935695492285218	0.875526054282876	1	0.179250887727731	0.0321308807511796	1.00150993657345	4449.61813880386	0	1.00206466473225	14671.0408819962	0	NA	NA	NA	NA	NA	NA	NA	NA
385	3	3	exact_null_point_mass	exact_null_point_mass	point_mass	0	none	no_benefit	0	0	NA	0	0	1000	360	600	1000	1000	360	763	0.64	0.237	5.80302422918488	24	24	0	2	1	10	4	1	5000	2500	1	0.99	14	10000	101384	0.5103	0.7307	0.0882115599637488	-5.58816244526433	0.0723944186074039	5.58620051011988	11.1743629553842	0.337906939614473	-0.736983731767361	0.345134466973764	1.41002916431026	2.14701289607762	0.511755983901716	0.160688470129915	-11.5642045981678	0.139816684970913	11.9141133942916	23.4783179924594	0.0558	0.6441	0.342670601160738	-1.4968487743068	0.334282216659695	2.1800103696318	3.6768591439386	0	NA	NA	NA	NA	NA	NA	1	0.0882115599637488	0.00778127931123805	1	0.337906939614473	0.114181099839619	1	0.160688470129915	0.0258207844326925	1	0.342670601160738	0.117423140899861	1.001886665997	4082.63007079133	0	1.00156262928593	10440.9852645635	0	NA	NA	NA	NA	NA	NA	NA	NA
492	3	3	exact_null_point_mass	exact_null_point_mass	point_mass	0	none	no_benefit	0	0	NA	0	0	1000	360	600	1000	1000	360	777	0.64	0.223	6.11736310720104	24	24	0	2	1	10	4	1	5000	2500	1	0.99	14	10000	101491	0.5805	0.1855	0.513765477332457	-4.74270003840121	0.535902572039984	5.62818266296791	10.3708827013691	-0.461170490275642	-1.51411001602643	-0.455980014486467	0.574150012114903	2.08826002814133	0.586118799233553	1.14909484420652	-9.96264938703463	1.04005010090662	12.012192923746	21.9748423107807	0.0606	0.3251	-0.356760897624871	-2.04118134463392	-0.342870639249304	1.24581089694947	3.28699224158339	0	NA	NA	NA	NA	NA	NA	1	0.513765477332457	0.263954965698647	1	-0.461170490275642	0.212678221101076	1	1.14909484420652	1.32041896098202	1	-0.356760897624871	0.127278338074104	1.00171471438486	4444.529708209	0	1.00162957558314	11687.1007147754	0	NA	NA	NA	NA	NA	NA	NA	NA
336	3	3	exact_null_point_mass	exact_null_point_mass	point_mass	0	none	no_benefit	0	0	NA	0	0	1000	360	600	1000	1000	360	752	0.64	0.248	6.27519983733375	24	24	0	2	1	10	4	1	5000	2500	1	0.99	14	10000	101335	0.4892	0.2352	-0.0492424785803583	-5.2733581887576	-0.057685117811177	5.16567235975336	10.439030548511	-0.39073699765279	-1.44414183395184	-0.395658521216875	0.668583467966576	2.11272530191841	0.492113223854797	-0.084308841021543	-11.1563142529845	-0.105521824395078	11.0875135707929	22.2438278237774	0.0744	0.1921	-0.953509583356223	-3.09616616874487	-0.956479187386148	1.27595080060937	4.37211696935424	0	NA	NA	NA	NA	NA	NA	1	-0.0492424785803583	0.00242482169673705	1	-0.39073699765279	0.152675401334716	1	-0.084308841021543	0.00710798067439582	1	-0.953509583356223	0.909180525552158	1.001295919135	4432.32179135644	0	1.00247033046749	13327.9743502707	0	NA	NA	NA	NA	NA	NA	NA	NA
380	3	3	exact_null_point_mass	exact_null_point_mass	point_mass	0	none	no_benefit	0	0	NA	0	0	1000	360	600	1000	1000	360	741	0.64	0.259	5.92106389944367	24	24	0	2	1	10	4	1	5000	2500	1	0.99	14	10000	101379	0.584	0.9523	0.622901123696353	-5.09933806518324	0.624563769044354	6.15760941591241	11.2569474810956	0.901043237207865	-0.171880995969099	0.894176765322934	1.99254063114653	2.16442162711563	0.556948576285593	0.841853147076023	-11.2545541172817	0.796265255676889	12.3627482991999	23.6173024164816	0.0588	0.854	1.29589336907632	-0.869753853842848	1.23132749378874	3.84347139787019	4.71322525171304	0	NA	NA	NA	NA	NA	NA	1	0.622901123696353	0.38800580990218	1	0.901043237207865	0.81187891531803	1	0.841853147076023	0.708716721241804	1	1.29589336907632	1.67933962401597	1.00148850465375	3879.89561761607	0	1.00200833243801	10926.4375602421	0	NA	NA	NA	NA	NA	NA	NA	NA
436	3	3	exact_null_point_mass	exact_null_point_mass	point_mass	0	none	no_benefit	0	0	NA	0	0	1000	360	600	1000	1000	360	746	0.64	0.254	6.73752486713498	24	24	0	2	1	10	4	1	5000	2500	1	0.99	14	10000	101435	0.4937	0.3043	-0.0269994966022752	-5.21110970691213	-0.0398739504514731	5.18264032363813	10.3937500305503	-0.272411908689144	-1.32116823808368	-0.274772855236415	0.779541393182388	2.10070963126607	0.493569653085486	-0.0770481307497985	-11.4632927891614	-0.0748557261622178	11.0705773260942	22.5338701152556	0.0747	0.534	0.0446721349538634	-1.87730682195804	0.0797429201743718	1.76080721058642	3.63811403254446	0	NA	NA	NA	NA	NA	NA	1	-0.0269994966022752	0.00072897281677627	1	-0.272411908689144	0.0742082479956626	1	-0.0770481307497985	0.00593641445203804	1	0.0446721349538634	0.00199559964133619	1.00119794017924	4588.65161390507	0	1.00167194774637	12253.5737786923	0	NA	NA	NA	NA	NA	NA	NA	NA
364	3	3	exact_null_point_mass	exact_null_point_mass	point_mass	0	none	no_benefit	0	0	NA	0	0	1000	360	600	1000	1000	360	766	0.64	0.234	5.55339885304216	24	24	0	2	1	10	4	1	5000	2500	1	0.99	14	10000	101363	0.5407	0.6862	0.262784598977257	-5.20206194735809	0.283407220907007	5.67705376265585	10.8791157100139	0.253364941250086	-0.812127238274334	0.253562640705558	1.3113305717691	2.12345781004343	0.532726892513593	0.492338888830652	-11.2078421777071	0.435920784294999	12.0533806506945	23.2612228284017	0.0436	0.7135	0.591163545081237	-1.43624015023266	0.580381886937379	2.55121498758837	3.98745513782103	0	NA	NA	NA	NA	NA	NA	1	0.262784598977257	0.0690557454596376	1	0.253364941250086	0.0641937934546595	1	0.492338888830652	0.242397581455001	1	0.591163545081237	0.349474337033015	1.00125448009323	4507.99824588171	0	1.00127695918336	13779.9729983082	0	NA	NA	NA	NA	NA	NA	NA	NA
320	3	3	exact_null_point_mass	exact_null_point_mass	point_mass	0	none	no_benefit	0	0	NA	0	0	1000	360	600	1000	1000	360	751	0.64	0.249	6.13658679394227	24	24	0	2	1	10	4	1	5000	2500	1	0.99	14	10000	101319	0.3699	0.3713	-0.783379536780775	-5.543879525009	-0.823062323509002	4.07410933779582	9.61798886280481	-0.175243704719544	-1.22278238601098	-0.178926622588656	0.88365203656862	2.1064344225796	0.311198185192823	-2.1025205289491	-12.2682987167811	-1.92591884616435	8.43157071465804	20.6998694314392	0.0302	0.3414	-0.406972975303513	-2.37596738130311	-0.419724177557496	1.56292224517202	3.93888962647513	0	NA	NA	NA	NA	NA	NA	1	-0.783379536780775	0.613683498646862	1	-0.175243704719544	0.0307103560438306	1	-2.1025205289491	4.42059257465239	1	-0.406972975303513	0.165627002627394	1.00189076854425	4704.0631078632	0	1.00144651249884	12196.0977936886	0	NA	NA	NA	NA	NA	NA	NA	NA
419	3	3	exact_null_point_mass	exact_null_point_mass	point_mass	0	none	no_benefit	0	0	NA	0	0	1000	360	600	1000	1000	360	759	0.64	0.241	5.69719463478985	24	24	0	2	1	10	4	1	5000	2500	1	0.99	14	10000	101418	0.5987	0.8792	0.747070137407616	-4.80799211234664	0.716871453143638	6.24903345245784	11.0570255648045	0.64165761932569	-0.418337575121468	0.641946207047168	1.69848785257775	2.11682542769922	0.558578508910682	0.930751471935822	-10.821089391934	0.746149484665464	12.7336487853984	23.5547381773324	0.0517	0.9236	1.38039108411037	-0.547405658688819	1.41810720302469	3.11378007335964	3.66118573204846	0	NA	NA	NA	NA	NA	NA	1	0.747070137407616	0.558113790206234	1	0.64165761932569	0.411724500438712	1	0.930751471935822	0.866298302510699	1	1.38039108411037	1.9054795450914	1.00132479264587	4275.07862584211	0	1.00276963629729	12194.6575310599	0	NA	NA	NA	NA	NA	NA	NA	NA
442	3	3	exact_null_point_mass	exact_null_point_mass	point_mass	0	none	no_benefit	0	0	NA	0	0	1000	360	600	1000	1000	360	774	0.64	0.226	5.70646155952139	24	24	0	2	1	10	4	1	5000	2500	1	0.99	14	10000	101441	0.4273	0.1845	-0.544469004965946	-6.13503026054524	-0.507728591719246	4.98216184372918	11.1171921042744	-0.487742036718526	-1.55097482237359	-0.488700437612971	0.584776459692348	2.13575128206594	0.459130802580099	-0.668314143573735	-12.3337851392306	-0.600505501566337	10.9889187173462	23.3227038565768	0.0543	0.1377	-1.09518605067504	-3.01865663995928	-1.10948363871381	1.02304196124294	4.04169860120222	0	NA	NA	NA	NA	NA	NA	1	-0.544469004965946	0.296446497368607	1	-0.487742036718526	0.237892294382336	1	-0.668314143573735	0.446643794500695	1	-1.09518605067504	1.19943248559318	1.00172380145904	4310.88963063825	0	1.00153656953372	11671.3607177631	0	NA	NA	NA	NA	NA	NA	NA	NA
367	3	3	exact_null_point_mass	exact_null_point_mass	point_mass	0	none	no_benefit	0	0	NA	0	0	1000	360	600	1000	1000	360	740	0.64	0.26	6.06693580023397	24	24	0	2	1	10	4	1	5000	2500	1	0.99	14	10000	101366	0.4203	0.6863	-0.476464263130189	-5.36420116360293	-0.527679739617645	4.65923226683968	10.0234334304426	0.27342788140662	-0.796623358635069	0.275023532063271	1.39019768293583	2.1868210415709	0.374585406301824	-1.41931070970342	-12.1016130980739	-1.3446147507149	9.49656990792782	21.5981830060017	0.0352	0.7876	0.838340609895801	-1.26636902292781	0.83454295155106	2.94588118025175	4.21225020317956	0	NA	NA	NA	NA	NA	NA	1	-0.476464263130189	0.227018194040194	1	0.27342788140662	0.0747628063305128	1	-1.41931070970342	2.01444289067881	1	0.838340609895801	0.702814978200464	1.00204013649886	4682.49111962756	0	1.00266062845251	11532.5430922482	0	NA	NA	NA	NA	NA	NA	NA	NA
443	3	3	exact_null_point_mass	exact_null_point_mass	point_mass	0	none	no_benefit	0	0	NA	0	0	1000	360	600	1000	1000	360	757	0.64	0.243	6.18817402473141	24	24	0	2	1	10	4	1	5000	2500	1	0.99	14	10000	101442	0.5253	0.8175	0.187678236128319	-4.83891310888839	0.162319285790864	5.32602148581588	10.1649345947043	0.488933638930765	-0.57157231233988	0.485303530153523	1.54915385289808	2.12072616523796	0.486128625472888	-0.10346041218503	-11.142305160516	-0.144956731909967	10.9898025585635	22.1321077190795	0.0484	0.8249	0.86348632812745	-0.936873193575357	0.896200086367706	2.51677809352264	3.453651287098	0	NA	NA	NA	NA	NA	NA	1	0.187678236128319	0.0352231203162369	1	0.488933638930765	0.23905610327808	1	-0.10346041218503	0.0107040568894963	1	0.86348632812745	0.745608638863026	1.00160827195196	3920.88158775379	0	1.00167267864833	8904.88115111977	0	NA	NA	NA	NA	NA	NA	NA	NA
495	3	3	exact_null_point_mass	exact_null_point_mass	point_mass	0	none	no_benefit	0	0	NA	0	0	1000	360	600	1000	1000	360	743	0.64	0.257	6.32178327045481	24	24	0	2	1	10	4	1	5000	2500	1	0.99	14	10000	101494	0.5722	0.83	0.503182520328321	-4.47206376078124	0.479171116107496	5.56550702154973	10.037570782331	0.515980688251797	-0.548042586495367	0.517978539008292	1.59022465085802	2.13826723735339	0.550126368997473	0.689773455153879	-10.4073690737886	0.601595941519173	11.5952356987945	22.0026047725831	0.0504	0.838	1.08055430182752	-1.31816134189068	1.14471264334295	3.124876849883	4.44303819177368	0	NA	NA	NA	NA	NA	NA	1	0.503182520328321	0.253192648763961	1	0.515980688251797	0.266236070648798	1	0.689773455153879	0.47578741943492	1	1.08055430182752	1.16759759919796	1.00141905882782	4052.97369263734	0	1.00145634151245	11228.626250289	0	NA	NA	NA	NA	NA	NA	NA	NA
488	3	3	exact_null_point_mass	exact_null_point_mass	point_mass	0	none	no_benefit	0	0	NA	0	0	1000	360	600	1000	1000	360	755	0.64	0.245	6.24754587404484	24	24	0	2	1	10	4	1	5000	2500	1	0.99	14	10000	101487	0.6295	0.8061	0.853444316345945	-4.28678392350288	0.879003948902368	5.70567281106069	9.99245673456356	0.468290812841634	-0.572893752522368	0.47193070948252	1.50514652229353	2.0780402748159	0.614690721649485	1.55905872748774	-9.53252546302589	1.41260313575823	12.3581518230292	21.8906772860551	0.0688	0.8774	0.940234615113684	-0.736163137001164	0.969312224208965	2.49940193919712	3.23556507619828	0	NA	NA	NA	NA	NA	NA	1	0.853444316345945	0.728367201103197	1	0.468290812841634	0.219296285391878	1	1.55905872748774	2.4306641157557	1	0.940234615113684	0.884041131457978	1.00162698204328	4500.93176386868	0	1.00140654551565	10823.6106249091	0	NA	NA	NA	NA	NA	NA	NA	NA
416	3	3	exact_null_point_mass	exact_null_point_mass	point_mass	0	none	no_benefit	0	0	NA	0	0	1000	360	600	1000	1000	360	764	0.64	0.236	6.07151259914421	24	24	0	2	1	10	4	1	5000	2500	1	0.99	14	10000	101415	0.6039	0.5321	0.720438662797293	-4.49481054931294	0.732404825626478	5.88485318377209	10.379663733085	0.0425488680538369	-1.01338842446415	0.0421179151627333	1.12792549363151	2.14131391809567	0.600551256228135	1.30932231153735	-9.81323413877557	1.19626223852288	12.1807722487708	21.9940063875464	0.0567	0.5907	0.246762251041107	-1.49996487388637	0.212156731165271	2.11759135164021	3.61755622552658	0	NA	NA	NA	NA	NA	NA	1	0.720438662797293	0.519031866853151	1	0.0425488680538369	0.00181040617266282	1	1.30932231153735	1.71432491548952	1	0.246762251041107	0.0608916085388745	1.00099545418548	4235.87734839249	0	1.00182300686049	13553.3917004807	0	NA	NA	NA	NA	NA	NA	NA	NA
423	3	3	exact_null_point_mass	exact_null_point_mass	point_mass	0	none	no_benefit	0	0	NA	0	0	1000	360	600	1000	1000	360	750	0.64	0.25	5.95608024266471	24	24	0	2	1	10	4	1	5000	2500	1	0.99	14	10000	101422	0.4909	0.8478	-0.051608564611012	-5.6658991991741	-0.0689601729945561	5.51551899935022	11.1814181985243	0.570778305322463	-0.502222836268191	0.574638436411921	1.66426616907091	2.1664890053391	0.488792096037395	-0.219116400214085	-12.1984478851003	-0.15456127591213	11.6406579319037	23.8391058170041	0.0587	0.8409	1.17229569314947	-1.07192898165479	1.21363754496472	3.30359336998056	4.37552235163534	0	NA	NA	NA	NA	NA	NA	1	-0.051608564611012	0.00266344394120901	1	0.570778305322463	0.325787873826783	1	-0.219116400214085	0.0480119968427791	1	1.17229569314947	1.37427719217679	1.00127956034356	3879.11518376676	0	1.00315704615601	14213.7491113633	0	NA	NA	NA	NA	NA	NA	NA	NA
444	3	3	exact_null_point_mass	exact_null_point_mass	point_mass	0	none	no_benefit	0	0	NA	0	0	1000	360	600	1000	1000	360	752	0.64	0.248	5.6793831552387	24	24	0	2	1	10	4	1	5000	2500	1	0.99	14	10000	101443	0.4396	0.1825	-0.42635841650849	-5.88815099873235	-0.424904960601983	5.15175502632775	11.0399060250601	-0.495271605550451	-1.57127588072271	-0.50263381188122	0.599869107180504	2.17114498790322	0.4532389305717	-0.584967612082356	-12.1499157872297	-0.658076089415499	11.1219108084014	23.2718265956311	0.0537	0.0831	-1.1482828473471	-2.95392841825019	-1.11996981946785	0.473419028560174	3.42734744681037	0	NA	NA	NA	NA	NA	NA	1	-0.42635841650849	0.181781499327627	1	-0.495271605550451	0.245293963264522	1	-0.584967612082356	0.342187107185334	1	-1.1482828473471	1.31855349751157	1.00103977002403	3888.62476578083	0	1.00096561213147	10508.9305355674	0	NA	NA	NA	NA	NA	NA	NA	NA
487	3	3	exact_null_point_mass	exact_null_point_mass	point_mass	0	none	no_benefit	0	0	NA	0	0	1000	360	600	1000	1000	360	735	0.64	0.265	6.10457695984823	24	24	0	2	1	10	4	1	5000	2500	1	0.99	14	10000	101486	0.2006	0.0543	-2.1996763830569	-7.12320239380288	-2.27205392621917	3.02439392443892	10.1475963182418	-0.913850009848657	-2.02257726248421	-0.907640219268591	0.169159133933068	2.19173639641728	0.113777587315192	-5.11705247670618	-15.0959365001309	-4.74294757805821	4.58299442887706	19.678930929008	0.0666	0.0265	-1.75103831183988	-3.59367237266777	-1.74314213907639	0.0298447415994882	3.62351711426726	0	NA	NA	NA	NA	NA	NA	1	-2.1996763830569	4.83857619017829	1	-0.913850009848657	0.835121840500391	1	-5.11705247670618	26.1842260493649	1	-1.75103831183988	3.06613516953107	1.001598118704	4233.88856035281	0	1.00294513090772	13445.8935352982	0	NA	NA	NA	NA	NA	NA	NA	NA
437	3	3	exact_null_point_mass	exact_null_point_mass	point_mass	0	none	no_benefit	0	0	NA	0	0	1000	360	600	1000	1000	360	747	0.64	0.253	6.7895147691856	24	24	0	2	1	10	4	1	5000	2500	1	0.99	14	10000	101436	0.523	0.6701	0.187051620479469	-5.10744670783772	0.160048419258935	5.5683194901323	10.67576619797	0.23609779054934	-0.827709207675066	0.246525071547604	1.29256052015918	2.12026972783424	0.515442764578834	0.257431624845712	-10.8973177533369	0.173937611661216	11.5481241139171	22.445441867254	0.074	0.4901	-0.00288172114272466	-1.96258933189562	-0.0251082284435951	2.08738568739512	4.04997501929074	0	NA	NA	NA	NA	NA	NA	1	0.187051620479469	0.0349883087239952	1	0.23609779054934	0.0557421667022801	1	0.257431624845712	0.0662710414707033	1	-0.00288172114272466	8.3043167444263e-06	1.00133740641955	4449.91670184392	0	1.00184641652978	12276.6849145318	0	NA	NA	NA	NA	NA	NA	NA	NA
430	3	3	exact_null_point_mass	exact_null_point_mass	point_mass	0	none	no_benefit	0	0	NA	0	0	1000	360	600	1000	1000	360	755	0.64	0.245	6.36452186962868	24	24	0	2	1	10	4	1	5000	2500	1	0.99	14	10000	101429	0.4642	0.3785	-0.224845842577796	-5.47806057489315	-0.221931261151166	5.03636239551171	10.5144229704049	-0.168781637123315	-1.24303101880409	-0.169668960756644	0.883308280689182	2.12633929949327	0.487903225806452	-0.169051981920709	-11.3563015362867	-0.128434166551277	10.7269727924757	22.0832743287624	0.0576	0.5577	0.0852587270285678	-1.81609023405378	0.141477385052355	1.70251168862462	3.5186019226784	0	NA	NA	NA	NA	NA	NA	1	-0.224845842577796	0.0505556529245188	1	-0.168781637123315	0.0284872410300265	1	-0.169051981920709	0.0285785725913197	1	0.0852587270285678	0.00726905053453185	1.00145263098765	4398.72977104005	0	1.00157391863992	11434.6595858887	0	NA	NA	NA	NA	NA	NA	NA	NA
439	3	3	exact_null_point_mass	exact_null_point_mass	point_mass	0	none	no_benefit	0	0	NA	0	0	1000	360	600	1000	1000	360	731	0.64	0.269	6.15863408234333	24	24	0	2	1	10	4	1	5000	2500	1	0.99	14	10000	101438	0.51	0.4119	0.0600174287903683	-5.10054322244545	0.0750890291847828	5.14626638210517	10.2468096045506	-0.129309974098078	-1.22693616102527	-0.125151430644864	0.975055890094724	2.20199205111999	0.531080072502399	0.363709947039736	-10.9619079243498	0.346793937256196	11.5937251962815	22.5556331206312	0.0621	0.5503	0.171582144090835	-2.19482791410697	0.159228879494806	2.54487796748796	4.73970588159494	0	NA	NA	NA	NA	NA	NA	1	0.0600174287903683	0.00360209175860693	1	-0.129309974098078	0.0167210694012456	1	0.363709947039736	0.132284925575647	1	0.171582144090835	0.0294404321708079	1.00103127467996	4491.56191930037	0	1.00126500013932	13821.4851138268	0	NA	NA	NA	NA	NA	NA	NA	NA
496	3	3	exact_null_point_mass	exact_null_point_mass	point_mass	0	none	no_benefit	0	0	NA	0	0	1000	360	600	1000	1000	360	754	0.64	0.246	6.30095470786429	24	24	0	2	1	10	4	1	5000	2500	1	0.99	14	10000	101495	0.389	0.0223	-0.731229225699146	-5.71122608992243	-0.733758995241506	4.25377869700511	9.96500478692754	-1.09090284597138	-2.14535612600906	-1.09348258730263	-0.0262898902318793	2.11906623577718	0.421648502803936	-1.0382929041965	-11.7659168245914	-0.944597227906533	9.75060426868386	21.5165210932753	0.0549	0.0582	-1.90513317465898	-4.42677080692324	-1.86936520753358	0.420202509907667	4.84697331683091	0	NA	NA	NA	NA	NA	NA	1	-0.731229225699146	0.534696180516572	0	-1.09090284597138	1.19006901934845	1	-1.0382929041965	1.0780521549048	1	-1.90513317465898	3.62953241318621	1.00168413504297	4392.74633992855	0	1.00145698645004	13347.2496573001	0	NA	NA	NA	NA	NA	NA	NA	NA
420	3	3	exact_null_point_mass	exact_null_point_mass	point_mass	0	none	no_benefit	0	0	NA	0	0	1000	360	600	1000	1000	360	767	0.64	0.233	5.90962149907937	24	24	0	2	1	10	4	1	5000	2500	1	0.99	14	10000	101419	0.5161	0.5039	0.108901020886728	-5.42322751131145	0.114019435415194	5.63234135791429	11.0555688692257	0.00704815783853009	-1.04866954744715	0.00705264323209942	1.06155270669795	2.1102222541451	0.507218683651805	0.103692244865868	-11.7295460363717	0.0959469112257292	11.6729516622505	23.4024976986222	0.058	0.4313	-0.133590224203322	-2.23302229159605	-0.184261403050275	2.08697959752971	4.32000188912576	0	NA	NA	NA	NA	NA	NA	1	0.108901020886728	0.0118594323501716	1	0.00704815783853009	4.96765289168331e-05	1	0.103692244865868	0.0107520816453231	1	-0.133590224203322	0.017846348002694	1.0016464635623	4637.8566919079	0	1.00134064621801	12644.7955547496	0	NA	NA	NA	NA	NA	NA	NA	NA
498	3	3	exact_null_point_mass	exact_null_point_mass	point_mass	0	none	no_benefit	0	0	NA	0	0	1000	360	600	1000	1000	360	739	0.64	0.261	6.19150509050752	24	24	0	2	1	10	4	1	5000	2500	1	0.99	14	10000	101497	0.4939	0.568	-0.0198447270379498	-5.03913155369099	-0.0351143729839887	5.0057018126645	10.0448333663555	0.0919832330670398	-1.017147330807	0.0924876462302766	1.15821533486511	2.17536266567211	0.490607618847728	-0.0908951911041319	-11.029544655432	-0.105057954609938	10.7647417466041	21.7942864020361	0.0471	0.601	0.277419899542692	-1.78361022918058	0.273450652703064	2.38290783643249	4.16651806561307	0	NA	NA	NA	NA	NA	NA	1	-0.0198447270379498	0.000393813191210736	1	0.0919832330670398	0.00846091516546536	1	-0.0908951911041319	0.00826193576585666	1	0.277419899542692	0.0769618006622775	1.00188626035339	4389.14571227648	0	1.00141593999468	13560.7890625434	0	NA	NA	NA	NA	NA	NA	NA	NA
321	3	3	exact_null_point_mass	exact_null_point_mass	point_mass	0	none	no_benefit	0	0	NA	0	0	1000	360	600	1000	1000	360	755	0.64	0.245	5.92531558030047	24	24	0	2	1	10	4	1	5000	2500	1	0.99	14	10000	101320	0.5136	0.4619	0.0999731909196255	-5.50856784495038	0.088580046759871	5.55559906707239	11.0641669120228	-0.0491115404380843	-1.10566959575106	-0.0473909309600273	1.01978983849243	2.12545943424349	0.500747384155456	0.110274844972501	-11.863350034145	0.0102121200611327	12.0714482061808	23.9347982403259	0.0634	0.4779	-0.0381542076051867	-2.1227287155033	-0.0602675483982997	2.22675164015153	4.34948035565483	0	NA	NA	NA	NA	NA	NA	1	0.0999731909196255	0.00999463890265189	1	-0.0491115404380843	0.00241194340420158	1	0.110274844972501	0.0121605414337091	1	-0.0381542076051867	0.00145574355797969	1.0016399473846	4225.72758844449	0	1.00169834884105	10497.1795922077	0	NA	NA	NA	NA	NA	NA	NA	NA
427	3	3	exact_null_point_mass	exact_null_point_mass	point_mass	0	none	no_benefit	0	0	NA	0	0	1000	360	600	1000	1000	360	744	0.64	0.256	6.24737342553224	24	24	0	2	1	10	4	1	5000	2500	1	0.99	14	10000	101426	0.3766	0.1059	-0.863142049544963	-5.99737187920424	-0.869705756146185	4.29529434929206	10.2926662284963	-0.685868698138698	-1.78188274178197	-0.677905636139402	0.39060991919984	2.17249266098181	0.388912221755565	-1.49597049529747	-12.2360188357004	-1.32163150148219	9.4383819105649	21.6744007462653	0.0476	0.0255	-2.05050139642084	-3.86846716838011	-2.10672925401249	0.00941370317527106	3.87788087155538	0	NA	NA	NA	NA	NA	NA	1	-0.863142049544963	0.745014197692679	1	-0.685868698138698	0.470415871086472	1	-1.49597049529747	2.23792772280056	1	-2.05050139642084	4.20455597672382	1.00177812113681	4165.03284147499	0	1.00143397294672	12950.0106143678	0	NA	NA	NA	NA	NA	NA	NA	NA
382	3	3	exact_null_point_mass	exact_null_point_mass	point_mass	0	none	no_benefit	0	0	NA	0	0	1000	360	600	1000	1000	360	740	0.64	0.26	6.10190282229881	24	24	0	2	1	10	4	1	5000	2500	1	0.99	14	10000	101381	0.5223	0.9903	0.159893380257679	-4.74436354568438	0.152879645814516	5.19546400144417	9.93982754712855	1.26356315020092	0.181201706803398	1.25622746644296	2.34912813771869	2.16792643091529	0.484978991596639	-0.19382188992406	-11.1523335238566	-0.17669980102655	10.9530732262554	22.105406750112	0.048	0.9842	2.33408585986989	0.195643332799678	2.30919096850396	4.57238437740704	4.37674104460736	0	NA	NA	NA	NA	NA	NA	1	0.159893380257679	0.0255658930502266	0	1.26356315020092	1.59659183454568	1	-0.19382188992406	0.0375669250137342	0	2.33408585986989	5.44795680124459	1.00143043294176	4403.04312919035	0	1.00181647072849	10403.2976485938	0	NA	NA	NA	NA	NA	NA	NA	NA
494	3	3	exact_null_point_mass	exact_null_point_mass	point_mass	0	none	no_benefit	0	0	NA	0	0	1000	360	600	1000	1000	360	737	0.64	0.263	6.07721203073687	24	24	0	2	1	10	4	1	5000	2500	1	0.99	14	10000	101493	0.3529	0.1608	-0.963735901119118	-5.9345984291602	-0.988998469111957	4.21300921788533	10.1476076470455	-0.553706505834226	-1.62045544687735	-0.556879314542775	0.522156050428988	2.14261149730633	0.345653086938261	-1.99018058908355	-13.0215630059319	-1.84730240713314	8.90854433329992	21.9301073392318	0.0476	0.095	-1.08426211190883	-2.93340038581973	-1.03113312919114	0.508874742581895	3.44227512840162	0	NA	NA	NA	NA	NA	NA	1	-0.963735901119118	0.928786887105878	1	-0.553706505834226	0.306590894603147	1	-1.99018058908355	3.96081877716495	1	-1.08426211190883	1.175624327321	1.00231922463669	4056.91672098931	0	1.00187968931813	15106.8672690575	0	NA	NA	NA	NA	NA	NA	NA	NA
470	3	3	exact_null_point_mass	exact_null_point_mass	point_mass	0	none	no_benefit	0	0	NA	0	0	1000	360	600	1000	1000	360	752	0.64	0.248	6.26827881341273	24	24	0	2	1	10	4	1	5000	2500	1	0.99	14	10000	101469	0.5773	0.6687	0.466867766022159	-4.95793567634115	0.513739737777537	5.67677980939385	10.634715485735	0.236774457132429	-0.83306701547193	0.236818788505762	1.30888704781615	2.14195406328808	0.564177174264468	0.82127588666682	-10.5032496347103	0.775240118669998	11.8911362171413	22.3943858518516	0.0721	0.7883	0.90604050369583	-1.37342884743475	0.897456449141238	3.20920001955229	4.58262886698704	0	NA	NA	NA	NA	NA	NA	1	0.466867766022159	0.217965510950522	1	0.236774457132429	0.0560621435503564	1	0.82127588666682	0.674494082020372	1	0.90604050369583	0.820909394337393	1.00118915206015	4263.21068846282	0	1.00177399570974	12752.2657487498	0	NA	NA	NA	NA	NA	NA	NA	NA
389	3	3	exact_null_point_mass	exact_null_point_mass	point_mass	0	none	no_benefit	0	0	NA	0	0	1000	360	600	1000	1000	360	752	0.64	0.248	5.96613139705756	24	24	0	2	1	10	4	1	5000	2500	1	0.99	14	10000	101388	0.5274	0.6768	0.201769027423128	-5.40043273757718	0.196269680919753	5.81146439957461	11.2118971371518	0.251692136196052	-0.823009195541378	0.247381974063123	1.30862364970818	2.13163284524956	0.522917112872135	0.319296602400017	-11.5370683488579	0.260294902890261	12.1719267957026	23.7089951445605	0.0662	0.6192	0.339269860936264	-1.80572115358732	0.364758218214251	2.5036659409282	4.30938709451552	0	NA	NA	NA	NA	NA	NA	1	0.201769027423128	0.0407107404272749	1	0.251692136196052	0.0633489314229322	1	0.319296602400017	0.101950320304195	1	0.339269860936264	0.115104038539712	1.00161166545029	4103.22666273628	0	1.00124142650884	10968.3203180557	0	NA	NA	NA	NA	NA	NA	NA	NA
406	3	3	exact_null_point_mass	exact_null_point_mass	point_mass	0	none	no_benefit	0	0	NA	0	0	1000	360	600	1000	1000	360	745	0.64	0.255	6.1608018885014	24	24	0	2	1	10	4	1	5000	2500	1	0.99	14	10000	101405	0.4021	0.0115	-0.671890341474889	-5.9187382741881	-0.710519282106086	4.67566455468395	10.594402828872	-1.25925680419613	-2.35157827190741	-1.25283662938334	-0.185243290809575	2.16633498109784	0.459126899208217	-0.598701729997345	-11.7511237432185	-0.505655312953183	10.7424172224209	22.4935409656394	0.0654	0.0435	-1.99100786172968	-4.1559063228699	-1.99944615055187	0.281659066199968	4.43756538906987	0	NA	NA	NA	NA	NA	NA	1	-0.671890341474889	0.451436630967243	0	-1.25925680419613	1.58572769891425	1	-0.598701729997345	0.358443761501814	1	-1.99100786172968	3.96411230546939	1.00125336295183	4665.89214873055	0	1.00138579333483	10861.4958100829	0	NA	NA	NA	NA	NA	NA	NA	NA
429	3	3	exact_null_point_mass	exact_null_point_mass	point_mass	0	none	no_benefit	0	0	NA	0	0	1000	360	600	1000	1000	360	743	0.64	0.257	6.29989566817223	24	24	0	2	1	10	4	1	5000	2500	1	0.99	14	10000	101428	0.3722	0.0988	-0.865834260083521	-5.92745629914774	-0.848945621973019	4.24253803574222	10.16999433489	-0.704164358096942	-1.79462749243771	-0.708600346835126	0.395524897067582	2.1901523895053	0.412150026413101	-1.18203444085281	-11.915566353864	-1.07590884136566	9.75195612566466	21.6675224795286	0.0535	0.0834	-1.42499491735914	-3.54688657997372	-1.41831105731174	0.717141064568137	4.26402764454185	0	NA	NA	NA	NA	NA	NA	1	-0.865834260083521	0.749668965934378	1	-0.704164358096942	0.495847443214078	1	-1.18203444085281	1.39720541936221	1	-1.42499491735914	2.03061051449938	1.00156365409402	3869.08354006379	0	1.00131494968828	10684.5483573916	0	NA	NA	NA	NA	NA	NA	NA	NA
330	3	3	exact_null_point_mass	exact_null_point_mass	point_mass	0	none	no_benefit	0	0	NA	0	0	1000	360	600	1000	1000	360	751	0.64	0.249	6.92192542648581	24	24	0	2	1	10	4	1	5000	2500	1	0.99	14	10000	101329	0.4254	0.0874	-0.48708684996244	-5.73374852013038	-0.530214893338521	4.82904213539284	10.5627906555232	-0.744622811356635	-1.81974065369821	-0.742555628452561	0.341646603393602	2.16138725709181	0.45879539030224	-0.599617441025946	-11.7783525106128	-0.568490225724748	10.6617764563753	22.4401289669881	0.0802	0.1507	-1.14137207084623	-3.1667373655508	-1.1538481557399	0.993869587258332	4.16060695280913	0	NA	NA	NA	NA	NA	NA	1	-0.48708684996244	0.237253599406332	1	-0.744622811356635	0.554463131192659	1	-0.599617441025946	0.359541075582504	1	-1.14137207084623	1.30273020410782	1.0021659655034	4343.73676923883	0	1.00176684432367	16570.2386202413	0	NA	NA	NA	NA	NA	NA	NA	NA
428	3	3	exact_null_point_mass	exact_null_point_mass	point_mass	0	none	no_benefit	0	0	NA	0	0	1000	360	600	1000	1000	360	775	0.64	0.225	6.58369853949031	24	24	0	2	1	10	4	1	5000	2500	1	0.99	14	10000	101427	0.5298	0.9291	0.198479017183675	-5.01332245178236	0.209109142292562	5.48951112199506	10.5028335737774	0.782229218730029	-0.267410239728046	0.781691358237071	1.81571045086118	2.08312069058923	0.504395368782161	0.108988845486204	-11.221096002605	0.0412191572377885	11.3026376060054	22.5237336086103	0.0672	0.7778	0.851529834775173	-1.28052601204897	0.894696486229309	2.91388346592884	4.19440947797781	0	NA	NA	NA	NA	NA	NA	1	0.198479017183675	0.0393939202621976	1	0.782229218730029	0.611882550634992	1	0.108988845486204	0.0118785684404156	1	0.851529834775173	0.725103059512234	1.00162102435397	4625.93089764244	0	1.00234849475376	12814.170478318	0	NA	NA	NA	NA	NA	NA	NA	NA
441	3	3	exact_null_point_mass	exact_null_point_mass	point_mass	0	none	no_benefit	0	0	NA	0	0	1000	360	600	1000	1000	360	764	0.64	0.236	6.01435227774145	24	24	0	2	1	10	4	1	5000	2500	1	0.99	14	10000	101440	0.574	0.6362	0.503328698366391	-4.84748736169058	0.527210988922772	5.77964745524183	10.6271348169324	0.185938561533558	-0.865419721512727	0.181908873986769	1.25269395480004	2.11811367631277	0.631363922061597	1.60434675053616	-9.96170070831106	1.5880502504834	12.9512063561875	22.9129070644985	0.0454	0.7048	0.502596640077808	-1.68324795231528	0.561483342459194	2.3777543803864	4.06100233270168	0	NA	NA	NA	NA	NA	NA	1	0.503328698366391	0.253339778599205	1	0.185938561533558	0.0345731486651688	1	1.60434675053616	2.57392849595594	1	0.502596640077808	0.252603382617502	1.00168850879914	4384.52600546259	0	1.00210141576803	12409.4519197	0	NA	NA	NA	NA	NA	NA	NA	NA
586	3	3	exact_null_point_mass	exact_null_point_mass	point_mass	0	none	no_benefit	0	0	NA	0	0	1000	360	600	1000	1000	360	739	0.64	0.261	6.22403380957865	24	24	0	2	1	10	4	1	5000	2500	1	0.99	14	10000	101585	0.4753	0.3457	-0.136596036745457	-5.30748258865184	-0.158886643008836	5.07053679971036	10.3780193883622	-0.218758855750468	-1.29163687046262	-0.217622629108464	0.846403325565746	2.13804019602836	0.490970535431408	-0.153729616800015	-11.250463284398	-0.0981715475717859	10.8678606057818	22.1183238901798	0.0531	0.5047	-0.000896985269095725	-2.21467636832763	0.0167613908913209	2.18002361631238	4.39469998464001	0	NA	NA	NA	NA	NA	NA	1	-0.136596036745457	0.0186584772545663	1	-0.218758855750468	0.047855436969254	1	-0.153729616800015	0.0236327950814795	1	-0.000896985269095725	8.0458257297473e-07	1.00180135465297	4811.52938268887	0	1.00168101228857	11790.7172261497	0	NA	NA	NA	NA	NA	NA	NA	NA
362	3	3	exact_null_point_mass	exact_null_point_mass	point_mass	0	none	no_benefit	0	0	NA	0	0	1000	360	600	1000	1000	360	726	0.64	0.274	6.00473319386395	24	24	0	2	1	10	4	1	5000	2500	1	0.99	14	10000	101361	0.0682	0.3622	-4.06843321546769	-8.75858905590335	-4.20459848632171	1.41731278198408	10.1759018378874	-0.200466945547756	-1.28286240206804	-0.202947232061563	0.884122854648694	2.16698525671673	0.0173903988336978	-6.11884027139914	-15.8180784177291	-5.36668429544793	-0.15663477190836	15.6614436458207	0.0397	0.5411	0.111351565331076	-1.9676071267793	0.114487319071711	2.23015217385981	4.19775930063911	0	NA	NA	NA	NA	NA	NA	1	-4.06843321546769	16.5521488287208	1	-0.200466945547756	0.040186996257247	0	-6.11884027139914	37.4402062668959	1	0.111351565331076	0.0123991711016808	1.00140691158725	4404.57301639665	0	1.00144025015056	9195.90010692594	0	NA	NA	NA	NA	NA	NA	NA	NA
338	3	3	exact_null_point_mass	exact_null_point_mass	point_mass	0	none	no_benefit	0	0	NA	0	0	1000	360	600	1000	1000	360	737	0.64	0.263	6.31502822709764	24	24	0	2	1	10	4	1	5000	2500	1	0.99	14	10000	101337	0.4382	0.3448	-0.429857091053227	-5.46431874234063	-0.445058750338668	4.78744032529329	10.2517590676339	-0.226765349986895	-1.29332703191513	-0.223778434734314	0.853707488596786	2.14703452051192	0.46962915601023	-0.46944478916716	-11.5100839847809	-0.39728724141459	10.7826470662029	22.2927310509839	0.0616	0.2325	-0.762424743126728	-2.71513787926902	-0.81758532035513	1.52889726822231	4.24403514749132	0	NA	NA	NA	NA	NA	NA	1	-0.429857091053227	0.184777118728743	1	-0.226765349986895	0.051422523954679	1	-0.46944478916716	0.220378410076199	1	-0.762424743126728	0.581291488931857	1.00164764819432	3806.48167961616	0	1.00108504183912	13129.903258017	0	NA	NA	NA	NA	NA	NA	NA	NA
493	3	3	exact_null_point_mass	exact_null_point_mass	point_mass	0	none	no_benefit	0	0	NA	0	0	1000	360	600	1000	1000	360	751	0.64	0.249	5.98063233294543	24	24	0	2	1	10	4	1	5000	2500	1	0.99	14	10000	101492	0.4638	0.3475	-0.233576158156922	-5.80902443167558	-0.279979675810215	5.4134776843086	11.2225021159842	-0.213586835546769	-1.31547127068787	-0.216550590402454	0.883057538324773	2.19852880901264	0.478413815158299	-0.326254300100186	-12.2806927133084	-0.285846963800722	11.6891574655548	23.9698501788632	0.0619	0.4781	-0.0467307458576685	-2.07612298705216	-0.0577627973666504	2.00234207538026	4.07846506243241	0	NA	NA	NA	NA	NA	NA	1	-0.233576158156922	0.0545578216593474	1	-0.213586835546769	0.0456193363188826	1	-0.326254300100186	0.106441868333862	1	-0.0467307458576685	0.002183762608414	1.0016231594961	4152.25292454384	0	1.00150921364213	13208.9165215432	0	NA	NA	NA	NA	NA	NA	NA	NA
475	3	3	exact_null_point_mass	exact_null_point_mass	point_mass	0	none	no_benefit	0	0	NA	0	0	1000	360	600	1000	1000	360	767	0.64	0.233	5.94931983064742	24	24	0	2	1	10	4	1	5000	2500	1	0.99	14	10000	101474	0.345	0.0742	-1.15511473705414	-6.74657680199516	-1.18301845779086	4.55637872878964	11.3029555307848	-0.778157107153155	-1.83281159337301	-0.775983807572957	0.269204307172041	2.10201590054505	0.395082843399252	-1.55545184574292	-13.1453728064828	-1.47730848975203	10.0046257855896	23.1499985920724	0.0645	0.1788	-0.791656140011107	-2.72619479260643	-0.723530054340424	0.869999472288065	3.59619426489449	0	NA	NA	NA	NA	NA	NA	1	-1.15511473705414	1.33429005575967	1	-0.778157107153155	0.605528483412967	1	-1.55545184574292	2.41943044442504	1	-0.791656140011107	0.626719444017285	1.00177974229669	4270.45365237638	0	1.0017802609845	12696.7319427638	0	NA	NA	NA	NA	NA	NA	NA	NA
472	3	3	exact_null_point_mass	exact_null_point_mass	point_mass	0	none	no_benefit	0	0	NA	0	0	1000	360	600	1000	1000	360	769	0.64	0.231	5.74285990578346	24	24	0	2	1	10	4	1	5000	2500	1	0.99	14	10000	101471	0.4888	0.3071	-0.0447377532297752	-5.55152481416743	-0.0812265029718651	5.57547743800833	11.1270022521758	-0.274946505351419	-1.33278795318575	-0.270609666203904	0.782853457793954	2.1156414109797	0.501593033135089	0.0101150328642122	-11.7992557613779	0.0157216189087412	11.7931761597292	23.5924319211071	0.0584	0.5389	0.0890217594179943	-2.00567871092634	0.0986990788623139	2.15725777999131	4.16293649091766	0	NA	NA	NA	NA	NA	NA	1	-0.0447377532297752	0.00200146656404826	1	-0.274946505351419	0.0755955808049579	1	0.0101150328642122	0.000102313889844094	1	0.0890217594179943	0.00792487364987526	1.00232823330018	4064.36387479202	0	1.00120984047521	12527.8604012903	0	NA	NA	NA	NA	NA	NA	NA	NA
390	3	3	exact_null_point_mass	exact_null_point_mass	point_mass	0	none	no_benefit	0	0	NA	0	0	1000	360	600	1000	1000	360	765	0.64	0.235	5.63602869650227	24	24	0	2	1	10	4	1	5000	2500	1	0.99	14	10000	101389	0.5825	0.5817	0.626081296228735	-4.93741072380916	0.623032444288945	6.22971926834762	11.1671299921568	0.110532406862412	-1.00100474900195	0.113498686693378	1.20158632471927	2.20259107372121	0.55508608851801	0.771781615213813	-10.6609787419822	0.706663659721325	12.2981686963477	22.9591474383299	0.0533	0.4162	-0.213022224525563	-2.30285190688699	-0.239782360499166	1.99667964634949	4.29953155323648	0	NA	NA	NA	NA	NA	NA	1	0.626081296228735	0.391977789487453	1	0.110532406862412	0.0122174129667978	1	0.771781615213813	0.595646861582043	1	-0.213022224525563	0.0453784681418195	1.00287666859038	4274.89338304508	0	1.00162622121503	12415.8486865556	0	NA	NA	NA	NA	NA	NA	NA	NA
497	3	3	exact_null_point_mass	exact_null_point_mass	point_mass	0	none	no_benefit	0	0	NA	0	0	1000	360	600	1000	1000	360	756	0.64	0.244	5.61370240407817	24	24	0	2	1	10	4	1	5000	2500	1	0.99	14	10000	101496	0.5284	0.8605	0.191456310293619	-5.37053063262186	0.206725327056135	5.86156343758999	11.2320940702119	0.595490163196028	-0.489910013722889	0.597563001263788	1.67320742417942	2.16311743790231	0.509656992084433	0.156740312123497	-11.385806251581	0.124358759843069	11.8569077846022	23.2427140361833	0.0525	0.8208	0.786307195125848	-1.10809238568788	0.749109467747542	2.59389889965127	3.70199128533915	0	NA	NA	NA	NA	NA	NA	1	0.191456310293619	0.0366555187512466	1	0.595490163196028	0.354608534463232	1	0.156740312123497	0.0245675254445714	1	0.786307195125848	0.618279005106678	1.00162551137043	4432.04409956346	0	1.00121465193354	7534.03146423838	0	NA	NA	NA	NA	NA	NA	NA	NA
468	3	3	exact_null_point_mass	exact_null_point_mass	point_mass	0	none	no_benefit	0	0	NA	0	0	1000	360	600	1000	1000	360	750	0.64	0.25	5.75613002586643	24	24	0	2	1	10	4	1	5000	2500	1	0.99	14	10000	101467	0.5307	0.5081	0.22344251647358	-5.34425292381414	0.215842577957513	5.86136336563682	11.205616289451	0.0143108605609005	-1.06141805680982	0.012309028940475	1.08535877105851	2.14677682786833	0.523849994688197	0.369581406679206	-11.2662655199981	0.271060162116234	11.9773716007422	23.2436371207403	0.0587	0.3092	-0.623418393722506	-2.72001657213859	-0.58314495062065	1.42103734129305	4.14105391343163	0	NA	NA	NA	NA	NA	NA	1	0.22344251647358	0.049926558168046	1	0.0143108605609005	0.000204800729993536	1	0.369581406679206	0.136590416162981	1	-0.623418393722506	0.388650493631549	1.00162853527803	4459.55301046684	0	1.00271551314955	11662.0452925539	0	NA	NA	NA	NA	NA	NA	NA	NA
517	3	3	exact_null_point_mass	exact_null_point_mass	point_mass	0	none	no_benefit	0	0	NA	0	0	1000	360	600	1000	1000	360	741	0.64	0.259	6.43081775757886	24	24	0	2	1	10	4	1	5000	2500	1	0.99	14	10000	101516	0.6735	0.9962	1.18922552273986	-4.17112571588774	1.1872838407059	6.33304711157392	10.5041728274617	1.51434800693544	0.429345993206262	1.51694495273104	2.5854611366988	2.15611514349254	0.60489996790414	1.40265989456534	-9.82009314791054	1.2887717434713	12.3178638376897	22.1379569856003	0.0653	0.9916	3.02414206945321	0.669678233002676	3.01005573340928	5.45735658225923	4.78767834925656	0	NA	NA	NA	NA	NA	NA	1	1.18922552273986	1.4142573439359	0	1.51434800693544	2.29324988610933	1	1.40265989456534	1.96745477982206	0	3.02414206945321	9.14543525623674	1.00122567049491	4546.8676680434	0	1.00151033551916	10956.2263010858	0	NA	NA	NA	NA	NA	NA	NA	NA
491	3	3	exact_null_point_mass	exact_null_point_mass	point_mass	0	none	no_benefit	0	0	NA	0	0	1000	360	600	1000	1000	360	743	0.64	0.257	6.43621004910488	24	24	0	2	1	10	4	1	5000	2500	1	0.99	14	10000	101490	0.461	0.2418	-0.274124210170455	-5.45701590111793	-0.284563278181117	4.80466506150925	10.2616809626272	-0.382698481514867	-1.45430643209212	-0.376505977368829	0.6902743838133	2.14458081590542	0.483792372881356	-0.1898649902615	-11.358257233655	-0.19407385970981	10.931122817371	22.289380051026	0.056	0.2524	-0.828141477371717	-3.38390826196442	-0.862041659119194	2.02631198064719	5.41022024261161	0	NA	NA	NA	NA	NA	NA	1	-0.274124210170455	0.075144082601576	1	-0.382698481514867	0.146458127753785	1	-0.1898649902615	0.0360487145269995	1	-0.828141477371717	0.68581830654341	1.00141504428284	4292.94822232442	0	1.00264828302871	12310.3320834852	0	NA	NA	NA	NA	NA	NA	NA	NA
466	3	3	exact_null_point_mass	exact_null_point_mass	point_mass	0	none	no_benefit	0	0	NA	0	0	1000	360	600	1000	1000	360	748	0.64	0.252	6.01528621124746	24	24	0	2	1	10	4	1	5000	2500	1	0.99	14	10000	101465	0.1771	0.687	-2.46611452617684	-7.20931238669716	-2.5536307125677	2.73579070335206	9.94510309004922	0.269117440877617	-0.801906150296531	0.262840827752421	1.34742719086459	2.14933334116113	0.0682008368200837	-5.46577163730305	-15.1921406451238	-4.93192227991644	3.04689053510875	18.2390311802325	0.044	0.3979	-0.249301527879455	-2.4343424720286	-0.324846679496613	2.22915584905325	4.66349832108185	0	NA	NA	NA	NA	NA	NA	1	-2.46611452617684	6.08172085622041	1	0.269117440877617	0.0724241969845176	1	-5.46577163730305	29.8746595911464	1	-0.249301527879455	0.0621512518030305	1.0014753241858	4307.16385054923	0	1.00251489161616	12017.1180054166	0	NA	NA	NA	NA	NA	NA	NA	NA
387	3	3	exact_null_point_mass	exact_null_point_mass	point_mass	0	none	no_benefit	0	0	NA	0	0	1000	360	600	1000	1000	360	763	0.64	0.237	5.42423212198788	24	24	0	2	1	10	4	1	5000	2500	1	0.99	14	10000	101386	0.442	0.1172	-0.410031660724692	-5.84732643356106	-0.423631386672348	5.07481999831211	10.9221464318732	-0.654799039868117	-1.7353871389975	-0.65153029032721	0.433981538886411	2.16936867788391	0.477710339053998	-0.321477913999555	-11.8460781430452	-0.227629814574213	11.1682032036902	23.0142813467354	0.0444	0.0976	-1.37740016323178	-3.46479894731081	-1.35730160901455	0.610217173812715	4.07501612112353	0	NA	NA	NA	NA	NA	NA	1	-0.410031660724692	0.168125962796649	1	-0.654799039868117	0.428761782612209	1	-0.321477913999555	0.103348049189505	1	-1.37740016323178	1.89723120967094	1.00198020445323	4075.71194393323	0	1.00237021417615	10713.5458509845	0	NA	NA	NA	NA	NA	NA	NA	NA
585	3	3	exact_null_point_mass	exact_null_point_mass	point_mass	0	none	no_benefit	0	0	NA	0	0	1000	360	600	1000	1000	360	734	0.64	0.266	6.51161273964769	24	24	0	2	1	10	4	1	5000	2500	1	0.99	14	10000	101584	0.472	0.3422	-0.206033742202211	-5.5452324047423	-0.207201341734558	4.89492315475886	10.4401555595012	-0.220307815211714	-1.27629201861488	-0.219810687803868	0.865460465665146	2.14175248428003	0.492286413448239	-0.0838587163600584	-11.4406159862652	-0.0962924859271617	11.1639190108247	22.6045349970899	0.0601	0.5952	0.245671519602516	-1.68172606253648	0.22039946456131	2.31598165371247	3.99770771624895	0	NA	NA	NA	NA	NA	NA	1	-0.206033742202211	0.0424499029258473	1	-0.220307815211714	0.0485355334433589	1	-0.0838587163600584	0.00703228430955673	1	0.245671519602516	0.0603544955438092	1.0012976011201	4567.88066067435	0	1.00167978180047	11766.2568287788	0	NA	NA	NA	NA	NA	NA	NA	NA
604	3	3	exact_null_point_mass	exact_null_point_mass	point_mass	0	none	no_benefit	0	0	NA	0	0	1000	360	600	1000	1000	360	755	0.64	0.245	6.4689043848544	24	24	0	2	1	10	4	1	5000	2500	1	0.99	14	10000	101603	0.4807	0.7924	-0.115096068750968	-5.35634713495018	-0.146403280705451	5.15152058290863	10.5078677178588	0.430924997781677	-0.626779293009243	0.429438430684702	1.4901396621696	2.11691895517884	0.488412017167382	-0.117094106963332	-11.3940654569524	-0.113530629523623	11.2830666890336	22.677132145986	0.068	0.8778	1.10630886747595	-0.950776830614313	1.12440563642432	2.97761898418692	3.92839581480123	0	NA	NA	NA	NA	NA	NA	1	-0.115096068750968	0.0132471050419275	1	0.430924997781677	0.185696353713139	1	-0.117094106963332	0.0137110298855401	1	1.10630886747595	1.22391931025591	1.00136830483625	4323.56753179178	0	1.00195963972747	13226.4961975616	0	NA	NA	NA	NA	NA	NA	NA	NA
471	3	3	exact_null_point_mass	exact_null_point_mass	point_mass	0	none	no_benefit	0	0	NA	0	0	1000	360	600	1000	1000	360	749	0.64	0.251	6.5026454400466	24	24	0	2	1	10	4	1	5000	2500	1	0.99	14	10000	101470	0.4144	0.1553	-0.598146918993295	-5.67373040248874	-0.60892593056631	4.56162867311661	10.2353590756054	-0.544284021312829	-1.62186139781498	-0.5443852320577	0.492988849551687	2.11485024736667	0.453227365481688	-0.71355711393628	-11.9874665564268	-0.570166564908465	10.479203425215	22.4666699816418	0.0689	0.0913	-1.28352402652223	-3.09352340137867	-1.30589907506292	0.679587411455666	3.77311081283433	0	NA	NA	NA	NA	NA	NA	1	-0.598146918993295	0.357779736701171	1	-0.544284021312829	0.296245095856464	1	-0.71355711393628	0.509163754849073	1	-1.28352402652223	1.64743392665984	1.00152802914936	3965.68995949407	0	1.00110350180545	11107.7131100128	0	NA	NA	NA	NA	NA	NA	NA	NA
404	3	3	exact_null_point_mass	exact_null_point_mass	point_mass	0	none	no_benefit	0	0	NA	0	0	1000	360	600	1000	1000	360	757	0.64	0.243	6.52304056001555	24	24	0	2	1	10	4	1	5000	2500	1	0.99	14	10000	101403	0.5496	0.8838	0.32247558186275	-4.90144772832693	0.317997949476859	5.42317208209652	10.3246198104234	0.637556401759422	-0.424429234549466	0.64060099051029	1.67663644937559	2.10106568392506	0.52475353621946	0.287449679765898	-11.1395956080139	0.30744888284263	11.3953779653347	22.5349735733486	0.0668	0.9297	1.22404556289838	-0.431265716311229	1.23153107242015	2.83014018426436	3.26140590057558	0	NA	NA	NA	NA	NA	NA	1	0.32247558186275	0.103990500897719	1	0.637556401759422	0.406478165424422	1	0.287449679765898	0.0826273183975176	1	1.22404556289838	1.49828754005121	1.0022875558873	4419.17612276768	0	1.00269983352774	14350.9435571492	0	NA	NA	NA	NA	NA	NA	NA	NA
433	3	3	exact_null_point_mass	exact_null_point_mass	point_mass	0	none	no_benefit	0	0	NA	0	0	1000	360	600	1000	1000	360	762	0.64	0.238	5.75556179208906	24	24	0	2	1	10	4	1	5000	2500	1	0.99	14	10000	101432	0.491	0.3571	-0.0627864662192811	-5.6042865978536	-0.0581951692666545	5.4542869069667	11.0585735048203	-0.195937436779208	-1.25767027482493	-0.194144992050763	0.87871156978517	2.1363818446101	0.500583306819387	-0.0560080906608731	-12.0795913021331	0.00872282881587338	11.6318714177557	23.7114627198888	0.0571	0.4499	-0.112119002825397	-2.12098335670355	-0.125778081096277	1.96975218289706	4.09073553960061	0	NA	NA	NA	NA	NA	NA	1	-0.0627864662192811	0.00394214034030492	1	-0.195937436779208	0.0383914791316061	1	-0.0560080906608731	0.00313690621947658	1	-0.112119002825397	0.0125706707945615	1.00203484383064	4338.400730541	0	1.00127310993429	11349.7286167173	0	NA	NA	NA	NA	NA	NA	NA	NA
399	3	3	exact_null_point_mass	exact_null_point_mass	point_mass	0	none	no_benefit	0	0	NA	0	0	1000	360	600	1000	1000	360	745	0.64	0.255	5.86377978514896	24	24	0	2	1	10	4	1	5000	2500	1	0.99	14	10000	101398	0.4847	0.4529	-0.0899594407569593	-5.62398016307013	-0.108101494299224	5.57958400444894	11.2035641675191	-0.0654959634125761	-1.16278640623056	-0.0641690887724584	1.03036904162766	2.19315544785822	0.490724053853493	-0.116861094165853	-11.6341954061521	-0.135959796308308	11.6078174854806	23.2420128916327	0.0567	0.3417	-0.433826343566462	-2.45531146659114	-0.426505017300134	1.62841853043407	4.08372999702522	0	NA	NA	NA	NA	NA	NA	1	-0.0899594407569593	0.00809270098130487	1	-0.0654959634125761	0.00428972122334151	1	-0.116861094165853	0.0136565153296403	1	-0.433826343566462	0.188205296372246	1.00163541152009	4182.10326354911	0	1.00149261811851	10725.1338888323	0	NA	NA	NA	NA	NA	NA	NA	NA
464	3	3	exact_null_point_mass	exact_null_point_mass	point_mass	0	none	no_benefit	0	0	NA	0	0	1000	360	600	1000	1000	360	752	0.64	0.248	5.68797142843051	24	24	0	2	1	10	4	1	5000	2500	1	0.99	14	10000	101463	0.5414	0.4769	0.290693098785875	-5.22487072483935	0.314759823181002	5.73724047522586	10.9621112000652	-0.0301652199109973	-1.10004742840904	-0.0304796308442752	1.05468349219547	2.15473092060451	0.542860162773491	0.579242578048896	-11.1291643237132	0.527562940314347	12.2196112664744	23.3487755901876	0.0539	0.5774	0.196456828279888	-1.89014217236308	0.209748838219561	2.20534044570664	4.09548261806972	0	NA	NA	NA	NA	NA	NA	1	0.290693098785875	0.0845024776817344	1	-0.0301652199109973	0.000909940492278826	1	0.579242578048896	0.335521964224732	1	0.196456828279888	0.0385952853777934	1.0016469006453	4348.95227681312	0	1.00252014798506	12971.2276269047	0	NA	NA	NA	NA	NA	NA	NA	NA
483	3	3	exact_null_point_mass	exact_null_point_mass	point_mass	0	none	no_benefit	0	0	NA	0	0	1000	360	600	1000	1000	360	748	0.64	0.252	6.25302214726585	24	24	0	2	1	10	4	1	5000	2500	1	0.99	14	10000	101482	0.4292	0.1424	-0.464865692682314	-5.6403249575633	-0.473122722740329	4.75572194113772	10.396046898701	-0.592418936515228	-1.66101794403388	-0.595905380707007	0.518831585626185	2.17984952966006	0.433755274261603	-0.794976403218221	-11.7009438645854	-0.750176558765299	10.422877907898	22.1238217724833	0.052	0.0515	-1.68270957780313	-3.43444633144683	-1.74112554402095	0.419183789893443	3.85363012134028	0	NA	NA	NA	NA	NA	NA	1	-0.464865692682314	0.216100112233008	1	-0.592418936515228	0.350960196341834	1	-0.794976403218221	0.63198748167378	1	-1.68270957780313	2.83151152323038	1.00133061560496	4095.36763815535	0	1.0016440119838	9875.04654443883	0	NA	NA	NA	NA	NA	NA	NA	NA
469	3	3	exact_null_point_mass	exact_null_point_mass	point_mass	0	none	no_benefit	0	0	NA	0	0	1000	360	600	1000	1000	360	758	0.64	0.242	6.64213283352895	24	24	0	2	1	10	4	1	5000	2500	1	0.99	14	10000	101468	0.4314	0.3131	-0.438776101918289	-5.75614724347535	-0.457553886665515	4.81493459393476	10.5710818374101	-0.254432505685263	-1.3341765603272	-0.25804323595925	0.835250027866501	2.1694265881937	0.475452196382429	-0.333651612831696	-11.7705042708355	-0.23752290379908	11.128170139913	22.8986744107485	0.0712	0.472	-0.0978172987234096	-2.28559114603256	-0.0750147692822107	2.07111002522267	4.35670117125522	0	NA	NA	NA	NA	NA	NA	1	-0.438776101918289	0.192524467614609	1	-0.254432505685263	0.0647358999492815	1	-0.333651612831696	0.111323398745192	1	-0.0978172987234096	0.00956822392954476	1.00119801339681	4770.77212864199	0	1.00243461254292	12498.8512592562	0	NA	NA	NA	NA	NA	NA	NA	NA
445	3	3	exact_null_point_mass	exact_null_point_mass	point_mass	0	none	no_benefit	0	0	NA	0	0	1000	360	600	1000	1000	360	737	0.64	0.263	6.74212793221942	24	24	0	2	1	10	4	1	5000	2500	1	0.99	14	10000	101444	0.5656	0.3301	0.467680335178435	-4.94722375434019	0.508156912958653	5.78593028254863	10.7331540368888	-0.242685659070887	-1.33155629509842	-0.244685750285159	0.844754998605179	2.1763112937036	0.532841968350314	0.506087286401632	-11.0214193810811	0.41247631273724	11.8795147441483	22.9009341252294	0.0774	0.4108	-0.171874049490633	-1.97060764902349	-0.210241591518138	1.83943325304928	3.81004090207277	0	NA	NA	NA	NA	NA	NA	1	0.467680335178435	0.218724895912613	1	-0.242685659070887	0.0588963291186709	1	0.506087286401632	0.256124341457368	1	-0.171874049490633	0.0295406888883085	1.00200363685334	4051.7706431459	0	1.00135067420096	13188.1220133853	0	NA	NA	NA	NA	NA	NA	NA	NA
549	3	3	exact_null_point_mass	exact_null_point_mass	point_mass	0	none	no_benefit	0	0	NA	0	0	1000	360	600	1000	1000	360	767	0.64	0.233	5.23044187021752	24	24	0	2	1	10	4	1	5000	2500	1	0.99	14	10000	101548	0.4855	0.8322	-0.0873863120453661	-5.47445251317259	-0.109391779168867	5.32266888883273	10.7971214020053	0.534664973916027	-0.549633208238839	0.536309991145592	1.61144448913164	2.16107769737048	0.478505256583741	-0.289945931918489	-11.6817181868063	-0.247284052662549	11.0937551224411	22.7754733092474	0.0393	0.6439	0.319659726665222	-1.79353108148187	0.360204058501367	2.30868925573993	4.10222033722179	0	NA	NA	NA	NA	NA	NA	1	-0.0873863120453661	0.00763636753289009	1	0.534664973916027	0.285866634332626	1	-0.289945931918489	0.0840686434360808	1	0.319659726665222	0.102182340851684	1.00235946343529	4281.39862319261	0	1.00215481866342	13895.2782973012	0	NA	NA	NA	NA	NA	NA	NA	NA
490	3	3	exact_null_point_mass	exact_null_point_mass	point_mass	0	none	no_benefit	0	0	NA	0	0	1000	360	600	1000	1000	360	746	0.64	0.254	5.98452446997843	24	24	0	2	1	10	4	1	5000	2500	1	0.99	14	10000	101489	0.4004	0.0991	-0.714432331635145	-6.19050560393584	-0.734566639025476	4.97371253428617	11.164218138222	-0.711321901957235	-1.79702309687316	-0.714692748924097	0.383531744064011	2.18055484093717	0.437265214124718	-0.83908570223105	-12.3836678831765	-0.868265621546751	11.2123520045422	23.5960198877186	0.0683	0.0547	-1.76833309605777	-3.57605388854884	-1.86358117655741	0.563541885736893	4.13959577428573	0	NA	NA	NA	NA	NA	NA	1	-0.714432331635145	0.51041355648563	1	-0.711321901957235	0.505978848204059	1	-0.83908570223105	0.704064815688573	1	-1.76833309605777	3.12700193861326	1.00126891765729	4416.65209266852	0	1.00194034315113	12973.130853189	0	NA	NA	NA	NA	NA	NA	NA	NA
558	3	3	exact_null_point_mass	exact_null_point_mass	point_mass	0	none	no_benefit	0	0	NA	0	0	1000	360	600	1000	1000	360	761	0.64	0.239	5.79780294702706	24	24	0	2	1	10	4	1	5000	2500	1	0.99	14	10000	101557	0.3762	0.0759	-0.929057015360583	-6.41433115387501	-0.972343490001695	4.75409022866113	11.1684213825361	-0.774010780266323	-1.85110819929787	-0.777089852856155	0.27684465625515	2.12795285555302	0.426569686597497	-1.12119758699853	-12.7791923937746	-0.995389176977616	10.5231489139498	23.3023413077244	0.0651	0.0645	-1.42909234226697	-3.20925306798815	-1.43246139842766	0.405083436184354	3.6143365041725	0	NA	NA	NA	NA	NA	NA	1	-0.929057015360583	0.863146937790714	1	-0.774010780266323	0.599092687968482	1	-1.12119758699853	1.25708402909133	1	-1.42909234226697	2.04230492272609	1.00148516296236	4339.90465833841	0	1.00179599687053	12399.3287689223	0	NA	NA	NA	NA	NA	NA	NA	NA
518	3	3	exact_null_point_mass	exact_null_point_mass	point_mass	0	none	no_benefit	0	0	NA	0	0	1000	360	600	1000	1000	360	737	0.64	0.263	6.51898094801561	24	24	0	2	1	10	4	1	5000	2500	1	0.99	14	10000	101517	0.4316	0.1162	-0.473239179349358	-5.57622223353669	-0.465806367919924	4.63261615921789	10.2088383927546	-0.644304167781778	-1.70637518638708	-0.64440289924971	0.414094310425714	2.12046949681279	0.466340008521517	-0.500682038488702	-11.7610195796577	-0.422975629467526	10.7389104325914	22.499930012249	0.0612	0.3599	-0.397860250566523	-2.49488275378897	-0.383847283689399	1.68461381060901	4.17949656439798	0	NA	NA	NA	NA	NA	NA	1	-0.473239179349358	0.223955320871254	1	-0.644304167781778	0.415127860620969	1	-0.500682038488702	0.250682503665202	1	-0.397860250566523	0.158292778980856	1.00175929292928	4389.91565891164	0	1.00255077150193	11553.5925724223	0	NA	NA	NA	NA	NA	NA	NA	NA
363	3	3	exact_null_point_mass	exact_null_point_mass	point_mass	0	none	no_benefit	0	0	NA	0	0	1000	360	600	1000	1000	360	765	0.64	0.235	5.89261687641071	24	24	0	2	1	10	4	1	5000	2500	1	0.99	14	10000	101362	0.5679	0.7791	0.452956234335875	-5.28508678145147	0.517273686272199	5.98495799632746	11.2700447777789	0.421337807648788	-0.667317572684785	0.421802180183319	1.53910361632231	2.20642118900709	0.555567463294395	0.758716544671809	-11.1469298830185	0.806921843596328	12.4408412341017	23.5877711171202	0.0669	0.6577	0.335156304880709	-1.51703858605024	0.336701297052647	2.07976773903959	3.59680632508983	0	NA	NA	NA	NA	NA	NA	1	0.452956234335875	0.205169350223736	1	0.421337807648788	0.177525548154287	1	0.758716544671809	0.575650795158729	1	0.335156304880709	0.112329748701291	1.00103869024992	4399.20758290319	0	1.0011284072416	10000.6514615749	0	NA	NA	NA	NA	NA	NA	NA	NA
482	3	3	exact_null_point_mass	exact_null_point_mass	point_mass	0	none	no_benefit	0	0	NA	0	0	1000	360	600	1000	1000	360	747	0.64	0.253	6.38173926535674	24	24	0	2	1	10	4	1	5000	2500	1	0.99	14	10000	101481	0.59	0.5516	0.601718207796447	-4.69027725706084	0.624126258811833	5.7644884208167	10.4547656778775	0.0797423594522057	-0.986592915926021	0.0743032435262538	1.16598518821011	2.15257810413613	0.570092453235863	1.00275228556959	-10.0341406248972	0.913507356872343	12.18269250435	22.2168331292472	0.0698	0.5034	0.0650839795004995	-2.22022805632509	0.0134363662146715	2.53715670960209	4.75738476592717	0	NA	NA	NA	NA	NA	NA	1	0.601718207796447	0.362064801593768	1	0.0797423594522057	0.00635884389100478	1	1.00275228556959	1.00551214621504	1	0.0650839795004995	0.00423592438762143	1.00134729323906	4551.33013759401	0	1.0022540609096	10724.27815196	0	NA	NA	NA	NA	NA	NA	NA	NA
337	3	3	exact_null_point_mass	exact_null_point_mass	point_mass	0	none	no_benefit	0	0	NA	0	0	1000	360	600	1000	1000	360	760	0.64	0.24	5.6011491080939	24	24	0	2	1	10	4	1	5000	2500	1	0.99	14	10000	101336	0.5204	0.7758	0.179942032319099	-5.39090288877127	0.140739096638523	5.72512426569525	11.1160271544665	0.411941979719196	-0.626857628113208	0.405621722393056	1.46306954774656	2.08992717585977	0.51999156029117	0.371155515464154	-11.017546279441	0.243570109906743	12.1837322605224	23.2012785399634	0.0521	0.5753	0.20398750990007	-1.52743764647998	0.180418814383486	2.16651514450554	3.69395279098551	0	NA	NA	NA	NA	NA	NA	1	0.179942032319099	0.0323791349951276	1	0.411941979719196	0.169696194654971	1	0.371155515464154	0.137756416659462	1	0.20398750990007	0.041610904195231	1.00182977193624	4506.07743198939	0	1.00186681629776	11728.6587994533	0	NA	NA	NA	NA	NA	NA	NA	NA
432	3	3	exact_null_point_mass	exact_null_point_mass	point_mass	0	none	no_benefit	0	0	NA	0	0	1000	360	600	1000	1000	360	770	0.64	0.23	5.69208056273957	24	24	0	2	1	10	4	1	5000	2500	1	0.99	14	10000	101431	0.5306	0.6645	0.223076704247906	-5.33355656628859	0.223972238904473	5.79221578540237	11.125772351691	0.22859766198123	-0.832102332033643	0.229486072548312	1.28686017418083	2.11896250621447	0.521766628017287	0.308281194192869	-11.3465503151968	0.266233652413691	12.0467784932677	23.3933288084644	0.0513	0.7699	0.635115177865302	-1.00149561216286	0.621725146620146	2.30212226572836	3.30361787789122	0	NA	NA	NA	NA	NA	NA	1	0.223076704247906	0.0497632159781079	1	0.22859766198123	0.0522568910632845	1	0.308281194192869	0.0950372946929815	1	0.635115177865302	0.403371289154875	1.00128255489679	4386.03133534656	0	1.00191896133317	11497.5297612086	0	NA	NA	NA	NA	NA	NA	NA	NA
560	3	3	exact_null_point_mass	exact_null_point_mass	point_mass	0	none	no_benefit	0	0	NA	0	0	1000	360	600	1000	1000	360	746	0.64	0.254	5.61508680542292	24	24	0	2	1	10	4	1	5000	2500	1	0.99	14	10000	101559	0.4827	0.6529	-0.107671978061698	-5.61971331640366	-0.110073073803968	5.30834028677535	10.928053603179	0.209788812284322	-0.849175006620578	0.206765439611861	1.2677520865312	2.11692709315177	0.488470043171528	-0.175337018939148	-11.7984982623864	-0.13721882521599	11.3980827549921	23.1965810173784	0.0503	0.6034	0.232173367857025	-1.81696986198304	0.264371447896659	2.1087997916002	3.92576965358324	0	NA	NA	NA	NA	NA	NA	1	-0.107671978061698	0.0115932548597188	1	0.209788812284322	0.0440113457596667	1	-0.175337018939148	0.0307430702104672	1	0.232173367857025	0.0539044727420735	1.00170465961434	4659.74641673027	0	1.00132033888395	13179.5699692356	0	NA	NA	NA	NA	NA	NA	NA	NA
489	3	3	exact_null_point_mass	exact_null_point_mass	point_mass	0	none	no_benefit	0	0	NA	0	0	1000	360	600	1000	1000	360	747	0.64	0.253	6.12987704338485	24	24	0	2	1	10	4	1	5000	2500	1	0.99	14	10000	101488	0.4097	0.1388	-0.579370528744078	-5.61128894976989	-0.601704418744974	4.61080428956317	10.2220932393331	-0.585679703723951	-1.64654983659331	-0.58535522685325	0.492722851401964	2.13927268799528	0.399180844360428	-1.25967108116423	-12.0362803368879	-1.1694653530849	9.88968735133995	21.9259676882278	0.0478	0.1124	-1.42829852960361	-3.5000986355484	-1.46792349979875	0.983128138289842	4.48322677383824	0	NA	NA	NA	NA	NA	NA	1	-0.579370528744078	0.335670209577193	1	-0.585679703723951	0.343020715354175	1	-1.25967108116423	1.58677123272146	1	-1.42829852960361	2.04003668966784	1.00154376970212	4050.46312778375	0	1.00241708992343	13652.0089524577	0	NA	NA	NA	NA	NA	NA	NA	NA
481	3	3	exact_null_point_mass	exact_null_point_mass	point_mass	0	none	no_benefit	0	0	NA	0	0	1000	360	600	1000	1000	360	751	0.64	0.249	5.85363301426583	24	24	0	2	1	10	4	1	5000	2500	1	0.99	14	10000	101480	0.4911	0.5889	-0.0635074611799292	-5.61735571407635	-0.071455993872493	5.54905369362482	11.1664094077012	0.123015120482809	-0.928676120028655	0.124589871327166	1.18035339359004	2.1090295136187	0.487693127330847	-0.19072750585604	-11.9186463093316	-0.162269003826589	11.6990881281331	23.6177344374647	0.0615	0.5818	0.20341548388591	-1.75714527882555	0.212449825160644	2.11586082125063	3.87300610007618	0	NA	NA	NA	NA	NA	NA	1	-0.0635074611799292	0.00403319762552022	1	0.123015120482809	0.0151327198674001	1	-0.19072750585604	0.0363769814900658	1	0.20341548388591	0.0413778590845389	1.00179724488318	4434.26126678107	0	1.00183996411115	10647.7263537556	0	NA	NA	NA	NA	NA	NA	NA	NA
415	3	3	exact_null_point_mass	exact_null_point_mass	point_mass	0	none	no_benefit	0	0	NA	0	0	1000	360	600	1000	1000	360	754	0.64	0.246	6.09460014642253	24	24	0	2	1	10	4	1	5000	2500	1	0.99	14	10000	101414	0.4216	0.8721	-0.537825787317505	-5.67452341347331	-0.568758787172318	4.63871999994624	10.3132434134196	0.624393174319813	-0.442132979137789	0.61813299151498	1.71577811965884	2.15791109879663	0.416437777308261	-1.0563962602919	-11.8344611706835	-1.04038188671026	10.3882994465996	22.2227606172831	0.0534	0.6244	0.338627756349029	-1.79920406265573	0.348319314024643	2.45917231875548	4.25837638141121	0	NA	NA	NA	NA	NA	NA	1	-0.537825787317505	0.289256577503694	1	0.624393174319813	0.389866836137172	1	-1.0563962602919	1.11597305875871	1	0.338627756349029	0.114668757369977	1.00195346049687	4541.01811931869	0	1.00124592300752	10674.3446464711	0	NA	NA	NA	NA	NA	NA	NA	NA
473	3	3	exact_null_point_mass	exact_null_point_mass	point_mass	0	none	no_benefit	0	0	NA	0	0	1000	360	600	1000	1000	360	740	0.64	0.26	6.37636323239365	24	24	0	2	1	10	4	1	5000	2500	1	0.99	14	10000	101472	0.6377	0.8941	0.898498008822614	-4.25493876689867	0.93675053374448	5.92698167544719	10.1819204423459	0.667677256496674	-0.374427389017366	0.669166005361529	1.72311901210509	2.09754640112246	0.595235574377978	1.30128828083274	-9.85514486053729	1.17327339620673	12.318073618304	22.1732184788413	0.0555	0.9453	1.42270798518456	-0.289103272563895	1.435566323124	3.15939570585757	3.44849897842146	0	NA	NA	NA	NA	NA	NA	1	0.898498008822614	0.807298671858203	1	0.667677256496674	0.445792918842925	1	1.30128828083274	1.69335118983263	1	1.42270798518456	2.02409801110791	1.00172562663176	4549.5373561463	0	1.00159731351129	13588.2874713255	0	NA	NA	NA	NA	NA	NA	NA	NA
403	3	3	exact_null_point_mass	exact_null_point_mass	point_mass	0	none	no_benefit	0	0	NA	0	0	1000	360	600	1000	1000	360	757	0.64	0.243	5.72705581979939	24	24	0	2	1	10	4	1	5000	2500	1	0.99	14	10000	101402	0.4504	0.3664	-0.33612184612277	-5.88911240636952	-0.355933989296434	5.24673009002084	11.1358424963904	-0.196328085860829	-1.28561934218599	-0.198099648741489	0.860365481770916	2.14598482395691	0.460309115760698	-0.503089096027394	-12.0841805456506	-0.457115926037349	11.2816893538522	23.3658698995028	0.0489	0.275	-0.498771878654229	-2.06648242332813	-0.526879033400888	1.139295861959	3.20577828528714	0	NA	NA	NA	NA	NA	NA	1	-0.33612184612277	0.112977895440979	1	-0.196328085860829	0.0385447172977771	1	-0.503089096027394	0.25309863854166	1	-0.498771878654229	0.248773386936268	1.0018919864426	4358.60861084282	0	1.0017083447189	10706.8362370917	0	NA	NA	NA	NA	NA	NA	NA	NA
462	3	3	exact_null_point_mass	exact_null_point_mass	point_mass	0	none	no_benefit	0	0	NA	0	0	1000	360	600	1000	1000	360	749	0.64	0.251	5.76926506774022	24	24	0	2	1	10	4	1	5000	2500	1	0.99	14	10000	101461	0.4004	0.3529	-0.721273021093363	-6.22122754932822	-0.768342528343778	4.89096434332744	11.1121918926557	-0.215934856784437	-1.30210998270648	-0.207582611164556	0.856389918763956	2.15849990147044	0.430086993422449	-0.976524684954813	-12.5780023724653	-0.894658064610809	10.7037919965602	23.2817943690255	0.0574	0.4646	-0.102407078480295	-2.30072920347496	-0.107046541278427	2.14604976330727	4.44677896678223	0	NA	NA	NA	NA	NA	NA	1	-0.721273021093363	0.520234770957147	1	-0.215934856784437	0.0466278623745152	1	-0.976524684954813	0.953600460326097	1	-0.102407078480295	0.0104872097228693	1.00147087028448	4371.35537574038	0	1.00134079749675	10896.5145968442	0	NA	NA	NA	NA	NA	NA	NA	NA
480	3	3	exact_null_point_mass	exact_null_point_mass	point_mass	0	none	no_benefit	0	0	NA	0	0	1000	360	600	1000	1000	360	739	0.64	0.261	6.46377852360696	24	24	0	2	1	10	4	1	5000	2500	1	0.99	14	10000	101479	0.5722	0.365	0.44971458916925	-4.84464660066856	0.483705178754598	5.66993717505991	10.5145837757285	-0.19083048570306	-1.27359028364337	-0.192959097600773	0.873574742465695	2.14716502610907	0.54032604032604	0.494908818253893	-10.9459450633552	0.472597516174953	11.7854738544076	22.7314189177628	0.0676	0.5517	0.112046934243276	-1.8470754866277	0.129858923126616	1.9579147084015	3.8049901950292	0	NA	NA	NA	NA	NA	NA	1	0.44971458916925	0.202243211711667	1	-0.19083048570306	0.0364162742736658	1	0.494908818253893	0.244934738385465	1	0.112046934243276	0.012554515473317	1.00221561977272	4331.35319953465	0	1.0018433796905	11002.7868110363	0	NA	NA	NA	NA	NA	NA	NA	NA
388	3	3	exact_null_point_mass	exact_null_point_mass	point_mass	0	none	no_benefit	0	0	NA	0	0	1000	360	600	1000	1000	360	737	0.64	0.263	6.04432466547481	24	24	0	2	1	10	4	1	5000	2500	1	0.99	14	10000	101387	0.688	0.9663	1.2603296135812	-3.7514668427178	1.31558136653726	6.14716012933872	9.89862697205652	1.01989488788933	-0.068994922525732	1.02460108849672	2.10460315775839	2.17359808028412	0.776297991884299	3.33522021455802	-7.29014898595596	3.06975198942851	13.9007800747717	21.1909290607277	0.0389	0.977	2.31779920118443	0.0516392160914814	2.27070246531701	4.96296966069794	4.91133044460646	0	NA	NA	NA	NA	NA	NA	1	1.2603296135812	1.58843073486973	1	1.01989488788933	1.04018558234279	1	3.33522021455802	11.1236938795964	0	2.31779920118443	5.37219313701116	1.001227516461	4251.56191092662	0	1.00280815103307	12155.8484493947	0	NA	NA	NA	NA	NA	NA	NA	NA
505	3	3	exact_null_point_mass	exact_null_point_mass	point_mass	0	none	no_benefit	0	0	NA	0	0	1000	360	600	1000	1000	360	767	0.64	0.233	5.59070169748088	24	24	0	2	1	10	4	1	5000	2500	1	0.99	14	10000	101504	0.4174	0.264	-0.614726027838689	-6.18869635195443	-0.61543098313346	4.90314144108072	11.0918377930352	-0.346116069812409	-1.40842759791099	-0.345297103679226	0.720078735277482	2.12850633318847	0.434471133586178	-0.949774556721346	-12.6114566146172	-0.856447885937549	10.7408296483503	23.3522862629674	0.0508	0.2638	-0.676337995357368	-2.97452326919405	-0.603041700805194	1.41736260608615	4.3918858752802	0	NA	NA	NA	NA	NA	NA	1	-0.614726027838689	0.377888089302333	1	-0.346116069812409	0.119796333782388	1	-0.949774556721346	0.902071708595229	1	-0.676337995357368	0.457433083964023	1.00164862580599	4525.58591611836	0	1.00117672219499	13354.2144836419	0	NA	NA	NA	NA	NA	NA	NA	NA
506	3	3	exact_null_point_mass	exact_null_point_mass	point_mass	0	none	no_benefit	0	0	NA	0	0	1000	360	600	1000	1000	360	770	0.64	0.23	5.66423620408613	24	24	0	2	1	10	4	1	5000	2500	1	0.99	14	10000	101505	0.5586	0.7844	0.367156898104086	-5.08555133338102	0.40532737815975	5.86101742840131	10.9465687617823	0.411934072274559	-0.650847704901701	0.418092351278557	1.43376008799569	2.08460779289739	0.521789473684211	0.323181237900275	-11.2294252372834	0.291415004563646	12.0384616512249	23.2678868885083	0.05	0.7776	0.826043149361134	-1.15138280088932	0.83647365370447	2.84449673570195	3.99587953659127	0	NA	NA	NA	NA	NA	NA	1	0.367156898104086	0.134804187825414	1	0.411934072274559	0.169689679900701	1	0.323181237900275	0.104446112530754	1	0.826043149361134	0.682347284606461	1.00114969139391	4243.18139765949	0	1.00128672142651	10616.902159536	0	NA	NA	NA	NA	NA	NA	NA	NA
463	3	3	exact_null_point_mass	exact_null_point_mass	point_mass	0	none	no_benefit	0	0	NA	0	0	1000	360	600	1000	1000	360	739	0.64	0.261	6.32186939722345	24	24	0	2	1	10	4	1	5000	2500	1	0.99	14	10000	101462	0.3932	0.0727	-0.717089525281113	-5.81861289430148	-0.74781198444918	4.42143497680047	10.240047871102	-0.781163740832958	-1.84212196068045	-0.776096553292827	0.293062419201903	2.13518437988236	0.434530095036959	-0.923509282259691	-11.9897157285926	-0.770801632004083	10.026354519162	22.0160702477547	0.053	0.07	-1.60395298009485	-3.86019630360037	-1.57253566291336	0.511600459809565	4.37179676340993	0	NA	NA	NA	NA	NA	NA	1	-0.717089525281113	0.514217387267892	1	-0.781163740832958	0.61021678999214	1	-0.923509282259691	0.85286939441981	1	-1.60395298009485	2.57266516235514	1.00200038366628	4242.84380661972	0	1.00224586101627	12819.7064675451	0	NA	NA	NA	NA	NA	NA	NA	NA
537	3	3	exact_null_point_mass	exact_null_point_mass	point_mass	0	none	no_benefit	0	0	NA	0	0	1000	360	600	1000	1000	360	765	0.64	0.235	5.79426031311592	24	24	0	2	1	10	4	1	5000	2500	1	0.99	14	10000	101536	0.5515	0.83	0.354544097435068	-5.16375446724194	0.342992060494844	5.83392046776929	10.9976749350112	0.504701264267922	-0.563280454499703	0.508690514012785	1.53380234442633	2.09708279892603	0.516057233704293	0.263758455732158	-11.437841910599	0.219842131218041	11.7651459291044	23.2029878397034	0.0565	0.7392	0.655549429197692	-1.36497746429196	0.662402249406685	2.58854092687952	3.95351839117148	0	NA	NA	NA	NA	NA	NA	1	0.354544097435068	0.125701517026047	1	0.504701264267922	0.254723366153639	1	0.263758455732158	0.0695685229702125	1	0.655549429197692	0.429745054121419	1.00113417272313	4266.99374379481	0	1.00203965452107	15012.1515844163	0	NA	NA	NA	NA	NA	NA	NA	NA
440	3	3	exact_null_point_mass	exact_null_point_mass	point_mass	0	none	no_benefit	0	0	NA	0	0	1000	360	600	1000	1000	360	743	0.64	0.257	6.43791074079701	24	24	0	2	1	10	4	1	5000	2500	1	0.99	14	10000	101439	0.5982	0.699	0.691539072994067	-4.56276027589739	0.71296332616232	6.00451797256504	10.5672782484624	0.281729056725449	-0.802122503225963	0.283727591507182	1.3727405475768	2.17486305080276	0.57002457002457	0.962902748938676	-10.4749971103221	0.885134332043076	12.0982246415496	22.5732217518717	0.0639	0.845	1.26606339875586	-1.24083301606602	1.29990088770966	3.61148266847194	4.85231568453796	0	NA	NA	NA	NA	NA	NA	1	0.691539072994067	0.478226289477493	1	0.281729056725449	0.0793712614034113	1	0.962902748938676	0.927181703913659	1	1.26606339875586	1.60291652966925	1.00152759881965	4018.66428092826	0	1.00150990182321	11334.599966995	0	NA	NA	NA	NA	NA	NA	NA	NA
361	3	3	exact_null_point_mass	exact_null_point_mass	point_mass	0	none	no_benefit	0	0	NA	0	0	1000	360	600	1000	1000	360	778	0.64	0.222	6.66292472689965	24	24	0	2	1	10	4	1	5000	2500	1	0.99	14	10000	101360	0.5865	0.751	0.593277895439118	-4.85712424737421	0.612895266451695	5.92976656901474	10.786890816389	0.367759046557637	-0.679611999895014	0.363340677666958	1.4345585842918	2.11417058418681	0.547377509173322	0.556838004312608	-10.8401364887543	0.536781200082642	11.7727725349714	22.6129090237257	0.0734	0.5695	0.16366304188452	-1.69398556752857	0.175839656528781	2.00790064449411	3.70188621202268	0	NA	NA	NA	NA	NA	NA	1	0.593277895439118	0.35197866121667	1	0.367759046557637	0.135246716324982	1	0.556838004312608	0.310068563046848	1	0.16366304188452	0.0267855912788941	1.0014040090152	4385.88285789646	0	1.00162428922139	12260.0942084904	0	NA	NA	NA	NA	NA	NA	NA	NA
607	3	3	exact_null_point_mass	exact_null_point_mass	point_mass	0	none	no_benefit	0	0	NA	0	0	1000	360	600	1000	1000	360	769	0.64	0.231	6.0421467721156	24	24	0	2	1	10	4	1	5000	2500	1	0.99	14	10000	101606	0.5907	0.5386	0.572030677372279	-4.42223499968605	0.589384324651506	5.41942751001688	9.84166250970293	0.0589569042687066	-0.995600579429796	0.054539121967168	1.11229105062388	2.10789163005367	0.675661862414392	1.91957986924177	-8.69922370990533	1.63551411054727	12.4654267692307	21.1646504791361	0.0217	0.556	0.207006345603523	-1.84713300608036	0.15030373046099	2.52500104413707	4.37213405021743	0	NA	NA	NA	NA	NA	NA	1	0.572030677372279	0.327219095854988	1	0.0589569042687066	0.00347591656094943	1	1.91957986924177	3.68478687439826	1	0.207006345603523	0.042851627120125	1.00221700497331	4461.434073255	0	1.00152503928088	13063.3670170396	0	NA	NA	NA	NA	NA	NA	NA	NA
559	3	3	exact_null_point_mass	exact_null_point_mass	point_mass	0	none	no_benefit	0	0	NA	0	0	1000	360	600	1000	1000	360	754	0.64	0.246	6.14742072010499	24	24	0	2	1	10	4	1	5000	2500	1	0.99	14	10000	101558	0.5549	0.4575	0.32560448882256	-4.90882569960908	0.351367543014481	5.53273388990671	10.4415595895158	-0.0591163746779452	-1.13048850054861	-0.0567391368194112	0.978338417165252	2.10882691771386	0.521955876113704	0.293501199525497	-10.7304308108064	0.241107013498299	11.4549772523381	22.1854080631445	0.0572	0.5114	-0.0184922790393977	-2.18962065797934	0.0276890440734627	1.89651210837519	4.08613276635453	0	NA	NA	NA	NA	NA	NA	1	0.32560448882256	0.106018283141401	1	-0.0591163746779452	0.0034947457550632	1	0.293501199525497	0.0861429541229057	1	-0.0184922790393977	0.000341964384070947	1.0017752402586	4254.81183280458	0	1.00130788056836	11554.7060376099	0	NA	NA	NA	NA	NA	NA	NA	NA
360	3	3	exact_null_point_mass	exact_null_point_mass	point_mass	0	none	no_benefit	0	0	NA	0	0	1000	360	600	1000	1000	360	780	0.64	0.22	6.15060094222438	24	24	0	2	1	10	4	1	5000	2500	1	0.99	14	10000	101359	0.3807	0.0818	-0.828245405996985	-6.19586724336222	-0.812219860635087	4.45678198253185	10.6526492258941	-0.742272795026059	-1.78033246408841	-0.746339192862931	0.307287471448552	2.08761993553696	0.423761946133797	-1.09916957340596	-12.2555614110105	-1.06932485214434	10.4752178314014	22.7307792424119	0.0792	0.0314	-1.51190422315382	-2.99451930678457	-1.52544400472674	0.108011887399956	3.10253119418453	0	NA	NA	NA	NA	NA	NA	1	-0.828245405996985	0.685990452555111	1	-0.742272795026059	0.550968902235798	1	-1.09916957340596	1.20817375110144	1	-1.51190422315382	2.28585437999034	1.00152016841121	4163.12285199181	0	1.00140208529843	11686.9656594601	0	NA	NA	NA	NA	NA	NA	NA	NA
561	3	3	exact_null_point_mass	exact_null_point_mass	point_mass	0	none	no_benefit	0	0	NA	0	0	1000	360	600	1000	1000	360	759	0.64	0.241	5.94147277991585	24	24	0	2	1	10	4	1	5000	2500	1	0.99	14	10000	101560	0.5206	0.36	0.147250100545806	-5.47797386451328	0.14617643952807	5.74691026475945	11.2248841292727	-0.203411310781589	-1.29029320025307	-0.20626790862659	0.879219815303304	2.16951301555637	0.508717509894106	0.0524789733078338	-11.9399829956468	0.0952010252098709	11.8990839344578	23.8390669301046	0.0651	0.2492	-0.758036212523208	-2.75252543341438	-0.776174513394148	1.18552913642039	3.93805456983476	0	NA	NA	NA	NA	NA	NA	1	0.147250100545806	0.0216825921107501	1	-0.203411310781589	0.0413761613538842	1	0.0524789733078338	0.00275404263944433	1	-0.758036212523208	0.574618899496531	1.00144894199398	4430.38143968648	0	1.00192336049333	14096.1296201269	0	NA	NA	NA	NA	NA	NA	NA	NA
521	3	3	exact_null_point_mass	exact_null_point_mass	point_mass	0	none	no_benefit	0	0	NA	0	0	1000	360	600	1000	1000	360	767	0.64	0.233	5.40972267426152	24	24	0	2	1	10	4	1	5000	2500	1	0.99	14	10000	101520	0.6166	0.9341	0.826250648580314	-4.63430164106583	0.860828288408006	6.11956482353571	10.7538664646015	0.844473026842953	-0.238571051070309	0.841190530581448	1.93864194266852	2.17721299373882	0.606818892711917	1.46141611303863	-9.74706618145854	1.30563725813053	12.736182594761	22.4832487762195	0.0409	0.8913	1.25813755590145	-0.626537823985453	1.21512821080659	3.31626893902562	3.94280676301108	0	NA	NA	NA	NA	NA	NA	1	0.826250648580314	0.68269013427939	1	0.844473026842953	0.713134693065299	1	1.46141611303863	2.13573705544893	1	1.25813755590145	1.58291010956968	1.00162563590943	4461.99413710028	0	1.00164073547144	11582.4485367756	0	NA	NA	NA	NA	NA	NA	NA	NA
520	3	3	exact_null_point_mass	exact_null_point_mass	point_mass	0	none	no_benefit	0	0	NA	0	0	1000	360	600	1000	1000	360	747	0.64	0.253	5.93539794412094	24	24	0	2	1	10	4	1	5000	2500	1	0.99	14	10000	101519	0.4511	0.2375	-0.335757295339872	-5.93502366426946	-0.360681702258415	5.32198093688341	11.2570046011529	-0.385959055654879	-1.45896620841381	-0.388862850808775	0.67296887765937	2.13193508607318	0.483788395904437	-0.322361163303246	-12.0488161439685	-0.210205161239286	11.3286534333478	23.3774695773163	0.0624	0.2457	-0.781373340388287	-2.83026739510327	-0.827829478564323	1.45661011586755	4.28687751097082	0	NA	NA	NA	NA	NA	NA	1	-0.335757295339872	0.112732961373946	1	-0.385959055654879	0.148964392642006	1	-0.322361163303246	0.103916719606222	1	-0.781373340388287	0.61054429706955	1.00122770445063	4066.88142404898	0	1.00119941292055	9812.90778115412	0	NA	NA	NA	NA	NA	NA	NA	NA
511	3	3	exact_null_point_mass	exact_null_point_mass	point_mass	0	none	no_benefit	0	0	NA	0	0	1000	360	600	1000	1000	360	746	0.64	0.254	6.51116069338096	24	24	0	2	1	10	4	1	5000	2500	1	0.99	14	10000	101510	0.4789	0.1979	-0.115594505200729	-5.22149107322919	-0.14599351946029	5.04312144936742	10.2646125225966	-0.454512971163028	-1.51113939553738	-0.449515127586536	0.60227253148645	2.11341192702383	0.491347276780975	-0.136230299227888	-11.2753186719481	-0.0889680106692339	10.9002010655017	22.1755197374498	0.0581	0.1833	-0.796753075879251	-2.4687340685292	-0.814922544534175	0.942077257182348	3.41081132571155	0	NA	NA	NA	NA	NA	NA	1	-0.115594505200729	0.0133620896326013	1	-0.454512971163028	0.206582040955443	1	-0.136230299227888	0.0185586944277199	1	-0.796753075879251	0.634815463923047	1.0015953057032	4026.95699876868	0	1.0017100666229	10388.8161161757	0	NA	NA	NA	NA	NA	NA	NA	NA
512	3	3	exact_null_point_mass	exact_null_point_mass	point_mass	0	none	no_benefit	0	0	NA	0	0	1000	360	600	1000	1000	360	752	0.64	0.248	5.87955021895651	24	24	0	2	1	10	4	1	5000	2500	1	0.99	14	10000	101511	0.5453	0.7458	0.33506921026021	-5.3854837143685	0.345050831932847	6.00666644978896	11.3921501641575	0.374807589923667	-0.708272062732344	0.378020945487052	1.47648224478912	2.18475430752146	0.53229754176865	0.573697199103555	-11.1305655077257	0.404878493724684	12.2419566422446	23.3725221499703	0.0603	0.8698	1.26135831429977	-0.918452366626994	1.22561720029263	3.61699189733278	4.53544426395977	0	NA	NA	NA	NA	NA	NA	1	0.33506921026021	0.112271375664401	1	0.374807589923667	0.140480729464388	1	0.573697199103555	0.329128476259264	1	1.26135831429977	1.59102479705316	1.00173138469924	4193.81468456979	0	1.0011155226356	13841.5377641616	0	NA	NA	NA	NA	NA	NA	NA	NA
575	3	3	exact_null_point_mass	exact_null_point_mass	point_mass	0	none	no_benefit	0	0	NA	0	0	1000	360	600	1000	1000	360	762	0.64	0.238	6.13757714371311	24	24	0	2	1	10	4	1	5000	2500	1	0.99	14	10000	101574	0.5059	0.8579	0.0397311685622303	-5.02592270743041	0.0457470585483488	5.04842327367463	10.074345981105	0.585134877944245	-0.459876352601492	0.583182411273121	1.65063784036239	2.11051419296388	0.496580027359781	-0.09535156980184	-11.3651165350526	-0.0285302889845358	10.6776694651386	22.0427860001912	0.0497	0.7995	0.781469153861904	-1.07766536578997	0.724504357641803	2.75547124075928	3.83313660654925	0	NA	NA	NA	NA	NA	NA	1	0.0397311685622303	0.00157856575532035	1	0.585134877944245	0.342382825386827	1	-0.09535156980184	0.00909192186367517	1	0.781469153861904	0.61069403843764	1.00125696238018	4259.43591248901	0	1.00141870961687	14219.9369503495	0	NA	NA	NA	NA	NA	NA	NA	NA
465	3	3	exact_null_point_mass	exact_null_point_mass	point_mass	0	none	no_benefit	0	0	NA	0	0	1000	360	600	1000	1000	360	753	0.64	0.247	5.74270453480123	24	24	0	2	1	10	4	1	5000	2500	1	0.99	14	10000	101464	0.4756	0.5938	-0.185792554669798	-5.75284251306823	-0.183436917497867	5.30396899305648	11.0568115061247	0.134313110263832	-0.944201614647312	0.138079277533684	1.21167196083987	2.15587357548718	0.482513777024163	-0.27305364122706	-12.0590312078881	-0.225164566783574	11.6558058506984	23.7148370585865	0.0564	0.6193	0.413749725822902	-1.89850941082877	0.396413041187867	2.79676059034283	4.6952700011716	0	NA	NA	NA	NA	NA	NA	1	-0.185792554669798	0.0345188733707299	1	0.134313110263832	0.0180400115887443	1	-0.27305364122706	0.0745582909873559	1	0.413749725822902	0.171188835618527	1.00115061008822	4287.55619014266	0	1.00308934395552	11435.926545707	0	NA	NA	NA	NA	NA	NA	NA	NA
507	3	3	exact_null_point_mass	exact_null_point_mass	point_mass	0	none	no_benefit	0	0	NA	0	0	1000	360	600	1000	1000	360	744	0.64	0.256	6.30197117341703	24	24	0	2	1	10	4	1	5000	2500	1	0.99	14	10000	101506	0.5092	0.4383	0.0993481338095526	-5.10924704031873	0.0722910106542001	5.24063623266784	10.3498832729866	-0.0871857618999348	-1.15434104945079	-0.0838535307228927	0.987140514186223	2.14148156363701	0.508208876178371	0.0887323695756903	-11.2129524102584	0.108118508260121	11.3567036194697	22.5696560297282	0.0559	0.8417	1.39993650289452	-1.23511543650121	1.58067087218936	3.44388198707788	4.67899742357909	0	NA	NA	NA	NA	NA	NA	1	0.0993481338095526	0.00987005169144078	1	-0.0871857618999348	0.00760135707807213	1	0.0887323695756903	0.00787343341051688	1	1.39993650289452	1.95982221213655	1.00194468586593	4481.40518400919	0	1.00260607113054	14198.7332318143	0	NA	NA	NA	NA	NA	NA	NA	NA
460	3	3	exact_null_point_mass	exact_null_point_mass	point_mass	0	none	no_benefit	0	0	NA	0	0	1000	360	600	1000	1000	360	745	0.64	0.255	6.17171268990404	24	24	0	2	1	10	4	1	5000	2500	1	0.99	14	10000	101459	0.4104	0.1931	-0.61043353207794	-5.85324347182631	-0.620860630564669	4.59043831978778	10.4436817916141	-0.468385129962586	-1.52685663320774	-0.467579532337369	0.619508065388273	2.14636469859601	0.436785329018339	-0.809410048324009	-12.1021433884315	-0.77368183155444	10.8619443100828	22.9640876985143	0.073	0.1665	-0.857507742082598	-2.71022600893199	-0.873917798147217	1.00557264773598	3.71579865666797	0	NA	NA	NA	NA	NA	NA	1	-0.61043353207794	0.37262909708515	1	-0.468385129962586	0.219384629970068	1	-0.809410048324009	0.655144626327875	1	-0.857507742082598	0.735319527731596	1.00175573230066	4602.70223170667	0	1.0019868063592	11832.9799009827	0	NA	NA	NA	NA	NA	NA	NA	NA
510	3	3	exact_null_point_mass	exact_null_point_mass	point_mass	0	none	no_benefit	0	0	NA	0	0	1000	360	600	1000	1000	360	737	0.64	0.263	6.52423278849526	24	24	0	2	1	10	4	1	5000	2500	1	0.99	14	10000	101509	0.4961	0.851	-0.0106871848726714	-5.24446847005429	-0.0236593071410818	5.28611776884588	10.5305862389002	0.568180719524549	-0.501862769834857	0.567687870929277	1.65077741864382	2.15264018847868	0.501287553648069	0.00359076357068722	-11.0061335449251	0.0143150684405935	11.2573887867543	22.2635223316794	0.068	0.7803	0.979308003480011	-1.65006917112001	1.01577903563297	3.45073386310027	5.10080303422027	0	NA	NA	NA	NA	NA	NA	1	-0.0106871848726714	0.000114215920502655	1	0.568180719524549	0.322829330039435	1	0.00359076357068722	1.28935830205744e-05	1	0.979308003480011	0.959044165680005	1.0015181171765	4227.41566430918	0	1.0012867362284	12476.9317511465	0	NA	NA	NA	NA	NA	NA	NA	NA
540	3	3	exact_null_point_mass	exact_null_point_mass	point_mass	0	none	no_benefit	0	0	NA	0	0	1000	360	600	1000	1000	360	737	0.64	0.263	6.38819565959654	24	24	0	2	1	10	4	1	5000	2500	1	0.99	14	10000	101539	0.5458	0.2711	0.282001767050316	-4.81575679221423	0.293091419046022	5.31247719840325	10.1282339906175	-0.332424461783388	-1.40823528547866	-0.335030527676553	0.733414206957577	2.14164949243624	0.528410300063843	0.321837168890861	-11.2349376513899	0.333251660476931	11.379319463894	22.6142571152839	0.0602	0.3395	-0.472284709735392	-2.60733166502335	-0.487314504879664	1.7142134309693	4.32154509599265	0	NA	NA	NA	NA	NA	NA	1	0.282001767050316	0.0795249966195006	1	-0.332424461783388	0.110506022791975	1	0.321837168890861	0.103579163279685	1	-0.472284709735392	0.223052847049844	1.00184134010979	4180.64280334483	0	1.00176916761431	11001.0732844983	0	NA	NA	NA	NA	NA	NA	NA	NA
522	3	3	exact_null_point_mass	exact_null_point_mass	point_mass	0	none	no_benefit	0	0	NA	0	0	1000	360	600	1000	1000	360	751	0.64	0.249	5.72503727290188	24	24	0	2	1	10	4	1	5000	2500	1	0.99	14	10000	101521	0.5461	0.8814	0.339094790416198	-5.33941277024574	0.36472828304315	5.92008364681433	11.2594964170601	0.64117819616712	-0.409927327838269	0.632640186065844	1.70402816985119	2.11395549768946	0.522645502645503	0.410093090794557	-11.2298686088038	0.259988447561047	12.2106434509307	23.4405120597345	0.055	0.9355	1.51403057555914	-0.443917449619195	1.50182486126848	3.49018628943891	3.93410373905811	0	NA	NA	NA	NA	NA	NA	1	0.339094790416198	0.114985276887405	1	0.64117819616712	0.411109479240122	1	0.410093090794557	0.168176343117433	1	1.51403057555914	2.29228858372793	1.00182719234605	4714.93532822012	0	1.00141686633539	11236.9015120703	0	NA	NA	NA	NA	NA	NA	NA	NA
613	3	3	exact_null_point_mass	exact_null_point_mass	point_mass	0	none	no_benefit	0	0	NA	0	0	1000	360	600	1000	1000	360	750	0.64	0.25	6.1005446285491	24	24	0	2	1	10	4	1	5000	2500	1	0.99	14	10000	101612	0.3279	0.1214	-1.189072315254	-6.29837274841313	-1.22304300478848	4.00814269984315	10.3065154482563	-0.648792207737214	-1.71534968408074	-0.654699987487025	0.444027263008834	2.15937694708957	0.322430892593374	-2.35437755632984	-13.0417657684719	-2.14568131814445	8.55117568938977	21.5929414578617	0.0522	0.0537	-1.54159287766406	-3.31370409081455	-1.56780021669043	0.417988442778079	3.73169253359263	0	NA	NA	NA	NA	NA	NA	1	-1.189072315254	1.41389297090352	1	-0.648792207737214	0.420931328820529	1	-2.35437755632984	5.54309367774969	1	-1.54159287766406	2.37650860046457	1.00120412073403	4541.20684854503	0	1.00232761051818	11508.2827123657	0	NA	NA	NA	NA	NA	NA	NA	NA
514	3	3	exact_null_point_mass	exact_null_point_mass	point_mass	0	none	no_benefit	0	0	NA	0	0	1000	360	600	1000	1000	360	767	0.64	0.233	5.70933367978908	24	24	0	2	1	10	4	1	5000	2500	1	0.99	14	10000	101513	0.4874	0.5146	-0.0800703097159745	-5.65884541580323	-0.0872187442716919	5.50273039484575	11.161575810649	0.017769526862147	-1.05085115071752	0.0194459764755432	1.10165673508166	2.15250788579918	0.470749736008448	-0.353796141979307	-11.9824889587121	-0.344493058749076	11.4109587206111	23.3934476793232	0.053	0.5203	0.00269485044126054	-1.99917134924762	0.0513703601415392	1.80712327424119	3.8062946234888	0	NA	NA	NA	NA	NA	NA	1	-0.0800703097159745	0.00641125449801209	1	0.017769526862147	0.000315756084904565	1	-0.353796141979307	0.125171710079442	1	0.00269485044126054	7.26221890076211e-06	1.00178158731395	3847.86911461061	0	1.00184201696844	11427.6874495652	0	NA	NA	NA	NA	NA	NA	NA	NA
542	3	3	exact_null_point_mass	exact_null_point_mass	point_mass	0	none	no_benefit	0	0	NA	0	0	1000	360	600	1000	1000	360	753	0.64	0.247	6.54312365108085	24	24	0	2	1	10	4	1	5000	2500	1	0.99	14	10000	101541	0.5264	0.6478	0.159442525335254	-5.07700756008412	0.170157687028777	5.22473284825751	10.3017404083416	0.200581539263239	-0.854999122687228	0.202070808441174	1.24200407604715	2.09700319873438	0.507480106100796	0.115605118997023	-11.147137025737	0.0887249046024223	11.2298795010229	22.3770165267599	0.0575	0.8299	1.00805120437883	-0.998028745448156	1.02757370100871	2.88864286846844	3.8866716139166	0	NA	NA	NA	NA	NA	NA	1	0.159442525335254	0.0254219188852832	1	0.200581539263239	0.0402329538932101	1	0.115605118997023	0.0133645435383159	1	1.00805120437883	1.01616723064961	1.00126282767168	4440.05660737838	0	1.00137735026034	12507.7203800777	0	NA	NA	NA	NA	NA	NA	NA	NA
533	3	3	exact_null_point_mass	exact_null_point_mass	point_mass	0	none	no_benefit	0	0	NA	0	0	1000	360	600	1000	1000	360	751	0.64	0.249	5.54071321425379	24	24	0	2	1	10	4	1	5000	2500	1	0.99	14	10000	101532	0.4842	0.2574	-0.0998814414047844	-5.60902186716334	-0.119182657858076	5.36226066390463	10.971282531068	-0.359633844453847	-1.4475140459566	-0.355438497268135	0.72732392549922	2.17483797145582	0.496654119615224	-0.0441461736534656	-11.8370442761646	-0.0441894564898471	11.7410935508948	23.5781378270594	0.0436	0.2801	-0.524038948865713	-2.37969472615776	-0.560299606865883	1.4758056490119	3.85550037516966	0	NA	NA	NA	NA	NA	NA	1	-0.0998814414047844	0.00997630233709737	1	-0.359633844453847	0.129336502076654	1	-0.0441461736534656	0.00194888464824194	1	-0.524038948865713	0.274616819928281	1.00110232569083	4874.02488127433	0	1.00214953270234	14312.5498560216	0	NA	NA	NA	NA	NA	NA	NA	NA
531	3	3	exact_null_point_mass	exact_null_point_mass	point_mass	0	none	no_benefit	0	0	NA	0	0	1000	360	600	1000	1000	360	753	0.64	0.247	6.19092884721662	24	24	0	2	1	10	4	1	5000	2500	1	0.99	14	10000	101530	0.5411	0.5341	0.280688831572287	-4.85783496786309	0.275694120236879	5.4485946597226	10.3064296275857	0.0458309254969109	-1.04744995676381	0.0452164597227975	1.14722475729104	2.19467471405484	0.542902374670185	0.572108556522625	-10.6258160086189	0.523331749346978	11.8168255440419	22.4426415526608	0.0525	0.5867	0.184864339436686	-1.99928324309783	0.206477069903787	2.16757912102535	4.16686236412318	0	NA	NA	NA	NA	NA	NA	1	0.280688831572287	0.0787862201694158	1	0.0458309254969109	0.00210047373190339	1	0.572108556522625	0.327308200446401	1	0.184864339436686	0.0341748239953622	1.00170159862086	4585.42585948617	0	1.00139673298252	10961.3704524755	0	NA	NA	NA	NA	NA	NA	NA	NA
530	3	3	exact_null_point_mass	exact_null_point_mass	point_mass	0	none	no_benefit	0	0	NA	0	0	1000	360	600	1000	1000	360	767	0.64	0.233	5.75260251821585	24	24	0	2	1	10	4	1	5000	2500	1	0.99	14	10000	101529	0.515	0.1858	0.0745073287833656	-5.59305691711848	0.104656915581514	5.76266673938967	11.3557236565082	-0.504197539657504	-1.58994716704384	-0.503076580311712	0.56838036684702	2.15832753389086	0.502637687275797	0.0879821579479667	-11.6605052008992	0.0215014821092634	11.9609232512715	23.6214284521707	0.0522	0.2116	-0.870076737825736	-3.07348223084601	-0.839972649994138	1.1689634977017	4.24244572854772	0	NA	NA	NA	NA	NA	NA	1	0.0745073287833656	0.00555134204243254	1	-0.504197539657504	0.25421515899668	1	0.0879821579479667	0.00774086011718097	1	-0.870076737825736	0.757033529705475	1.00194230005192	4060.93746656072	0	1.00152637989586	11559.23687463	0	NA	NA	NA	NA	NA	NA	NA	NA
519	3	3	exact_null_point_mass	exact_null_point_mass	point_mass	0	none	no_benefit	0	0	NA	0	0	1000	360	600	1000	1000	360	744	0.64	0.256	6.43651373513723	24	24	0	2	1	10	4	1	5000	2500	1	0.99	14	10000	101518	0.371	0.0128	-0.909232610674809	-6.06998940647216	-0.945991322903749	4.40451577632107	10.4745051827932	-1.24886930784879	-2.31235542273794	-1.2566013677162	-0.153913236855003	2.15844218588294	0.395835569389288	-1.41745146225857	-12.5260608732307	-1.30492081558033	9.50566980817475	22.0317306814055	0.0683	0.0066	-2.40510084468914	-4.26601525634032	-2.44865732265423	-0.450599784543652	3.81541547179667	0	NA	NA	NA	NA	NA	NA	1	-0.909232610674809	0.826703940314528	0	-1.24886930784879	1.55967454808671	1	-1.41745146225857	2.00916864785897	0	-2.40510084468914	5.7845100731244	1.00146246733692	4324.3808886712	0	1.00184165800879	10018.6996535768	0	NA	NA	NA	NA	NA	NA	NA	NA
509	3	3	exact_null_point_mass	exact_null_point_mass	point_mass	0	none	no_benefit	0	0	NA	0	0	1000	360	600	1000	1000	360	761	0.64	0.239	6.21776604921745	24	24	0	2	1	10	4	1	5000	2500	1	0.99	14	10000	101508	0.5479	0.6716	0.335031116115426	-4.9121743794284	0.356953507037569	5.60386369930229	10.5160380787307	0.24616839847105	-0.815870302689896	0.246740233109428	1.30880780596484	2.12467810865474	0.544275300171527	0.509347824740982	-10.8235799180064	0.532774524289848	11.7351893603302	22.5587692783366	0.0672	0.7521	0.598507403670271	-1.21051274086207	0.654807061754589	2.22299869497215	3.43351143583422	0	NA	NA	NA	NA	NA	NA	1	0.335031116115426	0.112245848765548	1	0.24616839847105	0.0605988804058015	1	0.509347824740982	0.25943520656837	1	0.598507403670271	0.358211112248128	1.00177155756065	4455.014556313	0	1.00173157650915	12426.6600328625	0	NA	NA	NA	NA	NA	NA	NA	NA
539	3	3	exact_null_point_mass	exact_null_point_mass	point_mass	0	none	no_benefit	0	0	NA	0	0	1000	360	600	1000	1000	360	768	0.64	0.232	5.96807301892678	24	24	0	2	1	10	4	1	5000	2500	1	0.99	14	10000	101538	0.5324	0.6439	0.234409714546306	-5.42336280907738	0.22487533208407	5.83442852509736	11.2577913341747	0.211083576034927	-0.875666305536234	0.206010608368132	1.29007634491477	2.16574265045101	0.520462824083994	0.332115027303707	-11.4220704332234	0.262475165055747	12.1921218182511	23.6141922514745	0.0666	0.6796	0.511713210016847	-1.59463200402156	0.504326476304271	2.65178172929782	4.24641373331939	0	NA	NA	NA	NA	NA	NA	1	0.234409714546306	0.0549479142736809	1	0.211083576034927	0.0445562760716928	1	0.332115027303707	0.110300391360942	1	0.511713210016847	0.261850409305746	1.00151813669094	4630.22486409839	0	1.00144529678159	13218.1952311658	0	NA	NA	NA	NA	NA	NA	NA	NA
538	3	3	exact_null_point_mass	exact_null_point_mass	point_mass	0	none	no_benefit	0	0	NA	0	0	1000	360	600	1000	1000	360	732	0.64	0.268	6.32006330482433	24	24	0	2	1	10	4	1	5000	2500	1	0.99	14	10000	101537	0.4752	0.1232	-0.132541027266219	-5.43580047283396	-0.150883250712321	5.19971367098869	10.6355141438227	-0.650739118444626	-1.71230030884283	-0.66393713664706	0.460294318977057	2.17259462781989	0.482154306475743	-0.214199044308447	-11.3585743584506	-0.21172093733337	11.1475910048859	22.5061653633364	0.0642	0.2733	-0.803684255748447	-3.32973985659095	-0.760724946677912	1.46560859963092	4.79534845622187	0	NA	NA	NA	NA	NA	NA	1	-0.132541027266219	0.0175671239087845	1	-0.650739118444626	0.423461400274089	1	-0.214199044308447	0.0458812305826519	1	-0.803684255748447	0.645908382937935	1.00221844477778	3942.4924257167	0	1.00159330467817	11721.8560710824	0	NA	NA	NA	NA	NA	NA	NA	NA
611	3	3	exact_null_point_mass	exact_null_point_mass	point_mass	0	none	no_benefit	0	0	NA	0	0	1000	360	600	1000	1000	360	758	0.64	0.242	6.31024230475937	24	24	0	2	1	10	4	1	5000	2500	1	0.99	14	10000	101610	0.4834	0.4564	-0.112809453143708	-5.30254426273249	-0.116890056715231	5.15088126242637	10.4534255251589	-0.0550579820955349	-1.07736981030077	-0.0582288553054191	1.00156303985882	2.07893285015959	0.496685201026518	-0.106328601075055	-11.5398464271756	-0.0417058275241642	11.5169638092741	23.0568102364497	0.0648	0.331	-0.381084220656937	-2.16271014855329	-0.467065413006371	1.83232361115558	3.99503375970887	0	NA	NA	NA	NA	NA	NA	1	-0.112809453143708	0.0127259727185824	1	-0.0550579820955349	0.00303138139243225	1	-0.106328601075055	0.0113057714065781	1	-0.381084220656937	0.145225183233705	1.00108706907637	4428.15342161326	0	1.00172626166831	13486.5126819277	0	NA	NA	NA	NA	NA	NA	NA	NA
612	3	3	exact_null_point_mass	exact_null_point_mass	point_mass	0	none	no_benefit	0	0	NA	0	0	1000	360	600	1000	1000	360	738	0.64	0.262	5.65680640235265	24	24	0	2	1	10	4	1	5000	2500	1	0.99	14	10000	101611	0.5346	0.5336	0.225693220769472	-5.31959898663514	0.251763203912752	5.85519292537231	11.1747919120074	0.0445220190953581	-1.06090801248673	0.0478581344576119	1.15171837962258	2.21262639210931	0.524635229435399	0.332582412737034	-11.2670778304687	0.300316896322521	12.1937625873287	23.4608404177975	0.0542	0.5686	0.138903033592369	-2.1299181226462	0.208748220421427	2.16256948708167	4.29248760972786	0	NA	NA	NA	NA	NA	NA	1	0.225693220769472	0.0509374299012976	1	0.0445220190953581	0.00198221018432743	1	0.332582412737034	0.110611061261987	1	0.138903033592369	0.0192940527411628	1.00169343709112	4102.56489528529	0	1.00200647575833	12254.7465832183	0	NA	NA	NA	NA	NA	NA	NA	NA
633	3	3	exact_null_point_mass	exact_null_point_mass	point_mass	0	none	no_benefit	0	0	NA	0	0	1000	360	600	1000	1000	360	747	0.64	0.253	6.35526828642636	24	24	0	2	1	10	4	1	5000	2500	1	0.99	14	10000	101632	0.3954	0.0758	-0.667038091987518	-5.66250424268966	-0.730981753820853	4.45356371118725	10.1160679538769	-0.777680560960487	-1.8548422515457	-0.777315759782957	0.2908855784243	2.14572782997	0.41355214399153	-1.16935616810989	-12.0143202504727	-1.06565763701247	9.88613985782596	21.9004601082987	0.0555	0.1259	-1.54684260389478	-4.1698068333627	-1.48657182166836	0.916343309191648	5.08615014255434	0	NA	NA	NA	NA	NA	NA	1	-0.667038091987518	0.444939816162348	1	-0.777680560960487	0.604787054895818	1	-1.16935616810989	1.36739384789665	1	-1.54684260389478	2.39272204122399	1.00156398119353	4424.51778418986	0	1.00170186078292	12389.4950899395	0	NA	NA	NA	NA	NA	NA	NA	NA
541	3	3	exact_null_point_mass	exact_null_point_mass	point_mass	0	none	no_benefit	0	0	NA	0	0	1000	360	600	1000	1000	360	757	0.64	0.243	6.4682198799142	24	24	0	2	1	10	4	1	5000	2500	1	0.99	14	10000	101540	0.4153	0.0289	-0.559000970520231	-5.76471708946061	-0.610629348325322	4.66385135667047	10.4285684461311	-1.03185487901528	-2.08192296584627	-1.03138064719455	0.0446912145203302	2.1266141803666	0.454962646744931	-0.542435424965906	-11.7451264690507	-0.518837451417769	10.6045978179164	22.3497242869672	0.063	0.1481	-0.963338548680391	-2.81465392178953	-0.961901690708497	0.857995375124383	3.67264929691391	0	NA	NA	NA	NA	NA	NA	1	-0.559000970520231	0.31248208504256	1	-1.03185487901528	1.06472449134764	1	-0.542435424965906	0.294236190257943	1	-0.963338548680391	0.928021159373642	1.00116163590425	4511.09793649122	0	1.00258303272658	12198.7187827912	0	NA	NA	NA	NA	NA	NA	NA	NA
552	3	3	exact_null_point_mass	exact_null_point_mass	point_mass	0	none	no_benefit	0	0	NA	0	0	1000	360	600	1000	1000	360	757	0.64	0.243	6.09173716977162	24	24	0	2	1	10	4	1	5000	2500	1	0.99	14	10000	101551	0.3977	0.0348	-0.65719978287088	-5.9168230544625	-0.665004431268938	4.50394753882731	10.4207705932898	-0.99828706330362	-2.07832060232688	-0.998746602940553	0.0843050927274704	2.16262569505435	0.445162657624245	-0.811213598092923	-12.0973709229369	-0.65211921001244	10.1378217554379	22.2351926783748	0.0563	0.0152	-2.36417271937211	-4.52873837894424	-2.37467644054576	-0.243877762306363	4.28486061663788	0	NA	NA	NA	NA	NA	NA	1	-0.65719978287088	0.431911554605531	1	-0.99828706330362	0.996577060759366	1	-0.811213598092923	0.658067501730866	0	-2.36417271937211	5.58931264702332	1.00194907430327	4080.99242093275	0	1.00177796612251	12382.5511413908	0	NA	NA	NA	NA	NA	NA	NA	NA
513	3	3	exact_null_point_mass	exact_null_point_mass	point_mass	0	none	no_benefit	0	0	NA	0	0	1000	360	600	1000	1000	360	742	0.64	0.258	6.72177339857381	24	24	0	2	1	10	4	1	5000	2500	1	0.99	14	10000	101512	0.4986	0.2912	-0.0130813237665309	-5.39173774883313	-0.00940564760275553	5.3655430997522	10.7572808485853	-0.298455305781248	-1.35457815087064	-0.304627401483307	0.768969882927332	2.12354803379797	0.510098282751917	0.0614254726389662	-11.5395955789351	0.122232980692141	11.4900528207552	23.0296483996903	0.0741	0.5355	0.0460027892554434	-2.17827481721058	0.0923056610928796	1.98390898187513	4.16218379908571	0	NA	NA	NA	NA	NA	NA	1	-0.0130813237665309	0.000171121031484807	1	-0.298455305781248	0.0890755695489782	1	0.0614254726389662	0.00377308868892038	1	0.0460027892554434	0.00211625661928074	1.00133526668626	4363.76830951922	0	1.0015504520942	12173.368964621	0	NA	NA	NA	NA	NA	NA	NA	NA
532	3	3	exact_null_point_mass	exact_null_point_mass	point_mass	0	none	no_benefit	0	0	NA	0	0	1000	360	600	1000	1000	360	748	0.64	0.252	5.99549519891562	24	24	0	2	1	10	4	1	5000	2500	1	0.99	14	10000	101531	0.464	0.4644	-0.213931755038394	-5.87256195421552	-0.258969482327569	5.51937261546892	11.3919345696844	-0.0475968174701183	-1.10021814450873	-0.0444257751128392	1.02255867392585	2.12277681843457	0.485366374706259	-0.217701057613363	-12.1043147226848	-0.194285797497461	11.6313212798063	23.7356360024912	0.0638	0.6647	0.393194386934803	-1.39046141838868	0.367640607692564	2.33761306123268	3.72807447962135	0	NA	NA	NA	NA	NA	NA	1	-0.213931755038394	0.0457667958138075	1	-0.0475968174701183	0.00226545703328376	1	-0.217701057613363	0.0473937504859768	1	0.393194386934803	0.154601825917036	1.00241861919699	4339.90465509503	0	1.00168114527263	13573.3044639097	0	NA	NA	NA	NA	NA	NA	NA	NA
653	3	3	exact_null_point_mass	exact_null_point_mass	point_mass	0	none	no_benefit	0	0	NA	0	0	1000	360	600	1000	1000	360	751	0.64	0.249	6.46699924181619	24	24	0	2	1	10	4	1	5000	2500	1	0.99	14	10000	101652	0.3305	0.0076	-1.14708950037555	-6.26484228120409	-1.1953243619063	4.1992704564165	10.4641127376206	-1.29307985726621	-2.34822564074065	-1.29433699586562	-0.237248882955297	2.11097675778535	0.396914446002805	-1.41426821924066	-12.2304406981875	-1.34133842695809	9.93819869478883	22.1686393929763	0.0731	0.0436	-2.05241942334098	-4.11968912826892	-2.08959010907059	0.354201734745464	4.47389086301438	0	NA	NA	NA	NA	NA	NA	1	-1.14708950037555	1.31581432187184	0	-1.29307985726621	1.67205551726761	1	-1.41426821924066	2.00015459595414	1	-2.05241942334098	4.21242548930732	1.00181360273694	4303.21767912577	0	1.001623053277	14880.9319904117	0	NA	NA	NA	NA	NA	NA	NA	NA
547	3	3	exact_null_point_mass	exact_null_point_mass	point_mass	0	none	no_benefit	0	0	NA	0	0	1000	360	600	1000	1000	360	737	0.64	0.263	6.26947970086232	24	24	0	2	1	10	4	1	5000	2500	1	0.99	14	10000	101546	0.4488	0.5321	-0.312146117026058	-5.27416119931016	-0.336582826401243	4.72586568745162	10.0000268867618	0.0393558197320328	-1.05401685818196	0.0414050872033194	1.13713391661462	2.19115077479658	0.476396206533193	-0.278804535760438	-11.2236761609544	-0.242602581730834	10.8774084365272	22.1010845974816	0.051	0.511	0.0271386582919682	-2.08366635777382	0.0349193056509591	2.10589119442259	4.18955755219641	0	NA	NA	NA	NA	NA	NA	1	-0.312146117026058	0.0974351983744452	1	0.0393558197320328	0.00154888054678026	1	-0.278804535760438	0.0777319691605936	1	0.0271386582919682	0.000736506773888217	1.00174143084949	4432.18337229945	0	1.00231050058147	11456.7301422567	0	NA	NA	NA	NA	NA	NA	NA	NA
634	3	3	exact_null_point_mass	exact_null_point_mass	point_mass	0	none	no_benefit	0	0	NA	0	0	1000	360	600	1000	1000	360	778	0.64	0.222	5.35738405759799	24	24	0	2	1	10	4	1	5000	2500	1	0.99	14	10000	101633	0.5253	0.6359	0.172316802301707	-4.9499400935571	0.161976838376185	5.3767434819465	10.3266835755036	0.191528848134527	-0.876688645266105	0.190349106343855	1.25621912140015	2.13290776666625	0.501293594121908	0.0725461384837076	-11.2733321525954	0.0153408090454263	11.3758570550831	22.6491892076785	0.0337	0.3043	-0.488793190856747	-2.46836214747991	-0.445995494792641	1.26840677146114	3.73676891894105	0	NA	NA	NA	NA	NA	NA	1	0.172316802301707	0.0296930803554855	1	0.191528848134527	0.0366832996677389	1	0.0725461384837076	0.00526294220889727	1	-0.488793190856747	0.23891878342792	1.00110475133025	4622.26071772724	0	1.00129540957436	12064.7341012062	0	NA	NA	NA	NA	NA	NA	NA	NA
553	3	3	exact_null_point_mass	exact_null_point_mass	point_mass	0	none	no_benefit	0	0	NA	0	0	1000	360	600	1000	1000	360	776	0.64	0.224	6.401624527279	24	24	0	2	1	10	4	1	5000	2500	1	0.99	14	10000	101552	0.4254	0.319	-0.497233878538243	-5.65691780267284	-0.524774092559159	4.75184197382885	10.4087597765017	-0.247724891287011	-1.30930829236526	-0.252372149518076	0.796502580063865	2.10581087242912	0.435995333545445	-0.803716398149333	-11.6947521855328	-0.778961723690589	10.2121695414508	21.9069217269837	0.0571	0.2146	-0.734817101316107	-2.63659558785818	-0.722042293280926	1.15616535777793	3.79276094563611	0	NA	NA	NA	NA	NA	NA	1	-0.497233878538243	0.247241529966184	1	-0.247724891287011	0.0613676217631612	1	-0.803716398149333	0.645960048654137	1	-0.734817101316107	0.539956172386605	1.00338690853505	4440.99913559056	0	1.0034493233217	12966.1943836576	0	NA	NA	NA	NA	NA	NA	NA	NA
556	3	3	exact_null_point_mass	exact_null_point_mass	point_mass	0	none	no_benefit	0	0	NA	0	0	1000	360	600	1000	1000	360	750	0.64	0.25	6.19975961269771	24	24	0	2	1	10	4	1	5000	2500	1	0.99	14	10000	101555	0.6057	0.7566	0.704933656497499	-4.33386084968639	0.718074538028668	5.71779686204761	10.051657711734	0.379983603217178	-0.716783578394534	0.378491615058481	1.47643927017106	2.19322284856559	0.563827549947424	0.883564919402459	-9.94263226238725	0.763586992007702	11.7881713382773	21.7308036006646	0.049	0.784	0.818687827325124	-1.33114539693845	0.834645090595451	2.8250893744907	4.15623477142915	0	NA	NA	NA	NA	NA	NA	1	0.704933656497499	0.496931460062934	1	0.379983603217178	0.14438753871391	1	0.883564919402459	0.780686966798674	1	0.818687827325124	0.670249758610332	1.0012431510442	4465.696710175	0	1.00201885802877	11350.4035329493	0	NA	NA	NA	NA	NA	NA	NA	NA
557	3	3	exact_null_point_mass	exact_null_point_mass	point_mass	0	none	no_benefit	0	0	NA	0	0	1000	360	600	1000	1000	360	743	0.64	0.257	6.72411525485351	24	24	0	2	1	10	4	1	5000	2500	1	0.99	14	10000	101556	0.5501	0.9214	0.34879976922276	-4.92483915013803	0.360554936115576	5.69608304776925	10.6209221979073	0.753101956705022	-0.290611312807698	0.759179404237809	1.79066365390531	2.08127496671301	0.533908355795148	0.488431759832518	-10.7023091582033	0.44709518178418	11.7029028595198	22.4052120177232	0.0725	0.9131	1.36358166068789	-0.666802640723635	1.39261279609175	3.28828167820824	3.95508431893187	0	NA	NA	NA	NA	NA	NA	1	0.34879976922276	0.121661279009851	1	0.753101956705022	0.567162557192932	1	0.488431759832518	0.238565584013091	1	1.36358166068789	1.85935494536433	1.002362237614	4502.81008186733	0	1.00173965493365	12283.8208380645	0	NA	NA	NA	NA	NA	NA	NA	NA
479	3	3	exact_null_point_mass	exact_null_point_mass	point_mass	0	none	no_benefit	0	0	NA	0	0	1000	360	600	1000	1000	360	759	0.64	0.241	6.32580851893719	24	24	0	2	1	10	4	1	5000	2500	1	0.99	14	10000	101478	0.412	0.1067	-0.558742562844733	-5.70506940652508	-0.595231594125322	4.5905312620371	10.2956006685622	-0.689989458639615	-1.73656047386754	-0.695234974595263	0.363537294037388	2.10009776790493	0.447480331703168	-0.703267257953267	-11.7444370605472	-0.662590125018265	10.4628730467219	22.2073101072691	0.0594	0.0701	-1.80710622165432	-3.94928754435984	-1.87307494951912	0.627847474640569	4.57713501900041	0	NA	NA	NA	NA	NA	NA	1	-0.558742562844733	0.312193251534301	1	-0.689989458639615	0.476085453033789	1	-0.703267257953267	0.494584836109108	1	-1.80710622165432	3.26563289634176	1.00161080715898	4654.78376184334	0	1.0024041455046	11521.4906097605	0	NA	NA	NA	NA	NA	NA	NA	NA
534	3	3	exact_null_point_mass	exact_null_point_mass	point_mass	0	none	no_benefit	0	0	NA	0	0	1000	360	600	1000	1000	360	761	0.64	0.239	6.2357816937478	24	24	0	2	1	10	4	1	5000	2500	1	0.99	14	10000	101533	0.6343	0.5644	0.92883258939121	-4.32193407633337	0.948944317461762	6.07152582088124	10.3934598972146	0.0862358000922832	-0.999935964217719	0.090623785684004	1.16748441759185	2.16742038180957	0.590376973472237	1.30684385993554	-10.0079505534968	1.19441416809788	12.442267735671	22.4502182891678	0.0689	0.4954	-0.0881811518248842	-2.087928610869	-0.0107117724229813	1.66570991109205	3.75363852196105	0	NA	NA	NA	NA	NA	NA	1	0.92883258939121	0.862729979115181	1	0.0862358000922832	0.00743661321755622	1	1.30684385993554	1.70784087425122	1	-0.0881811518248842	0.00777591553716328	1.00118437964204	4348.23092842243	0	1.00238350348253	12952.5434543348	0	NA	NA	NA	NA	NA	NA	NA	NA
526	3	3	exact_null_point_mass	exact_null_point_mass	point_mass	0	none	no_benefit	0	0	NA	0	0	1000	360	600	1000	1000	360	770	0.64	0.23	5.52715385498167	24	24	0	2	1	10	4	1	5000	2500	1	0.99	14	10000	101525	0.4609	0.2577	-0.285005426254023	-5.77006686503828	-0.281527657718717	5.17706907117003	10.9471359362083	-0.357108632939549	-1.42832411901271	-0.353781100862822	0.701234476338337	2.12955859535105	0.489256372445755	-0.176155012032613	-11.8970391453351	-0.136709169037229	11.4027297024844	23.2997688478196	0.0506	0.3289	-0.456992281593744	-2.40822376127906	-0.502437718373751	1.77839573666834	4.1866194979474	0	NA	NA	NA	NA	NA	NA	1	-0.285005426254023	0.0812280929942371	1	-0.357108632939549	0.127526575719953	1	-0.176155012032613	0.0310305882642101	1	-0.456992281593744	0.208841945436256	1.00134110674346	4711.30099903972	0	1.00191657543078	13748.2993506107	0	NA	NA	NA	NA	NA	NA	NA	NA
551	3	3	exact_null_point_mass	exact_null_point_mass	point_mass	0	none	no_benefit	0	0	NA	0	0	1000	360	600	1000	1000	360	743	0.64	0.257	6.08649676530408	24	24	0	2	1	10	4	1	5000	2500	1	0.99	14	10000	101550	0.5023	0.6213	0.0135948689805294	-4.96716915060288	0.0105579355289471	4.94812835055354	9.91529750115642	0.170491685590015	-0.890350104279821	0.175846609972897	1.21170542145642	2.10205552573624	0.500983335058483	0.0386875171791736	-10.9351595130185	0.0180539318704707	10.9106089119914	21.8457684250099	0.0339	0.5836	0.235852163200532	-1.87177406470205	0.22725320213733	2.37995513096191	4.25172919566397	0	NA	NA	NA	NA	NA	NA	1	0.0135948689805294	0.000184820462597759	1	0.170491685590015	0.0290674148553246	1	0.0386875171791736	0.00149672398548886	1	0.235852163200532	0.0556262428863702	1.00175970724796	3664.02391752359	0	1.00190512711471	7033.10578874299	0	NA	NA	NA	NA	NA	NA	NA	NA
608	3	3	exact_null_point_mass	exact_null_point_mass	point_mass	0	none	no_benefit	0	0	NA	0	0	1000	360	600	1000	1000	360	743	0.64	0.257	6.02079879427919	24	24	0	2	1	10	4	1	5000	2500	1	0.99	14	10000	101607	0.4761	0.3112	-0.172937420161952	-5.28806712212351	-0.164229748672878	4.93028480065646	10.21835192278	-0.272954358445128	-1.34561037148636	-0.270837192767125	0.797551277751657	2.14316164923802	0.47837809810225	-0.263386414416222	-11.6950011294554	-0.222255800080594	11.0152027312694	22.7102038607247	0.0357	0.1588	-1.08153876290018	-3.16699539525709	-1.09298924937395	1.12752291141973	4.29451830667681	0	NA	NA	NA	NA	NA	NA	1	-0.172937420161952	0.0299073512922717	1	-0.272954358445128	0.0745040817941912	1	-0.263386414416222	0.069372403299034	1	-1.08153876290018	1.16972609565566	1.00095010609046	4584.92764399118	0	1.00209587777698	13697.6123048708	0	NA	NA	NA	NA	NA	NA	NA	NA
548	3	3	exact_null_point_mass	exact_null_point_mass	point_mass	0	none	no_benefit	0	0	NA	0	0	1000	360	600	1000	1000	360	747	0.64	0.253	6.36427177615851	24	24	0	2	1	10	4	1	5000	2500	1	0.99	14	10000	101547	0.6108	0.8391	0.722602798336913	-4.53141593139357	0.726350960110429	5.79026104342695	10.3216769748205	0.548736297830021	-0.531225761385687	0.552274344746466	1.62936869919958	2.16059446058526	0.578508910682274	1.04930845250399	-10.2390028984689	0.944460821866263	11.8472440036467	22.0862469021156	0.0517	0.7057	0.659287547538744	-1.73684973026676	0.6530736905381	3.10394290366995	4.84079263393671	0	NA	NA	NA	NA	NA	NA	1	0.722602798336913	0.522154804164338	1	0.548736297830021	0.301111524556197	1	1.04930845250399	1.10104822849632	1	0.659287547538744	0.434660070339651	1.00173104921761	4629.33456907689	0	1.00161739134355	12231.5393076185	0	NA	NA	NA	NA	NA	NA	NA	NA
555	3	3	exact_null_point_mass	exact_null_point_mass	point_mass	0	none	no_benefit	0	0	NA	0	0	1000	360	600	1000	1000	360	754	0.64	0.246	6.23308456744676	24	24	0	2	1	10	4	1	5000	2500	1	0.99	14	10000	101554	0.4856	0.8289	-0.0858873456804528	-5.21534686437251	-0.0868937750458585	5.05972692738983	10.2750737917623	0.511756082797576	-0.552755255330489	0.503897710816674	1.57237274003636	2.12512799536685	0.48278427205101	-0.311980893560338	-11.5988594065922	-0.220279933267279	10.7055100063176	22.3043694129098	0.059	0.6764	0.44393940109399	-1.28684291552549	0.400384812913482	2.3440787215715	3.63092163709699	0	NA	NA	NA	NA	NA	NA	1	-0.0858873456804528	0.00737663614803359	1	0.511756082797576	0.26189428828032	1	-0.311980893560338	0.0973320779467067	1	0.44393940109399	0.197082191843691	1.00177157469866	4672.0278331862	0	1.00178824612022	13269.782654338	0	NA	NA	NA	NA	NA	NA	NA	NA
599	3	3	exact_null_point_mass	exact_null_point_mass	point_mass	0	none	no_benefit	0	0	NA	0	0	1000	360	600	1000	1000	360	747	0.64	0.253	6.35949573946631	24	24	0	2	1	10	4	1	5000	2500	1	0.99	14	10000	101598	0.5367	0.5055	0.268727636324499	-4.87176831060581	0.249318313216831	5.42522067600572	10.2969889866115	0.0152343508692891	-1.05066182904734	0.00921059144647973	1.10618378105087	2.15684561009822	0.526394369201237	0.307710710303692	-10.6648386845493	0.331627557260624	11.5137973342095	22.1786360187588	0.0623	0.4713	-0.126845180288582	-2.34484277418757	-0.0731925833151825	1.93520812330014	4.2800508974877	0	NA	NA	NA	NA	NA	NA	1	0.268727636324499	0.0722145425245524	1	0.0152343508692891	0.000232085446408608	1	0.307710710303692	0.0946858812356026	1	-0.126845180288582	0.0160896997624428	1.00143886833389	4379.33587574306	0	1.00145996954381	12728.5289491168	0	NA	NA	NA	NA	NA	NA	NA	NA
573	3	3	exact_null_point_mass	exact_null_point_mass	point_mass	0	none	no_benefit	0	0	NA	0	0	1000	360	600	1000	1000	360	773	0.64	0.227	5.85445955489431	24	24	0	2	1	10	4	1	5000	2500	1	0.99	14	10000	101572	0.4834	0.2166	-0.130434383369618	-5.88253834578516	-0.122593918104345	5.58677979858303	11.4693181443682	-0.420891184870918	-1.46536218093864	-0.423556490680818	0.637387533920134	2.10274971485877	0.502234993614304	0.057897564002147	-12.0386183239683	0.0341980685802294	12.0182136147813	24.0568319387497	0.0604	0.3056	-0.490565173877476	-2.28428420434558	-0.521278470360753	1.44689233805624	3.73117654240182	0	NA	NA	NA	NA	NA	NA	1	-0.130434383369618	0.0170131283650126	1	-0.420891184870918	0.177149389502045	1	0.057897564002147	0.0033521279173827	1	-0.490565173877476	0.240654189821438	1.00258620910295	4191.54445323572	0	1.00163447207987	14528.8657264024	0	NA	NA	NA	NA	NA	NA	NA	NA
576	3	3	exact_null_point_mass	exact_null_point_mass	point_mass	0	none	no_benefit	0	0	NA	0	0	1000	360	600	1000	1000	360	771	0.64	0.229	5.95189582545071	24	24	0	2	1	10	4	1	5000	2500	1	0.99	14	10000	101575	0.502	0.6744	0.0340475325009762	-5.64316885022576	0.0127105381216648	5.77436899530443	11.4175378455302	0.241219399697885	-0.805564224773417	0.236946672427746	1.2920104681448	2.09757469291822	0.498655769437574	0.0145002435420192	-11.9559005854039	-0.0141867823960773	12.1340003126268	24.0899008980306	0.0701	0.7568	0.700418957647525	-1.09933000515077	0.660827199601509	2.73798151333988	3.83731151849065	0	NA	NA	NA	NA	NA	NA	1	0.0340475325009762	0.00115923446940503	1	0.241219399697885	0.058186798790608	1	0.0145002435420192	0.000210257062777869	1	0.700418957647525	0.490586716232046	1.00192926281755	4280.53408449907	0	1.0013258533779	13819.1429140069	0	NA	NA	NA	NA	NA	NA	NA	NA
478	3	3	exact_null_point_mass	exact_null_point_mass	point_mass	0	none	no_benefit	0	0	NA	0	0	1000	360	600	1000	1000	360	750	0.64	0.25	6.43970818638576	24	24	0	2	1	10	4	1	5000	2500	1	0.99	14	10000	101477	0.4343	0.6523	-0.447700363623293	-5.6721528212096	-0.452369450256417	4.71038470581124	10.3825375270208	0.215195839759352	-0.856802789269591	0.212663279439118	1.29413505332514	2.15093784259473	0.445023394300298	-0.748332279889076	-11.8462450793446	-0.654438656740882	10.4144725998678	22.2607176792124	0.0596	0.5279	0.0818835341627521	-1.82571140906233	0.0690726818596108	2.06462583245851	3.89033724152084	0	NA	NA	NA	NA	NA	NA	1	-0.447700363623293	0.200435615588428	1	0.215195839759352	0.0463092494497326	1	-0.748332279889076	0.560001201123983	1	0.0818835341627521	0.00670491316698259	1.00125588908148	4381.60327935479	0	1.00158169928705	12585.3375539391	0	NA	NA	NA	NA	NA	NA	NA	NA
596	3	3	exact_null_point_mass	exact_null_point_mass	point_mass	0	none	no_benefit	0	0	NA	0	0	1000	360	600	1000	1000	360	768	0.64	0.232	6.70013779943407	24	24	0	2	1	10	4	1	5000	2500	1	0.99	14	10000	101595	0.3975	0.1267	-0.711244323106892	-5.99058138598513	-0.735256194160439	4.58233357956989	10.572914965555	-0.598993264946153	-1.63511580785869	-0.596298913805332	0.44101797953242	2.07613378739111	0.443822643133879	-0.746314271196417	-12.0047495109148	-0.713834699035792	10.804037012769	22.8087865236838	0.0708	0.58	0.0486827947265609	-2.50442915477199	0.234419817106557	1.8376631826887	4.34209233746069	0	NA	NA	NA	NA	NA	NA	1	-0.711244323106892	0.50586848715178	1	-0.598993264946153	0.358792931450852	1	-0.746314271196417	0.556984991391439	1	0.0486827947265609	0.00237001450238847	1.00136956085647	4195.05056180494	0	1.00188597403847	14644.3408035916	0	NA	NA	NA	NA	NA	NA	NA	NA
543	3	3	exact_null_point_mass	exact_null_point_mass	point_mass	0	none	no_benefit	0	0	NA	0	0	1000	360	600	1000	1000	360	719	0.64	0.281	6.74737906057297	24	24	0	2	1	10	4	1	5000	2500	1	0.99	14	10000	101542	0.6244	0.9907	0.852744396674319	-4.40637457094009	0.889597062490988	6.10519585784374	10.5115704287838	1.28864043346695	0.228164091445918	1.28731982368582	2.37023336572432	2.1420692742784	0.5623030961434	0.923976734141284	-10.3142459612753	0.810173521458688	12.1830241531665	22.4972701144418	0.0795	0.9876	2.53327009108258	0.389086419439664	2.51869474188159	4.67464753822745	4.28556111878778	0	NA	NA	NA	NA	NA	NA	1	0.852744396674319	0.727173006059448	0	1.28864043346695	1.66059416676589	1	0.923976734141284	0.853733005234393	0	2.53327009108258	6.41745735437355	1.00258598685533	4866.99167263991	0	1.00158955985912	12416.9835398834	0	NA	NA	NA	NA	NA	NA	NA	NA
615	3	3	exact_null_point_mass	exact_null_point_mass	point_mass	0	none	no_benefit	0	0	NA	0	0	1000	360	600	1000	1000	360	756	0.64	0.244	5.91738242647759	24	24	0	2	1	10	4	1	5000	2500	1	0.99	14	10000	101614	0.5739	0.5465	0.533349763406319	-5.00211460286035	0.517200393602552	6.06344329108009	11.0655578939404	0.0553741375271745	-1.016855180683	0.0607481638218381	1.12129134655426	2.13814652723726	0.547888225255973	0.718582000502995	-11.0141009783318	0.652593677944961	12.4571914353759	23.4712924137077	0.0624	0.7086	0.572166446856342	-1.44560287009742	0.560363319045285	2.72217750619691	4.16778037629433	0	NA	NA	NA	NA	NA	NA	1	0.533349763406319	0.284461970125576	1	0.0553741375271745	0.00306629510687843	1	0.718582000502995	0.516360091446886	1	0.572166446856342	0.327374442908211	1.00123162996123	4583.35619494378	0	1.00254192526405	10383.9114880554	0	NA	NA	NA	NA	NA	NA	NA	NA
502	3	3	exact_null_point_mass	exact_null_point_mass	point_mass	0	none	no_benefit	0	0	NA	0	0	1000	360	600	1000	1000	360	753	0.64	0.247	6.44292491845805	24	24	0	2	1	10	4	1	5000	2500	1	0.99	14	10000	101501	0.4748	0.3322	-0.131620950696411	-5.22957230517196	-0.159754458065691	5.03416239539106	10.263734700563	-0.235370475909633	-1.29258965290802	-0.236210027536528	0.825875956078425	2.11846560898645	0.489578947368421	-0.152074857501403	-11.4281495945137	-0.118293110565779	11.0071880979579	22.4353376924716	0.05	0.2637	-0.649999275657734	-2.54694687301332	-0.691772819980328	1.49396378749485	4.04091066050817	0	NA	NA	NA	NA	NA	NA	1	-0.131620950696411	0.0173240746622271	1	-0.235370475909633	0.0553992609299271	1	-0.152074857501403	0.0231267622840722	1	-0.649999275657734	0.422499058355579	1.00155243037798	4208.54097525585	0	1.00122084163361	10465.1476107937	0	NA	NA	NA	NA	NA	NA	NA	NA
536	3	3	exact_null_point_mass	exact_null_point_mass	point_mass	0	none	no_benefit	0	0	NA	0	0	1000	360	600	1000	1000	360	772	0.64	0.228	5.37999376751554	24	24	0	2	1	10	4	1	5000	2500	1	0.99	14	10000	101535	0.4569	0.6825	-0.307732651908356	-5.75627870933757	-0.295187564685119	5.14843664678148	10.9047153561191	0.256443914703914	-0.789137610928328	0.263170160950696	1.27940659479284	2.06854420572116	0.455620682436676	-0.574256590870939	-12.4078907721282	-0.528415441634769	10.9194838009334	23.3273745730616	0.0446	0.4079	-0.187495113691848	-2.04453324735711	-0.248417296068181	1.97848782071568	4.02302106807279	0	NA	NA	NA	NA	NA	NA	1	-0.307732651908356	0.0946993850505496	1	0.256443914703914	0.0657634813886684	1	-0.574256590870939	0.329770632158713	1	-0.187495113691848	0.0351544176583191	1.00221356969479	4589.53542971243	0	1.00157503028029	11036.6863382845	0	NA	NA	NA	NA	NA	NA	NA	NA
582	3	3	exact_null_point_mass	exact_null_point_mass	point_mass	0	none	no_benefit	0	0	NA	0	0	1000	360	600	1000	1000	360	750	0.64	0.25	6.21855873956699	24	24	0	2	1	10	4	1	5000	2500	1	0.99	14	10000	101581	0.4385	0.1554	-0.396532640779707	-5.67034778884431	-0.422122353120364	4.96967318596091	10.6400209748052	-0.553861424226041	-1.65466346077684	-0.55272083326474	0.504556307557464	2.15921976833431	0.462479871175523	-0.412229559987399	-11.7862901223008	-0.455948962716122	11.037327171678	22.8236172939788	0.0685	0.1803	-0.899565414329021	-2.90066298434973	-0.92412020991063	1.08286568765128	3.98352867200101	0	NA	NA	NA	NA	NA	NA	1	-0.396532640779707	0.157238135203728	1	-0.553861424226041	0.306762477245699	1	-0.412229559987399	0.169933210127405	1	-0.899565414329021	0.809217934656944	1.00203637488077	4342.81978710854	0	1.00112048338895	12110.8975399053	0	NA	NA	NA	NA	NA	NA	NA	NA
588	3	3	exact_null_point_mass	exact_null_point_mass	point_mass	0	none	no_benefit	0	0	NA	0	0	1000	360	600	1000	1000	360	754	0.64	0.246	6.27388325601011	24	24	0	2	1	10	4	1	5000	2500	1	0.99	14	10000	101587	0.4827	0.8955	-0.12037535314133	-5.25946845515499	-0.114002273353548	5.003477604575	10.26294605973	0.694275440349572	-0.383137416911943	0.700689062307289	1.75785165831335	2.14098907522529	0.48179330667228	-0.229377377131178	-11.3993563056834	-0.198549551604128	10.8919303492123	22.2912866548957	0.0498	0.9037	1.25650909963245	-0.664468258342789	1.28749167876902	3.10020812420631	3.7646763825491	0	NA	NA	NA	NA	NA	NA	1	-0.12037535314133	0.0144902256439	1	0.694275440349572	0.482018387072593	1	-0.229377377131178	0.0526139811395787	1	1.25650909963245	1.57881511745916	1.00119312190311	4331.36733856893	0	1.00192507557168	12798.9963732837	0	NA	NA	NA	NA	NA	NA	NA	NA
597	3	3	exact_null_point_mass	exact_null_point_mass	point_mass	0	none	no_benefit	0	0	NA	0	0	1000	360	600	1000	1000	360	731	0.64	0.269	7.47414590473014	24	24	0	2	1	10	4	1	5000	2500	1	0.99	14	10000	101596	0.5892	0.9739	0.571342733518932	-4.4662802502211	0.59226342312476	5.41058393360535	9.87686418382646	1.06958774850067	-0.0122086061708051	1.07006450465156	2.14882334038644	2.16103194655725	0.543776254698209	0.616684126863713	-10.2380671859779	0.484384425860537	11.2958948744387	21.5339620604166	0.0954	0.9824	2.35650611825366	0.204251355799278	2.36546084768337	4.41605634463254	4.21180498883327	0	NA	NA	NA	NA	NA	NA	1	0.571342733518932	0.326432519144885	1	1.06958774850067	1.14401795174274	1	0.616684126863713	0.38029931232566	0	2.35650611825366	5.55312108536695	1.00129835754812	4466.75023889413	0	1.00103289767748	12598.0955743878	0	NA	NA	NA	NA	NA	NA	NA	NA
525	3	3	exact_null_point_mass	exact_null_point_mass	point_mass	0	none	no_benefit	0	0	NA	0	0	1000	360	600	1000	1000	360	753	0.64	0.247	6.37535643903316	24	24	0	2	1	10	4	1	5000	2500	1	0.99	14	10000	101524	0.4025	0.0251	-0.660752268497603	-5.78573904474673	-0.700756351678617	4.67790982694974	10.4636488716965	-1.05651470431663	-2.10643070939829	-1.05893244494294	0.000284747694106664	2.1067154570924	0.44796573875803	-0.686133678621837	-11.727902658872	-0.648231599530239	10.6708696059686	22.3987722648406	0.066	0.0257	-1.82325107059939	-3.63102889559492	-1.84434873787419	0.0183965689763201	3.64942546457124	0	NA	NA	NA	NA	NA	NA	1	-0.660752268497603	0.436593560324729	1	-1.05651470431663	1.11622332043725	1	-0.686133678621837	0.470779424939134	1	-1.82325107059939	3.32424446644184	1.00219757803595	4339.871948724	0	1.0015149521396	13173.3421616971	0	NA	NA	NA	NA	NA	NA	NA	NA
587	3	3	exact_null_point_mass	exact_null_point_mass	point_mass	0	none	no_benefit	0	0	NA	0	0	1000	360	600	1000	1000	360	756	0.64	0.244	6.74228004615349	24	24	0	2	1	10	4	1	5000	2500	1	0.99	14	10000	101586	0.4516	0.1066	-0.330416837201459	-5.7027512225158	-0.339112614425043	5.05545238450699	10.7582036070228	-0.682171915489827	-1.70898678596507	-0.694066412200879	0.353492979188611	2.06247976515368	0.470290089507171	-0.368540656671311	-11.6112034855092	-0.42262602879828	10.884655059623	22.4958585451322	0.0727	0.0812	-1.73056509111021	-3.81185968618429	-1.79548509458002	0.635131072079055	4.44699075826335	0	NA	NA	NA	NA	NA	NA	1	-0.330416837201459	0.109175286306215	1	-0.682171915489827	0.46535852228306	1	-0.368540656671311	0.135822215619721	1	-1.73056509111021	2.99485553456927	1.0014075682637	4584.49547621422	0	1.00144769847964	11328.1174203342	0	NA	NA	NA	NA	NA	NA	NA	NA
639	3	3	exact_null_point_mass	exact_null_point_mass	point_mass	0	none	no_benefit	0	0	NA	0	0	1000	360	600	1000	1000	360	751	0.64	0.249	6.19923508464785	24	24	0	2	1	10	4	1	5000	2500	1	0.99	14	10000	101638	0.5058	0.0747	0.0107418279502338	-5.10858403053857	0.0344697062201238	5.04434778734025	10.1529318178788	-0.780011210396288	-1.84379694417669	-0.786268838505051	0.259188573006766	2.10298551718346	0.489357240222292	-0.0739696865070116	-11.0147931067076	-0.111326216405429	11.2393410527177	22.2541341594252	0.0463	0.1168	-1.43630962702089	-3.61417874248606	-1.47777790937135	0.874943361961644	4.48912210444771	0	NA	NA	NA	NA	NA	NA	1	0.0107418279502338	0.000115386867712424	1	-0.780011210396288	0.608417488343882	1	-0.0739696865070116	0.00547151452194558	1	-1.43630962702089	2.06298534467288	1.00158508810396	4375.0767283019	0	1.00202352591237	15074.150208992	0	NA	NA	NA	NA	NA	NA	NA	NA
614	3	3	exact_null_point_mass	exact_null_point_mass	point_mass	0	none	no_benefit	0	0	NA	0	0	1000	360	600	1000	1000	360	746	0.64	0.254	6.25177869450408	24	24	0	2	1	10	4	1	5000	2500	1	0.99	14	10000	101613	0.5532	0.843	0.342647150225801	-4.64303614531668	0.345121196224778	5.4841965139121	10.1272326592288	0.55218348660293	-0.510019500764642	0.547302169032288	1.62979693573181	2.13981643649645	0.532478541909505	0.471951013127543	-10.5143037029697	0.396330933728563	11.5874774790969	22.1017811820666	0.0563	0.9101	1.35268744980137	-0.602904821839316	1.37431430787923	3.25686783822792	3.85977266006723	0	NA	NA	NA	NA	NA	NA	1	0.342647150225801	0.117407069557862	1	0.55218348660293	0.304906602876968	1	0.471951013127543	0.222737758792115	1	1.35268744980137	1.82976333685012	1.00230260103358	4228.27742782585	0	1.00131732498821	12030.2989378491	0	NA	NA	NA	NA	NA	NA	NA	NA
477	3	3	exact_null_point_mass	exact_null_point_mass	point_mass	0	none	no_benefit	0	0	NA	0	0	1000	360	600	1000	1000	360	751	0.64	0.249	5.72259474121743	24	24	0	2	1	10	4	1	5000	2500	1	0.99	14	10000	101476	0.4589	0.7095	-0.299790398072184	-5.84031066027335	-0.299566030224271	5.26030713559784	11.1006177958712	0.307382456930395	-0.810102199500168	0.311948487067853	1.39359522501803	2.2036974245182	0.466467640473398	-0.497071557483436	-12.3445626535345	-0.434699825025868	11.3466771132322	23.6912397667668	0.0621	0.3916	-0.259856868692678	-2.28483897114013	-0.274466700859402	1.83088607313929	4.11572504427942	0	NA	NA	NA	NA	NA	NA	1	-0.299790398072184	0.0898742827762786	1	0.307382456930395	0.0944839748285661	1	-0.497071557483436	0.247080133259009	1	-0.259856868692678	0.0675255922067637	1.00152305306359	4026.61166839686	0	1.0023737063	11573.63228349	0	NA	NA	NA	NA	NA	NA	NA	NA
500	3	3	exact_null_point_mass	exact_null_point_mass	point_mass	0	none	no_benefit	0	0	NA	0	0	1000	360	600	1000	1000	360	755	0.64	0.245	5.76703466113677	24	24	0	2	1	10	4	1	5000	2500	1	0.99	14	10000	101499	0.5516	0.8459	0.385264088324175	-5.17841200019829	0.380644708270768	6.03864455872974	11.217056558928	0.551308103140365	-0.503546351989286	0.554656912720667	1.61233579257945	2.11588214456874	0.532823454429573	0.524864084089539	-11.3663576844944	0.428973470536791	12.2923522658055	23.6587099502999	0.0586	0.921	1.47039900582922	-0.565693147855169	1.48556704328788	3.57760078956129	4.14329393741646	0	NA	NA	NA	NA	NA	NA	1	0.385264088324175	0.148428417752257	1	0.551308103140365	0.303940624588228	1	0.524864084089539	0.275482306767151	1	1.47039900582922	2.16207323634357	1.00130555803178	4510.86735231451	0	1.00262026573366	10500.6651339927	0	NA	NA	NA	NA	NA	NA	NA	NA
504	3	3	exact_null_point_mass	exact_null_point_mass	point_mass	0	none	no_benefit	0	0	NA	0	0	1000	360	600	1000	1000	360	767	0.64	0.233	5.47739823379707	24	24	0	2	1	10	4	1	5000	2500	1	0.99	14	10000	101503	0.5617	0.7413	0.43415207107855	-5.07778115061002	0.454332353533619	5.88359735918436	10.9613785097944	0.358937637208319	-0.7353118768528	0.351196774569179	1.42900894658173	2.16432082343453	0.528882377563834	0.404778521747005	-11.1628452128607	0.40072241718488	11.9400942550846	23.1029394679453	0.0444	0.7191	0.580565492088082	-1.47503088470121	0.593608085272135	2.53506562842177	4.01009651312298	0	NA	NA	NA	NA	NA	NA	1	0.43415207107855	0.188488020821795	1	0.358937637208319	0.128836227404691	1	0.404778521747005	0.163845651667691	1	0.580565492088082	0.337056290603476	1.00130475982245	4150.88386404604	0	1.00150896662583	13222.761755828	0	NA	NA	NA	NA	NA	NA	NA	NA
646	3	3	exact_null_point_mass	exact_null_point_mass	point_mass	0	none	no_benefit	0	0	NA	0	0	1000	360	600	1000	1000	360	742	0.64	0.258	6.24376543781202	24	24	0	2	1	10	4	1	5000	2500	1	0.99	14	10000	101645	0.5463	0.8185	0.319066200967618	-4.83986033194185	0.310802280003367	5.4561243163828	10.2959846483246	0.503328641220708	-0.600972456865713	0.502813392875073	1.57967169156429	2.18064414843001	0.535393498716852	0.5423401899907	-10.7014130339536	0.465540961684703	11.8285439449896	22.5299569789432	0.0648	0.8092	0.820206522769632	-1.03239839719446	0.815831477113491	2.66152274575155	3.69392114294601	0	NA	NA	NA	NA	NA	NA	1	0.319066200967618	0.101803240599908	1	0.503328641220708	0.253339721073084	1	0.5423401899907	0.294132881679148	1	0.820206522769632	0.672738739993851	1.00200136607456	4449.43720891603	0	1.00252007831343	11028.6343980094	0	NA	NA	NA	NA	NA	NA	NA	NA
516	3	3	exact_null_point_mass	exact_null_point_mass	point_mass	0	none	no_benefit	0	0	NA	0	0	1000	360	600	1000	1000	360	758	0.64	0.242	6.53264874920194	24	24	0	2	1	10	4	1	5000	2500	1	0.99	14	10000	101515	0.4194	0.2472	-0.52029395983243	-5.63612076591434	-0.545045136432968	4.83092045521433	10.4670412211287	-0.37356189765589	-1.41521192142961	-0.375229726600706	0.679018573183631	2.09423049461324	0.449610749706729	-0.6507190488552	-11.7086040189461	-0.606709997461557	10.7182076189526	22.4268116378987	0.0623	0.2162	-0.608821208586414	-2.16189122338754	-0.623280109512494	1.00704784353597	3.16893906692351	0	NA	NA	NA	NA	NA	NA	1	-0.52029395983243	0.27070580463811	1	-0.37356189765589	0.139548491380269	1	-0.6507190488552	0.423435280543016	1	-0.608821208586414	0.370663264024621	1.00146291993617	4394.93217058905	0	1.00232500757144	13177.7411652907	0	NA	NA	NA	NA	NA	NA	NA	NA
523	3	3	exact_null_point_mass	exact_null_point_mass	point_mass	0	none	no_benefit	0	0	NA	0	0	1000	360	600	1000	1000	360	769	0.64	0.231	5.95131085608771	24	24	0	2	1	10	4	1	5000	2500	1	0.99	14	10000	101522	0.692	0.985	1.4203193206591	-4.34562299944793	1.45278212404321	6.91688877503356	11.2625117744815	1.17345403893843	0.117905383347928	1.17748399223604	2.21448273000111	2.09657734665318	0.613178043783026	1.63679738251734	-10.1148476987292	1.56214577878545	13.1197898893739	23.2346375881031	0.0727	0.9863	1.81098632664376	0.202115515387004	1.78634806153363	3.50748908582241	3.30537357043541	0	NA	NA	NA	NA	NA	NA	1	1.4203193206591	2.01730697263753	0	1.17345403893843	1.37699438150092	1	1.63679738251734	2.67910567141561	0	1.81098632664376	3.27967147529066	1.00132832975148	4431.35365907347	0	1.00173143976166	13099.336995968	0	NA	NA	NA	NA	NA	NA	NA	NA
544	3	3	exact_null_point_mass	exact_null_point_mass	point_mass	0	none	no_benefit	0	0	NA	0	0	1000	360	600	1000	1000	360	768	0.64	0.232	5.89586829722574	24	24	0	2	1	10	4	1	5000	2500	1	0.99	14	10000	101543	0.4903	0.606	-0.0866768408251045	-5.73159836355931	-0.0794850103495923	5.70801953424801	11.4396178978073	0.144874919768145	-0.916176301494481	0.143460413103109	1.20938183427621	2.12555813577069	0.489841506222742	-0.0886082177446536	-11.9539097041997	-0.145089145091056	12.158218029411	24.1121277336107	0.0599	0.7727	0.764196695895142	-1.29412753463966	0.766954841310733	2.8215106908154	4.11563822545506	0	NA	NA	NA	NA	NA	NA	1	-0.0866768408251045	0.0075128747354205	1	0.144874919768145	0.0209887423778264	1	-0.0886082177446536	0.00785141625188394	1	0.764196695895142	0.583996590017053	1.00152694893013	4234.84592863877	0	1.00190446608982	6663.93729285749	0	NA	NA	NA	NA	NA	NA	NA	NA
550	3	3	exact_null_point_mass	exact_null_point_mass	point_mass	0	none	no_benefit	0	0	NA	0	0	1000	360	600	1000	1000	360	740	0.64	0.26	6.7960557172358	24	24	0	2	1	10	4	1	5000	2500	1	0.99	14	10000	101549	0.5746	0.9082	0.510094486718656	-4.82021525983142	0.524206548796663	5.89637633543786	10.7165915952693	0.70992932038287	-0.345473966262413	0.712522054908363	1.75835199924373	2.10382596550614	0.538995552662979	0.476733140810697	-10.8304279891286	0.503667533396147	11.7109771583852	22.5414051475137	0.0781	0.767	0.725477138820352	-1.22134130252999	0.700966610280889	2.66446360983466	3.88580491236466	0	NA	NA	NA	NA	NA	NA	1	0.510094486718656	0.260196385380769	1	0.70992932038287	0.503999639939284	1	0.476733140810697	0.227274487547232	1	0.725477138820352	0.526317078950964	1.00122081447898	4501.52271726448	0	1.00164772022205	12365.799285493	0	NA	NA	NA	NA	NA	NA	NA	NA
535	3	3	exact_null_point_mass	exact_null_point_mass	point_mass	0	none	no_benefit	0	0	NA	0	0	1000	360	600	1000	1000	360	728	0.64	0.272	6.36106648644682	24	24	0	2	1	10	4	1	5000	2500	1	0.99	14	10000	101534	0.5147	0.4815	0.131231097417023	-4.88978044531823	0.103124982885396	5.21494342640776	10.104723871726	-0.0229076454267764	-1.11336024019928	-0.0287761242366793	1.08400140066355	2.19736164086283	0.519862011289985	0.270786172042286	-10.7220754925895	0.206538406617155	11.2829307084051	22.0050062009946	0.0434	0.5749	0.209027982915589	-2.01624791119825	0.211970184877615	2.47953844630267	4.49578635750092	0	NA	NA	NA	NA	NA	NA	1	0.131231097417023	0.0172216009292762	1	-0.0229076454267764	0.000524760218998909	1	0.270786172042286	0.0733251509693147	1	0.209027982915589	0.0436926976417599	1.00233411747661	3908.99294932447	0	1.00149912088759	12243.009806332	0	NA	NA	NA	NA	NA	NA	NA	NA
609	3	3	exact_null_point_mass	exact_null_point_mass	point_mass	0	none	no_benefit	0	0	NA	0	0	1000	360	600	1000	1000	360	783	0.64	0.217	4.98348539958012	24	24	0	2	1	10	4	1	5000	2500	1	0.99	14	10000	101608	0.5263	0.6112	0.188742952493692	-5.85746860484712	0.206812112955314	6.18099548019154	12.0384640850387	0.15356074413225	-0.913192567288912	0.149519043445633	1.23070450531397	2.14389707260288	0.511830897044905	0.202009731902491	-12.0982461440312	0.148727508332332	12.4383291109207	24.5365752549518	0.0491	0.5107	0.0465574826077692	-1.70447576035897	0.0253599297521916	2.00339388063994	3.70786964099891	0	NA	NA	NA	NA	NA	NA	1	0.188742952493692	0.035623902116036	1	0.15356074413225	0.0235809021384503	1	0.202009731902491	0.0408079317833162	1	0.0465574826077692	0.00216759918677273	1.00148426060749	4318.78131971812	0	1.00133521916185	10921.8160017719	0	NA	NA	NA	NA	NA	NA	NA	NA
610	3	3	exact_null_point_mass	exact_null_point_mass	point_mass	0	none	no_benefit	0	0	NA	0	0	1000	360	600	1000	1000	360	759	0.64	0.241	6.16756148412004	24	24	0	2	1	10	4	1	5000	2500	1	0.99	14	10000	101609	0.4709	0.1389	-0.170407418519294	-5.43040073102267	-0.178965319969552	5.14849290903549	10.5788936400582	-0.589902542491888	-1.65942480122609	-0.592510542267054	0.459972293076662	2.11939709430276	0.479059278350515	-0.267030661972627	-11.6609096805807	-0.273163499377739	11.1506496026393	22.81155928322	0.0688	0.3095	-0.452182519096576	-2.29419997844995	-0.435534401217146	1.29248697836554	3.58668695681549	0	NA	NA	NA	NA	NA	NA	1	-0.170407418519294	0.0290386882864098	1	-0.589902542491888	0.347985009638393	1	-0.267030661972627	0.0713053744335391	1	-0.452182519096576	0.204469030576525	1.00137602597392	4500.42240133351	0	1.00172447206127	13734.529528083	0	NA	NA	NA	NA	NA	NA	NA	NA
578	3	3	exact_null_point_mass	exact_null_point_mass	point_mass	0	none	no_benefit	0	0	NA	0	0	1000	360	600	1000	1000	360	711	0.64	0.289	6.48407896588549	24	24	0	2	1	10	4	1	5000	2500	1	0.99	14	10000	101577	0.5714	0.9309	0.488555309061688	-4.70511290066091	0.481946064405792	5.65345911587815	10.3585720165391	0.848640152266165	-0.277749015203008	0.844531219604091	1.96088652971301	2.23863554491602	0.537425149700599	0.500254139769822	-10.8568289381222	0.433574537255793	11.6407182736849	22.4975472118071	0.0648	0.7908	1.04131897662892	-1.49701142480447	1.0415446733868	3.76667941456237	5.26369083936683	0	NA	NA	NA	NA	NA	NA	1	0.488555309061688	0.238686290012362	1	0.848640152266165	0.720190108038339	1	0.500254139769822	0.250254204356844	1	1.04131897662892	1.08434521108749	1.00159192009349	4515.72459095848	0	1.00211278326002	12839.08835058	0	NA	NA	NA	NA	NA	NA	NA	NA
584	3	3	exact_null_point_mass	exact_null_point_mass	point_mass	0	none	no_benefit	0	0	NA	0	0	1000	360	600	1000	1000	360	742	0.64	0.258	6.15078452761875	24	24	0	2	1	10	4	1	5000	2500	1	0.99	14	10000	101583	0.5389	0.4882	0.248097672369815	-4.8193907941892	0.254711549893811	5.3252668469654	10.1446576411546	-0.0139440437899499	-1.08094029553051	-0.0157979556216867	1.04867271790879	2.1296130134393	0.544202670030485	0.62847337818378	-10.310606165236	0.548677146538274	11.8527272044216	22.1633333696576	0.0487	0.259	-0.593247166516585	-2.3845232925487	-0.637209018396727	1.4675643063749	3.8520875989236	0	NA	NA	NA	NA	NA	NA	1	0.248097672369815	0.06155245503532	1	-0.0139440437899499	0.000194436357216041	1	0.62847337818378	0.394978787085732	1	-0.593247166516585	0.351942200579956	1.00088456158816	4449.33885355782	0	1.00113653420159	11952.7694446223	0	NA	NA	NA	NA	NA	NA	NA	NA
583	3	3	exact_null_point_mass	exact_null_point_mass	point_mass	0	none	no_benefit	0	0	NA	0	0	1000	360	600	1000	1000	360	750	0.64	0.25	6.26292300891356	24	24	0	2	1	10	4	1	5000	2500	1	0.99	14	10000	101582	0.3626	0.2842	-0.928117638936841	-6.07634440322584	-0.963156943312635	4.26951057870017	10.345854981926	-0.322792955337908	-1.37621998795495	-0.321303782969215	0.727991403116246	2.1042113910712	0.381480691273736	-1.60090241149549	-12.713570607179	-1.50191550127371	9.46407745597765	22.1776480631566	0.0626	0.4098	-0.270220012571277	-2.38881195219087	-0.228095548596752	1.64701786318524	4.03582981537612	0	NA	NA	NA	NA	NA	NA	1	-0.928117638936841	0.861402351705697	1	-0.322792955337908	0.104195292015781	1	-1.60090241149549	2.56288853113207	1	-0.270220012571277	0.073018855194021	1.00204530567723	4473.01802638298	0	1.0015383096908	13477.3849256802	0	NA	NA	NA	NA	NA	NA	NA	NA
603	3	3	exact_null_point_mass	exact_null_point_mass	point_mass	0	none	no_benefit	0	0	NA	0	0	1000	360	600	1000	1000	360	754	0.64	0.246	6.54951019988851	24	24	0	2	1	10	4	1	5000	2500	1	0.99	14	10000	101602	0.572	0.7248	0.468106215780175	-4.77492476623747	0.501183137849257	5.701250469494	10.4761752357315	0.327638379064456	-0.735258475397453	0.326057399667214	1.3892755806363	2.12453405603375	0.54463719060715	0.576434039989723	-10.7400807879777	0.534634634703409	11.8319122812397	22.5719930692175	0.0546	0.515	0.0308920367388708	-2.43041578537316	0.0450334634828167	2.67497143219962	5.10538721757278	0	NA	NA	NA	NA	NA	NA	1	0.468106215780175	0.219123429252036	1	0.327638379064456	0.107346907435984	1	0.576434039989723	0.332276202458873	1	0.0308920367388708	0.000954317933875744	1.00116144611661	4852.34596754443	0	1.00184281276008	10095.331425006	0	NA	NA	NA	NA	NA	NA	NA	NA
574	3	3	exact_null_point_mass	exact_null_point_mass	point_mass	0	none	no_benefit	0	0	NA	0	0	1000	360	600	1000	1000	360	731	0.64	0.269	6.11466910751282	24	24	0	2	1	10	4	1	5000	2500	1	0.99	14	10000	101573	0.5927	0.8005	0.615627153607041	-4.39614428018144	0.619938388338242	5.44515994387172	9.84130422405316	0.456829903205643	-0.631776624866437	0.46217763570188	1.51978386324894	2.15156048811538	0.592907507258399	1.13197140472739	-9.64957997345492	1.04230785962507	11.8309560097758	21.4805359832307	0.0356	0.8233	0.858949215332099	-1.05724823030241	0.878550251515705	2.76049985632082	3.81774808662323	0	NA	NA	NA	NA	NA	NA	1	0.615627153607041	0.378996792258308	1	0.456829903205643	0.208693560462877	1	1.13197140472739	1.28135926112051	1	0.858949215332099	0.737793754519629	1.00113600648695	4683.1089620982	0	1.00192605186158	11485.6026646129	0	NA	NA	NA	NA	NA	NA	NA	NA
501	3	3	exact_null_point_mass	exact_null_point_mass	point_mass	0	none	no_benefit	0	0	NA	0	0	1000	360	600	1000	1000	360	760	0.64	0.24	6.03705931549148	24	24	0	2	1	10	4	1	5000	2500	1	0.99	14	10000	101500	0.4522	0.2592	-0.339568435677257	-5.37777662892582	-0.32212834641602	4.70188241466907	10.0796590435949	-0.348543984760814	-1.4075883644634	-0.351717779316751	0.720105912704819	2.12769427716822	0.411990060053841	-0.983545638121917	-11.947841478406	-0.967079020370463	10.4745720500721	22.422413528478	0.0342	0.1774	-0.793672289568289	-2.57296302670075	-0.781278669083298	0.930253113305869	3.50321614000662	0	NA	NA	NA	NA	NA	NA	1	-0.339568435677257	0.1153067225083	1	-0.348543984760814	0.121482909312947	1	-0.983545638121917	0.967362022268649	1	-0.793672289568289	0.62991570322857	1.00100760807628	4512.14911671476	0	1.00301947676279	12340.6684740839	0	NA	NA	NA	NA	NA	NA	NA	NA
499	3	3	exact_null_point_mass	exact_null_point_mass	point_mass	0	none	no_benefit	0	0	NA	0	0	1000	360	600	1000	1000	360	756	0.64	0.244	5.76985795480305	24	24	0	2	1	10	4	1	5000	2500	1	0.99	14	10000	101498	0.5311	0.42	0.235691598385584	-5.41936304549016	0.236152998007738	5.84179936357889	11.261162409069	-0.101850432504748	-1.20288186500282	-0.10129047066772	0.972570065267635	2.17545193027045	0.5228361545832	0.297975173550126	-11.6383337840439	0.305447345087901	12.089958921018	23.7282927050619	0.0607	0.4005	-0.275572744136293	-2.48464791986154	-0.276491657585145	1.89199557791825	4.37664349777979	0	NA	NA	NA	NA	NA	NA	1	0.235691598385584	0.0555505295495516	1	-0.101850432504748	0.0103735106014042	1	0.297975173550126	0.0887892040522277	1	-0.275572744136293	0.0759403373108068	1.00131320955565	3945.39854945986	0	1.00191943975078	10937.2327953922	0	NA	NA	NA	NA	NA	NA	NA	NA
567	3	3	exact_null_point_mass	exact_null_point_mass	point_mass	0	none	no_benefit	0	0	NA	0	0	1000	360	600	1000	1000	360	752	0.64	0.248	6.27477805599458	24	24	0	2	1	10	4	1	5000	2500	1	0.99	14	10000	101566	0.5173	0.4117	0.12901330424571	-5.04393141142583	0.109158309701974	5.2490933697435	10.2930247811693	-0.122949873754816	-1.18351938925624	-0.125091617721805	0.895243153225158	2.0787625424814	0.499147485080989	-0.0273370059393438	-11.4165147542726	-0.0108864221469132	11.138644379095	22.5551591333676	0.0616	0.1233	-1.16288568051243	-2.99443901778052	-1.19376775551496	0.790206276660776	3.7846452944413	0	NA	NA	NA	NA	NA	NA	1	0.12901330424571	0.0166444326723962	1	-0.122949873754816	0.0151166714563252	1	-0.0273370059393438	0.000747311893727716	1	-1.16288568051243	1.35230310594085	1.00168652504679	4640.87143419219	0	1.00210211869635	13781.4948447419	0	NA	NA	NA	NA	NA	NA	NA	NA
503	3	3	exact_null_point_mass	exact_null_point_mass	point_mass	0	none	no_benefit	0	0	NA	0	0	1000	360	600	1000	1000	360	733	0.64	0.267	6.34540162754784	24	24	0	2	1	10	4	1	5000	2500	1	0.99	14	10000	101502	0.4364	0.3305	-0.405968302088852	-5.54991644741189	-0.425958551850997	4.88379031505027	10.4337067624622	-0.232763880838176	-1.30708114356918	-0.234168500523579	0.842063478978932	2.14914462254811	0.4572462996486	-0.569940787021296	-11.830673388802	-0.531642717338814	10.5352410137757	22.3659144025778	0.0609	0.4162	-0.204320924686076	-2.35108810752361	-0.249113405694009	2.15257574994488	4.50366385746849	0	NA	NA	NA	NA	NA	NA	1	-0.405968302088852	0.164810262300906	1	-0.232763880838176	0.0541790242228486	1	-0.569940787021296	0.324832500710454	1	-0.204320924686076	0.0417470402645733	1.00217892169179	4529.26354438821	0	1.00235651222185	9880.27111338549	0	NA	NA	NA	NA	NA	NA	NA	NA
647	3	3	exact_null_point_mass	exact_null_point_mass	point_mass	0	none	no_benefit	0	0	NA	0	0	1000	360	600	1000	1000	360	735	0.64	0.265	6.41238361788737	24	24	0	2	1	10	4	1	5000	2500	1	0.99	14	10000	101646	0.4727	0.4392	-0.182711228146599	-5.2725985699768	-0.177782377114765	5.00127865932821	10.273877229305	-0.0840296563549863	-1.14662080367085	-0.0851135521124844	0.992644619238594	2.13926542290944	0.479897894065093	-0.302675005023829	-11.5837186708455	-0.220177328239934	10.8404166907153	22.4241353615608	0.0598	0.5281	0.0614996012868368	-2.04319108241679	0.0679473635509735	2.13759279381274	4.18078387622953	0	NA	NA	NA	NA	NA	NA	1	-0.182711228146599	0.0333833928908385	1	-0.0840296563549863	0.0070609831471371	1	-0.302675005023829	0.0916121586661747	1	0.0614996012868368	0.0037822009584399	1.00113524197872	4893.49814864867	0	1.00246878297651	12901.2434566888	0	NA	NA	NA	NA	NA	NA	NA	NA
700	3	3	exact_null_point_mass	exact_null_point_mass	point_mass	0	none	no_benefit	0	0	NA	0	0	1000	360	600	1000	1000	360	749	0.64	0.251	6.21808288152357	24	24	0	2	1	10	4	1	5000	2500	1	0.99	14	10000	101699	0.3991	0.059	-0.656088478141316	-5.67661360116399	-0.660454174013968	4.37868596213994	10.0552995633039	-0.877718617321065	-1.96510422687937	-0.877482498149488	0.238088733719255	2.20319296059863	0.410884353741497	-1.20185923744902	-11.9646869834785	-1.05448861229449	9.787225644056	21.7519126275345	0.0445	0.1488	-1.16446527059052	-3.27543636637567	-1.17492340840175	0.972115212277029	4.2475515786527	0	NA	NA	NA	NA	NA	NA	1	-0.656088478141316	0.430452091149788	1	-0.877718617321065	0.770389971192003	1	-1.20185923744902	1.44446562664153	1	-1.16446527059052	1.35597936641145	1.00154028232653	4688.54697506974	0	1.00182796109778	13570.1015820232	0	NA	NA	NA	NA	NA	NA	NA	NA
598	3	3	exact_null_point_mass	exact_null_point_mass	point_mass	0	none	no_benefit	0	0	NA	0	0	1000	360	600	1000	1000	360	761	0.64	0.239	5.920992152016	24	24	0	2	1	10	4	1	5000	2500	1	0.99	14	10000	101597	0.519	0.3696	0.142000152257328	-5.42327272210915	0.14800933972673	5.69184135267112	11.1151140747803	-0.181283873642986	-1.24493203177335	-0.174993652829638	0.852255971085256	2.09718800285861	0.520677893839267	0.303887511342174	-11.8334184582088	0.258550608576567	12.2535645914336	24.0869830496424	0.0618	0.2502	-0.606466588149959	-2.28482729033167	-0.632190419789627	1.06661691525898	3.35144420559065	0	NA	NA	NA	NA	NA	NA	1	0.142000152257328	0.0201640432411043	1	-0.181283873642986	0.032863842843006	1	0.303887511342174	0.0923476195497398	1	-0.606466588149959	0.367801722542252	1.00125578625868	4357.55899537325	0	1.00126558135952	12431.7058821211	0	NA	NA	NA	NA	NA	NA	NA	NA
595	3	3	exact_null_point_mass	exact_null_point_mass	point_mass	0	none	no_benefit	0	0	NA	0	0	1000	360	600	1000	1000	360	775	0.64	0.225	5.79864914103431	24	24	0	2	1	10	4	1	5000	2500	1	0.99	14	10000	101594	0.4836	0.4738	-0.123892461214593	-5.69283256852829	-0.123655920917059	5.41320606253317	11.1060386310615	-0.0444602634785597	-1.11579467588172	-0.0380533473226397	1.00491012795418	2.12070480383589	0.489594393714164	-0.0659988808118923	-11.5994694391994	-0.126373928151654	11.9111620034009	23.5106314426003	0.0582	0.3159	-0.426338925115067	-2.17168157395154	-0.414021739063289	1.22197664837994	3.39365822233148	0	NA	NA	NA	NA	NA	NA	1	-0.123892461214593	0.0153493419458094	1	-0.0444602634785597	0.00197671502858295	1	-0.0659988808118923	0.00435585226842236	1	-0.426338925115067	0.181764879068271	1.00121941402152	4379.36518263284	0	1.00162686992006	11497.7882472774	0	NA	NA	NA	NA	NA	NA	NA	NA
602	3	3	exact_null_point_mass	exact_null_point_mass	point_mass	0	none	no_benefit	0	0	NA	0	0	1000	360	600	1000	1000	360	762	0.64	0.238	5.57713717292858	24	24	0	2	1	10	4	1	5000	2500	1	0.99	14	10000	101601	0.5066	0.3486	0.0799447052180935	-5.32829657097439	0.0543026908779085	5.58976700449415	10.9180635754685	-0.219195715107116	-1.30127415032051	-0.212555229857407	0.827834945948632	2.12910909626914	0.512528711630821	0.0995783565921225	-11.4687047320195	0.118974733269085	11.7613448020225	23.230049534042	0.0422	0.3527	-0.375516359164322	-2.20965252037084	-0.308467280134497	1.09265579899326	3.3023083193641	0	NA	NA	NA	NA	NA	NA	1	0.0799447052180935	0.00639115589240787	1	-0.219195715107116	0.0480467615213198	1	0.0995783565921225	0.0099158491015879	1	-0.375516359164322	0.141012536000028	1.00131798148952	3878.2846528675	0	1.00161836847708	12272.4506066134	0	NA	NA	NA	NA	NA	NA	NA	NA
593	3	3	exact_null_point_mass	exact_null_point_mass	point_mass	0	none	no_benefit	0	0	NA	0	0	1000	360	600	1000	1000	360	740	0.64	0.26	6.59139975881239	24	24	0	2	1	10	4	1	5000	2500	1	0.99	14	10000	101592	0.5722	0.9277	0.449040916371852	-4.75923537285047	0.485032599320721	5.70415424966697	10.4633896225174	0.789927128143105	-0.281728287448678	0.792481144255287	1.84994630535309	2.13167459280177	0.543739279588336	0.571026079600237	-10.8607743461014	0.532607975470193	11.955293143551	22.8160674896525	0.0672	0.8828	1.23517060878213	-0.723793616006238	1.19561776217656	3.38917014133527	4.11296375734151	0	NA	NA	NA	NA	NA	NA	1	0.449040916371852	0.201637744576073	1	0.789927128143105	0.623984867776414	1	0.571026079600237	0.326070783583616	1	1.23517060878213	1.52564643279922	1.00137942991399	4349.68041517849	0	1.00148033237601	11670.1164555163	0	NA	NA	NA	NA	NA	NA	NA	NA
746	3	3	exact_null_point_mass	exact_null_point_mass	point_mass	0	none	no_benefit	0	0	NA	0	0	1000	360	600	1000	1000	360	755	0.64	0.245	6.31970814139934	24	24	0	2	1	10	4	1	5000	2500	1	0.99	14	10000	101745	0.441	0.0379	-0.365226437396517	-5.43069312703101	-0.401491665582673	4.67744615854444	10.1081392855754	-0.933411477182128	-1.97596232610884	-0.931369445665985	0.118086392322446	2.09404871843129	0.466729638958858	-0.438983392628018	-11.394981455271	-0.368333867296158	10.5611965299131	21.956177985184	0.0472	0.0678	-1.73015432371194	-3.84535960323609	-1.76256212419462	0.573396002413563	4.41875560564966	0	NA	NA	NA	NA	NA	NA	1	-0.365226437396517	0.133390350573352	1	-0.933411477182128	0.871256985735323	1	-0.438983392628018	0.192706419003205	1	-1.73015432371194	2.99343398385912	1.00170422732846	4351.53671323952	0	1.00130985273571	12664.0482348486	0	NA	NA	NA	NA	NA	NA	NA	NA
545	3	3	exact_null_point_mass	exact_null_point_mass	point_mass	0	none	no_benefit	0	0	NA	0	0	1000	360	600	1000	1000	360	761	0.64	0.239	6.57087207680907	24	24	0	2	1	10	4	1	5000	2500	1	0.99	14	10000	101544	0.5563	0.6852	0.372063988198779	-4.76059963483791	0.366191834250284	5.60706067780078	10.3676603126387	0.254628970567943	-0.773006484366705	0.252964035543303	1.28810178958662	2.06110827395332	0.534818941504178	0.516081003626208	-10.7105740428142	0.429905918162095	11.5640934887028	22.274667531517	0.0666	0.665	0.41302427292027	-1.44804694285719	0.418107261309836	2.28153138371997	3.72957832657716	0	NA	NA	NA	NA	NA	NA	1	0.372063988198779	0.138431611314381	1	0.254628970567943	0.0648359126524902	1	0.516081003626208	0.266339602303834	1	0.41302427292027	0.170589050021317	1.00124428395446	4378.04298700848	0	1.00185387801138	11668.2377930608	0	NA	NA	NA	NA	NA	NA	NA	NA
636	3	3	exact_null_point_mass	exact_null_point_mass	point_mass	0	none	no_benefit	0	0	NA	0	0	1000	360	600	1000	1000	360	712	0.64	0.288	6.64306047402648	24	24	0	2	1	10	4	1	5000	2500	1	0.99	14	10000	101635	0.4713	0.5528	-0.169076758731665	-5.4082518192412	-0.193699336342949	5.08254157037463	10.4907933896158	0.0723774341308542	-0.992183246414874	0.0782699872118293	1.14263788288384	2.13482112929871	0.498875682621266	-0.00350410245510841	-11.342259484644	-0.00782287490847011	11.3740748078663	22.7163342925103	0.0661	0.4156	-0.182879228574238	-2.14699314527134	-0.199783890101783	1.88306836863237	4.03006151390372	0	NA	NA	NA	NA	NA	NA	1	-0.169076758731665	0.0285869503432055	1	0.0723774341308542	0.00523849297136613	1	-0.00350410245510841	1.22787340158968e-05	1	-0.182879228574238	0.0334448122439084	1.00143779060334	4412.2198568766	0	1.00137327880854	8615.25026691246	0	NA	NA	NA	NA	NA	NA	NA	NA
683	3	3	exact_null_point_mass	exact_null_point_mass	point_mass	0	none	no_benefit	0	0	NA	0	0	1000	360	600	1000	1000	360	772	0.64	0.228	6.5752496562544	24	24	0	2	1	10	4	1	5000	2500	1	0.99	14	10000	101682	0.5833	0.695	0.566948920478756	-4.66691019962649	0.555925849407342	5.75056809868596	10.4174782983125	0.278493110115002	-0.764381953788718	0.275845632320695	1.33328676213767	2.09766871592639	0.566240464166756	0.984003971184656	-10.1614735803295	0.862894446838077	11.9445324776159	22.1060060579453	0.0693	0.7805	0.72578087717863	-0.97439954973785	0.739514930785732	2.47114288254229	3.44554243228014	0	NA	NA	NA	NA	NA	NA	1	0.566948920478756	0.321431078432026	1	0.278493110115002	0.0775584123815268	1	0.984003971184656	0.968263815307173	1	0.72578087717863	0.526757881678181	1.00155741435244	4472.81080630899	0	1.00162197876835	13228.3143276585	0	NA	NA	NA	NA	NA	NA	NA	NA
624	3	3	exact_null_point_mass	exact_null_point_mass	point_mass	0	none	no_benefit	0	0	NA	0	0	1000	360	600	1000	1000	360	766	0.64	0.234	6.10628844696332	24	24	0	2	1	10	4	1	5000	2500	1	0.99	14	10000	101623	0.5449	0.3978	0.272357476329771	-4.6329944861004	0.269188602145082	5.04906325087858	9.68205773697899	-0.133721626474763	-1.19779629905898	-0.133564149545681	0.926515317401542	2.12431161646053	0.564039155074704	0.728600464019442	-9.92670747964812	0.674542408120505	11.4516676843861	21.3783751640342	0.0295	0.5825	0.289346340014816	-2.06625073458706	0.239238722072385	2.84269737371865	4.90894810830572	0	NA	NA	NA	NA	NA	NA	1	0.272357476329771	0.074178594912722	1	-0.133721626474763	0.017881473387056	1	0.728600464019442	0.530858636169346	1	0.289346340014816	0.0837213044799694	1.00177968543159	3910.06723754146	0	1.00222789582863	13157.8655075562	0	NA	NA	NA	NA	NA	NA	NA	NA
745	3	3	exact_null_point_mass	exact_null_point_mass	point_mass	0	none	no_benefit	0	0	NA	0	0	1000	360	600	1000	1000	360	760	0.64	0.24	6.07607331929516	24	24	0	2	1	10	4	1	5000	2500	1	0.99	14	10000	101744	0.6181	0.7603	0.756531543922499	-4.3994393238101	0.750200001678984	5.73219513355624	10.1316344573663	0.38100193665347	-0.659567269667777	0.375095438747487	1.42852354268519	2.08809081235297	0.669691280767626	2.01253489713534	-9.0433311053547	1.85806990688198	12.8593282951816	21.9026594005363	0.0412	0.5087	0.0646772752771175	-1.74327904661698	0.0224252882899556	2.18318038718244	3.92645943379942	0	NA	NA	NA	NA	NA	NA	1	0.756531543922499	0.57233997694976	1	0.38100193665347	0.145162475733695	1	2.01253489713534	4.05029671218755	1	0.0646772752771175	0.00418314993727204	1.00165578311039	4529.07288857691	0	1.00174596839981	13776.6518992288	0	NA	NA	NA	NA	NA	NA	NA	NA
579	3	3	exact_null_point_mass	exact_null_point_mass	point_mass	0	none	no_benefit	0	0	NA	0	0	1000	360	600	1000	1000	360	742	0.64	0.258	6.35467284781406	24	24	0	2	1	10	4	1	5000	2500	1	0.99	14	10000	101578	0.5175	0.8439	0.123391821185794	-4.8210890538217	0.122190666379382	5.18607732312811	10.0071663769498	0.54190365215914	-0.508163603524577	0.540669163255335	1.59236905686324	2.10053266038782	0.513976460697772	0.208932144388139	-10.7946266818033	0.150595849141898	11.0926407504292	21.8872674322325	0.0484	0.9484	1.41153038337383	-0.370404191738853	1.45739082095566	2.84988482893261	3.22028902067147	0	NA	NA	NA	NA	NA	NA	1	0.123391821185794	0.015225541535547	1	0.54190365215914	0.293659568223414	1	0.208932144388139	0.043652640958626	1	1.41153038337383	1.99241802318747	1.00137820652819	4719.18993015533	0	1.00181740577209	14255.6946989544	0	NA	NA	NA	NA	NA	NA	NA	NA
649	3	3	exact_null_point_mass	exact_null_point_mass	point_mass	0	none	no_benefit	0	0	NA	0	0	1000	360	600	1000	1000	360	733	0.64	0.267	6.10615896878686	24	24	0	2	1	10	4	1	5000	2500	1	0.99	14	10000	101648	0.4266	0.7598	-0.465763222723972	-5.41031773914259	-0.502301318132252	4.59866495515485	10.0089826942974	0.377854321037667	-0.692638570013476	0.376161079190403	1.42493879848975	2.11757736850322	0.428690488592562	-0.934507322187148	-12.0025128957624	-0.78255881682304	9.88109321997969	21.8836061157421	0.0401	0.8515	0.911784928240706	-0.815396361820191	0.909964634009169	2.70696207027468	3.52235843209487	0	NA	NA	NA	NA	NA	NA	1	-0.465763222723972	0.21693537964222	1	0.377854321037667	0.142773887926836	1	-0.934507322187148	0.873303935221394	1	0.911784928240706	0.83135175536691	1.00113340098113	4440.57956152395	0	1.0018757646786	11802.7334699254	0	NA	NA	NA	NA	NA	NA	NA	NA
515	3	3	exact_null_point_mass	exact_null_point_mass	point_mass	0	none	no_benefit	0	0	NA	0	0	1000	360	600	1000	1000	360	733	0.64	0.267	6.08871703671653	24	24	0	2	1	10	4	1	5000	2500	1	0.99	14	10000	101514	0.4319	0.2703	-0.447869852914148	-5.54773925509561	-0.462990975774461	4.64086856826729	10.1886078233629	-0.3381601349001	-1.41638427964835	-0.333394330759218	0.739712575829632	2.15609685547798	0.449852195945946	-0.683099223249535	-11.6760598469879	-0.591191528062485	10.6048019369967	22.2808617839846	0.0528	0.4287	-0.17724971163206	-2.28492684779819	-0.191938249036817	2.05088261019006	4.33580945798825	0	NA	NA	NA	NA	NA	NA	1	-0.447869852914148	0.20058740514934	1	-0.3381601349001	0.114352276835654	1	-0.683099223249535	0.466624548804118	1	-0.17724971163206	0.0314174602736483	1.00207977842958	4348.67755418386	0	1.00136175579401	12203.4225806042	0	NA	NA	NA	NA	NA	NA	NA	NA
594	3	3	exact_null_point_mass	exact_null_point_mass	point_mass	0	none	no_benefit	0	0	NA	0	0	1000	360	600	1000	1000	360	751	0.64	0.249	5.81602746607475	24	24	0	2	1	10	4	1	5000	2500	1	0.99	14	10000	101593	0.5174	0.8488	0.164033830727604	-5.26363337645356	0.123774326605177	5.67203242622786	10.9356658026814	0.561837411416184	-0.473910201568356	0.557363264771703	1.63649103678164	2.11040123834999	0.516369841100565	0.296223598113334	-11.3625333023232	0.206788385179616	12.1176479196422	23.4801812219653	0.0623	0.684	0.41456903797526	-1.33716656868437	0.414658128192519	2.20500290610724	3.54216947479161	0	NA	NA	NA	NA	NA	NA	1	0.164033830727604	0.0269070976231722	1	0.561837411416184	0.315661276866839	1	0.296223598113334	0.0877484200792098	1	0.41456903797526	0.171867487247733	1.00239412148871	4692.67462112952	0	1.00163257838059	10513.2841396789	0	NA	NA	NA	NA	NA	NA	NA	NA
661	3	3	exact_null_point_mass	exact_null_point_mass	point_mass	0	none	no_benefit	0	0	NA	0	0	1000	360	600	1000	1000	360	757	0.64	0.243	5.97038066648121	24	24	0	2	1	10	4	1	5000	2500	1	0.99	14	10000	101660	0.3962	0.0508	-0.780404357280652	-6.45531129259637	-0.799219775007113	5.00408218021	11.4593934728064	-0.908626018596636	-1.97666502085664	-0.90816392018958	0.172639608510046	2.14930462936669	0.429272455728611	-0.952698019436237	-12.7140047179129	-0.964739223714624	10.9360464467604	23.6500511646733	0.0626	0.0117	-1.95453291600039	-3.65146774577557	-1.94873371139665	-0.242780374229897	3.40868737154567	0	NA	NA	NA	NA	NA	NA	1	-0.780404357280652	0.609030960862627	1	-0.908626018596636	0.825601241670775	1	-0.952698019436237	0.907633516237729	0	-1.95453291600039	3.820198919729	1.00185668235936	3863.20581373221	0	1.00287132517694	12291.7024319554	0	NA	NA	NA	NA	NA	NA	NA	NA
698	3	3	exact_null_point_mass	exact_null_point_mass	point_mass	0	none	no_benefit	0	0	NA	0	0	1000	360	600	1000	1000	360	760	0.64	0.24	6.07870380656778	24	24	0	2	1	10	4	1	5000	2500	1	0.99	14	10000	101697	0.4091	0.1492	-0.583823578044399	-5.77843416801822	-0.598500117417892	4.66335401289828	10.4417881809165	-0.562231026711884	-1.62767340376707	-0.564592960788447	0.504298630805606	2.13197203457268	0.427891228441435	-0.959067117667473	-12.0559738043712	-0.881588560162584	10.3532836601201	22.4092574644914	0.0549	0.2346	-0.634012323814084	-2.35679644830365	-0.677063333131101	1.15090849077895	3.5077049390826	0	NA	NA	NA	NA	NA	NA	1	-0.583823578044399	0.340849970280564	1	-0.562231026711884	0.3161037273975	1	-0.959067117667473	0.919809736190994	1	-0.634012323814084	0.401971626748134	1.00176112277259	4103.15189651232	0	1.00185372496725	11450.5399543598	0	NA	NA	NA	NA	NA	NA	NA	NA
648	3	3	exact_null_point_mass	exact_null_point_mass	point_mass	0	none	no_benefit	0	0	NA	0	0	1000	360	600	1000	1000	360	754	0.64	0.246	6.18325060449437	24	24	0	2	1	10	4	1	5000	2500	1	0.99	14	10000	101647	0.5506	0.4132	0.298622590321615	-4.88587630055197	0.335684479945545	5.37563692418323	10.2615132247352	-0.122115456621646	-1.22490328473008	-0.125948596266867	0.970115003511897	2.19501828824198	0.535205364626991	0.489594856243157	-10.5506214465035	0.447245924995896	11.4812841581902	22.0319056046938	0.0456	0.3695	-0.434615043381971	-2.88701823176985	-0.4306026741938	2.15254877788246	5.03956700965231	0	NA	NA	NA	NA	NA	NA	1	0.298622590321615	0.0891754514503914	1	-0.122115456621646	0.0149121847459131	1	0.489594856243157	0.239703123259758	1	-0.434615043381971	0.188890235933913	1.00141346185715	4349.50687651343	0	1.00131568064966	9786.31460165045	0	NA	NA	NA	NA	NA	NA	NA	NA
565	3	3	exact_null_point_mass	exact_null_point_mass	point_mass	0	none	no_benefit	0	0	NA	0	0	1000	360	600	1000	1000	360	747	0.64	0.253	5.91243539760647	24	24	0	2	1	10	4	1	5000	2500	1	0.99	14	10000	101564	0.5227	0.4722	0.154067496111679	-5.42289728361729	0.161863376986025	5.68949743597174	11.112394719589	-0.0346755619067736	-1.12601344167698	-0.0340868831628267	1.05160731154692	2.1776207532239	0.518522472509875	0.225752073689501	-11.6700009904031	0.255904300655928	12.0346199522901	23.7046209426932	0.0633	0.5329	0.0946081509687722	-2.22232971980208	0.103533315592094	2.31605190318408	4.53838162298615	0	NA	NA	NA	NA	NA	NA	1	0.154067496111679	0.0237367933581223	1	-0.0346755619067736	0.00120239459355049	1	0.225752073689501	0.0509639987751098	1	0.0946081509687722	0.00895070222973	1.00136861039872	4307.39563220632	0	1.00179538396629	12530.2632746162	0	NA	NA	NA	NA	NA	NA	NA	NA
706	3	3	exact_null_point_mass	exact_null_point_mass	point_mass	0	none	no_benefit	0	0	NA	0	0	1000	360	600	1000	1000	360	762	0.64	0.238	6.07515309432626	24	24	0	2	1	10	4	1	5000	2500	1	0.99	14	10000	101705	0.4848	0.8452	-0.0946693878095054	-5.12742651240229	-0.0984428928353038	4.91208735139509	10.0395138637974	0.546305995242715	-0.516394071039788	0.544423186759279	1.61490198274501	2.1312960537848	0.479543094496366	-0.301622410660984	-11.2428212318528	-0.23456237167892	10.6517947473035	21.8946159791562	0.037	0.7935	0.957487022792532	-1.33184305822851	0.942832710746975	3.33078108682648	4.66262414505499	0	NA	NA	NA	NA	NA	NA	1	-0.0946693878095054	0.00896229298822653	1	0.546305995242715	0.298450240438133	1	-0.301622410660984	0.0909760786129435	1	0.957487022792532	0.916781398816107	1.00294265966705	4554.59482594239	0	1.00250834711295	13264.2207904829	0	NA	NA	NA	NA	NA	NA	NA	NA
635	3	3	exact_null_point_mass	exact_null_point_mass	point_mass	0	none	no_benefit	0	0	NA	0	0	1000	360	600	1000	1000	360	763	0.64	0.237	6.47049801660634	24	24	0	2	1	10	4	1	5000	2500	1	0.99	14	10000	101634	0.5007	0.1428	0.00935973336317918	-5.1642908530776	0.00320139648777662	5.19818632459553	10.3624771776731	-0.563487252671269	-1.60746543721485	-0.558013300581455	0.473262134824442	2.08072757203929	0.490071911559515	-0.161492799453901	-11.151484481595	-0.119151411141193	11.1564129220969	22.3078974036919	0.0683	0.0546	-1.24126270590507	-2.82162930936217	-1.24465727156493	0.323744122595006	3.14537343195718	0	NA	NA	NA	NA	NA	NA	1	0.00935973336317918	8.76046086298095e-05	1	-0.563487252671269	0.317517883923014	1	-0.161492799453901	0.026079924275458	1	-1.24126270590507	1.54073310507077	1.00165048689344	4570.81057610942	0	1.0015884872171	12074.6195723011	0	NA	NA	NA	NA	NA	NA	NA	NA
577	3	3	exact_null_point_mass	exact_null_point_mass	point_mass	0	none	no_benefit	0	0	NA	0	0	1000	360	600	1000	1000	360	750	0.64	0.25	6.2832400937029	24	24	0	2	1	10	4	1	5000	2500	1	0.99	14	10000	101576	0.5157	0.6561	0.091830318173937	-5.01822725050621	0.114482084553492	5.1829366947484	10.2011639452546	0.218009558678597	-0.862506137198615	0.217782531986248	1.28940156567285	2.15190770287147	0.504693834008961	0.053408966558693	-11.2375159086687	0.0626721549300666	11.0626506702144	22.3001665788831	0.0626	0.6605	0.475308122233295	-1.82462446619199	0.480784476588841	2.83879485509489	4.66341932128688	0	NA	NA	NA	NA	NA	NA	1	0.091830318173937	0.00843280733592651	1	0.218009558678597	0.0475281676752365	1	0.053408966558693	0.00285251770886759	1	0.475308122233295	0.22591781106094	1.00119435004171	4407.03903914218	0	1.00150343850036	11890.1518085453	0	NA	NA	NA	NA	NA	NA	NA	NA
637	3	3	exact_null_point_mass	exact_null_point_mass	point_mass	0	none	no_benefit	0	0	NA	0	0	1000	360	600	1000	1000	360	732	0.64	0.268	6.42451847877897	24	24	0	2	1	10	4	1	5000	2500	1	0.99	14	10000	101636	0.3824	0.06	-0.794498785429126	-6.0546340584872	-0.811872343851261	4.50890250911644	10.5635365676036	-0.837582138152527	-1.90232084758688	-0.835013263638989	0.253181111934	2.15550195952088	0.41648868005126	-1.16194215445806	-12.1755250740094	-1.02062184953037	9.9511982979372	22.1267233719466	0.0636	0.1704	-1.15738340080055	-3.50717608877103	-1.17992007163773	1.33690057768506	4.84407666645609	0	NA	NA	NA	NA	NA	NA	1	-0.794498785429126	0.631228320048357	1	-0.837582138152527	0.701543838152158	1	-1.16194215445806	1.35010957030664	1	-1.15738340080055	1.33953633644864	1.00193456111237	4156.7986045867	0	1.00153974219254	10153.024003768	0	NA	NA	NA	NA	NA	NA	NA	NA
701	3	3	exact_null_point_mass	exact_null_point_mass	point_mass	0	none	no_benefit	0	0	NA	0	0	1000	360	600	1000	1000	360	774	0.64	0.226	5.67220728052377	24	24	0	2	1	10	4	1	5000	2500	1	0.99	14	10000	101700	0.4998	0.8086	-0.00730273054920906	-5.61143368971982	-0.00397638323314098	5.56562310602172	11.1770567957415	0.478327001404917	-0.596564465693628	0.483653286709969	1.52573991435803	2.12230438005166	0.502058916693063	0.00546382585254921	-11.8249989901825	0.0225972132802088	11.6656952248122	23.4906942149947	0.0529	0.7384	0.589688023998266	-1.26580232300491	0.563518541168791	2.59897283200715	3.86477515501206	0	NA	NA	NA	NA	NA	NA	1	-0.00730273054920906	5.33298734743512e-05	1	0.478327001404917	0.22879672027302	1	0.00546382585254921	2.98533929469851e-05	1	0.589688023998266	0.34773196564698	1.00179877194398	4269.21002588527	0	1.00212783519649	12465.203442545	0	NA	NA	NA	NA	NA	NA	NA	NA
581	3	3	exact_null_point_mass	exact_null_point_mass	point_mass	0	none	no_benefit	0	0	NA	0	0	1000	360	600	1000	1000	360	750	0.64	0.25	6.4157607329755	24	24	0	2	1	10	4	1	5000	2500	1	0.99	14	10000	101580	0.5883	0.8328	0.553011736937424	-4.67622900962721	0.577553766737946	5.7298231236473	10.4060521332745	0.529089236085927	-0.553413565834617	0.525930224647029	1.6000337692097	2.15344733504432	0.543025120256547	0.580139134246781	-10.3567314288569	0.47741861176813	11.5950472264962	21.9517786553531	0.0645	0.8281	0.818542562719317	-0.838272805252481	0.784634533513604	2.69399338714545	3.53226619239793	0	NA	NA	NA	NA	NA	NA	1	0.553011736937424	0.305821981190547	1	0.529089236085927	0.27993541974199	1	0.580139134246781	0.336561415084604	1	0.818542562719317	0.670011926983108	1.00102071797554	4688.50078621403	0	1.00139668281767	11258.5505863169	0	NA	NA	NA	NA	NA	NA	NA	NA
605	3	3	exact_null_point_mass	exact_null_point_mass	point_mass	0	none	no_benefit	0	0	NA	0	0	1000	360	600	1000	1000	360	746	0.64	0.254	6.11229358836664	24	24	0	2	1	10	4	1	5000	2500	1	0.99	14	10000	101604	0.335	0.4664	-1.06738593970843	-5.92037033536919	-1.11938520775894	4.00915547182193	9.92952580719112	-0.0484628434812208	-1.12806956301591	-0.0489505243661643	1.02928803768026	2.15735760069616	0.248595797794882	-3.04036416922805	-13.5251632337805	-2.79836604445484	7.51195152510879	21.0371147588893	0.0386	0.529	0.072266827299445	-2.39008594102736	0.100406601831097	2.27606785872333	4.66615379975068	0	NA	NA	NA	NA	NA	NA	1	-1.06738593970843	1.13931274428725	1	-0.0484628434812208	0.0023486471982853	1	-3.04036416922805	9.24381428152575	1	0.072266827299445	0.00522249432792781	1.00158650703987	4359.83343402663	0	1.00237526173283	12764.7159859384	0	NA	NA	NA	NA	NA	NA	NA	NA
704	3	3	exact_null_point_mass	exact_null_point_mass	point_mass	0	none	no_benefit	0	0	NA	0	0	1000	360	600	1000	1000	360	761	0.64	0.239	6.21374020066126	24	24	0	2	1	10	4	1	5000	2500	1	0.99	14	10000	101703	0.5409	0.5063	0.277889720162455	-4.74202567267665	0.269321722848137	5.3707732869359	10.1127989596126	0.00941929464700372	-1.03393758042851	0.00748138182822267	1.07614644124042	2.11008402166894	0.530633765685964	0.414823116026855	-10.5185772456301	0.350390277078063	11.5981239620735	22.1167012077036	0.0517	0.4874	-0.0460707578879671	-1.94065457625152	-0.0265560046477384	1.73674084717407	3.67739542342559	0	NA	NA	NA	NA	NA	NA	1	0.277889720162455	0.0772226965719673	1	0.00941929464700372	8.87231116470729e-05	1	0.414823116026855	0.172078217590229	1	-0.0460707578879671	0.00212251473237168	1.00187020030846	4470.31135248252	0	1.00122334388819	10889.4711589716	0	NA	NA	NA	NA	NA	NA	NA	NA
580	3	3	exact_null_point_mass	exact_null_point_mass	point_mass	0	none	no_benefit	0	0	NA	0	0	1000	360	600	1000	1000	360	761	0.64	0.239	5.4318391755706	24	24	0	2	1	10	4	1	5000	2500	1	0.99	14	10000	101579	0.5406	0.2391	0.273133858688786	-5.24080349877696	0.280395480065232	5.6770948175733	10.9178983163503	-0.386919833951767	-1.448111115937	-0.386329424317012	0.664207631088057	2.11231874702506	0.526487281900357	0.362904817548833	-11.2912535648387	0.292492899015194	11.9034582949045	23.1947118597432	0.0486	0.2418	-0.863392758498361	-3.20231718820845	-0.828472318311348	1.37790294898979	4.58022013719824	0	NA	NA	NA	NA	NA	NA	1	0.273133858688786	0.0746021047622259	1	-0.386919833951767	0.149706957905263	1	0.362904817548833	0.131699906600152	1	-0.863392758498361	0.745447055427409	1.00198416341971	4382.2694323656	0	1.00142731223986	12187.2946319483	0	NA	NA	NA	NA	NA	NA	NA	NA
699	3	3	exact_null_point_mass	exact_null_point_mass	point_mass	0	none	no_benefit	0	0	NA	0	0	1000	360	600	1000	1000	360	730	0.64	0.27	6.15713112453833	24	24	0	2	1	10	4	1	5000	2500	1	0.99	14	10000	101698	0.5176	0.2152	0.116371816984559	-4.93920998082091	0.11591470322822	5.21921392846041	10.1584239092813	-0.429094534998014	-1.50771443429364	-0.427174939683953	0.635954038921616	2.14366847321526	0.506391450125733	0.0933528360632384	-10.7712803166226	0.0670235043603378	11.1349594015765	21.9062397181992	0.0456	0.1789	-1.18763458065864	-3.69013913289775	-1.17069474882405	1.2115256899885	4.90166482288624	0	NA	NA	NA	NA	NA	NA	1	0.116371816984559	0.0135423997882878	1	-0.429094534998014	0.184122119965162	1	0.0933528360632384	0.00871475200104986	1	-1.18763458065864	1.41047589717621	1.00202216022015	4607.38668271898	0	1.00251738871485	11326.0898379827	0	NA	NA	NA	NA	NA	NA	NA	NA
665	3	3	exact_null_point_mass	exact_null_point_mass	point_mass	0	none	no_benefit	0	0	NA	0	0	1000	360	600	1000	1000	360	771	0.64	0.229	5.95570739626295	24	24	0	2	1	10	4	1	5000	2500	1	0.99	14	10000	101664	0.5101	0.6172	0.0426031590916397	-5.60468863706213	0.0687351925957174	5.62350176413691	11.228190401199	0.161411290736075	-0.915288430475943	0.163621844318492	1.22522532822718	2.14051375870312	0.501280956447481	-0.0148393245694641	-11.6838569863295	0.00949187506824956	11.4908323542316	23.1746893405611	0.0632	0.5527	0.182089583740313	-1.71419070727856	0.140908830058159	2.28524580203654	3.9994365093151	0	NA	NA	NA	NA	NA	NA	1	0.0426031590916397	0.00181502916458756	1	0.161411290736075	0.0260536047770858	1	-0.0148393245694641	0.000220205553677901	1	0.182089583740313	0.0331566165067203	1.00210788656979	4544.62180447115	0	1.00142651460055	11025.6135676331	0	NA	NA	NA	NA	NA	NA	NA	NA
625	3	3	exact_null_point_mass	exact_null_point_mass	point_mass	0	none	no_benefit	0	0	NA	0	0	1000	360	600	1000	1000	360	754	0.64	0.246	6.09593499073927	24	24	0	2	1	10	4	1	5000	2500	1	0.99	14	10000	101624	0.5818	0.2692	0.503255611735069	-4.54652150067326	0.558154828043824	5.46745363057293	10.0139751312462	-0.325572709307805	-1.37494888164883	-0.321551549027357	0.737372009798447	2.11232089144727	0.604655953852493	1.21628266894838	-9.46903561648638	1.12136162299948	11.9117398465051	21.3807754629915	0.0292	0.3568	-0.370107663040276	-2.4914275751309	-0.274634607761633	1.38368284889243	3.87511042402333	0	NA	NA	NA	NA	NA	NA	1	0.503255611735069	0.253266210742838	1	-0.325572709307805	0.105997589046024	1	1.21628266894838	1.47934353078418	1	-0.370107663040276	0.136979682241134	1.00179300790333	4556.75943152316	0	1.00162746434027	13723.2802771585	0	NA	NA	NA	NA	NA	NA	NA	NA
684	3	3	exact_null_point_mass	exact_null_point_mass	point_mass	0	none	no_benefit	0	0	NA	0	0	1000	360	600	1000	1000	360	745	0.64	0.255	6.08786554740451	24	24	0	2	1	10	4	1	5000	2500	1	0.99	14	10000	101683	0.4335	0.1247	-0.367562702500934	-5.05634278406119	-0.423418019214558	4.37065901060154	9.42700179466273	-0.633337232727807	-1.73145888049753	-0.637934921016935	0.468067567435741	2.19952644793327	0.35615879171344	-1.42582104919885	-11.9269832123335	-1.30567537997854	8.98690420001693	20.9138874123504	0.0201	0.1582	-1.020559070096	-3.00255493956586	-1.03752102144795	0.972006294946925	3.97456123451279	0	NA	NA	NA	NA	NA	NA	1	-0.367562702500934	0.13510234026979	1	-0.633337232727807	0.401116050359316	1	-1.42582104919885	2.03296566433852	1	-1.020559070096	1.04154081555521	1.00165479074483	4784.39466947061	0	1.00146321028186	12373.9810391356	0	NA	NA	NA	NA	NA	NA	NA	NA
650	3	3	exact_null_point_mass	exact_null_point_mass	point_mass	0	none	no_benefit	0	0	NA	0	0	1000	360	600	1000	1000	360	762	0.64	0.238	5.90990558326371	24	24	0	2	1	10	4	1	5000	2500	1	0.99	14	10000	101649	0.6262	0.8407	0.948753798644354	-4.71458592777234	0.976548903781575	6.58734128895388	11.3019272167262	0.540126731703475	-0.499738352047547	0.540581590353659	1.57226921695256	2.07200756900011	0.575224071702945	1.16101348020743	-10.7904520094137	1.08312075777659	12.8115146084361	23.6019666178498	0.0628	0.9163	1.59175392460512	-0.598623417795663	1.6162279996051	3.80108163094429	4.39970504873996	0	NA	NA	NA	NA	NA	NA	1	0.948753798644354	0.900133770442091	1	0.540126731703475	0.291736886300678	1	1.16101348020743	1.34795230122338	1	1.59175392460512	2.53368055649579	1.00253530749803	4293.16102951307	0	1.00180289468933	10242.9791164588	0	NA	NA	NA	NA	NA	NA	NA	NA
606	3	3	exact_null_point_mass	exact_null_point_mass	point_mass	0	none	no_benefit	0	0	NA	0	0	1000	360	600	1000	1000	360	755	0.64	0.245	6.3162009147763	24	24	0	2	1	10	4	1	5000	2500	1	0.99	14	10000	101605	0.4547	0.01	-0.296000889660309	-5.40034539066063	-0.296147915663306	4.78989788569768	10.1902432763583	-1.24730060535362	-2.31283599162608	-1.2516569280814	-0.188850133859383	2.1239858577667	0.487209425750982	-0.172355493767999	-11.1845816417323	-0.156316978906016	10.7150964241622	21.8996780658945	0.0579	0.0677	-1.84653418929393	-4.13814247581619	-1.85514799453193	0.611693237455791	4.74983571327198	0	NA	NA	NA	NA	NA	NA	1	-0.296000889660309	0.0876165266796943	0	-1.24730060535362	1.55575880011551	1	-0.172355493767999	0.0297064162320108	1	-1.84653418929393	3.40968851223139	1.001315466087	4427.15170832512	0	1.00170178111545	14221.8644880375	0	NA	NA	NA	NA	NA	NA	NA	NA
702	3	3	exact_null_point_mass	exact_null_point_mass	point_mass	0	none	no_benefit	0	0	NA	0	0	1000	360	600	1000	1000	360	724	0.64	0.276	6.41750062431107	24	24	0	2	1	10	4	1	5000	2500	1	0.99	14	10000	101701	0.4512	0.3042	-0.33513260472169	-5.55993784227818	-0.353283658450581	4.93161971278034	10.4915575550585	-0.280038742568483	-1.35685189371224	-0.27778125481873	0.809803396181146	2.16665528989338	0.456957170253569	-0.583511366803515	-11.641094199479	-0.527770233666531	10.6180582305054	22.2591524299843	0.0614	0.2776	-0.704006801310632	-3.1342758180594	-0.714445137681642	1.70820823451147	4.84248405257087	0	NA	NA	NA	NA	NA	NA	1	-0.33513260472169	0.112313862747544	1	-0.280038742568483	0.0784216973393369	1	-0.583511366803515	0.340485515188906	1	-0.704006801310632	0.495625576291627	1.00168558278749	4475.72081336982	0	1.00133222732024	11077.8534314398	0	NA	NA	NA	NA	NA	NA	NA	NA
617	3	3	exact_null_point_mass	exact_null_point_mass	point_mass	0	none	no_benefit	0	0	NA	0	0	1000	360	600	1000	1000	360	737	0.64	0.263	6.05285070123101	24	24	0	2	1	10	4	1	5000	2500	1	0.99	14	10000	101616	0.7339	0.9598	1.66003348423565	-3.54880469343016	1.68242557779536	6.66611250562896	10.2149171990591	0.941935046201974	-0.104975776131333	0.935297446011215	2.02515326404426	2.13012904017559	0.758796640799405	3.42067869404641	-7.79502331507517	3.27544065945354	14.0414688512288	21.836492166304	0.0593	0.9457	1.68366288566055	-0.369292559716667	1.69712968637373	3.78560490891493	4.1548974686316	0	NA	NA	NA	NA	NA	NA	1	1.66003348423565	2.75571116878356	1	0.941935046201974	0.887241631263515	1	3.42067869404641	11.7010427279031	1	1.68366288566055	2.8347207125508	1.00143870942245	4219.75468864157	0	1.00122993221907	11758.8676448322	0	NA	NA	NA	NA	NA	NA	NA	NA
546	3	3	exact_null_point_mass	exact_null_point_mass	point_mass	0	none	no_benefit	0	0	NA	0	0	1000	360	600	1000	1000	360	732	0.64	0.268	5.85728472689662	24	24	0	2	1	10	4	1	5000	2500	1	0.99	14	10000	101545	0.6218	0.9547	0.929871101734202	-4.84793976183629	0.97101122032399	6.54244573555682	11.3903854973931	0.950039285136531	-0.139037488899533	0.953508490313186	1.99296907207921	2.13200656097875	0.579217996786288	1.19068720676463	-10.6759183250463	1.0771154088429	13.0475948636198	23.7235131886661	0.0665	0.9582	1.82459001194314	-0.205256171017763	1.76605861899559	4.21382062884583	4.41907679986359	0	NA	NA	NA	NA	NA	NA	1	0.929871101734202	0.864660265840379	1	0.950039285136531	0.902574643302732	1	1.19068720676463	1.41773602435296	1	1.82459001194314	3.32912871168267	1.00141451747385	4331.6529300003	0	1.00223579572958	12255.7148934444	0	NA	NA	NA	NA	NA	NA	NA	NA
705	3	3	exact_null_point_mass	exact_null_point_mass	point_mass	0	none	no_benefit	0	0	NA	0	0	1000	360	600	1000	1000	360	768	0.64	0.232	7.02323247657441	24	24	0	2	1	10	4	1	5000	2500	1	0.99	14	10000	101704	0.5749	0.2833	0.427493362484357	-4.36425970596867	0.447921234065659	5.04443611543706	9.40869582140573	-0.303548681593814	-1.35205069052836	-0.302759371072038	0.711989885986562	2.06404057651492	0.564160196158561	0.695833114282782	-10.0103802757484	0.295859076400929	11.3518919417167	21.3622722174651	0.0212	0.39	-0.287629574203862	-2.12920931812675	-0.272169610831633	1.52831629126201	3.65752560938876	0	NA	NA	NA	NA	NA	NA	1	0.427493362484357	0.182750574968181	1	-0.303548681593814	0.092141802097343	1	0.695833114282782	0.484183722932475	1	-0.287629574203862	0.0827307719566951	1.00168868504122	4058.82151019887	0	1.00120052842731	13653.9862366067	0	NA	NA	NA	NA	NA	NA	NA	NA
651	3	3	exact_null_point_mass	exact_null_point_mass	point_mass	0	none	no_benefit	0	0	NA	0	0	1000	360	600	1000	1000	360	748	0.64	0.252	6.5001713227891	24	24	0	2	1	10	4	1	5000	2500	1	0.99	14	10000	101650	0.5152	0.7395	0.0957738207500151	-5.13959288400682	0.0899494155844849	5.28297743944432	10.4225703234511	0.335081453281049	-0.718912863846776	0.32406384179615	1.40393938384492	2.12285224769169	0.505698924731183	0.0950680853780911	-11.3222398242822	0.0505610228120696	11.4607029330246	22.7829427573068	0.07	0.6852	0.505442615653647	-1.6827582516717	0.552957351908024	2.57501734878709	4.25777560045879	0	NA	NA	NA	NA	NA	NA	1	0.0957738207500151	0.00917262474105602	1	0.335081453281049	0.11227958033294	1	0.0950680853780911	0.00903794085745602	1	0.505442615653647	0.2554722377188	1.00204296780562	4254.51316926432	0	1.00191405123142	13573.3040683733	0	NA	NA	NA	NA	NA	NA	NA	NA
484	3	3	exact_null_point_mass	exact_null_point_mass	point_mass	0	none	no_benefit	0	0	NA	0	0	1000	360	600	1000	1000	360	756	0.64	0.244	6.18433057546008	24	24	0	2	1	10	4	1	5000	2500	1	0.99	14	10000	101483	0.4197	0.1104	-0.553742193383893	-5.72458100714167	-0.563182376657994	4.61093744553846	10.3355184526801	-0.663690473992166	-1.7263693697959	-0.667333053876757	0.406397985301607	2.1327673550975	0.449495485926713	-0.655806986438768	-11.600417924812	-0.606998778154409	10.6643565105521	22.2647744353641	0.0585	0.0522	-1.50901784984723	-3.47228564372938	-1.46732014070309	0.285940341167631	3.75822598489701	0	NA	NA	NA	NA	NA	NA	1	-0.553742193383893	0.306630416733605	1	-0.663690473992166	0.440485045267946	1	-0.655806986438768	0.430082803461898	1	-1.50901784984723	2.27713487115754	1.00123306705054	4428.77316671266	0	1.00147170490174	10752.9231693182	0	NA	NA	NA	NA	NA	NA	NA	NA
554	3	3	exact_null_point_mass	exact_null_point_mass	point_mass	0	none	no_benefit	0	0	NA	0	0	1000	360	600	1000	1000	360	757	0.64	0.243	6.36959674455065	24	24	0	2	1	10	4	1	5000	2500	1	0.99	14	10000	101553	0.4833	0.547	-0.115115603702218	-5.22901549097005	-0.114505100696581	5.0513893008654	10.2804047918355	0.0659324082782948	-0.970050916560224	0.0640420482844384	1.12286016460889	2.09291108116911	0.472887100190638	-0.322815384826301	-11.3545875731333	-0.319219293274227	10.98335250901	22.3379400821432	0.0558	0.382	-0.293111392406776	-2.271492541909	-0.308079212820967	1.8621686256292	4.1336611675382	0	NA	NA	NA	NA	NA	NA	1	-0.115115603702218	0.0132516022157261	1	0.0659324082782948	0.00434708246137575	1	-0.322815384826301	0.104209772680553	1	-0.293111392406776	0.0859142883586388	1.00144286257156	4595.60290189013	0	1.00275386918498	13061.8605054922	0	NA	NA	NA	NA	NA	NA	NA	NA
600	3	3	exact_null_point_mass	exact_null_point_mass	point_mass	0	none	no_benefit	0	0	NA	0	0	1000	360	600	1000	1000	360	760	0.64	0.24	6.30399503938098	24	24	0	2	1	10	4	1	5000	2500	1	0.99	14	10000	101599	0.5493	0.6578	0.298108114347429	-4.77678510585222	0.304906999771617	5.27921291838776	10.05599802424	0.213585246618791	-0.826995872037916	0.213582032299541	1.25654989507666	2.08354576711457	0.530735569910398	0.486924235158514	-10.1448883544085	0.342426010071049	11.3051566937001	21.4500450481086	0.0402	0.7393	0.449092704835926	-1.26813803991576	0.438937968904435	2.0446230311329	3.31276107104866	0	NA	NA	NA	NA	NA	NA	1	0.298108114347429	0.08886844783978	1	0.213585246618791	0.0456186575732099	1	0.486924235158514	0.237095210784704	1	0.449092704835926	0.201684257536848	1.00171322366147	4190.33847211222	0	1.00199065823805	11770.9036511486	0	NA	NA	NA	NA	NA	NA	NA	NA
652	3	3	exact_null_point_mass	exact_null_point_mass	point_mass	0	none	no_benefit	0	0	NA	0	0	1000	360	600	1000	1000	360	780	0.64	0.22	6.01327199634721	24	24	0	2	1	10	4	1	5000	2500	1	0.99	14	10000	101651	0.6863	0.6673	1.27502965731274	-4.08753275584283	1.30648379674149	6.31834841420163	10.4058811700445	0.231278501232893	-0.796802234811023	0.230467656875854	1.27271242267293	2.06951465748396	0.725821794736286	2.8478160623075	-8.60827081436928	2.7573914672192	13.7044030670687	22.312673881438	0.0539	0.4388	-0.0899263192114177	-1.67359315989175	-0.138513226013018	1.8372806209255	3.51087378081725	0	NA	NA	NA	NA	NA	NA	1	1.27502965731274	1.62570062702705	1	0.231278501232893	0.0534897451325332	1	2.8478160623075	8.11005632473657	1	-0.0899263192114177	0.0080867428869138	1.00195250618875	4255.09652235344	0	1.00242023987909	13355.4048468769	0	NA	NA	NA	NA	NA	NA	NA	NA
616	3	3	exact_null_point_mass	exact_null_point_mass	point_mass	0	none	no_benefit	0	0	NA	0	0	1000	360	600	1000	1000	360	752	0.64	0.248	5.78408143842636	24	24	0	2	1	10	4	1	5000	2500	1	0.99	14	10000	101615	0.4105	0.069	-0.643447175315789	-6.1308201023016	-0.63738504732806	4.85015616486126	10.9809762671629	-0.795335746776018	-1.85810145773596	-0.793100425031089	0.297039889090906	2.15514134682686	0.435120187194214	-0.908721280240941	-12.4631477707558	-0.854039048801059	10.6413906046247	23.1045383753805	0.0598	0.1004	-1.16268649999017	-3.0321553242024	-1.17015338449609	0.642986799929366	3.67514212413177	0	NA	NA	NA	NA	NA	NA	1	-0.643447175315789	0.414024267421867	1	-0.795335746776018	0.632558950099766	1	-0.908721280240941	0.825774365162736	1	-1.16268649999017	1.35183989725939	1.00280122327065	4374.61622366946	0	1.00165738673398	11355.6691466517	0	NA	NA	NA	NA	NA	NA	NA	NA
743	3	3	exact_null_point_mass	exact_null_point_mass	point_mass	0	none	no_benefit	0	0	NA	0	0	1000	360	600	1000	1000	360	750	0.64	0.25	6.35743352244416	24	24	0	2	1	10	4	1	5000	2500	1	0.99	14	10000	101742	0.4484	0.7266	-0.315080987527228	-5.52873106344705	-0.346562805455589	4.88560001751386	10.4143310809609	0.323099244304936	-0.771916056753294	0.325586476098656	1.38234672354936	2.15426278030265	0.445090986034702	-0.71027629856175	-11.5794419589993	-0.662303168437951	10.4268802995558	22.0063222585551	0.0548	0.5462	0.117046579273048	-2.1319408187168	0.140555459210856	2.28472614223751	4.41666696095431	0	NA	NA	NA	NA	NA	NA	1	-0.315080987527228	0.099276028701133	1	0.323099244304936	0.104393121670421	1	-0.71027629856175	0.50449242029858	1	0.117046579273048	0.0136999017195218	1.0014252989937	4165.71030949066	0	1.00165434415761	14724.6035632957	0	NA	NA	NA	NA	NA	NA	NA	NA
627	3	3	exact_null_point_mass	exact_null_point_mass	point_mass	0	none	no_benefit	0	0	NA	0	0	1000	360	600	1000	1000	360	771	0.64	0.229	5.94124529121537	24	24	0	2	1	10	4	1	5000	2500	1	0.99	14	10000	101626	0.5384	0.9369	0.261328547056078	-5.33222045313059	0.270746923875667	5.8014574812731	11.1336779344037	0.824572026013849	-0.224709440325403	0.824632638001648	1.86562783917122	2.09033727949662	0.524307036247335	0.429038270533609	-11.419291956074	0.315572891738707	12.4202080689667	23.8395000250407	0.062	0.9346	1.54803305732286	-0.473731720643663	1.5419089382217	3.6049621323999	4.07869385304356	0	NA	NA	NA	NA	NA	NA	1	0.261328547056078	0.0682926095064405	1	0.824572026013849	0.679919026084584	1	0.429038270533609	0.18407383758247	1	1.54803305732286	2.39640634656438	1.00213184648463	4282.70637500245	0	1.00180697783797	15068.5997233431	0	NA	NA	NA	NA	NA	NA	NA	NA
486	3	3	exact_null_point_mass	exact_null_point_mass	point_mass	0	none	no_benefit	0	0	NA	0	0	1000	360	600	1000	1000	360	749	0.64	0.251	6.62227469856249	24	24	0	2	1	10	4	1	5000	2500	1	0.99	14	10000	101485	0.4279	0.1199	-0.491333125455303	-5.67088198889654	-0.521085221026333	4.79709755059116	10.4679795394877	-0.636049193686903	-1.71302550292897	-0.634267366236912	0.431067302627556	2.14409280555652	0.452840357874313	-0.655415150204851	-11.8285818666555	-0.591824479311542	10.6902780206128	22.5188598872683	0.0723	0.275	-0.589408191989178	-2.58248328364174	-0.6199848290116	1.43786618024279	4.02034946388453	0	NA	NA	NA	NA	NA	NA	1	-0.491333125455303	0.241408240169677	1	-0.636049193686903	0.40455857678976	1	-0.655415150204851	0.429569019118047	1	-0.589408191989178	0.347402016783952	1.00145124209324	4170.91819086705	0	1.00189017306593	14904.3840849957	0	NA	NA	NA	NA	NA	NA	NA	NA
601	3	3	exact_null_point_mass	exact_null_point_mass	point_mass	0	none	no_benefit	0	0	NA	0	0	1000	360	600	1000	1000	360	747	0.64	0.253	6.23697395192619	24	24	0	2	1	10	4	1	5000	2500	1	0.99	14	10000	101600	0.5007	0.2371	0.00840995883300745	-5.22079987972069	0.00327616598561065	5.21930143010989	10.4401013098306	-0.396718410710616	-1.48228201557436	-0.402500675216394	0.664261134367695	2.14654314994205	0.495423461336139	-0.102570150371227	-11.1678508593353	-0.0558722600433423	10.970194527348	22.1380453866834	0.0495	0.3009	-0.593101241480946	-2.82237719217171	-0.577985081529987	1.48751099392881	4.30988818610053	0	NA	NA	NA	NA	NA	NA	1	0.00840995883300745	7.072740757288e-05	1	-0.396718410710616	0.157385497396757	1	-0.102570150371227	0.0105206357471762	1	-0.593101241480946	0.351769082646239	1.00132960052979	4291.58366987919	0	1.00127976455285	13024.6163428359	0	NA	NA	NA	NA	NA	NA	NA	NA
708	3	3	exact_null_point_mass	exact_null_point_mass	point_mass	0	none	no_benefit	0	0	NA	0	0	1000	360	600	1000	1000	360	758	0.64	0.242	5.75033155196126	24	24	0	2	1	10	4	1	5000	2500	1	0.99	14	10000	101707	0.532	0.5641	0.229056709289594	-5.40604607571074	0.22002416634876	5.72751614261067	11.1335622183214	0.0857710713050431	-0.984377427526008	0.085359344982991	1.15469129069857	2.13906871822458	0.52	0.282379662237758	-11.5355500502681	0.262451903797506	11.9234312310783	23.4589812813464	0.05	0.4986	0.0373218252154121	-1.87430025488228	-0.00356095050709015	2.12726231481921	4.00156256970149	0	NA	NA	NA	NA	NA	NA	1	0.229056709289594	0.0524669760705778	1	0.0857710713050431	0.00735667667281478	1	0.282379662237758	0.0797382736455102	1	0.0373218252154121	0.00139291863740977	1.00156217226179	3784.02132244288	0	1.0015458361813	10693.1331123727	0	NA	NA	NA	NA	NA	NA	NA	NA
707	3	3	exact_null_point_mass	exact_null_point_mass	point_mass	0	none	no_benefit	0	0	NA	0	0	1000	360	600	1000	1000	360	771	0.64	0.229	5.21879759507475	24	24	0	2	1	10	4	1	5000	2500	1	0.99	14	10000	101706	0.3759	0.068	-0.943032907577541	-6.4770900623549	-0.982438643697368	4.53031362485636	11.0074036872113	-0.820381310241031	-1.90874857647023	-0.818169527220883	0.264559138598522	2.17330771506875	0.419317706153202	-1.21852860476057	-12.8602387524066	-1.04126830884455	10.2712750355246	23.1315137879312	0.0444	0.0597	-1.36130386842274	-3.17555974972931	-1.34931765316263	0.387485700570898	3.56304545030021	0	NA	NA	NA	NA	NA	NA	1	-0.943032907577541	0.889311064774151	1	-0.820381310241031	0.673025494192791	1	-1.21852860476057	1.48481196061974	1	-1.36130386842274	1.85314822218273	1.00154755759099	4412.81653340578	0	1.00188650443546	12168.3690160429	0	NA	NA	NA	NA	NA	NA	NA	NA
564	3	3	exact_null_point_mass	exact_null_point_mass	point_mass	0	none	no_benefit	0	0	NA	0	0	1000	360	600	1000	1000	360	732	0.64	0.268	6.4991892041101	24	24	0	2	1	10	4	1	5000	2500	1	0.99	14	10000	101563	0.4472	0.2832	-0.32869790261925	-5.34465191530914	-0.373251124551614	4.91498655024047	10.2596384655496	-0.30306427024081	-1.3620136165348	-0.302468779317062	0.771404615958901	2.1334182324937	0.475630611372381	-0.35975260979296	-11.5048891262309	-0.329994261632315	10.8252313543532	22.3301204805841	0.0644	0.2099	-0.727236369716244	-2.50213457702536	-0.78145937976377	1.28704371377841	3.78917829080376	0	NA	NA	NA	NA	NA	NA	1	-0.32869790261925	0.108042311186294	1	-0.30306427024081	0.0918479518965949	1	-0.35975260979296	0.129421940252845	1	-0.727236369716244	0.528872737438061	1.00141063777249	4743.06293887041	0	1.00247952354289	12667.8793395162	0	NA	NA	NA	NA	NA	NA	NA	NA
685	3	3	exact_null_point_mass	exact_null_point_mass	point_mass	0	none	no_benefit	0	0	NA	0	0	1000	360	600	1000	1000	360	734	0.64	0.266	5.88617308921721	24	24	0	2	1	10	4	1	5000	2500	1	0.99	14	10000	101684	0.6478	0.876	1.1054080857221	-4.55883048173194	1.15105238718543	6.66891234230526	11.2277428240372	0.646816452105632	-0.443534776391231	0.645818042781507	1.72734430841245	2.17087908480368	0.594118909637261	1.41497988133415	-10.6577271238967	1.32496597220734	13.0899779292871	23.7477050531838	0.0682	0.9242	1.47166456969852	-0.556144175241363	1.47554544557733	3.45943783800829	4.01558201324965	0	NA	NA	NA	NA	NA	NA	1	1.1054080857221	1.2219270359798	1	0.646816452105632	0.418371522714517	1	1.41497988133415	2.00216806458039	1	1.47166456969852	2.16579660570594	1.00170999241066	4144.63558539363	0	1.00142441676424	11636.7534658466	0	NA	NA	NA	NA	NA	NA	NA	NA
572	3	3	exact_null_point_mass	exact_null_point_mass	point_mass	0	none	no_benefit	0	0	NA	0	0	1000	360	600	1000	1000	360	746	0.64	0.254	6.44798911873986	24	24	0	2	1	10	4	1	5000	2500	1	0.99	14	10000	101571	0.3378	0.0989	-1.07704779174577	-6.17070126347797	-1.06859534991808	4.1300746758384	10.3007759393164	-0.70672678843016	-1.75571454693063	-0.713013340991378	0.361938058556141	2.11765260548677	0.384937238493724	-1.59270791113295	-12.5000912162462	-1.47075796663307	9.3185645209052	21.8186557371514	0.0679	0.1713	-0.997297525548685	-2.95293605540629	-1.02723597429708	1.16554783466361	4.1184838900699	0	NA	NA	NA	NA	NA	NA	1	-1.07704779174577	1.16003194570444	1	-0.70672678843016	0.499462753484808	1	-1.59270791113295	2.53671849018547	1	-0.997297525548685	0.99460235446553	1.00196230737026	4194.80855391539	0	1.00161322640637	9376.44451404832	0	NA	NA	NA	NA	NA	NA	NA	NA
628	3	3	exact_null_point_mass	exact_null_point_mass	point_mass	0	none	no_benefit	0	0	NA	0	0	1000	360	600	1000	1000	360	757	0.64	0.243	6.12445122919531	24	24	0	2	1	10	4	1	5000	2500	1	0.99	14	10000	101627	0.6424	0.9289	0.991899235955718	-4.15737939823463	1.01060927624191	6.08692999329301	10.2443093915276	0.80350564041958	-0.260764057028198	0.806477577529068	1.84883302383378	2.10959708086198	0.639645345155161	1.81481337705058	-8.75410183749042	1.6680012673827	12.5675982946857	21.3217001321761	0.0526	0.7985	0.800737772810419	-1.23570212180655	0.820367128184551	2.69944927075838	3.93515139256493	0	NA	NA	NA	NA	NA	NA	1	0.991899235955718	0.983864094289537	1	0.80350564041958	0.64562131418608	1	1.81481337705058	3.29354759352172	1	0.800737772810419	0.64118098080539	1.00147618854122	4278.74220294501	0	1.00262058378031	15486.1264471859	0	NA	NA	NA	NA	NA	NA	NA	NA
677	3	3	exact_null_point_mass	exact_null_point_mass	point_mass	0	none	no_benefit	0	0	NA	0	0	1000	360	600	1000	1000	360	768	0.64	0.232	5.90457392652787	24	24	0	2	1	10	4	1	5000	2500	1	0.99	14	10000	101676	0.4538	0.3595	-0.328785571328996	-6.00203473048274	-0.350216568018517	5.40935107509449	11.4113858055772	-0.195074550073049	-1.26200491810992	-0.191917617112069	0.86610678504979	2.12811170315971	0.462874187706402	-0.569948815348816	-12.326110536687	-0.479223453032652	11.1022273675966	23.4283379042836	0.0613	0.4107	-0.217276584699765	-1.98856391889866	-0.19508065223303	1.44522711749742	3.43379103639607	0	NA	NA	NA	NA	NA	NA	1	-0.328785571328996	0.108099951914135	1	-0.195074550073049	0.0380540800862026	1	-0.569948815348816	0.324841652117519	1	-0.217276584699765	0.0472091142587944	1.00136294959098	4651.65014495829	0	1.001272260917	10793.2731950194	0	NA	NA	NA	NA	NA	NA	NA	NA
524	3	3	exact_null_point_mass	exact_null_point_mass	point_mass	0	none	no_benefit	0	0	NA	0	0	1000	360	600	1000	1000	360	755	0.64	0.245	5.83222310496876	24	24	0	2	1	10	4	1	5000	2500	1	0.99	14	10000	101523	0.5355	0.8415	0.273909693524931	-5.32675042457953	0.262857930626839	5.90159441026783	11.2283448348474	0.557115302446577	-0.515768528868706	0.562362211435068	1.62213057726094	2.13789910612965	0.53176295033042	0.445789575948213	-11.6366803168743	0.443911632273114	12.4087478103753	24.0454281272496	0.0618	0.6982	0.785167095984126	-1.54776595140446	0.699316566570461	3.43699012173313	4.98475607313759	0	NA	NA	NA	NA	NA	NA	1	0.273909693524931	0.0750265202069219	1	0.557115302446577	0.310377460220142	1	0.445789575948213	0.198728346024087	1	0.785167095984126	0.616487368616146	1.00240242105178	4263.29808415453	0	1.00141685162283	13601.6022735569	0	NA	NA	NA	NA	NA	NA	NA	NA
682	3	3	exact_null_point_mass	exact_null_point_mass	point_mass	0	none	no_benefit	0	0	NA	0	0	1000	360	600	1000	1000	360	751	0.64	0.249	6.6373859694837	24	24	0	2	1	10	4	1	5000	2500	1	0.99	14	10000	101681	0.4709	0.284	-0.222883609024767	-5.54400835863317	-0.211760270499661	5.10637590624224	10.6503842648754	-0.311022543686645	-1.37255239352476	-0.310270910363756	0.770244388564946	2.14279678208971	0.477913381574684	-0.275519384619883	-11.6162146238296	-0.274584781942853	10.9833613818148	22.5995760056444	0.0741	0.337	-0.514028156638312	-3.06248625125034	-0.441149249869967	1.55857487090424	4.62106112215457	0	NA	NA	NA	NA	NA	NA	1	-0.222883609024767	0.0496771031719051	1	-0.311022543686645	0.0967350226813108	1	-0.275519384619883	0.0759109313013188	1	-0.514028156638312	0.264224945816981	1.0015039607649	4170.50023921644	0	1.00118766424383	12084.0096130303	0	NA	NA	NA	NA	NA	NA	NA	NA
626	3	3	exact_null_point_mass	exact_null_point_mass	point_mass	0	none	no_benefit	0	0	NA	0	0	1000	360	600	1000	1000	360	760	0.64	0.24	6.06339408149006	24	24	0	2	1	10	4	1	5000	2500	1	0.99	14	10000	101625	0.4218	0.3155	-0.530139182217387	-5.75747507570785	-0.535576518277601	4.81240707285462	10.5698821485625	-0.259383062647932	-1.31030465476014	-0.260602069559082	0.798189485925557	2.10849414068569	0.405702691157625	-1.19629816754075	-12.4011034501487	-1.08442257589375	10.3250899010356	22.7261933511843	0.0636	0.5837	0.172213005910905	-1.78333589128182	0.202663784890606	2.01513465751168	3.7984705487935	0	NA	NA	NA	NA	NA	NA	1	-0.530139182217387	0.28104755252212	1	-0.259383062647932	0.0672795731886212	1	-1.19629816754075	1.43112930566136	1	0.172213005910905	0.0296573194048693	1.0017217740479	4485.78531522301	0	1.0018745458232	11884.8929893842	0	NA	NA	NA	NA	NA	NA	NA	NA
528	3	3	exact_null_point_mass	exact_null_point_mass	point_mass	0	none	no_benefit	0	0	NA	0	0	1000	360	600	1000	1000	360	760	0.64	0.24	6.31833152449559	24	24	0	2	1	10	4	1	5000	2500	1	0.99	14	10000	101527	0.5083	0.4906	0.0681194573575554	-5.21980330755085	0.0526065596160574	5.38925679341001	10.6090601009609	-0.0159700463086497	-1.06641223775403	-0.0128074916606353	1.03226128513317	2.0986735228872	0.512377294067435	0.163047399806759	-11.0061744256906	0.156845153230376	11.5575555304221	22.5637299561127	0.0628	0.4512	-0.185244622095234	-2.41409659172759	-0.134802066196437	1.92852371437624	4.34262030610384	0	NA	NA	NA	NA	NA	NA	1	0.0681194573575554	0.00464026047068781	1	-0.0159700463086497	0.000255042379100415	1	0.163047399806759	0.0265844545837451	1	-0.185244622095234	0.0343155700152062	1.00137351769766	4274.98880122131	0	1.00250750578938	10679.9462968586	0	NA	NA	NA	NA	NA	NA	NA	NA
744	3	3	exact_null_point_mass	exact_null_point_mass	point_mass	0	none	no_benefit	0	0	NA	0	0	1000	360	600	1000	1000	360	782	0.64	0.218	5.59464911799962	24	24	0	2	1	10	4	1	5000	2500	1	0.99	14	10000	101743	0.6309	0.993	0.945160844452786	-4.57661532070489	0.952990408375136	6.34128337467735	10.9178986953822	1.34178408176047	0.293055117919535	1.34096912734735	2.41929912885357	2.12624401093403	0.604887337353221	1.50812645969926	-9.80250831714151	1.34621053376054	12.9255425488717	22.7280508660132	0.0547	0.9879	2.18848407375995	0.331506627246454	2.1279684376156	4.35675489364138	4.02524826639493	0	NA	NA	NA	NA	NA	NA	1	0.945160844452786	0.893329021886703	0	1.34178408176047	1.80038452206578	1	1.50812645969926	2.27444541844502	0	2.18848407375995	4.78946254110093	1.00201146117278	4282.97957637549	0	1.00216472655144	14359.6699775642	0	NA	NA	NA	NA	NA	NA	NA	NA
570	3	3	exact_null_point_mass	exact_null_point_mass	point_mass	0	none	no_benefit	0	0	NA	0	0	1000	360	600	1000	1000	360	772	0.64	0.228	6.02287888707394	24	24	0	2	1	10	4	1	5000	2500	1	0.99	14	10000	101569	0.5968	0.3535	0.614163852187109	-4.70086675924047	0.67757717351072	5.67082164392104	10.3716884031615	-0.20717503227191	-1.25050872029252	-0.205679729259957	0.84496467622625	2.09547339651877	0.622758911622021	1.48866890627614	-10.1142918370925	1.48507518821745	12.3108576233106	22.4251494604032	0.0518	0.6269	0.280550548342796	-1.48155593144177	0.271947321767481	2.03094624285515	3.51250217429691	0	NA	NA	NA	NA	NA	NA	1	0.614163852187109	0.377197237333309	1	-0.20717503227191	0.042921493996867	1	1.48866890627614	2.2161351125134	1	0.280550548342796	0.0787086101754433	1.0015323354551	4147.87205657041	0	1.00146750141883	12609.5544075403	0	NA	NA	NA	NA	NA	NA	NA	NA
618	3	3	exact_null_point_mass	exact_null_point_mass	point_mass	0	none	no_benefit	0	0	NA	0	0	1000	360	600	1000	1000	360	756	0.64	0.244	6.45296908210725	24	24	0	2	1	10	4	1	5000	2500	1	0.99	14	10000	101617	0.4629	0.2801	-0.254114091954981	-5.56173199981234	-0.237295954587407	5.07267011073682	10.6344021105492	-0.314813413842068	-1.38078418262539	-0.317461340156222	0.7460823263284	2.12686650895379	0.489712816116588	-0.118798431780876	-11.376746811608	-0.129983183382069	11.0510769330664	22.4278237446744	0.0668	0.2604	-0.532276682864023	-2.17992484280201	-0.546023224042488	1.18790495545044	3.36782979825244	0	NA	NA	NA	NA	NA	NA	1	-0.254114091954981	0.0645739717301045	1	-0.314813413842068	0.0991074855348972	1	-0.118798431780876	0.0141130673935954	1	-0.532276682864023	0.283318467120728	1.00145018610377	3955.34000341494	0	1.00177543125858	10476.1246617741	0	NA	NA	NA	NA	NA	NA	NA	NA
569	3	3	exact_null_point_mass	exact_null_point_mass	point_mass	0	none	no_benefit	0	0	NA	0	0	1000	360	600	1000	1000	360	759	0.64	0.241	5.95433294499018	24	24	0	2	1	10	4	1	5000	2500	1	0.99	14	10000	101568	0.514	0.6815	0.114967208223838	-5.5348663594486	0.115730807175921	5.78784242514105	11.3227087845896	0.257456591721642	-0.791592094018778	0.261269853708213	1.32788892725019	2.11948102126896	0.50267551369863	0.0598051311302773	-12.0133919497017	0.0386260637230214	12.2085409969731	24.2219329466748	0.0656	0.6631	0.344601604338742	-1.70372614786032	0.422438929751381	2.12545408372	3.82918023158032	0	NA	NA	NA	NA	NA	NA	1	0.114967208223838	0.0132174589667833	1	0.257456591721642	0.0662838966209243	1	0.0598051311302773	0.00357665370950966	1	0.344601604338742	0.118750265712835	1.00175817615311	4317.48376266373	0	1.00139596325936	11971.5812536434	0	NA	NA	NA	NA	NA	NA	NA	NA
696	3	3	exact_null_point_mass	exact_null_point_mass	point_mass	0	none	no_benefit	0	0	NA	0	0	1000	360	600	1000	1000	360	754	0.64	0.246	6.07625677477896	24	24	0	2	1	10	4	1	5000	2500	1	0.99	14	10000	101695	0.5883	0.4345	0.5825795510348	-4.54893533586839	0.603812254932156	5.59189404511812	10.1408293809865	-0.0834934927801139	-1.14638827372149	-0.0818269258454185	0.977145471348645	2.12353374507013	0.580433632998414	1.00854152176572	-10.3754351610899	0.934558905535268	12.1385984257492	22.5140335868391	0.0545	0.4937	-0.0360905898528416	-2.03366788309885	-0.0162734896761982	1.83000626943526	3.86367415253411	0	NA	NA	NA	NA	NA	NA	1	0.5825795510348	0.339398933283909	1	-0.0834934927801139	0.00697116333662293	1	1.00854152176572	1.01715600112552	1	-0.0360905898528416	0.00130253067592604	1.00114485125245	4535.9673085154	0	1.00088581144459	10037.675796219	0	NA	NA	NA	NA	NA	NA	NA	NA
485	3	3	exact_null_point_mass	exact_null_point_mass	point_mass	0	none	no_benefit	0	0	NA	0	0	1000	360	600	1000	1000	360	750	0.64	0.25	6.17408930639802	24	24	0	2	1	10	4	1	5000	2500	1	0.99	14	10000	101484	0.5427	0.5786	0.322302151562629	-4.69522877624206	0.304851680140036	5.38509456582019	10.0803233420622	0.110436192982863	-0.935081251445512	0.105014826920495	1.17574610327167	2.11082735471718	0.51431277625763	0.261881014653368	-10.8321661177094	0.171772174968042	11.3861135851054	22.2182797028148	0.0498	0.3837	-0.273530700889617	-2.29384633824692	-0.308239046196513	1.91302929477699	4.20687563302391	0	NA	NA	NA	NA	NA	NA	1	0.322302151562629	0.1038786769019	1	0.110436192982863	0.0121961527205483	1	0.261881014653368	0.0685816658358773	1	-0.273530700889617	0.074819044329165	1.00106264733386	4563.13994506175	0	1.00195862921086	7094.82627565323	0	NA	NA	NA	NA	NA	NA	NA	NA
571	3	3	exact_null_point_mass	exact_null_point_mass	point_mass	0	none	no_benefit	0	0	NA	0	0	1000	360	600	1000	1000	360	754	0.64	0.246	6.37004243466427	24	24	0	2	1	10	4	1	5000	2500	1	0.99	14	10000	101570	0.4559	0.3169	-0.260765354896407	-5.49456051379898	-0.298647709137148	4.94115407848008	10.4357145922791	-0.258876316956631	-1.31172097789858	-0.260346401925886	0.786327722754667	2.09804870065324	0.466709415410922	-0.417228828447822	-11.7214198928084	-0.395767076022807	10.723721152493	22.4451410453015	0.0643	0.5893	0.164157858640226	-1.4520084519798	0.192225297639612	1.67520567729713	3.12721412927692	0	NA	NA	NA	NA	NA	NA	1	-0.260765354896407	0.0679985703142492	1	-0.258876316956631	0.0670169474810302	1	-0.417228828447822	0.174079895287942	1	0.164157858640226	0.0269478025533446	1.00094434020582	5011.74782401361	0	1.00148847009491	12522.5540254546	0	NA	NA	NA	NA	NA	NA	NA	NA
690	3	3	exact_null_point_mass	exact_null_point_mass	point_mass	0	none	no_benefit	0	0	NA	0	0	1000	360	600	1000	1000	360	749	0.64	0.251	6.02912211492541	24	24	0	2	1	10	4	1	5000	2500	1	0.99	14	10000	101689	0.4109	0.5737	-0.584282801525393	-5.82015994620046	-0.608584836282612	4.75149803424125	10.5716579804417	0.101313745174369	-0.956368078145442	0.0997501638270402	1.16887712432113	2.12524520246657	0.403984739296312	-1.20130081501423	-12.4523255604534	-1.16814574617053	10.4009052098151	22.8532307702686	0.0564	0.6301	0.370591827311996	-1.70668792849377	0.353380613857081	2.39517757968567	4.10186550817944	0	NA	NA	NA	NA	NA	NA	1	-0.584282801525393	0.341386392158362	1	0.101313745174369	0.0102644749612569	1	-1.20130081501423	1.44312364815384	1	0.370591827311996	0.137338302470444	1.0015210717599	4590.29609658732	0	1.00136326390165	9715.69473870344	0	NA	NA	NA	NA	NA	NA	NA	NA
711	3	3	exact_null_point_mass	exact_null_point_mass	point_mass	0	none	no_benefit	0	0	NA	0	0	1000	360	600	1000	1000	360	743	0.64	0.257	6.60843162018973	24	24	0	2	1	10	4	1	5000	2500	1	0.99	14	10000	101710	0.5056	0.2273	0.0530870402719672	-5.19652600831286	0.0422042618036214	5.25605805222333	10.4525840605362	-0.405018997668514	-1.44459477075829	-0.409436247248468	0.649812266011436	2.09440703676973	0.507886776145203	0.0631629789491561	-11.4547935289738	0.117485583664203	11.2315717902552	22.686365319229	0.0744	0.1822	-1.12927418907642	-3.4863120691128	-1.1503496623793	1.27481151996954	4.76112358908235	0	NA	NA	NA	NA	NA	NA	1	0.0530870402719672	0.00281823384483747	1	-0.405018997668514	0.164040388472408	1	0.0631629789491561	0.00398956190973153	1	-1.12927418907642	1.27526019411421	1.00147563958659	4463.05155027246	0	1.00240327558419	12811.5435732654	0	NA	NA	NA	NA	NA	NA	NA	NA
792	3	3	exact_null_point_mass	exact_null_point_mass	point_mass	0	none	no_benefit	0	0	NA	0	0	1000	360	600	1000	1000	360	752	0.64	0.248	6.28346031855985	24	24	0	2	1	10	4	1	5000	2500	1	0.99	14	10000	101791	0.6574	0.9483	1.05813065180855	-4.10952583332208	1.04556846149956	6.1345844221544	10.2441102554765	0.856289621486512	-0.172824066065922	0.847710223095845	1.90898788250867	2.08181194857459	0.615842004671905	1.60294321723778	-9.02237811671944	1.42241275035074	12.2745224407143	21.2969005574337	0.0582	0.8991	1.1357040067686	-0.660809500652458	1.11582802350186	2.97315416048005	3.63396366113251	0	NA	NA	NA	NA	NA	NA	1	1.05813065180855	1.11964047629679	1	0.856289621486512	0.733231915865514	1	1.60294321723778	2.56942695768862	1	1.1357040067686	1.28982359099026	1.00120910459673	4419.03929190141	0	1.00170946365807	14605.2060732452	0	NA	NA	NA	NA	NA	NA	NA	NA
793	3	3	exact_null_point_mass	exact_null_point_mass	point_mass	0	none	no_benefit	0	0	NA	0	0	1000	360	600	1000	1000	360	765	0.64	0.235	5.51757505166794	24	24	0	2	1	10	4	1	5000	2500	1	0.99	14	10000	101792	0.5431	0.662	0.309937268339687	-5.2168144267319	0.325814024573564	5.85201088000212	11.068825306734	0.231013867230702	-0.840709653258972	0.232297448174895	1.2971049340546	2.13781458731357	0.532193791946309	0.456001958294414	-11.0209222739062	0.422524801974208	12.0888541039307	23.1097763778369	0.0464	0.6008	0.205719625885907	-1.6604560759487	0.224668610081627	1.9545837996145	3.61503987556321	0	NA	NA	NA	NA	NA	NA	1	0.309937268339687	0.0960611103058674	1	0.231013867230702	0.0533674068528846	1	0.456001958294414	0.207937785968341	1	0.205719625885907	0.0423205644746375	1.00198182734899	4211.36634073799	0	1.00168372021743	10857.5924880452	0	NA	NA	NA	NA	NA	NA	NA	NA
754	3	3	exact_null_point_mass	exact_null_point_mass	point_mass	0	none	no_benefit	0	0	NA	0	0	1000	360	600	1000	1000	360	750	0.64	0.25	6.8152637043956	24	24	0	2	1	10	4	1	5000	2500	1	0.99	14	10000	101753	0.4744	0.7054	-0.169502727929572	-5.4091637093598	-0.173460057731952	5.06593395801024	10.47509766737	0.293239558238733	-0.763296550962426	0.295314008278734	1.33772194908639	2.10101850004882	0.491634072142547	-0.109597166609156	-11.4835246096276	-0.114104049692666	11.1484351546346	22.6319597642623	0.0796	0.7243	0.691028434025499	-1.41490197070003	0.671995964530464	2.86622762300673	4.28112959370677	0	NA	NA	NA	NA	NA	NA	1	-0.169502727929572	0.0287311747755665	1	0.293239558238733	0.0859894385160474	1	-0.109597166609156	0.0120115389287551	1	0.691028434025499	0.477520296631734	1.00226850306458	4473.92955962749	0	1.00202255103541	12050.8515728755	0	NA	NA	NA	NA	NA	NA	NA	NA
568	3	3	exact_null_point_mass	exact_null_point_mass	point_mass	0	none	no_benefit	0	0	NA	0	0	1000	360	600	1000	1000	360	773	0.64	0.227	5.08458759537827	24	24	0	2	1	10	4	1	5000	2500	1	0.99	14	10000	101567	0.478	0.5178	-0.124827961620235	-5.56159357213764	-0.148871164402465	5.46633816900383	11.0279317411415	0.0257243765335599	-1.04156489364238	0.0245226044467826	1.09667245738842	2.1382373510308	0.474676838313202	-0.342840134245474	-12.0114659467687	-0.327493553371832	11.63878054465	23.6502464914186	0.0562	0.5377	0.145926488948127	-1.92851531498552	0.11600616621234	2.38290614225397	4.31142145723949	0	NA	NA	NA	NA	NA	NA	1	-0.124827961620235	0.0155820200022629	1	0.0257243765335599	0.000661743548040368	1	-0.342840134245474	0.117539357649455	1	0.145926488948127	0.0212945401767279	1.00099183596225	4041.71815996078	0	1.00154331813612	13426.8284374901	0	NA	NA	NA	NA	NA	NA	NA	NA
629	3	3	exact_null_point_mass	exact_null_point_mass	point_mass	0	none	no_benefit	0	0	NA	0	0	1000	360	600	1000	1000	360	748	0.64	0.252	5.48820032348665	24	24	0	2	1	10	4	1	5000	2500	1	0.99	14	10000	101628	0.6095	0.9659	0.788897566819621	-4.69103411835831	0.811990303325434	6.12009678996124	10.8111309083196	0.990648133583187	-0.0881911601025624	0.986392405135049	2.05163269043947	2.13982385054203	0.572162247143905	0.999277731447326	-10.4738039455748	0.890696451084192	12.5463424974062	23.0201464429809	0.0459	0.8516	1.17188423536253	-0.944339187215712	1.14757593242073	3.41385795787863	4.35819714509434	0	NA	NA	NA	NA	NA	NA	1	0.788897566819621	0.622359370933919	1	0.990648133583187	0.981383724571852	1	0.999277731447326	0.998555984566514	1	1.17188423536253	1.37331266109121	1.00136729160954	4632.85150016493	0	1.00164296992184	10991.8093150315	0	NA	NA	NA	NA	NA	NA	NA	NA
619	3	3	exact_null_point_mass	exact_null_point_mass	point_mass	0	none	no_benefit	0	0	NA	0	0	1000	360	600	1000	1000	360	748	0.64	0.252	6.34267330639178	24	24	0	2	1	10	4	1	5000	2500	1	0.99	14	10000	101618	0.4821	0.307	-0.172646086304558	-5.44285270898639	-0.119957937498214	5.02146515880751	10.4643178677939	-0.277761292064103	-1.3306327899727	-0.28111116453149	0.78132466199463	2.11195745196733	0.497139830508475	-0.0771080039782301	-11.1881635725966	-0.0273892550817614	11.233027723254	22.4211912958506	0.056	0.2117	-0.74526105222053	-2.50146672453259	-0.809575797293134	1.34102346476329	3.84249018929588	0	NA	NA	NA	NA	NA	NA	1	-0.172646086304558	0.0298066711162808	1	-0.277761292064103	0.0771513353691197	1	-0.0771080039782301	0.00594564427750674	1	-0.74526105222053	0.555414035956851	1.00175763486212	4466.57912569187	0	1.00156195343017	15550.5940155214	0	NA	NA	NA	NA	NA	NA	NA	NA
712	3	3	exact_null_point_mass	exact_null_point_mass	point_mass	0	none	no_benefit	0	0	NA	0	0	1000	360	600	1000	1000	360	756	0.64	0.244	5.9758707341363	24	24	0	2	1	10	4	1	5000	2500	1	0.99	14	10000	101711	0.6	0.8318	0.686994432115106	-4.99112654227084	0.729208657406454	6.31293825143523	11.3040647937061	0.531226313756228	-0.519075921709979	0.53102249458722	1.60223123854065	2.12130716025063	0.5472326706072	0.665351922194798	-11.2955980357132	0.585165024600876	12.5042713553986	23.7998693911118	0.0695	0.7091	0.520905942654287	-1.42764180656815	0.538134838080482	2.37069552620887	3.79833733277702	0	NA	NA	NA	NA	NA	NA	1	0.686994432115106	0.471961349757157	1	0.531226313756228	0.28220139642703	1	0.665351922194798	0.442693180368313	1	0.520905942654287	0.271343001092552	1.00232560221098	3903.28656379715	0	1.0016399377865	13201.139560023	0	NA	NA	NA	NA	NA	NA	NA	NA
656	3	3	exact_null_point_mass	exact_null_point_mass	point_mass	0	none	no_benefit	0	0	NA	0	0	1000	360	600	1000	1000	360	748	0.64	0.252	6.00130407122583	24	24	0	2	1	10	4	1	5000	2500	1	0.99	14	10000	101655	0.7734	0.722	2.25159473782277	-3.739423104724	2.34947234420799	7.59151647703115	11.3309395817552	0.316029750234839	-0.73644739481246	0.316774827045404	1.37583278663858	2.11228018145104	0.838605282388558	4.24932304012953	-6.69703708587222	3.94743446521443	14.8101396156427	21.5071767015149	0.0421	0.6183	0.289303001510528	-1.54077622825282	0.24732102040075	2.26521057587857	3.80598680413139	0	NA	NA	NA	NA	NA	NA	1	2.25159473782277	5.06967886339117	1	0.316029750234839	0.099874803033495	1	4.24932304012953	18.0567462993757	1	0.289303001510528	0.0836962266830004	1.00152728104308	4316.75733763915	0	1.00134880593525	8307.61205367744	0	NA	NA	NA	NA	NA	NA	NA	NA
566	3	3	exact_null_point_mass	exact_null_point_mass	point_mass	0	none	no_benefit	0	0	NA	0	0	1000	360	600	1000	1000	360	733	0.64	0.267	6.63853163067344	24	24	0	2	1	10	4	1	5000	2500	1	0.99	14	10000	101565	0.3599	0.0026	-0.922535146566858	-6.00736585989081	-0.968862690651806	4.33152570828467	10.3388915681755	-1.44142071982172	-2.48947746522708	-1.44118698212593	-0.364221730058377	2.1252557351687	0.408781961376632	-1.16675225382294	-12.2614345386215	-1.10076568977944	10.1239953540225	22.385429892644	0.0731	0.006	-2.18023295827031	-3.97011089747811	-2.16142755639265	-0.448524401947666	3.52158649553044	0	NA	NA	NA	NA	NA	NA	1	-0.922535146566858	0.851071096651134	0	-1.44142071982172	2.07769369153136	1	-1.16675225382294	1.36131082180091	0	-2.18023295827031	4.7534157523281	1.00160111076767	4709.58375561208	0	1.00191095407498	12218.4045993926	0	NA	NA	NA	NA	NA	NA	NA	NA
620	3	3	exact_null_point_mass	exact_null_point_mass	point_mass	0	none	no_benefit	0	0	NA	0	0	1000	360	600	1000	1000	360	764	0.64	0.236	5.67450001306505	24	24	0	2	1	10	4	1	5000	2500	1	0.99	14	10000	101619	0.4439	0.0878	-0.432592511641543	-5.97101609170347	-0.436552647896211	5.01653077153907	10.9875468632425	-0.735654660234134	-1.81273430832352	-0.729823191659225	0.338781801616115	2.15151610993963	0.464225411566062	-0.473719407443245	-12.0930080989363	-0.448594653911207	11.4273623312696	23.5203704302059	0.0524	0.1236	-1.06875113164443	-3.08792065467086	-1.00152790604242	0.653993298886501	3.74191395355736	0	NA	NA	NA	NA	NA	NA	1	-0.432592511641543	0.187136281128339	1	-0.735654660234134	0.541187779124198	1	-0.473719407443245	0.22441007698838	1	-1.06875113164443	1.14222898139125	1.00164460531968	4027.50657179838	0	1.00244709106671	13783.6259355905	0	NA	NA	NA	NA	NA	NA	NA	NA
621	3	3	exact_null_point_mass	exact_null_point_mass	point_mass	0	none	no_benefit	0	0	NA	0	0	1000	360	600	1000	1000	360	752	0.64	0.248	5.66420614853383	24	24	0	2	1	10	4	1	5000	2500	1	0.99	14	10000	101620	0.3906	0.2163	-0.821382673888153	-6.38150636762672	-0.850297676873066	4.70847210007801	11.0899784677047	-0.426281387001827	-1.49016448216486	-0.426632086676054	0.62210813995176	2.11227262211662	0.412946900782737	-1.27317349985134	-12.8624633070739	-1.15086810853138	10.306669958664	23.1691332657379	0.0546	0.1348	-1.15268172477153	-3.38503369776737	-1.09312628161728	0.727572115683066	4.11260581345044	0	NA	NA	NA	NA	NA	NA	1	-0.821382673888153	0.674669496963652	1	-0.426281387001827	0.181715820904202	1	-1.27317349985134	1.6209707607237	1	-1.15268172477153	1.32867515862227	1.00181552830485	3937.15193031243	0	1.00111865935269	12065.9124252027	0	NA	NA	NA	NA	NA	NA	NA	NA
592	3	3	exact_null_point_mass	exact_null_point_mass	point_mass	0	none	no_benefit	0	0	NA	0	0	1000	360	600	1000	1000	360	742	0.64	0.258	6.40859175444181	24	24	0	2	1	10	4	1	5000	2500	1	0.99	14	10000	101591	0.3977	0.1021	-0.683489857419078	-5.8364827588523	-0.718426454186404	4.55889333977715	10.3953760986295	-0.686267380512023	-1.76276503985363	-0.683885687493796	0.356616787748597	2.11938182760223	0.439348478354051	-0.866074350609977	-11.9604807698957	-0.6876076891976	10.1581456436688	22.1186264135645	0.0668	0.1743	-1.02866456942787	-3.12494589730128	-1.05276738593317	1.09290340477566	4.21784930207694	0	NA	NA	NA	NA	NA	NA	1	-0.683489857419078	0.467158385194751	1	-0.686267380512023	0.470962917554834	1	-0.866074350609977	0.750084780784494	1	-1.02866456942787	1.05815079639623	1.00148781652646	4363.76591151751	0	1.00107605209653	10760.4291821807	0	NA	NA	NA	NA	NA	NA	NA	NA
623	3	3	exact_null_point_mass	exact_null_point_mass	point_mass	0	none	no_benefit	0	0	NA	0	0	1000	360	600	1000	1000	360	741	0.64	0.259	6.5268598262541	24	24	0	2	1	10	4	1	5000	2500	1	0.99	14	10000	101622	0.4935	0.3868	-0.0297370170956488	-5.26261864467148	-0.0503044922571751	5.23068295788771	10.4933016025592	-0.152816582387947	-1.20662558206425	-0.154012559444507	0.891274428540201	2.09790001060445	0.502734584450402	0.00141569273557412	-11.3403656108615	0.0312273369112361	11.1044671870418	22.4448327979033	0.0675	0.6175	0.318831011653983	-1.74007680672972	0.313793097913095	2.34262374472356	4.08270055145328	0	NA	NA	NA	NA	NA	NA	1	-0.0297370170956488	0.00088429018574691	1	-0.152816582387947	0.0233529078527321	1	0.00141569273557412	2.00418592155734e-06	1	0.318831011653983	0.101653213992302	1.00169341679891	4817.71407285621	0	1.0021250580031	12698.3615386905	0	NA	NA	NA	NA	NA	NA	NA	NA
630	3	3	exact_null_point_mass	exact_null_point_mass	point_mass	0	none	no_benefit	0	0	NA	0	0	1000	360	600	1000	1000	360	759	0.64	0.241	5.57485902193964	24	24	0	2	1	10	4	1	5000	2500	1	0.99	14	10000	101629	0.4335	0.186	-0.461753573974317	-5.96502138539956	-0.481401617979466	5.05903268093349	11.0240540663331	-0.498307990967783	-1.56454380666709	-0.494452845170634	0.584304929553872	2.14884873622096	0.450717502880486	-0.650952662095508	-12.0992360109717	-0.614550857743639	11.1150169107632	23.2142529217349	0.0453	0.1386	-1.14229250511258	-3.1198043211296	-1.17227739891533	0.925801492506908	4.04560581363651	0	NA	NA	NA	NA	NA	NA	1	-0.461753573974317	0.213216363078055	1	-0.498307990967783	0.248310853862348	1	-0.650952662095508	0.423739368289229	1	-1.14229250511258	1.30483216723637	1.00139158855431	4405.97962471731	0	1.0013233934294	11385.0895353809	0	NA	NA	NA	NA	NA	NA	NA	NA
753	3	3	exact_null_point_mass	exact_null_point_mass	point_mass	0	none	no_benefit	0	0	NA	0	0	1000	360	600	1000	1000	360	747	0.64	0.253	6.1883153531179	24	24	0	2	1	10	4	1	5000	2500	1	0.99	14	10000	101752	0.3858	0.0037	-0.791501278516132	-5.9928849354352	-0.825252788393191	4.42547789963405	10.4183628350692	-1.44906111976867	-2.52227682301663	-1.44935814447794	-0.369934779115855	2.15234204390078	0.419688566552901	-1.18175626811331	-12.1728836168047	-1.04413103220266	10.1002783438119	22.2731619606166	0.0624	0.0285	-1.89587105903914	-4.0557353548742	-1.84387282103572	0.0458987972944147	4.10163415216862	0	NA	NA	NA	NA	NA	NA	1	-0.791501278516132	0.626474273892671	0	-1.44906111976867	2.09977812882522	1	-1.18175626811331	1.39654787722509	1	-1.89587105903914	3.5943270725022	1.00162490561962	4552.30841047014	0	1.0015339431555	12161.7878927472	0	NA	NA	NA	NA	NA	NA	NA	NA
710	3	3	exact_null_point_mass	exact_null_point_mass	point_mass	0	none	no_benefit	0	0	NA	0	0	1000	360	600	1000	1000	360	751	0.64	0.249	5.79994472703131	24	24	0	2	1	10	4	1	5000	2500	1	0.99	14	10000	101709	0.5063	0.7391	0.0653758288226359	-5.38817949037814	0.0477558719530204	5.57967038348439	10.9678498738625	0.347686794575394	-0.693450331086196	0.3446214448168	1.41937601678124	2.11282634786744	0.496916205869843	-0.0420238493370061	-11.800198416337	-0.0391380173923594	11.8638724589549	23.6640708752919	0.0596	0.4432	-0.0680859495787026	-1.74735370204156	-0.119261592588176	1.82205196566775	3.56940566770931	0	NA	NA	NA	NA	NA	NA	1	0.0653758288226359	0.00427399899424659	1	0.347686794575394	0.120886107122112	1	-0.0420238493370061	0.00176600391309939	1	-0.0680859495787026	0.00463569653003364	1.00168053584884	3741.86529225757	0	1.00150296579196	10862.7637548683	0	NA	NA	NA	NA	NA	NA	NA	NA
694	3	3	exact_null_point_mass	exact_null_point_mass	point_mass	0	none	no_benefit	0	0	NA	0	0	1000	360	600	1000	1000	360	759	0.64	0.241	5.75374318515865	24	24	0	2	1	10	4	1	5000	2500	1	0.99	14	10000	101693	0.4771	0.4383	-0.136989185025465	-5.5361734982042	-0.161741146892036	5.40598286677442	10.9421563649786	-0.0929270517335391	-1.13990489960213	-0.0859701151216345	0.980341540730226	2.12024644033236	0.481512962175946	-0.285080704408299	-12.0203265163924	-0.190972091826495	11.4547271579148	23.4750536743073	0.0588	0.7031	0.470813220957433	-1.59892827657412	0.516859492454205	2.284579730739	3.88350800731313	0	NA	NA	NA	NA	NA	NA	1	-0.136989185025465	0.0187660368139411	1	-0.0929270517335391	0.00863543694388785	1	-0.285080704408299	0.0812710080259319	1	0.470813220957433	0.221665089028313	1.00215923630033	3930.97705879719	0	1.00282014281165	15328.2357724716	0	NA	NA	NA	NA	NA	NA	NA	NA
622	3	3	exact_null_point_mass	exact_null_point_mass	point_mass	0	none	no_benefit	0	0	NA	0	0	1000	360	600	1000	1000	360	789	0.64	0.211	6.08065889393357	24	24	0	2	1	10	4	1	5000	2500	1	0.99	14	10000	101621	0.4722	0.046	-0.194081747789561	-5.24004641182301	-0.167631888514247	4.80031975129899	10.040366163122	-0.890107702048436	-1.93475081625703	-0.889926078909828	0.151890268858488	2.08664108511552	0.477597911227154	-0.311894735959733	-11.1983009332977	-0.238751945922646	10.5987043391646	21.7970052724624	0.0425	0.0149	-2.08338820483801	-3.91391089865404	-2.10240108333289	-0.190495636039146	3.7234152626149	0	NA	NA	NA	NA	NA	NA	1	-0.194081747789561	0.0376677248250506	1	-0.890107702048436	0.792291721245948	1	-0.311894735959733	0.0972783263193919	0	-2.08338820483801	4.34050641205813	1.00139411880658	4520.68177951296	0	1.00233046901985	12727.1527711804	0	NA	NA	NA	NA	NA	NA	NA	NA
672	3	3	exact_null_point_mass	exact_null_point_mass	point_mass	0	none	no_benefit	0	0	NA	0	0	1000	360	600	1000	1000	360	744	0.64	0.256	6.6968435018297	24	24	0	2	1	10	4	1	5000	2500	1	0.99	14	10000	101671	0.556	0.9091	0.385099792804586	-4.92835195540338	0.41195864507537	5.62587631529298	10.5542282706964	0.695689032541372	-0.344336226125346	0.69027227364321	1.75244630983719	2.09678253596254	0.542232277526395	0.609084223776253	-10.545602084486	0.541020415570427	11.7895064642586	22.3351085487446	0.0718	0.9219	1.54042727034394	-0.718713077925522	1.57916526422699	3.59253534414768	4.3112484220732	0	NA	NA	NA	NA	NA	NA	1	0.385099792804586	0.148301850418135	1	0.695689032541372	0.48398322999835	1	0.609084223776253	0.370983591653121	1	1.54042727034394	2.37291617521928	1.00143745304218	4477.82823983667	0	1.00091238366674	10936.802558061	0	NA	NA	NA	NA	NA	NA	NA	NA
709	3	3	exact_null_point_mass	exact_null_point_mass	point_mass	0	none	no_benefit	0	0	NA	0	0	1000	360	600	1000	1000	360	738	0.64	0.262	6.56004800588042	24	24	0	2	1	10	4	1	5000	2500	1	0.99	14	10000	101708	0.4941	0.6107	-0.0165893746744423	-5.32286715764745	-0.0366948707064338	5.34095134076644	10.6638184984139	0.159092704485257	-0.902656216329541	0.157676987066024	1.22059636284963	2.12325257917917	0.494001945315033	-0.0752336056783854	-11.5655604079526	-0.0882185646325695	11.051629780514	22.6171901884666	0.0747	0.7035	0.510638310973852	-1.52503623751144	0.505716735572607	2.45618326529164	3.98121950280308	0	NA	NA	NA	NA	NA	NA	1	-0.0165893746744423	0.000275207352089026	1	0.159092704485257	0.0253104886204332	1	-0.0752336056783854	0.00566009542337078	1	0.510638310973852	0.260751484634228	1.00141218123339	4399.2966134563	0	1.00125859222427	12383.9016876995	0	NA	NA	NA	NA	NA	NA	NA	NA
644	3	3	exact_null_point_mass	exact_null_point_mass	point_mass	0	none	no_benefit	0	0	NA	0	0	1000	360	600	1000	1000	360	739	0.64	0.261	6.7528141670388	24	24	0	2	1	10	4	1	5000	2500	1	0.99	14	10000	101643	0.4379	0.3207	-0.407959653134898	-5.63224784076423	-0.421613365204347	5.01369724257582	10.6459450833401	-0.250161933718647	-1.28957605554433	-0.258237760182698	0.817223662381773	2.1067997179261	0.475117064140259	-0.412992638473124	-11.6617212089305	-0.30938673350963	11.0031108869432	22.6648320958737	0.0817	0.4339	-0.244484088845522	-2.51068829861898	-0.186588121807903	1.86611501470412	4.3768033133231	0	NA	NA	NA	NA	NA	NA	1	-0.407959653134898	0.166431078585946	1	-0.250161933718647	0.0625809930818526	1	-0.412992638473124	0.170562919432993	1	-0.244484088845522	0.0597724696986251	1.00210838885927	4092.4755523682	0	1.00222301076657	12714.8164970062	0	NA	NA	NA	NA	NA	NA	NA	NA
678	3	3	exact_null_point_mass	exact_null_point_mass	point_mass	0	none	no_benefit	0	0	NA	0	0	1000	360	600	1000	1000	360	741	0.64	0.259	5.6270126244471	24	24	0	2	1	10	4	1	5000	2500	1	0.99	14	10000	101677	0.4449	0.2564	-0.412637329837875	-5.85448841645139	-0.39880207778134	5.19439770227656	11.048886118728	-0.361768465250771	-1.43703539077154	-0.363234713611942	0.716101918894058	2.1531373096656	0.447179378829495	-0.713998618258273	-12.536182386502	-0.665469045495121	10.9006971072078	23.4368794937099	0.0534	0.1867	-0.871339757101617	-2.89866023660133	-0.837471322275941	1.05086719890064	3.94952743550197	0	NA	NA	NA	NA	NA	NA	1	-0.412637329837875	0.170269565975731	1	-0.361768465250771	0.130876422449898	1	-0.713998618258273	0.509794026874724	1	-0.871339757101617	0.759232972305905	1.00190709747837	4262.07605720833	0	1.00209688447186	12662.2926312099	0	NA	NA	NA	NA	NA	NA	NA	NA
590	3	3	exact_null_point_mass	exact_null_point_mass	point_mass	0	none	no_benefit	0	0	NA	0	0	1000	360	600	1000	1000	360	758	0.64	0.242	6.5760343205963	24	24	0	2	1	10	4	1	5000	2500	1	0.99	14	10000	101589	0.5188	0.7436	0.157018794882993	-5.04802633703149	0.131837038217816	5.36270634603724	10.4107326830687	0.352675730685743	-0.683197532218029	0.355150845448468	1.42477022112605	2.10796775334408	0.499892979452055	0.0110081822945543	-11.2609027770606	-0.00272080452643308	11.3334777949951	22.5943805720557	0.0656	0.7519	0.63422299392279	-1.36966365212305	0.643314623455288	2.62007558614041	3.98973923826347	0	NA	NA	NA	NA	NA	NA	1	0.157018794882993	0.0246549019465073	1	0.352675730685743	0.124380171014722	1	0.0110081822945543	0.000121180077430139	1	0.63422299392279	0.402238806020387	1.00149330664748	4580.47651484435	0	1.00139349462705	11609.943053516	0	NA	NA	NA	NA	NA	NA	NA	NA
527	3	3	exact_null_point_mass	exact_null_point_mass	point_mass	0	none	no_benefit	0	0	NA	0	0	1000	360	600	1000	1000	360	764	0.64	0.236	6.3091061123732	24	24	0	2	1	10	4	1	5000	2500	1	0.99	14	10000	101526	0.5035	0.7919	0.0190553954850887	-5.20452007902522	0.0309492276116439	5.15224014190817	10.3567602209334	0.421524643656001	-0.621859799224568	0.421579282952882	1.44987761602417	2.07173741524874	0.473479267522627	-0.335474280294799	-11.4867459962334	-0.302532630349627	10.7100225128005	22.196768509034	0.0498	0.6202	0.321802265186133	-1.61416608748639	0.347109918712642	2.25193484171244	3.86610092919882	0	NA	NA	NA	NA	NA	NA	1	0.0190553954850887	0.000363108097093137	1	0.421524643656001	0.177683025209318	1	-0.335474280294799	0.112542992739313	1	0.321802265186133	0.103556697878926	1.00127231411775	4434.47939345268	0	1.00236970713008	9806.48652971359	0	NA	NA	NA	NA	NA	NA	NA	NA
673	3	3	exact_null_point_mass	exact_null_point_mass	point_mass	0	none	no_benefit	0	0	NA	0	0	1000	360	600	1000	1000	360	740	0.64	0.26	6.42047923218506	24	24	0	2	1	10	4	1	5000	2500	1	0.99	14	10000	101672	0.529	0.4966	0.197968945208747	-5.14292065497293	0.224880718647174	5.44047369818338	10.5833943531563	-0.00852314928006455	-1.0995623367004	-0.00500347987532734	1.07176528106311	2.17132761776351	0.526643079232336	0.364671552670761	-11.0573648656351	0.290563891454973	11.539459590346	22.5968244559811	0.0673	0.4948	-0.0101501065561205	-2.31703167932473	-0.0235317471112397	2.35139064943053	4.66842232875526	0	NA	NA	NA	NA	NA	NA	1	0.197968945208747	0.0391917032670639	1	-0.00852314928006455	7.26440736502649e-05	1	0.364671552670761	0.132985341327303	1	-0.0101501065561205	0.0001030246631006	1.00213963775721	4243.69409500519	0	1.00144378888964	11066.9977669219	0	NA	NA	NA	NA	NA	NA	NA	NA
755	3	3	exact_null_point_mass	exact_null_point_mass	point_mass	0	none	no_benefit	0	0	NA	0	0	1000	360	600	1000	1000	360	732	0.64	0.268	6.12000969159107	24	24	0	2	1	10	4	1	5000	2500	1	0.99	14	10000	101754	0.3928	0.0589	-0.672918872591778	-5.71242484187239	-0.696313470552155	4.38432652274051	10.0967513646129	-0.849379603458519	-1.92181735070626	-0.848588263344898	0.222002767732517	2.14382011843878	0.428631138975967	-0.951684925306108	-11.9419116929884	-0.882801890628189	10.1734977310276	22.115409424016	0.043	0.1393	-1.01836639514174	-2.75729561039407	-1.07780241482332	0.961545930167358	3.71884154056143	0	NA	NA	NA	NA	NA	NA	1	-0.672918872591778	0.45281980909019	1	-0.849379603458519	0.721445710771351	1	-0.951684925306108	0.905704197054893	1	-1.01836639514174	1.03707011475399	1.00155747992047	4405.03794352116	0	1.00213039841579	13974.0152569485	0	NA	NA	NA	NA	NA	NA	NA	NA
562	3	3	exact_null_point_mass	exact_null_point_mass	point_mass	0	none	no_benefit	0	0	NA	0	0	1000	360	600	1000	1000	360	727	0.64	0.273	6.51563862502425	24	24	0	2	1	10	4	1	5000	2500	1	0.99	14	10000	101561	0.5114	0.6733	0.0690806913197578	-5.15991389792402	0.0743053195893664	5.36331540073309	10.5232292986571	0.246223127682824	-0.835942231918684	0.243961845420141	1.31076004916476	2.14670228108344	0.508080155138979	0.113155686601567	-11.281926133009	0.0982015828899421	11.4304018783205	22.7123280113295	0.0718	0.7238	0.806222910130781	-1.80663686860628	0.821841515323166	3.35502002624469	5.16165689485097	0	NA	NA	NA	NA	NA	NA	1	0.0690806913197578	0.00477214191321567	1	0.246223127682824	0.0606258286059124	1	0.113155686601567	0.012804209410272	1	0.806222910130781	0.649995380819745	1.00141012701275	4838.7013398441	0	1.00281877847334	13399.9783437271	0	NA	NA	NA	NA	NA	NA	NA	NA
714	3	3	exact_null_point_mass	exact_null_point_mass	point_mass	0	none	no_benefit	0	0	NA	0	0	1000	360	600	1000	1000	360	754	0.64	0.246	6.45635733191969	24	24	0	2	1	10	4	1	5000	2500	1	0.99	14	10000	101713	0.5368	0.574	0.24466998006472	-5.06427004597331	0.252352384582254	5.57513110106388	10.6394011470372	0.100073257254729	-0.940277018357887	0.100738403459407	1.15510802713233	2.09538504549021	0.526258915063756	0.472796232699089	-10.8845626735776	0.339836318815046	12.017044863788	22.9016075373657	0.0746	0.6696	0.393632447001343	-1.47220850719234	0.422869651745391	2.20732114534912	3.67952965254146	0	NA	NA	NA	NA	NA	NA	1	0.24466998006472	0.0598633991448706	1	0.100073257254729	0.0100146568175711	1	0.472796232699089	0.223536277654451	1	0.393632447001343	0.154946503332265	1.00162473249901	3941.6202123585	0	1.00207002271923	15737.5173482196	0	NA	NA	NA	NA	NA	NA	NA	NA
591	3	3	exact_null_point_mass	exact_null_point_mass	point_mass	0	none	no_benefit	0	0	NA	0	0	1000	360	600	1000	1000	360	744	0.64	0.256	6.43135505422954	24	24	0	2	1	10	4	1	5000	2500	1	0.99	14	10000	101590	0.5504	0.7261	0.357083991677	-4.82146955949325	0.358093471516654	5.60395675327539	10.4254263127686	0.337387832635734	-0.739284019099607	0.338076617126992	1.42344750395362	2.16273152305322	0.537170521785906	0.499023108958599	-10.6477805583689	0.445640993911141	11.7007581385212	22.3485386968902	0.0705	0.8478	0.921014893651386	-0.998954557324245	0.93924611544841	2.67622543664499	3.67517999396923	0	NA	NA	NA	NA	NA	NA	1	0.357083991677	0.12750897711198	1	0.337387832635734	0.113830549610638	1	0.499023108958599	0.249024063274706	1	0.921014893651386	0.848268434327673	1.00147370933165	4285.73729168718	0	1.00173952472316	9965.76906288963	0	NA	NA	NA	NA	NA	NA	NA	NA
671	3	3	exact_null_point_mass	exact_null_point_mass	point_mass	0	none	no_benefit	0	0	NA	0	0	1000	360	600	1000	1000	360	756	0.64	0.244	6.0959277140176	24	24	0	2	1	10	4	1	5000	2500	1	0.99	14	10000	101670	0.282	0.005	-1.5282920823182	-6.39391497817025	-1.59718609576816	3.66091202020817	10.0548269983784	-1.40248077312953	-2.46189487097734	-1.40184194388835	-0.335270620895961	2.12662425008137	0.270449678800857	-3.10102799337164	-13.8435891103328	-2.94608498034551	7.93077288537817	21.7743619957109	0.066	0.0079	-2.415539985922	-4.34558345237643	-2.41706050611912	-0.437042267292475	3.90854118508395	0	NA	NA	NA	NA	NA	NA	1	-1.5282920823182	2.3356766888765	0	-1.40248077312953	1.966952318998	1	-3.10102799337164	9.61637461567451	0	-2.415539985922	5.83483342358808	1.00225395955927	4641.66533292642	0	1.00136703771362	12444.4659431124	0	NA	NA	NA	NA	NA	NA	NA	NA
662	3	3	exact_null_point_mass	exact_null_point_mass	point_mass	0	none	no_benefit	0	0	NA	0	0	1000	360	600	1000	1000	360	731	0.64	0.269	6.60764414119849	24	24	0	2	1	10	4	1	5000	2500	1	0.99	14	10000	101661	0.4997	0.823	0.0162231764393179	-5.21421207505124	-0.00231022039897422	5.29172657107336	10.5059386461246	0.515355317468948	-0.548658777891907	0.520486210667839	1.57938890661849	2.1280476845104	0.486070775518985	-0.107348186425439	-11.2937526045576	-0.155204187338569	11.1321389286472	22.4258915332048	0.0703	0.59	0.298751214947379	-1.61451220934631	0.210180213328998	2.62781575386864	4.24232796321496	0	NA	NA	NA	NA	NA	NA	1	0.0162231764393179	0.000263191453781241	1	0.515355317468948	0.26559110324352	1	-0.107348186425439	0.0115236331288308	1	0.298751214947379	0.0892522884325348	1.0017277207391	4655.32026987897	0	1.00122487611343	11271.8023620851	0	NA	NA	NA	NA	NA	NA	NA	NA
679	3	3	exact_null_point_mass	exact_null_point_mass	point_mass	0	none	no_benefit	0	0	NA	0	0	1000	360	600	1000	1000	360	748	0.64	0.252	5.96289648666918	24	24	0	2	1	10	4	1	5000	2500	1	0.99	14	10000	101678	0.4001	0.2194	-0.713788133032532	-6.31187983896112	-0.760582749124496	5.04480738035303	11.3566872193142	-0.430314502488441	-1.5507888503983	-0.4325298361977	0.691997309620858	2.24278616001915	0.441053197205803	-0.854046629393496	-12.6061705171168	-0.751665432501229	10.9868125866472	23.592983103764	0.0695	0.2615	-0.74812843389551	-2.94596109314355	-0.729572388636435	1.51001877757731	4.45597987072086	0	NA	NA	NA	NA	NA	NA	1	-0.713788133032532	0.509493498858068	1	-0.430314502488441	0.185170571051874	1	-0.854046629393496	0.729395645178391	1	-0.74812843389551	0.559696153602949	1.00196193157833	4537.2521522049	0	1.00187560429515	13001.1935450664	0	NA	NA	NA	NA	NA	NA	NA	NA
713	3	3	exact_null_point_mass	exact_null_point_mass	point_mass	0	none	no_benefit	0	0	NA	0	0	1000	360	600	1000	1000	360	748	0.64	0.252	6.07178452883503	24	24	0	2	1	10	4	1	5000	2500	1	0.99	14	10000	101712	0.4298	0.5826	-0.455554500970978	-5.6113941896075	-0.472771924737267	4.87882460434521	10.4902187939527	0.118205039285976	-0.958342272279834	0.116768520578857	1.194972066558	2.15331433883783	0.42957972409368	-0.991875142801819	-12.2803624455423	-0.882604623083243	10.632764028668	22.9131264742102	0.0649	0.3458	-0.39080815220992	-2.32940379974129	-0.420377470678986	1.49762955402438	3.82703335376567	0	NA	NA	NA	NA	NA	NA	1	-0.455554500970978	0.207529903354917	1	0.118205039285976	0.013972431312599	1	-0.991875142801819	0.983816298908128	1	-0.39080815220992	0.152731011833732	1.00219059447427	4114.49909763495	0	1.00135836381476	10171.1415771548	0	NA	NA	NA	NA	NA	NA	NA	NA
666	3	3	exact_null_point_mass	exact_null_point_mass	point_mass	0	none	no_benefit	0	0	NA	0	0	1000	360	600	1000	1000	360	743	0.64	0.257	6.1502617290111	24	24	0	2	1	10	4	1	5000	2500	1	0.99	14	10000	101665	0.5547	0.8528	0.3709831606039	-4.74814942433538	0.377038485842189	5.3123272147883	10.0604766391237	0.576751139825862	-0.513015074283723	0.581429572453091	1.6683380713215	2.18135314560522	0.534084977555068	0.455032616371062	-10.6221294602639	0.356803312161416	11.1716673176219	21.7937967778858	0.0421	0.7104	0.649886362762015	-1.38712519138523	0.576116089580577	3.07398424860877	4.461109439994	0	NA	NA	NA	NA	NA	NA	1	0.3709831606039	0.137628505451659	1	0.576751139825862	0.332641877290432	1	0.455032616371062	0.207054681961494	1	0.649886362762015	0.422352284504041	1.00148928593602	3930.61828830657	0	1.00159355766907	14696.884708961	0	NA	NA	NA	NA	NA	NA	NA	NA
774	3	3	exact_null_point_mass	exact_null_point_mass	point_mass	0	none	no_benefit	0	0	NA	0	0	1000	360	600	1000	1000	360	754	0.64	0.246	6.03238643461714	24	24	0	2	1	10	4	1	5000	2500	1	0.99	14	10000	101773	0.4786	0.3676	-0.115163369520143	-5.09878004840766	-0.153777451703753	4.93471259555745	10.0334926439651	-0.179530113001687	-1.23345410109476	-0.17536341333554	0.883014826053328	2.11646892714809	0.477833521040238	-0.30353121887648	-11.3941521361806	-0.146093726824108	10.580657376164	21.9748095123446	0.0233	0.4686	-0.12637813022233	-2.23451564014494	-0.0856591417338688	1.80781203881255	4.04232767895749	0	NA	NA	NA	NA	NA	NA	1	-0.115163369520143	0.013262601679233	1	-0.179530113001687	0.0322310614743987	1	-0.30353121887648	0.0921312008326418	1	-0.12637813022233	0.0159714317984923	1.00181146801073	4203.47430823099	0	1.00175663325191	15606.5093888054	0	NA	NA	NA	NA	NA	NA	NA	NA
776	3	3	exact_null_point_mass	exact_null_point_mass	point_mass	0	none	no_benefit	0	0	NA	0	0	1000	360	600	1000	1000	360	752	0.64	0.248	6.63107446383957	24	24	0	2	1	10	4	1	5000	2500	1	0.99	14	10000	101775	0.4431	0.1538	-0.349153942601862	-5.67992003550217	-0.377189415095075	4.85450884206129	10.5344288775635	-0.55851445899933	-1.63208367965442	-0.55325220417277	0.494014472673481	2.1260981523279	0.479264643009833	-0.271454371966614	-11.3081101517225	-0.25223926750349	11.1731007490519	22.4812109007744	0.0644	0.1521	-1.12341096755554	-3.35235290232185	-1.10099197709897	1.03168520161857	4.38403810394042	0	NA	NA	NA	NA	NA	NA	1	-0.349153942601862	0.121908475634424	1	-0.55851445899933	0.311938400911314	1	-0.271454371966614	0.0736874760597886	1	-1.12341096755554	1.26205220202406	1.00141393055874	4106.49551855458	0	1.00150724340949	10083.4271758404	0	NA	NA	NA	NA	NA	NA	NA	NA
715	3	3	exact_null_point_mass	exact_null_point_mass	point_mass	0	none	no_benefit	0	0	NA	0	0	1000	360	600	1000	1000	360	740	0.64	0.26	6.33605207801341	24	24	0	2	1	10	4	1	5000	2500	1	0.99	14	10000	101714	0.3455	0.0015	-1.05289087414755	-6.16613426155492	-1.09925657488117	4.19819076615334	10.3643250277083	-1.62080179137615	-2.69888371768661	-1.6236810558428	-0.531771100683856	2.16711261700275	0.380250080153895	-1.70421138248948	-12.7809359641759	-1.55478613505795	9.47342746630791	22.2543634304838	0.0643	7e-04	-2.90542469621148	-4.84491146845892	-2.93930563573706	-0.984812418619822	3.8600990498391	0	NA	NA	NA	NA	NA	NA	1	-1.05289087414755	1.1085791928632	0	-1.62080179137615	2.62699844692815	1	-1.70421138248948	2.90433643620669	0	-2.90542469621148	8.44149266535559	1.00151884092938	4098.32127059108	0	1.0017541216246	12425.0953353983	0	NA	NA	NA	NA	NA	NA	NA	NA
794	3	3	exact_null_point_mass	exact_null_point_mass	point_mass	0	none	no_benefit	0	0	NA	0	0	1000	360	600	1000	1000	360	754	0.64	0.246	6.44234666575036	24	24	0	2	1	10	4	1	5000	2500	1	0.99	14	10000	101793	0.436	0.3554	-0.440313157373363	-5.59294089992887	-0.407709798124094	4.66789595982565	10.2608368597545	-0.198014693914596	-1.25486411242186	-0.198328241010348	0.858800764663293	2.11366487708515	0.464232488822653	-0.496870983520813	-11.6792645879274	-0.440921329932292	10.6181708734486	22.297435461376	0.0606	0.3627	-0.439679945461563	-2.74232270844574	-0.408369177736306	1.85808842804736	4.6004111364931	0	NA	NA	NA	NA	NA	NA	1	-0.440313157373363	0.1938756765561	1	-0.198014693914596	0.0392098190060911	1	-0.496870983520813	0.24688077426494	1	-0.439679945461563	0.193318454441083	1.00202916407965	4191.60599522354	0	1.00086356462913	9591.14789686809	0	NA	NA	NA	NA	NA	NA	NA	NA
670	3	3	exact_null_point_mass	exact_null_point_mass	point_mass	0	none	no_benefit	0	0	NA	0	0	1000	360	600	1000	1000	360	757	0.64	0.243	6.0445492766218	24	24	0	2	1	10	4	1	5000	2500	1	0.99	14	10000	101669	0.3998	0.6257	-0.71320412859227	-5.86062322871981	-0.718449807561336	4.55466879363515	10.415292022355	0.176583322927775	-0.879381998689289	0.176151775759661	1.24949004056408	2.12887203925337	0.401691105640587	-1.37410132803458	-12.7316493632709	-1.15477409314703	10.1074977630095	22.8391471262804	0.0657	0.4607	-0.0917261390558597	-1.72475668225439	-0.0871004759636103	1.55404154811347	3.27879823036786	0	NA	NA	NA	NA	NA	NA	1	-0.71320412859227	0.50866012904106	1	0.176583322927775	0.0311816699362147	1	-1.37410132803458	1.8881544597064	1	-0.0917261390558597	0.00841368458609492	1.0013088164391	4396.68336770979	0	1.00224944405654	13371.3435785337	0	NA	NA	NA	NA	NA	NA	NA	NA
773	3	3	exact_null_point_mass	exact_null_point_mass	point_mass	0	none	no_benefit	0	0	NA	0	0	1000	360	600	1000	1000	360	766	0.64	0.234	6.44298864439646	24	24	0	2	1	10	4	1	5000	2500	1	0.99	14	10000	101772	0.47	0.4347	-0.213388190000289	-5.4992546221169	-0.20749100337303	4.96886410444277	10.4681187265597	-0.0948364522845453	-1.1650548831447	-0.0878456886882066	0.953215093779913	2.11826997692461	0.490044128726725	-0.140184287625765	-11.5141111622569	-0.11214629766978	11.122468274474	22.6365794367309	0.0709	0.4101	-0.206016119244634	-2.07199142952889	-0.202861156815946	1.7108897703683	3.78288119989718	0	NA	NA	NA	NA	NA	NA	1	-0.213388190000289	0.0455345196315995	1	-0.0948364522845453	0.00899395268191884	1	-0.140184287625765	0.0196516344971432	1	-0.206016119244634	0.0424426413886195	1.00176781516814	4287.07365108108	0	1.00171755706863	12080.6373536204	0	NA	NA	NA	NA	NA	NA	NA	NA
796	3	3	exact_null_point_mass	exact_null_point_mass	point_mass	0	none	no_benefit	0	0	NA	0	0	1000	360	600	1000	1000	360	759	0.64	0.241	5.63381048818206	24	24	0	2	1	10	4	1	5000	2500	1	0.99	14	10000	101795	0.5074	0.4465	0.00754073184132336	-5.6017749893036	0.0473843492319244	5.45286701401135	11.0546420033149	-0.0705575487236528	-1.14042351945478	-0.07491087611879	1.02120053780728	2.16162405726206	0.500105440742303	-0.105914806414414	-11.7125842404336	0.00108184928711719	11.3578988138695	23.0704830543031	0.0516	0.2504	-0.71054503215672	-2.61850178118653	-0.71128088945312	1.29229012246617	3.91079190365269	0	NA	NA	NA	NA	NA	NA	1	0.00754073184132336	5.6862636702748e-05	1	-0.0705575487236528	0.00497836768189064	1	-0.105914806414414	0.0112179462178027	1	-0.71054503215672	0.504874242722595	1.00172169752243	4368.41344853392	0	1.00172592509746	14281.1446861775	0	NA	NA	NA	NA	NA	NA	NA	NA
703	3	3	exact_null_point_mass	exact_null_point_mass	point_mass	0	none	no_benefit	0	0	NA	0	0	1000	360	600	1000	1000	360	760	0.64	0.24	5.82529389390354	24	24	0	2	1	10	4	1	5000	2500	1	0.99	14	10000	101702	0.4434	0.2205	-0.369787371304821	-5.78080560050634	-0.411544763778046	5.09704649510998	10.8778520956163	-0.40849564864198	-1.46874104692017	-0.39943593877915	0.620721934293227	2.0894629812134	0.471624058555214	-0.423131498233503	-12.3208046243037	-0.324953900069646	11.6916234456376	24.0124280699413	0.0573	0.1185	-1.01219898773048	-2.69268612637963	-1.03730567406422	0.800303336946836	3.49298946332646	0	NA	NA	NA	NA	NA	NA	1	-0.369787371304821	0.136742699976529	1	-0.40849564864198	0.166868694959432	1	-0.423131498233503	0.179040264797329	1	-1.01219898773048	1.0245467907626	1.00137271730418	4474.38771688565	0	1.00138769024499	9612.45662412484	0	NA	NA	NA	NA	NA	NA	NA	NA
657	3	3	exact_null_point_mass	exact_null_point_mass	point_mass	0	none	no_benefit	0	0	NA	0	0	1000	360	600	1000	1000	360	747	0.64	0.253	5.82744269319191	24	24	0	2	1	10	4	1	5000	2500	1	0.99	14	10000	101656	0.5306	0.4919	0.244546306093341	-5.36014472335313	0.220955299813037	5.80044463880721	11.1605893621603	-0.00672840587572417	-1.08737026647901	-0.00997495448952623	1.07151373727046	2.15888400374947	0.516030049730187	0.314548852633534	-11.4311647395785	0.186056589996426	11.9939696664796	23.4251344060581	0.0549	0.6256	0.362555728963834	-1.97770176462247	0.353121435067827	2.56027792083499	4.53797968545746	0	NA	NA	NA	NA	NA	NA	1	0.244546306093341	0.059802895823898	1	-0.00672840587572417	4.52714456284795e-05	1	0.314548852633534	0.0989409806930728	1	0.362555728963834	0.131446656604497	1.00189578642469	3989.61621684563	0	1.00250699863939	12827.0645345182	0	NA	NA	NA	NA	NA	NA	NA	NA
795	3	3	exact_null_point_mass	exact_null_point_mass	point_mass	0	none	no_benefit	0	0	NA	0	0	1000	360	600	1000	1000	360	768	0.64	0.232	6.06234273484875	24	24	0	2	1	10	4	1	5000	2500	1	0.99	14	10000	101794	0.2991	0.0846	-1.41909072324944	-6.57578802683231	-1.48040295182222	3.94971294068807	10.5255009675204	-0.740105835371013	-1.79643738778264	-0.739895582525535	0.289089090977161	2.0855264787598	0.363351012014287	-1.94766562912797	-13.0407685835703	-1.73377492756985	9.25502747265491	22.2957960562252	0.0761	0.0818	-1.4024982831075	-3.3528252181321	-1.40629132734904	0.572180695694025	3.92500591382612	0	NA	NA	NA	NA	NA	NA	1	-1.41909072324944	2.01381848081261	1	-0.740105835371013	0.547756647550225	1	-1.94766562912797	3.79340140288644	1	-1.4024982831075	1.96700143411948	1.00159539790602	4459.4330373499	0	1.00192590434752	13771.5814595594	0	NA	NA	NA	NA	NA	NA	NA	NA
688	3	3	exact_null_point_mass	exact_null_point_mass	point_mass	0	none	no_benefit	0	0	NA	0	0	1000	360	600	1000	1000	360	764	0.64	0.236	6.08777229148491	24	24	0	2	1	10	4	1	5000	2500	1	0.99	14	10000	101687	0.2598	0.4086	-1.64870179850933	-6.45058564770592	-1.69591500993848	3.53985091584798	9.9904365635539	-0.129202807054383	-1.19090964599201	-0.130166312818312	0.910629287053749	2.10153893304576	0.17127827459232	-4.21101506991046	-14.6101110327759	-3.9531312322599	6.76851797073657	21.3786290035125	0.0495	0.4884	-0.0280707168468744	-2.0199023276621	-0.0311785341396655	1.85996870863338	3.87987103629548	0	NA	NA	NA	NA	NA	NA	1	-1.64870179850933	2.71821762040791	1	-0.129202807054383	0.0166933653507321	1	-4.21101506991046	17.732647919013	1	-0.0280707168468744	0.000787965144297399	1.00182216874814	4446.0949490754	0	1.00102061112334	11356.8682593097	0	NA	NA	NA	NA	NA	NA	NA	NA
782	3	3	exact_null_point_mass	exact_null_point_mass	point_mass	0	none	no_benefit	0	0	NA	0	0	1000	360	600	1000	1000	360	740	0.64	0.26	6.08278423562092	24	24	0	2	1	10	4	1	5000	2500	1	0.99	14	10000	101781	0.3994	0.1834	-0.635378919573832	-5.72347344393871	-0.686100051954984	4.57151986521072	10.2949933091494	-0.498264509838778	-1.57436721322913	-0.498163243033781	0.584916872356568	2.1592840855857	0.404178597942518	-1.24995627212456	-12.1037123433592	-1.20848814582067	9.83021456719447	21.9339269105537	0.0571	0.1472	-1.33779128455037	-3.6287992207152	-1.39274340335245	1.1352702344832	4.7640694551984	0	NA	NA	NA	NA	NA	NA	1	-0.635378919573832	0.40370637143881	1	-0.498264509838778	0.248267521764878	1	-1.24995627212456	1.56239068222351	1	-1.33779128455037	1.78968552101894	1.00204847948185	4291.32889726615	0	1.00189300219028	11865.0727290721	0	NA	NA	NA	NA	NA	NA	NA	NA
775	3	3	exact_null_point_mass	exact_null_point_mass	point_mass	0	none	no_benefit	0	0	NA	0	0	1000	360	600	1000	1000	360	746	0.64	0.254	6.20971952329733	24	24	0	2	1	10	4	1	5000	2500	1	0.99	14	10000	101774	0.4373	0.1537	-0.419392619653491	-5.5353360455288	-0.420649860183115	4.66675281461579	10.2020888601446	-0.545428004601967	-1.61520064738384	-0.545710260897255	0.509877471373556	2.1250781187574	0.454391891891892	-0.559994842280327	-11.3184906017673	-0.520270563178928	10.4536806694865	21.7721712712538	0.0528	0.3393	-0.493717145830174	-2.81973806059762	-0.408803387326155	1.38328046739904	4.20301852799666	0	NA	NA	NA	NA	NA	NA	1	-0.419392619653491	0.175890169419818	1	-0.545428004601967	0.297491708204083	1	-0.559994842280327	0.313594223380568	1	-0.493717145830174	0.243756620086693	1.00101560809096	4077.53911725113	0	1.0011857903769	12071.275815049	0	NA	NA	NA	NA	NA	NA	NA	NA
676	3	3	exact_null_point_mass	exact_null_point_mass	point_mass	0	none	no_benefit	0	0	NA	0	0	1000	360	600	1000	1000	360	752	0.64	0.248	6.612311156937	24	24	0	2	1	10	4	1	5000	2500	1	0.99	14	10000	101675	0.5577	0.9201	0.382054147237447	-4.8863326499562	0.36991163172571	5.50863571815711	10.3949683681133	0.754175349172466	-0.301694272969407	0.751873750628417	1.82563074979528	2.12732502276469	0.538095752728845	0.547473243111046	-10.7604984108945	0.465949021090138	11.9252318239936	22.6857302348882	0.0747	0.8859	1.18157257888797	-0.728519430912883	1.14557541742028	3.29583224169376	4.02435167260665	0	NA	NA	NA	NA	NA	NA	1	0.382054147237447	0.145965371421333	1	0.754175349172466	0.568780457299411	1	0.547473243111046	0.299726951922527	1	1.18157257888797	1.39611375917997	1.00131792661725	4676.73828180509	0	1.00182017150168	14412.9900917349	0	NA	NA	NA	NA	NA	NA	NA	NA
680	3	3	exact_null_point_mass	exact_null_point_mass	point_mass	0	none	no_benefit	0	0	NA	0	0	1000	360	600	1000	1000	360	740	0.64	0.26	6.21638677981324	24	24	0	2	1	10	4	1	5000	2500	1	0.99	14	10000	101679	0.5656	0.9694	0.401558395981572	-4.68172580168378	0.426027242048091	5.46322368450508	10.1449494861889	1.03069980609289	-0.0487439901779021	1.03103786944472	2.09143868238497	2.14018267256287	0.511005291005291	0.135254867645534	-11.0481251956275	0.145034718346492	11.0500613206142	22.0981865162416	0.055	0.9064	1.34604547150724	-0.697223917511343	1.3292329757218	3.48720312260446	4.18442704011581	0	NA	NA	NA	NA	NA	NA	1	0.401558395981572	0.161249145383293	1	1.03069980609289	1.06234209027991	1	0.135254867645534	0.018293879221811	1	1.34604547150724	1.81183841136514	1.00112565789765	4264.54811466958	0	1.00171896008038	12334.6383543352	0	NA	NA	NA	NA	NA	NA	NA	NA
674	3	3	exact_null_point_mass	exact_null_point_mass	point_mass	0	none	no_benefit	0	0	NA	0	0	1000	360	600	1000	1000	360	749	0.64	0.251	6.47887600509264	24	24	0	2	1	10	4	1	5000	2500	1	0.99	14	10000	101673	0.539	0.2862	0.244616333878054	-4.99910987346328	0.256228998274993	5.36948435120754	10.3685942246708	-0.307070051849318	-1.3749362977943	-0.308600426657041	0.762212806105895	2.1371491039002	0.509186071352275	0.133463064768053	-11.1108809977682	0.10444106330052	11.3235289396094	22.4344099373776	0.0638	0.1965	-0.973752410014128	-3.18444505473951	-0.975837538507887	1.22991329342656	4.41435834816607	0	NA	NA	NA	NA	NA	NA	1	0.244616333878054	0.0598371507999398	1	-0.307070051849318	0.0942920167427431	1	0.133463064768053	0.0178123896572816	1	-0.973752410014128	0.948193756008322	1.00220737916143	4527.12101235956	0	1.00219727907341	16292.4108922482	0	NA	NA	NA	NA	NA	NA	NA	NA
667	3	3	exact_null_point_mass	exact_null_point_mass	point_mass	0	none	no_benefit	0	0	NA	0	0	1000	360	600	1000	1000	360	739	0.64	0.261	6.44701038985232	24	24	0	2	1	10	4	1	5000	2500	1	0.99	14	10000	101666	0.548	0.7657	0.306477140020065	-5.02307579202653	0.31490998005241	5.48608689244913	10.5091626844757	0.407064340432121	-0.676952397071006	0.4081441648925	1.46887166649491	2.14582406356592	0.518820375335121	0.247267604934482	-10.8057566518193	0.240887838673068	11.5615516604312	22.3673083122505	0.0675	0.8929	1.11940073062962	-0.636590891127435	1.07973539063632	3.00926535708138	3.64585624820882	0	NA	NA	NA	NA	NA	NA	1	0.306477140020065	0.0939282373548785	1	0.407064340432121	0.165701377251438	1	0.247267604934482	0.0611412684500349	1	1.11940073062962	1.25305799573413	1.00216366932353	4222.57343012744	0	1.00166035717738	12038.0626640964	0	NA	NA	NA	NA	NA	NA	NA	NA
654	3	3	exact_null_point_mass	exact_null_point_mass	point_mass	0	none	no_benefit	0	0	NA	0	0	1000	360	600	1000	1000	360	756	0.64	0.244	5.74523003779517	24	24	0	2	1	10	4	1	5000	2500	1	0.99	14	10000	101653	0.5263	0.2122	0.17436197898736	-5.42931877585088	0.188075544300557	5.77288166845576	11.2022004443066	-0.457588599678836	-1.54603576824582	-0.461655514991138	0.629217718029219	2.17525348627504	0.510083412522437	0.151643989399424	-11.5827326957364	0.12844629518967	11.8214859096119	23.4042186053482	0.0529	0.5182	-0.0563531114130166	-2.23130529434648	0.0401888815514351	1.52182737818244	3.75313267252892	0	NA	NA	NA	NA	NA	NA	1	0.17436197898736	0.0304020997163887	1	-0.457588599678836	0.209387326556038	1	0.151643989399424	0.0229958995209727	1	-0.0563531114130166	0.00317567316592786	1.00191717093822	4301.2958528108	0	1.00185541716776	11988.71516783	0	NA	NA	NA	NA	NA	NA	NA	NA
693	3	3	exact_null_point_mass	exact_null_point_mass	point_mass	0	none	no_benefit	0	0	NA	0	0	1000	360	600	1000	1000	360	759	0.64	0.241	6.23230079301108	24	24	0	2	1	10	4	1	5000	2500	1	0.99	14	10000	101692	0.4521	0.622	-0.32641386068718	-5.31393617493095	-0.327799935724518	4.75598647592857	10.0699226508595	0.161543533975271	-0.910509775480386	0.163589119311902	1.22094063301865	2.13145040849904	0.442700653044028	-0.766333060341502	-11.5552036661668	-0.71446719848042	10.4377135570407	21.9929172232075	0.0506	0.6364	0.289090291383504	-1.48670975105009	0.317914800391855	2.0052903257983	3.49200007684839	0	NA	NA	NA	NA	NA	NA	1	-0.32641386068718	0.10654600844871	1	0.161543533975271	0.0260963133692195	1	-0.766333060341502	0.587266359372372	1	0.289090291383504	0.0835731965721994	1.00116927656703	4946.89690541394	0	1.00145652830502	10708.9101585585	0	NA	NA	NA	NA	NA	NA	NA	NA
563	3	3	exact_null_point_mass	exact_null_point_mass	point_mass	0	none	no_benefit	0	0	NA	0	0	1000	360	600	1000	1000	360	746	0.64	0.254	5.752315770843	24	24	0	2	1	10	4	1	5000	2500	1	0.99	14	10000	101562	0.492	0.3666	0.00486250812229161	-5.49992861635164	-0.0498428752169948	5.58639560040622	11.0863242167579	-0.194078302125391	-1.29626533840777	-0.191927644444002	0.899624619869164	2.19588995827694	0.479188564221148	-0.195295198993965	-11.88405907411	-0.275539066394381	11.6450108424813	23.5290699165913	0.0486	0.5316	0.0961939103819091	-2.42362945725851	0.108014147996558	2.57577190668326	4.99940136394177	0	NA	NA	NA	NA	NA	NA	1	0.00486250812229161	2.36439852393519e-05	1	-0.194078302125391	0.0376663873558744	1	-0.195295198993965	0.0381402147500925	1	0.0961939103819091	0.00925326839456277	1.00124513161463	4638.65693452493	0	1.00162558942567	11127.6386709635	0	NA	NA	NA	NA	NA	NA	NA	NA
664	3	3	exact_null_point_mass	exact_null_point_mass	point_mass	0	none	no_benefit	0	0	NA	0	0	1000	360	600	1000	1000	360	751	0.64	0.249	6.72933759060617	24	24	0	2	1	10	4	1	5000	2500	1	0.99	14	10000	101663	0.4588	0.2109	-0.289225406058595	-5.62849380922176	-0.281159370971839	4.90183842176323	10.530332230985	-0.437305532675682	-1.48483262970147	-0.433552156440798	0.60074561668257	2.08557824638404	0.48507785467128	-0.22666118413722	-11.5368094826499	-0.147721274553657	10.89482226344	22.4316317460899	0.0752	0.3104	-0.473978365978892	-2.34928461811983	-0.477301706031041	1.49405119433101	3.84333581245084	0	NA	NA	NA	NA	NA	NA	1	-0.289225406058595	0.0836513355097594	1	-0.437305532675682	0.191236128908762	1	-0.22666118413722	0.0513752923944869	1	-0.473978365978892	0.22465549141602	1.00128189777515	4367.84291770877	0	1.00165493379627	11994.6846777547	0	NA	NA	NA	NA	NA	NA	NA	NA
787	3	3	exact_null_point_mass	exact_null_point_mass	point_mass	0	none	no_benefit	0	0	NA	0	0	1000	360	600	1000	1000	360	751	0.64	0.249	5.97446129039442	24	24	0	2	1	10	4	1	5000	2500	1	0.99	14	10000	101786	0.3492	0.0357	-1.10751512778503	-6.58225117469645	-1.09001352623304	4.49640306359296	11.0786542382894	-0.986840851474576	-2.0721174646468	-0.986957755112293	0.0954371756262899	2.16755464027309	0.384142394822006	-1.64759311395054	-12.8666916656815	-1.57048926518902	10.035576863411	22.9022685290925	0.073	0.0127	-2.30707417951855	-4.06711790015355	-2.34637237306278	-0.310393781504675	3.75672411864887	0	NA	NA	NA	NA	NA	NA	1	-1.10751512778503	1.22658975827269	1	-0.986840851474576	0.973854866139067	1	-1.64759311395054	2.71456306913723	0	-2.30707417951855	5.32259126980118	1.00193797519296	4380.34020372802	0	1.00164907375986	11427.9679236949	0	NA	NA	NA	NA	NA	NA	NA	NA
691	3	3	exact_null_point_mass	exact_null_point_mass	point_mass	0	none	no_benefit	0	0	NA	0	0	1000	360	600	1000	1000	360	761	0.64	0.239	5.82531273429588	24	24	0	2	1	10	4	1	5000	2500	1	0.99	14	10000	101690	0.509	0.9034	0.0686312665879074	-5.39548458662008	0.0629188721398064	5.54862724314862	10.9441118297687	0.700537170197202	-0.33852601293891	0.698926200031845	1.76158442987532	2.10011044281423	0.501802374893978	0.00230340683135569	-11.6957890023496	0.018194273086511	11.7560531031403	23.4518421054899	0.0568	0.8801	0.919737061036812	-0.625498762110304	0.888038782638639	2.69347299939721	3.31897176150751	0	NA	NA	NA	NA	NA	NA	1	0.0686312665879074	0.00471025075346041	1	0.700537170197202	0.490752326827903	1	0.00230340683135569	5.30568303073605e-06	1	0.919737061036812	0.845916261444632	1.00172752326915	4548.81077196319	0	1.00246421491843	14383.5801431119	0	NA	NA	NA	NA	NA	NA	NA	NA
589	3	3	exact_null_point_mass	exact_null_point_mass	point_mass	0	none	no_benefit	0	0	NA	0	0	1000	360	600	1000	1000	360	736	0.64	0.264	5.94452540193778	24	24	0	2	1	10	4	1	5000	2500	1	0.99	14	10000	101588	0.4884	0.6255	-0.0934298892613333	-5.71986466131003	-0.0912407470507919	5.50004828893426	11.2199129502443	0.178301633121933	-0.899130652930977	0.177268865904964	1.25178647731345	2.15091713024442	0.479260209536027	-0.323714607842262	-12.2784006357368	-0.236895088430774	11.5064625771313	23.7848632128681	0.0646	0.6313	0.415020646215733	-1.81843208739268	0.384299593520192	2.78561194781816	4.60404403521083	0	NA	NA	NA	NA	NA	NA	1	-0.0934298892613333	0.00872914420738501	1	0.178301633121933	0.0317914723739482	1	-0.323714607842262	0.104791147330469	1	0.415020646215733	0.172242136785324	1.00131847800419	4898.93569283917	0	1.0023073309686	15239.7759454447	0	NA	NA	NA	NA	NA	NA	NA	NA
655	3	3	exact_null_point_mass	exact_null_point_mass	point_mass	0	none	no_benefit	0	0	NA	0	0	1000	360	600	1000	1000	360	748	0.64	0.252	5.94384785590447	24	24	0	2	1	10	4	1	5000	2500	1	0.99	14	10000	101654	0.4885	0.5307	-0.0722267851355557	-5.7751419848504	-0.0812501455737404	5.68621208892892	11.4613540737793	0.0359950741716661	-1.05862393932364	0.0399877801466744	1.14450581356394	2.20312975288757	0.504667882820045	0.0627777485180167	-11.6981195752776	0.0504320424216154	12.1627608668069	23.8608804420845	0.0681	0.5369	0.134804639766999	-1.9861087350498	0.100120047529438	2.44935228787038	4.43546102292017	0	NA	NA	NA	NA	NA	NA	1	-0.0722267851355557	0.00521670849101773	1	0.0359950741716661	0.00129564536462374	1	0.0627777485180167	0.00394104570899134	1	0.134804639766999	0.0181722909027104	1.00210294930269	4356.37625502984	0	1.00177996951626	11817.9229713331	0	NA	NA	NA	NA	NA	NA	NA	NA
724	3	3	exact_null_point_mass	exact_null_point_mass	point_mass	0	none	no_benefit	0	0	NA	0	0	1000	360	600	1000	1000	360	743	0.64	0.257	6.12739896405372	24	24	0	2	1	10	4	1	5000	2500	1	0.99	14	10000	101723	0.5709	0.5874	0.433395565883284	-4.46559323993996	0.465595619784407	5.27958909411218	9.74518233405214	0.122169477460005	-0.944351115640087	0.120104923727945	1.1930241480908	2.13737526373089	0.610530628969474	1.23036156114313	-9.2470781117022	1.08457133534617	11.8151831367305	21.0622612484327	0.0238	0.4071	-0.229571140994781	-2.39073807714716	-0.245626864255573	2.02743649383326	4.41817457098042	0	NA	NA	NA	NA	NA	NA	1	0.433395565883284	0.187831716527292	1	0.122169477460005	0.0149253812228508	1	1.23036156114313	1.51378957113856	1	-0.229571140994781	0.0527029087776458	1.0015685536595	4476.19246576117	0	1.00197934229503	10077.613240107	0	NA	NA	NA	NA	NA	NA	NA	NA
689	3	3	exact_null_point_mass	exact_null_point_mass	point_mass	0	none	no_benefit	0	0	NA	0	0	1000	360	600	1000	1000	360	738	0.64	0.262	6.20005468447364	24	24	0	2	1	10	4	1	5000	2500	1	0.99	14	10000	101688	0.5982	0.9529	0.629505095736523	-4.6871274592656	0.650058394172091	5.8315479655491	10.5186754248147	0.92420168422745	-0.161481620602816	0.924052560876754	1.98401737668768	2.14549899729049	0.550535581715983	0.731511486101595	-10.5782800096234	0.624865403529813	11.6187539944651	22.1970340040885	0.0571	0.9454	1.54272125494828	-0.339198728513406	1.51635206456523	3.59162666475222	3.93082539326562	0	NA	NA	NA	NA	NA	NA	1	0.629505095736523	0.396276665558249	1	0.92420168422745	0.854148753128855	1	0.731511486101595	0.535109054298564	1	1.54272125494828	2.37998887046919	1.00110464971955	4501.58308604994	0	1.00165109893242	12665.4647647206	0	NA	NA	NA	NA	NA	NA	NA	NA
822	3	3	exact_null_point_mass	exact_null_point_mass	point_mass	0	none	no_benefit	0	0	NA	0	0	1000	360	600	1000	1000	360	755	0.64	0.245	6.72130361112069	24	24	0	2	1	10	4	1	5000	2500	1	0.99	14	10000	101821	0.4602	0.1323	-0.295751200333033	-5.68077771088024	-0.282436370661094	5.13253933336483	10.8133170442451	-0.59335063370334	-1.64931310939005	-0.597979566604224	0.476850224228925	2.12616333361898	0.483333333333333	-0.217684122586735	-11.4375661587536	-0.18997641065705	11.2576943368527	22.6952604956063	0.076	0.0926	-1.4521275952073	-3.57570699679853	-1.46487145396791	0.786976091346771	4.3626830881453	0	NA	NA	NA	NA	NA	NA	1	-0.295751200333033	0.0874687724984299	1	-0.59335063370334	0.352064974516155	1	-0.217684122586735	0.0473863772263566	1	-1.4521275952073	2.10867455276255	1.00185751253577	4230.51032128541	0	1.00220929081002	11171.3123895983	0	NA	NA	NA	NA	NA	NA	NA	NA
766	3	3	exact_null_point_mass	exact_null_point_mass	point_mass	0	none	no_benefit	0	0	NA	0	0	1000	360	600	1000	1000	360	763	0.64	0.237	6.38867559502419	24	24	0	2	1	10	4	1	5000	2500	1	0.99	14	10000	101765	0.5372	0.5221	0.209203574557501	-4.93648406418288	0.2484648566723	5.39833640550733	10.3348204696902	0.0288468179000966	-1.01298841881953	0.0270484734857996	1.05828876329004	2.07127718210956	0.52248258391387	0.262411252983507	-11.009262563015	0.266791935935922	11.2292475714259	22.2385101344409	0.0526	0.3147	-0.488692057851179	-2.40402032961438	-0.514092017093256	1.58483587079989	3.98885620041427	0	NA	NA	NA	NA	NA	NA	1	0.209203574557501	0.043766135607636	1	0.0288468179000966	0.000832138902961335	1	0.262411252983507	0.0688596656923741	1	-0.488692057851179	0.23881992740682	1.00210016843441	4015.68133905134	0	1.00185989122744	13491.2361210989	0	NA	NA	NA	NA	NA	NA	NA	NA
660	3	3	exact_null_point_mass	exact_null_point_mass	point_mass	0	none	no_benefit	0	0	NA	0	0	1000	360	600	1000	1000	360	753	0.64	0.247	6.22510442393528	24	24	0	2	1	10	4	1	5000	2500	1	0.99	14	10000	101659	0.5098	0.5232	0.0685197758449811	-4.82915129600998	0.0674778629670936	5.11149297512391	9.94064427113389	0.0311872607121399	-1.02465199865374	0.0305756978693958	1.08825217695924	2.11290417561298	0.50036838227555	0.00652359065760934	-10.9253964287962	0.00360631374585907	10.8724797481266	21.7978761769228	0.0499	0.3673	-0.300155047992076	-2.01546634178513	-0.281353899672267	1.49317573736314	3.50864207914826	0	NA	NA	NA	NA	NA	NA	1	0.0685197758449811	0.00469495968184645	1	0.0311872607121399	0.000972645230726982	1	0.00652359065760934	4.25572350680478e-05	1	-0.300155047992076	0.0900930528351257	1.00168961933541	4275.56789936533	0	1.00163056807592	10241.8758324892	0	NA	NA	NA	NA	NA	NA	NA	NA
675	3	3	exact_null_point_mass	exact_null_point_mass	point_mass	0	none	no_benefit	0	0	NA	0	0	1000	360	600	1000	1000	360	756	0.64	0.244	6.08489133077483	24	24	0	2	1	10	4	1	5000	2500	1	0.99	14	10000	101674	0.4846	0.9888	-0.0938049363522525	-5.16232522682101	-0.099461005052313	5.07711312211858	10.2394383489396	1.23570359093078	0.19212167286642	1.23736715095889	2.27880827546329	2.08668660259687	0.431519699812383	-0.776525352111424	-11.8174229947182	-0.769374546483776	10.4353368639992	22.2527598587174	0.0406	0.9878	2.26709914646003	0.320485060152778	2.28095213337727	4.12289774215487	3.8024126820021	0	NA	NA	NA	NA	NA	NA	1	-0.0938049363522525	0.00879936608405015	0	1.23570359093078	1.52696336463922	1	-0.776525352111424	0.602991622471772	0	2.26709914646003	5.13973853987982	1.00179419658701	4405.36399161572	0	1.00148794652923	14267.9734585881	0	NA	NA	NA	NA	NA	NA	NA	NA
638	3	3	exact_null_point_mass	exact_null_point_mass	point_mass	0	none	no_benefit	0	0	NA	0	0	1000	360	600	1000	1000	360	731	0.64	0.269	6.23627535550053	24	24	0	2	1	10	4	1	5000	2500	1	0.99	14	10000	101637	0.5865	0.9648	0.564392842917986	-4.57950757887067	0.587000587562483	5.65829288499525	10.2378004638659	0.996624979738645	-0.0701423041798643	1.00065129124744	2.07058362500088	2.14072592918074	0.559181943414221	0.739976996248976	-10.289876341097	0.697631768205831	11.783873767838	22.073750108935	0.0563	0.8634	1.0609454349358	-0.777814209008335	1.01842201003929	3.21409950667772	3.99191371568606	0	NA	NA	NA	NA	NA	NA	1	0.564392842917986	0.318539281137046	1	0.996624979738645	0.993261350239055	1	0.739976996248976	0.547565954977657	1	1.0609454349358	1.12560521591111	1.00136643794643	4640.37078719692	0	1.00215501837616	12132.0748358597	0	NA	NA	NA	NA	NA	NA	NA	NA
789	3	3	exact_null_point_mass	exact_null_point_mass	point_mass	0	none	no_benefit	0	0	NA	0	0	1000	360	600	1000	1000	360	774	0.64	0.226	6.396082723823	24	24	0	2	1	10	4	1	5000	2500	1	0.99	14	10000	101788	0.649	0.9807	0.988549211258968	-4.17714062698591	1.04423409043274	6.02938226531746	10.2065228923034	1.14119579605685	0.0759080949960455	1.1475424408656	2.1736657240774	2.09775762908135	0.608612643190496	1.42992389601136	-9.77507962981278	1.34841744508208	12.2921300009809	22.0672096307937	0.0572	0.8378	1.12563858316429	-0.884067445474228	1.09962952335598	3.29810725433103	4.18217469980526	0	NA	NA	NA	NA	NA	NA	1	0.988549211258968	0.977229543080729	0	1.14119579605685	1.30232784493784	1	1.42992389601136	2.04468234838429	1	1.12563858316429	1.26706221990812	1.00116764590032	4621.91213402556	0	1.0017566520653	11861.4618880747	0	NA	NA	NA	NA	NA	NA	NA	NA
669	3	3	exact_null_point_mass	exact_null_point_mass	point_mass	0	none	no_benefit	0	0	NA	0	0	1000	360	600	1000	1000	360	773	0.64	0.227	6.58214454070326	24	24	0	2	1	10	4	1	5000	2500	1	0.99	14	10000	101668	0.362	0.0268	-0.959854378172767	-6.10116773092355	-0.99131514109811	4.29626558197138	10.3974333128949	-1.05481515131434	-2.10863974844073	-1.05886093389181	0.0140142903992819	2.12265403884001	0.411669542709232	-1.24637873307965	-12.0526847869515	-1.10306701270704	10.0889903529259	22.1416751398775	0.0728	0.0188	-2.14038555212306	-4.15927186447476	-2.13226782813497	-0.121147135431894	4.03812472904287	0	NA	NA	NA	NA	NA	NA	1	-0.959854378172767	0.921320427297429	1	-1.05481515131434	1.11263500344229	1	-1.24637873307965	1.55345994627324	0	-2.14038555212306	4.58125031173715	1.00154434286037	4322.22877998373	0	1.0017678681247	9990.53444888886	0	NA	NA	NA	NA	NA	NA	NA	NA
784	3	3	exact_null_point_mass	exact_null_point_mass	point_mass	0	none	no_benefit	0	0	NA	0	0	1000	360	600	1000	1000	360	748	0.64	0.252	6.19403856795807	24	24	0	2	1	10	4	1	5000	2500	1	0.99	14	10000	101783	0.4128	0.4155	-0.601379168364655	-5.64968519798684	-0.590346690163741	4.37293875220641	10.0226239501932	-0.111433026706985	-1.19994737096938	-0.118109154762061	0.966362196418954	2.16630956738833	0.437711148648649	-0.857167541495669	-12.0005279804639	-0.764802335130496	10.3047554737832	22.3052834542471	0.0528	0.5751	0.124803385824377	-1.76951464299412	0.167372098380675	1.77610907786758	3.54562372086169	0	NA	NA	NA	NA	NA	NA	1	-0.601379168364655	0.361656904142964	1	-0.111433026706985	0.0124173194410796	1	-0.857167541495669	0.73473619419373	1	0.124803385824377	0.0155758851132282	1.00137913725824	4499.18918352978	0	1.00207447977763	14519.6034198602	0	NA	NA	NA	NA	NA	NA	NA	NA
645	3	3	exact_null_point_mass	exact_null_point_mass	point_mass	0	none	no_benefit	0	0	NA	0	0	1000	360	600	1000	1000	360	758	0.64	0.242	6.26207923516852	24	24	0	2	1	10	4	1	5000	2500	1	0.99	14	10000	101644	0.5317	0.4994	0.207176645176392	-4.90889740779863	0.22533152241112	5.30569849258658	10.2145959003852	0.00238328295852952	-1.03644242882847	-0.00129375436675705	1.04231886383376	2.07876129266223	0.528892624500946	0.278540325625718	-10.9017134291547	0.316717757896729	11.353877766681	22.2555911958357	0.0482	0.2458	-0.766473953337496	-2.83908548533863	-0.748737362411225	1.26997005488154	4.10905554022017	0	NA	NA	NA	NA	NA	NA	1	0.207176645176392	0.0429221623065446	1	0.00238328295852952	5.68003766041722e-06	1	0.278540325625718	0.0775847129996808	1	-0.766473953337496	0.58748232114481	1.00118219708251	4651.62919601526	0	1.00201515162955	12944.1469324496	0	NA	NA	NA	NA	NA	NA	NA	NA
791	3	3	exact_null_point_mass	exact_null_point_mass	point_mass	0	none	no_benefit	0	0	NA	0	0	1000	360	600	1000	1000	360	765	0.64	0.235	6.30229197170964	24	24	0	2	1	10	4	1	5000	2500	1	0.99	14	10000	101790	0.5453	0.5792	0.291229545124695	-4.73122264608835	0.330559603505526	5.32433844102396	10.0555610871123	0.11340727739574	-0.917787882595613	0.109103256096324	1.16977579976111	2.08756368235672	0.553175775480059	0.614078691207119	-10.4952757124743	0.626005062328227	11.5950411712078	22.090316883682	0.0522	0.6726	0.509517900693559	-1.90690015938263	0.540048745786954	2.62649817739718	4.53339833677982	0	NA	NA	NA	NA	NA	NA	1	0.291229545124695	0.0848146479535366	1	0.11340727739574	0.0128612105663142	1	0.614078691207119	0.377092638994648	1	0.509517900693559	0.259608491127171	1.00143102582828	4518.08540964594	0	1.00122555569122	10866.7003042171	0	NA	NA	NA	NA	NA	NA	NA	NA
770	3	3	exact_null_point_mass	exact_null_point_mass	point_mass	0	none	no_benefit	0	0	NA	0	0	1000	360	600	1000	1000	360	754	0.64	0.246	6.3349562771274	24	24	0	2	1	10	4	1	5000	2500	1	0.99	14	10000	101769	0.5623	0.9812	0.380583723682852	-4.72368011957441	0.40525089069654	5.4605616628115	10.1842417823859	1.13242088547858	0.0498927672622664	1.13821607365126	2.18541985873869	2.13552709147642	0.519123380044252	0.317497787837954	-10.9407550976827	0.220416017767844	11.3375409483837	22.2782960460664	0.0509	0.9417	1.44497391264354	-0.410857360984393	1.45413143125723	3.2519377050695	3.6627950660539	0	NA	NA	NA	NA	NA	NA	1	0.380583723682852	0.144843970732305	0	1.13242088547858	1.2823770618681	1	0.317497787837954	0.100804845281994	1	1.44497391264354	2.08794960822039	1.00143903249217	4256.60983346753	0	1.00147938665742	13225.219773415	0	NA	NA	NA	NA	NA	NA	NA	NA
771	3	3	exact_null_point_mass	exact_null_point_mass	point_mass	0	none	no_benefit	0	0	NA	0	0	1000	360	600	1000	1000	360	767	0.64	0.233	5.47313100355888	24	24	0	2	1	10	4	1	5000	2500	1	0.99	14	10000	101770	0.4945	0.4531	-0.0594133064732049	-5.52177600732775	-0.0398221607448317	5.36870065727916	10.8904766646069	-0.0730381980217916	-1.13249226596844	-0.0627932971216065	0.979806214331261	2.1122984802997	0.510660535117057	0.208272196412204	-11.3435311938103	0.101564684847793	11.7038198810563	23.0473510748666	0.0432	0.5568	0.170249847802276	-1.7819651524542	0.148249029505608	2.23078566447922	4.01275081693342	0	NA	NA	NA	NA	NA	NA	1	-0.0594133064732049	0.00352994098607897	1	-0.0730381980217916	0.00533457837027044	1	0.208272196412204	0.0433773077983639	1	0.170249847802276	0.0289850106766982	1.00209276969295	4303.52501580996	0	1.00189584444813	11745.4092423087	0	NA	NA	NA	NA	NA	NA	NA	NA
781	3	3	exact_null_point_mass	exact_null_point_mass	point_mass	0	none	no_benefit	0	0	NA	0	0	1000	360	600	1000	1000	360	767	0.64	0.233	5.59336037873221	24	24	0	2	1	10	4	1	5000	2500	1	0.99	14	10000	101780	0.4657	0.6305	-0.24725818706364	-5.68166695842303	-0.235719438527004	5.31811125102694	10.99977820945	0.177000153147423	-0.869478364818916	0.175172910893898	1.22748439364831	2.09696275846723	0.485681317528585	-0.234262420015837	-11.824088856966	-0.160897999034889	11.3276690070069	23.1517578639729	0.0467	0.6004	0.216796130400075	-1.46793874572299	0.183267603471585	2.0828821289294	3.55082087465239	0	NA	NA	NA	NA	NA	NA	1	-0.24725818706364	0.0611366110699978	1	0.177000153147423	0.0313290542142112	1	-0.234262420015837	0.0548788814316762	1	0.216796130400075	0.0470005621564463	1.00123821140985	4388.43435378177	0	1.00233694349057	13455.7311144238	0	NA	NA	NA	NA	NA	NA	NA	NA
631	3	3	exact_null_point_mass	exact_null_point_mass	point_mass	0	none	no_benefit	0	0	NA	0	0	1000	360	600	1000	1000	360	769	0.64	0.231	6.16369887463693	24	24	0	2	1	10	4	1	5000	2500	1	0.99	14	10000	101630	0.4134	0.4132	-0.516532176263354	-5.3684028991772	-0.558950650402885	4.51270472378928	9.88110762296648	-0.123649914023726	-1.18207654289152	-0.128868044224207	0.912680403191218	2.09475694608274	0.378973613131103	-1.5472495190875	-12.1516973798038	-1.30762207443252	9.1783366160306	21.3300339958344	0.0374	0.3266	-0.50713309899017	-2.65623666454591	-0.442950567314874	1.35569086361054	4.01192752815645	0	NA	NA	NA	NA	NA	NA	1	-0.516532176263354	0.266805489115356	1	-0.123649914023726	0.0152893012380748	1	-1.5472495190875	2.39398107431651	1	-0.50713309899017	0.257183980091374	1.00148030651649	4565.07885213542	0	1.00117067556656	10075.5083075724	0	NA	NA	NA	NA	NA	NA	NA	NA
842	3	3	exact_null_point_mass	exact_null_point_mass	point_mass	0	none	no_benefit	0	0	NA	0	0	1000	360	600	1000	1000	360	751	0.64	0.249	6.13033045543417	24	24	0	2	1	10	4	1	5000	2500	1	0.99	14	10000	101841	0.5244	0.6113	0.156398375496861	-4.75143276171182	0.144647682918663	5.11141930009585	9.86285206180767	0.154032584877422	-0.911438029638975	0.150433587994769	1.2408148062434	2.15225283588237	0.500833159758384	0.00860715137509848	-10.886696519164	0.0136802839788128	10.9540976687387	21.8407941879027	0.0398	0.6266	0.33632958916905	-1.60109034853236	0.314922056259607	2.44723072292041	4.04832107145277	0	NA	NA	NA	NA	NA	NA	1	0.156398375496861	0.0244604518580572	1	0.154032584877422	0.0237260372040203	1	0.00860715137509848	7.40830547938596e-05	1	0.33632958916905	0.113117592550622	1.00141016135783	4042.2861569132	0	1.00166181457329	9924.512703276	0	NA	NA	NA	NA	NA	NA	NA	NA
697	3	3	exact_null_point_mass	exact_null_point_mass	point_mass	0	none	no_benefit	0	0	NA	0	0	1000	360	600	1000	1000	360	739	0.64	0.261	5.99005432462399	24	24	0	2	1	10	4	1	5000	2500	1	0.99	14	10000	101696	0.4261	0.0213	-0.538271277531326	-6.05186701124266	-0.540369638810249	5.26665286118057	11.3185198724232	-1.131870091649	-2.24409364599316	-1.13084171877057	-0.0381460980592546	2.2059475479339	0.450680089964657	-0.654828610883557	-12.5182062746996	-0.713868923212232	11.2782170807313	23.7964233554309	0.0663	0.0585	-1.84926123150307	-4.14671203847456	-1.8765814922364	0.502990781723451	4.64970282019801	0	NA	NA	NA	NA	NA	NA	1	-0.538271277531326	0.289735968215206	0	-1.131870091649	1.28112990436952	1	-0.654828610883557	0.428800509631688	1	-1.84926123150307	3.41976710234025	1.00172501084969	4669.58899490853	0	1.00203924695365	15766.4553332849	0	NA	NA	NA	NA	NA	NA	NA	NA
824	3	3	exact_null_point_mass	exact_null_point_mass	point_mass	0	none	no_benefit	0	0	NA	0	0	1000	360	600	1000	1000	360	743	0.64	0.257	6.13893457981603	24	24	0	2	1	10	4	1	5000	2500	1	0.99	14	10000	101823	0.6042	0.6143	0.665121698230843	-4.43938444822903	0.675248775731926	5.52133590654575	9.96072035477479	0.16063105054206	-0.914712527578859	0.162277340136643	1.22223960564129	2.13695213322015	0.611549384663932	1.46568582279188	-9.43972798089526	1.33433856457819	12.1991853311888	21.6389133120841	0.0493	0.6881	0.462230103583513	-1.66414845666365	0.513848997632474	2.29250761252306	3.95665606918671	0	NA	NA	NA	NA	NA	NA	1	0.665121698230843	0.44238687345748	1	0.16063105054206	0.0258023343982458	1	1.46568582279188	2.14823493113312	1	0.462230103583513	0.213656668658825	1.0014316419126	4323.15274358422	0	1.00213572842367	12350.403568901	0	NA	NA	NA	NA	NA	NA	NA	NA
642	3	3	exact_null_point_mass	exact_null_point_mass	point_mass	0	none	no_benefit	0	0	NA	0	0	1000	360	600	1000	1000	360	756	0.64	0.244	5.89744320941887	24	24	0	2	1	10	4	1	5000	2500	1	0.99	14	10000	101641	0.4472	0.3785	-0.362747188343556	-6.00726534979121	-0.388124044469795	5.32753523551846	11.3348005853097	-0.175152778565127	-1.24633953917984	-0.179704725283489	0.891482288264005	2.13782182744384	0.46506922257721	-0.567768132957637	-12.5465647179828	-0.447358265528882	11.3286610655658	23.8752257835485	0.061	0.1946	-0.913093595087575	-2.98116607431155	-0.935381939113832	1.19716750077393	4.17833357508548	0	NA	NA	NA	NA	NA	NA	1	-0.362747188343556	0.131585522651155	1	-0.175152778565127	0.0306784958390845	1	-0.567768132957637	0.322360652802201	1	-0.913093595087575	0.833739913389953	1.00172206288391	4238.60833369614	0	1.00178749790202	13208.3961788116	0	NA	NA	NA	NA	NA	NA	NA	NA
658	3	3	exact_null_point_mass	exact_null_point_mass	point_mass	0	none	no_benefit	0	0	NA	0	0	1000	360	600	1000	1000	360	754	0.64	0.246	5.98735778908309	24	24	0	2	1	10	4	1	5000	2500	1	0.99	14	10000	101657	0.4535	0.7356	-0.342775917814408	-6.00334718965713	-0.317591115241418	5.22901095972037	11.2323581493775	0.350298204839406	-0.728958580122108	0.345788523749012	1.43945023452632	2.16840881464843	0.470569383612862	-0.507510439452546	-12.4209598061289	-0.362956029929768	11.3038983031597	23.7248581092886	0.0639	0.5145	0.0261937059059579	-2.00406926693189	0.0340255608843449	2.10713493233925	4.11120419927113	0	NA	NA	NA	NA	NA	NA	1	-0.342775917814408	0.11749532983351	1	0.350298204839406	0.12270883231371	1	-0.507510439452546	0.257566846153317	1	0.0261937059059579	0.000686110229087815	1.00112252669674	4146.6353096003	0	1.00156387761945	12983.839045734	0	NA	NA	NA	NA	NA	NA	NA	NA
640	3	3	exact_null_point_mass	exact_null_point_mass	point_mass	0	none	no_benefit	0	0	NA	0	0	1000	360	600	1000	1000	360	768	0.64	0.232	6.39518584804514	24	24	0	2	1	10	4	1	5000	2500	1	0.99	14	10000	101639	0.4586	0.1738	-0.273003139952596	-5.35759047084265	-0.259584160716444	4.95171076843055	10.3093012392732	-0.493056625504182	-1.51629318038395	-0.49324834893238	0.513781838351566	2.03007501873551	0.474267448055408	-0.376282411190148	-11.6041538418055	-0.308354225540561	10.7766632168728	22.3808170586783	0.0615	0.1447	-1.05751584742293	-3.05664229407077	-1.04626392361831	0.862271116685387	3.91891341075616	0	NA	NA	NA	NA	NA	NA	1	-0.273003139952596	0.0745307144239767	1	-0.493056625504182	0.243104835953571	1	-0.376282411190148	0.141588452971072	1	-1.05751584742293	1.11833976755063	1.00120203215859	4838.9933299192	0	1.00239666904028	14755.3262828888	0	NA	NA	NA	NA	NA	NA	NA	NA
641	3	3	exact_null_point_mass	exact_null_point_mass	point_mass	0	none	no_benefit	0	0	NA	0	0	1000	360	600	1000	1000	360	730	0.64	0.27	6.65684795720668	24	24	0	2	1	10	4	1	5000	2500	1	0.99	14	10000	101640	0.4872	0.254	-0.0864077747069904	-5.34751257919577	-0.0711270637097678	5.17417947817444	10.5216920573702	-0.362150111305721	-1.42422643640906	-0.358945955658789	0.689726548971726	2.11395298538079	0.492742634315425	-0.0681009407014052	-11.618854550021	-0.0864122128656302	11.1762397381572	22.7950942881782	0.0768	0.3379	-0.459340580077228	-2.72426279871854	-0.473777997360371	1.77171589890504	4.49597869762359	0	NA	NA	NA	NA	NA	NA	1	-0.0864077747069904	0.007466303529814	1	-0.362150111305721	0.131152703118746	1	-0.0681009407014052	0.00463773812441631	1	-0.459340580077228	0.210993768505684	1.00162344286678	4482.80982705057	0	1.00142051577684	11665.4301544588	0	NA	NA	NA	NA	NA	NA	NA	NA
769	3	3	exact_null_point_mass	exact_null_point_mass	point_mass	0	none	no_benefit	0	0	NA	0	0	1000	360	600	1000	1000	360	750	0.64	0.25	6.48417294077257	24	24	0	2	1	10	4	1	5000	2500	1	0.99	14	10000	101768	0.5102	0.7775	0.0748413553742915	-5.04275572406382	0.0675437266668668	5.2339226255392	10.276678349603	0.413170900705565	-0.631547823090959	0.416857313561169	1.467780777519	2.09932860060996	0.505427841634738	0.0818245311592257	-11.0143394985189	0.0549056023101837	11.0469957913731	22.061335289892	0.0604	0.7109	0.525616393031105	-1.47736823798435	0.550002181529813	2.29567216556082	3.77304040354516	0	NA	NA	NA	NA	NA	NA	1	0.0748413553742915	0.00560122847426099	1	0.413170900705565	0.170710193189848	1	0.0818245311592257	0.0066952538994271	1	0.525616393031105	0.276272592623029	1.00198225591773	4286.54581351346	0	1.00175558031073	9598.74700003576	0	NA	NA	NA	NA	NA	NA	NA	NA
876	3	3	exact_null_point_mass	exact_null_point_mass	point_mass	0	none	no_benefit	0	0	NA	0	0	1000	360	600	1000	1000	360	743	0.64	0.257	6.03231811457567	24	24	0	2	1	10	4	1	5000	2500	1	0.99	14	10000	101875	0.3863	0.7731	-0.695268542344067	-5.6547319148886	-0.71269101821619	4.58256884354383	10.2373007584324	0.411932437720409	-0.664428793969782	0.414078860466851	1.49031743545095	2.15474622942073	0.27937390587993	-2.38274075159306	-13.0404571219243	-2.17742477326189	8.6386016745998	21.6790587965241	0.0289	0.557	0.199404602933091	-2.00316123231262	0.168615043264984	2.53030338008524	4.53346461239786	0	NA	NA	NA	NA	NA	NA	1	-0.695268542344067	0.483398345973243	1	0.411932437720409	0.169688333246279	1	-2.38274075159306	5.67745348930227	1	0.199404602933091	0.0397621956709038	1.00177292388523	4660.24921608549	0	1.00217792422595	14813.6263770079	0	NA	NA	NA	NA	NA	NA	NA	NA
878	3	3	exact_null_point_mass	exact_null_point_mass	point_mass	0	none	no_benefit	0	0	NA	0	0	1000	360	600	1000	1000	360	741	0.64	0.259	6.33166485224829	24	24	0	2	1	10	4	1	5000	2500	1	0.99	14	10000	101877	0.5695	0.8336	0.487105832764559	-4.6294538418341	0.462714845721706	5.52927762963823	10.1587314714723	0.530500536004733	-0.523978568073827	0.530134960741091	1.60236528684498	2.12634385491881	0.54610753142495	0.577047845485841	-10.4258480826715	0.516516719832296	11.4999161846726	21.9257642673441	0.0533	0.8035	0.874817349678126	-1.33700811283067	0.93494591675133	2.80568983124179	4.14269794407245	0	NA	NA	NA	NA	NA	NA	1	0.487105832764559	0.237272092313255	1	0.530500536004733	0.281430818701309	1	0.577047845485841	0.332984215979851	1	0.874817349678126	0.765305395297861	1.00229909836677	4491.12722861519	0	1.00085484793277	11640.2039473116	0	NA	NA	NA	NA	NA	NA	NA	NA
871	3	3	exact_null_point_mass	exact_null_point_mass	point_mass	0	none	no_benefit	0	0	NA	0	0	1000	360	600	1000	1000	360	738	0.64	0.262	6.75180097433891	24	24	0	2	1	10	4	1	5000	2500	1	0.99	14	10000	101870	0.518	0.4762	0.110037117724285	-5.15994696594296	0.135799683763319	5.30255736500503	10.462504330948	-0.0346293247216163	-1.10964434483191	-0.0335222944577866	1.01791610065105	2.12756044548296	0.511833046471601	0.135371890525753	-11.0717114193335	0.141000668999175	11.5176313351903	22.5893427545237	0.0704	0.6215	0.31849780565002	-1.76172867601321	0.326681622038375	2.32131896957161	4.08304764558482	0	NA	NA	NA	NA	NA	NA	1	0.110037117724285	0.0121081672770681	1	-0.0346293247216163	0.00119919013067515	1	0.135371890525753	0.0183255487445165	1	0.31849780565002	0.101440852203878	1.00176840987638	4707.469012693	0	1.00180867016991	12772.3146940658	0	NA	NA	NA	NA	NA	NA	NA	NA
335	3	3	exact_null_point_mass	exact_null_point_mass	point_mass	0	none	no_benefit	0	0	NA	0	0	1000	360	600	1000	1000	360	745	0.64	0.255	6.74509019844579	24	24	0	2	1	10	4	1	5000	2500	1	0.99	14	10000	101334	0.5727	0.9646	0.49773844376597	-4.87015473132474	0.506759728760039	5.83869631862072	10.7088510499455	0.968654195711217	-0.0874093191323615	0.966015289752702	2.03705444320345	2.12446376233581	0.546785210885829	0.575555688022135	-10.7108811376542	0.621641500717436	11.6987060997457	22.4095872374	0.0777	0.9438	1.63744026575712	-0.437403702195822	1.58817847170772	3.7936921200868	4.23109582228262	0	NA	NA	NA	NA	NA	NA	1	0.49773844376597	0.247743558402569	1	0.968654195711217	0.938290950868944	1	0.575555688022135	0.331264350014633	1	1.63744026575712	2.68121062392274	1.00134581262649	4219.6549794422	0	1.00215200434523	14239.5792998067	0	NA	NA	NA	NA	NA	NA	NA	NA
723	3	3	exact_null_point_mass	exact_null_point_mass	point_mass	0	none	no_benefit	0	0	NA	0	0	1000	360	600	1000	1000	360	745	0.64	0.255	6.53599488897357	24	24	0	2	1	10	4	1	5000	2500	1	0.99	14	10000	101722	0.4274	0.0429	-0.48228270037071	-5.72171582542557	-0.504359897364857	4.77827673244757	10.4999925578731	-0.931218525432049	-2.00048652844247	-0.921068347934957	0.138232069519639	2.13871859796211	0.438733905579399	-0.750789204187605	-11.7989026450271	-0.758903464731111	10.5730719983728	22.3719746433999	0.068	0.1135	-1.32104317681022	-3.96519343212841	-1.21990881422801	0.798235132806601	4.76342856493501	0	NA	NA	NA	NA	NA	NA	1	-0.48228270037071	0.232596603076864	1	-0.931218525432049	0.867167942107839	1	-0.750789204187605	0.563684429124658	1	-1.32104317681022	1.74515507499684	1.0011984319397	4243.46771355892	0	1.00183164534044	12179.6657050608	0	NA	NA	NA	NA	NA	NA	NA	NA
852	3	3	exact_null_point_mass	exact_null_point_mass	point_mass	0	none	no_benefit	0	0	NA	0	0	1000	360	600	1000	1000	360	755	0.64	0.245	6.30973657728072	24	24	0	2	1	10	4	1	5000	2500	1	0.99	14	10000	101851	0.4592	0.4846	-0.279726098478261	-5.58329742042065	-0.281177061155312	4.92734822717472	10.5106456475954	-0.0232723381062542	-1.1044656354226	-0.020104238733639	1.06896337767639	2.173429013099	0.49312862357741	-0.0903052298303381	-11.4013965103185	-0.0842005550888834	10.997963813893	22.3993603242115	0.0686	0.6634	0.398001591221228	-1.64158055442717	0.394101556515175	2.34168780673719	3.98326836116436	0	NA	NA	NA	NA	NA	NA	1	-0.279726098478261	0.07824669016987	1	-0.0232723381062542	0.000541601720931809	1	-0.0903052298303381	0.00815503453471018	1	0.398001591221228	0.158405266614629	1.00254357696809	3953.13280283865	0	1.00192769289031	11838.9249345461	0	NA	NA	NA	NA	NA	NA	NA	NA
783	3	3	exact_null_point_mass	exact_null_point_mass	point_mass	0	none	no_benefit	0	0	NA	0	0	1000	360	600	1000	1000	360	751	0.64	0.249	5.69862549992022	24	24	0	2	1	10	4	1	5000	2500	1	0.99	14	10000	101782	0.3993	0.2324	-0.719223870636842	-6.28789824185822	-0.718658872517718	4.92344753254076	11.211345774399	-0.407094012868112	-1.50953640078147	-0.409297610742881	0.682123682857821	2.19166008363929	0.438325758376493	-0.893170941265553	-12.6094504100445	-0.796816022228418	10.8626433274096	23.4720937374541	0.0539	0.2141	-0.968994740946239	-3.34958087613414	-1.00824606607819	1.54370343599623	4.89328431213037	0	NA	NA	NA	NA	NA	NA	1	-0.719223870636842	0.517282976093841	1	-0.407094012868112	0.165725535313063	1	-0.893170941265553	0.797754330321194	1	-0.968994740946239	0.938950807981469	1.00144600278798	4678.02458500067	0	1.00173875721752	15897.9345871994	0	NA	NA	NA	NA	NA	NA	NA	NA
762	3	3	exact_null_point_mass	exact_null_point_mass	point_mass	0	none	no_benefit	0	0	NA	0	0	1000	360	600	1000	1000	360	741	0.64	0.259	6.43378077760267	24	24	0	2	1	10	4	1	5000	2500	1	0.99	14	10000	101761	0.6169	0.9192	0.773687701478424	-4.29669038540442	0.8164591455822	5.84362866158699	10.1403190469914	0.75903382840803	-0.307945682900848	0.764199542192268	1.82083886098778	2.12878454388863	0.59418901660281	1.27251210695321	-9.69941707865345	1.18427219936203	12.4194128618104	22.1188299404638	0.0604	0.932	1.36629826833645	-0.468238269389873	1.33540394004764	3.39952309803609	3.86776136742596	0	NA	NA	NA	NA	NA	NA	1	0.773687701478424	0.598592659418967	1	0.75903382840803	0.576132352667751	1	1.27251210695321	1.6192870623425	1	1.36629826833645	1.86677095805917	1.00168555992448	4750.0869044836	0	1.0025122541189	12812.8939854081	0	NA	NA	NA	NA	NA	NA	NA	NA
716	3	3	exact_null_point_mass	exact_null_point_mass	point_mass	0	none	no_benefit	0	0	NA	0	0	1000	360	600	1000	1000	360	749	0.64	0.251	6.20983152103951	24	24	0	2	1	10	4	1	5000	2500	1	0.99	14	10000	101715	0.4147	0.2878	-0.549143940229769	-5.62600703919896	-0.586164143801056	4.68454191439992	10.3105489535989	-0.3129561075689	-1.42737628763433	-0.312272726658818	0.779491316992834	2.20686760462716	0.424664710813076	-0.970364954611248	-11.8995748090089	-0.824734389339893	9.96034599271353	21.8599208017224	0.0456	0.2749	-0.452066921892188	-2.07207118949715	-0.429754223951432	1.14612380569024	3.21819499518739	0	NA	NA	NA	NA	NA	NA	1	-0.549143940229769	0.301559067091076	1	-0.3129561075689	0.0979415252646769	1	-0.970364954611248	0.94160814513769	1	-0.452066921892188	0.204364501869078	1.00150863297802	4083.46145756132	0	1.00199496076322	10262.075330483	0	NA	NA	NA	NA	NA	NA	NA	NA
668	3	3	exact_null_point_mass	exact_null_point_mass	point_mass	0	none	no_benefit	0	0	NA	0	0	1000	360	600	1000	1000	360	756	0.64	0.244	5.64449339681065	24	24	0	2	1	10	4	1	5000	2500	1	0.99	14	10000	101667	0.4641	0.7377	-0.260485460595137	-5.79151315535031	-0.274036418201035	5.19972929207368	10.991242447424	0.343157477077694	-0.691399916923523	0.340854108467989	1.39904831132179	2.09044822824532	0.47516538905807	-0.282903353596275	-11.7467593883159	-0.356297474854724	11.562806120173	23.3095655084888	0.0477	0.3051	-0.342952155821043	-1.87271663713813	-0.404694758595625	1.43179296870949	3.30450960584762	0	NA	NA	NA	NA	NA	NA	1	-0.260485460595137	0.0678526751814606	1	0.343157477077694	0.117757054074328	1	-0.282903353596275	0.0800343074760192	1	-0.342952155821043	0.117616181182301	1.00186158348619	4191.18723056471	0	1.00124659300647	6612.44601512646	0	NA	NA	NA	NA	NA	NA	NA	NA
861	3	3	exact_null_point_mass	exact_null_point_mass	point_mass	0	none	no_benefit	0	0	NA	0	0	1000	360	600	1000	1000	360	735	0.64	0.265	6.73483849246994	24	24	0	2	1	10	4	1	5000	2500	1	0.99	14	10000	101860	0.4962	0.1996	-0.00881462628422603	-5.22017280321264	-0.0322798371414779	5.28080024644065	10.5009730496533	-0.461662613201134	-1.5194560512204	-0.460239749049246	0.583069121531385	2.10252517275179	0.492307692307692	-0.106250488324816	-11.4098130298072	-0.116652620157764	11.2879190375908	22.6977320673979	0.0705	0.1915	-0.958450622321425	-2.98240954430281	-1.00535387969817	1.2734450199442	4.25585456424701	0	NA	NA	NA	NA	NA	NA	1	-0.00881462628422603	7.76976365305683e-05	1	-0.461662613201134	0.2131323684277	1	-0.106250488324816	0.0112891662692618	1	-0.958450622321425	0.918627595428327	1.00151597546745	4934.41905331678	0	1.00092233180537	11717.2155142734	0	NA	NA	NA	NA	NA	NA	NA	NA
732	3	3	exact_null_point_mass	exact_null_point_mass	point_mass	0	none	no_benefit	0	0	NA	0	0	1000	360	600	1000	1000	360	738	0.64	0.262	6.48786883446744	24	24	0	2	1	10	4	1	5000	2500	1	0.99	14	10000	101731	0.3924	0.3464	-0.710313853047898	-5.9175918423747	-0.748982119955178	4.49945275690876	10.4170445992835	-0.207326083302811	-1.30850596142028	-0.201131799469056	0.8615399432785	2.17004590469878	0.427389903329753	-1.02773644401524	-11.9850514419222	-0.929441053565176	10.1688880188887	22.1539394608109	0.069	0.3184	-0.521800424693939	-2.80448323239471	-0.510347136600052	1.66093483496302	4.46541806735773	0	NA	NA	NA	NA	NA	NA	1	-0.710313853047898	0.50454576983175	1	-0.207326083302811	0.0429841048176842	1	-1.02773644401524	1.05624219835709	1	-0.521800424693939	0.272275683210775	1.00144280276046	4510.01373843984	0	1.0014630076512	11234.5430342904	0	NA	NA	NA	NA	NA	NA	NA	NA
772	3	3	exact_null_point_mass	exact_null_point_mass	point_mass	0	none	no_benefit	0	0	NA	0	0	1000	360	600	1000	1000	360	754	0.64	0.246	5.88987737547061	24	24	0	2	1	10	4	1	5000	2500	1	0.99	14	10000	101771	0.4394	0.1248	-0.41711185253644	-6.00793237879619	-0.453114457646354	5.11442157830306	11.1223539570992	-0.629955086654482	-1.70585836896816	-0.629460520082553	0.460809908216547	2.16666827718471	0.459806732505044	-0.607017208391229	-12.4071356889842	-0.552840348331408	11.0404577053706	23.4475933943548	0.0583	0.2899	-0.60024144626376	-2.72292058823892	-0.597365616458441	1.44343523652477	4.16635582476369	0	NA	NA	NA	NA	NA	NA	1	-0.41711185253644	0.173982297526381	1	-0.629955086654482	0.396843411201856	1	-0.607017208391229	0.368469891283081	1	-0.60024144626376	0.36028979381281	1.00148944253872	4355.74562666899	0	1.00151740275978	11473.9608674918	0	NA	NA	NA	NA	NA	NA	NA	NA
659	3	3	exact_null_point_mass	exact_null_point_mass	point_mass	0	none	no_benefit	0	0	NA	0	0	1000	360	600	1000	1000	360	751	0.64	0.249	5.77510941007542	24	24	0	2	1	10	4	1	5000	2500	1	0.99	14	10000	101658	0.4883	0.3811	-0.0825066982365908	-5.51012685720309	-0.0917891967982287	5.54189600076498	11.0520228579681	-0.161639308929713	-1.24910518717807	-0.168395382635417	0.939708598508575	2.18881378568664	0.485527149799282	-0.162831329068429	-11.8463938977933	-0.168074101741918	11.5125464672215	23.3589403650148	0.0534	0.4946	-0.00646306398943056	-2.06267786844563	-0.0135122212845591	2.07216962339238	4.13484749183801	0	NA	NA	NA	NA	NA	NA	1	-0.0825066982365908	0.00680735525390386	1	-0.161639308929713	0.0261272661912753	1	-0.162831329068429	0.0265140417261911	1	-0.00646306398943056	4.17711961314741e-05	1.00111182900013	4299.00332011692	0	1.00166853732429	10649.9738701388	0	NA	NA	NA	NA	NA	NA	NA	NA
632	3	3	exact_null_point_mass	exact_null_point_mass	point_mass	0	none	no_benefit	0	0	NA	0	0	1000	360	600	1000	1000	360	740	0.64	0.26	5.85851571452316	24	24	0	2	1	10	4	1	5000	2500	1	0.99	14	10000	101631	0.5309	0.4657	0.197548968315178	-5.52887238234191	0.234255161734615	5.70499044406171	11.2338628264036	-0.047962696696369	-1.11161642605919	-0.0480411119583586	1.01555410646484	2.12717053252404	0.526798082045818	0.341146889334264	-11.9130530882673	0.35625172661827	12.0025708168873	23.9156239051547	0.0615	0.5911	0.243252142524556	-1.91036402946402	0.242615950428718	2.32160459756148	4.23196862702551	0	NA	NA	NA	NA	NA	NA	1	0.197548968315178	0.0390255948823913	1	-0.047962696696369	0.00230042027438788	1	0.341146889334264	0.116381200102445	1	0.243252142524556	0.059171604842787	1.00252142381264	4449.98097540626	0	1.00234741488705	10109.0507377443	0	NA	NA	NA	NA	NA	NA	NA	NA
788	3	3	exact_null_point_mass	exact_null_point_mass	point_mass	0	none	no_benefit	0	0	NA	0	0	1000	360	600	1000	1000	360	759	0.64	0.241	6.4162159203446	24	24	0	2	1	10	4	1	5000	2500	1	0.99	14	10000	101787	0.4778	0.5574	-0.155351226922475	-5.34432351578411	-0.140356849491091	4.98648234580359	10.3308058615877	0.0767871852383051	-1.00693773039721	0.0832755468611071	1.13150514431282	2.13844287471003	0.483792372881356	-0.213228088403871	-11.420894510855	-0.209162082210381	10.9547334846334	22.3756279954884	0.056	0.3441	-0.337578895079673	-2.21501909573735	-0.374301479761894	1.74802612133916	3.96304521707651	0	NA	NA	NA	NA	NA	NA	1	-0.155351226922475	0.0241340037063184	1	0.0767871852383051	0.00589627181682177	1	-0.213228088403871	0.0454662176843688	1	-0.337578895079673	0.113959510403213	1.00164368616893	4227.00623121326	0	1.00181037723707	11087.2661053853	0	NA	NA	NA	NA	NA	NA	NA	NA
853	3	3	exact_null_point_mass	exact_null_point_mass	point_mass	0	none	no_benefit	0	0	NA	0	0	1000	360	600	1000	1000	360	745	0.64	0.255	6.02471496074246	24	24	0	2	1	10	4	1	5000	2500	1	0.99	14	10000	101852	0.578	0.94	0.531596477820243	-4.51985022445098	0.54428359462162	5.61158457833266	10.1314348027836	0.823588430758701	-0.228294210318006	0.821321260103235	1.86768633607743	2.09598054639544	0.552773737793476	0.69711959854399	-10.7054349771334	0.647896935144149	12.0813040917032	22.7867390688366	0.0374	0.9408	1.66791676963567	-0.444398062975211	1.69429685857909	3.6326335369877	4.07703159996291	0	NA	NA	NA	NA	NA	NA	1	0.531596477820243	0.282594815230888	1	0.823588430758701	0.67829790327958	1	0.69711959854399	0.485975734674133	1	1.66791676963567	2.78194635043189	1.00137519498616	3936.84008343795	0	1.00215118246845	13356.7355446828	0	NA	NA	NA	NA	NA	NA	NA	NA
855	3	3	exact_null_point_mass	exact_null_point_mass	point_mass	0	none	no_benefit	0	0	NA	0	0	1000	360	600	1000	1000	360	755	0.64	0.245	5.70220671662573	24	24	0	2	1	10	4	1	5000	2500	1	0.99	14	10000	101854	0.6046	0.9667	0.750702800126859	-4.81176141925064	0.759114659771752	6.21763002999385	11.0293914492445	1.02435914233512	-0.0610804710200447	1.03396351523672	2.09392708276359	2.15500755378364	0.575792935186167	0.966176230286222	-10.951111823154	0.976172963540835	12.3556357308593	23.3067475540133	0.0573	0.9452	1.68532611424645	-0.366348677094943	1.74239922273605	3.5684536072584	3.93480228435335	0	NA	NA	NA	NA	NA	NA	1	0.750702800126859	0.563554694118307	1	1.02435914233512	1.04931165248555	1	0.966176230286222	0.933496507970094	1	1.68532611424645	2.84032411136105	1.00156148562691	4250.10870166604	0	1.00122770806043	10195.8757622729	0	NA	NA	NA	NA	NA	NA	NA	NA
877	3	3	exact_null_point_mass	exact_null_point_mass	point_mass	0	none	no_benefit	0	0	NA	0	0	1000	360	600	1000	1000	360	739	0.64	0.261	6.58854078321541	24	24	0	2	1	10	4	1	5000	2500	1	0.99	14	10000	101876	0.5109	0.5341	0.0200602055773469	-5.2237459652777	0.0765517674712903	5.22199099715329	10.445736962431	0.0468496937023615	-1.01236532058643	0.0495790130732363	1.11645223588702	2.12881755647345	0.498010110788426	-0.0553638070388683	-11.0251728536992	-0.0194265912817375	11.0238273859822	22.0490002396814	0.0703	0.4647	-0.124897748247412	-2.48286253274926	-0.0991285316263868	2.06969007019166	4.55255260294091	0	NA	NA	NA	NA	NA	NA	1	0.0200602055773469	0.000402411847805418	1	0.0468496937023615	0.00219489380000509	1	-0.0553638070388683	0.00306515112983704	1	-0.124897748247412	0.0155994475172739	1.00176233573744	4629.82718249056	0	1.00133166493152	11735.8521187337	0	NA	NA	NA	NA	NA	NA	NA	NA
854	3	3	exact_null_point_mass	exact_null_point_mass	point_mass	0	none	no_benefit	0	0	NA	0	0	1000	360	600	1000	1000	360	743	0.64	0.257	6.39094336609609	24	24	0	2	1	10	4	1	5000	2500	1	0.99	14	10000	101853	0.4139	0.4557	-0.595829560586276	-5.75477491800349	-0.599213554900013	4.53573334355412	10.2905082615576	-0.0625916031480896	-1.14453949150705	-0.0606517376999332	1.01147696579931	2.15601645730635	0.452882365454159	-0.679364527449536	-11.8311445331634	-0.566542497257023	10.3546473733198	22.1857919064832	0.0598	0.4451	-0.0675515933217114	-2.1949945249961	-0.18121062125342	2.47389735563727	4.66889188063337	0	NA	NA	NA	NA	NA	NA	1	-0.595829560586276	0.355012865268435	1	-0.0625916031480896	0.00391770878464793	1	-0.679364527449536	0.461536161156732	1	-0.0675515933217114	0.00456321776030189	1.00148417310037	4456.25045605679	0	1.00131523506113	10062.467776729	0	NA	NA	NA	NA	NA	NA	NA	NA
803	3	3	exact_null_point_mass	exact_null_point_mass	point_mass	0	none	no_benefit	0	0	NA	0	0	1000	360	600	1000	1000	360	738	0.64	0.262	6.08259006305267	24	24	0	2	1	10	4	1	5000	2500	1	0.99	14	10000	101802	0.5424	0.8075	0.30232163930597	-4.8672577040285	0.286576123943645	5.5272890492057	10.3945467532342	0.481789996532461	-0.606833129681187	0.475120227372411	1.58058143805584	2.18741456773703	0.532457905326697	0.461657159711466	-10.6892977107123	0.406758402351372	11.6290539538093	22.3183516645216	0.0557	0.6441	0.522209512545999	-1.9725184286221	0.486008717781274	3.03664331483239	5.00916174345449	0	NA	NA	NA	NA	NA	NA	1	0.30232163930597	0.0913983735926492	1	0.481789996532461	0.232121600758749	1	0.461657159711466	0.213127333112858	1	0.522209512545999	0.27270277499353	1.00144435615924	4422.82895147569	0	1.0015694449849	12838.9943929845	0	NA	NA	NA	NA	NA	NA	NA	NA
681	3	3	exact_null_point_mass	exact_null_point_mass	point_mass	0	none	no_benefit	0	0	NA	0	0	1000	360	600	1000	1000	360	760	0.64	0.24	5.67560401022329	24	24	0	2	1	10	4	1	5000	2500	1	0.99	14	10000	101680	0.51	0.6236	0.0585235346762829	-5.46090386795308	0.0665090227185328	5.47575786244442	10.9366617303975	0.160645664322492	-0.896836559586867	0.165783394355316	1.22581577271847	2.12265233230534	0.510357218347072	0.13857296575557	-11.5489503310364	0.117065701203	11.7096453489496	23.258595679986	0.0538	0.8862	1.03907685049032	-1.01286511041852	1.13412049950249	2.52164311416575	3.53450822458428	0	NA	NA	NA	NA	NA	NA	1	0.0585235346762829	0.00342500411100609	1	0.160645664322492	0.0258070294656147	1	0.13857296575557	0.0192024668382944	1	1.03907685049032	1.07968070122488	1.00185835465366	4262.46560716097	0	1.00312053413195	13722.5732154999	0	NA	NA	NA	NA	NA	NA	NA	NA
790	3	3	exact_null_point_mass	exact_null_point_mass	point_mass	0	none	no_benefit	0	0	NA	0	0	1000	360	600	1000	1000	360	760	0.64	0.24	5.75704535351068	24	24	0	2	1	10	4	1	5000	2500	1	0.99	14	10000	101789	0.5904	0.8585	0.638155208195501	-4.95622868936759	0.640639611570378	6.17146232636164	11.1276910157292	0.574831764305988	-0.484095347100066	0.582280035140693	1.60877267060722	2.09286801770728	0.56598769361341	0.960219717381098	-10.8923892592931	0.900388669336592	12.6219532376844	23.5143424969775	0.0574	0.798	0.863822656440598	-1.00382083736963	0.80380592224671	2.90746586234601	3.91128669971564	0	NA	NA	NA	NA	NA	NA	1	0.638155208195501	0.407242069747043	1	0.574831764305988	0.330431557255135	1	0.960219717381098	0.922021905647435	1	0.863822656440598	0.746189581780091	1.00156104029916	4110.07069147705	0	1.00290773043422	11500.7161816216	0	NA	NA	NA	NA	NA	NA	NA	NA
761	3	3	exact_null_point_mass	exact_null_point_mass	point_mass	0	none	no_benefit	0	0	NA	0	0	1000	360	600	1000	1000	360	780	0.64	0.22	6.06264822744949	24	24	0	2	1	10	4	1	5000	2500	1	0.99	14	10000	101760	0.4458	0.3847	-0.360189957028362	-5.12243502571851	-0.342276950775377	4.46637630755928	9.58881133327778	-0.161337183420524	-1.22721994428446	-0.156541415384232	0.878586051233616	2.10580599551808	0.424192889252145	-0.817734249415131	-11.3305255195931	-0.661076481242921	9.77813924091985	21.1086647605129	0.0212	0.7158	0.500803737013783	-1.28724195024464	0.496001179825293	2.2846661596815	3.57190810992614	0	NA	NA	NA	NA	NA	NA	1	-0.360189957028362	0.129736805144093	1	-0.161337183420524	0.0260296867540677	1	-0.817734249415131	0.668689302666528	1	0.500803737013783	0.25080438300697	1.0017621719138	4981.27995112887	0	1.00220097641325	11676.1143568629	0	NA	NA	NA	NA	NA	NA	NA	NA
733	3	3	exact_null_point_mass	exact_null_point_mass	point_mass	0	none	no_benefit	0	0	NA	0	0	1000	360	600	1000	1000	360	769	0.64	0.231	6.34154911778219	24	24	0	2	1	10	4	1	5000	2500	1	0.99	14	10000	101732	0.5348	0.3192	0.212505117201825	-4.96911671532816	0.223640353087278	5.24359869682647	10.2127154121546	-0.242466034210744	-1.26649116727008	-0.247830299911726	0.811622619427466	2.07811378669755	0.53033039413577	0.46322383615497	-10.9161254240345	0.418484173462928	11.4572122978112	22.3733377218457	0.0587	0.3166	-0.401108474644871	-2.06623587696003	-0.391987043330843	1.21163237314634	3.27786825010637	0	NA	NA	NA	NA	NA	NA	1	0.212505117201825	0.0451584248369614	1	-0.242466034210744	0.0587897777458856	1	0.46322383615497	0.214576322382127	1	-0.401108474644871	0.160888008431935	1.00128836097725	4609.39046153541	0	1.00148597742319	12043.3703172079	0	NA	NA	NA	NA	NA	NA	NA	NA
737	3	3	exact_null_point_mass	exact_null_point_mass	point_mass	0	none	no_benefit	0	0	NA	0	0	1000	360	600	1000	1000	360	746	0.64	0.254	6.03589756165376	24	24	0	2	1	10	4	1	5000	2500	1	0.99	14	10000	101736	0.5021	0.7826	0.0212172094890106	-5.19276070654222	0.0127883476128439	5.31072555990543	10.5034862664477	0.422513938214906	-0.65546028318504	0.424945603947862	1.49775139249299	2.15321167567803	0.464429815247399	-0.43196910533304	-11.74335142984	-0.430170148359489	10.7961372770144	22.5394887068543	0.0582	0.5662	0.247253333410539	-1.91953575291774	0.199248227493554	2.53293810559432	4.45247385851207	0	NA	NA	NA	NA	NA	NA	1	0.0212172094890106	0.000450169978500562	1	0.422513938214906	0.178518027985869	1	-0.43196910533304	0.186597307962227	1	0.247253333410539	0.0611342108826233	1.00088762489679	4254.16164952491	0	1.00132321570719	11108.0101560974	0	NA	NA	NA	NA	NA	NA	NA	NA
872	3	3	exact_null_point_mass	exact_null_point_mass	point_mass	0	none	no_benefit	0	0	NA	0	0	1000	360	600	1000	1000	360	761	0.64	0.239	6.22562244461853	24	24	0	2	1	10	4	1	5000	2500	1	0.99	14	10000	101871	0.481	0.4771	-0.120744251794123	-5.14057119783436	-0.12007390151145	4.94132841366145	10.0818996114958	-0.0363389703197325	-1.08883534203528	-0.0307179057106959	1.0156586331207	2.10449397515598	0.499789695057834	0.0194851053936503	-11.0998366412127	-0.000742002612032167	11.3815337788573	22.48137042007	0.049	0.4448	-0.111988059847842	-1.76135049137928	-0.102898644345592	1.50280336490882	3.26415385628811	0	NA	NA	NA	NA	NA	NA	1	-0.120744251794123	0.0145791743413227	1	-0.0363389703197325	0.0013205207638984	1	0.0194851053936503	0.000379669332201659	1	-0.111988059847842	0.0125413255484839	1.00173681435924	4557.92440554725	0	1.00201712337361	11161.7275138431	0	NA	NA	NA	NA	NA	NA	NA	NA
905	3	3	exact_null_point_mass	exact_null_point_mass	point_mass	0	none	no_benefit	0	0	NA	0	0	1000	360	600	1000	1000	360	765	0.64	0.235	6.5175604572194	24	24	0	2	1	10	4	1	5000	2500	1	0.99	14	10000	101904	0.3906	0.3181	-0.777328846077313	-6.08854785240879	-0.775251627610211	4.51806911824555	10.6066169706543	-0.24973297324652	-1.28901932500105	-0.253777179353486	0.820211013338119	2.10923033833917	0.423620857173702	-1.05736021859592	-12.1047933834657	-1.00348208777122	10.3592253045114	22.4640186879771	0.0737	0.3583	-0.348021384113211	-2.27204057904255	-0.33263686267931	1.56401979724871	3.83606037629126	0	NA	NA	NA	NA	NA	NA	1	-0.777328846077313	0.604240134943887	1	-0.24973297324652	0.0623665579265469	1	-1.05736021859592	1.1180106318692	1	-0.348021384113211	0.121118883800075	1.00166075009332	4235.0794850322	0	1.00138758311676	12221.3514162982	0	NA	NA	NA	NA	NA	NA	NA	NA
731	3	3	exact_null_point_mass	exact_null_point_mass	point_mass	0	none	no_benefit	0	0	NA	0	0	1000	360	600	1000	1000	360	740	0.64	0.26	5.8311793672947	24	24	0	2	1	10	4	1	5000	2500	1	0.99	14	10000	101730	0.5021	0.5549	0.00130068834382972	-5.65399524310517	0.0175773069215408	5.57778516990129	11.2317804130065	0.0696161456345002	-0.995999610588815	0.0742961955373405	1.12066656936586	2.11666617995467	0.49042960442365	-0.0694079049270977	-11.545288967972	-0.110037051178768	11.6543184910658	23.1996074590379	0.0596	0.719	0.505070426350267	-1.30041987017265	0.49721220135703	2.44739172188732	3.74781159205997	0	NA	NA	NA	NA	NA	NA	1	0.00130068834382972	1.6917901677745e-06	1	0.0696161456345002	0.00484640773300394	1	-0.0694079049270977	0.00481745726636903	1	0.505070426350267	0.255096135573641	1.00100589980656	3795.48092988054	0	1.00202226557441	12362.0228290991	0	NA	NA	NA	NA	NA	NA	NA	NA
880	3	3	exact_null_point_mass	exact_null_point_mass	point_mass	0	none	no_benefit	0	0	NA	0	0	1000	360	600	1000	1000	360	761	0.64	0.239	5.65328583342474	24	24	0	2	1	10	4	1	5000	2500	1	0.99	14	10000	101879	0.4112	0.0952	-0.63403051249738	-6.1268236909502	-0.66109095050806	4.80441698445429	10.9312406754045	-0.705690073439345	-1.75450978686548	-0.698190439939548	0.354953797467128	2.10946358433261	0.439835772186546	-0.876318363447709	-12.5916876513666	-0.785315517314029	10.7707534755653	23.3624411269319	0.0501	0.0628	-1.38615759312333	-3.17201393002555	-1.38690313408768	0.459932902684093	3.63194683270965	0	NA	NA	NA	NA	NA	NA	1	-0.63403051249738	0.401994690777691	1	-0.705690073439345	0.497998479750828	1	-0.876318363447709	0.767933874115671	1	-1.38615759312333	1.92143287297346	1.00126826077216	4370.63627110527	0	1.00187036754144	12813.9289167995	0	NA	NA	NA	NA	NA	NA	NA	NA
735	3	3	exact_null_point_mass	exact_null_point_mass	point_mass	0	none	no_benefit	0	0	NA	0	0	1000	360	600	1000	1000	360	785	0.64	0.215	5.81201825435275	24	24	0	2	1	10	4	1	5000	2500	1	0.99	14	10000	101734	0.4351	0.3745	-0.427846832869279	-5.94185254932143	-0.487255931591104	5.36290870067789	11.3047612499993	-0.171012865594845	-1.21775660262145	-0.166268808040193	0.860905441751097	2.07866204437255	0.454583950878679	-0.598716930861737	-12.3288427673779	-0.623469468473318	11.3354739960617	23.6643167634396	0.0554	0.4235	-0.191802469853093	-2.161245966847	-0.191572676864161	1.590446564078	3.751692530925	0	NA	NA	NA	NA	NA	NA	1	-0.427846832869279	0.183052912396273	1	-0.171012865594845	0.0292454001989606	1	-0.598716930861737	0.358461963300498	1	-0.191802469853093	0.0367881874417465	1.00202429288797	3767.6059757151	0	1.00157959497121	11594.4896665666	0	NA	NA	NA	NA	NA	NA	NA	NA
814	3	3	exact_null_point_mass	exact_null_point_mass	point_mass	0	none	no_benefit	0	0	NA	0	0	1000	360	600	1000	1000	360	757	0.64	0.243	6.0069503082252	24	24	0	2	1	10	4	1	5000	2500	1	0.99	14	10000	101813	0.4463	0.2594	-0.383192736730235	-5.71590294295787	-0.382067693727661	5.0294043548157	10.7453072977736	-0.35049378087006	-1.41598031000479	-0.349406025776418	0.718586226064219	2.13456653606901	0.435213570406703	-0.663936958437847	-11.9037282785605	-0.281457039362692	10.5504913999635	22.454219678524	0.0214	0.2049	-0.739075213379406	-2.44767539722509	-0.789155270946075	1.24705100625406	3.69472640347915	0	NA	NA	NA	NA	NA	NA	1	-0.383192736730235	0.146836673482807	1	-0.35049378087006	0.122845890428589	1	-0.663936958437847	0.4408122847797	1	-0.739075213379406	0.546232171031814	1.00199287841655	4778.39880573906	0	1.00198261942411	11621.688755228	0	NA	NA	NA	NA	NA	NA	NA	NA
686	3	3	exact_null_point_mass	exact_null_point_mass	point_mass	0	none	no_benefit	0	0	NA	0	0	1000	360	600	1000	1000	360	768	0.64	0.232	5.91388803553138	24	24	0	2	1	10	4	1	5000	2500	1	0.99	14	10000	101685	0.4882	0.6467	-0.0742052033248627	-5.67024285136761	-0.0813878488416497	5.5280677423069	11.1983105936745	0.203123621015845	-0.854282189658685	0.196398285603615	1.26591654982748	2.12019873948617	0.497122762148338	-0.0781926382265421	-11.9188840850876	-0.0475049339089386	11.8580548982929	23.7769389833805	0.0616	0.8513	0.924204498727098	-0.902908133618802	0.941205855839876	2.62171477082718	3.52462290444598	0	NA	NA	NA	NA	NA	NA	1	-0.0742052033248627	0.00550641220048421	1	0.203123621015845	0.0412592054145885	1	-0.0781926382265421	0.00611408867282689	1	0.924204498727098	0.854153955467407	1.00185615129334	4232.55953032605	0	1.00215750805464	13708.0986786916	0	NA	NA	NA	NA	NA	NA	NA	NA
839	3	3	exact_null_point_mass	exact_null_point_mass	point_mass	0	none	no_benefit	0	0	NA	0	0	1000	360	600	1000	1000	360	763	0.64	0.237	5.88858674242505	24	24	0	2	1	10	4	1	5000	2500	1	0.99	14	10000	101838	0.4836	0.0208	-0.133196186371028	-5.91496546880246	-0.135718018198476	5.55033647021459	11.465301939017	-1.06477399361942	-2.12286134165355	-1.06130300626576	-0.0359166327798809	2.08694470887367	0.489533524598874	-0.122122682682856	-12.2609921835438	-0.140942205076753	11.6495365703973	23.9105287539411	0.0589	0.0947	-1.23731959280979	-3.04756810247621	-1.24538301883424	0.567270654595503	3.61483875707171	0	NA	NA	NA	NA	NA	NA	1	-0.133196186371028	0.0177412240637857	0	-1.06477399361942	1.13374365748825	1	-0.122122682682856	0.0149139496256575	1	-1.23731959280979	1.53095977475099	1.00160664008226	4256.83218202376	0	1.00108942271314	14291.0993784449	0	NA	NA	NA	NA	NA	NA	NA	NA
865	3	3	exact_null_point_mass	exact_null_point_mass	point_mass	0	none	no_benefit	0	0	NA	0	0	1000	360	600	1000	1000	360	779	0.64	0.221	5.68464336789503	24	24	0	2	1	10	4	1	5000	2500	1	0.99	14	10000	101864	0.4911	0.4052	-0.0875451757187974	-5.73966309573457	-0.0742672113410103	5.4871593860846	11.2268224818192	-0.128786591138003	-1.20665199973361	-0.127723907949814	0.949209478152948	2.15586147788656	0.494866095056632	-0.046199382614061	-11.6931759505591	-0.0667127224895685	11.7412296379775	23.4344055885366	0.0553	0.6188	0.272062181900003	-1.66944480640433	0.27857246819059	2.14366851342777	3.8131133198321	0	NA	NA	NA	NA	NA	NA	1	-0.0875451757187974	0.00766415779163512	1	-0.128786591138003	0.0165859860569473	1	-0.046199382614061	0.0021343829539204	1	0.272062181900003	0.0740178308201902	1.00194175787312	4576.23262254118	0	1.00182252418749	12878.3374196397	0	NA	NA	NA	NA	NA	NA	NA	NA
742	3	3	exact_null_point_mass	exact_null_point_mass	point_mass	0	none	no_benefit	0	0	NA	0	0	1000	360	600	1000	1000	360	754	0.64	0.246	5.86891983529061	24	24	0	2	1	10	4	1	5000	2500	1	0.99	14	10000	101741	0.5649	0.9498	0.432535381469073	-5.28947522766489	0.4672702319485	6.02488064578294	11.3143558734478	0.908375398321421	-0.175511402471233	0.91443313453351	1.9839019433498	2.15941334582103	0.532103242320819	0.505515677154362	-11.1826311971034	0.427675205183007	12.0784592628453	23.2610904599487	0.0624	0.8667	1.08907283518314	-0.89386940065362	1.10479625371286	3.06326143981613	3.95713084046975	0	NA	NA	NA	NA	NA	NA	1	0.432535381469073	0.187086856222596	1	0.908375398321421	0.825145864275601	1	0.505515677154362	0.255546099848833	1	1.08907283518314	1.18607964033385	1.00141321507303	4271.13711783437	0	1.00240685486659	13005.2082746568	0	NA	NA	NA	NA	NA	NA	NA	NA
719	3	3	exact_null_point_mass	exact_null_point_mass	point_mass	0	none	no_benefit	0	0	NA	0	0	1000	360	600	1000	1000	360	765	0.64	0.235	6.26610097158709	24	24	0	2	1	10	4	1	5000	2500	1	0.99	14	10000	101718	0.3748	0.1665	-0.813832860513043	-5.80991075524524	-0.792394457853228	4.24708607787846	10.0569968331237	-0.510568530154269	-1.54004931654683	-0.509064861482075	0.536295334773953	2.07634465132079	0.386239495798319	-1.48375090092632	-12.3208900456014	-1.21004249774095	9.35495339433821	21.6758434399396	0.048	0.2076	-0.751280083758765	-2.62998679482509	-0.736237489610049	0.961478298082789	3.59146509290788	0	NA	NA	NA	NA	NA	NA	1	-0.813832860513043	0.662323924850842	1	-0.510568530154269	0.26068022398389	1	-1.48375090092632	2.20151673599967	1	-0.751280083758765	0.564421764252578	1.00136461003816	4565.378066123	0	1.00201513895912	14677.8328413197	0	NA	NA	NA	NA	NA	NA	NA	NA
906	3	3	exact_null_point_mass	exact_null_point_mass	point_mass	0	none	no_benefit	0	0	NA	0	0	1000	360	600	1000	1000	360	750	0.64	0.25	5.82466193284618	24	24	0	2	1	10	4	1	5000	2500	1	0.99	14	10000	101905	0.4949	0.6785	-0.0635080447554068	-5.60658130008736	-0.0319650155646327	5.48460656712603	11.0911878672134	0.260606167526752	-0.819685328080088	0.261187207709274	1.31735199206964	2.13703732014973	0.496126498991828	0.0127766461629546	-11.6540155135543	-0.0451524613652303	11.7616542358914	23.4156697494458	0.0577	0.5294	0.0838305043365111	-1.52077209344179	0.0568519203841902	1.76659963824361	3.2873717316854	0	NA	NA	NA	NA	NA	NA	1	-0.0635080447554068	0.00403327174865475	1	0.260606167526752	0.0679155745529813	1	0.0127766461629546	0.000163242687173342	1	0.0838305043365111	0.00702755345731381	1.00221525387228	4611.10457296176	0	1.00146266280084	12233.1145815904	0	NA	NA	NA	NA	NA	NA	NA	NA
901	3	3	exact_null_point_mass	exact_null_point_mass	point_mass	0	none	no_benefit	0	0	NA	0	0	1000	360	600	1000	1000	360	728	0.64	0.272	6.4613641696675	24	24	0	2	1	10	4	1	5000	2500	1	0.99	14	10000	101900	0.5367	0.5784	0.211288563800361	-4.79606623965123	0.248102538027211	5.1899518200084	9.98601805965963	0.107745191487097	-0.968741572653042	0.11213629676995	1.18597406723925	2.1547156398923	0.519953300785396	0.268097888335783	-10.7748040041668	0.213889014862276	11.4755247302358	22.2503287344026	0.0578	0.5355	0.0789574026733817	-1.77878078844877	0.0856063223446109	1.92826312861403	3.7070439170628	0	NA	NA	NA	NA	NA	NA	1	0.211288563800361	0.0446428571928193	1	0.107745191487097	0.0116090262885912	1	0.268097888335783	0.071876477730106	1	0.0789574026733817	0.00623427143692654	1.00133252296672	4474.74197112335	0	1.00227088386753	12206.2595270869	0	NA	NA	NA	NA	NA	NA	NA	NA
864	3	3	exact_null_point_mass	exact_null_point_mass	point_mass	0	none	no_benefit	0	0	NA	0	0	1000	360	600	1000	1000	360	765	0.64	0.235	6.62407028678607	24	24	0	2	1	10	4	1	5000	2500	1	0.99	14	10000	101863	0.6032	0.9488	0.695666553319527	-4.60032619389019	0.731654946061161	5.90028111857752	10.5006073124677	0.87085245851718	-0.175106156820464	0.881401028040998	1.90193130470161	2.07703746152207	0.571505783158577	1.01762966825329	-10.3669424784728	0.97567041767026	12.3711309877736	22.7380734662464	0.0749	0.8369	0.885611472967854	-0.802622266869156	0.848594536902668	2.74055869415761	3.54318096102676	0	NA	NA	NA	NA	NA	NA	1	0.695666553319527	0.48395195340747	1	0.87085245851718	0.758384004505416	1	1.01762966825329	1.03557014170929	1	0.885611472967854	0.784307681052292	1.0010964544764	4179.49306488474	0	1.00194830396837	13828.3418974268	0	NA	NA	NA	NA	NA	NA	NA	NA
873	3	3	exact_null_point_mass	exact_null_point_mass	point_mass	0	none	no_benefit	0	0	NA	0	0	1000	360	600	1000	1000	360	784	0.64	0.216	5.98339502097146	24	24	0	2	1	10	4	1	5000	2500	1	0.99	14	10000	101872	0.5937	0.8451	0.688011860535542	-4.90438302264938	0.681933234095338	6.18731784887287	11.0917008715222	0.53922354091514	-0.49707554729432	0.538104581805057	1.57543992280819	2.07251547010251	0.560184688070439	0.816230107479968	-11.2160527349494	0.841468615352609	12.5031149886801	23.7191677236295	0.0687	0.6596	0.454455292083635	-1.07958549632146	0.35868288480518	2.53686751008377	3.61645300640523	0	NA	NA	NA	NA	NA	NA	1	0.688011860535542	0.473360320237577	1	0.53922354091514	0.290762027077061	1	0.816230107479968	0.666231588356761	1	0.454455292083635	0.206529612502822	1.00152712918501	4357.08002028087	0	1.00118941116037	10305.0646308436	0	NA	NA	NA	NA	NA	NA	NA	NA
730	3	3	exact_null_point_mass	exact_null_point_mass	point_mass	0	none	no_benefit	0	0	NA	0	0	1000	360	600	1000	1000	360	736	0.64	0.264	6.31024524137098	24	24	0	2	1	10	4	1	5000	2500	1	0.99	14	10000	101729	0.5585	0.9507	0.357181515581412	-4.84214152199226	0.400446918453071	5.39729392355789	10.2394354455502	0.869217512901382	-0.157462187655302	0.871129648080722	1.91032761277985	2.06778980043515	0.525829081632653	0.273229082706768	-10.9189152081589	0.273678053416671	11.0009006425968	21.9198158507556	0.0592	0.8012	0.898576598420878	-1.15217714613413	0.861536015413459	3.04728212290672	4.19945926904084	0	NA	NA	NA	NA	NA	NA	1	0.357181515581412	0.127578635073034	1	0.869217512901382	0.755539084734464	1	0.273229082706768	0.074654131636782	1	0.898576598420878	0.807439903229636	1.00164243591097	4431.73171655232	0	1.00143356977477	10330.314087591	0	NA	NA	NA	NA	NA	NA	NA	NA
765	3	3	exact_null_point_mass	exact_null_point_mass	point_mass	0	none	no_benefit	0	0	NA	0	0	1000	360	600	1000	1000	360	754	0.64	0.246	6.56522246695594	24	24	0	2	1	10	4	1	5000	2500	1	0.99	14	10000	101764	0.4635	0.3842	-0.281394388603487	-5.52616710009291	-0.256373278129563	5.03086530537635	10.5570324054693	-0.158098344074547	-1.22425627256032	-0.162636133942387	0.90520377589707	2.12946004845739	0.483853547899341	-0.32220034082725	-11.6725963009445	-0.185564946047856	11.1673209698446	22.8399172707891	0.0741	0.1637	-0.883417810337466	-2.57718169580126	-0.913246943768675	0.986492644993824	3.56367434079509	0	NA	NA	NA	NA	NA	NA	1	-0.281394388603487	0.0791828019375305	1	-0.158098344074547	0.0249950863991138	1	-0.32220034082725	0.103813059629196	1	-0.883417810337466	0.780427027621443	1.00138295800527	4038.74642142741	0	1.00101272910522	11618.6585215874	0	NA	NA	NA	NA	NA	NA	NA	NA
879	3	3	exact_null_point_mass	exact_null_point_mass	point_mass	0	none	no_benefit	0	0	NA	0	0	1000	360	600	1000	1000	360	760	0.64	0.24	6.1212950051505	24	24	0	2	1	10	4	1	5000	2500	1	0.99	14	10000	101878	0.4546	0.6986	-0.314628266837379	-5.51669857139658	-0.317308414054247	4.95750905057274	10.4742076219693	0.287718761780892	-0.763436253523006	0.284898122058676	1.35238791428978	2.11582416781278	0.456083976006855	-0.63504684454403	-11.9346704118987	-0.542265493260342	10.7472778714995	22.6819482833983	0.0664	0.6428	0.336954147951636	-1.58813668194974	0.336777413814138	2.17217015413353	3.76030683608326	0	NA	NA	NA	NA	NA	NA	1	-0.314628266837379	0.0989909462930931	1	0.287718761780892	0.0827820858807297	1	-0.63504684454403	0.403284494765329	1	0.336954147951636	0.113538097821813	1.00140322806315	4378.2584477211	0	1.00176379161874	11929.9385667764	0	NA	NA	NA	NA	NA	NA	NA	NA
727	3	3	exact_null_point_mass	exact_null_point_mass	point_mass	0	none	no_benefit	0	0	NA	0	0	1000	360	600	1000	1000	360	745	0.64	0.255	6.03146567699573	24	24	0	2	1	10	4	1	5000	2500	1	0.99	14	10000	101726	0.797	0.9721	2.22116409264918	-3.13823509837383	2.29539336414506	7.23129949830432	10.3695345966782	1.09339008668811	-0.0282520693953687	1.09821156264833	2.18088844808331	2.20914051747868	0.830410607356715	4.45564028572558	-6.2506910093164	4.20114514258996	14.829476475735	21.0801674850514	0.0648	0.8821	1.62998401241438	-0.971946284598376	1.6520317462386	4.12056829819726	5.09251458279563	0	NA	NA	NA	NA	NA	NA	1	2.22116409264918	4.93356992647404	1	1.09339008668811	1.19550188166784	1	4.45564028572558	19.8527303557808	1	1.62998401241438	2.65684788072648	1.00206286324073	4120.09737176404	0	1.00208598299715	13235.8904357449	0	NA	NA	NA	NA	NA	NA	NA	NA
734	3	3	exact_null_point_mass	exact_null_point_mass	point_mass	0	none	no_benefit	0	0	NA	0	0	1000	360	600	1000	1000	360	753	0.64	0.247	5.91487972576648	24	24	0	2	1	10	4	1	5000	2500	1	0.99	14	10000	101733	0.494	0.6488	-0.0941742484328713	-5.80143986336787	-0.0537458728110911	5.45743144185573	11.2588713052236	0.209992719196867	-0.853121123336511	0.208898054932855	1.29214735799594	2.14526848133245	0.498563371288709	-0.0457095239159369	-12.1591258043375	-0.02165868826118	11.8015626481737	23.9606884525112	0.0603	0.6848	0.511093310866123	-1.7144803378778	0.522035118115763	2.64884559304238	4.36332593092018	0	NA	NA	NA	NA	NA	NA	1	-0.0941742484328713	0.00886878906789615	1	0.209992719196867	0.0440969421156942	1	-0.0457095239159369	0.00208936057662161	1	0.511093310866123	0.261216372412095	1.00151913449648	4346.58305283091	0	1.00128911796739	11753.7590718124	0	NA	NA	NA	NA	NA	NA	NA	NA
718	3	3	exact_null_point_mass	exact_null_point_mass	point_mass	0	none	no_benefit	0	0	NA	0	0	1000	360	600	1000	1000	360	724	0.64	0.276	6.84430780965405	24	24	0	2	1	10	4	1	5000	2500	1	0.99	14	10000	101717	0.518	0.327	0.14161263993794	-5.19513219922761	0.115412191208938	5.4391014130902	10.6342336123178	-0.24376095542157	-1.32375182920259	-0.238394356517293	0.824345496708081	2.14809732591067	0.492295923942739	-0.0963241486532468	-11.670847805918	-0.093751172812965	11.2245609142858	22.8954087202038	0.0849	0.4358	-0.223434760720173	-2.64207326748095	-0.223707643816526	1.94208991404244	4.58416318152338	0	NA	NA	NA	NA	NA	NA	1	0.14161263993794	0.0200541397901928	1	-0.24376095542157	0.0594194033880365	1	-0.0963241486532468	0.00927834161377278	1	-0.223434760720173	0.0499230922980809	1.00172923767492	4546.71088016561	0	1.00186066524327	12583.473109115	0	NA	NA	NA	NA	NA	NA	NA	NA
692	3	3	exact_null_point_mass	exact_null_point_mass	point_mass	0	none	no_benefit	0	0	NA	0	0	1000	360	600	1000	1000	360	747	0.64	0.253	6.9775412197597	24	24	0	2	1	10	4	1	5000	2500	1	0.99	14	10000	101691	0.5055	0.4047	0.0273329291114256	-5.39573837762016	0.0431021069986421	5.24422378611427	10.6399621637344	-0.132233427492663	-1.20387104953658	-0.132488563906699	0.939047826053789	2.14291887559037	0.505541069100391	0.108434901092139	-11.4253972424572	0.0655958229062827	11.3811789274407	22.8065761698979	0.0796	0.4095	-0.281524820740292	-2.46858464002404	-0.263759651746474	1.84838428759906	4.3169689276231	0	NA	NA	NA	NA	NA	NA	1	0.0273329291114256	0.000747089013810218	1	-0.132233427492663	0.0174856793464574	1	0.108434901092139	0.011758127774862	1	-0.281524820740292	0.0792562246928533	1.0011771403034	4346.84702729367	0	1.00165588033049	10738.8652059329	0	NA	NA	NA	NA	NA	NA	NA	NA
874	3	3	exact_null_point_mass	exact_null_point_mass	point_mass	0	none	no_benefit	0	0	NA	0	0	1000	360	600	1000	1000	360	761	0.64	0.239	6.39072263313526	24	24	0	2	1	10	4	1	5000	2500	1	0.99	14	10000	101873	0.69	0.9722	1.28787457340618	-3.79130696731832	1.28548783439476	6.28456243490178	10.0758694022201	1.03756130369187	-0.0197794503254575	1.03458377837069	2.07883237739751	2.09861182772297	0.638104407359863	1.88228284635944	-8.92886097268633	1.64726040973833	12.54591339334	21.4747743660264	0.0652	0.9626	2.0168243330633	-0.247410451351995	2.08781069704058	3.89496233843122	4.14237278978321	0	NA	NA	NA	NA	NA	NA	1	1.28787457340618	1.65862091682616	1	1.03756130369187	1.07653345891878	1	1.88228284635944	3.54298871369901	1	2.0168243330633	4.06758039043622	1.00130947966136	4544.01993194762	0	1.00123969383695	14125.058366774	0	NA	NA	NA	NA	NA	NA	NA	NA
863	3	3	exact_null_point_mass	exact_null_point_mass	point_mass	0	none	no_benefit	0	0	NA	0	0	1000	360	600	1000	1000	360	745	0.64	0.255	6.08011638545309	24	24	0	2	1	10	4	1	5000	2500	1	0.99	14	10000	101862	0.6133	0.94	0.761086099873175	-4.47718766322552	0.796626397405693	5.86617461407026	10.3433622772958	0.857792313776554	-0.228449612765139	0.864455924965829	1.91490515083257	2.14335476359771	0.598233290762026	1.30205922654566	-9.77773549276619	1.22110233782384	12.3963530852794	22.1740885780456	0.0604	0.892	1.37297402193121	-0.796008336754649	1.37836740888834	3.58892733532194	4.38493567207659	0	NA	NA	NA	NA	NA	NA	1	0.761086099873175	0.579252051420161	1	0.857792313776554	0.735807653574134	1	1.30205922654566	1.69535822943268	1	1.37297402193121	1.88505766489796	1.00106675298234	4432.30553418818	0	1.0021140795897	12260.2521070319	0	NA	NA	NA	NA	NA	NA	NA	NA
763	3	3	exact_null_point_mass	exact_null_point_mass	point_mass	0	none	no_benefit	0	0	NA	0	0	1000	360	600	1000	1000	360	734	0.64	0.266	6.98192766602374	24	24	0	2	1	10	4	1	5000	2500	1	0.99	14	10000	101762	0.4661	0.1148	-0.240458822795154	-5.57260642836411	-0.240239471028725	5.1501636753778	10.7227701037419	-0.656791037258816	-1.7341807537732	-0.646736606726134	0.384374367366302	2.1185551211395	0.486783422169042	-0.242926396290479	-11.711086725879	-0.17777848621763	10.9861254527049	22.6972121785839	0.0807	0.1949	-0.94754534856459	-3.24880112277754	-0.911325732452365	1.16579795442157	4.41459907719911	0	NA	NA	NA	NA	NA	NA	1	-0.240458822795154	0.0578204454600314	1	-0.656791037258816	0.431374466623511	1	-0.242926396290479	0.0590132340146789	1	-0.94754534856459	0.89784218758639	1.00144172455821	4476.79631665427	0	1.0015483029136	13359.3459007997	0	NA	NA	NA	NA	NA	NA	NA	NA
751	3	3	exact_null_point_mass	exact_null_point_mass	point_mass	0	none	no_benefit	0	0	NA	0	0	1000	360	600	1000	1000	360	760	0.64	0.24	5.89117900231899	24	24	0	2	1	10	4	1	5000	2500	1	0.99	14	10000	101750	0.447	0.4445	-0.379018813469836	-5.98342828992332	-0.418539082935043	5.22271899210088	11.2061472820242	-0.0795282358638847	-1.14561994362738	-0.0797490821019133	0.953676062664316	2.09929600629169	0.459903897490657	-0.483743185053214	-12.2473985356579	-0.48680114857126	11.5879134318245	23.8353119674824	0.0635	0.2942	-0.468144342709449	-2.14245696271485	-0.505180167935678	1.36778094899803	3.51023791171288	0	NA	NA	NA	NA	NA	NA	1	-0.379018813469836	0.143655260964082	1	-0.0795282358638847	0.00632474029962167	1	-0.483743185053214	0.234007469085428	1	-0.468144342709449	0.219159125610862	1.00143726070694	4044.23189417709	0	1.00154226551252	13470.2154029635	0	NA	NA	NA	NA	NA	NA	NA	NA
687	3	3	exact_null_point_mass	exact_null_point_mass	point_mass	0	none	no_benefit	0	0	NA	0	0	1000	360	600	1000	1000	360	756	0.64	0.244	6.11473662473339	24	24	0	2	1	10	4	1	5000	2500	1	0.99	14	10000	101686	0.6292	0.9318	0.88636298020873	-4.26879255405968	0.892341305525778	6.03820848464272	10.3070010387024	0.825685304234853	-0.250293449605105	0.833706778515637	1.89549025970663	2.14578370931174	0.634615384615385	1.77981166319675	-9.31986477092632	1.56653767331465	12.6722323261612	21.9920970970875	0.0536	0.9089	1.3612943929631	-0.603039682360704	1.32269133381179	3.48451222240522	4.08755190476593	0	NA	NA	NA	NA	NA	NA	1	0.88636298020873	0.785639332684502	1	0.825685304234853	0.681756221629402	1	1.77981166319675	3.16772955645119	1	1.3612943929631	1.85312242431279	1.00114504870215	4598.80108484896	0	1.00144680486332	11294.7370338969	0	NA	NA	NA	NA	NA	NA	NA	NA
729	3	3	exact_null_point_mass	exact_null_point_mass	point_mass	0	none	no_benefit	0	0	NA	0	0	1000	360	600	1000	1000	360	748	0.64	0.252	6.53036443604649	24	24	0	2	1	10	4	1	5000	2500	1	0.99	14	10000	101728	0.4402	0.1127	-0.419993890069057	-5.59144068913852	-0.404865614107884	4.85442932681108	10.4458700159496	-0.656984133455155	-1.72533181831097	-0.65929976770609	0.407992509495822	2.13332432780679	0.462336539500702	-0.517542564410115	-11.8361111082356	-0.453653506949287	10.9651082802391	22.8012193884747	0.0747	0.2435	-0.701472818847546	-2.68826402916917	-0.689449338755887	1.22722919573165	3.91549322490082	0	NA	NA	NA	NA	NA	NA	1	-0.419993890069057	0.176394867695339	1	-0.656984133455155	0.431628151611821	1	-0.517542564410115	0.267850305976198	1	-0.701472818847546	0.492064115581923	1.00101630225435	4419.16526809379	0	1.00184430469036	10722.8109133668	0	NA	NA	NA	NA	NA	NA	NA	NA
862	3	3	exact_null_point_mass	exact_null_point_mass	point_mass	0	none	no_benefit	0	0	NA	0	0	1000	360	600	1000	1000	360	756	0.64	0.244	5.95689446386779	24	24	0	2	1	10	4	1	5000	2500	1	0.99	14	10000	101861	0.5978	0.8926	0.717287122262519	-4.89584876059126	0.757290417049845	6.23363019118377	11.129478951775	0.678037149570127	-0.384577412633661	0.684451068081191	1.75374675334573	2.13832416597939	0.57237474628779	1.03700986737873	-10.6988573194759	0.946699382547386	12.5060580096924	23.2049153291684	0.0639	0.9025	1.20525014911182	-0.525100775819604	1.1882827519646	3.03477346961752	3.55987424543713	0	NA	NA	NA	NA	NA	NA	1	0.717287122262519	0.514500815763646	1	0.678037149570127	0.459734376197183	1	1.03700986737873	1.07538946504084	1	1.20525014911182	1.45262792193406	1.00125401485148	4256.54367739217	0	1.0015225638459	9828.99052890569	0	NA	NA	NA	NA	NA	NA	NA	NA
900	3	3	exact_null_point_mass	exact_null_point_mass	point_mass	0	none	no_benefit	0	0	NA	0	0	1000	360	600	1000	1000	360	767	0.64	0.233	5.81862460210472	24	24	0	2	1	10	4	1	5000	2500	1	0.99	14	10000	101899	0.5856	0.8048	0.598963687637861	-5.13471807694349	0.635380233317496	6.16575608753942	11.3004741644829	0.456853828008107	-0.616026128649375	0.458080888193821	1.49445240247336	2.11047853112274	0.568623288398259	0.955371239730001	-10.9375585608116	0.949973877082336	12.6692659504496	23.6068245112612	0.0579	0.7741	0.780478513251103	-1.17437301227615	0.782541250138024	2.73132578394411	3.90569879622026	0	NA	NA	NA	NA	NA	NA	1	0.598963687637861	0.358757499108745	1	0.456853828008107	0.208715420165661	1	0.955371239730001	0.912734205703238	1	0.780478513251103	0.609146709646652	1.00126645558852	4230.83189102024	0	1.0012524398273	10744.249201921	0	NA	NA	NA	NA	NA	NA	NA	NA
695	3	3	exact_null_point_mass	exact_null_point_mass	point_mass	0	none	no_benefit	0	0	NA	0	0	1000	360	600	1000	1000	360	773	0.64	0.227	5.80340086565911	24	24	0	2	1	10	4	1	5000	2500	1	0.99	14	10000	101694	0.4309	0.0378	-0.482414178041425	-6.12467835040418	-0.49395303285134	5.1692382772473	11.2939166276515	-0.953752036598803	-2.00304088755844	-0.950536340578727	0.0919442195337875	2.09498510709222	0.460036089587093	-0.581345900410081	-12.2133867222085	-0.508864633554969	11.2323421606222	23.4457288828307	0.0579	0.112	-1.01429956781788	-2.70585141904538	-1.0109838315494	0.657923487543291	3.36377490658867	0	NA	NA	NA	NA	NA	NA	1	-0.482414178041425	0.232723439175384	1	-0.953752036598803	0.909642947316364	1	-0.581345900410081	0.337963055923607	1	-1.01429956781788	1.02880361327554	1.00153668819724	4732.03797632593	0	1.00267576948608	12641.8065214377	0	NA	NA	NA	NA	NA	NA	NA	NA
750	3	3	exact_null_point_mass	exact_null_point_mass	point_mass	0	none	no_benefit	0	0	NA	0	0	1000	360	600	1000	1000	360	759	0.64	0.241	5.99527776637675	24	24	0	2	1	10	4	1	5000	2500	1	0.99	14	10000	101749	0.4441	0.0638	-0.393508333114484	-5.8549668823258	-0.425609513521238	5.3165750733629	11.1715419556887	-0.818729406035849	-1.86782408879924	-0.822289847517488	0.239717616507764	2.107541705307	0.452907101480369	-0.664338886776859	-12.358711327265	-0.599633114386251	11.1488227264646	23.5075340537296	0.0678	0.0288	-1.86041002892959	-3.75577965199821	-1.87251953717467	0.0596852640227541	3.81546491602097	0	NA	NA	NA	NA	NA	NA	1	-0.393508333114484	0.154848808230539	1	-0.818729406035849	0.670317840307814	1	-0.664338886776859	0.441346156483916	1	-1.86041002892959	3.46112547574181	1.00172889387442	4070.82389506335	0	1.0015797762114	11471.8724050507	0	NA	NA	NA	NA	NA	NA	NA	NA
875	3	3	exact_null_point_mass	exact_null_point_mass	point_mass	0	none	no_benefit	0	0	NA	0	0	1000	360	600	1000	1000	360	759	0.64	0.241	5.13185202838993	24	24	0	2	1	10	4	1	5000	2500	1	0.99	14	10000	101874	0.4253	0.4649	-0.494008156592186	-5.55863267748611	-0.50027016076827	4.59435196477438	10.1529846422605	-0.0549844587847706	-1.11174246590793	-0.0501842126021801	1.02553974018901	2.13728220609694	0.387788441903206	-1.36745380465943	-12.5928979738892	-1.20120382647693	9.34559258250058	21.9384905563898	0.0206	0.5214	-0.00292620010503633	-2.69309923467217	0.0697775574035369	2.54323423686156	5.23633347153373	0	NA	NA	NA	NA	NA	NA	1	-0.494008156592186	0.24404405877961	1	-0.0549844587847706	0.00302329070785414	1	-1.36745380465943	1.86992990787755	1	-0.00292620010503633	8.56264705471462e-06	1.00123913582474	4703.45140096447	0	1.00087811049918	11936.215893481	0	NA	NA	NA	NA	NA	NA	NA	NA
756	3	3	exact_null_point_mass	exact_null_point_mass	point_mass	0	none	no_benefit	0	0	NA	0	0	1000	360	600	1000	1000	360	715	0.64	0.285	6.91118344135925	24	24	0	2	1	10	4	1	5000	2500	1	0.99	14	10000	101755	0.4519	0.175	-0.353580927111225	-5.6266682592837	-0.345233683988976	5.07974307351677	10.7064113328005	-0.52191661866571	-1.595558549559	-0.524913512038836	0.577350454987169	2.17290900454617	0.470145180657134	-0.434193730022464	-11.8667014465726	-0.364172561301714	10.923496243305	22.7901976898776	0.0839	0.2556	-0.925419565570189	-3.41968411414832	-0.990064795023871	1.81188747047002	5.23157158461833	0	NA	NA	NA	NA	NA	NA	1	-0.353580927111225	0.125019472016833	1	-0.52191661866571	0.272396956839448	1	-0.434193730022464	0.18852419519082	1	-0.925419565570189	0.856401372340118	1.00144622302292	4457.26802203932	0	1.00178611576859	12982.2975753078	0	NA	NA	NA	NA	NA	NA	NA	NA
728	3	3	exact_null_point_mass	exact_null_point_mass	point_mass	0	none	no_benefit	0	0	NA	0	0	1000	360	600	1000	1000	360	784	0.64	0.216	5.75000190866894	24	24	0	2	1	10	4	1	5000	2500	1	0.99	14	10000	101727	0.5854	0.8332	0.627664384743326	-4.89379530096044	0.629081099739262	6.18548979107729	11.0792850920377	0.505326401306455	-0.5188681326092	0.502517858170036	1.55212912173285	2.07099725434205	0.556931216931217	0.818559667034871	-10.7814376318226	0.698834952823953	12.4002622672957	23.1816998991183	0.055	0.8745	0.990671878479533	-0.801548307220127	0.989937765264746	2.69744441468656	3.49899272190669	0	NA	NA	NA	NA	NA	NA	1	0.627664384743326	0.393962579875217	1	0.505326401306455	0.255354771857332	1	0.818559667034871	0.670039928496239	1	0.990671878479533	0.981430770810166	1.0015464371503	4295.2952957148	0	1.00217203195961	16054.7730778113	0	NA	NA	NA	NA	NA	NA	NA	NA
741	3	3	exact_null_point_mass	exact_null_point_mass	point_mass	0	none	no_benefit	0	0	NA	0	0	1000	360	600	1000	1000	360	744	0.64	0.256	5.90765016772223	24	24	0	2	1	10	4	1	5000	2500	1	0.99	14	10000	101740	0.4457	0.1223	-0.33244289657577	-5.83398996571945	-0.351909975204176	5.32458010101981	11.1585700667393	-0.643442556080457	-1.70488865744514	-0.646185624866444	0.409221396399046	2.11411005384419	0.470832446242282	-0.445563000216011	-12.206070866798	-0.426054911131428	11.5711302264951	23.7772010932931	0.0606	0.404	-0.31022939132071	-2.42497117836866	-0.238643602048374	1.41832806074832	3.84329923911698	0	NA	NA	NA	NA	NA	NA	1	-0.33244289657577	0.110518279483688	1	-0.643442556080457	0.414018322975352	1	-0.445563000216011	0.198526387161493	1	-0.31022939132071	0.0962422752392184	1.00187381422508	4091.16019935523	0	1.00116529372932	14004.0617920968	0	NA	NA	NA	NA	NA	NA	NA	NA
846	3	3	exact_null_point_mass	exact_null_point_mass	point_mass	0	none	no_benefit	0	0	NA	0	0	1000	360	600	1000	1000	360	763	0.64	0.237	5.77383564642227	24	24	0	2	1	10	4	1	5000	2500	1	0.99	14	10000	101845	0.5715	0.759	0.500173809682664	-5.04032788364665	0.508764748118487	6.06922705283655	11.1095549364832	0.391494616999411	-0.679503621516055	0.393046412484049	1.4947570602845	2.17426068180055	0.540820642978003	0.57222889139392	-10.9644434878006	0.563592658077594	12.3482986952185	23.3127421830191	0.0544	0.7808	0.61938106327299	-1.19733631204306	0.630699257144695	2.2857262294154	3.48306254145846	0	NA	NA	NA	NA	NA	NA	1	0.500173809682664	0.25017383989247	1	0.391494616999411	0.153268035139516	1	0.57222889139392	0.327445904145915	1	0.61938106327299	0.38363290154118	1.00155269853988	4360.42626521086	0	1.0030014640247	12959.7140040324	0	NA	NA	NA	NA	NA	NA	NA	NA
739	3	3	exact_null_point_mass	exact_null_point_mass	point_mass	0	none	no_benefit	0	0	NA	0	0	1000	360	600	1000	1000	360	764	0.64	0.236	5.7724624308832	24	24	0	2	1	10	4	1	5000	2500	1	0.99	14	10000	101738	0.4897	0.7899	-0.0525010551944795	-5.60802355967543	-0.0655441914858015	5.42284407942825	11.0308676391037	0.432988201693636	-0.619180518539454	0.435652006365151	1.46023047849902	2.07941099703847	0.49804212085935	0.0229050312772866	-11.6759826391932	-0.0259351967385815	11.790482509192	23.4664651483853	0.0551	0.6788	0.449657966725119	-1.36630555745391	0.398649079178766	2.46854948061143	3.83485503806534	0	NA	NA	NA	NA	NA	NA	1	-0.0525010551944795	0.00275636079653378	1	0.432988201693636	0.187478782805889	1	0.0229050312772866	0.000524640457813476	1	0.449657966725119	0.202192287039368	1.00157903910923	4736.98291155883	0	1.00187326071694	10889.2291929585	0	NA	NA	NA	NA	NA	NA	NA	NA
780	3	3	exact_null_point_mass	exact_null_point_mass	point_mass	0	none	no_benefit	0	0	NA	0	0	1000	360	600	1000	1000	360	738	0.64	0.262	6.11054145862044	24	24	0	2	1	10	4	1	5000	2500	1	0.99	14	10000	101779	0.3648	0.3275	-0.919618970024698	-5.9623632197959	-0.944867635284561	4.27167833022057	10.2340415500165	-0.25329381389668	-1.34150660135603	-0.249281557572109	0.849102939457243	2.19060954081327	0.377561800126769	-1.53776565064643	-12.7518839828725	-1.40776882819524	9.62581608075474	22.3777000636273	0.0534	0.6581	0.377514744140217	-1.5554397959428	0.39477530401379	2.24363291086003	3.79907270680284	0	NA	NA	NA	NA	NA	NA	1	-0.919618970024698	0.845699050029286	1	-0.25329381389668	0.0641577561583261	1	-1.53776565064643	2.36472319630803	1	0.377514744140217	0.142517382043253	1.00179603703625	4702.28402372918	0	1.00146311479218	9670.13102858084	0	NA	NA	NA	NA	NA	NA	NA	NA
843	3	3	exact_null_point_mass	exact_null_point_mass	point_mass	0	none	no_benefit	0	0	NA	0	0	1000	360	600	1000	1000	360	745	0.64	0.255	5.91105999242795	24	24	0	2	1	10	4	1	5000	2500	1	0.99	14	10000	101842	0.5927	0.8472	0.653460903952305	-4.94709849186197	0.651432410544255	6.22879797775409	11.1758964696161	0.560327423939351	-0.506226415440564	0.563315239073964	1.64048291644967	2.14670933189024	0.55941283617272	0.82146693410464	-10.9553687556184	0.76431857966538	12.4760008730406	23.431369628659	0.0667	0.8128	1.02436038015345	-1.15362639392169	0.986603921295909	3.34026936512234	4.49389575904403	0	NA	NA	NA	NA	NA	NA	1	0.653460903952305	0.427011152994163	1	0.560327423939351	0.313966822018509	1	0.82146693410464	0.674807923827277	1	1.02436038015345	1.04931418842811	1.00189433238647	4456.54786427789	0	1.00161344099296	12270.8266753043	0	NA	NA	NA	NA	NA	NA	NA	NA
888	3	3	exact_null_point_mass	exact_null_point_mass	point_mass	0	none	no_benefit	0	0	NA	0	0	1000	360	600	1000	1000	360	744	0.64	0.256	6.30309803600912	24	24	0	2	1	10	4	1	5000	2500	1	0.99	14	10000	101887	0.4724	0.1417	-0.18311198057176	-5.23796123810486	-0.184727401960315	4.86836454672771	10.1063257848326	-0.591585320974313	-1.65401930270405	-0.593634410922748	0.498315214102524	2.15233451680657	0.492765867567853	-0.0676114079460051	-10.9380230499655	-0.0672430767376007	10.9432096849022	21.8812327348676	0.0531	0.2655	-0.764288865935063	-3.11505465838539	-0.763365512476895	1.57487801438793	4.68993267277332	0	NA	NA	NA	NA	NA	NA	1	-0.18311198057176	0.0335299974289127	1	-0.591585320974313	0.34997319199228	1	-0.0676114079460051	0.00457130248444112	1	-0.764288865935063	0.584137470592305	1.00216034865485	4423.90026096885	0	1.00139935901591	12088.8884598192	0	NA	NA	NA	NA	NA	NA	NA	NA
721	3	3	exact_null_point_mass	exact_null_point_mass	point_mass	0	none	no_benefit	0	0	NA	0	0	1000	360	600	1000	1000	360	771	0.64	0.229	6.21030268769352	24	24	0	2	1	10	4	1	5000	2500	1	0.99	14	10000	101720	0.4376	0.5269	-0.390613993661628	-5.47573142733373	-0.416604980784145	4.80676296439742	10.2824943917311	0.0399178945634101	-1.00250896522061	0.0344737719813297	1.0864519652269	2.08896093044751	0.43863326695315	-0.787240839554243	-11.7135309836772	-0.689324431440465	10.0224104695382	21.7359414532155	0.0459	0.7802	0.620286290526967	-1.08484293138507	0.6376835626623	2.18409560003587	3.26893853142094	0	NA	NA	NA	NA	NA	NA	1	-0.390613993661628	0.152579292044286	1	0.0399178945634101	0.00159343830637553	1	-0.787240839554243	0.619748139462069	1	0.620286290526967	0.384755082215705	1.00136524491709	4527.34557221181	0	1.00189279674351	12867.7930494716	0	NA	NA	NA	NA	NA	NA	NA	NA
825	3	3	exact_null_point_mass	exact_null_point_mass	point_mass	0	none	no_benefit	0	0	NA	0	0	1000	360	600	1000	1000	360	769	0.64	0.231	6.09057804875056	24	24	0	2	1	10	4	1	5000	2500	1	0.99	14	10000	101824	0.7032	0.7362	1.36502855038648	-3.72961949853176	1.42505329794353	6.28742259709641	10.0170420956282	0.344571583887247	-0.713916290253791	0.346970240931253	1.39265241054966	2.10656870080345	0.756177402323126	3.16067659799398	-7.6799055801686	2.98446414525232	13.6934251539645	21.3733307341331	0.053	0.8265	1.04309216435119	-1.03238864071831	1.02553236288429	3.22386170074613	4.25625034146444	0	NA	NA	NA	NA	NA	NA	1	1.36502855038648	1.86330294337021	1	0.344571583887247	0.118729576422566	1	3.16067659799398	9.98987655710682	1	1.04309216435119	1.08804126333085	1.00165026238928	4224.14792582291	0	1.00161791121173	9465.17694994645	0	NA	NA	NA	NA	NA	NA	NA	NA
840	3	3	exact_null_point_mass	exact_null_point_mass	point_mass	0	none	no_benefit	0	0	NA	0	0	1000	360	600	1000	1000	360	767	0.64	0.233	5.79490305324786	24	24	0	2	1	10	4	1	5000	2500	1	0.99	14	10000	101839	0.6225	0.9971	0.866362498775494	-4.76052288188046	0.892739317889519	6.31623491556403	11.0767577974445	1.48226018697388	0.440286401241757	1.48480082487651	2.52762184928483	2.08733544804307	0.586294685477883	1.20411647687856	-10.4233151297029	1.07868365025825	12.7464491042575	23.1697642339604	0.0573	0.9931	2.88484024065817	0.690121294906195	2.97404363048836	4.6864200984948	3.99629880358861	0	NA	NA	NA	NA	NA	NA	1	0.866362498775494	0.750583979284518	0	1.48226018697388	2.19709526188783	1	1.20411647687856	1.44989648989045	0	2.88484024065817	8.32230321412071	1.00258796297965	4138.42089907968	0	1.00229849485964	10740.1298097647	0	NA	NA	NA	NA	NA	NA	NA	NA
904	3	3	exact_null_point_mass	exact_null_point_mass	point_mass	0	none	no_benefit	0	0	NA	0	0	1000	360	600	1000	1000	360	752	0.64	0.248	6.00380344987128	24	24	0	2	1	10	4	1	5000	2500	1	0.99	14	10000	101903	0.768	0.7325	2.05530750906344	-3.46101864423815	2.0790651650766	7.33967525129877	10.8006938955369	0.334322521697829	-0.730538966554693	0.332775959500873	1.40814826099899	2.13868722755369	0.804146495474637	3.93937582866796	-7.30706967184968	3.66284515500114	14.8708560263533	22.177925698203	0.0498	0.6298	0.355362746114794	-1.72454680234279	0.355030771906349	2.39897999511982	4.12352679746261	0	NA	NA	NA	NA	NA	NA	1	2.05530750906344	4.22428895681257	1	0.334322521697829	0.111771548514395	1	3.93937582866796	15.5186819194934	1	0.355362746114794	0.126282681326248	1.00180609470505	4360.4379925741	0	1.00178440447261	11949.3298326771	0	NA	NA	NA	NA	NA	NA	NA	NA
804	3	3	exact_null_point_mass	exact_null_point_mass	point_mass	0	none	no_benefit	0	0	NA	0	0	1000	360	600	1000	1000	360	756	0.64	0.244	5.79509169505358	24	24	0	2	1	10	4	1	5000	2500	1	0.99	14	10000	101803	0.5122	0.6019	0.0916263683218428	-5.4932823779927	0.0909353004017257	5.61380975185745	11.1070921298502	0.14572356474266	-0.950715464039107	0.145822062868715	1.24050334923308	2.19121881327219	0.511790949649458	0.188105279019213	-11.5065951504543	0.154016859816268	11.746765730436	23.2533608808902	0.0586	0.5376	0.167743853859149	-2.17730587399267	0.124155072493381	2.72292424533789	4.90023011933057	0	NA	NA	NA	NA	NA	NA	1	0.0916263683218428	0.00839539137184999	1	0.14572356474266	0.0212353573213081	1	0.188105279019213	0.0353835959948961	1	0.167743853859149	0.0281380005075197	1.00178681386424	4424.07746243375	0	1.00168701845652	14798.1850573475	0	NA	NA	NA	NA	NA	NA	NA	NA
717	3	3	exact_null_point_mass	exact_null_point_mass	point_mass	0	none	no_benefit	0	0	NA	0	0	1000	360	600	1000	1000	360	762	0.64	0.238	6.32380898865284	24	24	0	2	1	10	4	1	5000	2500	1	0.99	14	10000	101716	0.5222	0.3006	0.169612286603011	-4.86248985435974	0.147804803853113	5.28045659344784	10.1429464478076	-0.280768659155472	-1.32436000639751	-0.281102249089447	0.751541347912461	2.07590135430997	0.518186610437533	0.23935826084691	-10.7406392938779	0.218254497349065	11.519087342979	22.2597266368569	0.0515	0.4473	-0.140055915497415	-2.36083002279624	-0.125087074826364	1.84676171108552	4.20759173388176	0	NA	NA	NA	NA	NA	NA	1	0.169612286603011	0.0287683277667021	1	-0.280768659155472	0.0788310399639617	1	0.23935826084691	0.0572923770356575	1	-0.140055915497415	0.019615659465819	1.00130707037529	4124.5784475553	0	1.00261938767179	10884.2624595616	0	NA	NA	NA	NA	NA	NA	NA	NA
740	3	3	exact_null_point_mass	exact_null_point_mass	point_mass	0	none	no_benefit	0	0	NA	0	0	1000	360	600	1000	1000	360	777	0.64	0.223	5.85030412844837	24	24	0	2	1	10	4	1	5000	2500	1	0.99	14	10000	101739	0.4874	0.5641	-0.0708145492060458	-5.55566522343179	-0.0879004372161676	5.47780947504033	11.0334746984721	0.0888129639186121	-0.947316135577693	0.0825664410918145	1.12287313757404	2.07018927315173	0.502249839297193	0.0076983378201963	-11.8635892717904	0.0265426024006445	12.0123061182734	23.8758953900637	0.0666	0.4308	-0.148264209621337	-1.90923852660198	-0.170708796891202	1.67824153412819	3.58748006073017	0	NA	NA	NA	NA	NA	NA	1	-0.0708145492060458	0.00501470037925549	1	0.0888129639186121	0.00788774256000869	1	0.0076983378201963	5.92644051938648e-05	1	-0.148264209621337	0.0219822758546398	1.00149000870605	4516.80989938742	0	1.00181216430503	14071.5064124541	0	NA	NA	NA	NA	NA	NA	NA	NA
764	3	3	exact_null_point_mass	exact_null_point_mass	point_mass	0	none	no_benefit	0	0	NA	0	0	1000	360	600	1000	1000	360	747	0.64	0.253	6.56979520576868	24	24	0	2	1	10	4	1	5000	2500	1	0.99	14	10000	101763	0.6396	0.9271	0.957940022592194	-4.23436800711353	0.992862517091393	6.13815373988539	10.3725217469989	0.769194151447475	-0.278363850146036	0.772869962275124	1.80483541048641	2.08319926063245	0.587993064586043	1.15710230345176	-10.2544785825803	1.10854862834367	12.3173693527705	22.5718479353508	0.0772	0.9644	1.95283312174089	-0.210996041440505	1.99627084640317	3.78611940792846	3.99711544936896	0	NA	NA	NA	NA	NA	NA	1	0.957940022592194	0.917649086883933	1	0.769194151447475	0.591659642621001	1	1.15710230345176	1.33888574065336	1	1.95283312174089	3.81355720136825	1.00146750671557	4247.99341458327	0	1.00133284574748	11490.3241430961	0	NA	NA	NA	NA	NA	NA	NA	NA
856	3	3	exact_null_point_mass	exact_null_point_mass	point_mass	0	none	no_benefit	0	0	NA	0	0	1000	360	600	1000	1000	360	778	0.64	0.222	5.90545486349366	24	24	0	2	1	10	4	1	5000	2500	1	0.99	14	10000	101855	0.5156	0.9054	0.108532532378598	-5.60588188367125	0.109159620429619	5.87235028759758	11.4782321712688	0.704240979443426	-0.368289864299824	0.708680009163781	1.72329853275624	2.09158839705606	0.517112698581938	0.3174940072767	-11.6611821424005	0.22938747006431	12.2042092777896	23.8653914201902	0.0621	0.8129	0.754240824656526	-0.855469614795974	0.755069991620259	2.43569337214527	3.29116298694124	0	NA	NA	NA	NA	NA	NA	1	0.108532532378598	0.0117793105845115	1	0.704240979443426	0.495955357127436	1	0.3174940072767	0.100802444656617	1	0.754240824656526	0.568879221578557	1.00145584875183	4147.81800199582	0	1.0011403045143	12045.946428953	0	NA	NA	NA	NA	NA	NA	NA	NA
738	3	3	exact_null_point_mass	exact_null_point_mass	point_mass	0	none	no_benefit	0	0	NA	0	0	1000	360	600	1000	1000	360	739	0.64	0.261	6.31766815267606	24	24	0	2	1	10	4	1	5000	2500	1	0.99	14	10000	101737	0.453	0.8843	-0.320695542762909	-5.49796152676226	-0.321058667533512	4.78678552228389	10.2847470490461	0.654460332183641	-0.384734187058187	0.655961621656813	1.71516412035575	2.09989830741394	0.45042194092827	-0.66149722184286	-11.554389965341	-0.550980124860727	10.5285039546058	22.0828939199468	0.052	0.8955	1.40212321102435	-0.816711445907631	1.42479872169556	3.37564088434393	4.19235233025156	0	NA	NA	NA	NA	NA	NA	1	-0.320695542762909	0.102845631147997	1	0.654460332183641	0.428318326401922	1	-0.66149722184286	0.437578574505821	1	1.40212321102435	1.96594949889324	1.00168932972642	4202.02881834275	0	1.00173655530216	15008.5091109974	0	NA	NA	NA	NA	NA	NA	NA	NA
902	3	3	exact_null_point_mass	exact_null_point_mass	point_mass	0	none	no_benefit	0	0	NA	0	0	1000	360	600	1000	1000	360	732	0.64	0.268	6.48075166647713	24	24	0	2	1	10	4	1	5000	2500	1	0.99	14	10000	101901	0.523	0.5291	0.147403975126277	-5.02019420283206	0.148893073249296	5.39594438605869	10.4161385888908	0.0368576162946549	-1.00754200138174	0.0366872067715764	1.07211555780302	2.07965755918476	0.50838997451147	0.166635400814966	-10.8960793301595	0.0876752875533207	11.568803314849	22.4648826450085	0.0584	0.5489	0.11611260025389	-1.67014232714898	0.112288978372682	1.9059949229921	3.57613725014108	0	NA	NA	NA	NA	NA	NA	1	0.147403975126277	0.0217279318830282	1	0.0368576162946549	0.00135848387892401	1	0.166635400814966	0.0277673568047645	1	0.11611260025389	0.0134821359377196	1.00155494095826	4211.05072436721	0	1.00145261556616	10255.5207985	0	NA	NA	NA	NA	NA	NA	NA	NA
736	3	3	exact_null_point_mass	exact_null_point_mass	point_mass	0	none	no_benefit	0	0	NA	0	0	1000	360	600	1000	1000	360	751	0.64	0.249	6.32210353396693	24	24	0	2	1	10	4	1	5000	2500	1	0.99	14	10000	101735	0.4946	0.5607	-0.0452221398782315	-5.09629115240151	-0.0474918724526283	5.03749503730546	10.133786189707	0.0873271324171546	-0.958223767378122	0.0869654006795706	1.15598708400702	2.11421085138514	0.485798443088576	-0.232361170793344	-11.2209328549541	-0.171534172825868	10.7578550157476	21.9787878707016	0.0494	0.51	0.100014392916779	-1.79697948925633	0.0216805380839897	2.33673816085046	4.13371765010678	0	NA	NA	NA	NA	NA	NA	1	-0.0452221398782315	0.00204504193516634	1	0.0873271324171546	0.00762602805620325	1	-0.232361170793344	0.0539917136924536	1	0.100014392916779	0.0100028787905118	1.00165467562564	4229.68628977254	0	1.00116827715484	8238.35773967377	0	NA	NA	NA	NA	NA	NA	NA	NA
845	3	3	exact_null_point_mass	exact_null_point_mass	point_mass	0	none	no_benefit	0	0	NA	0	0	1000	360	600	1000	1000	360	733	0.64	0.267	6.07242335858843	24	24	0	2	1	10	4	1	5000	2500	1	0.99	14	10000	101844	0.7157	0.89	1.44038162996693	-3.49893437168614	1.4946157070185	6.13637971354303	9.63531408522917	0.669440278277986	-0.379526188334573	0.670503417275972	1.71402298265976	2.09354917099433	0.812136325852037	3.76363507458003	-6.40306310498152	3.45011072948934	13.9899427204801	20.3930058254616	0.0376	0.964	2.20863066928678	-0.197275816342445	2.30440906759973	4.13499095658753	4.33226677292997	0	NA	NA	NA	NA	NA	NA	1	1.44038162996693	2.07469923994619	1	0.669440278277986	0.448150286180907	1	3.76363507458003	14.164948974609	1	2.20863066928678	4.87804943331419	1.00123391842758	3947.380823174	0	1.00214284522399	13553.9767536205	0	NA	NA	NA	NA	NA	NA	NA	NA
841	3	3	exact_null_point_mass	exact_null_point_mass	point_mass	0	none	no_benefit	0	0	NA	0	0	1000	360	600	1000	1000	360	762	0.64	0.238	5.81691238203428	24	24	0	2	1	10	4	1	5000	2500	1	0.99	14	10000	101840	0.4652	0.3959	-0.246235405064995	-5.81448550440258	-0.279029422982478	5.44636484176077	11.2608503461633	-0.147393633200645	-1.22660682159627	-0.14593608915899	0.906510417992952	2.13311723958922	0.46436953275016	-0.467089779189097	-12.2374770543754	-0.418391447629242	11.4952720717822	23.7327491261576	0.0626	0.1801	-0.924431308180451	-2.87614520948733	-0.917307482820154	0.918554580569081	3.79469979005641	0	NA	NA	NA	NA	NA	NA	1	-0.246235405064995	0.0606318747075221	1	-0.147393633200645	0.0217248831080862	1	-0.467089779189097	0.218172861822919	1	-0.924431308180451	0.854573243544219	1.00170895660661	4185.96235521737	0	1.00163240886443	12717.5490105763	0	NA	NA	NA	NA	NA	NA	NA	NA
767	3	3	exact_null_point_mass	exact_null_point_mass	point_mass	0	none	no_benefit	0	0	NA	0	0	1000	360	600	1000	1000	360	729	0.64	0.271	6.28576104561006	24	24	0	2	1	10	4	1	5000	2500	1	0.99	14	10000	101766	0.5127	0.1865	0.0343096240373873	-5.11072758573127	0.0781494091503543	5.10650101368443	10.2172285994157	-0.498552478919838	-1.61737530621056	-0.499168751021744	0.592069896305932	2.20944520251649	0.516661377340527	0.226230217883424	-10.7698373001196	0.168500568675932	11.1038033861425	21.8736406862621	0.0547	0.4252	-0.267495739379389	-2.43880189475058	-0.199684369882192	1.57964084665981	4.01844274141039	0	NA	NA	NA	NA	NA	NA	1	0.0343096240373873	0.00117715030158686	1	-0.498552478919838	0.248554574237116	1	0.226230217883424	0.0511801114835816	1	-0.267495739379389	0.0715539705861261	1.00137902774526	4422.61966033741	0	1.00209343625794	10293.8744811567	0	NA	NA	NA	NA	NA	NA	NA	NA
942	3	3	exact_null_point_mass	exact_null_point_mass	point_mass	0	none	no_benefit	0	0	NA	0	0	1000	360	600	1000	1000	360	753	0.64	0.247	6.14208784349099	24	24	0	2	1	10	4	1	5000	2500	1	0.99	14	10000	101941	0.6007	0.9432	0.686735885583409	-4.51959483796314	0.716289144753376	5.83806865214217	10.3576634901053	0.853597464260853	-0.201356538392621	0.858306020279314	1.90501354208167	2.10637008047429	0.547523285351397	0.603414172058032	-10.5580677066366	0.596211138550844	11.7641835092872	22.3222512159237	0.0552	0.9855	2.01393835822878	0.196523666042058	2.04001650055679	3.72520852724151	3.52868486119945	0	NA	NA	NA	NA	NA	NA	1	0.686735885583409	0.471606176548028	1	0.853597464260853	0.728628630992559	1	0.603414172058032	0.36410866304048	0	2.01393835822878	4.05594771074522	1.00151339181385	4742.77010508183	0	1.00224705140114	10725.324269392	0	NA	NA	NA	NA	NA	NA	NA	NA
722	3	3	exact_null_point_mass	exact_null_point_mass	point_mass	0	none	no_benefit	0	0	NA	0	0	1000	360	600	1000	1000	360	750	0.64	0.25	6.10233260268431	24	24	0	2	1	10	4	1	5000	2500	1	0.99	14	10000	101721	0.5817	0.6526	0.591421420419823	-4.59343172880313	0.569774742636011	5.91608795892462	10.5095196877277	0.220423629996401	-0.856463167990423	0.226198356107081	1.29167997598142	2.14814314397184	0.563042313872523	0.84611361129898	-10.3992774575354	0.774372952699803	11.8527707581135	22.2520482156488	0.0665	0.826	0.86893213602206	-1.05658743680111	0.901624945235499	2.58813918391551	3.64472662071661	0	NA	NA	NA	NA	NA	NA	1	0.591421420419823	0.349779296531401	1	0.220423629996401	0.0485865766607903	1	0.84611361129898	0.715908243225401	1	0.86893213602206	0.75504305701186	1.00141317261732	4372.44326537699	0	1.00137886672131	10069.6184793296	0	NA	NA	NA	NA	NA	NA	NA	NA
757	3	3	exact_null_point_mass	exact_null_point_mass	point_mass	0	none	no_benefit	0	0	NA	0	0	1000	360	600	1000	1000	360	764	0.64	0.236	6.41534442874283	24	24	0	2	1	10	4	1	5000	2500	1	0.99	14	10000	101756	0.4703	0.5155	-0.171651242109982	-5.48531039624194	-0.194994965258655	5.10705786189385	10.5923682581358	0.019975792418381	-1.03096450740579	0.0184510194522494	1.08255201208864	2.11351651949443	0.47457262659929	-0.337180775427133	-11.4103841143283	-0.324658087703675	10.9189562319214	22.3293403462496	0.0699	0.4698	-0.0807769316377535	-2.39448342858141	-0.0787138435924728	2.24894550250672	4.64342893108813	0	NA	NA	NA	NA	NA	NA	1	-0.171651242109982	0.0294641489178998	1	0.019975792418381	0.000399032282742248	1	-0.337180775427133	0.113690875317643	1	-0.0807769316377535	0.0065249126848103	1.00122874448029	4546.14719900366	0	1.00183729393326	12571.1010798393	0	NA	NA	NA	NA	NA	NA	NA	NA
752	3	3	exact_null_point_mass	exact_null_point_mass	point_mass	0	none	no_benefit	0	0	NA	0	0	1000	360	600	1000	1000	360	754	0.64	0.246	6.40145328679051	24	24	0	2	1	10	4	1	5000	2500	1	0.99	14	10000	101751	0.4861	0.442	-0.078387662577936	-5.18648240309275	-0.0781025067859087	5.11327477796152	10.2997571810543	-0.0820249052815605	-1.14428304034611	-0.0791537740605648	0.986858900298365	2.13114194064447	0.502988361119849	0.0359830807926285	-10.9106712294185	0.0342940615457792	10.933410142742	21.8440813721605	0.0463	0.3706	-0.256596313061455	-1.84410700562207	-0.290579023121603	1.54468123683617	3.38878824245824	0	NA	NA	NA	NA	NA	NA	1	-0.078387662577936	0.00614462564443234	1	-0.0820249052815605	0.00672808508644897	1	0.0359830807926285	0.00129478210332883	1	-0.256596313061455	0.0658416678767322	1.00172936919185	4572.3751893168	0	1.00213303209175	11981.5418343985	0	NA	NA	NA	NA	NA	NA	NA	NA
857	3	3	exact_null_point_mass	exact_null_point_mass	point_mass	0	none	no_benefit	0	0	NA	0	0	1000	360	600	1000	1000	360	770	0.64	0.23	5.74844755738503	24	24	0	2	1	10	4	1	5000	2500	1	0.99	14	10000	101856	0.5236	0.5449	0.175673060182938	-5.41032564730293	0.177249043725115	5.744330838031	11.1546564853339	0.0621487407943262	-0.997950120348721	0.0580834927190876	1.12288420565012	2.12083432599884	0.527183742951378	0.313909199535754	-11.5688394342446	0.353997363536283	12.1101720530746	23.6790114873192	0.0601	0.5014	0.00543248374604123	-1.87738167008099	0.00408977130805344	1.81846642059137	3.69584809067236	0	NA	NA	NA	NA	NA	NA	1	0.175673060182938	0.0308610240740382	1	0.0621487407943262	0.00386246598232035	1	0.313909199535754	0.0985389855531775	1	0.00543248374604123	2.95118796510021e-05	1.00088515595746	4539.79974523478	0	1.00136540358655	11132.3269292618	0	NA	NA	NA	NA	NA	NA	NA	NA
910	3	3	exact_null_point_mass	exact_null_point_mass	point_mass	0	none	no_benefit	0	0	NA	0	0	1000	360	600	1000	1000	360	748	0.64	0.252	6.2331533732279	24	24	0	2	1	10	4	1	5000	2500	1	0.99	14	10000	101909	0.454	0.4862	-0.310320505858885	-5.34525975706346	-0.297858933705997	4.6774087621798	10.0226685192433	-0.0138910165595205	-1.09893589778615	-0.0197409559780199	1.06803118813921	2.16696708592537	0.469982125959415	-0.398480405107693	-11.4606104193101	-0.335054543406967	10.772657690829	22.2332681101391	0.0489	0.536	0.0817097616949963	-2.00161234324081	0.0844546673312649	2.10037307519239	4.1019854184332	0	NA	NA	NA	NA	NA	NA	1	-0.310320505858885	0.0962988163565145	1	-0.0138910165595205	0.000192960341056873	1	-0.398480405107693	0.158786633254791	1	0.0817097616949963	0.00667648515625308	1.00211727294117	4584.32881793398	0	1.0015092485242	12083.5124157293	0	NA	NA	NA	NA	NA	NA	NA	NA
725	3	3	exact_null_point_mass	exact_null_point_mass	point_mass	0	none	no_benefit	0	0	NA	0	0	1000	360	600	1000	1000	360	758	0.64	0.242	6.38117782296292	24	24	0	2	1	10	4	1	5000	2500	1	0.99	14	10000	101724	0.6048	0.9905	0.721314727084216	-4.61313634030647	0.695436451843669	5.82219378070571	10.4353301210122	1.24750222847009	0.2146123695567	1.24552769919513	2.29150760359822	2.07689523404152	0.561138850525868	0.886872410767185	-10.3857479606253	0.803305844634561	12.0057363887238	22.3914843493491	0.0587	0.9069	1.35016531206433	-0.695802223844479	1.37497089114899	3.28197309651422	3.9777753203587	0	NA	NA	NA	NA	NA	NA	1	0.721314727084216	0.520294935508577	0	1.24750222847009	1.55626181003785	1	0.886872410767185	0.786542672979999	1	1.35016531206433	1.82294636990178	1.00149732119052	4685.05568174772	0	1.0019239351844	10881.6761095529	0	NA	NA	NA	NA	NA	NA	NA	NA
844	3	3	exact_null_point_mass	exact_null_point_mass	point_mass	0	none	no_benefit	0	0	NA	0	0	1000	360	600	1000	1000	360	762	0.64	0.238	5.9811220429256	24	24	0	2	1	10	4	1	5000	2500	1	0.99	14	10000	101843	0.5137	0.7087	0.106743396612547	-5.5475099585296	0.0916945029031666	5.77369237011382	11.3212023286434	0.30006316084983	-0.732891078524482	0.295445189173272	1.35553144242803	2.08842252095251	0.504216931781787	0.120640043857714	-11.8580560501431	0.0653834660908839	12.2946233548144	24.1526794049575	0.0633	0.6854	0.459193024468027	-1.34457337297206	0.469398166415204	2.22955086258519	3.57412423555725	0	NA	NA	NA	NA	NA	NA	1	0.106743396612547	0.0113941527203836	1	0.30006316084983	0.0900379004991909	1	0.120640043857714	0.014554020181991	1	0.459193024468027	0.210858233720094	1.0013021317125	4223.25384195003	0	1.00190571729868	14682.5241332741	0	NA	NA	NA	NA	NA	NA	NA	NA
893	3	3	exact_null_point_mass	exact_null_point_mass	point_mass	0	none	no_benefit	0	0	NA	0	0	1000	360	600	1000	1000	360	759	0.64	0.241	5.9213291267882	24	24	0	2	1	10	4	1	5000	2500	1	0.99	14	10000	101892	0.4661	0.6834	-0.20469929148824	-5.77299468294727	-0.237797316060541	5.55117333109925	11.3241680140465	0.261268779750379	-0.831205681667848	0.260471524236888	1.3238544834808	2.15506016514865	0.483111347895578	-0.163411769736251	-12.0629694778992	-0.241005556350405	11.9269983347659	23.9899678126651	0.0615	0.6585	0.414508920902722	-1.59290348545019	0.417274259756936	2.30419828021082	3.89710176566101	0	NA	NA	NA	NA	NA	NA	1	-0.20469929148824	0.0419017999357876	1	0.261268779750379	0.0682613752722518	1	-0.163411769736251	0.0267034064883336	1	0.414508920902722	0.171817645507939	1.0015204613524	4474.14667356231	0	1.0014567809337	11670.8668889795	0	NA	NA	NA	NA	NA	NA	NA	NA
726	3	3	exact_null_point_mass	exact_null_point_mass	point_mass	0	none	no_benefit	0	0	NA	0	0	1000	360	600	1000	1000	360	751	0.64	0.249	6.16280846416561	24	24	0	2	1	10	4	1	5000	2500	1	0.99	14	10000	101725	0.3984	0.1181	-0.688587892082261	-5.86137847927492	-0.716508928677872	4.53878310484533	10.4001615841202	-0.656248005090909	-1.72335368027654	-0.657210844725058	0.411107150054693	2.13446083033123	0.40721540414727	-1.19334385277994	-12.139246953801	-1.07679270459912	9.81567235242071	21.9549193062217	0.0548	0.066	-1.55778022250418	-3.40208325251337	-1.59794099253708	0.462852033646697	3.86493528616007	0	NA	NA	NA	NA	NA	NA	1	-0.688587892082261	0.474153285122292	1	-0.656248005090909	0.430661444185798	1	-1.19334385277994	1.42406955096766	1	-1.55778022250418	2.42667922162518	1.00130069556566	4847.90797055109	0	1.00200357378501	13472.6992751123	0	NA	NA	NA	NA	NA	NA	NA	NA
887	3	3	exact_null_point_mass	exact_null_point_mass	point_mass	0	none	no_benefit	0	0	NA	0	0	1000	360	600	1000	1000	360	735	0.64	0.265	5.88977412030171	24	24	0	2	1	10	4	1	5000	2500	1	0.99	14	10000	101886	0.5467	0.8906	0.303435859002153	-5.37519879797615	0.327345319222769	5.80568380759606	11.1808826055722	0.688399254370733	-0.389758565716328	0.688459007269918	1.7905829352372	2.18034150095352	0.527854560918563	0.372661983081149	-11.2634251871	0.36772850794098	11.9851242718626	23.2485494589627	0.0594	0.7918	1.00713207103972	-1.32701994025712	0.974799567796556	3.35809688503157	4.68511682528869	0	NA	NA	NA	NA	NA	NA	1	0.303435859002153	0.0920733205283744	1	0.688399254370733	0.473893533418182	1	0.372661983081149	0.138876953633974	1	1.00713207103972	1.01431500851676	1.00095583284541	4351.21955455866	0	1.00162482055395	12706.9727801482	0	NA	NA	NA	NA	NA	NA	NA	NA
778	3	3	exact_null_point_mass	exact_null_point_mass	point_mass	0	none	no_benefit	0	0	NA	0	0	1000	360	600	1000	1000	360	740	0.64	0.26	6.23295750707119	24	24	0	2	1	10	4	1	5000	2500	1	0.99	14	10000	101777	0.5285	0.6859	0.206820023152624	-5.00599886373861	0.210775775442493	5.34150195648186	10.3475008202205	0.27126494617846	-0.831801259923599	0.265463183146241	1.35894189516288	2.19074315508648	0.539416445623342	0.555442356221829	-10.6687550793109	0.466203830549006	11.8059021293944	22.4746572087054	0.0575	0.7165	0.592639060210898	-1.46312839346833	0.586928494269228	2.71502089473511	4.17814928820345	0	NA	NA	NA	NA	NA	NA	1	0.206820023152624	0.0427745219768518	1	0.27126494617846	0.073584671025203	1	0.555442356221829	0.308516211085257	1	0.592639060210898	0.351221055687656	1.00186088811084	4380.32506663291	0	1.00144710965061	15097.1599912655	0	NA	NA	NA	NA	NA	NA	NA	NA
779	3	3	exact_null_point_mass	exact_null_point_mass	point_mass	0	none	no_benefit	0	0	NA	0	0	1000	360	600	1000	1000	360	725	0.64	0.275	7.00842016868533	24	24	0	2	1	10	4	1	5000	2500	1	0.99	14	10000	101778	0.6525	0.4247	0.98290074957621	-4.28406198254749	1.04331767385813	5.85155687361997	10.1356188561675	-0.0996575954276285	-1.17864887680971	-0.1048498833153	0.9616349192666	2.14028379607631	0.709540486044784	2.49953614495075	-8.88608569778449	2.44510456607146	13.09305274069	21.9791384384745	0.0577	0.3423	-0.471030243977231	-2.62184212774143	-0.510355018107091	1.78874071151577	4.41058283925721	0	NA	NA	NA	NA	NA	NA	1	0.98290074957621	0.966093883517475	1	-0.0996575954276285	0.00993163632641689	1	2.49953614495075	6.24768093991525	1	-0.471030243977231	0.22186949074125	1.00145464755104	4387.2950692895	0	1.00240204499171	13156.5132188972	0	NA	NA	NA	NA	NA	NA	NA	NA
768	3	3	exact_null_point_mass	exact_null_point_mass	point_mass	0	none	no_benefit	0	0	NA	0	0	1000	360	600	1000	1000	360	766	0.64	0.234	6.06058455687137	24	24	0	2	1	10	4	1	5000	2500	1	0.99	14	10000	101767	0.6982	0.42	1.38340489134101	-3.83600191114938	1.43722728265642	6.35957425000095	10.1955761611503	-0.107027185538274	-1.16593544348099	-0.101550796549374	0.949018568375569	2.11495401185655	0.756422454804948	3.23487194701604	-7.65371567205251	3.02376755248626	13.8272778923454	21.480993564398	0.0541	0.5457	0.0807225240044404	-1.73131840137374	0.0989392353549299	1.79266337877445	3.52398178014818	0	NA	NA	NA	NA	NA	NA	1	1.38340489134101	1.91380909338624	1	-0.107027185538274	0.0114548184442441	1	3.23487194701604	10.4643965135913	1	0.0807225240044404	0.00651612588164745	1.00209589202099	4494.00571743911	0	1.00162575535528	11537.5695024938	0	NA	NA	NA	NA	NA	NA	NA	NA
903	3	3	exact_null_point_mass	exact_null_point_mass	point_mass	0	none	no_benefit	0	0	NA	0	0	1000	360	600	1000	1000	360	758	0.64	0.242	6.29922054172055	24	24	0	2	1	10	4	1	5000	2500	1	0.99	14	10000	101902	0.4058	0.3377	-0.615574974633881	-5.74127258189911	-0.647335270834355	4.4765166750276	10.2177892569267	-0.22654856540311	-1.27853221613698	-0.226638668178439	0.838385401281314	2.11691761741829	0.427695946672401	-1.03382625184115	-12.1680658435911	-0.95876010932589	10.247288554576	22.4153543981671	0.0699	0.1224	-1.27670998358272	-3.21642724480096	-1.31303462698872	0.832083071453745	4.04851031625471	0	NA	NA	NA	NA	NA	NA	1	-0.615574974633881	0.378932549395504	1	-0.22654856540311	0.0513242524862071	1	-1.03382625184115	1.06879671899591	1	-1.27670998358272	1.62998838217978	1.00183735253979	4233.61635167301	0	1.00148240136825	12674.0461441354	0	NA	NA	NA	NA	NA	NA	NA	NA
886	3	3	exact_null_point_mass	exact_null_point_mass	point_mass	0	none	no_benefit	0	0	NA	0	0	1000	360	600	1000	1000	360	765	0.64	0.235	5.56633879839357	24	24	0	2	1	10	4	1	5000	2500	1	0.99	14	10000	101885	0.6386	0.9968	0.991759892568697	-4.38973256270575	1.00308722158459	6.34984739591495	10.7395799586207	1.47673555158664	0.41333909639147	1.47422327276378	2.55556104235908	2.14222194596761	0.591537406352221	1.31755908670131	-10.265812633098	1.08003386545497	12.6282224948482	22.8940351279463	0.0523	0.9562	1.90985435023309	-0.254321214285737	1.85989432460304	4.29078031166303	4.54510152594876	0	NA	NA	NA	NA	NA	NA	1	0.991759892568697	0.983587684507873	0	1.47673555158664	2.1807478893199	1	1.31755908670131	1.73596194694918	1	1.90985435023309	3.64754363910426	1.00131770152463	4316.38532440251	0	1.00259058697568	14735.1106926955	0	NA	NA	NA	NA	NA	NA	NA	NA
720	3	3	exact_null_point_mass	exact_null_point_mass	point_mass	0	none	no_benefit	0	0	NA	0	0	1000	360	600	1000	1000	360	764	0.64	0.236	6.38047494986769	24	24	0	2	1	10	4	1	5000	2500	1	0.99	14	10000	101719	0.4148	0.0524	-0.579848124425747	-5.76440008377154	-0.569186729612537	4.55055506768887	10.3149551514604	-0.868520738560317	-1.91896202249372	-0.868000548683471	0.189342112206752	2.10830413470047	0.456725644851844	-0.600677243576644	-11.6057848964558	-0.521955383617551	10.6643710246654	22.2701559211212	0.0618	0.2205	-0.79818247793349	-2.75053165239405	-0.864370699748639	1.58549861164136	4.33603026403541	0	NA	NA	NA	NA	NA	NA	1	-0.579848124425747	0.336223847400057	1	-0.868520738560317	0.754328273309358	1	-0.600677243576644	0.360813150950835	1	-0.79818247793349	0.637095268080046	1.00148389781331	4307.38838512865	0	1.001708393205	12499.7991279335	0	NA	NA	NA	NA	NA	NA	NA	NA
797	3	3	exact_null_point_mass	exact_null_point_mass	point_mass	0	none	no_benefit	0	0	NA	0	0	1000	360	600	1000	1000	360	760	0.64	0.24	5.90601554895328	24	24	0	2	1	10	4	1	5000	2500	1	0.99	14	10000	101796	0.5144	0.3142	0.109115991926779	-5.61239275684351	0.112127425485451	5.79028593926733	11.4026786961108	-0.26866541854868	-1.32934650610654	-0.26722434607098	0.815917774098121	2.14526428020466	0.517097670442402	0.211584761229795	-11.8478977601468	0.21010879225159	11.9513033656924	23.7992011258392	0.0642	0.2282	-0.632383215923284	-2.53999393431488	-0.583532127306193	0.966520473484147	3.50651440779903	0	NA	NA	NA	NA	NA	NA	1	0.109115991926779	0.0119062996941649	1	-0.26866541854868	0.0721811071239373	1	0.211584761229795	0.0447681111846694	1	-0.632383215923284	0.399908531781475	1.00226610030739	4101.04587326753	0	1.00184231389609	11304.141114773	0	NA	NA	NA	NA	NA	NA	NA	NA
911	3	3	exact_null_point_mass	exact_null_point_mass	point_mass	0	none	no_benefit	0	0	NA	0	0	1000	360	600	1000	1000	360	757	0.64	0.243	6.11055800250316	24	24	0	2	1	10	4	1	5000	2500	1	0.99	14	10000	101910	0.5676	0.8236	0.461668374090821	-4.53616377176002	0.440485675646983	5.54901984959056	10.0851836213506	0.498475873824607	-0.535689442127529	0.499910325573754	1.55620864017005	2.09189808229758	0.545321789923855	0.576057290515785	-10.4326225539579	0.555787241856216	11.452063875275	21.884686429233	0.0413	0.8323	1.12029073920321	-1.11011978401419	1.14055822162479	3.23024554686749	4.34036533088168	0	NA	NA	NA	NA	NA	NA	1	0.461668374090821	0.213137687635662	1	0.498475873824607	0.248478196785206	1	0.576057290515785	0.331842001956388	1	1.12029073920321	1.25505134034447	1.00170418179907	4421.58198366973	0	1.00273371862497	9193.24321392347	0	NA	NA	NA	NA	NA	NA	NA	NA
812	3	3	exact_null_point_mass	exact_null_point_mass	point_mass	0	none	no_benefit	0	0	NA	0	0	1000	360	600	1000	1000	360	758	0.64	0.242	5.83182437654843	24	24	0	2	1	10	4	1	5000	2500	1	0.99	14	10000	101811	0.4677	0.734	-0.294558793797553	-5.97339996768353	-0.246115334259895	5.34250772344997	11.3159076911335	0.343148419399806	-0.717173692058969	0.339625592289435	1.42634802320804	2.143521715267	0.468241302266199	-0.484699551148819	-12.4376453641184	-0.432801673418966	11.445269714035	23.8829150781535	0.0601	0.4941	0.010758875937634	-1.65253567882641	-0.0135679456093492	1.82594163049156	3.47847730931797	0	NA	NA	NA	NA	NA	NA	1	-0.294558793797553	0.0867648830034694	1	0.343148419399806	0.117750837736585	1	-0.484699551148819	0.234933654883866	1	0.010758875937634	0.0001157534114414	1.00171183036345	4278.27223740863	0	1.00203211011673	11853.080458145	0	NA	NA	NA	NA	NA	NA	NA	NA
894	3	3	exact_null_point_mass	exact_null_point_mass	point_mass	0	none	no_benefit	0	0	NA	0	0	1000	360	600	1000	1000	360	769	0.64	0.231	5.74686536158861	24	24	0	2	1	10	4	1	5000	2500	1	0.99	14	10000	101893	0.4252	0.0625	-0.511947746826585	-6.09043603960825	-0.524862735053591	5.03067481813388	11.1211108577421	-0.827173537976228	-1.87681988492302	-0.832484542169534	0.224671905323072	2.10149179024609	0.452677065767285	-0.645008058801629	-12.070802524582	-0.631352811816544	11.2348653086562	23.3056678332382	0.0512	0.0158	-1.63407375585892	-3.33022920347277	-1.59137431347245	-0.123071444106535	3.20715775936623	0	NA	NA	NA	NA	NA	NA	1	-0.511947746826585	0.262090495480817	1	-0.827173537976228	0.68421606192811	1	-0.645008058801629	0.416035395919046	0	-1.63407375585892	2.67019703958689	1.00125332077951	4371.92682753382	0	1.00146530693019	14362.6643309119	0	NA	NA	NA	NA	NA	NA	NA	NA
885	3	3	exact_null_point_mass	exact_null_point_mass	point_mass	0	none	no_benefit	0	0	NA	0	0	1000	360	600	1000	1000	360	767	0.64	0.233	5.91408830700113	24	24	0	2	1	10	4	1	5000	2500	1	0.99	14	10000	101884	0.4618	0.3437	-0.271661354424714	-5.80355846468125	-0.274163963611532	5.16521410131089	10.9687725659921	-0.218149918443483	-1.27207190250267	-0.221943717746464	0.833295257417217	2.10536715991989	0.482784431137725	-0.191830326812153	-11.9397701155608	-0.241738153306627	11.7394567087235	23.6792268242843	0.0648	0.3885	-0.267669628941608	-2.13308589628711	-0.308251289844931	1.80851719805595	3.94160309434306	0	NA	NA	NA	NA	NA	NA	1	-0.271661354424714	0.0737998914878702	1	-0.218149918443483	0.0475893869168981	1	-0.191830326812153	0.0367988742848573	1	-0.267669628941608	0.0716470302577381	1.00202564437217	4428.09250992274	0	1.00192614255318	10716.9989982224	0	NA	NA	NA	NA	NA	NA	NA	NA
938	3	3	exact_null_point_mass	exact_null_point_mass	point_mass	0	none	no_benefit	0	0	NA	0	0	1000	360	600	1000	1000	360	773	0.64	0.227	5.93196187172672	24	24	0	2	1	10	4	1	5000	2500	1	0.99	14	10000	101937	0.4648	0.718	-0.253861145082191	-5.77447327021453	-0.275383948789516	5.34130161922069	11.1157748894352	0.316377167240255	-0.746731111464868	0.315132808121425	1.37853262059391	2.12526373205878	0.472323535721948	-0.356163139779327	-12.2489041500831	-0.37283155324396	11.6703773147884	23.9192814648716	0.0678	0.6542	0.486874960757249	-1.81023131577188	0.48486156229457	2.80535862013049	4.61558993590238	0	NA	NA	NA	NA	NA	NA	1	-0.253861145082191	0.0644454809824411	1	0.316377167240255	0.100094511950968	1	-0.356163139779327	0.126852182137468	1	0.486874960757249	0.237047227412373	1.00171166641026	4390.55644638985	0	1.00189705964267	10245.0565357481	0	NA	NA	NA	NA	NA	NA	NA	NA
747	3	3	exact_null_point_mass	exact_null_point_mass	point_mass	0	none	no_benefit	0	0	NA	0	0	1000	360	600	1000	1000	360	749	0.64	0.251	5.76937237187023	24	24	0	2	1	10	4	1	5000	2500	1	0.99	14	10000	101746	0.5457	0.7313	0.327413919935643	-5.27981911170592	0.322296921865195	5.88919023757046	11.1690093492764	0.337256067029705	-0.753019159404951	0.332902511977478	1.41781414871397	2.17083330811892	0.508840656431975	0.17270960186487	-11.351639714336	0.124906832095318	11.8525173045058	23.2041570188419	0.0555	0.3591	-0.377617449776993	-2.58693383908898	-0.408121389137011	2.04245049100162	4.6293843300906	0	NA	NA	NA	NA	NA	NA	1	0.327413919935643	0.107199874967623	1	0.337256067029705	0.113741654748345	1	0.17270960186487	0.029828606576322	1	-0.377617449776993	0.14259493837608	1.00173746898692	4130.80815908133	0	1.00218779247942	12403.2966761906	0	NA	NA	NA	NA	NA	NA	NA	NA
777	3	3	exact_null_point_mass	exact_null_point_mass	point_mass	0	none	no_benefit	0	0	NA	0	0	1000	360	600	1000	1000	360	765	0.64	0.235	5.60346449366501	24	24	0	2	1	10	4	1	5000	2500	1	0.99	14	10000	101776	0.3838	0.1134	-0.860524708672654	-6.29578079967288	-0.876771810288323	4.68578164832412	10.981562447997	-0.654433050475229	-1.72899753859718	-0.65035736837631	0.419556557794899	2.14855409639208	0.407145122080118	-1.25345300599289	-12.7123393895027	-1.18240115443789	10.5030418955192	23.2153812850219	0.0539	0.0315	-2.25264560236043	-4.33453393157991	-2.30994130960663	0.106522489356979	4.44105642093689	0	NA	NA	NA	NA	NA	NA	1	-0.860524708672654	0.740502774236155	1	-0.654433050475229	0.428282617554314	1	-1.25345300599289	1.57114443823262	1	-2.25264560236043	5.0744122098338	1.00229589019686	4224.86569325801	0	1.00165583748516	13043.8374966218	0	NA	NA	NA	NA	NA	NA	NA	NA
884	3	3	exact_null_point_mass	exact_null_point_mass	point_mass	0	none	no_benefit	0	0	NA	0	0	1000	360	600	1000	1000	360	776	0.64	0.224	5.26776736057456	24	24	0	2	1	10	4	1	5000	2500	1	0.99	14	10000	101883	0.4381	0.4258	-0.394904083448971	-5.75922976617592	-0.454919646076374	5.10821490701253	10.8674446731884	-0.100963163809003	-1.17080947855652	-0.0986349518379974	0.970243422469726	2.14105290102624	0.434954280964256	-0.864535629176587	-12.2617266437494	-0.728270877691892	10.3020961438387	22.5638227875881	0.0376	0.3072	-0.439582063283208	-2.33567650978079	-0.464333954520685	1.43948193952693	3.77515844930772	0	NA	NA	NA	NA	NA	NA	1	-0.394904083448971	0.155949235124672	1	-0.100963163809003	0.0101935604463236	1	-0.864535629176587	0.747421854115758	1	-0.439582063283208	0.193232390360322	1.00147971763412	4359.27957397822	0	1.00160333999811	11689.690977539	0	NA	NA	NA	NA	NA	NA	NA	NA
908	3	3	exact_null_point_mass	exact_null_point_mass	point_mass	0	none	no_benefit	0	0	NA	0	0	1000	360	600	1000	1000	360	752	0.64	0.248	6.42446407768646	24	24	0	2	1	10	4	1	5000	2500	1	0.99	14	10000	101907	0.4265	0.2051	-0.480616832454739	-5.58554658636999	-0.481808097976613	4.684742986723	10.270289573093	-0.433161823324704	-1.46802742847927	-0.438503939903579	0.611211817078483	2.07923924555776	0.422857142857143	-1.06867762344377	-12.0715978791176	-0.923421486608401	9.95853076939985	22.0301286485174	0.055	0.1785	-1.02290187490487	-3.08841485392306	-1.05897754664364	1.19836383993916	4.28677869386223	0	NA	NA	NA	NA	NA	NA	1	-0.480616832454739	0.230992539638826	1	-0.433161823324704	0.187629165185982	1	-1.06867762344377	1.14207186284943	1	-1.02290187490487	1.04632824568389	1.00128208702535	4104.30099198825	0	1.00144588238721	10827.6815603292	0	NA	NA	NA	NA	NA	NA	NA	NA
759	3	3	exact_null_point_mass	exact_null_point_mass	point_mass	0	none	no_benefit	0	0	NA	0	0	1000	360	600	1000	1000	360	749	0.64	0.251	5.92803324264349	24	24	0	2	1	10	4	1	5000	2500	1	0.99	14	10000	101758	0.4785	0.2626	-0.169966283959199	-5.86833915270269	-0.156197458484936	5.47813730699525	11.3464764596979	-0.349162319141367	-1.41601814633186	-0.341929125048655	0.726147757562358	2.14216590389422	0.493206376377447	-0.114412719124837	-12.1190693350898	-0.0833588042840976	11.8153842564146	23.9344535915044	0.0653	0.0798	-1.29630384002745	-2.98225100633586	-1.33304413558526	0.597729370743297	3.57998037707916	0	NA	NA	NA	NA	NA	NA	1	-0.169966283959199	0.0288885376828992	1	-0.349162319141367	0.121914325108178	1	-0.114412719124837	0.0130902702975389	1	-1.29630384002745	1.68040364566991	1.00124983943605	4042.87968035328	0	1.00113689666922	10318.5727079843	0	NA	NA	NA	NA	NA	NA	NA	NA
939	3	3	exact_null_point_mass	exact_null_point_mass	point_mass	0	none	no_benefit	0	0	NA	0	0	1000	360	600	1000	1000	360	773	0.64	0.227	6.25343352427389	24	24	0	2	1	10	4	1	5000	2500	1	0.99	14	10000	101938	0.5091	0.6463	0.0503048580582096	-5.14757864240613	0.0665065044232911	5.23301527108473	10.3805939134909	0.210328955379479	-0.822946305554	0.210046331612923	1.26935528716845	2.09230159272245	0.485029302077784	-0.218990334752173	-11.3657887258716	-0.181214803033914	10.9569547455597	22.3227434714313	0.0615	0.4832	-0.0476037388139668	-1.72847841211988	-0.0332798372781475	1.54430470325269	3.27278311537257	0	NA	NA	NA	NA	NA	NA	1	0.0503048580582096	0.00253057874425662	1	0.210328955379479	0.0442382694710231	1	-0.218990334752173	0.0479567667148686	1	-0.0476037388139668	0.00226611594906837	1.00203605985751	4244.09604505515	0	1.00185171550042	12959.46052078	0	NA	NA	NA	NA	NA	NA	NA	NA
912	3	3	exact_null_point_mass	exact_null_point_mass	point_mass	0	none	no_benefit	0	0	NA	0	0	1000	360	600	1000	1000	360	767	0.64	0.233	6.02777982967065	24	24	0	2	1	10	4	1	5000	2500	1	0.99	14	10000	101911	0.5552	0.4405	0.396949321895762	-4.73198140869913	0.405752107954787	5.4216326209986	10.1536140296977	-0.0780653438584523	-1.11975262944091	-0.0809110347930568	0.965327558141497	2.08508018758241	0.581397771065514	1.00735308242979	-10.1441079219384	0.93871749562709	12.1303736553677	22.2744815773062	0.0399	0.7884	0.744463151949444	-1.2997563462877	0.764647892066948	2.6462262372657	3.9459825835534	0	NA	NA	NA	NA	NA	NA	1	0.396949321895762	0.157568764153506	1	-0.0780653438584523	0.00609419791173839	1	1.00735308242979	1.0147602326808	1	0.744463151949444	0.5542253846105	1.00139213097585	4275.08388077068	0	1.0022422543552	11965.1641753156	0	NA	NA	NA	NA	NA	NA	NA	NA
823	3	3	exact_null_point_mass	exact_null_point_mass	point_mass	0	none	no_benefit	0	0	NA	0	0	1000	360	600	1000	1000	360	769	0.64	0.231	6.09553693286278	24	24	0	2	1	10	4	1	5000	2500	1	0.99	14	10000	101822	0.523	0.2873	0.151575622466086	-4.79860178742677	0.152345972930799	5.06271556024742	9.86131734767419	-0.305998449365837	-1.37866480102294	-0.306210027845781	0.746164046688921	2.12482884771187	0.562330340363333	0.703269662939869	-10.3993180775085	0.680397620233762	11.4831346810188	21.8824527585273	0.0422	0.289	-0.434988129213728	-2.09316032264792	-0.422904406325446	1.08365227602706	3.17681259867498	0	NA	NA	NA	NA	NA	NA	1	0.151575622466086	0.0229751693259814	1	-0.305998449365837	0.0936350510142965	1	0.703269662939869	0.494588218811557	1	-0.434988129213728	0.189214672556859	1.00132648143884	4349.83059160737	0	1.00140641933604	12887.1397897334	0	NA	NA	NA	NA	NA	NA	NA	NA
813	3	3	exact_null_point_mass	exact_null_point_mass	point_mass	0	none	no_benefit	0	0	NA	0	0	1000	360	600	1000	1000	360	759	0.64	0.241	6.02733724294357	24	24	0	2	1	10	4	1	5000	2500	1	0.99	14	10000	101812	0.3802	0.511	-0.8474846289583	-5.80552557586501	-0.888992253750492	4.15469604213344	9.96022161799845	0.0145222296154241	-1.05813256020253	0.0162554880555197	1.09611674372546	2.15424930392799	0.320920156798019	-2.00398197635618	-13.1204440522397	-1.85345602753469	9.27537451546961	22.3958185677093	0.0306	0.1023	-1.25281231112564	-2.95939136960817	-1.33322015782675	0.962844274324959	3.92223564393312	0	NA	NA	NA	NA	NA	NA	1	-0.8474846289583	0.718230196320587	1	0.0145222296154241	0.0002108951530031	1	-2.00398197635618	4.01594376156043	1	-1.25281231112564	1.56953868690796	1.00136723391986	4356.45816682441	0	1.00133857269006	9950.16553185926	0	NA	NA	NA	NA	NA	NA	NA	NA
749	3	3	exact_null_point_mass	exact_null_point_mass	point_mass	0	none	no_benefit	0	0	NA	0	0	1000	360	600	1000	1000	360	739	0.64	0.261	6.04728181683367	24	24	0	2	1	10	4	1	5000	2500	1	0.99	14	10000	101748	0.3589	0.2884	-0.971028675505425	-6.17148249411258	-1.03441971752402	4.41716854618542	10.588651040298	-0.305882324634969	-1.36740582770309	-0.314823218898178	0.794761344259193	2.16216717196228	0.381442194364084	-1.63585324920985	-12.6964223765718	-1.55911118669216	9.85613065619633	22.5525530327681	0.0667	0.3024	-0.58260481396664	-2.85704060799511	-0.566693826011406	1.58882546545348	4.44586607344859	0	NA	NA	NA	NA	NA	NA	1	-0.971028675505425	0.94289668865382	1	-0.305882324634969	0.0935639965240925	1	-1.63585324920985	2.67601585295042	1	-0.58260481396664	0.339428369257103	1.00309821870008	4085.54434963789	0	1.00104426127944	12191.4900867057	0	NA	NA	NA	NA	NA	NA	NA	NA
818	3	3	exact_null_point_mass	exact_null_point_mass	point_mass	0	none	no_benefit	0	0	NA	0	0	1000	360	600	1000	1000	360	744	0.64	0.256	6.7245052838194	24	24	0	2	1	10	4	1	5000	2500	1	0.99	14	10000	101817	0.5181	0.3178	0.0957106825817932	-5.08630731283558	0.111453076412351	5.33202781442789	10.4183351272635	-0.253538000560064	-1.31796689600077	-0.248673374849476	0.802922047724918	2.12088894372569	0.498760642310594	0.0295580910073623	-11.1166826253256	-0.0100633250671791	11.7010374608724	22.817720086198	0.0721	0.3997	-0.209737430913394	-1.67889945507714	-0.174183638937033	1.09658622130647	2.77548567638361	0	NA	NA	NA	NA	NA	NA	1	0.0957106825817932	0.00916053476027277	1	-0.253538000560064	0.0642815177279948	1	0.0295580910073623	0.000873680743999515	1	-0.209737430913394	0.0439897899261506	1.00174937804589	4246.01463589934	0	1.00175559537145	10837.7095669543	0	NA	NA	NA	NA	NA	NA	NA	NA
859	3	3	exact_null_point_mass	exact_null_point_mass	point_mass	0	none	no_benefit	0	0	NA	0	0	1000	360	600	1000	1000	360	747	0.64	0.253	6.00824961035406	24	24	0	2	1	10	4	1	5000	2500	1	0.99	14	10000	101858	0.4425	0.9681	-0.373722813807235	-5.51641455223808	-0.391075527380678	5.04711913568066	10.5635336879187	1.00353921183872	-0.0502931597567873	1.0036948046281	2.05519836709918	2.10549152685597	0.346205751064051	-1.67518020488578	-12.9319740801073	-1.7364249593151	10.185154982598	23.1171290627053	0.0367	0.8409	1.21125091888195	-1.07661300838023	1.21856517344675	3.56372537628332	4.64033838466355	0	NA	NA	NA	NA	NA	NA	1	-0.373722813807235	0.139668741559997	1	1.00353921183872	1.00709094969788	1	-1.67518020488578	2.80622871884116	1	1.21125091888195	1.46712878849238	1.00174892585802	4650.73688386735	0	1.00143413629086	7118.5987846853	0	NA	NA	NA	NA	NA	NA	NA	NA
851	3	3	exact_null_point_mass	exact_null_point_mass	point_mass	0	none	no_benefit	0	0	NA	0	0	1000	360	600	1000	1000	360	733	0.64	0.267	6.39836816589549	24	24	0	2	1	10	4	1	5000	2500	1	0.99	14	10000	101850	0.4959	0.7892	0.0105525285307812	-5.03959452937923	-0.0285418322652227	5.17569410653972	10.2152886359189	0.442309224374499	-0.669241056104732	0.441820376491041	1.52148037926646	2.19072143537119	0.487928843710292	-0.105075712059051	-10.9996706700677	-0.120834936990814	11.0779275368841	22.0775982069518	0.0556	0.686	0.565368321237716	-1.57046983803589	0.559802303978881	2.80187830506646	4.37234814310235	0	NA	NA	NA	NA	NA	NA	1	0.0105525285307812	0.000111355858392952	1	0.442309224374499	0.195637449966771	1	-0.105075712059051	0.0110409052647166	1	0.565368321237716	0.319641338659154	1.00124602382406	4506.08434832653	0	1.00105522076849	10916.431615814	0	NA	NA	NA	NA	NA	NA	NA	NA
826	3	3	exact_null_point_mass	exact_null_point_mass	point_mass	0	none	no_benefit	0	0	NA	0	0	1000	360	600	1000	1000	360	784	0.64	0.216	5.68631900104145	24	24	0	2	1	10	4	1	5000	2500	1	0.99	14	10000	101825	0.4874	0.6561	-0.118391040219399	-5.65724625370724	-0.0877705881457613	5.43426793440926	11.0915141881165	0.220776403550049	-0.821946454667108	0.218003104362316	1.28543436485139	2.10738081951849	0.484590301882823	-0.233447383161743	-12.0787512452932	-0.208358019326557	11.5785572774195	23.6573085227127	0.0493	0.6876	0.437308885523896	-1.41703084037299	0.428085535128331	2.24411876030896	3.66114960068196	0	NA	NA	NA	NA	NA	NA	1	-0.118391040219399	0.0140164384042313	1	0.220776403550049	0.0487422203644941	1	-0.233447383161743	0.0544976807050657	1	0.437308885523896	0.191239061358152	1.00153457754361	4087.03525111403	0	1.00151561659916	10781.0534723146	0	NA	NA	NA	NA	NA	NA	NA	NA
909	3	3	exact_null_point_mass	exact_null_point_mass	point_mass	0	none	no_benefit	0	0	NA	0	0	1000	360	600	1000	1000	360	771	0.64	0.229	6.59944797533681	24	24	0	2	1	10	4	1	5000	2500	1	0.99	14	10000	101908	0.5382	0.8165	0.276369448810219	-4.94917593544655	0.254692652782319	5.50769288965428	10.4568688251008	0.490590306733546	-0.536638730373211	0.476565905687141	1.57172341648078	2.10836214685399	0.51581091220924	0.312521708558595	-10.9912209846484	0.202301578979601	11.7399124279647	22.731133412613	0.0671	0.6945	0.531263622776837	-1.36099126074052	0.491524056473652	2.59406493300472	3.95505619374525	0	NA	NA	NA	NA	NA	NA	1	0.276369448810219	0.0763800722356641	1	0.490590306733546	0.240678849060915	1	0.312521708558595	0.0976698183203836	1	0.531263622776837	0.282241036885969	1.00145129166992	4432.26856142098	0	1.00257523006305	16817.1304173112	0	NA	NA	NA	NA	NA	NA	NA	NA
858	3	3	exact_null_point_mass	exact_null_point_mass	point_mass	0	none	no_benefit	0	0	NA	0	0	1000	360	600	1000	1000	360	758	0.64	0.242	5.95178671534118	24	24	0	2	1	10	4	1	5000	2500	1	0.99	14	10000	101857	0.5249	0.1772	0.14368132593226	-5.45031196713271	0.184538498776012	5.66954414006171	11.1198561071944	-0.501005163969223	-1.56477257800092	-0.49777283497902	0.559562790370535	2.12433536837146	0.506968826470901	0.105119217616132	-11.7738163202127	0.0873163665566139	11.9419596486588	23.7157759688714	0.0601	0.1028	-1.25365758063835	-3.18540381164846	-1.25447731648065	0.786883789072689	3.97228760072115	0	NA	NA	NA	NA	NA	NA	1	0.14368132593226	0.0206443234216523	1	-0.501005163969223	0.251006174323828	1	0.105119217616132	0.0110500499122278	1	-1.25365758063835	1.571657329492	1.00113777456847	4365.21737238883	0	1.00161990162277	13731.2992151033	0	NA	NA	NA	NA	NA	NA	NA	NA
860	3	3	exact_null_point_mass	exact_null_point_mass	point_mass	0	none	no_benefit	0	0	NA	0	0	1000	360	600	1000	1000	360	743	0.64	0.257	6.69929262117339	24	24	0	2	1	10	4	1	5000	2500	1	0.99	14	10000	101859	0.5642	0.8444	0.431578890050401	-5.03587307501912	0.466684164029149	5.75405927243279	10.7899323474519	0.559518988102303	-0.52429105763087	0.558273921411065	1.62732260668102	2.15161366431189	0.531202435312024	0.47255332245897	-11.0039219271948	0.420384649331177	11.8321383895946	22.8360603167894	0.0802	0.8515	1.04078491288738	-0.805490135755345	0.984448429083992	3.10048213469142	3.90597227044677	0	NA	NA	NA	NA	NA	NA	1	0.431578890050401	0.186260338337136	1	0.559518988102303	0.313061498047025	1	0.47255332245897	0.223306642567011	1	1.04078491288738	1.08323323489399	1.00097835563181	4152.23574248608	0	1.00160467995154	12221.1087649564	0	NA	NA	NA	NA	NA	NA	NA	NA
914	3	3	exact_null_point_mass	exact_null_point_mass	point_mass	0	none	no_benefit	0	0	NA	0	0	1000	360	600	1000	1000	360	770	0.64	0.23	6.03112639801854	24	24	0	2	1	10	4	1	5000	2500	1	0.99	14	10000	101913	0.5	0.7682	-0.0296224031921558	-5.27284309652796	-0.000142100642655407	5.22742399710726	10.5002670936352	0.404054020718673	-0.645248944318002	0.403415814467881	1.48017722153986	2.12542616585786	0.49670949545597	-0.0431772365468128	-11.587166111956	-0.0370985194470439	11.220165440328	22.8073315522841	0.0427	0.6414	0.474619663602968	-1.70761354129991	0.438046923530992	2.87755790354657	4.58517144484648	0	NA	NA	NA	NA	NA	NA	1	-0.0296224031921558	0.000877486770878643	1	0.404054020718673	0.163259651658926	1	-0.0431772365468128	0.00186427375581943	1	0.474619663602968	0.225263825078594	1.00145146835077	4173.21717221227	0	1.00157004202976	16288.2829118102	0	NA	NA	NA	NA	NA	NA	NA	NA
815	3	3	exact_null_point_mass	exact_null_point_mass	point_mass	0	none	no_benefit	0	0	NA	0	0	1000	360	600	1000	1000	360	745	0.64	0.255	6.10924269489271	24	24	0	2	1	10	4	1	5000	2500	1	0.99	14	10000	101814	0.5882	0.7375	0.565041243491175	-4.58884057377642	0.591811963151751	5.65298086704111	10.2418214408175	0.349481215183333	-0.699952952536966	0.349116564569415	1.38746453193469	2.08741748447166	0.591152674162026	1.18545454265642	-9.94124372452491	1.09185611299021	12.2257966848321	22.167040409357	0.0483	0.3789	-0.313509943445676	-2.31564401549916	-0.363841379397758	1.88821248575602	4.20385650125517	0	NA	NA	NA	NA	NA	NA	1	0.565041243491175	0.319271606846053	1	0.349481215183333	0.122137119766019	1	1.18545454265642	1.40530247270474	1	-0.313509943445676	0.0982884846393109	1.00205436632752	4824.16230009653	0	1.00171003393	8905.89999225852	0	NA	NA	NA	NA	NA	NA	NA	NA
798	3	3	exact_null_point_mass	exact_null_point_mass	point_mass	0	none	no_benefit	0	0	NA	0	0	1000	360	600	1000	1000	360	758	0.64	0.242	5.81788665538571	24	24	0	2	1	10	4	1	5000	2500	1	0.99	14	10000	101797	0.3778	0.0248	-0.864934558691337	-6.32810052756664	-0.904729598724092	4.74844156224292	11.0765420898096	-1.05094897690235	-2.12359712440024	-1.04681057828943	-0.0024120340658632	2.12118509033438	0.424753420299077	-1.14955771440221	-12.6855557528255	-1.06345240748436	10.640184577451	23.3257403302765	0.0571	0.0768	-1.39908043274639	-3.33417226375213	-1.32606945218529	0.473552349302156	3.80772461305429	0	NA	NA	NA	NA	NA	NA	1	-0.864934558691337	0.748111790818578	0	-1.05094897690235	1.10449375205211	1	-1.14955771440221	1.32148293874163	1	-1.39908043274639	1.95742605729384	1.00202890684972	4342.31258263737	0	1.0014560215523	10170.1236180405	0	NA	NA	NA	NA	NA	NA	NA	NA
866	3	3	exact_null_point_mass	exact_null_point_mass	point_mass	0	none	no_benefit	0	0	NA	0	0	1000	360	600	1000	1000	360	740	0.64	0.26	5.98798871813617	24	24	0	2	1	10	4	1	5000	2500	1	0.99	14	10000	101865	0.4583	0.1697	-0.331762895902162	-5.85605729252793	-0.307755011146179	5.11223574975731	10.9682930422852	-0.526054583449314	-1.606636283135	-0.51876699519344	0.539416768242112	2.14605305137711	0.474529109589041	-0.409890278825569	-12.2213664980549	-0.393909341780099	11.4351803495612	23.6565468476161	0.0656	0.2492	-0.648566070817174	-2.50434386884302	-0.660363832912526	1.29653454947631	3.80087841831933	0	NA	NA	NA	NA	NA	NA	1	-0.331762895902162	0.110066619097389	1	-0.526054583449314	0.276733424768031	1	-0.409890278825569	0.168010040675703	1	-0.648566070817174	0.420637948215228	1.00207145892512	3981.6374744475	0	1.00193524460067	11474.1506480631	0	NA	NA	NA	NA	NA	NA	NA	NA
907	3	3	exact_null_point_mass	exact_null_point_mass	point_mass	0	none	no_benefit	0	0	NA	0	0	1000	360	600	1000	1000	360	741	0.64	0.259	6.44854005379424	24	24	0	2	1	10	4	1	5000	2500	1	0.99	14	10000	101906	0.3866	0.122	-0.746899626386306	-5.73248719466543	-0.766565134195735	4.36957923080283	10.1020664254683	-0.623492124803353	-1.65318650978371	-0.623259301056257	0.429432807682893	2.0826193174666	0.438322717622081	-0.95134907797819	-11.9341503783522	-0.776754949634198	10.2185706807701	22.1527210591223	0.058	0.2105	-0.804634871922096	-2.77442527451528	-0.812241101852315	1.2047157981673	3.97914107268258	0	NA	NA	NA	NA	NA	NA	1	-0.746899626386306	0.557859051896004	1	-0.623492124803353	0.3887424296918	1	-0.95134907797819	0.905065068169952	1	-0.804634871922096	0.647437277113088	1.00235039814722	4753.69441319911	0	1.00176858839846	11193.3133365424	0	NA	NA	NA	NA	NA	NA	NA	NA
802	3	3	exact_null_point_mass	exact_null_point_mass	point_mass	0	none	no_benefit	0	0	NA	0	0	1000	360	600	1000	1000	360	766	0.64	0.234	5.80952780351369	24	24	0	2	1	10	4	1	5000	2500	1	0.99	14	10000	101801	0.5616	0.5779	0.407643369541946	-5.19415272656325	0.423010563061804	6.03973339285596	11.2338861194192	0.111370682125415	-0.948179359132113	0.107273331549752	1.18795931875512	2.13613867788723	0.542605184870378	0.672392355033881	-11.2890610142511	0.567514829831486	12.4155955166545	23.7046565309056	0.0588	0.7942	0.724896603734032	-1.08604973608328	0.744859383139569	2.50676512230847	3.59281485839175	0	NA	NA	NA	NA	NA	NA	1	0.407643369541946	0.166173116731512	1	0.111370682125415	0.0124034288370803	1	0.672392355033881	0.452111479108009	1	0.724896603734032	0.525475086105134	1.00186280540371	4500.55961866352	0	1.001859399159	10589.5006336655	0	NA	NA	NA	NA	NA	NA	NA	NA
748	3	3	exact_null_point_mass	exact_null_point_mass	point_mass	0	none	no_benefit	0	0	NA	0	0	1000	360	600	1000	1000	360	772	0.64	0.228	6.3506817891306	24	24	0	2	1	10	4	1	5000	2500	1	0.99	14	10000	101747	0.5629	0.3965	0.42014626112275	-4.71178362691313	0.423966278395931	5.59754475595297	10.3093283828661	-0.141855691490963	-1.19591696981024	-0.144279789596953	0.887482379475098	2.08339934928534	0.537161084529506	0.442888526572673	-10.8823696817114	0.468265139213292	11.5752386240716	22.457608305783	0.0595	0.391	-0.275257122129095	-2.17645826730713	-0.204177003362023	1.45968500698351	3.63614327429064	0	NA	NA	NA	NA	NA	NA	1	0.42014626112275	0.176522880735426	1	-0.141855691490963	0.0201230372083793	1	0.442888526572673	0.196150246969713	1	-0.275257122129095	0.0757664832827917	1.00164390850267	4467.1434162988	0	1.00183534225692	15215.6847248233	0	NA	NA	NA	NA	NA	NA	NA	NA
816	3	3	exact_null_point_mass	exact_null_point_mass	point_mass	0	none	no_benefit	0	0	NA	0	0	1000	360	600	1000	1000	360	759	0.64	0.241	6.02568371612931	24	24	0	2	1	10	4	1	5000	2500	1	0.99	14	10000	101815	0.2972	0.0717	-1.40486963013619	-6.35771493126174	-1.46265570237539	3.98314291157883	10.3408578428406	-0.801551824373107	-1.84001004367299	-0.805038220354741	0.24726530173332	2.08727534540631	0.234722955145119	-3.42187789421667	-13.9306958928771	-3.32566020339421	7.77453571225119	21.7052316051283	0.0525	0.0929	-1.37976389982722	-3.47910808868917	-1.35292324781472	0.591798991272499	4.07090707996167	0	NA	NA	NA	NA	NA	NA	1	-1.40486963013619	1.97365867767898	1	-0.801551824373107	0.642485327155856	1	-3.42187789421667	11.7092483229287	1	-1.37976389982722	1.90374841926642	1.00180788749571	4601.56155854422	0	1.00167912643513	10920.3287597148	0	NA	NA	NA	NA	NA	NA	NA	NA
985	3	3	exact_null_point_mass	exact_null_point_mass	point_mass	0	none	no_benefit	0	0	NA	0	0	1000	360	600	1000	1000	360	738	0.64	0.262	6.84331567930656	24	24	0	2	1	10	4	1	5000	2500	1	0.99	14	10000	101984	0.5733	0.3409	0.503932213820152	-4.74157225031403	0.471110815260089	5.84334757270261	10.5849198230166	-0.225604096313986	-1.30786393890933	-0.21965107281647	0.838443887564785	2.14630782647411	0.534210812574785	0.521118967747956	-10.8265406417992	0.453327180485228	11.7365131026629	22.5630537444621	0.0807	0.3031	-0.90371560850339	-3.56459757470104	-0.773899455523025	1.64046395490111	5.20506152960215	0	NA	NA	NA	NA	NA	NA	1	0.503932213820152	0.25394767612568	1	-0.225604096313986	0.0508972082736502	1	0.521118967747956	0.271564978546695	1	-0.90371560850339	0.816701901052652	1.00251479715667	4091.81170593508	0	1.00189055141762	14412.7103756764	0	NA	NA	NA	NA	NA	NA	NA	NA
760	3	3	exact_null_point_mass	exact_null_point_mass	point_mass	0	none	no_benefit	0	0	NA	0	0	1000	360	600	1000	1000	360	764	0.64	0.236	6.05372184310191	24	24	0	2	1	10	4	1	5000	2500	1	0.99	14	10000	101759	0.6089	0.3218	0.689049604014672	-4.39963165182305	0.699733288615866	5.57393166982659	9.97356332164964	-0.24762884667152	-1.33064668254288	-0.252186876970097	0.820295134696701	2.15094181723958	0.721287490855889	2.68329574633852	-8.13972060680286	2.42956946900452	13.593570406481	21.7332910132839	0.0431	0.2153	-0.729446374703657	-2.57464186117502	-0.750748827957643	1.16937130517098	3.744013166346	0	NA	NA	NA	NA	NA	NA	1	0.689049604014672	0.474789356792777	1	-0.24762884667152	0.0613200457038673	1	2.68329574633852	7.20007606231842	1	-0.729446374703657	0.532092013568308	1.00156477264521	4419.21764260228	0	1.00176097147102	12094.2888918409	0	NA	NA	NA	NA	NA	NA	NA	NA
785	3	3	exact_null_point_mass	exact_null_point_mass	point_mass	0	none	no_benefit	0	0	NA	0	0	1000	360	600	1000	1000	360	757	0.64	0.243	5.95894130367823	24	24	0	2	1	10	4	1	5000	2500	1	0.99	14	10000	101784	0.4932	0.3908	-0.0572080043232167	-5.66957419854552	-0.0532115692220776	5.61669983817043	11.2862740367159	-0.146894301824446	-1.21770909558614	-0.147688037791277	0.91778516038332	2.13549425596946	0.502991452991453	0.0512334882361761	-11.7378825542895	0.0395033236826663	11.8579352773102	23.5958178315997	0.064	0.1667	-0.804882070826194	-2.33530370424559	-0.838522136383007	0.919841154221681	3.25514485846727	0	NA	NA	NA	NA	NA	NA	1	-0.0572080043232167	0.00327275575864518	1	-0.146894301824446	0.0215779359084913	1	0.0512334882361761	0.0026248703168464	1	-0.804882070826194	0.647835147937462	1.00175222929321	4178.06589474853	0	1.00101210821523	10073.6441414119	0	NA	NA	NA	NA	NA	NA	NA	NA
819	3	3	exact_null_point_mass	exact_null_point_mass	point_mass	0	none	no_benefit	0	0	NA	0	0	1000	360	600	1000	1000	360	770	0.64	0.23	6.47257338970254	24	24	0	2	1	10	4	1	5000	2500	1	0.99	14	10000	101818	0.5078	0.7232	0.0540351229928904	-4.95260195096011	0.052886020000396	5.13415562346265	10.0867575744228	0.307686309083025	-0.730656074610698	0.310896774946225	1.35294015830276	2.08359623291346	0.52031914893617	0.228250799771418	-10.9695054734453	0.194672014491635	11.4301789158821	22.3996843893274	0.06	0.5684	0.191672434637607	-1.68481757469473	0.174254283416119	2.27143750614026	3.95625508083499	0	NA	NA	NA	NA	NA	NA	1	0.0540351229928904	0.0029197945168568	1	0.307686309083025	0.094670864797135	1	0.228250799771418	0.0520984275962918	1	0.191672434637607	0.0367383221999076	1.00144211193122	4590.84121906678	0	1.0014739838113	11944.9263043793	0	NA	NA	NA	NA	NA	NA	NA	NA
951	3	3	exact_null_point_mass	exact_null_point_mass	point_mass	0	none	no_benefit	0	0	NA	0	0	1000	360	600	1000	1000	360	769	0.64	0.231	6.23877785090832	24	24	0	2	1	10	4	1	5000	2500	1	0.99	14	10000	101950	0.3147	0.1171	-1.29202788076614	-6.43606926863331	-1.36984067006198	4.17172033640496	10.6077896050383	-0.648117717324613	-1.72118481520712	-0.653657502665348	0.422887490010815	2.14407230521794	0.360760846334687	-1.91515266195533	-12.7211245476081	-1.84653418296347	9.30444773263045	22.0255722802385	0.0642	0.0351	-1.76167831091656	-3.49141872953804	-1.80615404136188	0.159466545270535	3.65088527480857	0	NA	NA	NA	NA	NA	NA	1	-1.29202788076614	1.66933604467704	1	-0.648117717324613	0.420056575510068	1	-1.91515266195533	3.66780971859458	1	-1.76167831091656	3.10351047115382	1.00261357985367	4137.92928728631	0	1.00162830528174	13330.7719397216	0	NA	NA	NA	NA	NA	NA	NA	NA
831	3	3	exact_null_point_mass	exact_null_point_mass	point_mass	0	none	no_benefit	0	0	NA	0	0	1000	360	600	1000	1000	360	759	0.64	0.241	5.8583268942455	24	24	0	2	1	10	4	1	5000	2500	1	0.99	14	10000	101830	0.4489	0.3088	-0.363037058873142	-5.9833492354684	-0.395782331854599	5.2941107012847	11.2774599367531	-0.282062293116242	-1.35700387863249	-0.278227022832292	0.803461343954039	2.16046522258653	0.463865011142948	-0.453049904220202	-12.2194299271454	-0.465129145128142	11.5791575805827	23.798587507728	0.0577	0.3494	-0.349947087782522	-2.20594833243949	-0.321776405680246	1.33747509112921	3.54342342356869	0	NA	NA	NA	NA	NA	NA	1	-0.363037058873142	0.131795906115262	1	-0.282062293116242	0.0795591371979929	1	-0.453049904220202	0.205254215713934	1	-0.349947087782522	0.122462964247468	1.00154679455763	4448.18846264871	0	1.00109023497543	13838.3782666397	0	NA	NA	NA	NA	NA	NA	NA	NA
850	3	3	exact_null_point_mass	exact_null_point_mass	point_mass	0	none	no_benefit	0	0	NA	0	0	1000	360	600	1000	1000	360	743	0.64	0.257	6.07991796141177	24	24	0	2	1	10	4	1	5000	2500	1	0.99	14	10000	101849	0.6537	0.3538	1.03857029521216	-4.23458007350102	1.06393341195139	6.11526276597793	10.3498428394789	-0.205332961272088	-1.2863945195417	-0.202691588383375	0.852898620117126	2.13929313965883	0.652617050642319	2.02695181808876	-9.12032669256718	1.86149326150263	13.1550499993794	22.2753766919466	0.0581	0.6816	0.566852827480309	-1.33148209811902	0.53843865648401	2.7280784523131	4.05956055043212	0	NA	NA	NA	NA	NA	NA	1	1.03857029521216	1.07862825809706	1	-0.205332961272088	0.0421616249847648	1	2.02695181808876	4.10853367285332	1	0.566852827480309	0.321322128022421	1.00239874426701	4660.42512421131	0	1.00262523878234	14837.4379068355	0	NA	NA	NA	NA	NA	NA	NA	NA
986	3	3	exact_null_point_mass	exact_null_point_mass	point_mass	0	none	no_benefit	0	0	NA	0	0	1000	360	600	1000	1000	360	748	0.64	0.252	5.62351261128876	24	24	0	2	1	10	4	1	5000	2500	1	0.99	14	10000	101985	0.5666	0.7837	0.470623776950955	-5.02351002154713	0.489922997413342	5.95990678296095	10.9834168045081	0.430052913209264	-0.644418986002963	0.437620301820004	1.48903187103846	2.13345085704143	0.529673119644557	0.543608634324735	-11.0094612265485	0.373728067999366	12.4133451881816	23.42280641473	0.0547	0.5248	0.140442797566048	-2.10882437170257	0.0843037295761544	2.64690916672891	4.75573353843149	0	NA	NA	NA	NA	NA	NA	1	0.470623776950955	0.221486739431582	1	0.430052913209264	0.184945508159774	1	0.543608634324735	0.295510347312403	1	0.140442797566048	0.0197241793881779	1.00140953000927	4384.17259972265	0	1.00195992475871	11050.4931115213	0	NA	NA	NA	NA	NA	NA	NA	NA
830	3	3	exact_null_point_mass	exact_null_point_mass	point_mass	0	none	no_benefit	0	0	NA	0	0	1000	360	600	1000	1000	360	751	0.64	0.249	5.84734444576235	24	24	0	2	1	10	4	1	5000	2500	1	0.99	14	10000	101829	0.4774	0.2326	-0.166324150427435	-5.72905509476162	-0.171042511931707	5.51875155940599	11.2478066541676	-0.394021035397688	-1.44598283715463	-0.397935268187361	0.678707147521026	2.12468998467566	0.484358374122154	-0.24336531891252	-11.9481145300198	-0.200703647735246	11.5077435035677	23.4558580335874	0.0602	0.3268	-0.403310181860989	-2.30015177393427	-0.370523065509372	1.23417753584833	3.53432930978261	0	NA	NA	NA	NA	NA	NA	1	-0.166324150427435	0.0276637230154079	1	-0.394021035397688	0.155252576335866	1	-0.24336531891252	0.0592266784493927	1	-0.403310181860989	0.162659102792744	1.00147445875325	4296.58680562477	0	1.00213539735515	10995.6728350154	0	NA	NA	NA	NA	NA	NA	NA	NA
801	3	3	exact_null_point_mass	exact_null_point_mass	point_mass	0	none	no_benefit	0	0	NA	0	0	1000	360	600	1000	1000	360	743	0.64	0.257	5.98854602002243	24	24	0	2	1	10	4	1	5000	2500	1	0.99	14	10000	101800	0.4845	0.9287	-0.119145798784867	-5.6875422231103	-0.115290516742974	5.55145240311557	11.2389946262259	0.804389861794173	-0.261177460751643	0.802953338410935	1.88619471777479	2.14737217852644	0.486981677917068	-0.126624569502096	-11.9604765404647	-0.161174950071071	11.7555358792867	23.7160124197514	0.0667	0.7442	0.864660245461318	-1.40496768264458	0.779325202523554	3.29931262680008	4.70428030944466	0	NA	NA	NA	NA	NA	NA	1	-0.119145798784867	0.0141957213680841	1	0.804389861794173	0.647043049757248	1	-0.126624569502096	0.0160337816015912	1	0.864660245461318	0.747637340081227	1.0018571553094	4475.12519943418	0	1.00226575481415	11486.3222599883	0	NA	NA	NA	NA	NA	NA	NA	NA
916	3	3	exact_null_point_mass	exact_null_point_mass	point_mass	0	none	no_benefit	0	0	NA	0	0	1000	360	600	1000	1000	360	767	0.64	0.233	5.88333574119207	24	24	0	2	1	10	4	1	5000	2500	1	0.99	14	10000	101915	0.4327	0.2644	-0.489738598125719	-6.06934613094334	-0.514559990437721	5.08698693197936	11.1563330629227	-0.344323318251993	-1.39630332474228	-0.350403493379129	0.721196057174656	2.11749938191694	0.452584365655703	-0.675898808921578	-12.3713360727679	-0.662214261979711	11.3876823513449	23.7590184241128	0.0636	0.1891	-1.02831140100027	-3.02460964316333	-1.09548586495452	1.37872744442683	4.40333708759016	0	NA	NA	NA	NA	NA	NA	1	-0.489738598125719	0.239843894494144	1	-0.344323318251993	0.118558547492064	1	-0.675898808921578	0.456839199901608	1	-1.02831140100027	1.05742433742714	1.00185090556167	4180.50696414672	0	1.00191154982864	10753.8157400222	0	NA	NA	NA	NA	NA	NA	NA	NA
926	3	3	exact_null_point_mass	exact_null_point_mass	point_mass	0	none	no_benefit	0	0	NA	0	0	1000	360	600	1000	1000	360	743	0.64	0.257	5.7390392983531	24	24	0	2	1	10	4	1	5000	2500	1	0.99	14	10000	101925	0.4693	0.2661	-0.225689365137133	-5.64572279911977	-0.229302833681727	5.28748134453884	10.9332041436586	-0.343727689374387	-1.42977963842864	-0.342562503570748	0.747275737025211	2.17705537545386	0.495336018655925	-0.0331219254270084	-11.4008126424625	-0.0597457375545218	11.7089203039064	23.1097329463689	0.0566	0.3309	-0.459525466945232	-2.56956396929301	-0.461234623375969	1.69298901545587	4.26255298474887	0	NA	NA	NA	NA	NA	NA	1	-0.225689365137133	0.0509356895360023	1	-0.343727689374387	0.118148724442655	1	-0.0331219254270084	0.0010970619439923	1	-0.459525466945232	0.211163654771234	1.00116990437791	4386.3464231812	0	1.00143103833428	11302.9135156093	0	NA	NA	NA	NA	NA	NA	NA	NA
663	3	3	exact_null_point_mass	exact_null_point_mass	point_mass	0	none	no_benefit	0	0	NA	0	0	1000	360	600	1000	1000	360	774	0.64	0.226	5.63884122917239	24	24	0	2	1	10	4	1	5000	2500	1	0.99	14	10000	101662	0.4549	0.3758	-0.314586743221822	-5.74505759590725	-0.311748882668897	5.12799182693023	10.8730494228375	-0.166773562630079	-1.22653279139745	-0.165088553162454	0.881814492182997	2.10834728358045	0.463135593220339	-0.542103251953483	-11.9641301312864	-0.486251257019791	11.0749682556423	23.0390983869288	0.056	0.2127	-0.711810735069707	-2.44252822806988	-0.748452785793148	1.13714384038728	3.57967206845716	0	NA	NA	NA	NA	NA	NA	1	-0.314586743221822	0.0989648190109127	1	-0.166773562630079	0.0278134211923289	1	-0.542103251953483	0.293875935778542	1	-0.711810735069707	0.506674522560477	1.00121287428795	4509.63615569835	0	1.00161544588973	13097.074655758	0	NA	NA	NA	NA	NA	NA	NA	NA
915	3	3	exact_null_point_mass	exact_null_point_mass	point_mass	0	none	no_benefit	0	0	NA	0	0	1000	360	600	1000	1000	360	780	0.64	0.22	5.58879634009439	24	24	0	2	1	10	4	1	5000	2500	1	0.99	14	10000	101914	0.4096	0.2229	-0.621032081390583	-6.1554068414375	-0.636650527045504	4.97819095229907	11.1335977937366	-0.406108724948767	-1.44780422438282	-0.400999779445448	0.660345938122952	2.10815016250577	0.437368421052632	-0.864036325809499	-12.3293449686284	-0.85308923081464	10.8700180247449	23.1993629933733	0.05	0.2339	-0.61402027502059	-2.38130984673788	-0.599261766567036	1.05701198068038	3.43832182741826	0	NA	NA	NA	NA	NA	NA	1	-0.621032081390583	0.38568084611632	1	-0.406108724948767	0.164924296479514	1	-0.864036325809499	0.746558772318379	1	-0.61402027502059	0.377020898136361	1.00127396983972	4389.01263831164	0	1.00206059262395	12438.4153247036	0	NA	NA	NA	NA	NA	NA	NA	NA
972	3	3	exact_null_point_mass	exact_null_point_mass	point_mass	0	none	no_benefit	0	0	NA	0	0	1000	360	600	1000	1000	360	770	0.64	0.23	5.95356581830067	24	24	0	2	1	10	4	1	5000	2500	1	0.99	14	10000	101971	0.413	0.1885	-0.626491008640001	-6.17217921307325	-0.639878009893387	5.10587126057328	11.2780504736465	-0.475082697546754	-1.51009275961621	-0.47900173071001	0.557873133201248	2.06796589281746	0.452922945388479	-0.706974750308396	-12.4487528480493	-0.628357180451736	11.3284475367661	23.7772003848154	0.0643	0.1864	-0.93213330766263	-2.91525382003008	-0.955195921822092	1.07143714599824	3.98669096602832	0	NA	NA	NA	NA	NA	NA	1	-0.626491008640001	0.392490983906765	1	-0.475082697546754	0.2257035695083	1	-0.706974750308396	0.499813297573619	1	-0.93213330766263	0.868872503254076	1.00169995194507	4594.09110267491	0	1.00189533955878	12355.483629387	0	NA	NA	NA	NA	NA	NA	NA	NA
821	3	3	exact_null_point_mass	exact_null_point_mass	point_mass	0	none	no_benefit	0	0	NA	0	0	1000	360	600	1000	1000	360	762	0.64	0.238	6.25860427596942	24	24	0	2	1	10	4	1	5000	2500	1	0.99	14	10000	101820	0.5105	0.6976	0.0363346343573706	-5.1999282561541	0.0635477123159767	5.23712325956238	10.4370515157165	0.279482954864603	-0.778091124395827	0.279641540301411	1.33258208159956	2.11067320599539	0.509083227714406	0.0547234229843683	-11.1388901783095	0.0788026755400297	11.2996680286095	22.4385582069189	0.0532	0.4128	-0.123897179702164	-1.94851100504483	-0.212447023896588	2.1656169288551	4.11412793389993	0	NA	NA	NA	NA	NA	NA	1	0.0363346343573706	0.00132020565388381	1	0.279482954864603	0.0781107220598498	1	0.0547234229843683	0.00299465302312608	1	-0.123897179702164	0.0153505111381503	1.00208261616918	4396.03074082176	0	1.00154071474622	12323.0991626382	0	NA	NA	NA	NA	NA	NA	NA	NA
927	3	3	exact_null_point_mass	exact_null_point_mass	point_mass	0	none	no_benefit	0	0	NA	0	0	1000	360	600	1000	1000	360	764	0.64	0.236	6.04489113052739	24	24	0	2	1	10	4	1	5000	2500	1	0.99	14	10000	101926	0.3443	0.0079	-1.03950821905905	-6.05751894340002	-1.08131295231695	4.06155130341043	10.1190702468105	-1.33805919696505	-2.40280962967321	-1.33450660796455	-0.27066990276303	2.13213972691019	0.321035530866785	-2.21269734240474	-13.1963079523611	-2.04634258803011	9.00016936444548	22.1964773168066	0.0459	0.0155	-2.5415327748466	-4.5718317215544	-2.61434568374892	-0.199405679688015	4.37242604186639	0	NA	NA	NA	NA	NA	NA	1	-1.03950821905905	1.08057733749132	0	-1.33805919696505	1.79040241458275	1	-2.21269734240474	4.89602952908498	0	-2.5415327748466	6.45938884561944	1.00150523450847	4578.72279152033	0	1.00185607250551	12054.5810077816	0	NA	NA	NA	NA	NA	NA	NA	NA
799	3	3	exact_null_point_mass	exact_null_point_mass	point_mass	0	none	no_benefit	0	0	NA	0	0	1000	360	600	1000	1000	360	769	0.64	0.231	5.95343092642108	24	24	0	2	1	10	4	1	5000	2500	1	0.99	14	10000	101798	0.4843	0.5523	-0.135520158042527	-5.80584715305006	-0.122687028191214	5.4783419431677	11.2841890962178	0.0735619573900326	-0.988771675617295	0.070927197860823	1.14605715727951	2.13482883289681	0.493172605077875	-0.0671497673796835	-11.9558877051885	-0.092632465017723	11.5151729136293	23.4710606188178	0.0626	0.2608	-0.754588920398057	-2.78533732848208	-0.812513144093991	1.52732462142282	4.3126619499049	0	NA	NA	NA	NA	NA	NA	1	-0.135520158042527	0.0183657132358714	1	0.0735619573900326	0.00541136157505297	1	-0.0671497673796835	0.0045090912591456	1	-0.754588920398057	0.569404438787505	1.00187165078872	4233.5579017761	0	1.00144139491549	11080.8888722711	0	NA	NA	NA	NA	NA	NA	NA	NA
820	3	3	exact_null_point_mass	exact_null_point_mass	point_mass	0	none	no_benefit	0	0	NA	0	0	1000	360	600	1000	1000	360	755	0.64	0.245	5.79007568753404	24	24	0	2	1	10	4	1	5000	2500	1	0.99	14	10000	101819	0.4523	0.3578	-0.354000233331577	-6.02891653434096	-0.353560455289897	5.22938365496151	11.2583001893025	-0.191093608908868	-1.24655684269378	-0.186405366786785	0.871857166066592	2.11841400876037	0.477359693877551	-0.29392265285603	-12.2516976209711	-0.290822497135831	11.577248255021	23.8289458759921	0.0592	0.4303	-0.0841686507842256	-1.62986664672435	-0.13966212486643	1.70731263705022	3.33717928377457	0	NA	NA	NA	NA	NA	NA	1	-0.354000233331577	0.125316165198811	1	-0.191093608908868	0.0365167673658155	1	-0.29392265285603	0.0863905258619265	1	-0.0841686507842256	0.00708436177483692	1.00150396107346	4319.82057235608	0	1.00137699696369	10197.4964874524	0	NA	NA	NA	NA	NA	NA	NA	NA
899	3	3	exact_null_point_mass	exact_null_point_mass	point_mass	0	none	no_benefit	0	0	NA	0	0	1000	360	600	1000	1000	360	740	0.64	0.26	6.79944298145732	24	24	0	2	1	10	4	1	5000	2500	1	0.99	14	10000	101898	0.5038	0.6059	0.0287126171404309	-5.22375168978249	0.0219613270894339	5.29068026164163	10.5144319514241	0.152117199736798	-0.87913570795096	0.143412370132279	1.23403868085029	2.11317438880125	0.506487889273356	0.0962580334231204	-11.0919993103518	0.0712094628598656	11.599461759323	22.6914610696748	0.0752	0.637	0.404328771825777	-1.39024074572156	0.347458422006048	2.50500136956142	3.89524211528298	0	NA	NA	NA	NA	NA	NA	1	0.0287126171404309	0.000824414383052968	1	0.152117199736798	0.0231396424557649	1	0.0962580334231204	0.00926560899848656	1	0.404328771825777	0.163481755726142	1.00134004204755	4421.58589854915	0	1.00157158839518	12380.745239727	0	NA	NA	NA	NA	NA	NA	NA	NA
898	3	3	exact_null_point_mass	exact_null_point_mass	point_mass	0	none	no_benefit	0	0	NA	0	0	1000	360	600	1000	1000	360	751	0.64	0.249	6.3730875497621	24	24	0	2	1	10	4	1	5000	2500	1	0.99	14	10000	101897	0.5258	0.5652	0.179296322581845	-4.91023996523908	0.1742705084757	5.17584200108056	10.0860819663196	0.083965236174939	-0.980026146002835	0.0887900273829336	1.12969838313399	2.10972452913682	0.538	0.485525395758801	-10.6413766740107	0.403516829713075	11.4345172006592	22.0758938746699	0.05	0.6545	0.44282436344682	-1.8407234684005	0.45820305363318	2.64364896839601	4.48437243679651	0	NA	NA	NA	NA	NA	NA	1	0.179296322581845	0.0321471712913732	1	0.083965236174939	0.00705016088591329	1	0.485525395758801	0.235734909926741	1	0.44282436344682	0.196093416862082	1.00219385778472	4669.81805346255	0	1.00175545955853	11304.237069797	0	NA	NA	NA	NA	NA	NA	NA	NA
897	3	3	exact_null_point_mass	exact_null_point_mass	point_mass	0	none	no_benefit	0	0	NA	0	0	1000	360	600	1000	1000	360	740	0.64	0.26	6.42110114483565	24	24	0	2	1	10	4	1	5000	2500	1	0.99	14	10000	101896	0.4754	0.2852	-0.169068182678172	-5.28183025110947	-0.161812834314729	4.91366340913791	10.1954936602474	-0.31251145137779	-1.4072792239027	-0.313728534526424	0.775193487648939	2.18247271155164	0.496164500319625	-0.0561873806381785	-11.2134562873298	-0.045878969061897	11.139768760115	22.3532250474448	0.0614	0.1862	-1.03036345109667	-3.19531032678068	-1.07385434490755	1.43767221619221	4.63298254297289	0	NA	NA	NA	NA	NA	NA	1	-0.169068182678172	0.0285840503940997	1	-0.31251145137779	0.0976634072422529	1	-0.0561873806381785	0.00315702174297955	1	-1.03036345109667	1.06164884135584	1.00152882703184	4243.94125434236	0	1.00175948520057	12829.7140362685	0	NA	NA	NA	NA	NA	NA	NA	NA
925	3	3	exact_null_point_mass	exact_null_point_mass	point_mass	0	none	no_benefit	0	0	NA	0	0	1000	360	600	1000	1000	360	772	0.64	0.228	5.89626269851955	24	24	0	2	1	10	4	1	5000	2500	1	0.99	14	10000	101924	0.4247	0.1821	-0.579957451813614	-6.16867980897049	-0.603741143490423	5.05957401751795	11.2282538264884	-0.485806927352452	-1.55553754443324	-0.486247628329906	0.603884314959885	2.15942185939312	0.460102410923832	-0.650531287639283	-12.4637228833041	-0.523603612236816	10.9607663112815	23.4244891945856	0.0626	0.355	-0.357810032131317	-2.23899130550332	-0.407069462784508	1.68153388777973	3.92052519328305	0	NA	NA	NA	NA	NA	NA	1	-0.579957451813614	0.336350645914141	1	-0.485806927352452	0.23600837066363	1	-0.650531287639283	0.423190956197624	1	-0.357810032131317	0.128028019093814	1.00113031073671	4775.79762702132	0	1.00169434907558	14706.2559581649	0	NA	NA	NA	NA	NA	NA	NA	NA
848	3	3	exact_null_point_mass	exact_null_point_mass	point_mass	0	none	no_benefit	0	0	NA	0	0	1000	360	600	1000	1000	360	768	0.64	0.232	6.18899530286145	24	24	0	2	1	10	4	1	5000	2500	1	0.99	14	10000	101847	0.4453	0.0892	-0.363167034483016	-5.46435603831552	-0.370502345609377	4.8117418070885	10.276097845404	-0.724511302270811	-1.77805143009696	-0.729980958442015	0.307122708676811	2.08517413877377	0.475963069086278	-0.322859160085694	-11.5031582746178	-0.238965878902572	10.787339677799	22.2904979524168	0.0577	0.045	-1.77711728260314	-3.45476261879494	-1.86638595205814	0.276108011232709	3.73087063002765	0	NA	NA	NA	NA	NA	NA	1	-0.363167034483016	0.131890294935188	1	-0.724511302270811	0.524916627118147	1	-0.322859160085694	0.10423803725124	1	-1.77711728260314	3.15814583612678	1.00107142897982	4455.78292701395	0	1.00193841093832	11679.3903771429	0	NA	NA	NA	NA	NA	NA	NA	NA
943	3	3	exact_null_point_mass	exact_null_point_mass	point_mass	0	none	no_benefit	0	0	NA	0	0	1000	360	600	1000	1000	360	761	0.64	0.239	6.20723918677106	24	24	0	2	1	10	4	1	5000	2500	1	0.99	14	10000	101942	0.4724	0.4977	-0.212091182920605	-5.32806043058672	-0.195602405299104	4.93074637878887	10.2588068093756	-0.00363768680142428	-1.0545876580346	-0.00254447631188714	1.02903422726761	2.08362188530221	0.465845700452584	-0.415009381512834	-11.5268225301952	-0.341609950595455	10.8083307566329	22.335153286828	0.0499	0.7737	0.570572653600352	-1.21749865976322	0.575965901097552	2.19527267251955	3.41277133228277	0	NA	NA	NA	NA	NA	NA	1	-0.212091182920605	0.0449826698726616	1	-0.00363768680142428	1.32327652652564e-05	1	-0.415009381512834	0.172232786743665	1	0.570572653600352	0.325553153036548	1.00151258165315	4576.66975338767	0	1.00173191903907	10480.6744737226	0	NA	NA	NA	NA	NA	NA	NA	NA
800	3	3	exact_null_point_mass	exact_null_point_mass	point_mass	0	none	no_benefit	0	0	NA	0	0	1000	360	600	1000	1000	360	751	0.64	0.249	6.1532190919236	24	24	0	2	1	10	4	1	5000	2500	1	0.99	14	10000	101799	0.5127	0.7519	0.0675249864088559	-4.83888372406513	0.0813339782868034	4.9597311719158	9.79861489598093	0.364453573829111	-0.702252523066194	0.366316260596453	1.41961735148368	2.12186987454987	0.496742165684145	-0.0672782832443661	-10.8629277143939	-0.0300329755179201	10.5779144669529	21.4408421813468	0.0331	0.5925	0.264051682661877	-2.31051194777947	0.287145960028663	2.64542874724743	4.9559406950269	0	NA	NA	NA	NA	NA	NA	1	0.0675249864088559	0.00455962378951617	1	0.364453573829111	0.132826407476811	1	-0.0672782832443661	0.00452636739630915	1	0.264051682661877	0.0697232911165685	1.00166241655991	4176.80602005545	0	1.00161897194816	12357.5420269681	0	NA	NA	NA	NA	NA	NA	NA	NA
940	3	3	exact_null_point_mass	exact_null_point_mass	point_mass	0	none	no_benefit	0	0	NA	0	0	1000	360	600	1000	1000	360	746	0.64	0.254	6.91962342014197	24	24	0	2	1	10	4	1	5000	2500	1	0.99	14	10000	101939	0.3673	0.0357	-0.892926761176795	-6.15755498686214	-0.90599015300933	4.44517023622675	10.6027252230889	-0.967795932247197	-2.00156759775653	-0.964132298618772	0.0731600572182754	2.07472765497481	0.427917121046892	-1.05586565906236	-12.1776520835539	-0.968413396075225	10.2878564030284	22.4655084865823	0.083	0.0634	-1.73723635775013	-3.90915176503634	-1.74965230391284	0.519867804602419	4.42901956963876	0	NA	NA	NA	NA	NA	NA	1	-0.892926761176795	0.79731820082568	1	-0.967795932247197	0.93662896647422	1	-1.05586565906236	1.11485228998719	1	-1.73723635775013	3.01799016268893	1.00151351740399	4599.74940922106	0	1.00179759432508	11316.203201775	0	NA	NA	NA	NA	NA	NA	NA	NA
828	3	3	exact_null_point_mass	exact_null_point_mass	point_mass	0	none	no_benefit	0	0	NA	0	0	1000	360	600	1000	1000	360	762	0.64	0.238	6.33629517843568	24	24	0	2	1	10	4	1	5000	2500	1	0.99	14	10000	101827	0.376	0.0348	-0.813654861229218	-5.81691882176637	-0.798022224099891	4.23767196583117	10.0545907875975	-0.985269543213161	-2.02737993844187	-0.987234267385261	0.0817509769013881	2.10913091534325	0.40874305482755	-1.21161219284421	-12.1496030590426	-1.05471665071266	9.7872132632485	21.9368163222911	0.0461	0.0199	-2.06268243869528	-3.99640537339681	-2.07091075985634	-0.0788978891940281	3.91750748420278	0	NA	NA	NA	NA	NA	NA	1	-0.813654861229218	0.662034233201939	1	-0.985269543213161	0.970756072783471	1	-1.21161219284421	1.46800410584875	0	-2.06268243869528	4.25465884290193	1.00129947467068	4499.09670565399	0	1.00311322457624	9413.44234138254	0	NA	NA	NA	NA	NA	NA	NA	NA
817	3	3	exact_null_point_mass	exact_null_point_mass	point_mass	0	none	no_benefit	0	0	NA	0	0	1000	360	600	1000	1000	360	733	0.64	0.267	6.3253408113537	24	24	0	2	1	10	4	1	5000	2500	1	0.99	14	10000	101816	0.3802	0.5949	-0.794863239615961	-5.87968441265735	-0.84113233867842	4.40362270610161	10.283307118759	0.138662890389727	-0.936402221132752	0.136091887813341	1.25102383951391	2.18742606064667	0.416145721060573	-1.145556587676	-12.1035942645537	-1.0411476877111	10.2497611811599	22.3533554457136	0.0722	0.292	-0.525778169380156	-2.54810957505183	-0.553032987887462	1.73061276281116	4.27872233786299	0	NA	NA	NA	NA	NA	NA	1	-0.794863239615961	0.631807569692781	1	0.138662890389727	0.0192273971712333	1	-1.145556587676	1.31229989556787	1	-0.525778169380156	0.276442683396748	1.00110618194522	4722.49935020953	0	1.00184807152278	13153.531118318	0	NA	NA	NA	NA	NA	NA	NA	NA
896	3	3	exact_null_point_mass	exact_null_point_mass	point_mass	0	none	no_benefit	0	0	NA	0	0	1000	360	600	1000	1000	360	774	0.64	0.226	5.69862898657895	24	24	0	2	1	10	4	1	5000	2500	1	0.99	14	10000	101895	0.5106	0.5574	0.0698174945162479	-5.5062703622719	0.0827940986535252	5.63402004340064	11.1402904056725	0.0823759386397393	-0.959927047361665	0.0731821459926962	1.14643658697061	2.10636363433227	0.508762612851832	0.14961972098585	-11.5868177793676	0.0842325660705594	11.8947980562995	23.4816158356671	0.0585	0.8139	0.863541771454208	-1.03983857221798	0.898776634443989	2.68393748705762	3.7237760592756	0	NA	NA	NA	NA	NA	NA	1	0.0698174945162479	0.00487448254052631	1	0.0823759386397393	0.00678579526677809	1	0.14961972098585	0.0223860609078835	1	0.863541771454208	0.745704391046272	1.00171269167879	4477.58368018855	0	1.00220601513001	13672.2376846471	0	NA	NA	NA	NA	NA	NA	NA	NA
829	3	3	exact_null_point_mass	exact_null_point_mass	point_mass	0	none	no_benefit	0	0	NA	0	0	1000	360	600	1000	1000	360	741	0.64	0.259	6.52347994632194	24	24	0	2	1	10	4	1	5000	2500	1	0.99	14	10000	101828	0.4128	0.4037	-0.574212848588765	-5.72857209015189	-0.615732224780608	4.68295626827922	10.4115283584311	-0.136864480881318	-1.22168155065827	-0.137715646690872	0.942785645242159	2.16446719590043	0.438101347017319	-0.775157872504287	-11.7282913973919	-0.795360654600486	10.7220535476801	22.4503449450719	0.0646	0.154	-1.13584688755803	-3.30381838538087	-1.14946918829192	1.15409342050997	4.45791180589084	0	NA	NA	NA	NA	NA	NA	1	-0.574212848588765	0.329720395484424	1	-0.136864480881318	0.0187318861269127	1	-0.775157872504287	0.600869727305372	1	-1.13584688755803	1.29014815197527	1.00174828317895	4231.41900429132	0	1.00187214033044	12283.639005931	0	NA	NA	NA	NA	NA	NA	NA	NA
805	3	3	exact_null_point_mass	exact_null_point_mass	point_mass	0	none	no_benefit	0	0	NA	0	0	1000	360	600	1000	1000	360	747	0.64	0.253	6.07738377658766	24	24	0	2	1	10	4	1	5000	2500	1	0.99	14	10000	101804	0.39	0.0378	-0.716691840610026	-5.56792758577613	-0.717133580947116	4.28728114644371	9.85520873221984	-0.993009153398181	-2.07931791238436	-0.994353938955867	0.102242107398249	2.18156001978261	0.347691354198946	-1.75661282390985	-12.5684502440971	-1.55601251196343	9.04886520511617	21.6173154492132	0.0319	0.0861	-1.23065534178584	-3.46012783978749	-1.15196168904848	0.49579793146158	3.95592577124907	0	NA	NA	NA	NA	NA	NA	1	-0.716691840610026	0.513647194396987	1	-0.993009153398181	0.986067178732573	1	-1.75661282390985	3.08568861312453	1	-1.23065534178584	1.51451257026602	1.00111845128819	4524.87968028893	0	1.00183436020277	13827.9471496297	0	NA	NA	NA	NA	NA	NA	NA	NA
971	3	3	exact_null_point_mass	exact_null_point_mass	point_mass	0	none	no_benefit	0	0	NA	0	0	1000	360	600	1000	1000	360	771	0.64	0.229	6.21484744267315	24	24	0	2	1	10	4	1	5000	2500	1	0.99	14	10000	101970	0.6344	0.8236	0.859154632983189	-4.0859749659437	0.873481406718495	5.65416882424508	9.74014379018879	0.501788204700348	-0.538140716209686	0.501836776870793	1.56715289755257	2.10529361376226	0.660652831369277	1.93347366549326	-8.64180921320798	1.81879442114374	12.4223185455966	21.0641277588046	0.0411	0.5609	0.183312010838109	-1.53557826938617	0.137172059288962	2.09394062840281	3.62951889778898	0	NA	NA	NA	NA	NA	NA	1	0.859154632983189	0.738146683376479	1	0.501788204700348	0.251791402376398	1	1.93347366549326	3.73832041515594	1	0.183312010838109	0.0336032933175109	1.00159839127053	4303.05542040457	0	1.00144657734556	13557.8916614719	0	NA	NA	NA	NA	NA	NA	NA	NA
806	3	3	exact_null_point_mass	exact_null_point_mass	point_mass	0	none	no_benefit	0	0	NA	0	0	1000	360	600	1000	1000	360	730	0.64	0.27	6.42026920679825	24	24	0	2	1	10	4	1	5000	2500	1	0.99	14	10000	101805	0.4801	0.3386	-0.148150189831809	-5.28804380876246	-0.134830942133989	5.02154175996636	10.3095855687288	-0.2289057951385	-1.32887021126179	-0.230780977984169	0.859052007380629	2.18792221864242	0.484121003337281	-0.254082741720646	-11.5122150747447	-0.213097388824474	10.7367467441553	22.2489618189001	0.0711	0.3819	-0.320362469836506	-2.6340347051577	-0.348908833508611	2.08005215526421	4.71408686042191	0	NA	NA	NA	NA	NA	NA	1	-0.148150189831809	0.0219484787472011	1	-0.2289057951385	0.0523978630479889	1	-0.254082741720646	0.0645580396402804	1	-0.320362469836506	0.102632112079746	1.00196849124435	4554.7742394871	0	1.00126408755624	11856.0485741692	0	NA	NA	NA	NA	NA	NA	NA	NA
758	3	3	exact_null_point_mass	exact_null_point_mass	point_mass	0	none	no_benefit	0	0	NA	0	0	1000	360	600	1000	1000	360	736	0.64	0.264	6.34183706926386	24	24	0	2	1	10	4	1	5000	2500	1	0.99	14	10000	101757	0.4626	0.2411	-0.237389162191186	-5.3305242092977	-0.233997159543195	4.89615945544108	10.2266836647388	-0.393315988882058	-1.48208990711647	-0.390334799330056	0.690552990450438	2.17264289756691	0.489030206677265	-0.16978702170217	-11.1449723687194	-0.0980793392452659	10.7628404254462	21.9078127941656	0.0565	0.4218	-0.253232790145432	-2.56852881570135	-0.201356073199589	1.85353403238124	4.42206284808259	0	NA	NA	NA	NA	NA	NA	1	-0.237389162191186	0.0563536143258331	1	-0.393315988882058	0.154697467110271	1	-0.16978702170217	0.0288276327384933	1	-0.253232790145432	0.0641268460048406	1.00241922675168	4401.98406722676	0	1.00205550667314	9103.96484571522	0	NA	NA	NA	NA	NA	NA	NA	NA
837	3	3	exact_null_point_mass	exact_null_point_mass	point_mass	0	none	no_benefit	0	0	NA	0	0	1000	360	600	1000	1000	360	742	0.64	0.258	6.45672066682499	24	24	0	2	1	10	4	1	5000	2500	1	0.99	14	10000	101836	0.5733	0.9018	0.494579474506183	-4.78580362233904	0.495000581360809	5.70644240278961	10.4922460251286	0.694119534851218	-0.360449487946943	0.695821578756389	1.74162504618859	2.10207453413554	0.533042923926902	0.43976925701796	-10.6957109287572	0.394245052894941	11.5751255326445	22.2708364614018	0.0588	0.6845	0.654604809339258	-1.77944769893552	0.636214212179689	3.12258175911732	4.90202945805285	0	NA	NA	NA	NA	NA	NA	1	0.494579474506183	0.244608856602812	1	0.694119534851218	0.481801928662072	1	0.43976925701796	0.193396999418129	1	0.654604809339258	0.428507456410087	1.00182196566186	4275.12362452682	0	1.00175787980764	13724.6756686106	0	NA	NA	NA	NA	NA	NA	NA	NA
945	3	3	exact_null_point_mass	exact_null_point_mass	point_mass	0	none	no_benefit	0	0	NA	0	0	1000	360	600	1000	1000	360	762	0.64	0.238	5.90975935202845	24	24	0	2	1	10	4	1	5000	2500	1	0.99	14	10000	101944	0.6132	0.9107	0.851131122447963	-4.68023513969839	0.852315482286307	6.44072771105536	11.1209628507537	0.735106058470197	-0.323481170217714	0.737276530110456	1.81141751703837	2.13489868725608	0.567757756690479	0.988488448192723	-10.9311923349944	0.990320523913647	12.7525607279303	23.6837530629247	0.0621	0.8108	0.743552884751104	-0.965510561980074	0.731839492543876	2.4804738153782	3.44598437735827	0	NA	NA	NA	NA	NA	NA	1	0.851131122447963	0.724424187599529	1	0.735106058470197	0.540380917199588	1	0.988488448192723	0.977109412210458	1	0.743552884751104	0.552870892421688	1.0017226269936	4585.14411266198	0	1.00137236930894	12203.3657927954	0	NA	NA	NA	NA	NA	NA	NA	NA
969	3	3	exact_null_point_mass	exact_null_point_mass	point_mass	0	none	no_benefit	0	0	NA	0	0	1000	360	600	1000	1000	360	734	0.64	0.266	6.43840008349247	24	24	0	2	1	10	4	1	5000	2500	1	0.99	14	10000	101968	0.5392	0.6169	0.270842538553225	-4.97807052664908	0.275036599556433	5.52546390842382	10.5035344350729	0.162670796498837	-0.911430048894496	0.158883819648661	1.24214394213271	2.15357399102721	0.521325494388028	0.323800545462832	-10.8418866764422	0.256118511824994	11.6360666831608	22.477953359603	0.0645	0.5782	0.26144989858125	-2.18771692800678	0.263578991839932	2.80261518491127	4.99033211291805	0	NA	NA	NA	NA	NA	NA	1	0.270842538553225	0.073355680689955	1	0.162670796498837	0.0264617880335661	1	0.323800545462832	0.104846793242027	1	0.26144989858125	0.0683560494681457	1.00156455476227	4369.49881120315	0	1.002041157846	12384.5135498105	0	NA	NA	NA	NA	NA	NA	NA	NA
849	3	3	exact_null_point_mass	exact_null_point_mass	point_mass	0	none	no_benefit	0	0	NA	0	0	1000	360	600	1000	1000	360	757	0.64	0.243	5.96942609716742	24	24	0	2	1	10	4	1	5000	2500	1	0.99	14	10000	101848	0.581	0.8238	0.57080749489351	-5.06509720329466	0.597670037786308	6.16647132011272	11.2315685234074	0.49813941288467	-0.576777600303954	0.490763665451322	1.57608094633272	2.15285854663667	0.560941680042804	0.789128154466287	-10.8569551727646	0.802588632847439	12.3019796819961	23.1589348547606	0.0655	0.7095	0.502115924779328	-1.29966754962389	0.514697289694636	2.39913387456828	3.69880142419217	0	NA	NA	NA	NA	NA	NA	1	0.57080749489351	0.325821196226604	1	0.49813941288467	0.248142874669084	1	0.789128154466287	0.622723244171368	1	0.502115924779328	0.252120401916999	1.00172536256978	4022.77278732523	0	1.00175559418949	13059.8291708737	0	NA	NA	NA	NA	NA	NA	NA	NA
833	3	3	exact_null_point_mass	exact_null_point_mass	point_mass	0	none	no_benefit	0	0	NA	0	0	1000	360	600	1000	1000	360	756	0.64	0.244	6.18251797856737	24	24	0	2	1	10	4	1	5000	2500	1	0.99	14	10000	101832	0.533	0.427	0.235553710642271	-4.98258676783149	0.208993982160567	5.34779517128138	10.3303819391129	-0.0958346902369764	-1.13889290360155	-0.0975801296967402	0.957589531764494	2.09648243536604	0.550860885180099	0.747809719382257	-10.3315903880786	0.618310880390462	11.8738562912362	22.2054466793148	0.0533	0.6228	0.248510256716497	-1.72238051995551	0.276716838989546	2.08897760956753	3.81135812952303	0	NA	NA	NA	NA	NA	NA	1	0.235553710642271	0.0554855505973428	1	-0.0958346902369764	0.00918428785281721	1	0.747809719382257	0.559219376402571	1	0.248510256716497	0.0617573476932995	1.00152333408203	4431.67957120927	0	1.00226838111429	11732.9371329317	0	NA	NA	NA	NA	NA	NA	NA	NA
923	3	3	exact_null_point_mass	exact_null_point_mass	point_mass	0	none	no_benefit	0	0	NA	0	0	1000	360	600	1000	1000	360	740	0.64	0.26	6.48650784616198	24	24	0	2	1	10	4	1	5000	2500	1	0.99	14	10000	101922	0.5325	0.8723	0.158820580294558	-4.92819763139696	0.200815639444797	5.13090191548979	10.0590995468868	0.628217445906507	-0.429347430109495	0.627980301208484	1.67465640927953	2.10400383938903	0.510173958882446	0.13962207797516	-11.0589215593359	0.126757529104341	11.3361123403785	22.3950338997144	0.0515	0.8717	1.17309286878126	-0.854423487973475	1.22823687672041	3.02316012614008	3.87758361411355	0	NA	NA	NA	NA	NA	NA	1	0.158820580294558	0.0252239767251	1	0.628217445906507	0.394657159341295	1	0.13962207797516	0.0194943246581017	1	1.17309286878126	1.37614687878544	1.0015262195874	4448.90891364736	0	1.00115948490952	11163.5674537911	0	NA	NA	NA	NA	NA	NA	NA	NA
786	3	3	exact_null_point_mass	exact_null_point_mass	point_mass	0	none	no_benefit	0	0	NA	0	0	1000	360	600	1000	1000	360	773	0.64	0.227	6.19048603309761	24	24	0	2	1	10	4	1	5000	2500	1	0.99	14	10000	101785	0.5379	0.3156	0.264857596009324	-4.8300652489978	0.267684819716217	5.37518316194139	10.2052484109392	-0.264985690377221	-1.33544250977145	-0.263381010326248	0.791627802292822	2.12707031206427	0.539729190721108	0.565637711895822	-10.3563532611067	0.505542390720739	11.5856754730545	21.9420287341612	0.0473	0.3372	-0.32902950387103	-1.9685750808454	-0.337518518043573	1.42630822558934	3.39488330643474	0	NA	NA	NA	NA	NA	NA	1	0.264857596009324	0.0701495461638381	1	-0.264985690377221	0.0702174161046926	1	0.565637711895822	0.319946021118741	1	-0.32902950387103	0.108260414417616	1.00157030232873	4588.25579429157	0	1.00144020126273	13877.4280391538	0	NA	NA	NA	NA	NA	NA	NA	NA
941	3	3	exact_null_point_mass	exact_null_point_mass	point_mass	0	none	no_benefit	0	0	NA	0	0	1000	360	600	1000	1000	360	748	0.64	0.252	6.82447720362754	24	24	0	2	1	10	4	1	5000	2500	1	0.99	14	10000	101940	0.54	0.9297	0.307835739324531	-4.97888286380893	0.287993151009695	5.64700423585932	10.6258870996682	0.78583077059151	-0.270830918661639	0.792099609092099	1.82017523065367	2.09100614931531	0.511418984738608	0.173685833995286	-11.2756016155456	0.171898837682766	11.5907466265429	22.8663482420885	0.0761	0.8088	0.727918482095352	-0.865637623714309	0.715978010889468	2.36135326099972	3.22699088471403	0	NA	NA	NA	NA	NA	NA	1	0.307835739324531	0.0947628424054803	1	0.78583077059151	0.617530000008446	1	0.173685833995286	0.030166768930638	1	0.727918482095352	0.529865316576001	1.0020712043458	4351.28923669547	0	1.00428796766969	10188.2714213356	0	NA	NA	NA	NA	NA	NA	NA	NA
869	3	3	exact_null_point_mass	exact_null_point_mass	point_mass	0	none	no_benefit	0	0	NA	0	0	1000	360	600	1000	1000	360	758	0.64	0.242	6.10021740796516	24	24	0	2	1	10	4	1	5000	2500	1	0.99	14	10000	101868	0.4432	0.6364	-0.339413225149131	-5.4725819851232	-0.389290007623928	4.78370317802837	10.2562851631516	0.188556357394813	-0.875394576918151	0.192003607363265	1.23084024470936	2.10623482162751	0.408778424114225	-1.14982579725259	-12.0934421097987	-1.06955487842214	9.98623291538417	22.0796750251829	0.0545	0.7266	0.607693969292982	-1.54408380362285	0.644397199527541	2.43253863235895	3.9766224359818	0	NA	NA	NA	NA	NA	NA	1	-0.339413225149131	0.115201337406134	1	0.188556357394813	0.0355534999140003	1	-1.14982579725259	1.32209936402755	1	0.607693969292982	0.369291960315059	1.0015705312216	4333.03585802875	0	1.00167845462655	14865.7403657772	0	NA	NA	NA	NA	NA	NA	NA	NA
950	3	3	exact_null_point_mass	exact_null_point_mass	point_mass	0	none	no_benefit	0	0	NA	0	0	1000	360	600	1000	1000	360	757	0.64	0.243	6.04739562596494	24	24	0	2	1	10	4	1	5000	2500	1	0.99	14	10000	101949	0.5595	0.9341	0.393691959698865	-4.79433596382747	0.374658759184406	5.55083058634006	10.3451665501675	0.826765134946644	-0.233941900076205	0.825395538620096	1.90095833241129	2.1349002324875	0.529976778551826	0.443085775936252	-10.9389017358298	0.352035371826948	11.6995092828501	22.6384110186799	0.0526	0.7321	0.640309761927336	-1.47603453703671	0.647592672098884	2.69908211550199	4.17511665253871	0	NA	NA	NA	NA	NA	NA	1	0.393691959698865	0.154993359131533	1	0.826765134946644	0.683540588363342	1	0.443085775936252	0.196325004837031	1	0.640309761927336	0.409996591219441	1.00143259844822	4240.6246210854	0	1.00146212809783	12821.4490611935	0	NA	NA	NA	NA	NA	NA	NA	NA
922	3	3	exact_null_point_mass	exact_null_point_mass	point_mass	0	none	no_benefit	0	0	NA	0	0	1000	360	600	1000	1000	360	754	0.64	0.246	5.50071563327194	24	24	0	2	1	10	4	1	5000	2500	1	0.99	14	10000	101921	0.4195	0.06	-0.578244453761178	-5.98355935668262	-0.572062865736745	5.10056481623301	11.0841241729156	-0.866704847897439	-1.98258231348504	-0.86583473246916	0.22792571203657	2.21050802552161	0.450400168491997	-0.72445619249985	-12.3494008546383	-0.593978602611628	10.9524340931493	23.3018349477876	0.0504	0.1175	-1.25220833371326	-3.37461258542596	-1.23240298797874	0.704013400718559	4.07862598614452	0	NA	NA	NA	NA	NA	NA	1	-0.578244453761178	0.334366648305563	1	-0.866704847897439	0.751177293368923	1	-0.72445619249985	0.52483677485138	1	-1.25220833371326	1.56802571102093	1.00187773492562	3927.47936590667	0	1.00177928530657	10728.3524754984	0	NA	NA	NA	NA	NA	NA	NA	NA
835	3	3	exact_null_point_mass	exact_null_point_mass	point_mass	0	none	no_benefit	0	0	NA	0	0	1000	360	600	1000	1000	360	745	0.64	0.255	6.13892511772837	24	24	0	2	1	10	4	1	5000	2500	1	0.99	14	10000	101834	0.3641	0.1634	-0.892415449434238	-5.94113688735791	-0.952299742571185	4.32007292815472	10.2612098155126	-0.539390200225175	-1.60759534425173	-0.546497512795104	0.512811648299301	2.12040699255103	0.358232676414495	-1.83719733191078	-12.6798558530213	-1.72045649997986	9.24608723142116	21.9259430844425	0.0562	0.2901	-0.579667753729304	-2.62155422062509	-0.598640056751282	1.52773523535654	4.14928945598163	0	NA	NA	NA	NA	NA	NA	1	-0.892415449434238	0.796405334388913	1	-0.539390200225175	0.290941788098955	1	-1.83719733191078	3.3752940363801	1	-0.579667753729304	0.336014704713577	1.00116478223852	4314.92741021997	0	1.00168405433949	12456.8238458755	0	NA	NA	NA	NA	NA	NA	NA	NA
944	3	3	exact_null_point_mass	exact_null_point_mass	point_mass	0	none	no_benefit	0	0	NA	0	0	1000	360	600	1000	1000	360	751	0.64	0.249	6.06694155209877	24	24	0	2	1	10	4	1	5000	2500	1	0.99	14	10000	101943	0.5349	0.754	0.204670821958094	-4.92407292839508	0.216549828780536	5.34854511264751	10.2726180410426	0.363682949249305	-0.676472315874965	0.359973373651327	1.410799984882	2.08727230075697	0.522397476340694	0.368981475158614	-10.623783256307	0.257728109328906	11.5784915938615	22.2022748501685	0.049	0.8113	1.06160604549305	-1.22258831573763	1.04358498061634	3.38779324974661	4.61038156548424	0	NA	NA	NA	NA	NA	NA	1	0.204670821958094	0.0418901453610016	1	0.363682949249305	0.132265287574673	1	0.368981475158614	0.136147329010227	1	1.06160604549305	1.12700739582739	1.00157204024355	4369.02225006764	0	1.00206333958328	10858.7561881872	0	NA	NA	NA	NA	NA	NA	NA	NA
870	3	3	exact_null_point_mass	exact_null_point_mass	point_mass	0	none	no_benefit	0	0	NA	0	0	1000	360	600	1000	1000	360	757	0.64	0.243	6.0752034572263	24	24	0	2	1	10	4	1	5000	2500	1	0.99	14	10000	101869	0.351	0.8378	-0.979893750495864	-5.90399071402209	-1.02704842805094	4.24345057030959	10.1474412843317	0.542486535451259	-0.531031950507439	0.545559399523339	1.60670778115976	2.1377397316672	0.278407897500525	-2.71495290526209	-13.4404271837487	-2.54671995660008	8.35522890205318	21.7956560858019	0.0478	0.7693	0.918476104829072	-1.59326716980398	0.93196181852965	3.49359108440018	5.08685825420416	0	NA	NA	NA	NA	NA	NA	1	-0.979893750495864	0.96019176226085	1	0.542486535451259	0.294291641145911	1	-2.71495290526209	7.37096927779106	1	0.918476104829072	0.843598355141985	1.00176162942358	4507.41031742399	0	1.001964615637	12004.4101440759	0	NA	NA	NA	NA	NA	NA	NA	NA
970	3	3	exact_null_point_mass	exact_null_point_mass	point_mass	0	none	no_benefit	0	0	NA	0	0	1000	360	600	1000	1000	360	753	0.64	0.247	5.6238671105388	24	24	0	2	1	10	4	1	5000	2500	1	0.99	14	10000	101969	0.5432	0.6789	0.31198083387836	-5.18550240935395	0.306632381434955	5.90293107072516	11.0884334800791	0.259783225814181	-0.815509887700954	0.25874675100629	1.36350039735027	2.17901028505122	0.53703899397654	0.587806602671883	-11.2021497347904	0.486195452038819	12.3492015564703	23.5513512912607	0.0537	0.9165	1.40264450869947	-0.713328322307369	1.39414325802316	3.4499795925926	4.16330791489997	0	NA	NA	NA	NA	NA	NA	1	0.31198083387836	0.0973320407074371	1	0.259783225814181	0.0674873244144216	1	0.587806602671883	0.345516602144661	1	1.40264450869947	1.96741161778477	1.00124650573883	4286.5403170788	0	1.00251046354068	14967.1054287587	0	NA	NA	NA	NA	NA	NA	NA	NA
995	3	3	exact_null_point_mass	exact_null_point_mass	point_mass	0	none	no_benefit	0	0	NA	0	0	1000	360	600	1000	1000	360	761	0.64	0.239	5.9647133232812	24	24	0	2	1	10	4	1	5000	2500	1	0.99	14	10000	101994	0.4458	0.5534	-0.402600704730796	-5.95280961011408	-0.411264179676817	5.15719155811681	11.1100011682309	0.0767588437510625	-0.967047535494544	0.0661059204368248	1.1360442038825	2.10309173937704	0.473796563133739	-0.360280741525846	-12.2337027366776	-0.388841024837337	11.7197429009944	23.9534456376721	0.0631	0.4372	-0.147668281839127	-2.1399881003053	-0.154849645565755	1.88418107900828	4.02416917931358	0	NA	NA	NA	NA	NA	NA	1	-0.402600704730796	0.162087327449734	1	0.0767588437510625	0.00589192009400003	1	-0.360280741525846	0.129802212714414	1	-0.147668281839127	0.0218059214613197	1.00143458262454	4346.60336217324	0	1.00153657162097	10764.6758676541	0	NA	NA	NA	NA	NA	NA	NA	NA
931	3	3	exact_null_point_mass	exact_null_point_mass	point_mass	0	none	no_benefit	0	0	NA	0	0	1000	360	600	1000	1000	360	779	0.64	0.221	5.76801925422117	24	24	0	2	1	10	4	1	5000	2500	1	0.99	14	10000	101930	0.3382	0.1084	-1.17687932015483	-6.69875660261862	-1.20403174721456	4.52584005683195	11.2245966594506	-0.680948637564521	-1.72999985327352	-0.678821093413235	0.381650751603604	2.11165060487712	0.385647359454855	-1.67428004852534	-13.1251220296499	-1.51072558180796	9.9927303210026	23.1178523506525	0.0608	0.1889	-0.735056142625653	-2.51178619509829	-0.690698036026171	0.95655157556906	3.46833777066736	0	NA	NA	NA	NA	NA	NA	1	-1.17687932015483	1.3850449342081	1	-0.680948637564521	0.463691047000978	1	-1.67428004852534	2.80321368089003	1	-0.735056142625653	0.540307532811705	1.00178858312456	3606.22555630403	0	1.00191331744697	14141.9578443874	0	NA	NA	NA	NA	NA	NA	NA	NA
980	3	3	exact_null_point_mass	exact_null_point_mass	point_mass	0	none	no_benefit	0	0	NA	0	0	1000	360	600	1000	1000	360	767	0.64	0.233	5.56867531460226	24	24	0	2	1	10	4	1	5000	2500	1	0.99	14	10000	101979	0.6166	0.9562	0.838119005971117	-4.66720129025166	0.867621327348225	6.28336870769036	10.950569997942	0.915644479553401	-0.140093565077443	0.908278972090973	1.97574334479165	2.1158369098691	0.573266394728585	1.02807239103968	-10.531068685924	0.917520721388728	12.6665793073796	23.1976479933036	0.0439	0.9668	1.68929170190259	-0.115484013556545	1.67292802601247	3.54551760969663	3.66100162325318	0	NA	NA	NA	NA	NA	NA	1	0.838119005971117	0.702443468170014	1	0.915644479553401	0.838404812936618	1	1.02807239103968	1.05693284121805	1	1.68929170190259	2.85370645411693	1.00102981625707	4281.85104931927	0	1.00201580627984	14236.8262312966	0	NA	NA	NA	NA	NA	NA	NA	NA
834	3	3	exact_null_point_mass	exact_null_point_mass	point_mass	0	none	no_benefit	0	0	NA	0	0	1000	360	600	1000	1000	360	748	0.64	0.252	6.57232077325566	24	24	0	2	1	10	4	1	5000	2500	1	0.99	14	10000	101833	0.4179	0.0743	-0.55512475447673	-5.81135468156803	-0.57064270883219	4.8094199730151	10.6207746545831	-0.771729130438827	-1.83179881562659	-0.773669604185675	0.269313933760306	2.1011127493869	0.452674455997427	-0.677691035734378	-12.0043970787478	-0.596138028505349	10.8702554848289	22.8746525635766	0.0671	0.0456	-1.75353007333117	-3.53619754402542	-1.82059823914812	0.294859432406895	3.83105697643232	0	NA	NA	NA	NA	NA	NA	1	-0.55512475447673	0.30816349303285	1	-0.771729130438827	0.595565850767868	1	-0.677691035734378	0.459265139914734	1	-1.75353007333117	3.07486771807683	1.00203484230239	3853.05005648291	0	1.00177452194813	12208.877197121	0	NA	NA	NA	NA	NA	NA	NA	NA
996	3	3	exact_null_point_mass	exact_null_point_mass	point_mass	0	none	no_benefit	0	0	NA	0	0	1000	360	600	1000	1000	360	774	0.64	0.226	5.81122757759817	24	24	0	2	1	10	4	1	5000	2500	1	0.99	14	10000	101995	0.4473	0.4286	-0.379329507775437	-5.90197980906001	-0.398368270542608	5.1891334999851	11.0911133090451	-0.0914700561177287	-1.14242466749719	-0.0950634862344648	0.971530059674523	2.11395472717172	0.459058124734832	-0.63214912283411	-12.4386278236847	-0.587071993215607	10.9653176477791	23.4039454714638	0.0572	0.2629	-0.479427647301246	-1.99631870459635	-0.505639550979368	1.1720431997741	3.16836190437045	0	NA	NA	NA	NA	NA	NA	1	-0.379329507775437	0.143890875469156	1	-0.0914700561177287	0.00836677116618044	1	-0.63214912283411	0.399612513499935	1	-0.479427647301246	0.229850868996808	1.0017160127872	4361.30299952182	0	1.00121139774376	12250.6644196672	0	NA	NA	NA	NA	NA	NA	NA	NA
974	3	3	exact_null_point_mass	exact_null_point_mass	point_mass	0	none	no_benefit	0	0	NA	0	0	1000	360	600	1000	1000	360	742	0.64	0.258	6.73547755504013	24	24	0	2	1	10	4	1	5000	2500	1	0.99	14	10000	101973	0.4958	0.3498	-0.0448448041545736	-5.45623954772582	-0.0382321844276863	5.21878904605542	10.6750285937812	-0.217361434011816	-1.29705345609939	-0.21363626804346	0.824434162869611	2.121487618969	0.494231805929919	-0.144091793592804	-11.3178666422338	-0.0853487928069345	11.0543838700389	22.3722505122727	0.0725	0.2783	-0.76794846314067	-3.09190246231908	-0.801367879764538	1.8720210551243	4.96392351744337	0	NA	NA	NA	NA	NA	NA	1	-0.0448448041545736	0.00201105645966207	1	-0.217361434011816	0.0472459929956731	1	-0.144091793592804	0.0207624449807912	1	-0.76794846314067	0.589744842040117	1.00132539923478	4314.56701818398	0	1.00232772671182	9836.16672231299	0	NA	NA	NA	NA	NA	NA	NA	NA
868	3	3	exact_null_point_mass	exact_null_point_mass	point_mass	0	none	no_benefit	0	0	NA	0	0	1000	360	600	1000	1000	360	756	0.64	0.244	5.50658294402612	24	24	0	2	1	10	4	1	5000	2500	1	0.99	14	10000	101867	0.5602	0.9369	0.46295460009127	-4.96981548941125	0.456447331847775	5.96598528431982	10.9358007737311	0.824191196984496	-0.211829877098003	0.829361883793323	1.85234621373483	2.06417609083284	0.54939177852349	0.719411276145506	-11.0087552387681	0.656165385699898	12.5075017861791	23.5162570249472	0.0464	0.8304	0.983425674973861	-0.841689433829664	0.912841893110893	3.14559034279137	3.98727977662104	0	NA	NA	NA	NA	NA	NA	1	0.46295460009127	0.214326961745667	1	0.824191196984496	0.679291129186736	1	0.719411276145506	0.517552584245305	1	0.983425674973861	0.967126058197795	1.00174645598958	4132.22795641018	0	1.00150849233839	11998.1943907993	0	NA	NA	NA	NA	NA	NA	NA	NA
883	3	3	exact_null_point_mass	exact_null_point_mass	point_mass	0	none	no_benefit	0	0	NA	0	0	1000	360	600	1000	1000	360	754	0.64	0.246	6.30814645380992	24	24	0	2	1	10	4	1	5000	2500	1	0.99	14	10000	101882	0.4431	0.2175	-0.348978622526223	-5.42778246311701	-0.38164833060152	4.90598952286825	10.3337719859853	-0.428900946667105	-1.50016707178294	-0.428227822218308	0.637411188903348	2.13757826068629	0.449206349206349	-0.63957072394753	-11.7992750114374	-0.56955292331349	10.6243449400723	22.4236199515097	0.055	0.2435	-0.619082189834581	-2.36086633990224	-0.613991953902538	1.08015507344542	3.44102141334766	0	NA	NA	NA	NA	NA	NA	1	-0.348978622526223	0.1217860789803	1	-0.428900946667105	0.183956022051939	1	-0.63957072394753	0.409050710930768	1	-0.619082189834581	0.38326275777038	1.00120332878919	4419.4457267911	0	1.0013786904411	10716.654611348	0	NA	NA	NA	NA	NA	NA	NA	NA
832	3	3	exact_null_point_mass	exact_null_point_mass	point_mass	0	none	no_benefit	0	0	NA	0	0	1000	360	600	1000	1000	360	770	0.64	0.23	6.10299489192357	24	24	0	2	1	10	4	1	5000	2500	1	0.99	14	10000	101831	0.4481	0.5354	-0.347176149011389	-5.62273557136111	-0.336470148119391	4.86782464296567	10.4905602143268	0.0497773026379128	-0.994607556519014	0.0491426757012619	1.11049392220062	2.10510147871964	0.451660988074957	-0.64528835461136	-11.7093790449636	-0.632904195894515	10.8088503560682	22.5182294010318	0.0608	0.616	0.308718779307448	-1.63556417714392	0.314808156900809	2.2615935689192	3.89715774606311	0	NA	NA	NA	NA	NA	NA	1	-0.347176149011389	0.120531278442378	1	0.0497773026379128	0.00247777985790636	1	-0.64528835461136	0.416397060597036	1	0.308718779307448	0.095307284697081	1.00223545180124	4451.30085341652	0	1.00179840044066	12190.8822528607	0	NA	NA	NA	NA	NA	NA	NA	NA
867	3	3	exact_null_point_mass	exact_null_point_mass	point_mass	0	none	no_benefit	0	0	NA	0	0	1000	360	600	1000	1000	360	741	0.64	0.259	6.35915604748801	24	24	0	2	1	10	4	1	5000	2500	1	0.99	14	10000	101866	0.6496	0.7489	1.01051321280704	-4.24332857697102	1.04123003147679	6.17166460720694	10.414993184178	0.369635178264222	-0.705447343657015	0.373094811220922	1.44767412404563	2.15312146770265	0.60076816387496	1.28746633305507	-9.97922548560728	1.25335922293673	12.0628845324888	22.0421100180961	0.0627	0.6534	0.458406896554613	-1.72041474553088	0.39857862198852	2.73388480408113	4.45429954961201	0	NA	NA	NA	NA	NA	NA	1	1.01051321280704	1.02113695325761	1	0.369635178264222	0.136630165010423	1	1.28746633305507	1.65756955875026	1	0.458406896554613	0.210136882808832	1.00124895340997	4076.21236084679	0	1.00217839360685	13836.108969879	0	NA	NA	NA	NA	NA	NA	NA	NA
881	3	3	exact_null_point_mass	exact_null_point_mass	point_mass	0	none	no_benefit	0	0	NA	0	0	1000	360	600	1000	1000	360	747	0.64	0.253	6.12879770187948	24	24	0	2	1	10	4	1	5000	2500	1	0.99	14	10000	101880	0.5236	0.653	0.14014290618716	-4.7827278076397	0.154248449541209	4.99927197004514	9.78199977768483	0.213844649357364	-0.850825548406741	0.204943619374872	1.28011111263398	2.13093666104072	0.515801590623692	0.165267963082971	-10.6864129174787	0.153376362968891	10.971923848493	21.6583367659717	0.0444	0.4236	-0.245215379228369	-2.40429085618681	-0.196603159402333	1.70735491315817	4.11164576934498	0	NA	NA	NA	NA	NA	NA	1	0.14014290618716	0.019640034154583	1	0.213844649357364	0.045729534058774	1	0.165267963082971	0.0273134996215944	1	-0.245215379228369	0.0601305822101127	1.00159483345387	4431.29118660384	0	1.00138888652487	11700.894108491	0	NA	NA	NA	NA	NA	NA	NA	NA
913	3	3	exact_null_point_mass	exact_null_point_mass	point_mass	0	none	no_benefit	0	0	NA	0	0	1000	360	600	1000	1000	360	753	0.64	0.247	5.94221440333946	24	24	0	2	1	10	4	1	5000	2500	1	0.99	14	10000	101912	0.4761	0.5549	-0.176556850546833	-5.80583061127268	-0.191535928137335	5.51960852332394	11.3254391345966	0.0777029342488416	-0.993692416138232	0.0784107733492032	1.12051283859094	2.11420525472918	0.472760355346249	-0.387170516739841	-12.3683636453336	-0.325408265819753	11.7170888326475	24.0854524779811	0.0657	0.3429	-0.428911196267248	-2.41688616649123	-0.425627746366445	1.49868570762099	3.91557187411222	0	NA	NA	NA	NA	NA	NA	1	-0.176556850546833	0.0311723214750167	1	0.0777029342488416	0.0060377459908798	1	-0.387170516739841	0.149901009032595	1	-0.428911196267248	0.183964814283402	1.00115128647776	3929.00803339845	0	1.00178339726336	11795.1469900587	0	NA	NA	NA	NA	NA	NA	NA	NA
994	3	3	exact_null_point_mass	exact_null_point_mass	point_mass	0	none	no_benefit	0	0	NA	0	0	1000	360	600	1000	1000	360	740	0.64	0.26	6.71273449575211	24	24	0	2	1	10	4	1	5000	2500	1	0.99	14	10000	101993	0.5635	0.6201	0.441272885504827	-4.83781935190428	0.480211382239042	5.69421495723328	10.5320343091376	0.166111624872993	-0.928151267235397	0.168979968639258	1.25402602742528	2.18217729466068	0.533282986298414	0.417523528385667	-10.9413928185743	0.424264763166194	11.6167241845164	22.5581170030907	0.0731	0.4627	-0.0673161614048022	-1.72320390008738	-0.0781839176344432	1.72119732093889	3.44440122102627	0	NA	NA	NA	NA	NA	NA	1	0.441272885504827	0.194721759481756	1	0.166111624872993	0.0275930719179459	1	0.417523528385667	0.174325896755617	1	-0.0673161614048022	0.00453146558627738	1.00139917182304	4249.24050552374	0	1.00182421428554	11774.8844665689	0	NA	NA	NA	NA	NA	NA	NA	NA
882	3	3	exact_null_point_mass	exact_null_point_mass	point_mass	0	none	no_benefit	0	0	NA	0	0	1000	360	600	1000	1000	360	774	0.64	0.226	5.6946683132969	24	24	0	2	1	10	4	1	5000	2500	1	0.99	14	10000	101881	0.4933	0.6293	-0.0525938106322086	-5.62615693638008	-0.05261833670356	5.59174622542845	11.2179031618085	0.174578685374386	-0.889721801913733	0.17425217405028	1.22143946532046	2.11116126723419	0.492638491685203	-0.0964864437597458	-11.8519178823143	-0.0855095721196388	11.6757377356233	23.5276556179376	0.0559	0.4646	-0.0825803131408081	-1.80317383438482	-0.0738075483863394	1.68195468442119	3.485128518806	0	NA	NA	NA	NA	NA	NA	1	-0.0525938106322086	0.00276610891681661	1	0.174578685374386	0.0304777173870488	1	-0.0964864437597458	0.00930963382940259	1	-0.0825803131408081	0.00681950811843393	1.00137809937271	4489.22378594385	0	1.00170382988202	11553.761418679	0	NA	NA	NA	NA	NA	NA	NA	NA
933	3	3	exact_null_point_mass	exact_null_point_mass	point_mass	0	none	no_benefit	0	0	NA	0	0	1000	360	600	1000	1000	360	767	0.64	0.233	6.33935931044951	24	24	0	2	1	10	4	1	5000	2500	1	0.99	14	10000	101932	0.4783	0.3404	-0.120165659351787	-5.18571823690401	-0.148725215125548	4.95478765523527	10.1405058921393	-0.222644913798404	-1.27164778088652	-0.221081709392977	0.820494870113495	2.09214265100002	0.471908928006746	-0.421480413280269	-11.4453119584119	-0.328090034122779	10.3831795577517	21.8284915161636	0.0513	0.4125	-0.228253237571591	-2.02476590530967	-0.19021769889832	1.40722283595556	3.43198874126523	0	NA	NA	NA	NA	NA	NA	1	-0.120165659351787	0.0144397856874497	1	-0.222644913798404	0.0495707576402989	1	-0.421480413280269	0.177645738778906	1	-0.228253237571591	0.0520995404619133	1.00114949352044	4374.44210285708	0	1.0016987998407	11592.9699184775	0	NA	NA	NA	NA	NA	NA	NA	NA
981	3	3	exact_null_point_mass	exact_null_point_mass	point_mass	0	none	no_benefit	0	0	NA	0	0	1000	360	600	1000	1000	360	733	0.64	0.267	7.04512985594499	24	24	0	2	1	10	4	1	5000	2500	1	0.99	14	10000	101980	0.4298	0.8506	-0.399965011166492	-5.05305029593736	-0.407929354547391	4.40507531957653	9.45812561551389	0.578232605547476	-0.496253967395249	0.585625917985245	1.64381908272266	2.14007305011791	0.389203354297694	-1.27684752435663	-11.7796978887181	-1.18724420782807	9.56540649359483	21.3451043823129	0.046	0.8984	1.41556485908917	-0.846899785848363	1.4461762343137	3.59104597826924	4.43794576411761	0	NA	NA	NA	NA	NA	NA	1	-0.399965011166492	0.159972010157412	1	0.578232605547476	0.334352946118223	1	-1.27684752435663	1.63033960045566	1	1.41556485908917	2.00382387028815	1.00177868844197	4404.29615269664	0	1.00178738449641	12773.7778998229	0	NA	NA	NA	NA	NA	NA	NA	NA
984	3	3	exact_null_point_mass	exact_null_point_mass	point_mass	0	none	no_benefit	0	0	NA	0	0	1000	360	600	1000	1000	360	778	0.64	0.222	6.32472079691398	24	24	0	2	1	10	4	1	5000	2500	1	0.99	14	10000	101983	0.4628	0.2188	-0.251077869296288	-5.39697654727208	-0.243201826941889	4.90379757521705	10.3007741224891	-0.394543853032428	-1.44188071507594	-0.38428212570998	0.629195595127755	2.07107631020369	0.468286525717892	-0.462400091684423	-11.3544319734499	-0.369653190735121	10.5966601839836	21.9510921574336	0.0493	0.0954	-1.16632557011456	-2.9850954664399	-1.15263772623402	0.632528430071587	3.61762389651149	0	NA	NA	NA	NA	NA	NA	1	-0.251077869296288	0.0630400964503641	1	-0.394543853032428	0.155664851965674	1	-0.462400091684423	0.213813844789763	1	-1.16632557011456	1.36031533550305	1.00112357275823	4018.13101397631	0	1.00186141233409	12361.3197835346	0	NA	NA	NA	NA	NA	NA	NA	NA
983	3	3	exact_null_point_mass	exact_null_point_mass	point_mass	0	none	no_benefit	0	0	NA	0	0	1000	360	600	1000	1000	360	738	0.64	0.262	6.01979717078697	24	24	0	2	1	10	4	1	5000	2500	1	0.99	14	10000	101982	0.2768	0.6517	-1.55976837891854	-6.56599208332368	-1.6081003290707	3.74105620623627	10.3070482895599	0.225433762914685	-0.843287637607977	0.224078763792065	1.32304671891465	2.16633435652262	0.203619909502262	-3.71240741303446	-14.389200287774	-3.46923915204125	7.48352257195711	21.8727228597311	0.0497	0.5459	0.106909724600262	-2.14949187789909	0.130005626486897	2.23891794878616	4.38840982668525	0	NA	NA	NA	NA	NA	NA	1	-1.55976837891854	2.43287739587416	1	0.225433762914685	0.0508203814618743	1	-3.71240741303446	13.7819688003532	1	0.106909724600262	0.0114296892141038	1.00253235467081	4477.82486710594	0	1.00179666312439	14089.8989302403	0	NA	NA	NA	NA	NA	NA	NA	NA
924	3	3	exact_null_point_mass	exact_null_point_mass	point_mass	0	none	no_benefit	0	0	NA	0	0	1000	360	600	1000	1000	360	760	0.64	0.24	5.55104065962655	24	24	0	2	1	10	4	1	5000	2500	1	0.99	14	10000	101923	0.4957	0.3342	-0.0449480791399947	-5.48867112624354	-0.0372551230666982	5.3859338563031	10.8746049825466	-0.240000566357618	-1.32753938663679	-0.243469720057687	0.843555731161577	2.17109511779837	0.494971715901948	-0.030477102935613	-11.4368834271335	-0.0577125055472454	11.689796621085	23.1266800482186	0.0454	0.4969	0.00671300842573518	-2.32687700510896	-0.0131906152417338	2.38770682856098	4.71458383366994	0	NA	NA	NA	NA	NA	NA	1	-0.0449480791399947	0.00202032981837523	1	-0.240000566357618	0.0576002718519772	1	-0.030477102935613	0.000928853803347952	1	0.00671300842573518	4.50644821239915e-05	1.0012787166093	4309.40906083243	0	1.00157448163273	12949.2530620561	0	NA	NA	NA	NA	NA	NA	NA	NA
827	3	3	exact_null_point_mass	exact_null_point_mass	point_mass	0	none	no_benefit	0	0	NA	0	0	1000	360	600	1000	1000	360	749	0.64	0.251	6.82703548608157	24	24	0	2	1	10	4	1	5000	2500	1	0.99	14	10000	101826	0.4183	0.0289	-0.524752093300884	-5.8077663284615	-0.580493886356275	4.78115797257155	10.5889243010331	-1.0372400715088	-2.09686111577172	-1.03635762628067	0.0354619561160009	2.13232307188773	0.455960805661404	-0.62455461626537	-11.8349280092992	-0.597181906386954	10.663240952153	22.4981689614522	0.0815	0.0394	-1.5039575199017	-3.07823282446823	-1.51876298412286	0.162034578690362	3.2402674031586	0	NA	NA	NA	NA	NA	NA	1	-0.524752093300884	0.27536475942366	1	-1.0372400715088	1.07586696594358	1	-0.62455461626537	0.390068468698384	1	-1.5039575199017	2.26188822166887	1.00142266832377	4212.42618344973	0	1.00188872699957	12676.0648387184	0	NA	NA	NA	NA	NA	NA	NA	NA
932	3	3	exact_null_point_mass	exact_null_point_mass	point_mass	0	none	no_benefit	0	0	NA	0	0	1000	360	600	1000	1000	360	743	0.64	0.257	6.16475746178871	24	24	0	2	1	10	4	1	5000	2500	1	0.99	14	10000	101931	0.5439	0.3122	0.295256051455314	-4.70999646584484	0.292953847207562	5.27544286734966	9.9854393331945	-0.273226878911946	-1.36033039668959	-0.271631854634974	0.808426598469243	2.16875699515883	0.564217786602571	0.830118505478031	-10.0587591762283	0.687712681586024	11.7781536369488	21.8369128131771	0.0431	0.1804	-0.840880487017393	-2.67073904612293	-0.848767112442836	1.02685615596656	3.69759520208949	0	NA	NA	NA	NA	NA	NA	1	0.295256051455314	0.0871761359209828	1	-0.273226878911946	0.074652927359963	1	0.830118505478031	0.68909673313708	1	-0.840880487017393	0.707079993446608	1.00143524427035	4643.20987726153	0	1.002342762712	12348.8726360874	0	NA	NA	NA	NA	NA	NA	NA	NA
973	3	3	exact_null_point_mass	exact_null_point_mass	point_mass	0	none	no_benefit	0	0	NA	0	0	1000	360	600	1000	1000	360	747	0.64	0.253	5.68281445594367	24	24	0	2	1	10	4	1	5000	2500	1	0.99	14	10000	101972	0.4874	0.4335	-0.0714630564629392	-5.65933564999617	-0.0909621333523836	5.4542361780045	11.1135718280007	-0.0959650061214199	-1.19299194973514	-0.0981225674871169	0.981946371366166	2.17493832110131	0.496106082929909	-0.0439076335602494	-11.8040955543062	-0.0391960243974245	11.8740851410277	23.6781806953339	0.0498	0.2583	-0.549344434372239	-2.2362441395466	-0.574794877535403	1.268913746699	3.5051578862456	0	NA	NA	NA	NA	NA	NA	1	-0.0714630564629392	0.00510696843902524	1	-0.0959650061214199	0.00920928239988416	1	-0.0439076335602494	0.00192788028486114	1	-0.549344434372239	0.301779307575755	1.00147177207475	4228.3730928393	0	1.00127348327957	12411.3069544799	0	NA	NA	NA	NA	NA	NA	NA	NA
993	3	3	exact_null_point_mass	exact_null_point_mass	point_mass	0	none	no_benefit	0	0	NA	0	0	1000	360	600	1000	1000	360	763	0.64	0.237	5.65777871320146	24	24	0	2	1	10	4	1	5000	2500	1	0.99	14	10000	101992	0.5166	0.801	0.0890609486760039	-5.41091860059605	0.108625812229002	5.56082589728318	10.9717444978792	0.461202355602587	-0.599713854413271	0.458481649770421	1.52804694711465	2.12776080152792	0.511544544016869	0.13429687707767	-11.5408502337382	0.148165789411828	11.5089784906524	23.0498287243906	0.0515	0.9013	1.12274929548848	-0.579771765277155	1.09311306959171	2.95234867812762	3.53212044340478	0	NA	NA	NA	NA	NA	NA	1	0.0890609486760039	0.00793185257906979	1	0.461202355602587	0.212707612813375	1	0.13429687707767	0.0180356511928148	1	1.12274929548848	1.26056598051987	1.00166976364279	4407.0854780667	0	1.00207249719387	14186.2389287439	0	NA	NA	NA	NA	NA	NA	NA	NA
991	3	3	exact_null_point_mass	exact_null_point_mass	point_mass	0	none	no_benefit	0	0	NA	0	0	1000	360	600	1000	1000	360	748	0.64	0.252	6.43405184437008	24	24	0	2	1	10	4	1	5000	2500	1	0.99	14	10000	101990	0.592	0.4805	0.59235444534938	-4.60317433395928	0.625416075493047	5.70376900126681	10.3069433352261	-0.0323516195709955	-1.08396614900435	-0.0254996402005423	1.00626270782737	2.09022885683172	0.570137190258428	0.981112653316543	-10.1217884866251	0.885789584167048	12.0450149340713	22.1668034206964	0.0597	0.7056	0.582724482913624	-1.54389496884278	0.586917436709068	2.62128210499551	4.16517707383828	0	NA	NA	NA	NA	NA	NA	1	0.59235444534938	0.350883788925171	1	-0.0323516195709955	0.00104662728886642	1	0.981112653316543	0.962582038497827	1	0.582724482913624	0.339567822986951	1.00111621723555	4585.66089210201	0	1.00143381191184	14041.8080353193	0	NA	NA	NA	NA	NA	NA	NA	NA
982	3	3	exact_null_point_mass	exact_null_point_mass	point_mass	0	none	no_benefit	0	0	NA	0	0	1000	360	600	1000	1000	360	733	0.64	0.267	5.98340211736394	24	24	0	2	1	10	4	1	5000	2500	1	0.99	14	10000	101981	0.5266	0.7579	0.178427968249324	-5.57653077851165	0.182086456701941	5.93002308528324	11.5065538637949	0.376131776441428	-0.710033755510371	0.372017554983556	1.4426140297993	2.15264778530967	0.522841553439606	0.250460830073371	-11.8406015572655	0.276134394260058	12.0165702686475	23.8571718259129	0.0653	0.5805	0.218919602685935	-2.02197279428406	0.237265780932765	2.38260682920604	4.4045796234901	0	NA	NA	NA	NA	NA	NA	1	0.178427968249324	0.0318365398535816	1	0.376131776441428	0.141475113248984	1	0.250460830073371	0.0627306274010421	1	0.218919602685935	0.0479257924401678	1.00169080790735	4038.784322353	0	1.00191361905434	13439.6086048791	0	NA	NA	NA	NA	NA	NA	NA	NA
992	3	3	exact_null_point_mass	exact_null_point_mass	point_mass	0	none	no_benefit	0	0	NA	0	0	1000	360	600	1000	1000	360	770	0.64	0.23	5.9499960606289	24	24	0	2	1	10	4	1	5000	2500	1	0.99	14	10000	101991	0.5064	0.3967	0.063889212626077	-5.69512739692612	0.0511579180323709	5.86785785872445	11.5629852556506	-0.147411280597663	-1.21579987779672	-0.144623838931204	0.889084981123865	2.10488485892059	0.501604278074866	0.0753276424855585	-11.9206308874142	0.0228496726672178	12.0469364312122	23.9675673186264	0.065	0.5537	0.0861143140935413	-2.17232450222556	0.143534982126987	1.99036365986445	4.16268816209001	0	NA	NA	NA	NA	NA	NA	1	0.063889212626077	0.00408183148998007	1	-0.147411280597663	0.0217300856474428	1	0.0753276424855585	0.00567425372243212	1	0.0861143140935413	0.00741567509180108	1.00122333587977	4406.39980684823	0	1.00216883173747	11546.1295994262	0	NA	NA	NA	NA	NA	NA	NA	NA
955	3	3	exact_null_point_mass	exact_null_point_mass	point_mass	0	none	no_benefit	0	0	NA	0	0	1000	360	600	1000	1000	360	737	0.64	0.263	6.85443299123782	24	24	0	2	1	10	4	1	5000	2500	1	0.99	14	10000	101954	0.4654	0.5668	-0.219698691462832	-5.58920559784065	-0.244743048126854	5.24636663868728	10.8355722365279	0.085977011360952	-0.991313948687972	0.0876218246873792	1.13980636302744	2.13112031171542	0.486293206197855	-0.204804972582088	-11.7814590069843	-0.183588460412146	11.2272272561884	23.0086862631727	0.0771	0.5971	0.241792819068411	-1.74464673807405	0.245297190221878	2.14150753109201	3.88615426916606	0	NA	NA	NA	NA	NA	NA	1	-0.219698691462832	0.0482675150304808	1	0.085977011360952	0.00739204648256127	1	-0.204804972582088	0.04194507679435	1	0.241792819068411	0.0584637673530495	1.00136845741286	4083.46052019062	0	1.00158781216536	11924.1197986009	0	NA	NA	NA	NA	NA	NA	NA	NA
836	3	3	exact_null_point_mass	exact_null_point_mass	point_mass	0	none	no_benefit	0	0	NA	0	0	1000	360	600	1000	1000	360	749	0.64	0.251	6.90932147002437	24	24	0	2	1	10	4	1	5000	2500	1	0.99	14	10000	101835	0.5125	0.5447	0.0983334640719716	-5.27763949632028	0.0801366853218726	5.52054949734209	10.7981889936624	0.0631069505520976	-1.02376298993483	0.0573114997528057	1.14544082628131	2.16920381621614	0.513652249890782	0.19785418489708	-11.5066248290085	0.164709550568213	11.5567709906045	23.063395819613	0.0844	0.722	0.626498082013255	-1.69843031133744	0.688225786638577	2.6618810102884	4.36031132162584	0	NA	NA	NA	NA	NA	NA	1	0.0983334640719716	0.00966947015639374	1	0.0631069505520976	0.0039824872079849	1	0.19785418489708	0.039146278481288	1	0.626498082013255	0.392499846766287	1.00209075480965	4530.35346830109	0	1.00178873121424	11119.4593265891	0	NA	NA	NA	NA	NA	NA	NA	NA
917	3	3	exact_null_point_mass	exact_null_point_mass	point_mass	0	none	no_benefit	0	0	NA	0	0	1000	360	600	1000	1000	360	753	0.64	0.247	6.22369387518352	24	24	0	2	1	10	4	1	5000	2500	1	0.99	14	10000	101916	0.3865	0.075	-0.763038382274617	-5.90543061457449	-0.74579660316367	4.37279556999195	10.2782261845664	-0.768910672200637	-1.82430612974526	-0.769272260505712	0.290181608672127	2.11448773841738	0.396021699819168	-1.43171738627798	-12.2801118552494	-1.30298928157829	9.56653568045843	21.8466475357078	0.0599	0.0586	-1.60137104587741	-3.59085726283047	-1.60527307271927	0.444345572209595	4.03520283504007	0	NA	NA	NA	NA	NA	NA	1	-0.763038382274617	0.582227572824264	1	-0.768910672200637	0.591223621824036	1	-1.43171738627798	2.04981467417064	1	-1.60137104587741	2.56438922657452	1.0017730076334	4280.07477594451	0	1.00102744927633	13438.0748368509	0	NA	NA	NA	NA	NA	NA	NA	NA
979	3	3	exact_null_point_mass	exact_null_point_mass	point_mass	0	none	no_benefit	0	0	NA	0	0	1000	360	600	1000	1000	360	732	0.64	0.268	5.87077489891244	24	24	0	2	1	10	4	1	5000	2500	1	0.99	14	10000	101978	0.6069	0.9377	0.81013274681436	-4.91265203808389	0.831187518258933	6.3751005555917	11.2877525936756	0.851094391818376	-0.225526060945554	0.849827209840635	1.93658442277906	2.16211048372461	0.576258532423208	1.10825847268079	-10.6968055412837	1.02072734970054	12.675361159375	23.3721667006587	0.0624	0.8137	0.874818451633627	-1.05993411697549	0.868458477379931	2.90594330840983	3.96587742538532	0	NA	NA	NA	NA	NA	NA	1	0.81013274681436	0.656315067460979	1	0.851094391818376	0.724361663784691	1	1.10825847268079	1.22823684226876	1	0.874818451633627	0.765307323318656	1.00144550466473	4156.57486777277	0	1.00180470061419	9975.24648294347	0	NA	NA	NA	NA	NA	NA	NA	NA
975	3	3	exact_null_point_mass	exact_null_point_mass	point_mass	0	none	no_benefit	0	0	NA	0	0	1000	360	600	1000	1000	360	748	0.64	0.252	6.05478689470235	24	24	0	2	1	10	4	1	5000	2500	1	0.99	14	10000	101974	0.5087	0.6558	0.0546359817466519	-4.94872210160491	0.0579648290126018	5.10549013180474	10.0542122334096	0.221067575267915	-0.871782780424382	0.221671859934624	1.31150917523582	2.1832919556602	0.492782426778243	-0.0454152540499536	-11.0694747846783	-0.072097270179682	11.2916200862209	22.3610948708992	0.044	0.8337	1.03687920900218	-1.21558653891721	1.08289057646274	2.99255365335347	4.20814019227067	0	NA	NA	NA	NA	NA	NA	1	0.0546359817466519	0.00298509050142048	1	0.221067575267915	0.0488708728348351	1	-0.0454152540499536	0.00206254530042183	1	1.03687920900218	1.07511849406098	1.00169884518024	4458.41807097747	0	1.00193682913328	13033.3655801934	0	NA	NA	NA	NA	NA	NA	NA	NA
921	3	3	exact_null_point_mass	exact_null_point_mass	point_mass	0	none	no_benefit	0	0	NA	0	0	1000	360	600	1000	1000	360	749	0.64	0.251	6.54624160918776	24	24	0	2	1	10	4	1	5000	2500	1	0.99	14	10000	101920	0.4025	0.4235	-0.649028707564043	-5.83381120734304	-0.668528619812895	4.56270135812154	10.3965125654646	-0.102614584156916	-1.1821379536485	-0.110645224778371	0.983053273547883	2.16519122719638	0.430405697022011	-0.903270282617446	-11.9006743835443	-0.839209406429754	10.4298991921154	22.3305735756597	0.0732	0.4094	-0.149656875136875	-1.93951263425581	-0.222825338259823	2.09980919593006	4.03932183018587	0	NA	NA	NA	NA	NA	NA	1	-0.649028707564043	0.421238263242252	1	-0.102614584156916	0.0105297528816967	1	-0.903270282617446	0.815897203459802	1	-0.149656875136875	0.0223971802757341	1.00150311616181	4489.06282148016	0	1.00189262004131	15273.6017066863	0	NA	NA	NA	NA	NA	NA	NA	NA
952	3	3	exact_null_point_mass	exact_null_point_mass	point_mass	0	none	no_benefit	0	0	NA	0	0	1000	360	600	1000	1000	360	753	0.64	0.247	5.77356776249238	24	24	0	2	1	10	4	1	5000	2500	1	0.99	14	10000	101951	0.4941	0.5596	-0.0426005325108655	-5.6753909359349	-0.0473672924754762	5.58249617485772	11.2578871107926	0.0789751857193893	-0.9592044976828	0.0813922829150586	1.13748929573285	2.09669379341565	0.50407450523865	0.0501055682909486	-11.8084725995116	0.047391893744841	12.0718150255769	23.8802876250886	0.0551	0.5566	0.125695338153452	-1.54455911612291	0.118375587030749	1.80286244687382	3.34742156299673	0	NA	NA	NA	NA	NA	NA	1	-0.0426005325108655	0.00181480537020931	1	0.0789751857193893	0.00623707995941203	1	0.0501055682909486	0.00251056797375891	1	0.125695338153452	0.0157993180335107	1.00146258701002	4530.12046182264	0	1.00263841340068	12607.1689853472	0	NA	NA	NA	NA	NA	NA	NA	NA
930	3	3	exact_null_point_mass	exact_null_point_mass	point_mass	0	none	no_benefit	0	0	NA	0	0	1000	360	600	1000	1000	360	754	0.64	0.246	6.68563302722757	24	24	0	2	1	10	4	1	5000	2500	1	0.99	14	10000	101929	0.4971	0.3494	-0.0142085083754435	-5.13675776475907	-0.0166497735921984	5.22664591221787	10.3634036769769	-0.207921819675527	-1.24866800968955	-0.216702450300348	0.852657734434413	2.10132574412396	0.503737406564836	0.0157271067070157	-11.3829745690719	0.0585169421694722	11.4537611489541	22.836735718026	0.0769	0.408	-0.1824172726614	-1.88165479313361	-0.157666971594922	1.4403799685058	3.32203476163941	0	NA	NA	NA	NA	NA	NA	1	-0.0142085083754435	0.000201881710255047	1	-0.207921819675527	0.0432314830971823	1	0.0157271067070157	0.00024734188537386	1	-0.1824172726614	0.0332760613652235	1.00135015820964	4263.77040646944	0	1.00133525460851	13155.3152130871	0	NA	NA	NA	NA	NA	NA	NA	NA
967	3	3	exact_null_point_mass	exact_null_point_mass	point_mass	0	none	no_benefit	0	0	NA	0	0	1000	360	600	1000	1000	360	760	0.64	0.24	6.06757267234064	24	24	0	2	1	10	4	1	5000	2500	1	0.99	14	10000	101966	0.6194	0.9503	0.796471502737026	-4.36624543226828	0.813835627366999	5.87465706578362	10.2409024980519	0.903403185050049	-0.174148555897447	0.900675196412275	1.99551789204883	2.16966644794627	0.620192806053695	1.4599472743793	-9.36854172096823	1.24991361720329	12.3516765257082	21.7202182466764	0.0353	0.9813	1.7858746027026	0.0996641911030559	1.75483405343318	3.64884067980374	3.54917648870069	0	NA	NA	NA	NA	NA	NA	1	0.796471502737026	0.634366854672176	1	0.903403185050049	0.816137314758572	1	1.4599472743793	2.13144604396755	0	1.7858746027026	3.18934809657818	1.00159787357852	4407.42965653829	0	1.00198067750402	15166.7819818636	0	NA	NA	NA	NA	NA	NA	NA	NA
957	3	3	exact_null_point_mass	exact_null_point_mass	point_mass	0	none	no_benefit	0	0	NA	0	0	1000	360	600	1000	1000	360	752	0.64	0.248	5.66899453775137	24	24	0	2	1	10	4	1	5000	2500	1	0.99	14	10000	101956	0.4665	0.8065	-0.236714754556605	-5.76159581747854	-0.235403603935295	5.23878345378332	11.0003792712619	0.474473608135262	-0.578492191923951	0.473531922660394	1.53170568210831	2.11019787403226	0.464966130397968	-0.561038990457395	-12.4097555801044	-0.454937822413426	11.0562878234141	23.4660434035185	0.0552	0.7022	0.498652276541274	-1.63334510930287	0.538431403919321	2.37618105310142	4.00952616240428	0	NA	NA	NA	NA	NA	NA	1	-0.236714754556605	0.0560338750247937	1	0.474473608135262	0.225125204816894	1	-0.561038990457395	0.314764748813454	1	0.498652276541274	0.248654092899795	1.00144956261371	3871.31158948047	0	1.00139606322424	11378.6644373769	0	NA	NA	NA	NA	NA	NA	NA	NA
810	3	3	exact_null_point_mass	exact_null_point_mass	point_mass	0	none	no_benefit	0	0	NA	0	0	1000	360	600	1000	1000	360	760	0.64	0.24	5.90467754484855	24	24	0	2	1	10	4	1	5000	2500	1	0.99	14	10000	101809	0.4095	0.3471	-0.655995778245554	-6.25481666196715	-0.653095861324016	4.96986955044215	11.2246862124093	-0.220343096452816	-1.28813168446795	-0.219062706134995	0.871519015934863	2.15965070040282	0.452457264957265	-0.709590230620503	-12.3854932368212	-0.632215191009172	11.1638292377257	23.5493224745469	0.064	0.3585	-0.353746903450546	-2.34064016833354	-0.342540191188395	1.5290815136464	3.86972168197994	0	NA	NA	NA	NA	NA	NA	1	-0.655995778245554	0.43033046107599	1	-0.220343096452816	0.0485510801544151	1	-0.709590230620503	0.503518295392059	1	-0.353746903450546	0.12513687170085	1.00137665011186	4214.84383105736	0	1.00148512325258	11092.3317430432	0	NA	NA	NA	NA	NA	NA	NA	NA
956	3	3	exact_null_point_mass	exact_null_point_mass	point_mass	0	none	no_benefit	0	0	NA	0	0	1000	360	600	1000	1000	360	768	0.64	0.232	5.50476332816474	24	24	0	2	1	10	4	1	5000	2500	1	0.99	14	10000	101955	0.3559	0.2015	-1.00558766782334	-6.34189054836327	-1.09429448185083	4.67464027770095	11.0165308260642	-0.457263295584382	-1.54444372645737	-0.456792675346553	0.603730166459527	2.1481738929169	0.38014961542514	-1.69474422377804	-13.0312586621032	-1.49566078661779	9.84341005544531	22.8746687175485	0.0509	0.1015	-1.49203503335417	-3.59490790148484	-1.53587516771332	0.750785141128832	4.34569304261368	0	NA	NA	NA	NA	NA	NA	1	-1.00558766782334	1.01120655767839	1	-0.457263295584382	0.20908972148869	1	-1.69474422377804	2.87215798402902	1	-1.49203503335417	2.22616854075617	1.0011753125995	4612.14113664826	0	1.00174581093186	12798.9882619456	0	NA	NA	NA	NA	NA	NA	NA	NA
919	3	3	exact_null_point_mass	exact_null_point_mass	point_mass	0	none	no_benefit	0	0	NA	0	0	1000	360	600	1000	1000	360	757	0.64	0.243	6.34319292699152	24	24	0	2	1	10	4	1	5000	2500	1	0.99	14	10000	101918	0.5294	0.6354	0.210072981237131	-4.90298939015098	0.186784639837005	5.40459888448895	10.3075882746399	0.190778860668794	-0.87011267236119	0.191993446919716	1.24229161356534	2.11240428592653	0.513906581740977	0.273131654692754	-10.6788519206141	0.160361908640268	11.4254467424428	22.1042986630569	0.058	0.7333	0.777592482673914	-1.77411560049035	0.801122987555077	3.09112124448679	4.86523684497714	0	NA	NA	NA	NA	NA	NA	1	0.210072981237131	0.0441306574458559	1	0.190778860668794	0.0363965736780832	1	0.273131654692754	0.0746009007952015	1	0.777592482673914	0.604650069110982	1.00306581891416	4550.44075164757	0	1.00162064716087	13154.6032747357	0	NA	NA	NA	NA	NA	NA	NA	NA
954	3	3	exact_null_point_mass	exact_null_point_mass	point_mass	0	none	no_benefit	0	0	NA	0	0	1000	360	600	1000	1000	360	757	0.64	0.243	6.00359456114546	24	24	0	2	1	10	4	1	5000	2500	1	0.99	14	10000	101953	0.6067	0.0377	0.76219548171825	-4.95800001786729	0.804619808295962	6.08317437580101	11.0411743936683	-0.967776130732955	-2.04968395406996	-0.965837621241256	0.0882280124132143	2.13791196648317	0.709804327570142	2.31433504321385	-9.61910012203815	2.29449849825918	13.2054551203883	22.8245552424264	0.0341	0.0147	-2.16256837573139	-3.97657586507835	-2.16749015883789	-0.246736090158384	3.72983977491997	0	NA	NA	NA	NA	NA	NA	1	0.76219548171825	0.580941952351716	1	-0.967776130732955	0.93659063921645	1	2.31433504321385	5.35614669224764	0	-2.16256837573139	4.6767019797135	1.00174967686808	4590.50712458907	0	1.00135462205733	11797.1205823675	0	NA	NA	NA	NA	NA	NA	NA	NA
918	3	3	exact_null_point_mass	exact_null_point_mass	point_mass	0	none	no_benefit	0	0	NA	0	0	1000	360	600	1000	1000	360	743	0.64	0.257	6.67062740193468	24	24	0	2	1	10	4	1	5000	2500	1	0.99	14	10000	101917	0.503	0.4336	0.016466063314065	-5.37768756454638	0.0252898391408092	5.28188999841514	10.6595775629615	-0.09254089643059	-1.18226776773441	-0.0875634693730607	0.98213611781278	2.16440388554719	0.496618357487923	-0.0331620801367615	-11.3704075862917	-0.0475197741761733	11.3069192350573	22.677326821349	0.0685	0.3979	-0.290542537074562	-2.35907825704123	-0.264638519725432	1.81808946080172	4.17716771784295	0	NA	NA	NA	NA	NA	NA	1	0.016466063314065	0.000271131241062798	1	-0.09254089643059	0.00856381751217718	1	-0.0331620801367615	0.00109972355899699	1	-0.290542537074562	0.0844149658497235	1.00150086997972	4245.71462128089	0	1.0021440368352	11424.0987762191	0	NA	NA	NA	NA	NA	NA	NA	NA
968	3	3	exact_null_point_mass	exact_null_point_mass	point_mass	0	none	no_benefit	0	0	NA	0	0	1000	360	600	1000	1000	360	783	0.64	0.217	6.08131077958761	24	24	0	2	1	10	4	1	5000	2500	1	0.99	14	10000	101967	0.4806	0.3211	-0.12969913602341	-5.08030058318004	-0.11188831765123	4.85679770031696	9.937098283497	-0.242441770802841	-1.2523149278715	-0.247432522568336	0.796873149566738	2.04918807743824	0.490435322096991	-0.131880762379403	-10.9368080826919	-0.09389347678042	10.5747385838927	21.5115466665846	0.0329	0.4805	-0.0151812323348269	-1.7741490030194	-0.04254155847768	1.90446160266093	3.67861060568032	0	NA	NA	NA	NA	NA	NA	1	-0.12969913602341	0.0168218658852189	1	-0.242441770802841	0.0587780122300173	1	-0.131880762379403	0.0173925354857725	1	-0.0151812323348269	0.000230469815203993	1.00184056892239	4311.02072027475	0	1.00276691688928	13177.5921433084	0	NA	NA	NA	NA	NA	NA	NA	NA
953	3	3	exact_null_point_mass	exact_null_point_mass	point_mass	0	none	no_benefit	0	0	NA	0	0	1000	360	600	1000	1000	360	746	0.64	0.254	6.20943391201189	24	24	0	2	1	10	4	1	5000	2500	1	0.99	14	10000	101952	0.5615	0.9156	0.473899272668086	-4.59707805113265	0.434582027065234	5.62377205870443	10.2208501098371	0.761738667688311	-0.338835040227582	0.765425759559748	1.8356878053032	2.17452284553078	0.530314174634864	0.437966372251354	-10.8079991523123	0.387919284989662	11.6604618323335	22.4684609846458	0.0483	0.7744	0.988503225025498	-1.44385836401408	1.02501580707829	3.28053966459742	4.72439802861151	0	NA	NA	NA	NA	NA	NA	1	0.473899272668086	0.224580520635341	1	0.761738667688311	0.580245797851563	1	0.437966372251354	0.191814543223012	1	0.988503225025498	0.97713862588581	1.0015509325717	4523.58812412788	0	1.00237028395079	12914.1577955341	0	NA	NA	NA	NA	NA	NA	NA	NA
978	3	3	exact_null_point_mass	exact_null_point_mass	point_mass	0	none	no_benefit	0	0	NA	0	0	1000	360	600	1000	1000	360	752	0.64	0.248	6.40812371497649	24	24	0	2	1	10	4	1	5000	2500	1	0.99	14	10000	101977	0.4926	0.3229	-0.0765287658421031	-5.34817493004888	-0.060153734942225	5.04291805374596	10.3910929837948	-0.249762890206776	-1.2993277584353	-0.245909773266215	0.7917841700134	2.0911119284487	0.496334856050143	-0.113439522093457	-11.5052572461045	-0.0397225064361635	10.9450397874198	22.4502970335243	0.0587	0.238	-0.733463346137916	-2.67978468812074	-0.791864113014456	1.44824027020976	4.1280249583305	0	NA	NA	NA	NA	NA	NA	1	-0.0765287658421031	0.00585665200131544	1	-0.249762890206776	0.0623815013244421	1	-0.113439522093457	0.0128685251727919	1	-0.733463346137916	0.537968480127829	1.001625853627	3860.97199112896	0	1.00249864131636	13736.4895624654	0	NA	NA	NA	NA	NA	NA	NA	NA
966	3	3	exact_null_point_mass	exact_null_point_mass	point_mass	0	none	no_benefit	0	0	NA	0	0	1000	360	600	1000	1000	360	765	0.64	0.235	6.14509527704895	24	24	0	2	1	10	4	1	5000	2500	1	0.99	14	10000	101965	0.467	0.1983	-0.232897194770371	-5.14805913086049	-0.225203925842605	4.71144020710851	9.859499337969	-0.45437735050159	-1.49046158236146	-0.460718613495653	0.598566389686623	2.08902797204809	0.471538782318599	-0.383493151019654	-11.4404716249669	-0.316019678414958	10.5457900440518	21.9862616690186	0.0408	0.1401	-0.960130742445802	-2.79805409703292	-0.953681740445405	0.812099666971251	3.61015376400417	0	NA	NA	NA	NA	NA	NA	1	-0.232897194770371	0.0542411033319081	1	-0.45437735050159	0.206458776648845	1	-0.383493151019654	0.147066996878983	1	-0.960130742445802	0.921851042589526	1.0011809514846	4590.9047772907	0	1.00186476524605	12321.8757156643	0	NA	NA	NA	NA	NA	NA	NA	NA
847	3	3	exact_null_point_mass	exact_null_point_mass	point_mass	0	none	no_benefit	0	0	NA	0	0	1000	360	600	1000	1000	360	752	0.64	0.248	5.48694709433876	24	24	0	2	1	10	4	1	5000	2500	1	0.99	14	10000	101846	0.4826	0.4096	-0.10005906620531	-5.37248545637738	-0.126286197583976	5.31419156519674	10.6866770215741	-0.119940573202631	-1.21152324909151	-0.121620240409474	0.962382869223562	2.17390611831507	0.501974231088944	0.0873643566573546	-11.1268346737819	0.0190415722339861	11.6685052665819	22.7953399403638	0.0376	0.3103	-0.360927647544396	-1.97219765971536	-0.433182259011809	1.63918140308354	3.61137906279891	0	NA	NA	NA	NA	NA	NA	1	-0.10005906620531	0.0100118167298785	1	-0.119940573202631	0.0143857411001758	1	0.0873643566573546	0.00763253081415346	1	-0.360927647544396	0.130268766761932	1.00311276446176	4226.10486268098	0	1.00116563189734	10197.3230415869	0	NA	NA	NA	NA	NA	NA	NA	NA
997	3	3	exact_null_point_mass	exact_null_point_mass	point_mass	0	none	no_benefit	0	0	NA	0	0	1000	360	600	1000	1000	360	767	0.64	0.233	5.73392767660166	24	24	0	2	1	10	4	1	5000	2500	1	0.99	14	10000	101996	0.557	0.6528	0.413501676067911	-5.14366991750943	0.4352317529161	5.91283089259006	11.0565008100995	0.217612891035623	-0.854618648493555	0.215375327645657	1.28468907416296	2.13930772265651	0.528299883189976	0.42132569144061	-11.1060101144176	0.390955588281483	12.3091534270183	23.4151635414359	0.0583	0.6554	0.391926382171505	-1.64320945953226	0.398856625454143	2.40584450677656	4.04905396630882	0	NA	NA	NA	NA	NA	NA	1	0.413501676067911	0.170983636110971	1	0.217612891035623	0.0473553703448821	1	0.42132569144061	0.177515338267908	1	0.391926382171505	0.153606289042045	1.00131818885797	4350.49976724963	0	1.00195269991978	12126.2228942615	0	NA	NA	NA	NA	NA	NA	NA	NA
920	3	3	exact_null_point_mass	exact_null_point_mass	point_mass	0	none	no_benefit	0	0	NA	0	0	1000	360	600	1000	1000	360	741	0.64	0.259	5.89897647040632	24	24	0	2	1	10	4	1	5000	2500	1	0.99	14	10000	101919	0.4822	0.541	-0.122629651678053	-5.61028224028262	-0.130714468766116	5.54322093199328	11.1535031722759	0.0559143169502358	-1.02009381570902	0.0605055060645272	1.1405070061107	2.16060082181971	0.481155112007644	-0.265079228682677	-12.2444191118142	-0.254384688618493	11.6336071901648	23.878026301979	0.0581	0.5657	0.155118051543777	-2.00107694860455	0.146574061167825	2.19355833192157	4.19463528052612	0	NA	NA	NA	NA	NA	NA	1	-0.122629651678053	0.0150380314706806	1	0.0559143169502358	0.00312641084001142	1	-0.265079228682677	0.0702669974790029	1	0.155118051543777	0.0240616099147377	1.0018531224947	4089.30685151429	0	1.00136340076236	6666.0083072896	0	NA	NA	NA	NA	NA	NA	NA	NA
977	3	3	exact_null_point_mass	exact_null_point_mass	point_mass	0	none	no_benefit	0	0	NA	0	0	1000	360	600	1000	1000	360	754	0.64	0.246	6.04409965037639	24	24	0	2	1	10	4	1	5000	2500	1	0.99	14	10000	101976	0.5121	0.5633	0.106293397736753	-4.91962374154138	0.0771708097697319	5.09002322536775	10.0096469669091	0.0861459568622981	-0.995228750674418	0.0840869080806481	1.13578592739572	2.13101467807014	0.520755885997522	0.203571051408286	-10.8405553111964	0.192468841391147	11.3160442521694	22.1565995633658	0.0316	0.7026	0.454101620511544	-1.50921923868071	0.510051980597301	2.09297398397962	3.60219322266033	0	NA	NA	NA	NA	NA	NA	1	0.106293397736753	0.0112982864024236	1	0.0861459568622981	0.00742112588372092	1	0.203571051408286	0.0414411729714751	1	0.454101620511544	0.20620828175121	1.00178220769805	4196.94504854532	0	1.00164739270079	11991.6919215608	0	NA	NA	NA	NA	NA	NA	NA	NA
808	3	3	exact_null_point_mass	exact_null_point_mass	point_mass	0	none	no_benefit	0	0	NA	0	0	1000	360	600	1000	1000	360	737	0.64	0.263	7.03783332476243	24	24	0	2	1	10	4	1	5000	2500	1	0.99	14	10000	101807	0.5593	0.976	0.370009560834675	-4.49245267922129	0.385599110437929	5.44793662983064	9.94038930905193	1.08972081277648	0.00975651078897647	1.09001116130418	2.14005674299414	2.13030023220517	0.504159913560238	0.0745525128668177	-10.7756059827703	0.0434715365898288	11.0850915704864	21.8606975532567	0.0745	0.9285	1.6455106048255	-0.585239114599246	1.63697747476385	3.9201210351087	4.50536014970794	0	NA	NA	NA	NA	NA	NA	1	0.370009560834675	0.136907075109069	0	1.08972081277648	1.18749144979824	1	0.0745525128668177	0.00555807717475702	1	1.6455106048255	2.70770515059319	1.00219654312419	4358.77256138763	0	1.00239300906326	11904.2645282721	0	NA	NA	NA	NA	NA	NA	NA	NA
892	3	3	exact_null_point_mass	exact_null_point_mass	point_mass	0	none	no_benefit	0	0	NA	0	0	1000	360	600	1000	1000	360	747	0.64	0.253	6.12968731382515	24	24	0	2	1	10	4	1	5000	2500	1	0.99	14	10000	101891	0.5173	0.4866	0.125472624038843	-4.95666055768109	0.133506719919509	5.24787062773053	10.2045311854116	-0.0216388482500238	-1.08838832649751	-0.0187746139617007	1.07201855122391	2.16040687772142	0.507996632996633	0.141188649462343	-10.6607100159598	0.0970223598996398	11.0761416821828	21.7368516981427	0.0496	0.6107	0.257191180094367	-1.75677758230748	0.277886938596704	2.22518805437224	3.98196563667972	0	NA	NA	NA	NA	NA	NA	1	0.125472624038843	0.0157433793831927	1	-0.0216388482500238	0.000468239753587559	1	0.141188649462343	0.0199342347370005	1	0.257191180094367	0.066147303118333	1.00166645180827	4227.68870455189	0	1.00142743703807	10157.6385508123	0	NA	NA	NA	NA	NA	NA	NA	NA
929	3	3	exact_null_point_mass	exact_null_point_mass	point_mass	0	none	no_benefit	0	0	NA	0	0	1000	360	600	1000	1000	360	737	0.64	0.263	6.62778094653974	24	24	0	2	1	10	4	1	5000	2500	1	0.99	14	10000	101928	0.5968	0.8287	0.666824996987068	-4.50290370198252	0.658198360175488	5.88877040769044	10.391674109673	0.526110728211984	-0.562249083400787	0.517236518341556	1.61624163539964	2.17849071880043	0.568191673894189	1.00625643678163	-10.2045877492934	0.865554886060762	12.0735854195317	22.2781731688251	0.0776	0.8384	1.04241282053264	-1.18284871566588	1.04663087645978	3.1839062498146	4.36675496548048	0	NA	NA	NA	NA	NA	NA	1	0.666824996987068	0.444655576606804	1	0.526110728211984	0.276792498339744	1	1.00625643678163	1.01255201656447	1	1.04241282053264	1.08662448841081	1.00240655830586	4575.27982221051	0	1.00112832397254	12727.1411445599	0	NA	NA	NA	NA	NA	NA	NA	NA
838	3	3	exact_null_point_mass	exact_null_point_mass	point_mass	0	none	no_benefit	0	0	NA	0	0	1000	360	600	1000	1000	360	754	0.64	0.246	6.45033681926535	24	24	0	2	1	10	4	1	5000	2500	1	0.99	14	10000	101837	0.4591	0.3061	-0.245239777754578	-5.27116735788832	-0.264528119835933	4.80800999509929	10.0791773529876	-0.270277336091952	-1.29868703439792	-0.281359566753205	0.742920904300844	2.04160793869877	0.476809894445037	-0.297836258267373	-11.498232222101	-0.27733661639807	11.0958811635495	22.5941133856505	0.0621	0.5552	0.107468147215184	-1.97219274474881	0.142768888672793	2.00491867594196	3.97711142069077	0	NA	NA	NA	NA	NA	NA	1	-0.245239777754578	0.0601425485931146	1	-0.270277336091952	0.0730498384049619	1	-0.297836258267373	0.0887064367387091	1	0.107468147215184	0.0115494026658645	1.00198508166988	4357.02470859858	0	1.00177068854984	12052.71847093	0	NA	NA	NA	NA	NA	NA	NA	NA
889	3	3	exact_null_point_mass	exact_null_point_mass	point_mass	0	none	no_benefit	0	0	NA	0	0	1000	360	600	1000	1000	360	776	0.64	0.224	5.3454317676831	24	24	0	2	1	10	4	1	5000	2500	1	0.99	14	10000	101888	0.5348	0.482	0.23427771763158	-5.06830726060325	0.276641922420078	5.54656146719318	10.6148687277964	-0.0233885505159929	-1.08237078914962	-0.0234113682199615	1.02761055355427	2.10998134270389	0.551189245087901	0.672443482581691	-10.8966837804518	0.581080491424425	12.0932074409956	22.9898912214474	0.033	0.6483	0.439864468697735	-1.81032467273853	0.442616487107692	2.64523422066949	4.45555889340802	0	NA	NA	NA	NA	NA	NA	1	0.23427771763158	0.0548860489786624	1	-0.0233885505159929	0.000547024295239153	1	0.672443482581691	0.452180237266594	1	0.439864468697735	0.193480750822741	1.0013321068791	4362.71803718238	0	1.00213328063181	10261.7822573083	0	NA	NA	NA	NA	NA	NA	NA	NA
948	3	3	exact_null_point_mass	exact_null_point_mass	point_mass	0	none	no_benefit	0	0	NA	0	0	1000	360	600	1000	1000	360	768	0.64	0.232	6.0836671101783	24	24	0	2	1	10	4	1	5000	2500	1	0.99	14	10000	101947	0.4024	0.3558	-0.681248176763348	-5.80846033358522	-0.69424647775082	4.56352946232281	10.371989795908	-0.202278061233185	-1.26404335022804	-0.202459985167563	0.853613877138149	2.11765722736619	0.434498284734134	-0.928995635203313	-12.091809447802	-0.883756789535841	10.4655198033075	22.5573292511095	0.0672	0.135	-0.983520676299927	-2.80191371456063	-0.999922832216106	1.03977537185211	3.84168908641274	0	NA	NA	NA	NA	NA	NA	1	-0.681248176763348	0.464099078343386	1	-0.202278061233185	0.0409164140562561	1	-0.928995635203313	0.863032890226807	1	-0.983520676299927	0.967312920709466	1.0013673334869	4206.37569176833	0	1.0015911680877	12147.7496814971	0	NA	NA	NA	NA	NA	NA	NA	NA
928	3	3	exact_null_point_mass	exact_null_point_mass	point_mass	0	none	no_benefit	0	0	NA	0	0	1000	360	600	1000	1000	360	785	0.64	0.215	5.83904374877708	24	24	0	2	1	10	4	1	5000	2500	1	0.99	14	10000	101927	0.4609	0.7083	-0.279962247160424	-5.93792292690483	-0.265383423689864	5.37830994767333	11.3162328745782	0.295899479709094	-0.746249546160712	0.298864960116997	1.35163443025575	2.09788397641646	0.470825805080242	-0.464495146336986	-12.3031239092883	-0.371671894031429	11.4582588472515	23.7613827565398	0.0591	0.6312	0.254647325735638	-1.47530816208986	0.27790441733427	1.8823708489613	3.35767901105116	0	NA	NA	NA	NA	NA	NA	1	-0.279962247160424	0.0783788598351141	1	0.295899479709094	0.0875565020921123	1	-0.464495146336986	0.215755740970618	1	0.254647325735638	0.0648452605043123	1.00166654390942	4149.88729993168	0	1.00129647711064	10764.943080159	0	NA	NA	NA	NA	NA	NA	NA	NA
1000	3	3	exact_null_point_mass	exact_null_point_mass	point_mass	0	none	no_benefit	0	0	NA	0	0	1000	360	600	1000	1000	360	749	0.64	0.251	5.72767219590315	24	24	0	2	1	10	4	1	5000	2500	1	0.99	14	10000	101999	0.393	0.0512	-0.768840938272534	-6.12483010188759	-0.802834175240073	4.6635151431663	10.7883452450539	-0.89653523552357	-1.98841793496914	-0.900112686023346	0.161656974211896	2.15007490918104	0.433694037767876	-0.984070460899415	-12.5535536715054	-0.861035102967757	10.5253825065115	23.0789361780169	0.0574	0.0376	-1.8017896187589	-3.82673921978639	-1.80285760590952	0.179508568600073	4.00624778838646	0	NA	NA	NA	NA	NA	NA	1	-0.768840938272534	0.59111638836379	1	-0.89653523552357	0.803775428535302	1	-0.984070460899415	0.968394672014787	1	-1.8017896187589	3.24644583026735	1.00122663396213	4335.675531032	0	1.00302190116302	13004.138790113	0	NA	NA	NA	NA	NA	NA	NA	NA
959	3	3	exact_null_point_mass	exact_null_point_mass	point_mass	0	none	no_benefit	0	0	NA	0	0	1000	360	600	1000	1000	360	761	0.64	0.239	6.0012631264576	24	24	0	2	1	10	4	1	5000	2500	1	0.99	14	10000	101958	0.5356	0.7987	0.215481153937004	-5.51704389053925	0.266364274734411	5.93502372489402	11.4520676154333	0.451167902976685	-0.597207251352526	0.450204360101798	1.50212813850914	2.09933538986167	0.532571312967833	0.211593769556734	-10.3139255261565	0.0680335946546862	10.7900083031793	21.1039338293358	0.0114	0.9088	1.2031071385553	-0.577073996502117	1.20072754378763	3.045364836801	3.62243883330311	0	NA	NA	NA	NA	NA	NA	1	0.215481153937004	0.0464321277020228	1	0.451167902976685	0.20355247667638	1	0.211593769556734	0.0447719233152285	1	1.2031071385553	1.44746678684272	1.00155419809482	4065.75929286567	0	1.00181136149827	11460.2010928104	0	NA	NA	NA	NA	NA	NA	NA	NA
891	3	3	exact_null_point_mass	exact_null_point_mass	point_mass	0	none	no_benefit	0	0	NA	0	0	1000	360	600	1000	1000	360	760	0.64	0.24	6.48282098239094	24	24	0	2	1	10	4	1	5000	2500	1	0.99	14	10000	101890	0.5511	0.7413	0.306252213902403	-4.94384995731339	0.346539827147026	5.4984574404747	10.4423073977881	0.348157025605586	-0.695351684239467	0.348141805552235	1.39652477710594	2.0918764613454	0.540340726454516	0.590947535166585	-10.7408584845009	0.503784016258564	11.7651747632709	22.5060332477718	0.0667	0.8953	1.16581256225324	-0.67322728725386	1.12233645904448	3.15021043477868	3.82343772203254	0	NA	NA	NA	NA	NA	NA	1	0.306252213902403	0.0937904185201235	1	0.348157025605586	0.121213314478529	1	0.590947535166585	0.349218989319462	1	1.16581256225324	1.35911893030747	1.00199170725993	4272.42364802861	0	1.00196607002591	11628.8102127292	0	NA	NA	NA	NA	NA	NA	NA	NA
958	3	3	exact_null_point_mass	exact_null_point_mass	point_mass	0	none	no_benefit	0	0	NA	0	0	1000	360	600	1000	1000	360	747	0.64	0.253	6.29607317736885	24	24	0	2	1	10	4	1	5000	2500	1	0.99	14	10000	101957	0.3385	0.2057	-1.10197090627085	-6.1354585825686	-1.13139073487814	4.16592021711981	10.3013787996884	-0.433093925517588	-1.46550689058121	-0.439618886016443	0.605507630705536	2.07101452128675	0.383015226249196	-1.6063271588264	-12.6236164329959	-1.41348471190044	9.2402085840831	21.863825017079	0.0674	0.2125	-0.687954127681727	-2.45632042286249	-0.673042531437004	1.02378376049789	3.48010418336038	0	NA	NA	NA	NA	NA	NA	1	-1.10197090627085	1.21433987826741	1	-0.433093925517588	0.187570348320234	1	-1.6063271588264	2.58028694118329	1	-0.687954127681727	0.473280881794326	1.00139551741888	4322.66848854242	0	1.00193321783394	11604.7446242263	0	NA	NA	NA	NA	NA	NA	NA	NA
946	3	3	exact_null_point_mass	exact_null_point_mass	point_mass	0	none	no_benefit	0	0	NA	0	0	1000	360	600	1000	1000	360	780	0.64	0.22	5.67314764675929	24	24	0	2	1	10	4	1	5000	2500	1	0.99	14	10000	101945	0.4712	0.3419	-0.221757116266121	-5.73397383165267	-0.194543883127009	5.38471108299759	11.1186849146503	-0.209633249281603	-1.23669438260871	-0.206911620994538	0.810048445447362	2.04674282805608	0.490542111381169	-0.162580389238355	-11.9568214745448	-0.133387690573079	11.4974517113854	23.4542731859302	0.0537	0.3391	-0.253698661374665	-1.55058429473692	-0.281066958287242	1.21136559449711	2.76194988923403	0	NA	NA	NA	NA	NA	NA	1	-0.221757116266121	0.0491762186146657	1	-0.209633249281603	0.0439460992043628	1	-0.162580389238355	0.0264323829648949	1	-0.253698661374665	0.0643630107832971	1.00135474853824	3986.38522560931	0	1.00191817107154	13691.4770706528	0	NA	NA	NA	NA	NA	NA	NA	NA
949	3	3	exact_null_point_mass	exact_null_point_mass	point_mass	0	none	no_benefit	0	0	NA	0	0	1000	360	600	1000	1000	360	754	0.64	0.246	5.49242572700178	24	24	0	2	1	10	4	1	5000	2500	1	0.99	14	10000	101948	0.4934	0.3299	-0.0522085888057142	-5.39645139479713	-0.0416460349143213	5.39068284501447	10.7871342398116	-0.254900452419527	-1.32581321281399	-0.266710749020273	0.808384172916475	2.13419738573046	0.484651650078575	-0.203181606239294	-11.9911774817575	-0.162015453193355	11.2978369400968	23.2890144218543	0.0455	0.1575	-1.05252750237892	-3.06633089742309	-1.05543828235513	1.07584874296787	4.14217964039096	0	NA	NA	NA	NA	NA	NA	1	-0.0522085888057142	0.00272573674508415	1	-0.254900452419527	0.0649742406436796	1	-0.203181606239294	0.0412827651139795	1	-1.05252750237892	1.107814143264	1.00184646543484	4473.93614807388	0	1.00148222847301	11976.6788493049	0	NA	NA	NA	NA	NA	NA	NA	NA
976	3	3	exact_null_point_mass	exact_null_point_mass	point_mass	0	none	no_benefit	0	0	NA	0	0	1000	360	600	1000	1000	360	753	0.64	0.247	5.97771186944788	24	24	0	2	1	10	4	1	5000	2500	1	0.99	14	10000	101975	0.5549	0.7855	0.425070581827305	-5.19407415808317	0.397847686938093	6.16726011192883	11.361334270012	0.428261821408052	-0.624693513994617	0.432090647422147	1.49227062191428	2.1169641359089	0.523804417756809	0.344441712394833	-11.5904486751832	0.319201630842591	12.4106776364522	24.0011263116354	0.0674	0.7372	0.622492918643258	-1.36919484645379	0.611075709258652	2.66655600315187	4.03575084960566	0	NA	NA	NA	NA	NA	NA	1	0.425070581827305	0.180684999535004	1	0.428261821408052	0.183408187675742	1	0.344441712394833	0.118640093237485	1	0.622492918643258	0.387497433761002	1.00148923922654	4473.9454199184	0	1.0017119703599	12820.2013891016	0	NA	NA	NA	NA	NA	NA	NA	NA
807	3	3	exact_null_point_mass	exact_null_point_mass	point_mass	0	none	no_benefit	0	0	NA	0	0	1000	360	600	1000	1000	360	748	0.64	0.252	6.14868762611696	24	24	0	2	1	10	4	1	5000	2500	1	0.99	14	10000	101806	0.5034	0.8253	0.0393983638213903	-5.10669763955698	0.0266319016708643	5.23767489361551	10.3443725331725	0.514189011089188	-0.535611398003292	0.517921285616854	1.56895881337997	2.10457021138326	0.48707396855545	-0.193744952595182	-11.0898304344772	-0.150426930339245	10.9413360463618	22.031166480839	0.0523	0.6867	0.434773460330144	-1.25061860286129	0.408073107829557	2.20788197363937	3.45850057650066	0	NA	NA	NA	NA	NA	NA	1	0.0393983638213903	0.00155223107180264	1	0.514189011089188	0.264390339124878	1	-0.193744952595182	0.0375371066561092	1	0.434773460330144	0.189027961807448	1.00120764964547	4464.96968646195	0	1.00190937038154	7037.49197545962	0	NA	NA	NA	NA	NA	NA	NA	NA
998	3	3	exact_null_point_mass	exact_null_point_mass	point_mass	0	none	no_benefit	0	0	NA	0	0	1000	360	600	1000	1000	360	765	0.64	0.235	6.30662594302321	24	24	0	2	1	10	4	1	5000	2500	1	0.99	14	10000	101997	0.4659	0.2234	-0.246441633829632	-5.43581875064104	-0.245729030688721	4.82220226254025	10.2580210131813	-0.412627159290014	-1.44631722029472	-0.408992565089417	0.635963435379573	2.08228065567429	0.478814466081746	-0.347637003265061	-11.6390305110799	-0.25136344850723	10.8902580902267	22.5292886013066	0.0654	0.1875	-0.82523147792401	-2.56663257139355	-0.830076588629228	0.900474355179979	3.46710692657353	0	NA	NA	NA	NA	NA	NA	1	-0.246441633829632	0.0607334788846186	1	-0.412627159290014	0.170261172583746	1	-0.347637003265061	0.120851486039112	1	-0.82523147792401	0.681006992156645	1.001671016358	4358.35779780478	0	1.0014044628183	13006.4889218996	0	NA	NA	NA	NA	NA	NA	NA	NA
947	3	3	exact_null_point_mass	exact_null_point_mass	point_mass	0	none	no_benefit	0	0	NA	0	0	1000	360	600	1000	1000	360	730	0.64	0.27	6.59335567319305	24	24	0	2	1	10	4	1	5000	2500	1	0.99	14	10000	101946	0.4919	0.5234	-0.0525356330376904	-5.30891730804722	-0.0511055770561537	5.16505696950752	10.4739742775547	0.0386661335053027	-1.03770485949276	0.0336873909187423	1.11804171816634	2.1557465776591	0.4943868277558	-0.150720770118704	-11.5522886921819	-0.0536220184194995	10.7976938145119	22.3499825066938	0.0647	0.6678	0.500066188826325	-1.81074843640624	0.507838481767819	2.67700652824837	4.48775496465461	0	NA	NA	NA	NA	NA	NA	1	-0.0525356330376904	0.00275999273867087	1	0.0386661335053027	0.00149506988024989	1	-0.150720770118704	0.0227167505451751	1	0.500066188826325	0.250066193207286	1.00123405836224	4281.02459390325	0	1.00200323298498	11298.43482521	0	NA	NA	NA	NA	NA	NA	NA	NA
809	3	3	exact_null_point_mass	exact_null_point_mass	point_mass	0	none	no_benefit	0	0	NA	0	0	1000	360	600	1000	1000	360	737	0.64	0.263	5.81927731799555	24	24	0	2	1	10	4	1	5000	2500	1	0.99	14	10000	101808	0.4928	0.3243	-0.0329591359132864	-5.56027244859144	-0.0535784691376175	5.45699042174517	11.0172628703366	-0.256550352482694	-1.33050888140282	-0.260198044391863	0.836480750994055	2.16698963239688	0.510807374443738	0.166925517714796	-11.6161847579819	0.115794529269929	11.9998394228694	23.6160241808513	0.0562	0.3613	-0.415211243095544	-2.79330374172926	-0.346658769225311	1.62752955776176	4.42083329949102	0	NA	NA	NA	NA	NA	NA	1	-0.0329591359132864	0.00108630464015049	1	-0.256550352482694	0.0658180833589947	1	0.166925517714796	0.0278641284643528	1	-0.415211243095544	0.172400376392947	1.00122776438726	4471.34531749483	0	1.00224373876046	12470.1432983175	0	NA	NA	NA	NA	NA	NA	NA	NA
990	3	3	exact_null_point_mass	exact_null_point_mass	point_mass	0	none	no_benefit	0	0	NA	0	0	1000	360	600	1000	1000	360	730	0.64	0.27	6.99972110264081	24	24	0	2	1	10	4	1	5000	2500	1	0.99	14	10000	101989	0.4744	0.0526	-0.161463225686107	-5.49721899641009	-0.173423609706029	5.28183763086086	10.779056627271	-0.876709404401756	-1.94357168367754	-0.880877360292351	0.176015952883428	2.11958763656096	0.493679163034002	-0.0821300513382759	-11.643237796874	-0.0821183955982638	11.5482837137623	23.1915215106363	0.0824	0.1024	-1.24546167441432	-3.3711683649653	-1.1809539953988	0.605694750515803	3.9768631154811	0	NA	NA	NA	NA	NA	NA	1	-0.161463225686107	0.0260703732489626	1	-0.876709404401756	0.768619379766482	1	-0.0821300513382759	0.00674534533282784	1	-1.24546167441432	1.55117478243493	1.00149817767776	4151.26457001049	0	1.00226108671604	13759.2553238437	0	NA	NA	NA	NA	NA	NA	NA	NA
999	3	3	exact_null_point_mass	exact_null_point_mass	point_mass	0	none	no_benefit	0	0	NA	0	0	1000	360	600	1000	1000	360	750	0.64	0.25	5.67596039519915	24	24	0	2	1	10	4	1	5000	2500	1	0.99	14	10000	101998	0.4566	0.526	-0.283895602753717	-5.7567533034582	-0.313312587511055	5.20559955630887	10.9623528597671	0.0309747400378944	-1.09345632723488	0.0357376877667139	1.12752754284792	2.22098387008281	0.468329124579125	-0.463835981540103	-12.0726988086162	-0.410147703068654	11.1893378173236	23.2620366259398	0.0496	0.6137	0.275048311799703	-1.80350765799449	0.290544560929855	2.26546609640059	4.06897375439508	0	NA	NA	NA	NA	NA	NA	1	-0.283895602753717	0.0805967132628961	1	0.0309747400378944	0.000959434520415137	1	-0.463835981540103	0.21514381777127	1	0.275048311799703	0.0756515738238667	1.00138966605466	4268.70838414881	0	1.00131703630371	6322.07132514659	0	NA	NA	NA	NA	NA	NA	NA	NA
890	3	3	exact_null_point_mass	exact_null_point_mass	point_mass	0	none	no_benefit	0	0	NA	0	0	1000	360	600	1000	1000	360	741	0.64	0.259	6.84328243730126	24	24	0	2	1	10	4	1	5000	2500	1	0.99	14	10000	101889	0.5012	0.351	0.0365083390091785	-5.31685998847453	0.00703382298440403	5.33793447012254	10.6547944585971	-0.205190950883193	-1.28609700148193	-0.21280789407296	0.869916558338646	2.15601355982058	0.505300735612289	0.0601780366346328	-11.3186426990153	0.074592669278112	11.5808473623125	22.8994900613278	0.0756	0.3439	-0.473855829411361	-2.71190728249998	-0.487184276832789	1.78003734635372	4.49194462885371	0	NA	NA	NA	NA	NA	NA	1	0.0365083390091785	0.0013328588172091	1	-0.205190950883193	0.042103326324349	1	0.0601780366346328	0.00362139609319921	1	-0.473855829411361	0.224539347067129	1.00177846281419	4400.9526784015	0	1.00197373822981	15206.3385276324	0	NA	NA	NA	NA	NA	NA	NA	NA
960	3	3	exact_null_point_mass	exact_null_point_mass	point_mass	0	none	no_benefit	0	0	NA	0	0	1000	360	600	1000	1000	360	712	0.64	0.288	6.99352624457938	24	24	0	2	1	10	4	1	5000	2500	1	0.99	14	10000	101959	0.4413	0.3712	-0.374515671588647	-5.54353751489227	-0.393481701511937	4.90749450656242	10.4510320214547	-0.180103557153966	-1.2554372005786	-0.180368957724291	0.901177078331041	2.15661427890964	0.464040161519153	-0.50275634684187	-11.8532248678533	-0.464043009566089	10.907640915164	22.7608657830173	0.0837	0.4568	-0.0859883402207822	-2.25057939290584	-0.130360806717402	2.36073697581277	4.61131636871861	0	NA	NA	NA	NA	NA	NA	1	-0.374515671588647	0.140261988265495	1	-0.180103557153966	0.0324372912995119	1	-0.50275634684187	0.252763944289783	1	-0.0859883402207822	0.00739399465392499	1.0018285273662	4624.84144458742	0	1.00264798337986	13694.4522924536	0	NA	NA	NA	NA	NA	NA	NA	NA
988	3	3	exact_null_point_mass	exact_null_point_mass	point_mass	0	none	no_benefit	0	0	NA	0	0	1000	360	600	1000	1000	360	734	0.64	0.266	6.14754447292383	24	24	0	2	1	10	4	1	5000	2500	1	0.99	14	10000	101987	0.4859	0.6951	-0.0765620941852908	-5.20715055656239	-0.0882425325324903	5.12012222401436	10.3272727805767	0.276223641317686	-0.803281063991286	0.278534225206719	1.35494383223184	2.15822489622313	0.485777966461473	-0.195125271566339	-11.418584942574	-0.164650098916681	11.0388019386009	22.4573868811748	0.0578	0.7608	0.679053533740563	-1.10958483480492	0.647129226597289	2.59580373478081	3.70538856958573	0	NA	NA	NA	NA	NA	NA	1	-0.0765620941852908	0.00586175426603734	1	0.276223641317686	0.0762995000228014	1	-0.195125271566339	0.0380738716038374	1	0.679053533740563	0.461113701685546	1.00149541819061	4312.5655151964	0	1.00240935571684	11468.0888195574	0	NA	NA	NA	NA	NA	NA	NA	NA
987	3	3	exact_null_point_mass	exact_null_point_mass	point_mass	0	none	no_benefit	0	0	NA	0	0	1000	360	600	1000	1000	360	763	0.64	0.237	5.84556385272357	24	24	0	2	1	10	4	1	5000	2500	1	0.99	14	10000	101986	0.5117	0.6884	0.0915627249507333	-5.4005406381063	0.0964926029551583	5.723576996794	11.1241176349003	0.279323944024013	-0.793680256277369	0.272540601221613	1.34912155865949	2.14280181493686	0.492445201106618	-0.0785198962595005	-11.9327470840324	-0.0996543888150958	11.6209914511895	23.5537385352219	0.0602	0.7694	0.643477348103288	-1.11771113238742	0.676679211186255	2.31753443311359	3.43524556550101	0	NA	NA	NA	NA	NA	NA	1	0.0915627249507333	0.00838373260040364	1	0.279323944024013	0.0780218657051299	1	-0.0785198962595005	0.00616537410860272	1	0.643477348103288	0.41406309752204	1.00115584278242	3690.88856733858	0	1.00199564552939	10730.9782678892	0	NA	NA	NA	NA	NA	NA	NA	NA
989	3	3	exact_null_point_mass	exact_null_point_mass	point_mass	0	none	no_benefit	0	0	NA	0	0	1000	360	600	1000	1000	360	744	0.64	0.256	5.6277658035251	24	24	0	2	1	10	4	1	5000	2500	1	0.99	14	10000	101988	0.5444	0.3715	0.30935173256627	-5.33727056593363	0.307335687335121	5.8320720468557	11.1693426127893	-0.185102021804897	-1.25317521787349	-0.181972749318856	0.89123807022849	2.14441328810198	0.536259341121987	0.484287348066265	-11.2379781075722	0.453685507399844	12.1465728222504	23.3845509298226	0.0499	0.6116	0.329197703788616	-1.8068051518793	0.328146291660327	2.56459362866004	4.37139878053934	0	NA	NA	NA	NA	NA	NA	1	0.30935173256627	0.0956984944417528	1	-0.185102021804897	0.0342627584762607	1	0.484287348066265	0.234534235497056	1	0.329197703788616	0.108371128179697	1.00228489719874	4199.53776215041	0	1.00121962902161	12635.7553522968	0	NA	NA	NA	NA	NA	NA	NA	NA
961	3	3	exact_null_point_mass	exact_null_point_mass	point_mass	0	none	no_benefit	0	0	NA	0	0	1000	360	600	1000	1000	360	740	0.64	0.26	5.88088176012559	24	24	0	2	1	10	4	1	5000	2500	1	0.99	14	10000	101960	0.4508	0.3206	-0.358370908250661	-5.92486309077899	-0.363710410227662	5.33888135006941	11.2637444408484	-0.258787600406172	-1.34525766890712	-0.258285281147445	0.833452805308681	2.1787104742158	0.473673013509201	-0.405910974811405	-12.132031484183	-0.357702290526502	11.4359646991531	23.5679961833361	0.0599	0.5026	-0.0233859254102171	-2.2811394064279	0.00735646957625313	2.05298273404455	4.33412214047246	0	NA	NA	NA	NA	NA	NA	1	-0.358370908250661	0.128429707880404	1	-0.258787600406172	0.0669710221239847	1	-0.405910974811405	0.164763719472345	1	-0.0233859254102171	0.000546901507292236	1.00103911604896	4285.71854540329	0	1.00196914851977	11050.0498366485	0	NA	NA	NA	NA	NA	NA	NA	NA
811	3	3	exact_null_point_mass	exact_null_point_mass	point_mass	0	none	no_benefit	0	0	NA	0	0	1000	360	600	1000	1000	360	747	0.64	0.253	6.10113059306147	24	24	0	2	1	10	4	1	5000	2500	1	0.99	14	10000	101810	0.3261	0.0634	-1.1417146865292	-6.09379816931452	-1.16869183746066	3.83895968391252	9.93275785322704	-0.81525607420336	-1.86258262047459	-0.82092698740245	0.218200307619504	2.08078292809409	0.337774539398355	-2.05213170628142	-12.7087182501562	-1.82936403774591	8.64719225870099	21.3559105088572	0.0393	0.0657	-1.46400790467051	-3.46418066873757	-1.45991554281878	0.462565930109876	3.92674659884745	0	NA	NA	NA	NA	NA	NA	1	-1.1417146865292	1.30351242543646	1	-0.81525607420336	0.664642466525475	1	-2.05213170628142	4.21124453992549	1	-1.46400790467051	2.14331914493773	1.00116844000496	4774.95868833766	0	1.0013083591603	13177.6852907422	0	NA	NA	NA	NA	NA	NA	NA	NA
936	3	3	exact_null_point_mass	exact_null_point_mass	point_mass	0	none	no_benefit	0	0	NA	0	0	1000	360	600	1000	1000	360	735	0.64	0.265	6.50257164971411	24	24	0	2	1	10	4	1	5000	2500	1	0.99	14	10000	101935	0.4947	0.5537	-0.0565221893286037	-5.20580624444605	-0.0392910238148083	5.26620066635711	10.4720069108032	0.0763473792020109	-1.00359781163703	0.0794362243201956	1.13940033316909	2.14299814480612	0.486053222186598	-0.178052927234541	-11.1413950547511	-0.167030296336703	11.0288509605935	22.1702460153445	0.0643	0.8205	0.86001955892463	-0.9288225483418	0.844149380767964	2.70775719355796	3.63657974189976	0	NA	NA	NA	NA	NA	NA	1	-0.0565221893286037	0.00319475788649852	1	0.0763473792020109	0.00582892231101565	1	-0.178052927234541	0.0317028448967888	1	0.86001955892463	0.739633641732916	1.00159323450275	3915.24198425724	0	1.00255991260629	13095.639546489	0	NA	NA	NA	NA	NA	NA	NA	NA
643	3	3	exact_null_point_mass	exact_null_point_mass	point_mass	0	none	no_benefit	0	0	NA	0	0	1000	360	600	1000	1000	360	760	0.64	0.24	6.31514908031882	24	24	0	2	1	10	4	1	5000	2500	1	0.99	14	10000	101642	0.4416	0.3344	-0.411369579695896	-5.42292797412054	-0.393452501238245	4.68591664903555	10.1088446231561	-0.235162548835606	-1.30910396412044	-0.234061954296643	0.815928847117576	2.12503281123802	0.435873116239857	-0.808638395237716	-11.7323247800259	-0.799022065800601	10.1480888664337	21.8804136464596	0.0511	0.2505	-0.686712525920132	-2.93624593697198	-0.612111926937269	1.21192093382231	4.1481668707943	0	NA	NA	NA	NA	NA	NA	1	-0.411369579695896	0.169224931099178	1	-0.235162548835606	0.0553014243748586	1	-0.808638395237716	0.653896054252629	1	-0.686712525920132	0.471574093255608	1.0011339466006	3892.66196215557	0	1.00152440500046	11979.7744248175	0	NA	NA	NA	NA	NA	NA	NA	NA
934	3	3	exact_null_point_mass	exact_null_point_mass	point_mass	0	none	no_benefit	0	0	NA	0	0	1000	360	600	1000	1000	360	750	0.64	0.25	6.22298490798515	24	24	0	2	1	10	4	1	5000	2500	1	0.99	14	10000	101933	0.6674	0.8796	1.16941605987243	-4.02958515217128	1.2103156011442	6.21590157727184	10.2454867294431	0.643021227717888	-0.441997423104121	0.643596497501824	1.71489513022424	2.15689255332836	0.64003381948848	1.77171005843457	-9.49420448287238	1.68204557685878	12.4993652848857	21.9935697677581	0.0538	0.6009	0.302803966236718	-1.87684451701334	0.257202293527961	2.77489242963618	4.65173694664953	0	NA	NA	NA	NA	NA	NA	1	1.16941605987243	1.36753392108756	1	0.643021227717888	0.41347629929582	1	1.77171005843457	3.13895653115823	1	0.302803966236718	0.0916902419686873	1.00146482173638	4515.19646582733	0	1.00174358164548	13174.5536057624	0	NA	NA	NA	NA	NA	NA	NA	NA
895	3	3	exact_null_point_mass	exact_null_point_mass	point_mass	0	none	no_benefit	0	0	NA	0	0	1000	360	600	1000	1000	360	746	0.64	0.254	6.48011981011608	24	24	0	2	1	10	4	1	5000	2500	1	0.99	14	10000	101894	0.478	0.1669	-0.133031443824757	-5.39635357058238	-0.138216385159939	5.17512803729675	10.5714816078791	-0.548709798990176	-1.67475528612267	-0.551207523184687	0.566042877030601	2.24079816315327	0.464988706034205	-0.483096311034324	-11.7716701026888	-0.407848012222569	10.8530848426576	22.6247549453464	0.0703	0.2953	-0.655587093067187	-3.0331067577273	-0.618211762589109	1.53933097974739	4.57243773747469	0	NA	NA	NA	NA	NA	NA	1	-0.133031443824757	0.0176973650460995	1	-0.548709798990176	0.30108244350784	1	-0.483096311034324	0.233382045734973	1	-0.655587093067187	0.429794436596285	1.00161740402063	4406.79134282274	0	1.00184207331099	10776.3117189594	0	NA	NA	NA	NA	NA	NA	NA	NA
937	3	3	exact_null_point_mass	exact_null_point_mass	point_mass	0	none	no_benefit	0	0	NA	0	0	1000	360	600	1000	1000	360	752	0.64	0.248	6.24182130722945	24	24	0	2	1	10	4	1	5000	2500	1	0.99	14	10000	101936	0.5453	0.605	0.297088735243353	-4.84635777019315	0.313052323196348	5.4496449350087	10.2960027052019	0.137841751568366	-0.938713397052806	0.144995579532083	1.19880294991294	2.13751634696575	0.537537218205019	0.491477556815112	-10.6392501213171	0.450948366569647	11.5556348260344	22.1948849473516	0.0596	0.5529	0.198853524416414	-1.64727107079132	0.124913556386512	2.20697866781489	3.85424973860621	0	NA	NA	NA	NA	NA	NA	1	0.297088735243353	0.0882617166084948	1	0.137841751568366	0.0190003484754351	1	0.491477556815112	0.241550188852952	1	0.198853524416414	0.0395427241728295	1.00120362950061	4289.43783701915	0	1.00278590855395	12651.8845678673	0	NA	NA	NA	NA	NA	NA	NA	NA
935	3	3	exact_null_point_mass	exact_null_point_mass	point_mass	0	none	no_benefit	0	0	NA	0	0	1000	360	600	1000	1000	360	735	0.64	0.265	6.18534274795823	24	24	0	2	1	10	4	1	5000	2500	1	0.99	14	10000	101934	0.5441	0.7821	0.325106198404495	-4.83422024951625	0.301326542936954	5.51210483873847	10.3463250882547	0.430976131935075	-0.662676249172376	0.432512757374289	1.52432915706029	2.18700540623266	0.522960273387441	0.306668967545346	-11.0041766564586	0.284661539683082	11.7310346654172	22.7352113218758	0.0636	0.688	0.541362238531157	-1.78760537394974	0.556403330730273	2.72884891487261	4.51645428882235	0	NA	NA	NA	NA	NA	NA	1	0.325106198404495	0.105694040241023	1	0.430976131935075	0.185740426297719	1	0.306668967545346	0.0940458556553282	1	0.541362238531157	0.293073073307466	1.00124673441459	3855.19111260226	0	1.00160723470424	12101.1314682855	0	NA	NA	NA	NA	NA	NA	NA	NA
962	3	3	exact_null_point_mass	exact_null_point_mass	point_mass	0	none	no_benefit	0	0	NA	0	0	1000	360	600	1000	1000	360	757	0.64	0.243	5.78358983383148	24	24	0	2	1	10	4	1	5000	2500	1	0.99	14	10000	101961	0.5377	0.6049	0.260724893147125	-5.42935601377006	0.290449815766112	5.77350052435725	11.2028565381273	0.150652883142812	-0.930593144395266	0.140789681666106	1.21534134042438	2.14593448481965	0.518263631551085	0.206508695633855	-11.7656025267102	0.269263665156656	11.7820678943405	23.5476704210507	0.0555	0.5364	0.0812989028905457	-1.67052943351211	0.0756681705090756	1.87478308992665	3.54531252343876	0	NA	NA	NA	NA	NA	NA	1	0.260724893147125	0.0679774699065795	1	0.150652883142812	0.0226962911992419	1	0.206508695633855	0.0426458413723961	1	0.0812989028905457	0.00660951161120639	1.00131215479352	4291.7647629084	0	1.00118109546736	10838.7276973811	0	NA	NA	NA	NA	NA	NA	NA	NA
963	3	3	exact_null_point_mass	exact_null_point_mass	point_mass	0	none	no_benefit	0	0	NA	0	0	1000	360	600	1000	1000	360	747	0.64	0.253	6.00777442331225	24	24	0	2	1	10	4	1	5000	2500	1	0.99	14	10000	101962	0.6165	0.1178	0.812201680572206	-4.68321856029172	0.844326517471744	5.98294134997506	10.6661599102668	-0.675500898081769	-1.79105252018894	-0.680019273062296	0.425430836976823	2.21648335716576	0.679074131998749	2.09928943150081	-9.69426950631635	2.03217754959464	13.4091105835613	23.1033800898777	0.0409	0.0764	-1.91841363965963	-4.1863604852218	-1.99595046962763	0.72896074993799	4.91532123515979	0	NA	NA	NA	NA	NA	NA	1	0.812201680572206	0.659671569924316	1	-0.675500898081769	0.456301463309277	1	2.09928943150081	4.40701611721099	1	-1.91841363965963	3.68031089283211	1.00252828428666	4412.88812967154	0	1.0011960216106	9372.68900306376	0	NA	NA	NA	NA	NA	NA	NA	NA
964	3	3	exact_null_point_mass	exact_null_point_mass	point_mass	0	none	no_benefit	0	0	NA	0	0	1000	360	600	1000	1000	360	745	0.64	0.255	6.65085552276449	24	24	0	2	1	10	4	1	5000	2500	1	0.99	14	10000	101963	0.5261	0.5806	0.112072948206662	-5.17796980534416	0.181627138204129	5.27806348920537	10.4560332945495	0.108343533229949	-0.976419725067374	0.11053505181337	1.16144124333511	2.13786096840249	0.521285745001075	0.234422679051749	-11.0740343983908	0.272029490847069	11.367749491923	22.4417838903138	0.0698	0.7802	0.785331761878575	-1.31372915805605	0.841162959400456	2.69364849641364	4.00737765446968	0	NA	NA	NA	NA	NA	NA	1	0.112072948206662	0.0125603457197331	1	0.108343533229949	0.011738321192749	1	0.234422679051749	0.0549539924537991	1	0.785331761878575	0.616745976215307	1.00183545480383	4357.87852433097	0	1.00135582911478	15547.4630011544	0	NA	NA	NA	NA	NA	NA	NA	NA
965	3	3	exact_null_point_mass	exact_null_point_mass	point_mass	0	none	no_benefit	0	0	NA	0	0	1000	360	600	1000	1000	360	770	0.64	0.23	5.79663682594063	24	24	0	2	1	10	4	1	5000	2500	1	0.99	14	10000	101964	0.5612	0.8391	0.430392318381139	-5.27664542879012	0.476043989162881	5.95055985389616	11.2272052826863	0.545561323191915	-0.535614201172758	0.544176505713594	1.63113420148697	2.16674840265973	0.531835999576226	0.476944159871295	-11.5310479179175	0.451383248221422	12.4754320111588	24.0064799290764	0.0561	0.7902	0.812570304404834	-1.1829340577796	0.787014527715148	2.83083407965305	4.01376813743266	0	NA	NA	NA	NA	NA	NA	1	0.430392318381139	0.185237547721491	1	0.545561323191915	0.297637157362913	1	0.476944159871295	0.227475731635336	1	0.812570304404834	0.660270499600564	1.00178981043525	4105.21274889176	0	1.00178838549663	12743.579672197	0	NA	NA	NA	NA	NA	NA	NA	NA
